
 Significant contributions to pK of each site from neighbouring groups. 
 The site of interest is listed first, list of neighbours with strong contributions follow. 
 The first number is the background contribution from non-titratable groups; 
 The last one is the interaction with other titratable groups. 

SITE:  TYR-  28
  23   GLN   -0.208596   0
  26   VAL   0.206032   0
  27   TRP   0.216292   0
  29   GLY   -0.371572   0
  30   GLU   0.163525   0.744306
  39   ARG   -0.0541668   -0.145647
  41   ASN   0.0544468   0
  43   GLU   -0.067949   0.182021
  44   TYR   0.0506562   0.607252
  47   PRO   0.238068   0
  48   PRO   -0.354143   0
  49   LYS   0.626835   -0.66199
  50   PRO   0.435548   0
  51   LEU   -0.350822   0
  52   PRO   -0.237576   0
  53   LYS   -0.079626   -0.120202
  54   ASP   -0.223122   0.285597
  56   TYR   0.0145916   0.237123
  57   ASP   -0.0251014   0.108975
  61   GLU   -0.0440107   0.133168
  73   LEU   0.322217   0
  75   CYX   0.51851   0
  76   ASP   -0.723969   2.22627
  77   VAL   -0.124213   0
  78   ARG   -0.29009   -0.20741
  79   GLN   -0.0783138   0
 110   GLU   0.0544081   0.17408
 112   THR   0.109535   0
 129   TYR   0.0296284   0.131843
 131   ASP   0.0149085   0.153325
 138   LYS   -0.0305378   -0.290404
 146   TYR   -0.00525051   0.159143
SITE:  GLU-  30
  26   VAL   0.10017   0
  27   TRP   0.282251   0
  28   TYR   -0.075268   0.744306
  29   GLY   -0.391298   0
  31   CYX   -0.253876   0
  32   GLY   0.352126   0
  37   ASP   0.156646   0.417502
  38   LYS   -0.104813   -0.38359
  39   ARG   -0.609884   -0.808905
  40   TYR   0.276708   0.242944
  41   ASN   -0.218464   0
  43   GLU   -0.0539148   0.210167
  44   TYR   0.0637569   0.19534
  49   LYS   0.0531053   -0.120875
  54   ASP   -0.0855866   0.177464
  61   GLU   -0.0349902   0.164195
  75   CYX   -0.14137   0
  76   ASP   -0.211104   1.50094
  77   VAL   -0.0104736   0
  78   ARG   -0.932305   -0.915265
  79   GLN   -1.18874   0
  81   GLN   0.0206251   0
  82   THR   -0.56153   0
  84   LYS   -0.0602495   -0.173682
  85   ASP   -0.197927   0.375772
  86   ASN   -0.246918   0
 110   GLU   0.0208838   0.189504
 127   GLU   0.074768   0.178759
 129   TYR   0.0620884   0.440253
 131   ASP   -0.00160456   0.290399
 138   LYS   -0.00640709   -0.441478
 140   ASN   -0.261755   0
 141   VAL   0.0575206   0
 142   LYS   0.0422106   -0.116307
 143   GLU   -0.0104055   0.130399
 146   TYR   -0.00924488   0.205915
 196   LYS   -0.0101399   -0.176245
 202   PRO   -0.154849   0
SITE:  TYR-  35
  36   GLY   -0.178726   0
  37   ASP   -0.0432066   0.363582
  38   LYS   -0.120531   -0.627753
  39   ARG   0.0516981   -0.130526
  40   TYR   0.0500821   0.573359
  85   ASP   -0.00191346   0.119057
 127   GLU   0.0373446   0.133116
 142   LYS   0.0420701   -0.257808
 143   GLU   0.0125702   0.154849
 192   TYR   0.0494982   0.18686
 196   LYS   0.596374   -2.98888
 197   ASP   0.0564016   0.404634
 199   GLY   -0.0012114   0
 201   ALA   0.308972   0
 202   PRO   0.21794   0
SITE:  ASP-  37
  30   GLU   -0.092987   0.417502
  32   GLY   0.125444   0
  33   ILE   -0.215086   0
  34   ALA   -0.260988   0
  35   TYR   0.440126   0.363582
  36   GLY   -0.0487539   0
  38   LYS   -0.795904   -2.87339
  39   ARG   0.213567   -0.762202
  40   TYR   0.0844794   0.282951
  61   GLU   -0.00192911   0.100667
  76   ASP   0.00572561   0.142024
  78   ARG   0.22149   -0.504275
  82   THR   0.207992   0
  84   LYS   -0.0184682   -0.153303
  85   ASP   -0.00761624   0.932683
  86   ASN   -0.317432   0
  88   GLN   -0.274488   0
 127   GLU   0.0374798   0.100605
 129   TYR   -0.0143261   0.175462
 142   LYS   0.0308905   -0.102205
 146   TYR   -0.00662818   0.113543
 192   TYR   0.0429982   0.120033
 196   LYS   0.044674   -0.470753
 199   GLY   0.190813   0
 200   GLN   0.563809   0
 202   PRO   -0.0855817   0
SITE:  LYS-  38
  30   GLU   -0.134254   0.38359
  32   GLY   0.154313   0
  33   ILE   -0.202982   0
  34   ALA   -0.311062   0
  35   TYR   0.475286   0.627753
  36   GLY   -0.283749   0
  37   ASP   0.726878   2.87339
  39   ARG   0.20906   -0.714874
  40   TYR   0.0758886   0.399104
  61   GLU   -0.00194004   0.103903
  76   ASP   0.00558787   0.138751
  78   ARG   0.124911   -0.323948
  82   THR   0.213046   0
  84   LYS   0.00695472   -0.152337
  85   ASP   -0.0179058   0.787542
  86   ASN   -0.384313   0
  88   GLN   -0.323062   0
  90   PRO   -0.0801291   0
 110   GLU   -0.012531   0.129282
 127   GLU   0.0472974   0.128978
 129   TYR   -0.00703392   0.153112
 142   LYS   0.0478552   -0.143626
 143   GLU   -0.00550701   0.146562
 146   TYR   -0.00974725   0.158533
 191   GLU   0.0340766   0.100442
 192   TYR   0.0886727   0.210149
 196   LYS   0.109539   -0.845424
 197   ASP   -0.0367382   0.173847
 199   GLY   0.720986   0
 200   GLN   1.44753   0
 201   ALA   0.175691   0
 202   PRO   -0.0551823   0
 203   PHE   0.148067   0
SITE:  ARG-  39
  28   TYR   0.0116415   0.145647
  30   GLU   0.128886   0.808905
  31   CYX   0.189558   0
  32   GLY   0.416696   0
  33   ILE   -0.260304   0
  34   ALA   -0.187779   0
  35   TYR   0.102013   0.130526
  36   GLY   0.195334   0
  37   ASP   0.245819   0.762202
  38   LYS   0.790307   -0.714874
  40   TYR   0.0317116   0.282673
  76   ASP   -0.0102797   0.272983
  78   ARG   0.345732   -1.07243
  81   GLN   0.144089   0
  85   ASP   -0.11663   0.394415
 127   GLU   0.04969   0.13536
 129   TYR   -0.00144223   0.599419
 131   ASP   -0.0375368   0.228914
 138   LYS   0.0267657   -0.233007
 142   LYS   0.0224495   -0.102088
 196   LYS   -5.09735e-05   -0.220819
 202   PRO   -0.0658044   0
SITE:  TYR-  40
  30   GLU   -0.147238   0.242944
  32   GLY   -0.201717   0
  34   ALA   -0.442736   0
  35   TYR   0.332622   0.573359
  37   ASP   -0.00783662   0.282951
  38   LYS   0.17067   -0.399104
  39   ARG   0.108075   -0.282673
  43   GLU   -0.0456637   0.165666
  78   ARG   0.0221034   -0.103349
  85   ASP   -0.0276754   0.119081
 127   GLU   0.384327   1.0073
 128   ASP   0.0507015   0.156785
 129   TYR   -0.0920881   0.31994
 131   ASP   -0.00422296   0.130048
 138   LYS   0.0781294   -0.124352
 140   ASN   0.0874823   0
 141   VAL   0.19248   0
 142   LYS   0.027162   -1.62975
 143   GLU   0.0668472   0.500481
 146   TYR   -0.00341706   0.113287
 191   GLU   0.0508627   0.109572
 196   LYS   -0.169103   -1.30873
 197   ASP   -0.0597484   0.18392
 202   PRO   0.765744   0
 203   PHE   -0.263368   0
 204   THR   0.22069   0
SITE:  GLU-  43
  23   GLN   -0.208408   0
  26   VAL   -0.335808   0
  27   TRP   -0.46722   0
  28   TYR   0.108853   0.182021
  29   GLY   0.207198   0
  30   GLU   -0.0779484   0.210167
  40   TYR   -0.0340512   0.165666
  41   ASN   0.179999   0
  42   CYX   -0.179823   0
  44   TYR   -0.356014   0.283886
  46   GLY   0.0790964   0
  76   ASP   -0.0217021   0.14197
 122   ASN   0.0752846   0
 123   VAL   -0.248962   0
 126   THR   -1.43668   0
 127   GLU   0.14699   0.457839
 128   ASP   -0.057851   0.371118
 129   TYR   0.0198531   0.14114
 131   ASP   0.0209737   0.16909
 138   LYS   -0.142456   -0.298973
 139   THR   0.028895   0
 140   ASN   -0.0622381   0
 141   VAL   -0.123356   0
 142   LYS   -0.0761613   -0.179547
 143   GLU   0.0787532   0.216433
 146   TYR   -0.0082935   0.130312
 147   TYR   -0.0216607   0.175781
SITE:  TYR-  44
  23   GLN   -0.377268   0
  24   SER   -0.313442   0
  25   CYX   0.147025   0
  26   VAL   0.0552072   0
  28   TYR   -0.110432   0.607252
  29   GLY   0.0614588   0
  30   GLU   0.00762529   0.19534
  43   GLU   -0.128611   0.283886
  45   SER   -0.437338   0
  46   GLY   -1.23306   0
  47   PRO   2.03646   0
  48   PRO   -0.0423098   0
  49   LYS   -0.21403   -0.610494
  50   PRO   0.0803046   0
  76   ASP   -0.0415226   0.277064
 131   ASP   0.0148946   0.112479
 138   LYS   -0.0622601   -0.223252
SITE:  LYS-  49
  23   GLN   -0.20679   0
  28   TYR   -0.0784934   0.66199
  30   GLU   0.0193877   0.120875
  44   TYR   -0.0601243   0.610494
  47   PRO   0.107958   0
  48   PRO   0.0181279   0
  50   PRO   -0.599794   0
  51   LEU   0.152724   0
  52   PRO   -0.0437531   0
  53   LYS   -0.050022   -0.123214
  54   ASP   -0.0735901   0.104456
  56   TYR   -0.0141745   0.23154
  73   LEU   0.418672   0
  76   ASP   -0.0301148   0.285719
SITE:  LYS-  53
  28   TYR   -0.00762148   0.120202
  49   LYS   0.018129   -0.123214
  52   PRO   0.000516976   0
  54   ASP   -0.568626   0.422131
  56   TYR   0.0562574   0.720753
  57   ASP   -0.0225515   0.154289
  76   ASP   -0.0110913   0.103732
 978   ARG   0.024057   -0.114533
SITE:  ASP-  54
  28   TYR   -0.00970364   0.285597
  30   GLU   0.0388682   0.177464
  49   LYS   0.0463755   -0.104456
  51   LEU   -0.179084   0
  52   PRO   0.0482079   0
  53   LYS   0.522269   -0.422131
  55   GLY   -0.707014   0
  56   TYR   -0.0751456   0.344596
  57   ASP   -0.202194   0.438955
  58   LEU   -0.172121   0
  61   GLU   -0.068739   0.232233
  76   ASP   -0.0342761   0.421895
  77   VAL   -0.179613   0
  78   ARG   -0.0396234   -0.188041
  84   LYS   -0.041518   -0.172123
 958   ARG   -0.00512978   -0.116271
 973   ASP   0.0158289   0.113421
 978   ARG   0.0368186   -0.250702
SITE:  TYR-  56
  28   TYR   -0.00738835   0.237123
  49   LYS   0.0499468   -0.23154
  50   PRO   -0.224153   0
  51   LEU   0.198336   0
  52   PRO   -0.155331   0
  53   LYS   -0.555174   -0.720753
  54   ASP   -0.0402018   0.344596
  55   GLY   0.0546406   0
  57   ASP   -0.0995618   0.328461
  59   VAL   -0.15573   0
  60   GLN   -0.202878   0
  61   GLU   -0.0647759   0.146451
  67   PHE   -0.177164   0
  69   GLY   -0.241184   0
  70   ASN   -0.110552   0
  71   VAL   -0.352178   0
  72   SER   -0.171868   0
  76   ASP   -0.0134402   0.198075
 978   ARG   0.0340759   -0.203556
 987   LYS   -0.00342733   -0.14326
SITE:  ASP-  57
  28   TYR   -0.0030624   0.108975
  53   LYS   0.0733596   -0.154289
  54   ASP   0.289914   0.438955
  55   GLY   0.0405306   0
  56   TYR   0.144146   0.328461
  58   LEU   -0.43594   0
  59   VAL   -0.227434   0
  60   GLN   -0.586132   0
  61   GLU   -0.403954   0.958764
  64   PRO   -0.0163694   0
  76   ASP   0.0149666   0.156134
  84   LYS   -0.0432474   -0.513351
  85   ASP   -0.0265984   0.104528
 102   TYR   0.00720104   0.132937
 110   GLU   -0.00649833   0.100193
 232   ASP   0.00840956   0.169154
 948   ASP   0.0298136   0.111641
 951   LYS   0.0227826   -0.180751
 952   PRO   0.0995112   0
 958   ARG   -0.0238035   -0.494093
 973   ASP   0.00563397   0.294462
 978   ARG   0.941735   -2.56415
 980   ARG   0.103755   -0.1667
 982   LEU   -0.0387242   0
 985   GLU   -0.00709621   0.111513
 987   LYS   0.000606454   -0.450904
SITE:  GLU-  61
  28   TYR   -0.00838485   0.133168
  30   GLU   0.00742027   0.164195
  37   ASP   0.0166167   0.100667
  38   LYS   -0.024319   -0.103903
  54   ASP   0.0334699   0.232233
  55   GLY   0.164613   0
  56   TYR   0.178671   0.146451
  57   ASP   0.271446   0.958764
  58   LEU   0.357398   0
  59   VAL   0.106604   0
  62   LEU   -0.603036   0
  64   PRO   -0.0791185   0
  76   ASP   0.0547455   0.204328
  77   VAL   0.134401   0
  78   ARG   0.0731438   -0.173579
  80   LEU   0.153233   0
  81   GLN   -0.0575201   0
  84   LYS   -0.215459   -2.88453
  85   ASP   -0.0533721   0.306323
  96   ARG   0.00379102   -0.117713
  98   PRO   0.0398334   0
 102   TYR   0.0316841   0.283965
 110   GLU   -0.0284686   0.227364
 146   TYR   -0.0112332   0.165045
 232   ASP   0.00972401   0.300982
 515   TYR   0.000221841   0.102701
 946   TYR   0.0358832   0.100554
 948   ASP   0.0625865   0.201774
 951   LYS   0.0222398   -0.34351
 952   PRO   0.145723   0
 953   GLN   -0.0166485   0
 958   ARG   0.0732581   -0.486186
 973   ASP   0.0214876   0.272476
 978   ARG   -0.219022   -0.531082
 980   ARG   0.0323588   -0.124529
 987   LYS   0.000281661   -0.573045
1005   ASP   0.0101402   0.13275
1010   LYS   0.0379802   -0.140156
SITE:  ASP-  76
  26   VAL   0.149654   0
  27   TRP   0.243382   0
  28   TYR   0.14539   2.22627
  29   GLY   -0.432704   0
  30   GLU   0.434103   1.50094
  37   ASP   0.0445958   0.142024
  38   LYS   -0.0322198   -0.138751
  39   ARG   -0.107567   -0.272983
  41   ASN   0.0348664   0
  43   GLU   -0.0430365   0.14197
  44   TYR   0.0476356   0.277064
  49   LYS   0.210127   -0.285719
  50   PRO   0.121367   0
  51   LEU   -0.32574   0
  52   PRO   -0.284554   0
  53   LYS   -0.080122   -0.103732
  54   ASP   -0.2762   0.421895
  55   GLY   -0.036112   0
  56   TYR   0.0399513   0.198075
  57   ASP   -0.0439922   0.156134
  61   GLU   -0.0678592   0.204328
  75   CYX   -0.160274   0
  77   VAL   -1.02223   0
  78   ARG   -1.07677   -0.435838
  79   GLN   -0.718578   0
  80   LEU   -0.375876   0
  82   THR   -0.235198   0
  84   LYS   -0.0771395   -0.166812
  85   ASP   -0.101709   0.178336
 110   GLU   0.0384322   0.178341
 129   TYR   0.0318832   0.182678
 131   ASP   0.0103424   0.170367
 138   LYS   -0.0205361   -0.293881
 146   TYR   -0.00686096   0.16515
SITE:  ARG-  78
  28   TYR   -0.0026504   0.20741
  30   GLU   0.162965   0.915265
  32   GLY   0.131908   0
  37   ASP   0.0278156   0.504275
  38   LYS   -0.0404617   -0.323948
  39   ARG   0.0837179   -1.07243
  40   TYR   0.0584636   0.103349
  54   ASP   -0.0317772   0.188041
  61   GLU   -0.0141925   0.173579
  76   ASP   0.047018   0.435838
  77   VAL   0.133153   0
  79   GLN   -0.23446   0
  81   GLN   0.657728   0
  82   THR   -0.220556   0
  84   LYS   -0.107863   -0.209784
  85   ASP   -0.22412   0.591623
  86   ASN   -0.168953   0
 129   TYR   0.0132896   0.197899
 131   ASP   -0.00829068   0.107246
 138   LYS   0.00251562   -0.132952
 196   LYS   0.00267984   -0.103133
SITE:  LYS-  84
  30   GLU   0.00181807   0.173682
  37   ASP   0.0145737   0.153303
  38   LYS   -0.0275921   -0.152337
  54   ASP   0.0282525   0.172123
  55   GLY   0.054488   0
  57   ASP   -0.0459288   0.513351
  58   LEU   0.0462492   0
  61   GLU   0.965038   2.88453
  62   LEU   -0.0562973   0
  76   ASP   0.0449292   0.166812
  77   VAL   0.134955   0
  78   ARG   0.098091   -0.209784
  80   LEU   0.287209   0
  81   GLN   -0.0206597   0
  85   ASP   -0.680981   0.635033
  87   LEU   -0.131519   0
  90   PRO   -0.0516427   0
  96   ARG   -0.00482579   -0.121197
 102   TYR   0.023863   0.177021
 110   GLU   -0.0222798   0.16641
 146   TYR   -0.0119009   0.135108
 232   ASP   0.00114524   0.18719
 515   TYR   0.000815087   0.126208
 948   ASP   0.05662   0.174775
 951   LYS   0.0358068   -0.294589
 952   PRO   0.10927   0
 953   GLN   0.0358851   0
 958   ARG   0.091314   -0.440802
 973   ASP   0.0345199   0.277517
 978   ARG   -0.156011   -0.338888
 987   LYS   0.0107099   -0.313268
1005   ASP   0.0108265   0.129845
1010   LYS   0.0510752   -0.187993
SITE:  ASP-  85
  30   GLU   -0.0474268   0.375772
  35   TYR   0.0640172   0.119057
  37   ASP   0.0396086   0.932683
  38   LYS   -0.0874155   -0.787542
  39   ARG   0.00578235   -0.394415
  40   TYR   0.0231464   0.119081
  57   ASP   -0.0149962   0.104528
  61   GLU   0.018683   0.306323
  76   ASP   0.0205112   0.178336
  78   ARG   0.262783   -0.591623
  79   GLN   0.124069   0
  80   LEU   0.176248   0
  81   GLN   0.449064   0
  82   THR   0.708395   0
  83   LEU   0.294714   0
  84   LYS   0.482727   -0.635033
  86   ASN   -0.79763   0
  87   LEU   -0.176735   0
  88   GLN   -0.641424   0
  90   PRO   -0.0961833   0
 110   GLU   -0.0139492   0.131747
 146   TYR   -0.0110195   0.138962
 192   TYR   0.0344668   0.112845
 196   LYS   0.013203   -0.180316
 200   GLN   0.30117   0
 202   PRO   -0.101077   0
 530   HIS   -0.0155669   -0.138168
SITE:  ARG-  96
  61   GLU   0.021616   0.117713
  84   LYS   0.0241451   -0.121197
  90   PRO   0.126847   0
  91   LEU   0.183885   0
  92   GLN   0.259121   0
  93   PHE   0.267468   0
  94   LEU   0.158366   0
  95   SER   -0.185287   0
  97   CYX   -0.2922   0
  98   PRO   -0.027298   0
 102   TYR   -0.0316872   0.102655
 157   TYR   0.0413746   0.10497
 161   ARG   -0.0213779   -0.119345
 162   ASP   -0.0538605   0.28388
 163   VAL   -0.231146   0
 164   GLU   0.166423   1.38366
 166   PRO   -0.211182   0
 168   SER   0.259251   0
 170   ASP   0.118605   0.235315
 171   LYS   -0.0617612   -0.235411
 232   ASP   0.00354679   0.123784
 237   PRO   0.10876   0
 238   CYX   -0.192193   0
 239   SER   -0.196788   0
 241   GLN   0.665834   0
 242   ASP   0.547868   2.04922
 420   TYR   0.015791   0.109841
 487   TYR   -0.0113259   0.286907
 512   HIS   0.069056   -0.206487
 515   TYR   0.0620546   0.790285
 518   ARG   -0.213302   -1.036
 520   PRO   -0.0362628   0
 524   ASN   0.164284   0
 525   ASP   0.0831714   0.269293
 530   HIS   -0.0562866   -0.12405
 550   TYR   -0.0231862   0.160505
 555   TYR   -0.0701932   0.35596
 944   ASP   -0.0279004   0.219923
 945   ASP   0.0379468   0.313475
 948   ASP   0.0322041   0.368596
 951   LYS   0.00256688   -0.370119
 987   LYS   0.0242675   -0.102054
 989   ARG   -0.0456025   -0.113206
1005   ASP   0.0143169   0.119365
1013   LYS   -0.0404529   -0.279852
1019   TYR   -0.0191055   0.249942
1041   TYR   0.00605322   0.122212
SITE:  TYR- 102
  57   ASP   0.0608326   0.132937
  59   VAL   0.125156   0
  60   GLN   0.262016   0
  61   GLU   0.0450211   0.283965
  62   LEU   0.212131   0
  63   CYX   -0.265694   0
  64   PRO   -0.205424   0
  65   GLY   -0.212856   0
  84   LYS   0.00280918   -0.177021
  96   ARG   -0.0078687   -0.102655
  98   PRO   0.175677   0
  99   SER   0.344065   0
 103   ASN   0.533873   0
 105   LEU   -0.19463   0
 106   ASN   -0.347166   0
 110   GLU   -0.052728   0.669234
 116   ARG   -0.0741972   -0.138814
 146   TYR   -0.0338266   0.366951
 222   ASN   -0.319544   0
 223   ALA   0.718824   0
 224   THR   -0.152659   0
 225   LYS   -0.08737   -0.963539
 226   GLY   0.15269   0
 228   ASP   -0.0400036   0.11327
 229   GLU   0.0643924   0.31453
 231   VAL   0.172216   0
 232   ASP   -0.00380021   0.889516
 233   GLU   -0.115427   0.222955
 242   ASP   0.008014   0.124309
 948   ASP   0.037292   0.15174
 951   LYS   -0.0333041   -0.22956
 987   LYS   -0.0152116   -0.569827
 989   ARG   -0.0297377   -0.120101
SITE:  GLU- 110
  23   GLN   -0.316592   0
  28   TYR   -0.0182181   0.17408
  30   GLU   -0.0162493   0.189504
  38   LYS   -0.0374978   -0.129282
  57   ASP   0.0246931   0.100193
  59   VAL   0.0998268   0
  61   GLU   -0.0221232   0.227364
  64   PRO   -0.0516318   0
  65   GLY   -0.162556   0
  76   ASP   0.0241826   0.178341
  84   LYS   -0.000973591   -0.16641
  85   ASP   -0.0422472   0.131747
  98   PRO   0.0961346   0
  99   SER   0.151717   0
 100   CYX   0.1707   0
 101   PHE   0.165675   0
 102   TYR   0.274954   0.669234
 103   ASN   0.601872   0
 104   LEU   0.349702   0
 105   LEU   0.338082   0
 106   ASN   0.751034   0
 107   LEU   0.67186   0
 109   CYX   0.00712936   0
 111   LEU   -0.7033   0
 112   THR   -0.476906   0
 113   CYX   -0.274873   0
 114   SER   -0.700282   0
 115   PRO   -0.0932635   0
 116   ARG   -0.304198   -0.442327
 117   GLN   -0.198127   0
 120   PHE   0.189178   0
 143   GLU   -0.0400911   0.153382
 146   TYR   -0.34719   3.99855
 147   TYR   0.349848   0.270625
 148   VAL   -0.298735   0
 149   GLY   0.0645865   0
 156   MET   -0.232636   0
 157   TYR   -0.029243   0.130256
 191   GLU   0.0368944   0.177302
 207   PRO   -0.156332   0
 208   VAL   0.123362   0
 210   SER   0.151478   0
 211   ASP   0.0499962   0.313323
 218   GLU   0.0107457   0.363973
 219   PRO   -0.312666   0
 220   MET   0.110201   0
 221   ASN   -0.815426   0
 222   ASN   0.407654   0
 223   ALA   0.393887   0
 224   THR   -0.158492   0
 225   LYS   0.0570544   -0.238215
 229   GLU   0.0327922   0.109458
 232   ASP   0.00431246   0.209106
 987   LYS   -0.00536489   -0.197605
SITE:  ARG- 116
  23   GLN   -1.13306   0
 102   TYR   0.0286402   0.138814
 110   GLU   0.0065133   0.442327
 115   PRO   -0.0306671   0
 117   GLN   -0.188475   0
 119   GLN   -0.139551   0
 146   TYR   -0.0121382   0.365511
 147   TYR   0.0498432   0.141619
 211   ASP   0.0282042   0.119474
 218   GLU   0.161982   0.733238
 219   PRO   0.117942   0
 222   ASN   0.142979   0
SITE:  GLU- 127
  30   GLU   -0.127255   0.178759
  32   GLY   -0.234768   0
  35   TYR   0.0714304   0.133116
  37   ASP   0.0122105   0.100605
  38   LYS   0.0537013   -0.128978
  39   ARG   -0.130325   -0.13536
  40   TYR   -0.249084   1.0073
  41   ASN   0.217097   0
  43   GLU   -0.0794184   0.457839
 126   THR   -0.611192   0
 128   ASP   -0.385868   0.702876
 129   TYR   -0.0654308   0.356095
 131   ASP   0.0129032   0.212697
 137   THR   -0.176367   0
 138   LYS   0.267266   -0.222917
 139   THR   -0.417307   0
 140   ASN   0.489573   0
 141   VAL   -0.0996692   0
 142   LYS   -0.599533   -1.34856
 143   GLU   0.0531061   0.415081
 196   LYS   -0.0557198   -0.265537
 202   PRO   0.0585166   0
SITE:  ASP- 128
  40   TYR   -0.0209921   0.156785
  43   GLU   0.0187668   0.371118
 127   GLU   -0.555988   0.702876
 129   TYR   -0.24037   0.212105
 131   ASP   -0.0165919   0.279965
 137   THR   -1.09408   0
 138   LYS   0.297312   -0.294205
 139   THR   -0.0222939   0
 142   LYS   -0.0525639   -0.174794
SITE:  TYR- 129
  28   TYR   0.067148   0.131843
  30   GLU   -0.13739   0.440253
  31   CYX   0.660274   0
  32   GLY   -0.155   0
  33   ILE   0.175272   0
  37   ASP   0.0132192   0.175462
  38   LYS   0.136524   -0.153112
  39   ARG   -0.502425   -0.599419
  40   TYR   0.164364   0.31994
  43   GLU   -0.00893426   0.14114
  76   ASP   -0.00118663   0.182678
  78   ARG   -0.0402832   -0.197899
 127   GLU   0.109729   0.356095
 128   ASP   -0.125614   0.212105
 130   VAL   0.556243   0
 131   ASP   -0.343343   1.31462
 132   PRO   -0.370265   0
 133   VAL   -0.179784   0
 134   THR   -0.172193   0
 136   GLN   0.0946662   0
 137   THR   -0.168545   0
 138   LYS   0.116373   -0.815023
 142   LYS   -0.00863153   -0.166274
 196   LYS   -0.00645186   -0.125082
SITE:  ASP- 131
  28   TYR   0.0785612   0.153325
  30   GLU   -0.0715857   0.290399
  32   GLY   0.0200491   0
  39   ARG   -0.159967   -0.228914
  40   TYR   0.0899383   0.130048
  43   GLU   0.0308858   0.16909
  44   TYR   0.0178612   0.112479
  76   ASP   -0.00671391   0.170367
  78   ARG   -0.0459545   -0.107246
 127   GLU   0.0552288   0.212697
 128   ASP   -0.233706   0.279965
 129   TYR   0.84112   1.31462
 130   VAL   -0.00480981   0
 132   PRO   -0.685217   0
 133   VAL   -0.728862   0
 134   THR   -0.853484   0
 135   ASN   -0.614848   0
 136   GLN   -0.555759   0
 137   THR   -0.185533   0
 138   LYS   0.0651956   -3.31015
SITE:  LYS- 138
  28   TYR   0.178228   0.290404
  29   GLY   -0.0341331   0
  30   GLU   -0.105004   0.441478
  31   CYX   -0.240816   0
  32   GLY   0.0473079   0
  39   ARG   -0.197057   -0.233007
  40   TYR   0.123335   0.124352
  42   CYX   -0.133685   0
  43   GLU   0.072374   0.298973
  44   TYR   0.0308146   0.223252
  76   ASP   -0.016508   0.293881
  78   ARG   -0.0915076   -0.132952
 127   GLU   0.0957065   0.222917
 128   ASP   -0.269475   0.294205
 129   TYR   0.34337   0.815023
 131   ASP   1.07925   3.31015
 132   PRO   -0.075712   0
 133   VAL   -0.219872   0
 134   THR   -0.169014   0
 135   ASN   -0.138964   0
 136   GLN   -1.31963   0
 140   ASN   -0.239082   0
SITE:  LYS- 142
  30   GLU   -0.0698838   0.116307
  35   TYR   0.0940086   0.257808
  37   ASP   0.00249597   0.102205
  38   LYS   0.0270074   -0.143626
  39   ARG   -0.0407625   -0.102088
  40   TYR   -0.26591   1.62975
  43   GLU   -0.0478514   0.179547
 125   ALA   0.172699   0
 127   GLU   0.379428   1.34856
 128   ASP   0.0604233   0.174794
 129   TYR   -0.0569868   0.166274
 141   VAL   0.0309898   0
 143   GLU   -0.387521   0.693804
 196   LYS   -0.101352   -0.496149
 197   ASP   -0.0462282   0.12466
 202   PRO   0.126978   0
 203   PHE   -0.195989   0
 204   THR   0.169505   0
SITE:  GLU- 143
  30   GLU   -0.0547868   0.130399
  35   TYR   0.0619268   0.154849
  38   LYS   -0.0370154   -0.146562
  40   TYR   0.00660722   0.500481
  43   GLU   -0.0678148   0.216433
 110   GLU   -0.00610861   0.153382
 122   ASN   0.176715   0
 123   VAL   -0.287492   0
 124   THR   -0.669248   0
 127   GLU   0.166547   0.415081
 141   VAL   -0.106388   0
 142   LYS   0.425629   -0.693804
 144   LEU   0.179844   0
 146   TYR   0.0214337   0.274631
 147   TYR   0.00281992   0.27898
 191   GLU   0.206131   0.492533
 192   TYR   0.0484374   0.108421
 194   PHE   0.181766   0
 196   LYS   -0.174939   -0.364497
 197   ASP   -0.140048   0.20419
 202   PRO   -0.00646356   0
 203   PHE   -0.32825   0
 204   THR   0.0958404   0
 205   ILE   -0.355817   0
 206   THR   -0.284972   0
 207   PRO   0.0412356   0
 215   HIS   0.0200136   -0.112138
SITE:  TYR- 146
  23   GLN   -0.318046   0
  27   TRP   0.00736009   0
  28   TYR   -0.0253824   0.159143
  30   GLU   -0.0327311   0.205915
  37   ASP   0.0237744   0.113543
  38   LYS   -0.0492794   -0.158533
  40   TYR   -0.0241154   0.113287
  43   GLU   -0.0733179   0.130312
  61   GLU   -0.0140186   0.165045
  76   ASP   0.00676118   0.16515
  84   LYS   0.00293537   -0.135108
  85   ASP   -0.0474572   0.138962
 102   TYR   0.157475   0.366951
 103   ASN   0.340252   0
 104   LEU   0.308879   0
 105   LEU   0.248662   0
 106   ASN   0.157562   0
 107   LEU   0.68829   0
 108   PHE   0.150176   0
 110   GLU   -0.496751   3.99855
 111   LEU   -0.648574   0
 112   THR   -0.235672   0
 113   CYX   -0.19033   0
 114   SER   -0.414373   0
 115   PRO   -0.0578256   0
 116   ARG   -0.145174   -0.365511
 117   GLN   -0.100857   0
 119   GLN   -0.172033   0
 120   PHE   0.698624   0
 121   LEU   -0.113229   0
 143   GLU   -0.0740694   0.274631
 145   GLN   -0.121441   0
 147   TYR   0.889533   0.528831
 148   VAL   -0.427738   0
 149   GLY   0.170555   0
 150   GLN   0.134894   0
 152   PHE   0.0231304   0
 156   MET   -0.299981   0
 157   TYR   -0.0554588   0.158834
 190   ILE   -0.0413217   0
 191   GLU   0.0751924   0.310169
 192   TYR   -0.00258546   0.117395
 196   LYS   -0.013217   -0.125278
 202   PRO   -0.0893038   0
 205   ILE   -0.125071   0
 206   THR   0.191067   0
 207   PRO   -0.374878   0
 208   VAL   0.281802   0
 209   PHE   -0.207665   0
 210   SER   0.281101   0
 211   ASP   0.0536717   0.41914
 215   HIS   0.0428642   -0.153876
 218   GLU   0.0285557   0.442526
 219   PRO   -0.66331   0
 220   MET   0.668264   0
 221   ASN   -0.413621   0
 222   ASN   0.381794   0
 223   ALA   0.179695   0
 225   LYS   0.0482179   -0.147199
 232   ASP   0.002748   0.125734
 987   LYS   -0.00191475   -0.119233
SITE:  TYR- 147
  23   GLN   -0.260956   0
  43   GLU   -0.055033   0.175781
 110   GLU   -0.000373686   0.270625
 116   ARG   0.031618   -0.141619
 117   GLN   0.179502   0
 118   SER   0.1061   0
 119   GLN   0.178496   0
 121   LEU   -0.341607   0
 122   ASN   -1.00818   0
 123   VAL   0.191565   0
 143   GLU   -0.0761804   0.27898
 144   LEU   -0.242304   0
 145   GLN   -1.04814   0
 146   TYR   0.0365704   0.528831
 191   GLU   0.0450254   0.159205
 206   THR   0.336742   0
 208   VAL   0.0291499   0
 210   SER   0.248636   0
 211   ASP   -0.0449494   0.202889
 212   PHE   0.194241   0
 213   PRO   -0.237888   0
 214   VAL   0.591669   0
 215   HIS   0.434195   -1.78884
 217   MET   0.282701   0
 218   GLU   0.0274325   0.365675
 219   PRO   -0.101262   0
SITE:  TYR- 157
  96   ARG   -0.089439   -0.10497
 110   GLU   -0.00713968   0.130256
 146   TYR   -0.0107131   0.158834
 153   ALA   0.197631   0
 154   ASN   0.0257826   0
 158   ASN   -0.218904   0
 160   CYX   -0.195303   0
 161   ARG   -0.593853   -0.910003
 162   ASP   -0.0649432   0.65439
 163   VAL   0.131404   0
 164   GLU   -0.0355704   0.190089
 170   ASP   -0.0990596   0.24613
 171   LYS   -0.225302   -0.726735
 173   LEU   -0.272206   0
 174   GLY   -0.0381701   0
 179   LYS   0.0251618   -0.263933
 180   ASP   0.164048   0.391788
 181   ALA   0.616445   0
 182   ASP   0.155297   0.599137
 183   ALA   -0.199748   0
 184   CYX   1.48079   0
 185   ASN   0.291018   0
 188   ASN   -0.146312   0
 189   TRP   -0.114531   0
 191   GLU   -0.0868019   0.176766
 192   TYR   -0.068436   0.158324
 242   ASP   0.0424486   0.22693
SITE:  ARG- 161
  96   ARG   -0.0942601   -0.119345
 156   MET   0.224335   0
 157   TYR   0.318512   0.910003
 158   ASN   0.345846   0
 162   ASP   -0.580494   1.46927
 163   VAL   0.0180841   0
 164   GLU   -0.0224181   0.215263
 170   ASP   -0.0284877   0.156223
 171   LYS   -0.142797   -0.763458
 180   ASP   -0.0065971   0.118796
 181   ALA   0.142388   0
 182   ASP   0.0621914   0.252081
 228   ASP   0.00303074   0.252632
 242   ASP   0.067655   0.322904
 243   CYX   -0.102994   0
 244   SER   -0.37407   0
 245   ILE   -0.164055   0
SITE:  ASP- 162
  96   ARG   -0.191758   -0.28388
 156   MET   0.210036   0
 157   TYR   0.33276   0.65439
 158   ASN   0.420684   0
 159   ALA   0.176095   0
 160   CYX   0.157026   0
 161   ARG   -0.167947   -1.46927
 163   VAL   -0.246183   0
 164   GLU   -0.0986314   0.614149
 170   ASP   0.0222926   0.33403
 171   LYS   -0.424311   -2.18866
 172   ALA   -0.177165   0
 173   LEU   -0.1883   0
 180   ASP   -0.0426162   0.144327
 182   ASP   0.00777233   0.250487
 228   ASP   -0.0042335   0.288752
 229   GLU   0.0425496   0.100832
 239   SER   0.28024   0
 240   CYX   0.28105   0
 241   GLN   0.113944   0
 242   ASP   0.135231   0.894178
 243   CYX   -0.659427   0
 244   SER   -1.99482   0
 245   ILE   -0.239664   0
 515   TYR   0.00325178   0.114941
 518   ARG   -0.0151551   -0.225989
SITE:  GLU- 164
  93   PHE   0.163331   0
  96   ARG   -1.02976   -1.38366
 157   TYR   0.0545653   0.190089
 160   CYX   0.158962   0
 161   ARG   -0.0254254   -0.215263
 162   ASP   0.165223   0.614149
 163   VAL   -0.130086   0
 165   ALA   0.697689   0
 166   PRO   -0.0774254   0
 167   SER   -0.198958   0
 168   SER   1.05107   0
 169   ASN   0.405118   0
 170   ASP   0.558754   0.661587
 171   LYS   -0.140312   -0.687194
 172   ALA   -0.201262   0
 180   ASP   -0.062318   0.109483
 182   ASP   -0.0272442   0.120415
 239   SER   0.0315314   0
 241   GLN   -1.72455   0
 242   ASP   0.205632   1.70901
 420   TYR   0.0309932   0.182418
 487   TYR   -0.0022939   0.271581
 510   HIS   0.0462522   -0.108579
 512   HIS   0.0754237   -0.203258
 514   LEU   0.105333   0
 515   TYR   0.0797361   0.514759
 518   ARG   -0.30352   -2.27618
 520   PRO   -0.0285869   0
 525   ASP   0.0880522   0.261355
 530   HIS   -0.0496129   -0.101276
 550   TYR   -0.0438564   0.202383
 552   ASP   -0.0105904   0.115126
 553   GLN   0.25984   0
 555   TYR   -0.148945   0.477543
 944   ASP   -0.0146269   0.102005
 945   ASP   0.0155411   0.1384
 948   ASP   0.00881294   0.140266
 951   LYS   0.00326566   -0.136277
1013   LYS   -0.0164713   -0.137629
1019   TYR   -0.00538752   0.12359
SITE:  ASP- 170
  96   ARG   -0.170118   -0.235315
 157   TYR   0.00694727   0.24613
 161   ARG   0.00704099   -0.156223
 162   ASP   0.0544696   0.33403
 163   VAL   0.170763   0
 164   GLU   -0.477806   0.661587
 166   PRO   0.233306   0
 168   SER   -0.854482   0
 169   ASN   -0.297214   0
 171   LYS   0.00359733   -0.744257
 174   GLY   -0.301356   0
 179   LYS   0.0720812   -0.155952
 180   ASP   -0.346242   0.405846
 181   ALA   -0.193553   0
 182   ASP   -0.125904   0.352622
 192   TYR   0.00642419   0.133523
 242   ASP   -0.000931959   0.325987
 420   TYR   0.082474   0.400171
 422   PRO   -0.118611   0
 423   TYR   -0.0611371   0.127521
 424   PRO   -0.137454   0
 425   SER   0.331534   0
 426   GLY   -0.319864   0
 428   ASP   0.0380618   0.205886
 487   TYR   0.00431465   0.138659
 508   ASP   0.00401979   0.129806
 510   HIS   0.0322418   -0.164446
 512   HIS   0.0537988   -0.186343
 515   TYR   -0.0168348   0.257132
 518   ARG   -0.178787   -0.36536
 525   ASP   0.101587   0.284396
 530   HIS   -0.0503449   -0.108577
 555   TYR   -0.0591148   0.175163
SITE:  LYS- 171
  96   ARG   -0.167883   -0.235411
 157   TYR   0.104602   0.726735
 161   ARG   -0.0667137   -0.763458
 162   ASP   0.800002   2.18866
 163   VAL   0.405582   0
 164   GLU   -0.313894   0.687194
 166   PRO   0.0477662   0
 169   ASN   0.250597   0
 170   ASP   -0.284048   0.744257
 172   ALA   -0.329859   0
 173   LEU   -0.248582   0
 174   GLY   -0.203776   0
 179   LYS   0.0532314   -0.106833
 180   ASP   -0.141192   0.263242
 182   ASP   -0.0357551   0.475564
 228   ASP   -0.000188826   0.10784
 240   CYX   0.182362   0
 241   GLN   0.115493   0
 242   ASP   -0.0503405   0.558586
 243   CYX   -0.153238   0
 244   SER   -0.231902   0
 515   TYR   0.00417237   0.129625
 518   ARG   -0.0408453   -0.254512
 555   TYR   -0.0297548   0.106661
SITE:  LYS- 179
 157   TYR   -0.0599528   0.263933
 170   ASP   -0.0552283   0.155952
 171   LYS   0.0283964   -0.106833
 173   LEU   0.127017   0
 174   GLY   0.0998975   0
 177   CYX   0.0965616   0
 178   GLY   0.0559336   0
 180   ASP   0.0633018   1.1069
 182   ASP   -0.198866   0.233339
 184   CYX   -0.238806   0
 188   ASN   -0.169874   0
 191   GLU   -0.146914   0.245058
 192   TYR   -0.0518936   0.476392
 197   ASP   -0.0187044   0.214516
SITE:  ASP- 180
 157   TYR   -0.0503997   0.391788
 161   ARG   -0.0104948   -0.118796
 162   ASP   -0.000355253   0.144327
 164   GLU   -0.0450538   0.109483
 170   ASP   -0.155033   0.405846
 171   LYS   0.0600076   -0.263242
 174   GLY   0.0299904   0
 179   LYS   0.275732   -1.1069
 181   ALA   -0.544296   0
 182   ASP   -1.19352   0.918952
 183   ALA   -0.710209   0
 192   TYR   -0.016785   0.220749
SITE:  ASP- 182
 157   TYR   -0.01999   0.599137
 161   ARG   -0.00240794   -0.252081
 162   ASP   0.0291994   0.250487
 164   GLU   -0.0488902   0.120415
 170   ASP   -0.155535   0.352622
 171   LYS   -0.0598369   -0.475564
 179   LYS   -0.0473664   -0.233339
 180   ASP   -0.0749589   0.918952
 183   ALA   -0.452168   0
SITE:  GLU- 191
  38   LYS   -0.0266456   -0.100442
  40   TYR   -0.00344766   0.109572
 110   GLU   -0.0145639   0.177302
 143   GLU   0.0391975   0.492533
 146   TYR   0.0417078   0.310169
 147   TYR   -0.00704286   0.159205
 157   TYR   -0.0574357   0.176766
 179   LYS   0.00205132   -0.245058
 185   ASN   0.115708   0
 187   THR   0.371449   0
 188   ASN   0.0955377   0
 189   TRP   0.178208   0
 190   ILE   0.110287   0
 192   TYR   -0.413067   0.29847
 193   MET   -0.239275   0
 194   PHE   -0.38767   0
 195   ASN   -0.469156   0
 196   LYS   -0.0429405   -0.180524
 197   ASP   -0.194131   0.313695
 198   ASN   -0.215114   0
 204   THR   -0.223344   0
 205   ILE   0.37043   0
 206   THR   -0.52987   0
 207   PRO   -0.153872   0
SITE:  TYR- 192
  35   TYR   0.012106   0.18686
  37   ASP   0.0139581   0.120033
  38   LYS   -0.0300421   -0.210149
  85   ASP   0.0086993   0.112845
  90   PRO   -0.0410355   0
 143   GLU   0.00554714   0.108421
 146   TYR   -0.00852434   0.117395
 157   TYR   -0.0347855   0.158324
 170   ASP   -0.0252202   0.133523
 173   LEU   0.153647   0
 174   GLY   0.105673   0
 175   LEU   0.146405   0
 176   LEU   0.30239   0
 178   GLY   -0.120404   0
 179   LYS   0.166494   -0.476392
 180   ASP   0.0674682   0.220749
 189   TRP   -0.0040589   0
 190   ILE   0.102009   0
 191   GLU   -0.0927934   0.29847
 193   MET   -0.165836   0
 195   ASN   0.110082   0
 196   LYS   0.0662596   -0.249686
 197   ASP   -0.112677   0.743617
 198   ASN   0.1332   0
 200   GLN   -0.396639   0
 423   TYR   -0.0300256   0.139038
SITE:  LYS- 196
  30   GLU   -0.0721788   0.176245
  34   ALA   -0.449454   0
  35   TYR   1.65068   2.98888
  37   ASP   -0.0475562   0.470753
  38   LYS   -0.268388   -0.845424
  39   ARG   0.115298   -0.220819
  40   TYR   0.20274   1.30873
  78   ARG   0.0358842   -0.103133
  85   ASP   -0.024267   0.180316
 127   GLU   0.0898627   0.265537
 129   TYR   -0.0272666   0.125082
 142   LYS   0.113741   -0.496149
 143   GLU   0.0324125   0.364497
 146   TYR   -0.00468837   0.125278
 191   GLU   0.0900882   0.180524
 192   TYR   0.121644   0.249686
 194   PHE   0.140299   0
 195   ASN   0.311786   0
 197   ASP   -0.768658   0.654571
 198   ASN   -0.279044   0
 199   GLY   -0.0988628   0
 201   ALA   0.972951   0
 202   PRO   0.982869   0
 204   THR   0.302072   0
SITE:  ASP- 197
  35   TYR   0.0489376   0.404634
  38   LYS   -0.0357446   -0.173847
  40   TYR   0.0144866   0.18392
 142   LYS   0.0330306   -0.12466
 143   GLU   0.0242331   0.20419
 179   LYS   0.0272863   -0.214516
 191   GLU   0.0445591   0.313695
 192   TYR   -0.0089984   0.743617
 195   ASN   0.299895   0
 196   LYS   0.601762   -0.654571
 198   ASN   -0.669841   0
 199   GLY   -0.184261   0
SITE:  ASP- 211
 110   GLU   0.0105452   0.313323
 116   ARG   -0.027617   -0.119474
 146   TYR   0.0249755   0.41914
 147   TYR   -0.0650927   0.202889
 148   VAL   0.0545366   0
 149   GLY   -1.04601   0
 150   GLN   -0.434565   0
 151   SER   -1.01694   0
 152   PHE   -0.277892   0
 153   ALA   -0.151858   0
 208   VAL   0.125141   0
 210   SER   -0.0251618   0
 213   PRO   0.00536592   0
 215   HIS   0.020654   -0.106849
 218   GLU   -0.285406   0.424058
 219   PRO   -0.16689   0
 221   ASN   -0.278674   0
 222   ASN   0.16476   0
SITE:  HIS- 215
 122   ASN   -0.326354   0
 143   GLU   -0.026779   0.112138
 145   GLN   -0.193895   0
 146   TYR   0.00549011   0.153876
 147   TYR   0.385597   1.78884
 211   ASP   -0.0523676   0.106849
 214   VAL   0.0938495   0
 216   GLY   -0.437554   0
 217   MET   -0.166986   0
 218   GLU   -0.00753326   0.159945
SITE:  GLU- 218
  23   GLN   -0.403507   0
 110   GLU   -0.00232283   0.363973
 116   ARG   0.0209491   -0.733238
 119   GLN   -0.590135   0
 146   TYR   -0.0338002   0.442526
 147   TYR   0.0839827   0.365675
 149   GLY   -0.0819702   0
 211   ASP   0.122403   0.424058
 213   PRO   -0.350982   0
 214   VAL   0.152157   0
 215   HIS   0.0485668   -0.159945
 216   GLY   0.065248   0
 219   PRO   0.34198   0
 220   MET   0.256292   0
 221   ASN   0.194119   0
SITE:  LYS- 225
  99   SER   0.165566   0
 102   TYR   0.0636426   0.963539
 106   ASN   -0.176697   0
 110   GLU   -0.00395446   0.238215
 146   TYR   -0.0138013   0.147199
 226   GLY   0.0606953   0
 228   ASP   -0.103236   0.235662
 229   GLU   0.263048   1.25941
 230   SER   0.394972   0
 231   VAL   0.237088   0
 232   ASP   -0.00727684   0.482577
 233   GLU   -0.099763   0.21075
 951   LYS   -0.0164525   -0.102113
 987   LYS   -0.0157915   -0.205691
SITE:  ASP- 228
  99   SER   -0.161207   0
 102   TYR   -0.0386739   0.11327
 161   ARG   0.00983278   -0.252632
 162   ASP   -0.109524   0.288752
 171   LYS   -0.022959   -0.10784
 225   LYS   -0.0926944   -0.235662
 226   GLY   -0.25286   0
 227   CYX   -0.325274   0
 229   GLU   -0.52459   0.663356
 237   PRO   -0.23157   0
 242   ASP   -0.0195073   0.202525
 245   ILE   -0.275268   0
 246   VAL   -0.17291   0
SITE:  GLU- 229
 102   TYR   -0.0295479   0.31453
 110   GLU   -0.000798056   0.109458
 162   ASP   -0.0561672   0.100832
 224   THR   0.240264   0
 225   LYS   -0.413453   -1.25941
 226   GLY   0.197618   0
 228   ASP   -0.495198   0.663356
 230   SER   0.156071   0
 231   VAL   0.0595701   0
 232   ASP   0.0221044   0.253277
 233   GLU   -0.0469902   0.146851
 237   PRO   -0.203045   0
 242   ASP   -0.00289143   0.107997
SITE:  ASP- 232
  57   ASP   0.0732838   0.169154
  60   GLN   0.381559   0
  61   GLU   0.0453416   0.300982
  64   PRO   -0.156959   0
  84   LYS   0.00441101   -0.18719
  96   ARG   0.0233876   -0.123784
  98   PRO   -0.00321962   0
 102   TYR   -0.0930968   0.889516
 110   GLU   -0.0215274   0.209106
 146   TYR   -0.0105457   0.125734
 225   LYS   -0.042945   -0.482577
 229   GLU   -0.0279524   0.253277
 230   SER   -0.40912   0
 231   VAL   -0.148636   0
 233   GLU   -1.15634   0.926893
 234   VAL   -0.636184   0
 235   THR   -0.346148   0
 236   ALA   0.180858   0
 237   PRO   0.0167008   0
 242   ASP   0.00426649   0.126445
 912   MET   -0.23377   0
 944   ASP   0.0468916   0.187014
 945   ASP   0.0134267   0.135597
 946   TYR   0.0258592   0.158331
 948   ASP   0.0630898   0.347242
 951   LYS   -0.135629   -0.469615
 952   PRO   -0.114322   0
 953   GLN   0.208178   0
 958   ARG   0.0252057   -0.112651
 978   ARG   -0.0920035   -0.134426
 980   ARG   -0.106084   -0.227373
 981   PRO   0.132461   0
 983   THR   0.181451   0
 984   PRO   0.227478   0
 985   GLU   0.0661138   0.226927
 987   LYS   -0.179363   -1.25177
 988   GLN   -0.110041   0
 989   ARG   -0.0738721   -0.396277
SITE:  GLU- 233
 102   TYR   -0.02196   0.222955
 225   LYS   -0.0152669   -0.21075
 229   GLU   -0.0588693   0.146851
 232   ASP   -0.331064   0.926893
 234   VAL   -0.531762   0
 912   MET   -0.326723   0
 913   GLY   -0.139556   0
 944   ASP   0.0387207   0.191797
 946   TYR   0.00174215   0.160706
 948   ASP   0.0172341   0.208175
 951   LYS   -0.0826742   -0.219249
 980   ARG   -0.138699   -0.259097
 984   PRO   0.303804   0
 985   GLU   0.0923679   0.327473
 987   LYS   -0.14682   -0.470529
 988   GLN   -1.17759   0
 989   ARG   0.0807103   -0.734946
 990   PRO   0.0192424   0
 994   ASP   -0.0304653   0.103751
SITE:  ASP- 242
  90   PRO   0.125279   0
  91   LEU   0.139814   0
  93   PHE   0.323954   0
  94   LEU   0.201946   0
  96   ARG   -0.435231   -2.04922
  97   CYX   -0.251601   0
  98   PRO   -0.00354588   0
  99   SER   -0.186892   0
 100   CYX   -0.191903   0
 102   TYR   -0.0578364   0.124309
 157   TYR   0.112559   0.22693
 159   ALA   0.184016   0
 160   CYX   0.264734   0
 161   ARG   -0.0846301   -0.322904
 162   ASP   -0.202072   0.894178
 163   VAL   -1.00143   0
 164   GLU   -0.512978   1.70901
 165   ALA   0.185863   0
 166   PRO   -0.0342102   0
 168   SER   0.238282   0
 170   ASP   0.201317   0.325987
 171   LYS   -0.19312   -0.558586
 172   ALA   -0.217176   0
 228   ASP   -0.0101654   0.202525
 229   GLU   0.0556215   0.107997
 232   ASP   0.0074337   0.126445
 237   PRO   0.0703682   0
 238   CYX   -0.589365   0
 239   SER   0.371982   0
 241   GLN   -0.177335   0
 243   CYX   -0.26893   0
 487   TYR   -0.00478778   0.170383
 512   HIS   0.0405896   -0.126122
 515   TYR   0.0222142   0.412671
 518   ARG   -0.0918425   -0.71463
 525   ASP   0.0548235   0.169119
 550   TYR   -0.0210325   0.120218
 555   TYR   -0.0565081   0.250247
 944   ASP   -0.020356   0.18045
 945   ASP   0.0218023   0.199728
 948   ASP   0.0270241   0.27328
 951   LYS   -0.00373379   -0.278687
 989   ARG   -0.0441984   -0.101417
1013   LYS   -0.02471   -0.163342
1019   TYR   -0.0126858   0.158056
SITE:  LYS- 250
 248   GLY   0.147015   0
 251   PRO   -0.0101853   0
 252   GLN   0.53117   0
 253   PRO   0.0416928   0
 550   TYR   -0.0131075   0.105323
 552   ASP   0.000715754   0.171438
 555   TYR   -0.00399712   0.104064
 928   GLN   -0.0370048   0
 930   ASP   -0.0756695   0.273023
SITE:  ASP- 266
 259   PRO   -0.32355   0
 260   TRP   -0.3   0
 261   THR   -0.638438   0
 262   ILE   -0.175198   0
 267   ALA   -0.587614   0
 268   MET   -1.29068   0
 269   TYR   -0.264824   0.983248
 270   VAL   -0.225418   0
 271   ILE   -0.183804   0
 272   MET   -0.202156   0
 851   ALA   0.54763   0
 852   VAL   -0.0133851   0
 854   ASN   0.460667   0
 855   LYS   -0.204995   -3.28883
 857   ASP   0.020672   0.188988
SITE:  TYR- 269
 265   LEU   -0.24794   0
 266   ASP   -0.33093   0.983248
 276   TYR   -0.036527   0.114162
 852   VAL   -0.0591733   0
 854   ASN   0.122404   0
 855   LYS   -0.0278583   -1.37586
 857   ASP   0.0174928   0.163438
SITE:  TYR- 276
 269   TYR   0.0948866   0.114162
 272   MET   0.187912   0
 273   TRP   0.25405   0
 279   PHE   -0.324392   0
 280   LEU   -0.280176   0
 825   TYR   0.0094506   0.106572
 835   ARG   0.0959458   -0.144967
 836   PRO   0.276482   0
 837   ILE   0.34556   0
 838   VAL   0.154423   0
 839   ILE   0.182173   0
 840   ALA   1.6605   0
 841   ILE   0.507826   0
 843   VAL   -0.448126   0
 844   GLY   -0.837575   0
 845   VAL   -0.0599593   0
 847   SER   -0.292066   0
1239   HID   0.0259089   -0.313095
1250   TYR   -0.0821082   0.253302
SITE:  CYS- 292
 285   GLY   0.196546   0
 287   PHE   0.177099   0
 288   PHE   1.14054   0
 289   ALA   0.428315   0
 290   VAL   0.0905102   0
 293   TYR   -0.329302   0.17021
 294   ARG   -0.229054   -0.179558
 295   LYS   -0.3974   -0.602367
 296   ARG   -0.318496   -0.389426
 832   ASP   0.00434793   0.151367
 835   ARG   -0.0140545   -0.105843
1250   TYR   0.0142775   0.146316
SITE:  TYR- 293
 290   VAL   0.0976337   0
 292   CYS   -0.0256318   0.17021
 294   ARG   -0.169271   -0.199255
 296   ARG   -0.328507   -0.203269
 297   TYR   0.0763018   1.10695
 301   GLU   0.00881209   0.153555
SITE:  ARG- 294
 292   CYS   0.0643734   0.179558
 293   TYR   0.0829532   0.199255
 295   LYS   -0.257158   -0.196497
 296   ARG   -0.17909   -0.0881234
 297   TYR   -0.195255   0.135472
 298   PHE   -0.166206   0
 301   GLU   0.014589   0.205474
 302   TYR   -0.035466   0.177378
 831   LYS   -0.0356522   -0.143421
 832   ASP   0.169685   0.885635
 835   ARG   -0.157252   -0.528793
1180   LYS   -0.00335557   -0.15168
1183   ARG   -0.200668   -0.190528
1185   GLU   0.0235032   0.366582
1186   ARG   -0.0181348   -0.167996
1188   GLU   -0.0306716   0.208419
1250   TYR   0.0957607   0.382983
SITE:  LYS- 295
 291   TRP   0.388998   0
 292   CYS   0.292426   0.602367
 294   ARG   0.129538   -0.196497
 296   ARG   -0.0771715   -0.413765
 302   TYR   -0.0927898   0.276725
 832   ASP   -0.0123577   0.158381
SITE:  ARG- 296
 292   CYS   -0.0679461   0.389426
 293   TYR   0.0516914   0.203269
 295   LYS   0.591818   -0.413765
 297   TYR   -0.160911   0.174174
SITE:  TYR- 297
 293   TYR   0.263194   1.10695
 294   ARG   0.097741   -0.135472
 296   ARG   -0.04033   -0.174174
 301   GLU   -0.006953   0.334692
SITE:  GLU- 301
 293   TYR   0.0865318   0.153555
 294   ARG   0.13328   -0.205474
 297   TYR   0.149651   0.334692
 298   PHE   0.236672   0
 300   SER   -0.270436   0
 302   TYR   -0.322971   0.257387
 303   THR   0.165462   0
SITE:  TYR- 302
 294   ARG   0.0481155   -0.177378
 295   LYS   0.117084   -0.276725
 298   PHE   0.213518   0
 299   VAL   0.0265598   0
 301   GLU   -0.145029   0.257387
 832   ASP   -0.00117654   0.112108
SITE:  ASP- 306
 304   PRO   0.0643438   0
 305   ILE   -0.148067   0
 307   SER   0.417276   0
SITE:  ASP- 317
 313   VAL   0.187552   0
 318   LYS   -0.622131   -0.302367
 319   GLY   -0.176605   0
 320   GLU   0.0660021   0.170686
 325   ASP   0.0266129   0.228823
1120   GLU   0.00214067   0.13491
1181   GLY   0.112842   0
1183   ARG   0.0805591   -0.336955
1185   GLU   -0.0433602   0.109774
1186   ARG   0.01283   -0.321362
1254   SER   -0.22914   0
1255   VAL   0.0872796   0
1257   LYS   -0.0499612   -1.23283
1259   LYS   -0.0194432   -0.116322
1261   CYS   -0.0104139   0.210393
1264   GLU   -0.00312545   0.137024
SITE:  LYS- 318
 317   ASP   -0.0885866   0.302367
 319   GLY   -0.203932   0
 320   GLU   -0.0323283   0.199806
1257   LYS   -0.0246356   -0.264256
SITE:  GLU- 320
 317   ASP   0.0468887   0.170686
 318   LYS   0.194539   -0.199806
 319   GLY   0.0538519   0
 323   CYS   -0.0797682   0.222477
 324   CYS   -0.0446272   0.118749
 325   ASP   -0.0371653   0.276785
1257   LYS   -0.0367847   -0.359106
1261   CYS   -0.0171744   0.121767
SITE:  CYS- 323
 320   GLU   -0.0447767   0.222477
 321   ALA   0.153472   0
 322   SER   0.388402   0
 324   CYS   -0.433266   1.04926
 325   ASP   -0.226194   0.472095
 326   PRO   -0.205854   0
 327   VAL   -0.18551   0
1119   CYS   -0.0117079   0.314675
1120   GLU   -0.0123065   0.227779
1257   LYS   -0.0233473   -0.106595
1259   LYS   -0.0262304   -0.156306
SITE:  CYS- 324
 320   GLU   0.0262691   0.118749
 322   SER   0.298042   0
 323   CYS   0.199596   1.04926
 325   ASP   -0.478707   1.02597
 326   PRO   -0.0980684   0
 327   VAL   -0.42164   0
 328   SER   -0.35037   0
 332   GLU   -0.040827   0.237355
1114   MET   0.206314   0
1118   GLY   -0.171807   0
1119   CYS   -0.139411   1.27482
1120   GLU   -0.0365768   0.779597
1121   LEU   -0.181361   0
1128   CYS   -0.0193685   0.122772
1168   CYS   0.00563713   0.100099
1173   ARG   -0.0198276   -0.200218
1183   ARG   0.038625   -0.115107
1186   ARG   0.0036341   -0.163601
1257   LYS   -0.0340536   -0.149007
1259   LYS   -0.0696793   -0.438891
SITE:  ASP- 325
 317   ASP   0.0829649   0.228823
 319   GLY   0.110732   0
 320   GLU   0.102619   0.276785
 321   ALA   -1.0832   0
 322   SER   0.13613   0
 323   CYS   -0.017284   0.472095
 324   CYS   -0.317418   1.02597
 326   PRO   -0.537796   0
 327   VAL   -0.273649   0
 328   SER   -0.398495   0
 329   ALA   -0.244982   0
 332   GLU   -0.0614492   0.457589
 334   CYS   -0.048594   0.100057
 336   ARG   -0.0755648   -0.165445
 730   GLU   0.0330129   0.164538
1117   LEU   0.128077   0
1118   GLY   -0.200688   0
1119   CYS   -0.279821   0.531882
1120   GLU   0.110686   1.42575
1123   SER   -0.182748   0
1128   CYS   -0.0187474   0.120572
1168   CYS   0.0140382   0.139516
1170   HID   0.0323918   -0.120838
1173   ARG   0.00877165   -0.325662
1183   ARG   0.101844   -0.300274
1186   ARG   -0.0123971   -0.474922
1189   GLU   -0.0105255   0.135064
1253   PRO   -0.198414   0
1254   SER   0.225388   0
1255   VAL   0.215999   0
1256   ASN   0.00811648   0
1257   LYS   -0.32164   -0.687946
1258   ALA   -0.509256   0
1259   LYS   -0.248598   -0.916166
1261   CYS   -0.121372   0.397152
1264   GLU   -0.0334892   0.151296
1265   GLU   -0.0310128   0.132587
1266   ARG   -0.0586036   -0.103771
1267   TYR   -0.0338196   0.138223
SITE:  GLU- 332
 324   CYS   0.0780435   0.237355
 325   ASP   0.171605   0.457589
 326   PRO   0.168588   0
 327   VAL   0.163052   0
 328   SER   0.689046   0
 329   ALA   0.372802   0
 333   GLY   -0.40709   0
 334   CYS   -0.236308   0.512015
 335   LEU   -0.390539   0
 336   ARG   -0.997964   -1.07928
 337   ARG   -0.0121271   -0.425369
 339   PHE   -0.170596   0
 341   ARG   -0.0564379   -0.113464
 346   CYS   -0.0472123   0.129185
 653   LYS   0.00557859   -0.123875
 700   ASP   0.0540896   0.313666
 709   TYR   -0.00459207   0.126936
 711   ARG   -0.0604315   -0.414884
 712   ASP   -0.0243512   0.352675
 713   GLU   0.0171884   0.105269
 718   GLU   -0.00687938   0.147309
 725   GLY   0.114553   0
 726   ARG   0.108323   -0.393626
 727   VAL   0.162789   0
 728   LEU   0.150367   0
 729   GLY   0.334056   0
 730   GLU   0.296076   1.29352
 731   VAL   0.134263   0
 733   PRO   -0.357423   0
 737   LEU   -0.17377   0
 742   GLU   -0.0283926   0.264847
 771   ASP   0.00345926   0.148586
 822   LYS   -0.0073784   -0.125185
 825   TYR   -0.0309628   0.112482
1113   THR   0.202568   0
1114   MET   0.166332   0
1115   VAL   0.146044   0
1116   LEU   0.478616   0
1117   LEU   0.386562   0
1118   GLY   -0.0181626   0
1119   CYS   -0.178333   0.432272
1120   GLU   0.172546   1.35397
1123   SER   -0.21503   0
1128   CYS   -0.0138161   0.223939
1161   CYS   0.0302073   0.117194
1166   GLU   0.0238151   0.260048
1168   CYS   0.0387262   0.396803
1169   SER   0.226633   0
1170   HID   0.193464   -0.600863
1171   ILE   0.106998   0
1172   THR   0.168861   0
1173   ARG   0.486495   -2.43039
1176   THR   -0.191457   0
1177   VAL   -0.106862   0
1179   MET   -0.166735   0
1180   LYS   0.0321254   -0.175148
1183   ARG   0.0629821   -0.152324
1185   GLU   -0.0149263   0.110059
1186   ARG   -0.109329   -0.464717
1188   GLU   -0.0098144   0.140463
1189   GLU   -0.0109664   0.454153
1193   HIS   0.000375923   -0.482886
1206   LYS   -0.00998485   -0.168901
1253   PRO   -0.0395447   0
1254   SER   0.201442   0
1256   ASN   -0.253762   0
1257   LYS   0.0569549   -0.170484
1259   LYS   -0.0328547   -3.62523
1260   SER   0.0341819   0
1261   CYS   -0.0554448   0.298247
1264   GLU   -0.0755686   0.235975
1265   GLU   -0.062319   0.235817
1266   ARG   -0.297536   -0.747959
1267   TYR   -0.110277   0.872
1272   ARG   -0.0657265   -0.414862
1273   GLU   -0.0146836   0.115758
SITE:  CYS- 334
 325   ASP   0.0367612   0.100057
 327   VAL   0.154089   0
 328   SER   0.1565   0
 330   ALA   0.568462   0
 331   PHE   0.716814   0
 332   GLU   0.123297   0.512015
 333   GLY   0.119138   0
 335   LEU   -0.447843   0
 336   ARG   -0.102382   -0.461504
 337   ARG   0.0216496   -1.46619
 338   LEU   -0.397346   0
 341   ARG   -0.286551   -0.259338
 346   CYS   -0.0359222   0.105994
 726   ARG   0.0302802   -0.104173
 729   GLY   0.0624005   0
 730   GLU   0.0146256   0.19588
 733   PRO   -0.0372229   0
1119   CYS   -0.0359217   0.190985
1120   GLU   0.00580299   0.191509
1170   HID   0.0185832   -0.121667
1173   ARG   0.0306956   -0.321019
1259   LYS   -0.00307683   -0.306075
1266   ARG   0.028107   -0.24886
1267   TYR   -0.0105425   0.136106
SITE:  ARG- 336
 325   ASP   0.0623564   0.165445
 326   PRO   0.101133   0
 328   SER   0.157263   0
 329   ALA   0.262699   0
 332   GLU   -0.112506   1.07928
 333   GLY   0.203324   0
 334   CYS   0.246424   0.461504
 335   LEU   0.147545   0
 337   ARG   -0.656103   -0.873734
 339   PHE   -0.282921   0
 340   THR   0.0318226   0
 341   ARG   -0.145582   -0.217965
 346   CYS   -0.0537226   0.135013
 700   ASP   0.0254762   0.146957
 709   TYR   0.000330214   0.113348
 711   ARG   -0.0503696   -0.249923
 712   ASP   -0.00554459   0.317036
 718   GLU   0.0192732   0.261928
 721   ASP   0.0342069   0.115438
 722   GLN   0.223234   0
 725   GLY   0.15616   0
 726   ARG   0.0862237   -0.482204
 727   VAL   0.126922   0
 729   GLY   0.0591358   0
 730   GLU   -0.0663167   0.807908
 733   PRO   -0.152317   0
 742   GLU   -0.00969025   0.113598
1119   CYS   -0.046958   0.121708
1120   GLU   0.0412312   0.303547
1166   GLU   0.00860445   0.110745
1168   CYS   0.0121056   0.128541
1170   HID   0.0603032   -0.243548
1173   ARG   0.165823   -0.596494
1186   ARG   -0.0490438   -0.16254
1189   GLU   0.00347378   0.239055
1193   HIS   0.0161709   -0.270008
1259   LYS   0.108547   -0.597269
1260   SER   0.108813   0
1261   CYS   0.00235665   0.250136
1262   ALA   0.291908   0
1263   THR   0.188984   0
1264   GLU   -0.0307838   0.238475
1265   GLU   -0.106662   0.43261
1266   ARG   0.265832   -2.14035
1267   TYR   -0.024369   0.797276
1268   LYS   0.0309598   -0.138332
1272   ARG   -0.131212   -0.333267
1273   GLU   -0.0217758   0.141838
SITE:  ARG- 337
 330   ALA   0.283632   0
 331   PHE   0.189715   0
 332   GLU   0.0881624   0.425369
 333   GLY   0.597094   0
 334   CYS   0.561197   1.46619
 335   LEU   0.209993   0
 336   ARG   0.348662   -0.873734
 338   LEU   -0.482723   0
 339   PHE   -0.158625   0
 341   ARG   -0.463123   -0.476343
 346   CYS   -0.0456963   0.117604
 712   ASP   -0.00310871   0.112443
 718   GLU   0.00222404   0.114124
 725   GLY   0.087072   0
 726   ARG   0.035646   -0.17718
 729   GLY   0.0235314   0
 730   GLU   -0.0139312   0.248333
 733   PRO   -0.0524921   0
1120   GLU   0.0139772   0.131848
1170   HID   0.018997   -0.105067
1173   ARG   0.0503124   -0.246162
1259   LYS   0.0153617   -0.231871
1265   GLU   -0.00563786   0.147807
1266   ARG   0.16306   -0.535374
1267   TYR   -0.0037769   0.19899
SITE:  ARG- 341
 332   GLU   0.0326725   0.113464
 334   CYS   0.168523   0.259338
 336   ARG   0.0970008   -0.217965
 337   ARG   0.0562398   -0.476343
 338   LEU   0.159665   0
 339   PHE   0.142301   0
 340   THR   -0.037116   0
 342   TRP   -0.280256   0
 346   CYS   -0.0901313   0.25391
 348   ARG   -0.0733504   -0.323667
 718   GLU   -0.00777592   0.125966
 721   ASP   0.0145887   0.168121
 722   GLN   0.162567   0
 725   GLY   0.00965267   0
 726   ARG   0.0275872   -0.144276
 730   GLU   -0.023486   0.11803
1266   ARG   0.0912949   -0.247463
SITE:  CYS- 346
 332   GLU   0.0276356   0.129185
 334   CYS   0.0439001   0.105994
 336   ARG   0.0946288   -0.135013
 337   ARG   0.100428   -0.117604
 338   LEU   0.116547   0
 339   PHE   0.233774   0
 340   THR   0.175503   0
 341   ARG   0.184261   -0.25391
 342   TRP   1.15816   0
 343   GLY   0.808242   0
 344   SER   0.0339188   0
 345   PHE   -0.178988   0
 347   VAL   -0.534377   0
 348   ARG   -0.468076   -0.46117
 349   ASN   -0.287113   0
 350   PRO   0.20725   0
 351   GLY   0.0571206   0
 352   CYS   -0.305383   0.526101
 353   VAL   -0.594618   0
 364   CYS   -0.0388065   0.128438
 653   LYS   0.0177984   -0.26216
 670   CYS   -0.0219954   0.177849
 700   ASP   0.0237384   0.2482
 709   TYR   -0.0365405   0.256145
 711   ARG   -0.0516653   -0.118541
 712   ASP   -0.00638012   0.195746
 718   GLU   -0.04604   0.131438
 721   ASP   -0.00556301   0.505575
 725   GLY   0.0383216   0
 726   ARG   0.0367661   -0.210437
 728   LEU   -0.115531   0
 730   GLU   -0.0384219   0.203911
 742   GLU   -0.00723667   0.192445
 771   ASP   0.128427   0.357937
 772   PHE   0.163604   0
 773   LEU   0.29717   0
 774   LEU   0.271036   0
 775   GLN   0.299882   0
 776   ILE   0.53514   0
 777   THR   1.49747   0
 778   CYS   0.32298   1.17759
 780   VAL   -0.586218   0
 783   LEU   -0.229082   0
 784   GLY   -0.269942   0
 786   ASP   -0.140246   0.325256
 788   LYS   -0.0626826   -0.505175
 789   ARG   -0.0808602   -0.144562
 791   GLU   -0.0224932   0.147405
 792   LYS   -0.0148975   -0.105331
 796   ASP   0.0386738   0.129272
 799   CYS   0.00745903   0.109457
1166   GLU   -0.0048605   0.162774
1170   HID   0.00293466   -0.21191
1173   ARG   0.0215264   -0.166447
1206   LYS   -0.00500196   -0.121756
1266   ARG   0.0235198   -0.165457
1267   TYR   0.00410033   0.113014
SITE:  ARG- 348
 340   THR   0.0861113   0
 341   ARG   0.26622   -0.323667
 343   GLY   0.108409   0
 344   SER   0.236386   0
 345   PHE   0.208508   0
 346   CYS   0.0344247   0.46117
 347   VAL   -0.0206473   0
 349   ASN   -0.279313   0
 350   PRO   -0.0269166   0
 352   CYS   -0.0673132   0.177086
 709   TYR   0.000808876   0.128302
 712   ASP   0.00240242   0.105705
 718   GLU   -0.0769296   0.206065
 721   ASP   -0.223234   0.911292
 726   ARG   -0.0137461   -0.150173
 778   CYS   0.0360521   0.1213
 786   ASP   -0.0336928   0.10528
 788   LYS   -0.0219   -0.521752
 791   GLU   6.73143e-05   0.126418
1266   ARG   0.0340124   -0.138285
SITE:  CYS- 352
 346   CYS   0.182488   0.526101
 348   ARG   -0.0445527   -0.177086
 349   ASN   0.626364   0
 350   PRO   0.0629788   0
 351   GLY   0.0240238   0
 353   VAL   -0.446069   0
 355   PHE   -0.326162   0
 356   PHE   -0.194089   0
 721   ASP   -0.00326074   0.12118
 778   CYS   0.0625778   0.292092
 788   LYS   -0.0141994   -0.184265
SITE:  CYS- 364
 346   CYS   -0.00348445   0.128438
 357   SER   0.263069   0
 358   LEU   0.222048   0
 359   VAL   0.216392   0
 360   PHE   1.64841   0
 361   ILE   0.680866   0
 362   THR   0.115566   0
 363   ALA   -0.149815   0
 365   SER   -0.465696   0
 366   SER   -0.36357   0
 367   GLY   -0.260318   0
 372   ARG   0.065871   -0.109086
 628   TYR   0.00418629   0.155268
 666   SER   0.101412   0
 667   SER   0.277554   0
 668   VAL   0.144982   0
 670   CYS   0.710611   3.00366
 671   SER   0.181428   0
 673   GLY   -0.315416   0
 674   VAL   -0.316073   0
 676   SER   -0.219242   0
 677   TYR   -0.277253   0.329071
 700   ASP   -0.0129309   0.111766
 742   GLU   -0.00127011   0.146889
 766   LEU   0.0556608   0
 770   ILE   -0.125067   0
 771   ASP   -0.0198484   0.375448
 778   CYS   -0.038365   0.27373
SITE:  ARG- 372
 364   CYS   0.0578338   0.109086
 367   GLY   0.247508   0
 368   LEU   0.147564   0
 370   PHE   1.21058   0
 371   VAL   0.133284   0
 379   ASP   0.0138929   0.186074
 670   CYS   0.0365762   0.123022
 672   LEU   0.12825   0
 673   GLY   0.114025   0
 676   SER   0.708494   0
 677   TYR   0.216093   0.165531
 679   GLY   -0.214844   0
 680   LEU   0.249928   0
 681   PRO   -0.0938048   0
 758   HIS   -0.00735849   -0.106927
SITE:  ASP- 379
 372   ARG   -0.0934291   -0.186074
 374   THR   -0.438043   0
 376   ASN   0.295092   0
 377   PRO   0.175864   0
 378   VAL   0.142777   0
 380   LEU   -0.420083   0
 381   TRP   -0.187914   0
 382   SER   0.219958   0
 384   PRO   -0.0339057   0
 389   ARG   -0.362111   -1.51455
 391   GLU   -0.0514158   0.126335
 392   LYS   -0.0623074   -0.498375
 393   GLU   0.0145047   0.415217
 396   ASP   -0.0133339   0.324517
 404   ARG   0.0287397   -0.271748
 406   GLU   0.00465414   0.110025
 571   TYR   -0.0363148   0.164185
 573   ASP   0.0153144   0.101596
 584   GLU   0.0182125   0.159805
 606   GLU   0.0236304   0.282354
 607   ARG   -0.0304135   -0.126596
 610   GLU   -0.02198   0.357557
 611   ASP   -0.0271898   0.114516
 612   GLU   -0.0430129   0.110229
 681   PRO   0.00888966   0
 688   GLU   -0.053571   0.1046
 755   PRO   -0.25361   0
 758   HIS   -0.0835357   -0.308823
 759   THR   -0.158896   0
 875   TYR   -0.0193938   0.1188
 890   TYR   -0.00614619   0.107879
1059   ARG   0.033322   -0.124766
1081   TYR   -0.00345442   0.312831
1085   TYR   -0.00133552   0.125498
1088   TYR   0.0133452   0.229412
1089   GLU   -0.082627   0.195587
1091   TYR   -0.021774   0.24233
1097   ASP   0.00605877   0.157528
1225   TYR   -0.0242527   0.252443
1229   TYR   -0.010164   0.12177
SITE:  ARG- 389
 377   PRO   0.132605   0
 378   VAL   0.608752   0
 379   ASP   0.200998   1.51455
 381   TRP   -0.18787   0
 382   SER   1.02061   0
 383   ALA   1.2361   0
 384   PRO   0.199742   0
 387   GLN   0.253934   0
 390   LEU   -0.175084   0
 391   GLU   -0.281868   0.458858
 392   LYS   -0.363337   -0.944457
 393   GLU   -0.234   0.94879
 394   TYR   -0.0803219   0.127615
 396   ASP   -0.0943461   0.561577
 398   HIS   -0.0347839   -0.142776
 404   ARG   0.0210274   -0.252919
 406   GLU   0.00766238   0.117681
 571   TYR   -0.0452846   0.244857
 584   GLU   0.0160474   0.146973
 606   GLU   0.031304   0.305428
 610   GLU   -0.0213252   0.221563
 681   PRO   0.0245966   0
 753   VAL   0.105431   0
 755   PRO   -0.240151   0
 758   HIS   -0.0547318   -0.292914
 875   TYR   -0.0204665   0.137093
 890   TYR   0.00246746   0.185137
 894   GLU   -0.0261872   0.117775
1037   TYR   -0.00206395   0.111788
1042   HID   -0.00402704   -0.178864
1059   ARG   0.155442   -0.411034
1077   ARG   0.0414832   -0.187392
1080   PRO   0.0790964   0
1081   TYR   -0.0316888   0.591302
1083   VAL   0.142124   0
1085   TYR   -0.0147425   0.28889
1086   VAL   0.0252227   0
1088   TYR   -0.0469379   0.289165
1089   GLU   -0.266032   0.534775
1091   TYR   -0.0442124   0.316581
1097   ASP   -0.00116237   0.241618
1225   TYR   -0.0148551   0.198631
SITE:  GLU- 391
 379   ASP   -0.00626021   0.126335
 386   SER   0.350353   0
 387   GLN   2.192   0
 388   ALA   0.299919   0
 389   ARG   0.126068   -0.458858
 390   LEU   -0.0184965   0
 392   LYS   -0.346461   -0.632829
 393   GLU   -0.329542   0.538277
 394   TYR   -0.48786   0.707066
 395   PHE   -0.288642   0
 396   ASP   -0.181685   0.48244
 398   HIS   -0.0831128   -0.440121
 404   ARG   0.00928476   -0.117227
 571   TYR   -0.00663835   0.16675
 606   GLU   0.0258618   0.166171
 875   TYR   -0.00650029   0.101211
 888   PRO   0.0600392   0
 890   TYR   0.147367   0.341463
 892   VAL   0.115654   0
 894   GLU   -0.20463   1.08428
 895   GLU   0.00271241   0.242476
 897   HIS   -0.00108015   -0.195153
 899   TYR   -0.0228457   0.312879
1037   TYR   -0.0461449   0.265949
1041   TYR   0.0111219   0.152314
1042   HID   -0.0165784   -0.391777
1053   ASP   0.00955816   0.121882
1056   LYS   0.0745679   -0.176887
1057   LYS   0.0266064   -0.133997
1059   ARG   0.61976   -1.76727
1067   GLU   -0.0487696   0.10296
1076   TYR   -0.186194   0.225421
1077   ARG   0.170138   -2.916
1078   VAL   0.0417754   0
1079   PHE   0.166507   0
1080   PRO   0.473709   0
1081   TYR   -0.126712   0.724759
1082   SER   0.106512   0
1083   VAL   0.0784164   0
1085   TYR   -0.14235   0.759298
1086   VAL   -0.0102361   0
1088   TYR   -0.0613061   0.177237
1089   GLU   -0.212433   0.688031
1091   TYR   -0.0565404   0.162116
1097   ASP   -0.0131347   0.115345
SITE:  LYS- 392
 377   PRO   -0.0620136   0
 378   VAL   -0.194377   0
 379   ASP   -0.102014   0.498375
 383   ALA   0.170431   0
 384   PRO   0.102748   0
 386   SER   0.182502   0
 387   GLN   0.243934   0
 388   ALA   0.315322   0
 389   ARG   0.114825   -0.944457
 390   LEU   0.198478   0
 391   GLU   -0.182218   0.632829
 393   GLU   -0.459563   1.4567
 394   TYR   -0.1245   0.252937
 395   PHE   -0.4029   0
 396   ASP   0.351439   3.49867
 397   GLN   -0.194657   0
 398   HIS   -0.0802231   -0.345563
 400   GLY   -0.000423475   0
 401   PRO   -0.56401   0
 402   PHE   0.114377   0
 403   PHE   0.162335   0
 404   ARG   0.0182594   -0.677155
 406   GLU   0.031524   0.297995
 569   ASN   -0.346118   0
 570   TYR   0.223342   0.201153
 571   TYR   -0.18527   0.516353
 572   ASN   -0.136569   0
 573   ASP   0.0339193   0.22134
 576   LYS   -0.00537638   -0.124098
 581   GLN   -0.159112   0
 584   GLU   0.0293456   0.352266
 606   GLU   0.0821981   0.796713
 607   ARG   -0.0421751   -0.18516
 610   GLU   -0.0334935   0.340609
 611   ASP   -0.0586323   0.128902
 612   GLU   -0.0620621   0.122184
 871   TYR   -0.0203052   0.148119
 875   TYR   -0.0313505   0.28411
 888   PRO   0.0995048   0
 890   TYR   -0.0324257   0.564287
 894   GLU   -0.0526335   0.181927
 899   TYR   9.2456e-05   0.127255
1037   TYR   0.00311202   0.344879
1041   TYR   -0.0237173   0.250042
1042   HID   -0.00557659   -0.321284
1059   ARG   0.13837   -0.389411
1077   ARG   0.0493859   -0.231711
1080   PRO   0.0657581   0
1081   TYR   0.129451   2.19038
1082   SER   0.0600167   0
1083   VAL   0.277896   0
1085   TYR   -0.141027   0.452793
1086   VAL   -0.229188   0
1088   TYR   -0.0459578   0.315176
1089   GLU   -0.174882   0.324831
1091   TYR   -0.04654   0.231352
1097   ASP   -0.00717576   0.100978
1225   TYR   -0.0137088   0.119412
SITE:  GLU- 393
 379   ASP   0.0214241   0.415217
 383   ALA   0.163376   0
 384   PRO   0.259223   0
 386   SER   0.231141   0
 387   GLN   0.286334   0
 388   ALA   0.157438   0
 389   ARG   0.397683   -0.94879
 390   LEU   0.445054   0
 391   GLU   -0.0101606   0.538277
 392   LYS   0.438994   -1.4567
 394   TYR   -0.356343   0.320017
 395   PHE   -0.204302   0
 396   ASP   -0.666352   1.28022
 397   GLN   -0.522751   0
 398   HIS   -0.0835929   -0.445879
 401   PRO   -0.13338   0
 404   ARG   0.0217101   -0.233519
 406   GLU   0.0112432   0.102775
 571   TYR   0.0104406   0.955753
 573   ASP   0.014996   0.136412
 584   GLU   0.0111723   0.122882
 606   GLU   0.0187204   0.241942
 610   GLU   -0.0129234   0.135889
 890   TYR   0.00859979   0.221377
 894   GLU   -0.0626723   0.210076
1037   TYR   0.00426012   0.1649
1042   HID   -0.00121143   -0.136375
1059   ARG   0.087298   -0.258715
1077   ARG   0.0321922   -0.205588
1081   TYR   -0.00777177   0.619646
1085   TYR   -0.0501046   0.212948
1088   TYR   -0.0233328   0.127197
1089   GLU   -0.0994526   0.212241
1091   TYR   -0.0213488   0.109869
SITE:  TYR- 394
 387   GLN   0.230174   0
 389   ARG   0.0571179   -0.127615
 390   LEU   0.116757   0
 391   GLU   0.301125   0.707066
 392   LYS   0.126235   -0.252937
 393   GLU   -0.041814   0.320017
 396   ASP   -0.146139   0.359654
 397   GLN   0.00473219   0
 398   HIS   0.26929   -2.28078
 571   TYR   0.00287439   0.208452
 890   TYR   0.0287592   0.251553
 892   VAL   -0.136991   0
 893   LEU   0.344308   0
 894   GLU   -1.5882   1.57765
 895   GLU   -1.26226   1.34785
 896   GLY   -0.069576   0
 897   HIS   0.0659962   -0.383584
 898   ASP   0.00025599   0.191397
 899   TYR   -0.0390251   0.75634
 944   ASP   0.00842521   0.119094
 946   TYR   -0.0289996   0.113385
1019   TYR   0.0556459   0.124574
1024   ASN   -0.337075   0
1032   ARG   0.0622536   -0.459136
1033   VAL   0.066356   0
1034   GLY   -0.28488   0
1035   ALA   -0.6654   0
1036   THR   0.168005   0
1037   TYR   0.0205834   0.333511
1041   TYR   0.0125559   0.108327
1042   HID   -0.00207552   -0.13977
1059   ARG   0.0856054   -0.243268
1076   TYR   -0.207328   0.383053
1077   ARG   0.18581   -0.496216
1080   PRO   0.012445   0
1081   TYR   -0.0105181   0.29116
1085   TYR   -0.0176058   0.21461
1089   GLU   -0.0372882   0.119078
SITE:  ASP- 396
 377   PRO   -0.0476189   0
 379   ASP   -0.0496993   0.324517
 388   ALA   0.172692   0
 389   ARG   0.100134   -0.561577
 390   LEU   0.188862   0
 391   GLU   0.14249   0.48244
 392   LYS   0.887908   -3.49867
 393   GLU   0.572934   1.28022
 394   TYR   0.0835809   0.359654
 395   PHE   -0.193746   0
 397   GLN   -0.643817   0
 398   HIS   -0.20091   -0.645216
 399   PHE   -0.374254   0
 400   GLY   -0.251379   0
 401   PRO   -0.789634   0
 404   ARG   0.0143747   -0.557987
 406   GLU   0.032691   0.258902
 568   ASN   -0.168193   0
 569   ASN   -0.266916   0
 570   TYR   0.171612   0.265876
 571   TYR   -0.279312   0.839769
 572   ASN   -0.16032   0
 573   ASP   0.0306278   0.270297
 575   GLU   0.0191838   0.100068
 576   LYS   -0.0192365   -0.156222
 584   GLU   0.0198788   0.289091
 606   GLU   0.0505468   0.580733
 607   ARG   -0.0341027   -0.14059
 610   GLU   -0.031371   0.241075
 871   TYR   -0.0140573   0.105599
 875   TYR   -0.0178467   0.211514
 888   PRO   0.0566842   0
 890   TYR   -0.0150327   0.661423
 894   GLU   -0.0691818   0.200869
 895   GLU   -0.0427295   0.114487
 899   TYR   0.000610127   0.166889
1019   TYR   0.0256172   0.122393
1037   TYR   0.0320422   0.478104
1041   TYR   -0.0145846   0.255762
1042   HID   -0.000617209   -0.263545
1059   ARG   0.0917564   -0.282302
1077   ARG   0.0437032   -0.201178
1081   TYR   0.038606   1.75909
1083   VAL   0.118081   0
1085   TYR   -0.0820722   0.362521
1088   TYR   -0.0273338   0.20629
1089   GLU   -0.108963   0.207652
1091   TYR   -0.0300816   0.145271
SITE:  HIS- 398
 389   ARG   0.0430861   -0.142776
 390   LEU   0.159178   0
 391   GLU   0.23898   0.440121
 392   LYS   0.223657   -0.345563
 393   GLU   0.309167   0.445879
 394   TYR   1.9877   2.28078
 395   PHE   0.48422   0
 396   ASP   -0.324706   0.645216
 397   GLN   0.0593572   0
 399   PHE   -0.341522   0
 400   GLY   0.00133586   0
 401   PRO   0.0175809   0
 571   TYR   0.0140221   0.416299
 606   GLU   0.00537917   0.100202
 890   TYR   0.0177094   0.29677
 892   VAL   -0.109068   0
 893   LEU   0.162963   0
 894   GLU   -0.289978   0.551552
 895   GLU   -0.368444   0.65805
 897   HIS   0.0396023   -0.191196
 898   ASP   0.00835578   0.105523
 899   TYR   0.00139818   0.422416
1016   HIS   0.034955   -0.100534
1019   TYR   0.0575194   0.117922
1021   SER   0.0823943   0
1024   ASN   -0.391948   0
1032   ARG   0.111466   -0.322557
1034   GLY   -0.257997   0
1037   TYR   0.0268246   0.385763
1041   TYR   0.00971193   0.121215
1042   HID   -0.000404168   -0.119264
1059   ARG   0.056854   -0.16757
1076   TYR   -0.072621   0.172892
1077   ARG   0.0741597   -0.255499
1081   TYR   -0.00923839   0.345123
1085   TYR   -0.0236748   0.173455
SITE:  ARG- 404
 376   ASN   0.123003   0
 377   PRO   -0.14085   0
 379   ASP   -0.113428   0.271748
 389   ARG   -0.00201882   -0.252919
 391   GLU   -0.0226652   0.117227
 392   LYS   0.024323   -0.677155
 393   GLU   0.0518352   0.233519
 396   ASP   0.112338   0.557987
 401   PRO   -0.119205   0
 402   PHE   0.286402   0
 405   THR   -0.175367   0
 406   GLU   0.195467   1.20924
 451   GLU   -0.0056574   0.134597
 457   TYR   0.0338513   0.279653
 466   ASP   0.0220682   0.337493
 467   ILE   0.0658718   0
 565   PHE   0.1464   0
 566   PRO   -0.145904   0
 567   VAL   -0.101591   0
 568   ASN   0.474008   0
 569   ASN   0.120104   0
 570   TYR   -0.0289339   0.580282
 571   TYR   -0.0235566   0.154719
 573   ASP   0.126949   0.39811
 574   THR   0.377292   0
 575   GLU   0.192053   0.336823
 576   LYS   0.221266   -0.370368
 577   LEU   0.368283   0
 578   GLN   0.151927   0
 579   ARG   -0.178224   -0.356324
 580   ALA   -0.539945   0
 581   GLN   -1.71695   0
 584   GLU   0.548042   2.58531
 585   LYS   -0.0318643   -0.258276
 586   GLU   -0.123865   0.191663
 592   LYS   -0.0184658   -0.175213
 605   ALA   -0.209484   0
 606   GLU   -0.963079   1.87386
 607   ARG   -0.430606   -0.78026
 610   GLU   -0.0763764   0.864687
 611   ASP   -0.178701   0.392047
 612   GLU   -0.116406   0.265759
 615   ARG   -0.0337897   -0.130308
 616   GLU   -0.060737   0.112721
 871   TYR   -0.0516538   0.399709
 875   TYR   -0.0403292   0.481413
 888   PRO   0.0299513   0
 890   TYR   -0.042721   0.442403
1037   TYR   -0.00012056   0.254776
1041   TYR   -0.0513137   0.317101
1042   HID   0.00845642   -0.200916
1059   ARG   0.0284534   -0.109268
1081   TYR   -0.0300494   0.665758
1083   VAL   0.00485213   0
1085   TYR   -0.0302738   0.206569
1088   TYR   0.000979307   0.27039
1089   GLU   -0.0574064   0.107578
1091   TYR   -0.0284898   0.169567
1225   TYR   -0.0170138   0.110747
SITE:  GLU- 406
 377   PRO   -0.0656478   0
 379   ASP   -0.0489248   0.110025
 389   ARG   0.00348677   -0.117681
 392   LYS   0.00559527   -0.297995
 393   GLU   0.0210426   0.102775
 396   ASP   0.0423126   0.258902
 401   PRO   0.00705714   0
 403   PHE   -0.206713   0
 404   ARG   -1.22937   -1.20924
 405   THR   -0.536029   0
 407   GLN   -0.0232915   0
 408   LEU   0.115791   0
 411   ARG   0.00739172   -0.196659
 445   ASP   -0.00390594   0.117867
 447   GLN   0.208172   0
 450   ILE   0.063206   0
 451   GLU   -0.0584184   0.480289
 453   ILE   0.0859151   0
 457   TYR   0.0303124   0.149157
 463   THR   0.164302   0
 464   LEU   0.118014   0
 466   ASP   -0.081448   0.433326
 467   ILE   -0.0865345   0
 468   CYX   -0.241659   0
 469   LEU   0.112188   0
 480   THR   0.20367   0
 481   ILE   -0.147827   0
 482   LEU   0.0347166   0
 487   TYR   -0.018685   0.231085
 545   LEU   0.0959468   0
 550   TYR   0.0143504   0.159353
 563   ILE   0.0621676   0
 564   THR   -0.552301   0
 565   PHE   0.982281   0
 566   PRO   -0.0456659   0
 567   VAL   -0.198147   0
 568   ASN   0.28344   0
 570   TYR   -0.071237   0.43411
 573   ASP   0.0335554   0.172395
 575   GLU   0.134489   0.198063
 576   LYS   0.157125   -0.230071
 577   LEU   0.197945   0
 579   ARG   -0.0270535   -0.276651
 580   ALA   0.224222   0
 581   GLN   -0.0416681   0
 584   GLU   -1.01028   3.13072
 585   LYS   0.117643   -0.335511
 586   GLU   -0.243736   0.392129
 587   PHE   -0.122068   0
 588   ILE   -0.133044   0
 590   PHE   -0.175877   0
 591   VAL   -0.193856   0
 592   LYS   -0.039212   -0.354519
 594   TYR   -0.0225772   0.201474
 603   PHE   -0.283728   0
 604   THR   0.326355   0
 605   ALA   -0.971084   0
 606   GLU   -1.1889   1.37017
 607   ARG   -0.191364   -0.811179
 608   SER   -0.276568   0
 610   GLU   -0.0978516   0.364377
 611   ASP   -0.179592   0.405364
 612   GLU   -0.127451   0.343745
 615   ARG   -0.0206768   -0.173916
 616   GLU   -0.049471   0.111853
 871   TYR   -0.0823185   0.775745
 874   ASP   -0.0416705   0.191012
 875   TYR   0.0284123   1.06153
 877   LYS   -0.00852173   -0.103238
 882   TYR   -0.0344241   0.115949
 884   HIS   -0.0364844   -0.172287
 886   GLY   0.0527048   0
 887   PRO   -0.082909   0
 888   PRO   -0.000194141   0
 890   TYR   -0.0289981   0.4533
1013   LYS   0.0106129   -0.130478
1016   HIS   0.029942   -0.100246
1019   TYR   0.00747677   0.128031
1037   TYR   -0.00887583   0.274234
1041   TYR   -0.112213   0.534918
1042   HID   0.0299704   -0.231302
1050   ASP   -0.0152873   0.100854
1081   TYR   -0.015581   0.407902
1085   TYR   -0.0217117   0.197821
1088   TYR   -0.00022462   0.247557
1091   TYR   -0.0256638   0.135241
SITE:  ARG- 411
 406   GLU   -0.0411921   0.196659
 409   ILE   0.221742   0
 410   ILE   0.238068   0
 413   PRO   -0.0656579   0
 433   PRO   -0.0836482   0
 434   PRO   -0.0828964   0
 436   ASP   -0.00907522   0.149716
 487   TYR   -0.0177388   0.160754
 509   TYR   -0.0098664   0.12095
 548   GLY   0.00391171   0
 549   GLY   -0.00466864   0
 550   TYR   0.0436158   0.208622
 551   ASP   0.000756979   0.130082
 559   THR   0.266079   0
 560   ALA   -0.307264   0
 561   LEU   0.161436   0
 584   GLU   0.0163285   0.118218
 592   LYS   0.0123432   -0.126228
 594   TYR   0.000578985   0.181913
 595   LYS   0.0815579   -0.107455
 599   LEU   -0.217746   0
 600   THR   1.01067   0
 602   SER   -0.255004   0
 606   GLU   0.00834747   0.12804
 612   GLU   -0.0256488   0.142025
 868   ASP   0.0484555   0.102448
 871   TYR   0.110258   0.233688
 874   ASP   0.712136   1.43805
 875   TYR   0.24826   0.478046
 877   LYS   -0.153525   -0.797989
 878   SER   -0.747496   0
 879   ILE   0.0802037   0
 881   GLN   0.449699   0
 882   TYR   0.374766   2.2854
 884   HIS   -0.0220349   -0.315256
1041   TYR   -0.0367645   0.144109
1088   TYR   -0.0045067   0.104195
SITE:  ASP- 416
 415   THR   0.231427   0
 417   LYS   -0.157117   -0.634088
 418   HIS   0.0205469   -0.531232
 431   PHE   0.148301   0
 432   GLY   0.0398129   0
 433   PRO   0.0372543   0
 434   PRO   -2.47978e-05   0
 436   ASP   -0.0290252   0.622487
 509   TYR   -0.0197117   0.260081
 510   HIS   -0.0178806   -0.174671
 882   TYR   -0.00637666   0.120507
SITE:  LYS- 417
 416   ASP   -0.414728   0.634088
 418   HIS   0.0373362   -0.460526
 428   ASP   -0.0526052   0.171682
 430   PRO   -0.157127   0
 431   PHE   0.206696   0
 432   GLY   -0.0605835   0
 433   PRO   -0.0423939   0
 436   ASP   -0.0328436   0.226067
 509   TYR   -0.0141442   0.167196
 510   HIS   -0.00832428   -0.130263
 551   ASP   0.0521322   0.290625
 557   ASN   0.173187   0
 882   TYR   -0.0079335   0.147893
SITE:  HIS- 418
 416   ASP   0.367014   0.531232
 417   LYS   0.0545383   -0.460526
 419   ILE   -0.400586   0
 420   TYR   0.134636   0.565672
 421   GLN   0.45824   0
 428   ASP   -0.198838   0.310641
 429   VAL   0.417057   0
 430   PRO   -0.287798   0
 432   GLY   0.573151   0
 433   PRO   0.345818   0
 434   PRO   -0.0109119   0
 435   LEU   0.406959   0
 436   ASP   -0.45004   1.36226
 437   ILE   -0.163576   0
 439   ILE   -0.187155   0
 441   HIS   -0.0335886   -0.263007
 487   TYR   -0.0334316   0.221415
 492   HIS   0.0458857   -0.104883
 496   ASP   0.043628   0.225572
 497   HIS   0.084481   -0.164412
 498   LYS   -0.0583408   -0.184743
 508   ASP   -0.0659857   0.63317
 509   TYR   -0.097546   1.93355
 510   HIS   -0.245112   -1.4812
 512   HIS   -0.0504834   -0.263963
 525   ASP   0.0259703   0.186473
 550   TYR   -0.0360824   0.13019
 551   ASP   0.0101918   0.146719
 555   TYR   0.0809637   0.129815
 556   ASN   0.00652763   0
 558   ALA   0.155147   0
 882   TYR   0.00476243   0.113498
SITE:  TYR- 420
  96   ARG   -0.0484476   -0.109841
 164   GLU   -0.033167   0.182418
 166   PRO   0.101172   0
 167   SER   0.106576   0
 170   ASP   0.0451198   0.400171
 418   HIS   -0.00788922   -0.565672
 421   GLN   0.620894   0
 422   PRO   -0.906942   0
 423   TYR   -0.685084   0.326719
 424   PRO   -0.24128   0
 425   SER   0.180153   0
 426   GLY   0.000137803   0
 427   ALA   0.253507   0
 428   ASP   -0.171155   0.376735
 429   VAL   0.0942193   0
 430   PRO   0.0596748   0
 436   ASP   -0.0267454   0.217207
 441   HIS   -0.00734513   -0.141693
 487   TYR   0.00826855   0.249646
 496   ASP   0.0249958   0.196145
 497   HIS   0.156207   -0.363441
 498   LYS   -0.18243   -0.252357
 499   LYS   -0.0778521   -0.195463
 500   GLY   -0.113085   0
 501   ASP   0.0491464   0.160809
 502   ASP   0.0412044   0.106852
 504   PHE   -0.275232   0
 505   VAL   0.487042   0
 506   TYR   0.749862   0.251939
 507   ALA   -0.439786   0
 508   ASP   -0.422101   1.41707
 509   TYR   0.0666737   0.595689
 510   HIS   -0.244021   -1.59979
 511   THR   0.203411   0
 512   HIS   -0.0325175   -0.588155
 514   LEU   -0.251722   0
 515   TYR   -0.111109   0.268181
 518   ARG   -0.170399   -0.21396
 525   ASP   0.178021   0.701572
 527   SER   0.146703   0
 530   HIS   -0.101145   -0.187025
 531   ASP   0.00496044   0.210804
 550   TYR   -0.0250541   0.103276
 555   TYR   -0.0237101   0.162899
 556   ASN   -0.169532   0
SITE:  TYR- 423
 170   ASP   -0.00301983   0.127521
 192   TYR   0.00785378   0.139038
 420   TYR   -0.0354808   0.326719
 424   PRO   -0.36764   0
 499   LYS   0.0590954   -0.132382
 501   ASP   -0.102482   0.309155
 502   ASP   0.136821   0.117605
 506   TYR   -0.306625   1.05739
 508   ASP   -0.0090846   0.14996
 510   HIS   -0.00453968   -0.122456
 525   ASP   0.0314131   0.138619
SITE:  ASP- 428
 170   ASP   0.020353   0.205886
 417   LYS   -0.0276526   -0.171682
 418   HIS   0.0477418   -0.310641
 419   ILE   -0.33901   0
 420   TYR   0.509606   0.376735
 421   GLN   -0.433837   0
 422   PRO   0.0957101   0
 426   GLY   0.174943   0
 429   VAL   -0.274578   0
 430   PRO   0.0406381   0
 508   ASP   -0.0143676   0.155433
 509   TYR   0.00678754   0.151274
 510   HIS   -0.00579558   -0.229508
SITE:  ASP- 436
 411   ARG   -0.0620909   -0.149716
 415   THR   -0.852932   0
 416   ASP   0.539278   0.622487
 417   LYS   -0.149274   -0.226067
 418   HIS   -0.194227   -1.36226
 420   TYR   -0.0139795   0.217207
 432   GLY   0.486868   0
 433   PRO   0.88565   0
 434   PRO   0.165155   0
 435   LEU   0.110161   0
 437   ILE   -0.738535   0
 438   GLN   -0.82972   0
 439   ILE   -0.778162   0
 440   LEU   -0.398676   0
 441   HIS   -0.12144   -0.478081
 445   ASP   -0.0760469   0.174948
 487   TYR   -0.0393658   0.199271
 492   HIS   0.0482966   -0.184423
 496   ASP   0.0346409   0.282226
 497   HIS   0.0761169   -0.140657
 498   LYS   -0.0277853   -0.169975
 508   ASP   -0.0219669   0.397166
 509   TYR   -0.202038   1.68711
 510   HIS   -0.078277   -0.676911
 512   HIS   -0.0429222   -0.20525
 525   ASP   0.00787851   0.120642
 550   TYR   -0.0169168   0.111749
 558   ALA   0.16812   0
 594   TYR   -0.0412296   0.17121
 882   TYR   0.00557399   0.154371
SITE:  HIS- 441
 418   HIS   -0.0122913   -0.263007
 420   TYR   -0.0174564   0.141693
 434   PRO   0.141678   0
 436   ASP   0.161123   0.478081
 437   ILE   0.733618   0
 438   GLN   0.126873   0
 439   ILE   0.150374   0
 440   LEU   0.0698722   0
 442   GLN   -0.534758   0
 443   VAL   -0.246662   0
 444   LEU   -0.512641   0
 445   ASP   -0.169993   0.857998
 447   GLN   -0.260316   0
 451   GLU   -0.0220809   0.199751
 487   TYR   -0.0523419   0.206806
 490   ASN   0.0176605   0
 491   SER   0.133569   0
 492   HIS   0.749154   -2.19217
 493   SER   0.190713   0
 495   LEU   -0.490249   0
 496   ASP   0.240527   1.79431
 497   HIS   0.12299   -0.35085
 498   LYS   0.0051997   -0.419799
 508   ASP   -0.00850406   0.41511
 509   TYR   -0.0437377   0.740286
 510   HIS   -0.00335755   -0.383143
 512   HIS   -0.0771592   -0.295783
 525   ASP   -0.00695693   0.153414
 531   ASP   -0.00268828   0.173165
 594   TYR   -0.0692732   0.350421
SITE:  ASP- 445
 406   GLU   -0.00108216   0.117867
 436   ASP   0.0488128   0.174948
 437   ILE   0.145164   0
 438   GLN   0.154471   0
 439   ILE   0.199207   0
 440   LEU   0.258912   0
 441   HIS   0.916577   -0.857998
 442   GLN   0.265875   0
 443   VAL   0.106232   0
 444   LEU   0.0165827   0
 446   LEU   -0.503728   0
 447   GLN   -0.44872   0
 448   ILE   -0.444766   0
 449   ALA   -0.279871   0
 451   GLU   -0.12633   0.3471
 487   TYR   -0.02595   0.118025
 490   ASN   0.197726   0
 492   HIS   -0.49788   -1.54085
 496   ASP   -0.037171   0.21825
 509   TYR   -0.0119053   0.190333
 512   HIS   -0.0183578   -0.109838
 594   TYR   -0.104442   1.1181
 596   ASN   -0.255314   0
SITE:  GLU- 451
 404   ARG   -0.0223874   -0.134597
 406   GLU   0.0579458   0.480289
 441   HIS   0.106785   -0.199751
 443   VAL   0.146344   0
 444   LEU   0.278678   0
 445   ASP   0.097818   0.3471
 446   LEU   0.15443   0
 447   GLN   0.731272   0
 448   ILE   0.431581   0
 450   ILE   -0.0355407   0
 452   ASN   0.0482352   0
 453   ILE   0.0865701   0
 464   LEU   -0.273866   0
 466   ASP   -0.0845458   0.249663
 469   LEU   0.164752   0
 478   ASN   -0.358591   0
 479   CYX   0.509804   0
 480   THR   -0.0172733   0
 481   ILE   -0.0623861   0
 483   SER   -0.113841   0
 486   ASN   0.266146   0
 487   TYR   -0.0225772   0.258628
 489   GLN   -0.158499   0
 492   HIS   -0.0444412   -0.321885
 509   TYR   -0.0012735   0.112004
 512   HIS   -0.0125589   -0.1754
 531   ASP   -0.0114853   0.112655
 535   GLY   -0.172806   0
 536   THR   -0.350424   0
 564   THR   0.038933   0
 565   PHE   -0.174948   0
 566   PRO   0.128889   0
 570   TYR   -0.0188963   0.133899
 584   GLU   -0.0315287   0.244154
 586   GLU   -0.0516836   0.147885
 594   TYR   -0.037529   0.27958
 606   GLU   -0.04536   0.135551
 607   ARG   -0.00228553   -0.102334
 871   TYR   -0.00258003   0.11561
 875   TYR   0.0176495   0.186816
 890   TYR   -0.00114909   0.133783
1037   TYR   -0.00200244   0.107384
1041   TYR   -0.0235514   0.200778
SITE:  TYR- 457
 404   ARG   -0.011714   -0.279653
 406   GLU   0.00956307   0.149157
 458   ASP   -0.718873   1.19638
 460   GLU   -0.0250712   0.334455
 466   ASP   0.0356836   0.228348
 570   TYR   -0.0224022   0.197
 573   ASP   0.0194221   0.351943
 574   THR   0.25068   0
 575   GLU   0.0508185   1.3023
 576   LYS   0.125266   -0.300613
 578   GLN   -2.90722   0
 579   ARG   -0.0307206   -0.688661
 582   ALA   -0.161978   0
 584   GLU   -0.0599495   0.264884
 585   LYS   -0.0643284   -0.168268
 586   GLU   -0.072925   0.137115
 606   GLU   -0.0484621   0.121707
 607   ARG   -0.00504451   -0.245512
 610   GLU   0.00901809   0.180955
 611   ASP   -0.0209456   0.118934
SITE:  ASP- 458
 457   TYR   0.22477   1.19638
 459   ASN   -0.551043   0
 460   GLU   -0.0595089   0.525478
 466   ASP   0.0188042   0.162371
 573   ASP   0.0130869   0.154631
 575   GLU   -0.00418929   0.699951
 576   LYS   0.0323043   -0.157315
 578   GLN   -0.273203   0
 579   ARG   0.0570373   -0.462172
 584   GLU   -0.0270898   0.106072
 607   ARG   0.00510753   -0.101927
SITE:  GLU- 460
 455   ALA   0.187382   0
 456   SER   -0.242336   0
 457   TYR   0.374094   0.334455
 458   ASP   0.113887   0.525478
 462   VAL   -0.0275384   0
 466   ASP   0.0405801   0.570211
 570   TYR   -0.0264352   0.216353
 573   ASP   0.0286108   0.166715
 575   GLU   0.232358   0.742999
 576   LYS   0.0186819   -0.320831
 579   ARG   0.127035   -1.05281
 584   GLU   -0.0286016   0.116234
SITE:  ASP- 466
 404   ARG   -0.0955067   -0.337493
 406   GLU   0.0662052   0.433326
 451   GLU   0.0518407   0.249663
 453   ILE   0.194603   0
 454   THR   -0.22983   0
 455   ALA   0.25174   0
 457   TYR   0.110388   0.228348
 458   ASP   -0.00921664   0.162371
 460   GLU   -0.114253   0.570211
 461   THR   0.082847   0
 462   VAL   -0.945486   0
 463   THR   1.0449   0
 464   LEU   0.501918   0
 465   GLN   -0.0924393   0
 467   ILE   -0.766698   0
 468   CYX   0.187354   0
 477   THR   0.148675   0
 478   ASN   0.165638   0
 566   PRO   0.114651   0
 567   VAL   -0.18282   0
 568   ASN   0.360158   0
 570   TYR   -0.259688   1.19487
 573   ASP   0.0435366   0.293371
 575   GLU   0.279086   0.576384
 576   LYS   0.124723   -0.818216
 577   LEU   0.120233   0
 579   ARG   -1.23603   -1.29521
 584   GLU   -0.101503   0.411791
 586   GLU   -0.123181   0.155732
 606   GLU   -0.0839242   0.174279
 607   ARG   -0.0164055   -0.156934
 875   TYR   0.00088972   0.101734
 890   TYR   -0.00222697   0.130929
1037   TYR   0.00359764   0.113549
1041   TYR   -0.0103628   0.109894
SITE:  TYR- 475
 472   LEU   0.103702   0
 476   ASN   -0.551276   0
 487   TYR   0.0124747   0.11868
 512   HIS   -0.00371908   -0.121722
 531   ASP   -0.0246686   0.131462
 535   GLY   0.168865   0
 536   THR   0.17699   0
 538   GLY   -0.0896913   0
 945   ASP   0.00213851   0.134986
 958   ARG   0.015459   -0.112407
1005   ASP   -0.0196412   0.536819
1006   ASN   -0.152882   0
1007   PRO   0.240684   0
1008   ASN   -0.244964   0
1009   PRO   -0.103481   0
1010   LYS   -0.0742581   -0.282929
1011   CYX   -0.152187   0
1012   GLY   0.137878   0
1013   LYS   0.140562   -0.221144
1016   HIS   -0.163071   -0.432069
1019   TYR   -0.036682   0.145848
SITE:  TYR- 487
  96   ARG   0.0202424   -0.286907
 164   GLU   0.0300082   0.271581
 170   ASP   0.0307258   0.138659
 242   ASP   0.021919   0.170383
 406   GLU   0.0437678   0.231085
 411   ARG   0.0135449   -0.160754
 418   HIS   0.0164348   -0.221415
 420   TYR   0.0289172   0.249646
 434   PRO   0.00478984   0
 436   ASP   0.0471414   0.199271
 441   HIS   0.0457706   -0.206806
 445   ASP   -0.0250767   0.118025
 451   GLU   0.00169231   0.258628
 475   TYR   -0.0413363   0.11868
 481   ILE   0.118208   0
 482   LEU   -0.160579   0
 483   SER   0.402352   0
 484   VAL   0.119844   0
 486   ASN   -0.53786   0
 488   PHE   -0.157327   0
 489   GLN   -0.390301   0
 490   ASN   -0.188195   0
 492   HIS   0.0488644   -0.146511
 496   ASP   -0.0280628   0.137079
 497   HIS   0.0756194   -0.258495
 508   ASP   0.0289996   0.270557
 509   TYR   0.135869   0.427454
 510   HIS   0.216602   -0.372485
 511   THR   0.140381   0
 512   HIS   0.30706   -1.10692
 513   PHE   0.614059   0
 514   LEU   0.218631   0
 515   TYR   -0.000433921   0.555138
 517   VAL   -0.263728   0
 518   ARG   0.029496   -0.647646
 520   PRO   -0.142286   0
 522   SER   0.253307   0
 525   ASP   -0.00906214   0.601801
 530   HIS   -0.0977872   -0.133121
 531   ASP   0.0408446   0.318811
 533   CYX   0.454651   0
 534   LEU   0.247927   0
 535   GLY   -0.101077   0
 539   GLY   0.138187   0
 540   PRO   -0.51888   0
 541   VAL   2.18946   0
 542   PHE   -0.290484   0
 543   PRO   -0.179665   0
 545   LEU   -0.423926   0
 546   VAL   -0.339656   0
 547   LEU   0.00143813   0
 548   GLY   0.105051   0
 550   TYR   0.0175731   0.788145
 551   ASP   -0.0448894   0.177713
 552   ASP   -0.00292533   0.175657
 553   GLN   0.27728   0
 555   TYR   0.167324   1.05838
 561   LEU   -0.172937   0
 562   VAL   0.196748   0
 566   PRO   -0.0258667   0
 584   GLU   -0.0028158   0.115915
 594   TYR   -0.0234756   0.111451
 606   GLU   -0.00114604   0.134675
 875   TYR   0.0437573   0.265372
 882   TYR   0.0400288   0.151052
 884   HIS   -0.0671401   -0.421206
 886   GLY   0.0848448   0
 890   TYR   0.000857237   0.279459
 930   ASP   0.0275775   0.171457
 944   ASP   -0.027782   0.134015
 945   ASP   0.0121523   0.259094
 948   ASP   -0.0191757   0.128612
 951   LYS   0.00394358   -0.100178
1005   ASP   0.0302946   0.126981
1013   LYS   0.0057771   -0.410383
1016   HIS   0.0112646   -0.125607
1019   TYR   0.0163094   0.325378
1037   TYR   -0.0182152   0.239723
1041   TYR   -0.0291665   0.618226
1042   HID   0.0717056   -0.18596
1081   TYR   0.00939115   0.117577
1085   TYR   -0.0066317   0.121444
SITE:  HIS- 492
 418   HIS   -0.00914301   -0.104883
 436   ASP   0.0578968   0.184423
 437   ILE   0.198008   0
 440   LEU   0.145136   0
 441   HIS   0.435852   -2.19217
 444   LEU   -0.405866   0
 445   ASP   0.311254   1.54085
 447   GLN   -0.317054   0
 448   ILE   -0.236684   0
 451   GLU   -0.041016   0.321885
 487   TYR   -0.0294648   0.146511
 490   ASN   0.227698   0
 491   SER   0.14245   0
 493   SER   -0.251434   0
 494   VAL   -0.172614   0
 495   LEU   -0.366482   0
 496   ASP   -0.268706   0.627799
 497   HIS   0.014498   -0.249521
 498   LYS   0.0104141   -0.202531
 508   ASP   -0.00913518   0.178167
 509   TYR   -0.0137893   0.285458
 510   HIS   0.00908206   -0.163254
 512   HIS   -0.0435065   -0.207628
 525   ASP   -0.00986531   0.101987
 531   ASP   -0.00359513   0.155736
 594   TYR   -0.0456541   0.342493
SITE:  ASP- 496
 418   HIS   -0.0167581   -0.225572
 420   TYR   -0.0268376   0.196145
 436   ASP   0.0150209   0.282226
 437   ILE   0.0153994   0
 438   GLN   -0.122255   0
 441   HIS   -0.520702   -1.79431
 445   ASP   -0.0141583   0.21825
 487   TYR   -0.0142821   0.137079
 491   SER   0.160751   0
 492   HIS   0.734178   -0.627799
 493   SER   0.39089   0
 494   VAL   0.0352431   0
 495   LEU   0.00247433   0
 497   HIS   -0.140413   -0.726298
 498   LYS   0.0601376   -1.4459
 499   LYS   -0.0369518   -0.124972
 508   ASP   -0.00697277   0.719073
 509   TYR   -0.129647   0.625013
 510   HIS   -0.0317428   -0.476719
 512   HIS   -0.101981   -0.319979
 525   ASP   -0.00498841   0.197039
 531   ASP   0.00526313   0.232493
SITE:  HIS- 497
 418   HIS   -0.00712376   -0.164412
 420   TYR   -0.0192676   0.363441
 436   ASP   0.0100376   0.140657
 441   HIS   -0.0212401   -0.35085
 487   TYR   0.121504   0.258495
 491   SER   0.108347   0
 492   HIS   0.236449   -0.249521
 493   SER   0.695493   0
 494   VAL   0.476526   0
 495   LEU   0.26606   0
 496   ASP   -0.31459   0.726298
 498   LYS   -0.765126   -0.814659
 499   LYS   -0.122466   -0.567377
 500   GLY   0.0309   0
 501   ASP   0.0307894   0.127878
 506   TYR   -0.0893353   0.114154
 508   ASP   -0.158821   0.922489
 509   TYR   -0.0735271   0.430783
 510   HIS   0.0336923   -0.535255
 511   THR   -0.192239   0
 512   HIS   -0.277531   -1.1228
 515   TYR   -0.0984631   0.202181
 524   ASN   -0.169033   0
 525   ASP   -0.116491   0.792315
 529   LEU   -0.174159   0
 530   HIS   -0.106716   -0.307128
 531   ASP   0.44814   1.90846
 532   PRO   0.271375   0
SITE:  LYS- 498
 418   HIS   -0.0164797   -0.184743
 420   TYR   -0.0530789   0.252357
 436   ASP   -0.00254724   0.169975
 441   HIS   -0.0707012   -0.419799
 492   HIS   0.167859   -0.202531
 493   SER   0.198853   0
 494   VAL   0.109607   0
 495   LEU   0.156281   0
 496   ASP   1.54986   1.4459
 497   HIS   0.533252   -0.814659
 499   LYS   -0.369174   -0.309216
 500   GLY   -0.0430815   0
 501   ASP   0.0517208   0.189495
 502   ASP   -0.0242505   0.194124
 506   TYR   -0.0750979   0.11682
 507   ALA   0.154268   0
 508   ASP   -0.00304155   0.875374
 509   TYR   -0.141675   0.42955
 510   HIS   -0.0566756   -0.468608
 512   HIS   -0.0792226   -0.267021
 525   ASP   0.000306209   0.203686
 531   ASP   0.000599477   0.208671
SITE:  LYS- 499
 420   TYR   -0.0208532   0.195463
 423   TYR   -0.058811   0.132382
 496   ASP   -0.000737183   0.124972
 497   HIS   0.0352041   -0.567377
 498   LYS   0.1438   -0.309216
 500   GLY   -0.108023   0
 501   ASP   0.0369528   0.304847
 506   TYR   -0.223414   0.295753
 508   ASP   -0.0224719   0.286454
 510   HIS   -0.00651847   -0.160793
 512   HIS   -0.0368109   -0.237278
 515   TYR   -0.0251008   0.100165
 525   ASP   -0.0525794   0.317004
 528   LEU   0.402921   0
 529   LEU   0.219918   0
 530   HIS   0.0785423   -0.389553
 531   ASP   -0.00151954   0.339243
SITE:  ASP- 501
 420   TYR   -0.0408473   0.160809
 423   TYR   0.0159564   0.309155
 497   HIS   -0.00476625   -0.127878
 498   LYS   -0.0313574   -0.189495
 499   LYS   0.0364963   -0.304847
 500   GLY   -0.212872   0
 502   ASP   -0.536078   0.875639
 506   TYR   0.110903   1.40522
 508   ASP   -0.00490322   0.184266
 510   HIS   -0.0109653   -0.110649
SITE:  ASP- 502
 420   TYR   -0.0354852   0.106852
 423   TYR   -0.00171462   0.117605
 498   LYS   -0.0323076   -0.194124
 501   ASP   -0.377658   0.875639
 503   PHE   -0.428572   0
 506   TYR   -0.0261223   0.343411
 508   ASP   0.00107289   0.150295
SITE:  TYR- 506
 420   TYR   -0.0489619   0.251939
 423   TYR   0.0794571   1.05739
 497   HIS   0.0101177   -0.114154
 498   LYS   -0.0473534   -0.11682
 499   LYS   0.164399   -0.295753
 500   GLY   -0.424824   0
 501   ASP   -0.885561   1.40522
 502   ASP   0.32379   0.343411
 508   ASP   -0.0039697   0.186093
 510   HIS   -0.0138981   -0.123581
 525   ASP   0.0145257   0.121636
SITE:  ASP- 508
 170   ASP   0.0139137   0.129806
 418   HIS   -0.0574158   -0.63317
 420   TYR   -0.243694   1.41707
 421   GLN   0.392768   0
 422   PRO   -0.117641   0
 423   TYR   -0.142172   0.14996
 428   ASP   -0.0607128   0.155433
 435   LEU   0.134569   0
 436   ASP   -0.0253061   0.397166
 441   HIS   -0.0396816   -0.41511
 487   TYR   -0.00571399   0.270557
 492   HIS   0.156394   -0.178167
 493   SER   0.156845   0
 494   VAL   0.285328   0
 495   LEU   0.470818   0
 496   ASP   0.121846   0.719073
 497   HIS   0.672392   -0.922489
 498   LYS   -0.50234   -0.875374
 499   LYS   -0.278908   -0.286454
 500   GLY   -0.126569   0
 501   ASP   0.0798561   0.184266
 502   ASP   -0.00941028   0.150295
 505   VAL   -0.266204   0
 506   TYR   -0.0507513   0.186093
 507   ALA   -0.198828   0
 509   TYR   -0.766208   1.29293
 510   HIS   -0.535619   -2.92391
 511   THR   -0.431183   0
 512   HIS   -0.351206   -0.799586
 513   PHE   -0.188693   0
 515   TYR   -0.116928   0.178651
 518   ARG   -0.0840676   -0.115743
 525   ASP   0.0777474   0.653942
 527   SER   0.0948108   0
 529   LEU   -0.146535   0
 530   HIS   -0.085832   -0.159997
 531   ASP   -0.00900889   0.363002
 555   TYR   0.0243166   0.113285
SITE:  TYR- 509
 411   ARG   -0.0368004   -0.12095
 416   ASP   0.184227   0.260081
 417   LYS   -0.168487   -0.167196
 418   HIS   -0.35457   -1.93355
 420   TYR   -0.03277   0.595689
 421   GLN   0.248043   0
 428   ASP   -0.0795862   0.151274
 429   VAL   0.100734   0
 431   PHE   -0.313451   0
 432   GLY   0.402144   0
 433   PRO   0.313555   0
 434   PRO   0.165087   0
 435   LEU   2.10496   0
 436   ASP   -0.844318   1.68711
 437   ILE   -0.185697   0
 438   GLN   -0.221478   0
 439   ILE   -0.322728   0
 440   LEU   -0.548008   0
 441   HIS   -0.0553754   -0.740286
 445   ASP   -0.0556317   0.190333
 451   GLU   -0.0109745   0.112004
 484   VAL   0.020059   0
 487   TYR   -0.0972525   0.427454
 492   HIS   0.142038   -0.285458
 494   VAL   0.101435   0
 495   LEU   0.233782   0
 496   ASP   0.0631862   0.625013
 497   HIS   0.267266   -0.430783
 498   LYS   -0.0904304   -0.42955
 508   ASP   -0.0810853   1.29293
 510   HIS   -0.154975   -2.75396
 512   HIS   -0.178119   -0.604221
 513   PHE   -0.194889   0
 515   TYR   -0.0715345   0.136499
 518   ARG   -0.0648641   -0.131299
 525   ASP   0.0318616   0.364332
 531   ASP   0.00849882   0.223685
 550   TYR   -0.0219528   0.171972
 551   ASP   -0.00161437   0.11703
 555   TYR   0.129371   0.177671
 594   TYR   -0.0305736   0.141241
 882   TYR   0.00660392   0.122359
 884   HIS   -0.0116453   -0.124906
SITE:  HIS- 510
 164   GLU   -0.0105366   0.108579
 170   ASP   0.0224405   0.164446
 416   ASP   0.100306   0.174671
 417   LYS   -0.0996466   -0.130263
 418   HIS   -0.26589   -1.4812
 419   ILE   0.0878618   0
 420   TYR   0.0114052   1.59979
 421   GLN   0.454543   0
 422   PRO   -0.140926   0
 423   TYR   -0.137449   0.122456
 428   ASP   -0.131887   0.229508
 429   VAL   0.155963   0
 432   GLY   0.2011   0
 433   PRO   0.129528   0
 434   PRO   0.035537   0
 435   LEU   0.353921   0
 436   ASP   -0.151704   0.676911
 437   ILE   -0.143886   0
 440   LEU   -0.153618   0
 441   HIS   -0.0234018   -0.383143
 487   TYR   -0.0325785   0.372485
 492   HIS   0.101146   -0.163254
 494   VAL   0.16791   0
 495   LEU   0.262252   0
 496   ASP   0.050985   0.476719
 497   HIS   0.324902   -0.535255
 498   LYS   -0.188388   -0.468608
 499   LYS   -0.109494   -0.160793
 501   ASP   0.0453459   0.110649
 505   VAL   -0.00130073   0
 506   TYR   0.0703623   0.123581
 507   ALA   -0.278612   0
 508   ASP   -1.50787   2.92391
 509   TYR   0.882192   2.75396
 511   THR   -0.369212   0
 512   HIS   -0.272736   -0.800598
 513   PHE   -0.328582   0
 514   LEU   -0.262632   0
 515   TYR   -0.125695   0.198051
 518   ARG   -0.103582   -0.16608
 525   ASP   0.0896193   0.592736
 530   HIS   -0.0905246   -0.12749
 531   ASP   0.000409828   0.267883
 550   TYR   -0.0260666   0.138878
 555   TYR   0.0503592   0.176585
SITE:  HIS- 512
  96   ARG   -0.0332961   -0.206487
 164   GLU   0.00262344   0.203258
 166   PRO   -0.0571675   0
 170   ASP   0.0200828   0.186343
 242   ASP   0.0170062   0.126122
 418   HIS   -0.00417747   -0.263963
 420   TYR   0.0499652   0.588155
 436   ASP   0.0423452   0.20525
 441   HIS   0.0217053   -0.295783
 445   ASP   -0.0157264   0.109838
 451   GLU   0.00633435   0.1754
 475   TYR   -0.0256376   0.121722
 483   SER   0.169659   0
 484   VAL   0.299985   0
 485   LEU   0.212992   0
 487   TYR   1.2945   1.10692
 489   GLN   -0.25016   0
 490   ASN   -0.190666   0
 491   SER   0.070245   0
 492   HIS   0.120697   -0.207628
 494   VAL   0.36344   0
 495   LEU   0.187722   0
 496   ASP   -0.0901803   0.319979
 497   HIS   0.22498   -1.1228
 498   LYS   -0.0817348   -0.267021
 499   LYS   -0.112995   -0.237278
 507   ALA   -0.194974   0
 508   ASP   0.286261   0.799586
 509   TYR   0.468894   0.604221
 510   HIS   0.348795   -0.800598
 511   THR   -0.0239627   0
 513   PHE   -0.373119   0
 514   LEU   -0.17426   0
 515   TYR   -0.770466   0.887729
 516   CYX   -0.0797345   0
 517   VAL   -0.197841   0
 518   ARG   -0.306732   -0.319635
 520   PRO   0.0484758   0
 522   SER   0.08303   0
 524   ASN   -0.402076   0
 525   ASP   -0.740429   3.21393
 526   THR   -0.179432   0
 527   SER   -0.00437194   0
 529   LEU   -0.57337   0
 530   HIS   -0.521424   -0.46582
 531   ASP   0.367885   1.46582
 532   PRO   0.454088   0
 535   GLY   -0.119621   0
 541   VAL   0.0888855   0
 543   PRO   -0.0217378   0
 550   TYR   -0.0168106   0.20494
 555   TYR   0.0198297   0.301152
 884   HIS   -0.0139499   -0.120365
 945   ASP   0.0120632   0.119077
1013   LYS   0.00155449   -0.176604
1019   TYR   -0.00379489   0.129133
1041   TYR   -0.00720323   0.162077
SITE:  TYR- 515
  61   GLU   0.0155972   0.102701
  84   LYS   0.031391   -0.126208
  89   LEU   0.137768   0
  90   PRO   0.0854006   0
  92   GLN   0.26992   0
  96   ARG   -0.141685   -0.790285
 162   ASP   -0.0244702   0.114941
 164   GLU   0.0668608   0.514759
 166   PRO   -0.48221   0
 167   SER   -0.174225   0
 168   SER   0.199699   0
 170   ASP   0.0587192   0.257132
 171   LYS   0.00641391   -0.129625
 242   ASP   0.0792239   0.412671
 420   TYR   0.0268598   0.268181
 487   TYR   0.035099   0.555138
 497   HIS   0.0373576   -0.202181
 499   LYS   -0.0281198   -0.100165
 508   ASP   0.0333341   0.178651
 509   TYR   0.0742756   0.136499
 510   HIS   0.0886376   -0.198051
 511   THR   0.12568   0
 512   HIS   0.256656   -0.887729
 513   PHE   0.155914   0
 516   CYX   -0.22379   0
 518   ARG   -0.652005   -0.559295
 519   ALA   0.354176   0
 520   PRO   0.00458738   0
 521   ALA   -0.20246   0
 522   SER   -1.27603   0
 523   LEU   -0.219094   0
 524   ASN   1.28237   0
 525   ASP   0.653712   1.45189
 526   THR   -0.302368   0
 527   SER   -0.351935   0
 529   LEU   -0.206034   0
 530   HIS   -0.308142   -0.465975
 531   ASP   0.142473   0.344132
 532   PRO   -0.139287   0
 543   PRO   -0.0541666   0
 550   TYR   -0.0165301   0.147597
 555   TYR   -0.0487376   0.289247
 944   ASP   -0.0147485   0.120327
 945   ASP   0.0301746   0.241345
 948   ASP   0.0147838   0.231782
 951   LYS   0.0150217   -0.232329
1005   ASP   0.0243306   0.14728
1009   PRO   0.106871   0
1010   LYS   0.0406762   -0.144661
1013   LYS   -0.0330512   -0.281023
1019   TYR   -0.0186873   0.209248
1041   TYR   0.000305195   0.124559
SITE:  ARG- 518
  96   ARG   -0.246059   -1.036
 162   ASP   0.041904   0.225989
 164   GLU   0.713056   2.27618
 165   ALA   0.380084   0
 166   PRO   -0.297536   0
 167   SER   -0.209676   0
 168   SER   0.568558   0
 169   ASN   0.603812   0
 170   ASP   0.150953   0.36536
 171   LYS   -0.00806024   -0.254512
 241   GLN   -0.991853   0
 242   ASP   0.0944506   0.71463
 420   TYR   0.0347617   0.21396
 487   TYR   -0.0032646   0.647646
 508   ASP   0.0121738   0.115743
 509   TYR   0.0417854   0.131299
 510   HIS   0.0965965   -0.16608
 512   HIS   0.127184   -0.319635
 513   PHE   0.160389   0
 514   LEU   0.333052   0
 515   TYR   0.171002   0.559295
 517   VAL   0.0363826   0
 519   ALA   -0.21964   0
 520   PRO   -0.0891863   0
 525   ASP   0.0812468   0.323975
 543   PRO   -0.17161   0
 550   TYR   -0.0712986   0.42808
 551   ASP   -0.0129846   0.15076
 552   ASP   -0.00625439   0.199151
 553   GLN   0.651004   0
 554   ASN   0.0715232   0
 555   TYR   -0.369768   1.14562
 884   HIS   0.00255824   -0.195634
 930   ASP   0.00792648   0.16733
 944   ASP   -0.023403   0.127798
 945   ASP   0.0144067   0.187708
 948   ASP   -0.00363568   0.144041
 951   LYS   -0.000486575   -0.123567
1013   LYS   -0.0165866   -0.207713
1019   TYR   -0.00360028   0.185
1041   TYR   0.00247685   0.174471
SITE:  ASP- 525
  96   ARG   -0.0597555   -0.269293
 164   GLU   -0.00399559   0.261355
 166   PRO   -0.0106784   0
 167   SER   -0.212566   0
 170   ASP   0.0322495   0.284396
 242   ASP   0.0266524   0.169119
 418   HIS   0.00422309   -0.186473
 420   TYR   0.0611702   0.701572
 422   PRO   -0.144099   0
 423   TYR   -0.141023   0.138619
 424   PRO   -0.116303   0
 436   ASP   0.00872712   0.120642
 441   HIS   0.0080088   -0.153414
 484   VAL   0.108954   0
 487   TYR   0.165036   0.601801
 492   HIS   0.0632163   -0.101987
 494   VAL   0.212582   0
 495   LEU   0.127237   0
 496   ASP   -0.0277136   0.197039
 497   HIS   0.145062   -0.792315
 498   LYS   -0.146862   -0.203686
 499   LYS   -0.13091   -0.317004
 506   TYR   0.0623818   0.121636
 507   ALA   -0.279866   0
 508   ASP   0.24021   0.653942
 509   TYR   0.221814   0.364332
 510   HIS   0.169418   -0.592736
 511   THR   -0.156959   0
 512   HIS   0.121636   -3.21393
 514   LEU   -0.225876   0
 515   TYR   -0.380762   1.45189
 516   CYX   -0.0713195   0
 518   ARG   -0.371254   -0.323975
 520   PRO   0.0163704   0
 522   SER   -0.311378   0
 524   ASN   -0.335334   0
 526   THR   -1.14249   0
 527   SER   -0.399874   0
 529   LEU   -1.34565   0
 530   HIS   -1.33692   -0.936834
 531   ASP   0.283742   1.1147
 532   PRO   0.0491036   0
 550   TYR   -0.0168475   0.136891
 555   TYR   -0.0197927   0.230156
 945   ASP   0.0129451   0.109683
1010   LYS   0.014158   -0.10187
1013   LYS   -0.00896577   -0.144614
1019   TYR   -0.00694156   0.10556
SITE:  HIS- 530
  85   ASP   0.0484892   0.138168
  88   GLN   0.18991   0
  96   ARG   -0.0481051   -0.12405
 164   GLU   0.006645   0.101276
 166   PRO   0.00176573   0
 170   ASP   0.0053026   0.108577
 420   TYR   0.00766293   0.187025
 487   TYR   0.0414232   0.133121
 497   HIS   0.0250578   -0.307128
 499   LYS   -0.0234924   -0.389553
 508   ASP   0.0190231   0.159997
 510   HIS   0.0197584   -0.12749
 512   HIS   0.0132119   -0.46582
 515   TYR   -0.0197762   0.465975
 524   ASN   -0.60549   0
 525   ASP   -0.445596   0.936834
 527   SER   -0.0669311   0
 528   LEU   -0.196957   0
 531   ASP   -0.552489   0.707865
 532   PRO   0.0441962   0
1010   LYS   0.019458   -0.149057
SITE:  ASP- 531
 420   TYR   0.00831423   0.210804
 441   HIS   0.003424   -0.173165
 451   GLU   0.00832326   0.112655
 475   TYR   -0.0202003   0.131462
 485   LEU   0.118023   0
 487   TYR   0.279736   0.318811
 489   GLN   0.153596   0
 491   SER   -0.0295538   0
 492   HIS   0.0789854   -0.155736
 494   VAL   0.0942619   0
 495   LEU   0.0988895   0
 496   ASP   -0.113191   0.232493
 497   HIS   -0.26679   -1.90846
 498   LYS   -0.0149251   -0.208671
 499   LYS   -0.076751   -0.339243
 508   ASP   -0.00615386   0.363002
 509   TYR   0.0244164   0.223685
 510   HIS   0.0572282   -0.267883
 512   HIS   -0.116536   -1.46582
 515   TYR   -0.102446   0.344132
 524   ASN   -0.649866   0
 525   ASP   -0.707072   1.1147
 526   THR   -0.199863   0
 529   LEU   -0.28381   0
 530   HIS   0.254823   -0.707865
 532   PRO   -0.0115941   0
1010   LYS   0.00277055   -0.114833
SITE:  TYR- 550
  96   ARG   0.00407334   -0.160505
 164   GLU   0.023426   0.202383
 242   ASP   0.0065981   0.120218
 250   LYS   -0.0304712   -0.105323
 406   GLU   0.0142576   0.159353
 411   ARG   0.000755013   -0.208622
 418   HIS   0.0309295   -0.13019
 420   TYR   0.0140697   0.103276
 434   PRO   -0.0581924   0
 436   ASP   0.00578998   0.111749
 487   TYR   0.00128142   0.788145
 509   TYR   0.0118598   0.171972
 510   HIS   0.0536496   -0.138878
 512   HIS   0.0448771   -0.20494
 515   TYR   0.0365204   0.147597
 517   VAL   0.0575356   0
 518   ARG   0.11203   -0.42808
 520   PRO   -0.0473687   0
 525   ASP   0.0133074   0.136891
 543   PRO   0.129964   0
 544   TRP   -0.176352   0
 545   LEU   0.00719306   0
 546   VAL   -0.241332   0
 547   LEU   0.357843   0
 548   GLY   -0.105864   0
 549   GLY   -0.0989138   0
 551   ASP   -0.51531   0.581922
 552   ASP   -0.162816   0.909331
 555   TYR   0.0538633   1.93509
 557   ASN   -0.228264   0
 558   ALA   -0.284422   0
 559   THR   -0.181535   0
 560   ALA   0.168104   0
 562   VAL   -0.0281466   0
 606   GLU   0.0100327   0.129319
 875   TYR   0.0740464   0.305837
 879   ILE   0.128806   0
 882   TYR   0.327716   0.270894
 883   LEU   -0.238698   0
 884   HIS   0.178813   -2.37779
 886   GLY   0.0913142   0
 887   PRO   0.0598338   0
 890   TYR   0.000334603   0.209837
 930   ASP   0.13706   0.609325
 934   ARG   -0.0538159   -0.215524
 936   GLY   -0.000606596   0
 945   ASP   0.00481205   0.12696
1013   LYS   -0.00121331   -0.173535
1019   TYR   0.00961051   0.165887
1037   TYR   -0.0201913   0.144311
1041   TYR   -0.0724669   0.487389
1042   HID   0.129474   -0.330618
1050   ASP   0.0195688   0.179373
1081   TYR   0.0149715   0.114026
1085   TYR   -0.0132872   0.172229
1088   TYR   -0.00800854   0.103747
SITE:  ASP- 551
 411   ARG   -0.0183995   -0.130082
 417   LYS   -0.106317   -0.290625
 418   HIS   0.092073   -0.146719
 430   PRO   0.0729912   0
 432   GLY   -0.103768   0
 433   PRO   -0.0443004   0
 487   TYR   -0.00452094   0.177713
 509   TYR   -0.00141456   0.11703
 518   ARG   0.00700047   -0.15076
 548   GLY   0.00943299   0
 549   GLY   0.160221   0
 550   TYR   -0.312472   0.581922
 552   ASP   -0.720216   0.86146
 553   GLN   -0.339546   0
 554   ASN   -0.562828   0
 555   TYR   0.0949877   0.328926
 557   ASN   -1.80738   0
 559   THR   -0.202524   0
 882   TYR   0.0415089   0.254341
 884   HIS   -0.0434177   -0.650617
 930   ASP   0.0301522   0.136436
SITE:  ASP- 552
 164   GLU   0.0101908   0.115126
 250   LYS   -0.0298052   -0.171438
 487   TYR   -0.00238412   0.175657
 518   ARG   0.0458599   -0.199151
 550   TYR   -0.0484427   0.909331
 551   ASP   -0.741066   0.86146
 553   GLN   -0.593878   0
 555   TYR   0.0633284   0.520003
 557   ASN   -0.163894   0
 882   TYR   0.0606806   0.119821
 884   HIS   -0.0229003   -0.905787
 930   ASP   0.0665584   0.442154
 934   ARG   -0.0352933   -0.177159
1041   TYR   -0.000991933   0.126887
1042   HID   0.0233798   -0.143215
1050   ASP   0.0181909   0.125555
SITE:  TYR- 555
  96   ARG   0.0157942   -0.35596
 164   GLU   0.0665283   0.477543
 169   ASN   0.154202   0
 170   ASP   0.0451658   0.175163
 171   LYS   0.00295697   -0.106661
 242   ASP   0.0184509   0.250247
 250   LYS   -0.0351126   -0.104064
 418   HIS   0.0309696   -0.129815
 420   TYR   0.028234   0.162899
 430   PRO   0.094196   0
 487   TYR   0.0124578   1.05838
 508   ASP   0.00764709   0.113285
 509   TYR   0.033925   0.177671
 510   HIS   0.0946901   -0.176585
 512   HIS   0.0974917   -0.301152
 513   PHE   0.136444   0
 514   LEU   0.17614   0
 515   TYR   0.121941   0.289247
 517   VAL   0.455686   0
 518   ARG   0.415392   -1.14562
 520   PRO   -0.126286   0
 525   ASP   0.0340166   0.230156
 541   VAL   0.100696   0
 542   PHE   -0.217262   0
 543   PRO   -0.578524   0
 546   VAL   -0.152351   0
 547   LEU   -0.00586052   0
 548   GLY   0.0335606   0
 550   TYR   -0.310366   1.93509
 551   ASP   -0.118554   0.328926
 552   ASP   0.1609   0.520003
 553   GLN   1.77687   0
 554   ASN   0.253558   0
 556   ASN   0.145307   0
 875   TYR   0.028804   0.15818
 882   TYR   0.0795345   0.115403
 884   HIS   0.00299674   -0.66481
 890   TYR   -0.00160106   0.15741
 930   ASP   0.0562083   0.393545
 934   ARG   -0.0327755   -0.109886
 936   GLY   0.0913341   0
 944   ASP   -0.0227774   0.122374
 945   ASP   0.00828848   0.17949
 948   ASP   -0.0114977   0.103389
1013   LYS   -0.0083419   -0.22604
1019   TYR   0.00579742   0.205532
1037   TYR   -0.0138804   0.13133
1041   TYR   -0.00558562   0.346745
1042   HID   0.0694565   -0.201002
1085   TYR   -0.0071252   0.112246
SITE:  TYR- 570
 392   LYS   0.022844   -0.201153
 396   ASP   0.0727181   0.265876
 401   PRO   0.0836157   0
 404   ARG   -0.102448   -0.580282
 406   GLU   0.0907914   0.43411
 451   GLU   0.0103466   0.133899
 457   TYR   0.0652665   0.197
 460   GLU   -0.010356   0.216353
 463   THR   0.234986   0
 464   LEU   0.219196   0
 465   GLN   0.0414129   0
 466   ASP   0.675274   1.19487
 467   ILE   0.285458   0
 468   CYX   0.211772   0
 471   PRO   0.0332608   0
 566   PRO   0.054025   0
 567   VAL   -0.244122   0
 568   ASN   0.352528   0
 569   ASN   0.218618   0
 571   TYR   0.0211475   0.126187
 573   ASP   0.0610048   0.760251
 575   GLU   0.165617   0.552848
 576   LYS   -0.140078   -1.82858
 577   LEU   0.119545   0
 579   ARG   -0.468239   -0.742783
 580   ALA   -0.192112   0
 584   GLU   -0.0596349   0.454702
 606   GLU   -0.0949746   0.281053
 607   ARG   -0.0355757   -0.156451
 610   GLU   -0.0126451   0.121325
 875   TYR   -0.00246824   0.12792
 890   TYR   -0.00415657   0.265038
1016   HIS   0.0236348   -0.158845
1037   TYR   0.0138099   0.236202
1041   TYR   -0.0107991   0.170394
1081   TYR   -0.0118221   0.211381
SITE:  TYR- 571
 379   ASP   -0.000843907   0.164185
 389   ARG   0.023261   -0.244857
 391   GLU   0.0392523   0.16675
 392   LYS   0.0984661   -0.516353
 393   GLU   0.526591   0.955753
 394   TYR   0.12186   0.208452
 396   ASP   -0.175727   0.839769
 397   GLN   -0.749972   0
 398   HIS   0.0266257   -0.416299
 400   GLY   -0.137429   0
 401   PRO   -0.0700739   0
 404   ARG   0.00678077   -0.154719
 570   TYR   0.00163038   0.126187
 572   ASN   -1.18192   0
 573   ASP   0.00115122   0.208535
 606   GLU   0.0031616   0.133564
 890   TYR   0.00180657   0.140787
 894   GLU   -0.0335262   0.101753
1037   TYR   0.0122356   0.129418
1081   TYR   -0.00184072   0.271935
SITE:  ASP- 573
 379   ASP   -0.0205674   0.101596
 392   LYS   0.0160155   -0.22134
 393   GLU   0.0509298   0.136412
 396   ASP   0.061191   0.270297
 401   PRO   -0.0435385   0
 404   ARG   0.0229539   -0.39811
 406   GLU   0.0285452   0.172395
 457   TYR   0.092145   0.351943
 458   ASP   0.00278247   0.154631
 460   GLU   -0.0131744   0.166715
 466   ASP   0.0876554   0.293371
 569   ASN   0.0440293   0
 570   TYR   -0.0517985   0.760251
 571   TYR   0.159637   0.208535
 574   THR   -0.768428   0
 575   GLU   -0.524313   1.07441
 576   LYS   -1.11901   -1.2478
 577   LEU   -0.264974   0
 578   GLN   -0.218358   0
 579   ARG   -0.127133   -0.559759
 584   GLU   -0.0141355   0.238908
 606   GLU   -0.0470582   0.189788
 607   ARG   -0.0363097   -0.115013
 610   GLU   0.0043677   0.147292
 890   TYR   -0.00384916   0.114061
1081   TYR   -0.0067371   0.159073
SITE:  GLU- 575
 396   ASP   0.0216518   0.100068
 404   ARG   -0.0102381   -0.336823
 406   GLU   0.0257591   0.198063
 457   TYR   0.351148   1.3023
 458   ASP   0.00677914   0.699951
 460   GLU   -0.17037   0.742999
 462   VAL   -0.079985   0
 466   ASP   0.131471   0.576384
 570   TYR   -0.0529461   0.552848
 573   ASP   0.125898   1.07441
 574   THR   0.182141   0
 576   LYS   -0.976674   -1.10947
 578   GLN   -0.687617   0
 579   ARG   -0.399512   -3.101
 582   ALA   -0.144922   0
 584   GLU   -0.0543671   0.287946
 586   GLU   -0.0713909   0.102458
 606   GLU   -0.0590043   0.140696
 607   ARG   -0.0220528   -0.159844
 610   GLU   0.00276933   0.125077
SITE:  LYS- 576
 392   LYS   0.0112471   -0.124098
 396   ASP   0.0438404   0.156222
 404   ARG   -0.0256556   -0.370368
 406   GLU   0.0449854   0.230071
 457   TYR   0.109464   0.300613
 458   ASP   0.0111334   0.157315
 460   GLU   -0.0235006   0.320831
 466   ASP   0.329416   0.818216
 467   ILE   0.0554312   0
 568   ASN   0.20001   0
 570   TYR   0.18808   1.82858
 573   ASP   0.270006   1.2478
 574   THR   0.145091   0
 575   GLU   0.21988   1.10947
 577   LEU   -0.238274   0
 578   GLN   -0.172753   0
 579   ARG   -0.138617   -1.17322
 580   ALA   -0.165877   0
 584   GLU   -0.035567   0.282233
 606   GLU   -0.0606994   0.163046
 607   ARG   -0.0257102   -0.113989
 890   TYR   -0.00256841   0.122857
1037   TYR   0.00735691   0.108362
1081   TYR   -0.0064553   0.115855
SITE:  ARG- 579
 404   ARG   -0.059885   -0.356324
 406   GLU   0.0313688   0.276651
 455   ALA   0.20454   0
 457   TYR   0.27416   0.688661
 458   ASP   0.0142705   0.462172
 460   GLU   -0.182203   1.05281
 462   VAL   -0.189527   0
 463   THR   0.194693   0
 466   ASP   0.317584   1.29521
 467   ILE   -0.0318689   0
 568   ASN   0.189554   0
 570   TYR   -0.121126   0.742783
 573   ASP   0.0867686   0.559759
 575   GLU   1.35946   3.101
 576   LYS   -0.0548033   -1.17322
 577   LEU   0.152125   0
 578   GLN   -0.175886   0
 580   ALA   -0.179421   0
 582   ALA   -0.255044   0
 583   TRP   -0.167767   0
 584   GLU   -0.0951779   0.385774
 585   LYS   -0.0587186   -0.11624
 586   GLU   -0.113365   0.14381
 606   GLU   -0.0781296   0.154042
 607   ARG   -0.0163215   -0.194916
 610   GLU   -0.0041196   0.113753
SITE:  GLU- 584
 376   ASN   0.0631503   0
 377   PRO   -0.0944281   0
 379   ASP   -0.069379   0.159805
 389   ARG   0.00170478   -0.146973
 392   LYS   0.00171341   -0.352266
 393   GLU   0.0257766   0.122882
 396   ASP   0.0513824   0.289091
 404   ARG   -1.4256   -2.58531
 405   THR   -0.014288   0
 406   GLU   0.153956   3.13072
 407   GLN   0.0651459   0
 411   ARG   -0.00166162   -0.118218
 450   ILE   0.0753692   0
 451   GLU   -0.0178484   0.244154
 457   TYR   0.034053   0.264884
 458   ASP   -0.0413694   0.106072
 460   GLU   0.0157588   0.116234
 464   LEU   0.103324   0
 466   ASP   -0.0151735   0.411791
 467   ILE   -0.0488669   0
 480   THR   0.0759796   0
 487   TYR   -0.009503   0.115915
 565   PHE   0.273968   0
 566   PRO   -0.0597734   0
 567   VAL   -0.15724   0
 568   ASN   0.330294   0
 570   TYR   -0.0733749   0.454702
 573   ASP   0.052279   0.238908
 574   THR   0.218492   0
 575   GLU   0.207906   0.287946
 576   LYS   0.267132   -0.282233
 577   LEU   0.513292   0
 578   GLN   0.202904   0
 579   ARG   0.0661698   -0.385774
 580   ALA   0.366228   0
 581   GLN   -0.199926   0
 585   LYS   -0.303056   -0.617546
 586   GLU   -0.360724   0.525205
 587   PHE   -0.492198   0
 588   ILE   -0.329619   0
 589   ASN   -0.248362   0
 592   LYS   -0.0596443   -0.425809
 594   TYR   -0.0159325   0.115816
 605   ALA   -1.10771   0
 606   GLU   -2.013   1.74938
 607   ARG   -1.50756   -1.65014
 608   SER   -0.256685   0
 610   GLU   -0.151816   0.672008
 611   ASP   -0.34   0.671604
 612   GLU   -0.167431   0.439131
 615   ARG   -0.0351412   -0.223475
 616   GLU   -0.0692344   0.146733
 618   ASP   -0.0127551   0.10301
 871   TYR   -0.103853   0.898198
 874   ASP   -0.0449268   0.14165
 875   TYR   -0.0372791   0.690444
 888   PRO   0.0181286   0
 890   TYR   -0.0244071   0.317085
1037   TYR   -0.00345087   0.190134
1041   TYR   -0.0613579   0.303065
1042   HID   0.0128925   -0.17307
1081   TYR   -0.0142257   0.397823
1085   TYR   -0.0189144   0.162393
1088   TYR   0.00344846   0.246843
1091   TYR   -0.02594   0.148393
SITE:  LYS- 585
 404   ARG   -0.050017   -0.258276
 406   GLU   -0.0629232   0.335511
 457   TYR   -0.0477975   0.168268
 579   ARG   0.111299   -0.11624
 581   GLN   0.364936   0
 582   ALA   0.218484   0
 583   TRP   0.215134   0
 584   GLU   -0.12632   0.617546
 586   GLU   -0.564302   0.827875
 588   ILE   -0.27417   0
 589   ASN   -0.524751   0
 592   LYS   -0.0437017   -0.718722
 606   GLU   -0.0806614   0.20559
 607   ARG   0.355388   -1.45989
 610   GLU   -0.0624281   0.319603
 611   ASP   0.109361   1.02671
 612   GLU   -0.0102639   0.395206
 615   ARG   -0.0380767   -0.312732
 616   GLU   -0.0367384   0.157148
 618   ASP   -0.0241536   0.163841
 869   ASP   0.0295793   0.110447
 871   TYR   0.0192228   0.629181
 875   TYR   -0.0183924   0.144466
SITE:  GLU- 586
 404   ARG   -0.0560892   -0.191663
 406   GLU   -0.0716262   0.392129
 450   ILE   0.0912081   0
 451   GLU   -0.0122058   0.147885
 453   ILE   -0.18378   0
 454   THR   -0.179369   0
 455   ALA   -0.325766   0
 456   SER   0.0607489   0
 457   TYR   0.00160298   0.137115
 462   VAL   0.102716   0
 466   ASP   -0.0275872   0.155732
 575   GLU   0.0642087   0.102458
 579   ARG   0.131206   -0.14381
 580   ALA   0.16887   0
 581   GLN   0.178754   0
 582   ALA   0.549742   0
 583   TRP   0.60146   0
 584   GLU   -0.0105916   0.525205
 585   LYS   0.423972   -0.827875
 587   PHE   -0.330032   0
 588   ILE   -0.207308   0
 589   ASN   -1.33576   0
 590   PHE   -0.286643   0
 592   LYS   -0.109928   -0.417286
 593   ASN   -0.179015   0
 594   TYR   -0.0217738   0.125172
 595   LYS   0.01005   -0.130204
 606   GLU   -0.0729434   0.150676
 607   ARG   0.132174   -0.527057
 610   GLU   -0.0252994   0.123841
 611   ASP   -0.0254032   0.28109
 612   GLU   -0.0179776   0.162189
 615   ARG   -0.00377927   -0.116894
 871   TYR   0.00413866   0.326579
 875   TYR   -0.00380018   0.127136
SITE:  LYS- 592
 404   ARG   -0.0528027   -0.175213
 406   GLU   -0.125673   0.354519
 411   ARG   -0.0175843   -0.126228
 584   GLU   0.172382   0.425809
 585   LYS   0.317892   -0.718722
 586   GLU   0.173098   0.417286
 588   ILE   0.282373   0
 589   ASN   0.647394   0
 591   VAL   -0.0553915   0
 593   ASN   -0.317364   0
 594   TYR   0.0286898   0.143765
 595   LYS   0.0686774   -0.36672
 606   GLU   -0.0355884   0.214342
 607   ARG   0.197908   -0.740306
 608   SER   0.246094   0
 610   GLU   -0.0570066   0.221228
 611   ASP   -0.0378784   1.00395
 612   GLU   0.0700482   0.924296
 615   ARG   0.0834562   -0.808501
 616   GLU   -0.0438348   0.287342
 618   ASP   -0.0430685   0.131746
 867   PRO   0.0198363   0
 868   ASP   0.000721186   0.10634
 869   ASP   0.12074   0.341008
 870   SER   -0.24422   0
 871   TYR   0.149387   1.64622
 874   ASP   -0.130707   0.224354
 875   TYR   -0.0515348   0.260207
 877   LYS   -0.0295953   -0.111694
1217   LYS   0.00572475   -0.122502
SITE:  TYR- 594
 406   GLU   -0.0227966   0.201474
 411   ARG   0.0614454   -0.181913
 436   ASP   0.0331318   0.17121
 438   GLN   0.121673   0
 439   ILE   0.229306   0
 440   LEU   0.164704   0
 441   HIS   0.186222   -0.350421
 442   GLN   1.13264   0
 443   VAL   0.243632   0
 445   ASP   -0.804415   1.1181
 446   LEU   -0.485727   0
 447   GLN   -0.144423   0
 448   ILE   -0.165075   0
 449   ALA   -0.311403   0
 450   ILE   -0.151878   0
 451   GLU   -0.125281   0.27958
 487   TYR   -0.0216975   0.111451
 492   HIS   -0.0492468   -0.342493
 509   TYR   -0.0101745   0.141241
 584   GLU   0.0138289   0.115816
 586   GLU   0.0415088   0.125172
 591   VAL   0.0511259   0
 592   LYS   0.00880497   -0.143765
 595   LYS   -0.435885   -0.374381
 596   ASN   -2.63528   0
 597   PRO   -0.0219136   0
 598   ASN   -0.294079   0
 599   LEU   -0.154613   0
 871   TYR   0.0057235   0.134447
 874   ASP   -0.0126428   0.112683
 875   TYR   0.0143988   0.146458
 882   TYR   -0.00742154   0.101683
SITE:  LYS- 595
 411   ARG   -0.000324005   -0.107455
 586   GLU   0.0720976   0.130204
 589   ASN   0.2192   0
 590   PHE   0.248456   0
 591   VAL   0.197231   0
 592   LYS   0.455732   -0.36672
 593   ASN   1.62174   0
 594   TYR   0.368102   0.374381
 596   ASN   -0.171758   0
 597   PRO   0.0228712   0
 612   GLU   0.00722016   0.103566
 615   ARG   0.019334   -0.109924
 871   TYR   0.00851582   0.17145
 874   ASP   -0.0397501   0.130633
SITE:  GLU- 606
 376   ASN   0.187377   0
 377   PRO   -0.200497   0
 378   VAL   -0.128148   0
 379   ASP   -0.128149   0.282354
 389   ARG   0.0023294   -0.305428
 391   GLU   -0.0449545   0.166171
 392   LYS   -0.0246525   -0.796713
 393   GLU   0.0399395   0.241942
 396   ASP   0.0923108   0.580733
 398   HIS   -0.0247374   -0.100202
 401   PRO   -0.169421   0
 402   PHE   0.180559   0
 403   PHE   0.408184   0
 404   ARG   -0.5086   -1.87386
 405   THR   0.00129602   0
 406   GLU   0.117425   1.37017
 407   GLN   -0.150777   0
 411   ARG   0.00470318   -0.12804
 451   GLU   -0.0126873   0.135551
 457   TYR   0.0134975   0.121707
 466   ASP   0.00778403   0.174279
 487   TYR   -0.00998944   0.134675
 550   TYR   0.0151419   0.129319
 565   PHE   0.180474   0
 566   PRO   -0.157031   0
 567   VAL   0.126844   0
 569   ASN   -0.401601   0
 570   TYR   0.071015   0.281053
 571   TYR   -0.0413977   0.133564
 573   ASP   0.050467   0.189788
 575   GLU   0.0752425   0.140696
 576   LYS   0.0620628   -0.163046
 577   LEU   0.05881   0
 579   ARG   -0.0593563   -0.154042
 581   GLN   -0.336312   0
 584   GLU   0.320837   1.74938
 585   LYS   0.0378196   -0.20559
 586   GLU   -0.0623115   0.150676
 592   LYS   -0.0165404   -0.214342
 605   ALA   -0.151587   0
 607   ARG   -0.471149   -0.881077
 608   SER   -0.504391   0
 609   ILE   -0.31561   0
 610   GLU   -0.211464   0.747525
 611   ASP   -0.242052   0.439816
 612   GLU   -0.234194   0.413765
 615   ARG   -0.04905   -0.184681
 616   GLU   -0.0949668   0.164407
 620   ASP   0.0104602   0.106241
 861   ASP   0.00229419   0.18872
 862   GLN   0.168037   0
 871   TYR   -0.104414   0.621894
 874   ASP   -0.0309678   0.154469
 875   TYR   -0.141272   1.06338
 877   LYS   -0.00101152   -0.100225
 884   HIS   -0.0231099   -0.152283
 886   GLY   -0.0189402   0
 887   PRO   -0.164508   0
 888   PRO   0.0837399   0
 890   TYR   -0.0731601   0.59535
1013   LYS   0.00579   -0.103404
1019   TYR   0.0135834   0.112226
1037   TYR   -0.00631758   0.296354
1041   TYR   -0.112961   0.492078
1042   HID   0.0115405   -0.374548
1050   ASP   -0.0371677   0.170883
1053   ASP   -0.0298468   0.100706
1059   ARG   0.0484699   -0.173852
1081   TYR   -0.0485847   1.01802
1083   VAL   -0.0800074   0
1085   TYR   -0.0586381   0.369946
1088   TYR   0.00879683   0.554351
1089   GLU   -0.0950776   0.176527
1091   TYR   -0.0594684   0.314616
1225   TYR   -0.0257634   0.169553
SITE:  ARG- 607
 377   PRO   -0.070045   0
 379   ASP   -0.0566261   0.126596
 392   LYS   -0.00619761   -0.18516
 396   ASP   0.0211761   0.14059
 404   ARG   -0.1452   -0.78026
 406   GLU   -0.108272   0.811179
 451   GLU   -0.00837601   0.102334
 457   TYR   -0.0478568   0.245512
 458   ASP   -0.0497462   0.101927
 466   ASP   -0.00463467   0.156934
 570   TYR   -0.00325235   0.156451
 573   ASP   0.0279724   0.115013
 575   GLU   0.104321   0.159844
 576   LYS   0.092814   -0.113989
 577   LEU   0.200519   0
 578   GLN   0.209878   0
 579   ARG   0.131034   -0.194916
 580   ALA   0.153589   0
 581   GLN   0.944236   0
 582   ALA   0.198615   0
 584   GLU   -0.404551   1.65014
 585   LYS   -0.185598   -1.45989
 586   GLU   -0.08684   0.527057
 587   PHE   -0.246214   0
 588   ILE   -0.345055   0
 589   ASN   -0.283306   0
 592   LYS   -0.0441243   -0.740306
 606   GLU   -0.54972   0.881077
 608   SER   -0.169931   0
 610   GLU   -0.297236   0.891045
 611   ASP   -0.34582   1.96674
 612   GLU   -0.169483   0.710853
 615   ARG   -0.0970218   -0.401682
 616   GLU   -0.100581   0.23432
 618   ASP   -0.0286376   0.20962
 620   ASP   0.00186842   0.118913
 869   ASP   0.0285386   0.141477
 871   TYR   -0.0394303   1.25184
 874   ASP   -0.0469485   0.118489
 875   TYR   -0.0504566   0.384883
 890   TYR   -0.012091   0.135708
1041   TYR   -0.0282846   0.133363
1081   TYR   -0.007375   0.203528
1088   TYR   0.00779798   0.179688
1091   TYR   -0.0171769   0.117747
1225   TYR   -0.0191965   0.106146
SITE:  GLU- 610
 375   THR   -0.980379   0
 376   ASN   0.101902   0
 377   PRO   -0.160714   0
 379   ASP   -0.198481   0.357557
 389   ARG   -0.00200576   -0.221563
 392   LYS   -0.0125627   -0.340609
 393   GLU   0.0222782   0.135889
 396   ASP   0.0340532   0.241075
 404   ARG   0.112565   -0.864687
 406   GLU   -0.00785483   0.364377
 457   TYR   -0.013539   0.180955
 570   TYR   0.0538518   0.121325
 573   ASP   0.046131   0.147292
 574   THR   0.165555   0
 575   GLU   0.0616013   0.125077
 579   ARG   0.0106844   -0.113753
 581   GLN   -0.138458   0
 584   GLU   0.0604779   0.672008
 585   LYS   -0.0119198   -0.319603
 586   GLU   -0.0391525   0.123841
 592   LYS   -0.0185623   -0.221228
 606   GLU   -0.0212551   0.747525
 607   ARG   -0.241653   -0.891045
 608   SER   0.146886   0
 609   ILE   0.0981047   0
 611   ASP   -0.88368   1.00735
 612   GLU   -0.283304   0.571837
 613   LEU   -0.310338   0
 614   ASN   0.27747   0
 615   ARG   -0.125417   -0.278343
 616   GLU   -0.200536   0.297902
 618   ASP   0.00413456   0.333488
 620   ASP   0.0135058   0.217683
 683   THR   0.0568601   0
 688   GLU   -0.0842039   0.175254
 861   ASP   -0.0167291   0.129144
 867   PRO   0.0177153   0
 869   ASP   0.00607341   0.104987
 871   TYR   -0.0519361   0.497987
 875   TYR   -0.0502526   0.28904
 890   TYR   -0.0139965   0.148701
1041   TYR   -0.0234792   0.11701
1042   HID   0.00135987   -0.111007
1081   TYR   -0.00421298   0.312136
1085   TYR   -0.00827798   0.119964
1088   TYR   0.0208833   0.295413
1091   TYR   -0.0274226   0.229263
1225   TYR   -0.0446884   0.252809
1229   TYR   -0.0172016   0.117629
SITE:  ASP- 611
 377   PRO   -0.0539104   0
 379   ASP   -0.0522804   0.114516
 392   LYS   -0.00618343   -0.128902
 404   ARG   -0.0387112   -0.392047
 406   GLU   -0.0908629   0.405364
 457   TYR   -0.0230826   0.118934
 581   GLN   0.155269   0
 584   GLU   0.0569204   0.671604
 585   LYS   0.0474137   -1.02671
 586   GLU   0.0121059   0.28109
 588   ILE   -0.189887   0
 592   LYS   -0.0206363   -1.00395
 606   GLU   -0.0361206   0.439816
 607   ARG   -0.000148387   -1.96674
 608   SER   0.927025   0
 609   ILE   0.331818   0
 610   GLU   -0.382116   1.00735
 612   GLU   -0.993106   1.66449
 614   ASN   -0.396507   0
 615   ARG   -0.472344   -0.889033
 616   GLU   -0.229786   0.536058
 618   ASP   -0.0926486   0.385004
 620   ASP   -0.00081411   0.232159
 688   GLU   -0.0554887   0.14582
 861   ASP   -0.0141714   0.104468
 867   PRO   0.00246974   0
 868   ASP   -0.0194103   0.116111
 869   ASP   0.0478535   0.286308
 870   SER   -0.264068   0
 871   TYR   -0.0368355   1.64157
 874   ASP   -0.0753686   0.14244
 875   TYR   -0.0740439   0.30498
1081   TYR   -0.00277644   0.140571
1088   TYR   0.0123118   0.189447
1091   TYR   -0.0161752   0.135927
1217   LYS   -0.0120557   -0.153656
1225   TYR   -0.0318954   0.156715
SITE:  GLU- 612
 377   PRO   -0.042604   0
 379   ASP   -0.0511771   0.110229
 392   LYS   -0.00932432   -0.122184
 404   ARG   -0.0467736   -0.265759
 406   GLU   -0.103903   0.343745
 411   ARG   -0.0170378   -0.142025
 584   GLU   0.0850754   0.439131
 585   LYS   0.06519   -0.395206
 586   GLU   0.0183318   0.162189
 592   LYS   -0.0307202   -0.924296
 595   LYS   0.0307629   -0.103566
 606   GLU   0.0759597   0.413765
 607   ARG   0.17072   -0.710853
 608   SER   1.00806   0
 609   ILE   0.654454   0
 610   GLU   0.0321949   0.571837
 611   ASP   -0.541694   1.66449
 613   LEU   -0.322352   0
 614   ASN   -0.404588   0
 615   ARG   0.418587   -2.96135
 616   GLU   -0.632854   1.41893
 618   ASP   -0.137527   0.330807
 619   SER   -0.179554   0
 620   ASP   -0.00149143   0.391561
 688   GLU   -0.0849948   0.210658
 861   ASP   -0.029595   0.212655
 863   SER   0.170989   0
 865   SER   0.114835   0
 866   MET   -0.174136   0
 867   PRO   -0.053166   0
 868   ASP   -0.0575971   0.370481
 869   ASP   0.0780001   0.88675
 870   SER   -2.09622   0
 871   TYR   -0.283312   2.31463
 872   MET   -0.774715   0
 873   VAL   -0.129882   0
 874   ASP   -0.19883   0.329289
 875   TYR   -0.18436   0.456809
 877   LYS   -0.0531993   -0.21131
1041   TYR   -0.0282198   0.110861
1081   TYR   -0.00283071   0.151723
1088   TYR   0.0177639   0.300147
1091   TYR   -0.0261012   0.214135
1217   LYS   0.0499944   -0.348489
1219   GLN   0.148705   0
1225   TYR   -0.0578343   0.248626
1229   TYR   -0.0251549   0.13051
SITE:  ARG- 615
 404   ARG   -0.0228556   -0.130308
 406   GLU   -0.0540908   0.173916
 584   GLU   0.048632   0.223475
 585   LYS   0.047627   -0.312732
 586   GLU   0.022347   0.116894
 592   LYS   -0.0286285   -0.808501
 595   LYS   0.0268982   -0.109924
 606   GLU   0.0249514   0.184681
 607   ARG   0.062585   -0.401682
 608   SER   0.278269   0
 609   ILE   0.167999   0
 610   GLU   0.0293174   0.278343
 611   ASP   -0.0378645   0.889033
 612   GLU   1.1975   2.96135
 613   LEU   0.102596   0
 616   GLU   -0.257734   1.74753
 618   ASP   -0.2439   0.408933
 619   SER   -0.213664   0
 620   ASP   -0.0185946   0.387572
 688   GLU   -0.0598336   0.191324
 861   ASP   -0.0162349   0.112693
 866   MET   -0.191781   0
 867   PRO   -0.248389   0
 868   ASP   -0.133241   0.366548
 869   ASP   0.507232   1.7413
 870   SER   -1.05838   0
 871   TYR   -0.20444   1.06163
 872   MET   -0.271796   0
 874   ASP   -0.142117   0.230203
 875   TYR   -0.0801655   0.212511
 877   LYS   -0.0319772   -0.154684
1088   TYR   0.00825214   0.139007
1091   TYR   -0.0127208   0.104752
1217   LYS   0.0296548   -0.518339
1225   TYR   -0.0369846   0.153986
SITE:  GLU- 616
 404   ARG   -0.00890298   -0.112721
 406   GLU   -0.0238344   0.111853
 584   GLU   0.0201715   0.146733
 585   LYS   0.0150835   -0.157148
 592   LYS   -0.0089853   -0.287342
 606   GLU   0.0299137   0.164407
 607   ARG   0.0223333   -0.23432
 608   SER   0.178613   0
 609   ILE   0.20216   0
 610   GLU   0.0923548   0.297902
 611   ASP   0.164785   0.536058
 612   GLU   1.05379   1.41893
 613   LEU   0.423414   0
 614   ASN   -0.209364   0
 615   ARG   -1.3685   -1.74753
 617   SER   -0.451209   0
 618   ASP   -0.546512   0.683207
 619   SER   -0.990441   0
 620   ASP   -0.101401   1.47235
 623   THR   -0.183035   0
 628   TYR   -0.0202684   0.133966
 688   GLU   -0.185609   0.554961
 861   ASP   -0.0334153   0.190492
 864   LEU   0.154137   0
 865   SER   0.225466   0
 866   MET   -0.210298   0
 867   PRO   -0.673604   0
 868   ASP   -0.292667   0.484672
 869   ASP   0.0897653   1.09044
 870   SER   -0.347588   0
 871   TYR   -0.0494593   0.457339
 872   MET   -0.167513   0
 874   ASP   -0.0627416   0.134939
 875   TYR   -0.0563606   0.159795
 877   LYS   -0.0216066   -0.110423
1088   TYR   0.0151013   0.206029
1091   TYR   -0.0149169   0.190235
1216   ALA   -0.259124   0
1217   LYS   -0.28056   -1.20841
1218   SER   0.175049   0
1220   ILE   -0.199453   0
1221   PHE   -0.21817   0
1225   TYR   -0.112744   0.397821
1227   ARG   -0.0150721   -0.168944
1229   TYR   -0.0629734   0.249776
SITE:  ASP- 618
 584   GLU   0.0060051   0.10301
 585   LYS   -0.00144907   -0.163841
 592   LYS   -0.00370211   -0.131746
 607   ARG   -0.0135417   -0.20962
 610   GLU   0.0828742   0.333488
 611   ASP   0.148141   0.385004
 612   GLU   0.128563   0.330807
 613   LEU   0.244127   0
 614   ASN   0.579897   0
 615   ARG   0.18578   -0.408933
 616   GLU   -0.0352681   0.683207
 617   SER   -0.366948   0
 619   SER   -0.76141   0
 620   ASP   -0.147765   1.00743
 621   VAL   -0.260872   0
 628   TYR   -0.0102144   0.170811
 684   LEU   0.0131647   0
 688   GLU   -0.133031   0.710275
 869   ASP   0.0226586   0.149128
 871   TYR   -0.016267   0.175339
1217   LYS   -0.103679   -0.231209
1225   TYR   -0.0508882   0.256117
1229   TYR   -0.03483   0.169318
SITE:  ASP- 620
 606   GLU   0.0195539   0.106241
 607   ARG   0.00341544   -0.118913
 610   GLU   0.0405591   0.217683
 611   ASP   0.0802675   0.232159
 612   GLU   0.16742   0.391561
 613   LEU   0.327399   0
 615   ARG   -0.0689587   -0.387572
 616   GLU   1.48505   1.47235
 617   SER   0.125599   0
 618   ASP   -0.357018   1.00743
 619   SER   -0.680829   0
 621   VAL   -0.577203   0
 622   PHE   -0.360436   0
 623   THR   -0.914213   0
 624   VAL   -0.33774   0
 626   ILE   -0.177619   0
 627   SER   -0.195691   0
 628   TYR   -0.0660363   0.441594
 684   LEU   0.261636   0
 685   ILE   0.208094   0
 686   VAL   0.108122   0
 688   GLU   -0.703208   2.63316
 689   VAL   -0.0473205   0
 691   PRO   -0.124997   0
 692   PHE   -0.217566   0
 700   ASP   -0.0329886   0.122111
 742   GLU   0.0163497   0.143644
 771   ASP   -0.0233944   0.14393
 861   ASP   -0.0320582   0.162148
 864   LEU   0.111919   0
 865   SER   0.129692   0
 867   PRO   -0.0915023   0
 868   ASP   -0.112193   0.20734
 869   ASP   0.0080932   0.2664
 871   TYR   -0.015561   0.162463
1088   TYR   0.0167488   0.177109
1091   TYR   -0.00872397   0.199063
1161   CYS   -0.0181793   0.121168
1166   GLU   0.00687476   0.157361
1206   LYS   0.0475618   -0.21509
1209   GLY   0.081997   0
1213   LEU   0.0867214   0
1215   PHE   0.177217   0
1216   ALA   -0.666964   0
1217   LYS   -0.644123   -0.736971
1218   SER   -0.18074   0
1220   ILE   -0.193668   0
1221   PHE   -0.56088   0
1225   TYR   -0.216984   0.769901
1227   ARG   -0.028143   -0.219456
1229   TYR   -0.171233   0.639899
SITE:  TYR- 628
 364   CYS   -0.04531   0.155268
 616   GLU   0.0164401   0.133966
 618   ASP   0.0060844   0.170811
 620   ASP   0.113035   0.441594
 621   VAL   0.139324   0
 624   VAL   0.242213   0
 625   VAL   0.120772   0
 627   SER   -0.133652   0
 631   MET   -0.400713   0
 634   TYR   -0.145706   0.271705
 653   LYS   0.0380456   -0.137287
 657   GLY   0.125499   0
 658   ILE   0.13824   0
 660   GLY   0.127121   0
 661   ILE   0.290068   0
 662   LEU   0.139027   0
 664   VAL   -0.135314   0
 665   LEU   0.0957336   0
 667   SER   -0.346275   0
 668   VAL   -0.359998   0
 670   CYS   -0.147629   0.383921
 671   SER   -0.244652   0
 685   ILE   0.139771   0
 686   VAL   0.216478   0
 687   ILE   0.317716   0
 688   GLU   0.399116   0.907088
 689   VAL   0.237052   0
 690   ILE   0.123804   0
 691   PRO   1.34857   0
 692   PHE   0.479854   0
 693   LEU   -0.0207558   0
 694   VAL   -0.562595   0
 695   LEU   -0.793427   0
 696   ALA   -0.153987   0
 697   VAL   -0.17983   0
 698   GLY   -0.287576   0
 699   VAL   -0.192109   0
 700   ASP   -0.153954   0.534171
 742   GLU   0.0338395   0.524911
 758   HIS   0.0427488   -0.100303
 765   GLY   0.0409674   0
 768   VAL   0.00455305   0
 771   ASP   -0.0723651   1.01355
 775   GLN   -0.215496   0
 778   CYS   -0.0634253   0.215697
 786   ASP   -0.0182532   0.112364
 796   ASP   0.0177765   0.100347
1161   CYS   -0.0159869   0.215069
1166   GLU   0.0350753   0.545813
1168   CYS   -0.00793306   0.158874
1170   HID   -0.027847   -0.240553
1201   GLY   0.0742319   0
1206   LYS   0.0710014   -0.66132
1209   GLY   -0.0787793   0
1225   TYR   -0.00701402   0.471324
1229   TYR   -0.0867108   0.798234
SITE:  TYR- 634
 627   SER   0.148423   0
 628   TYR   0.075279   0.271705
 630   ILE   0.130566   0
 631   MET   0.279048   0
 632   PHE   0.17251   0
 635   ILE   -0.126918   0
 637   LEU   -0.195599   0
 638   ALA   -0.289037   0
 640   GLY   0.158976   0
 641   HIS   -0.0641196   -0.557605
 643   LYS   -0.0242639   -0.164363
 651   ASP   0.00758985   0.176911
 653   LYS   0.036188   -0.405978
 657   GLY   -0.00933719   0
 688   GLU   0.0220934   0.101914
 697   VAL   0.096349   0
 698   GLY   0.0237198   0
 699   VAL   0.113957   0
 700   ASP   0.0304883   0.749436
 707   GLN   -0.178706   0
 709   TYR   -0.0723585   0.169804
 711   ARG   -0.0754861   -0.258394
 712   ASP   -0.00924444   0.158455
 726   ARG   0.0125138   -0.101992
 730   GLU   0.0133919   0.173759
 742   GLU   0.0184831   0.340763
 771   ASP   0.0169552   0.299266
 778   CYS   -0.0257136   0.10403
 786   ASP   -0.000225134   0.203119
 789   ARG   -0.023373   -0.119197
 796   ASP   0.00505647   0.170933
 814   GLU   -0.0701604   0.150737
 815   SER   -0.228164   0
 816   CYS   -0.106293   0.299588
 817   LEU   -0.182245   0
 822   LYS   -0.0284116   -0.10339
 825   TYR   -0.042306   0.270244
1161   CYS   0.00393525   0.126345
1166   GLU   0.0650894   0.603782
1168   CYS   -0.00335537   0.225745
1170   HID   -0.0475914   -0.466185
1173   ARG   -0.0232094   -0.146987
1193   HIS   0.0933277   -0.175881
1194   MET   0.156337   0
1195   GLY   0.151674   0
1196   SER   0.2463   0
1197   SER   0.395613   0
1198   VAL   0.24204   0
1199   PHE   0.4627   0
1200   SER   2.52423   0
1201   GLY   0.553192   0
1202   ILE   0.138359   0
1203   THR   -0.153276   0
1204   LEU   -0.986151   0
1205   THR   0.262596   0
1206   LYS   -0.10242   -0.717945
1207   PHE   -0.256898   0
1208   GLY   -0.305894   0
1209   GLY   -0.10073   0
1225   TYR   0.0249428   0.110113
1229   TYR   0.0466374   0.248677
1239   HID   -0.0254276   -0.146703
1272   ARG   0.0115585   -0.108759
SITE:  HIS- 641
 634   TYR   0.110048   0.557605
 635   ILE   0.171564   0
 636   SER   0.13988   0
 637   LEU   0.225045   0
 638   ALA   0.385382   0
 639   LEU   0.46283   0
 640   GLY   0.0292042   0
 642   MET   -0.421141   0
 643   LYS   -0.221024   -1.2265
 645   CYS   -0.00173964   0.162809
 647   ARG   0.00309734   -0.39687
 648   LEU   0.135835   0
 651   ASP   0.0608002   0.92147
 653   LYS   -0.0678921   -1.37871
 700   ASP   0.0867214   0.299258
 702   ILE   0.0763292   0
 703   PHE   0.136952   0
 704   ILE   0.123516   0
 706   VAL   0.101566   0
 707   GLN   0.936594   0
 709   TYR   -0.176929   0.693139
 710   GLN   0.395812   0
 711   ARG   -0.115653   -0.558331
 712   ASP   0.0573464   0.454826
 713   GLU   -0.00251038   0.344712
 714   ARG   -0.109384   -0.20818
 726   ARG   0.0320738   -0.24382
 730   GLU   -0.00717133   0.24641
 742   GLU   0.00433177   0.139935
 771   ASP   0.0214258   0.147968
 778   CYS   -0.00361661   0.100885
 786   ASP   0.0726415   0.512958
 788   LYS   -0.0150535   -0.101619
 789   ARG   0.00117063   -0.344234
 791   GLU   -0.0651346   0.246757
 796   ASP   -0.0244262   0.346927
 806   ASP   0.0113072   0.120508
 811   GLN   0.227456   0
 812   ALA   -0.296439   0
 813   SER   0.402157   0
 814   GLU   -0.170868   0.482209
 815   SER   -0.515804   0
 816   CYS   -0.194738   0.437541
 817   LEU   -0.20335   0
 818   PHE   -0.155758   0
 819   ARG   -0.158902   -0.165824
 822   LYS   -0.0600496   -0.221358
 825   TYR   -0.0431801   0.117816
1166   GLU   0.0190794   0.199506
1168   CYS   0.00464636   0.106403
1170   HID   -0.0119355   -0.282761
1173   ARG   0.000828572   -0.136013
1189   GLU   0.0208934   0.13588
1193   HIS   0.128418   -0.270137
1201   GLY   -0.0370492   0
1206   LYS   -0.0180025   -0.177026
1267   TYR   0.00363301   0.15748
1272   ARG   0.0339294   -0.245892
SITE:  LYS- 643
 634   TYR   0.0295722   0.164363
 639   LEU   0.134313   0
 640   GLY   -0.121669   0
 641   HIS   0.21434   -1.2265
 644   SER   -0.198629   0
 645   CYS   -0.00244235   0.180803
 647   ARG   -0.224722   -0.904204
 651   ASP   0.158816   1.41501
 653   LYS   -0.0228415   -0.843871
 700   ASP   0.028714   0.116481
 706   VAL   0.0979624   0
 707   GLN   0.199686   0
 709   TYR   -0.0196515   0.845239
 710   GLN   0.788355   0
 711   ARG   -0.0245383   -0.318652
 712   ASP   0.138737   0.39883
 713   GLU   -0.00211896   0.515791
 714   ARG   -0.163969   -0.375007
 718   GLU   -0.0220554   0.105439
 726   ARG   0.0257182   -0.209132
 730   GLU   -0.0143315   0.140986
 786   ASP   0.0940549   0.404865
 788   LYS   0.00216019   -0.103222
 789   ARG   0.0387264   -0.348659
 790   GLN   0.14918   0
 791   GLU   -0.070053   0.362192
 793   ASN   0.0635141   0
 796   ASP   -0.0377863   0.253621
 802   ARG   -0.00940843   -0.105533
 805   GLU   -0.076523   0.110123
 806   ASP   0.0255494   0.292235
 808   THR   0.0767183   0
 809   SER   0.290096   0
 810   VAL   -0.497064   0
 811   GLN   1.91701   0
 812   ALA   -0.346956   0
 813   SER   0.911398   0
 814   GLU   -0.00467994   0.336993
 816   CYS   -0.0641383   0.192202
 819   ARG   -0.0964891   -0.126157
 822   LYS   -0.0286839   -0.147004
1170   HID   -0.000709415   -0.11773
1193   HIS   0.0491205   -0.150863
1267   TYR   0.00654248   0.106131
1272   ARG   0.0206331   -0.186445
SITE:  CYS- 645
 641   HIS   0.0673343   -0.162809
 643   LYS   -0.0700193   -0.180803
 644   SER   0.298896   0
 646   ARG   -0.312456   -0.464112
 647   ARG   -0.199576   -0.199707
 648   LEU   -0.363164   0
 651   ASP   -0.102189   0.295302
 653   LYS   -0.0216828   -0.11976
 789   ARG   0.0274602   -0.124628
 796   ASP   -0.0602222   0.150356
 806   ASP   0.00962714   0.125973
SITE:  ARG- 646
 645   CYS   0.0732369   0.464112
 647   ARG   -0.190057   -0.243944
 651   ASP   -0.0298788   0.172387
 806   ASP   0.0518533   0.30932
SITE:  ARG- 647
 641   HIS   0.116642   -0.39687
 643   LYS   -0.174004   -0.904204
 644   SER   0.0632628   0
 645   CYS   0.0538326   0.199707
 646   ARG   0.143194   -0.243944
 650   VAL   -0.269666   0
 651   ASP   0.355163   1.79666
 653   LYS   -0.0135815   -0.560449
 709   TYR   -0.0488214   0.651509
 711   ARG   -0.0173185   -0.122593
 712   ASP   0.0583449   0.198733
 713   GLU   0.00817995   0.270938
 714   ARG   -0.0493575   -0.338603
 726   ARG   0.00517745   -0.120206
 786   ASP   0.154635   0.448502
 787   ILE   0.140115   0
 788   LYS   0.0223503   -0.134302
 789   ARG   0.229509   -0.622575
 790   GLN   0.417196   0
 791   GLU   -0.0609425   0.537474
 792   LYS   -0.0830888   -0.218006
 793   ASN   1.55932   0
 794   ARG   0.218826   -0.233907
 796   ASP   -0.0870465   0.346604
 799   CYS   0.0290182   0.146658
 802   ARG   -0.0764994   -0.342362
 803   GLY   -0.19766   0
 804   ALA   0.607107   0
 805   GLU   -0.404233   0.405646
 806   ASP   0.177622   0.911159
 807   GLY   -0.0387368   0
 808   THR   0.45154   0
 810   VAL   -0.190065   0
 811   GLN   0.195231   0
SITE:  ASP- 651
 634   TYR   0.0487841   0.176911
 636   SER   0.188587   0
 637   LEU   0.121704   0
 639   LEU   0.120341   0
 640   GLY   -0.397278   0
 641   HIS   0.608038   -0.92147
 643   LYS   -0.654938   -1.41501
 644   SER   0.238657   0
 645   CYS   0.0631585   0.295302
 646   ARG   -0.187495   -0.172387
 647   ARG   0.334814   -1.79666
 648   LEU   0.562566   0
 650   VAL   -0.24281   0
 652   SER   -0.128788   0
 653   LYS   -0.0639436   -1.12061
 700   ASP   0.0270229   0.118533
 706   VAL   0.055888   0
 707   GLN   0.176328   0
 709   TYR   -0.119469   0.836755
 710   GLN   0.267003   0
 711   ARG   -0.0411657   -0.194046
 712   ASP   0.0710168   0.275049
 713   GLU   0.0162168   0.293049
 714   ARG   -0.131819   -0.267863
 721   ASP   0.00584194   0.110116
 726   ARG   0.0148209   -0.157891
 730   GLU   -0.0136118   0.104479
 786   ASP   0.248298   0.788454
 787   ILE   0.11315   0
 788   LYS   0.00346135   -0.150354
 789   ARG   0.232014   -1.02389
 790   GLN   -0.0814449   0
 791   GLU   -0.124117   0.451975
 792   LYS   -0.087023   -0.176186
 793   ASN   0.216054   0
 794   ARG   0.249248   -0.203122
 796   ASP   -0.197135   0.728573
 799   CYS   0.0438452   0.21273
 802   ARG   -0.072058   -0.205647
 803   GLY   -0.144018   0
 804   ALA   0.25518   0
 805   GLU   -0.145151   0.193714
 806   ASP   0.0125702   0.469091
 808   THR   0.159955   0
 810   VAL   -0.172752   0
 811   GLN   0.256524   0
 813   SER   0.165026   0
 814   GLU   -0.0249338   0.154732
 816   CYS   -0.0515174   0.123426
1170   HID   -0.00205846   -0.104647
1272   ARG   0.00765253   -0.115946
SITE:  LYS- 653
 332   GLU   0.0199568   0.123875
 346   CYS   -0.0415696   0.26216
 628   TYR   0.0323919   0.137287
 634   TYR   0.0550792   0.405978
 635   ILE   0.196518   0
 636   SER   0.284674   0
 637   LEU   0.141325   0
 639   LEU   0.832044   0
 640   GLY   -0.218612   0
 641   HIS   -0.075203   -1.37871
 643   LYS   -0.12876   -0.843871
 645   CYS   0.015362   0.11976
 647   ARG   0.162616   -0.560449
 648   LEU   0.21568   0
 650   VAL   0.207712   0
 651   ASP   0.328702   1.12061
 652   SER   0.30141   0
 654   VAL   -0.237039   0
 655   SER   -0.165612   0
 656   LEU   -0.384866   0
 657   GLY   -0.133058   0
 660   GLY   -0.107886   0
 698   GLY   0.0725792   0
 699   VAL   0.100494   0
 700   ASP   0.1062   0.3989
 701   ASN   0.179481   0
 702   ILE   0.227632   0
 703   PHE   0.237059   0
 704   ILE   0.11946   0
 705   LEU   0.0528897   0
 706   VAL   0.321716   0
 707   GLN   0.755318   0
 709   TYR   -0.778855   1.76528
 710   GLN   -1.4844   0
 711   ARG   -0.17137   -0.468724
 712   ASP   0.0203563   0.634296
 713   GLU   0.00380208   0.414976
 714   ARG   -0.170408   -0.293529
 718   GLU   -0.0446256   0.175824
 721   ASP   0.0257761   0.250203
 726   ARG   0.0109776   -0.371201
 730   GLU   -0.0362502   0.307907
 742   GLU   0.00345205   0.200376
 771   ASP   0.0587316   0.28415
 778   CYS   0.0107175   0.279939
 779   PHE   0.11741   0
 780   VAL   0.147822   0
 783   LEU   0.116566   0
 784   GLY   0.0581885   0
 786   ASP   0.256584   2.17284
 787   ILE   -0.109371   0
 788   LYS   -0.0627264   -0.298977
 789   ARG   -0.226175   -0.888454
 791   GLU   -0.192541   0.538948
 792   LYS   -0.0759224   -0.181489
 793   ASN   0.00883281   0
 794   ARG   0.0876405   -0.145648
 796   ASP   0.0795405   0.972536
 799   CYS   0.0328732   0.271095
 802   ARG   -0.0180274   -0.118485
 806   ASP   0.024699   0.135826
 810   VAL   -0.0206634   0
 811   GLN   0.135414   0
 812   ALA   -0.176609   0
 813   SER   0.190318   0
 814   GLU   -0.11968   0.234237
 815   SER   -0.157645   0
 816   CYS   -0.0564192   0.158042
 822   LYS   -0.0301413   -0.136761
1166   GLU   0.0144552   0.246089
1168   CYS   0.00338063   0.117447
1170   HID   -0.00667015   -0.337377
1173   ARG   0.00775658   -0.173256
1189   GLU   0.0153294   0.121793
1193   HIS   0.0997818   -0.235969
1201   GLY   -0.0292744   0
1206   LYS   -0.0170071   -0.209055
1266   ARG   -0.0207592   -0.136507
1267   TYR   0.00643947   0.188609
1272   ARG   0.0163721   -0.256972
SITE:  CYS- 670
 346   CYS   -0.00845204   0.177849
 357   SER   0.36616   0
 358   LEU   0.264044   0
 359   VAL   0.131415   0
 360   PHE   0.572015   0
 361   ILE   0.66357   0
 362   THR   0.209974   0
 363   ALA   -0.250466   0
 364   CYS   -1.92924   3.00366
 365   SER   -0.530416   0
 366   SER   -0.219356   0
 367   GLY   -0.200206   0
 372   ARG   0.103918   -0.123022
 628   TYR   0.0119209   0.383921
 662   LEU   0.140198   0
 663   ILE   0.310594   0
 664   VAL   0.281154   0
 665   LEU   0.250248   0
 666   SER   0.75859   0
 667   SER   1.06904   0
 668   VAL   0.42513   0
 671   SER   -0.523715   0
 672   LEU   -0.224918   0
 673   GLY   -0.659116   0
 674   VAL   -0.580893   0
 675   PHE   -0.160117   0
 676   SER   -0.251104   0
 677   TYR   -0.208604   0.189723
 688   GLU   0.0193035   0.169885
 691   PRO   0.0384204   0
 700   ASP   -0.0360297   0.235306
 742   GLU   8.58153e-05   0.297611
 758   HIS   0.0489032   -0.107321
 763   PHE   0.211845   0
 765   GLY   0.0535078   0
 766   LEU   0.138976   0
 767   ALA   0.166814   0
 768   VAL   0.0554319   0
 770   ILE   -0.470348   0
 771   ASP   -0.0741628   0.901874
 773   LEU   -0.175736   0
 774   LEU   -0.249398   0
 778   CYS   -0.098912   0.4705
1161   CYS   -0.00434172   0.10976
1166   GLU   -0.0085354   0.209353
1170   HID   -0.0116328   -0.130037
1206   LYS   -0.000493912   -0.189475
1225   TYR   0.00597105   0.156698
1229   TYR   -0.00396687   0.202303
SITE:  TYR- 677
 364   CYS   0.0922378   0.329071
 372   ARG   0.0646438   -0.165531
 670   CYS   0.0565644   0.189723
 674   VAL   0.163733   0
 678   ILE   -0.322705   0
SITE:  GLU- 688
 374   THR   0.155332   0
 379   ASP   -0.0252008   0.1046
 610   GLU   0.0258362   0.175254
 611   ASP   0.0307966   0.14582
 612   GLU   0.0563566   0.210658
 613   LEU   0.134625   0
 615   ARG   -0.0234219   -0.191324
 616   GLU   0.165072   0.554961
 617   SER   0.34747   0
 618   ASP   -0.0215622   0.710275
 619   SER   -0.281556   0
 620   ASP   0.564404   2.63316
 621   VAL   -0.00811222   0
 623   THR   -0.626178   0
 624   VAL   -0.822108   0
 625   VAL   -0.109188   0
 626   ILE   -0.16695   0
 627   SER   -0.293908   0
 628   TYR   -0.0816831   0.907088
 634   TYR   -0.0384628   0.101914
 670   CYS   -0.0391305   0.169885
 684   LEU   0.553826   0
 685   ILE   0.641824   0
 686   VAL   0.299868   0
 687   ILE   0.0312136   0
 689   VAL   -0.464981   0
 690   ILE   -0.178365   0
 691   PRO   -0.383364   0
 692   PHE   -0.32785   0
 700   ASP   -0.04977   0.185301
 742   GLU   0.0229265   0.218708
 758   HIS   0.0297673   -0.122072
 771   ASP   -0.0412734   0.261438
 861   ASP   -0.0185182   0.123128
 868   ASP   -0.0520717   0.100937
 869   ASP   -0.00254415   0.120152
1088   TYR   0.0121892   0.1446
1091   TYR   -0.00475171   0.177804
1097   ASP   0.00957903   0.100121
1161   CYS   -0.0225944   0.158178
1166   GLU   0.0100619   0.225958
1206   LYS   0.0501074   -0.301828
1209   GLY   0.0671721   0
1213   LEU   -0.0429998   0
1216   ALA   -0.29692   0
1217   LYS   -0.190023   -0.304712
1225   TYR   -0.156202   0.870741
1227   ARG   -0.0311881   -0.16407
1229   TYR   -0.215   0.828362
SITE:  ASP- 700
 332   GLU   0.033851   0.313666
 336   ARG   -0.0309813   -0.146957
 346   CYS   -0.0574994   0.2482
 364   CYS   -0.0350657   0.111766
 620   ASP   0.0290642   0.122111
 628   TYR   -0.00881804   0.534171
 634   TYR   -0.23039   0.749436
 641   HIS   -0.0397715   -0.299258
 643   LYS   -0.0143674   -0.116481
 651   ASP   0.0201702   0.118533
 653   LYS   0.0536683   -0.3989
 657   GLY   0.0946655   0
 660   GLY   0.12685   0
 661   ILE   0.0851564   0
 664   VAL   -0.0659333   0
 667   SER   -0.196518   0
 670   CYS   -0.0776241   0.235306
 688   GLU   0.0268037   0.185301
 690   ILE   0.148324   0
 691   PRO   0.16495   0
 692   PHE   0.168981   0
 693   LEU   0.324816   0
 694   VAL   0.323148   0
 695   LEU   0.459844   0
 696   ALA   0.894254   0
 697   VAL   1.25514   0
 698   GLY   0.49573   0
 699   VAL   0.123405   0
 701   ASN   -0.835579   0
 702   ILE   -0.240442   0
 703   PHE   -0.58194   0
 704   ILE   -0.629434   0
 705   LEU   -0.20287   0
 706   VAL   -0.190538   0
 707   GLN   -0.262848   0
 708   ALA   -0.150627   0
 709   TYR   -0.105438   0.218626
 710   GLN   -0.168655   0
 711   ARG   -0.112665   -0.395785
 712   ASP   -0.0351034   0.27992
 726   ARG   0.0350347   -0.213551
 730   GLU   0.0670513   0.471757
 731   VAL   0.131509   0
 732   ALA   0.173241   0
 733   PRO   0.074348   0
 734   SER   0.102498   0
 735   MET   0.329092   0
 738   SER   -0.655165   0
 739   SER   -0.447062   0
 741   SER   -0.368356   0
 742   GLU   0.249408   2.49764
 743   THR   -0.210894   0
 765   GLY   0.0995723   0
 768   VAL   0.133291   0
 771   ASP   -0.0362963   1.35633
 775   GLN   0.20943   0
 778   CYS   -0.0922705   0.303269
 786   ASP   -0.0421594   0.242969
 789   ARG   -0.037363   -0.112377
 796   ASP   0.0215693   0.142008
 814   GLU   -0.0676998   0.126523
 816   CYS   -0.0180496   0.106914
 822   LYS   -0.0167864   -0.117543
 825   TYR   -0.0678702   0.334632
1120   GLU   0.0233505   0.194675
1128   CYS   0.027995   0.312143
1159   MET   0.200934   0
1160   SER   0.17941   0
1161   CYS   0.0350743   0.508151
1162   GLY   0.165519   0
1163   ILE   0.284934   0
1164   SER   0.0493987   0
1165   VAL   0.0448761   0
1166   GLU   -0.656336   4.08991
1167   PHE   0.227173   0
1168   CYS   -0.0401696   0.914607
1169   SER   -0.382394   0
1170   HID   -0.28627   -2.57922
1173   ARG   -0.126935   -0.621952
1186   ARG   0.00688818   -0.1379
1188   GLU   0.0203082   0.105812
1189   GLU   0.00965741   0.201529
1193   HIS   0.0845731   -0.331418
1194   MET   0.2477   0
1195   GLY   0.137718   0
1197   SER   0.0424734   0
1198   VAL   0.22849   0
1201   GLY   -0.231623   0
1202   ILE   -0.288978   0
1205   THR   -0.50029   0
1206   LYS   -0.118746   -2.49522
1209   GLY   -0.128194   0
1225   TYR   0.0550442   0.271936
1229   TYR   0.127335   0.612038
1233   VAL   0.0545627   0
1236   GLY   -0.0308839   0
1239   HID   -0.0641415   -0.346221
1240   GLY   -0.0807288   0
1245   PRO   -0.0465517   0
1259   LYS   -0.00471199   -0.250747
1266   ARG   -0.0348204   -0.157397
1267   TYR   -0.00888076   0.220831
1272   ARG   0.00828952   -0.20738
SITE:  TYR- 709
 332   GLU   0.0191342   0.126936
 336   ARG   0.00269852   -0.113348
 346   CYS   -0.055867   0.256145
 348   ARG   -0.0352285   -0.128302
 634   TYR   0.0134719   0.169804
 639   LEU   0.168986   0
 640   GLY   -0.0984207   0
 641   HIS   0.0514807   -0.693139
 643   LYS   -0.0707579   -0.845239
 647   ARG   0.204834   -0.651509
 650   VAL   0.10327   0
 651   ASP   0.0916962   0.836755
 653   LYS   0.0207451   -1.76528
 700   ASP   0.0542588   0.218626
 702   ILE   0.113594   0
 705   LEU   0.148513   0
 706   VAL   0.296122   0
 707   GLN   0.291442   0
 710   GLN   -0.387648   0
 711   ARG   -0.164034   -0.481924
 712   ASP   0.251312   1.11955
 713   GLU   0.0372653   0.87564
 714   ARG   -0.538958   -0.68403
 718   GLU   -0.136381   0.404025
 719   THR   0.27272   0
 720   LEU   0.129767   0
 721   ASP   0.0404368   0.475969
 723   GLN   0.197434   0
 724   LEU   -0.112937   0
 726   ARG   0.0493765   -0.693425
 727   VAL   -0.199079   0
 730   GLU   -0.0777799   0.330339
 742   GLU   5.40982e-05   0.119432
 771   ASP   0.0339911   0.153186
 778   CYS   0.0302662   0.184602
 780   VAL   0.165031   0
 783   LEU   0.186217   0
 784   GLY   0.130472   0
 786   ASP   -0.0290408   1.03252
 787   ILE   -0.262706   0
 788   LYS   -0.0278901   -0.438668
 789   ARG   -0.115124   -0.563322
 790   GLN   0.38486   0
 791   GLU   -0.372712   1.31437
 792   LYS   -0.111304   -0.246329
 793   ASN   0.00256341   0
 794   ARG   0.0734608   -0.154258
 796   ASP   0.00322241   0.363034
 799   CYS   0.0231118   0.168268
 802   ARG   -0.000286846   -0.164695
 805   GLU   -0.0706746   0.136035
 806   ASP   0.0621669   0.155136
 810   VAL   0.129379   0
 812   ALA   -0.21267   0
 814   GLU   -0.110436   0.222085
 822   LYS   -0.0203191   -0.138265
1166   GLU   0.00956249   0.140008
1170   HID   0.006946   -0.231376
1173   ARG   0.014175   -0.154531
1189   GLU   0.0167923   0.123921
1193   HIS   0.0646221   -0.233421
1206   LYS   -0.00712192   -0.109524
1266   ARG   -0.0118543   -0.190112
1267   TYR   0.0190527   0.24079
1271   GLU   -0.0264528   0.11898
1272   ARG   0.00401979   -0.355772
SITE:  ARG- 711
 332   GLU   0.0580964   0.414884
 336   ARG   -0.111825   -0.249923
 346   CYS   -0.0372256   0.118541
 634   TYR   -0.00576545   0.258394
 641   HIS   -0.0816728   -0.558331
 643   LYS   -0.0110835   -0.318652
 647   ARG   0.0140534   -0.122593
 651   ASP   0.0268366   0.194046
 653   LYS   0.00766063   -0.468724
 700   ASP   0.102181   0.395785
 701   ASN   0.178095   0
 704   ILE   0.205919   0
 705   LEU   0.184209   0
 706   VAL   0.0976569   0
 707   GLN   -0.0774939   0
 708   ALA   0.253971   0
 709   TYR   0.1186   0.481924
 710   GLN   -0.166106   0
 712   ASP   -0.56659   1.18158
 713   GLU   -0.00169457   0.470183
 714   ARG   -0.0736831   -0.208051
 718   GLU   -0.0394128   0.202258
 721   ASP   0.0251402   0.115033
 723   GLN   -0.0949494   0
 726   ARG   0.0640308   -0.724335
 727   VAL   0.046705   0
 730   GLU   0.0686976   1.13419
 731   VAL   -0.0397319   0
 733   PRO   -0.0688845   0
 742   GLU   -0.00868265   0.213999
 771   ASP   0.0134022   0.15259
 786   ASP   -0.00738056   0.200239
 789   ARG   -0.0189964   -0.107052
 791   GLU   -0.0256318   0.153967
 813   SER   0.127277   0
 814   GLU   -0.356886   0.776169
 816   CYS   0.00473842   0.190534
 819   ARG   0.0383672   -0.183946
 822   LYS   -0.130515   -0.838131
 825   TYR   -0.110957   0.238711
1120   GLU   0.027064   0.184988
1166   GLU   0.0518163   0.28692
1168   CYS   0.0362236   0.264974
1170   HID   0.0473238   -0.666078
1171   ILE   0.0861026   0
1173   ARG   0.0290203   -0.505095
1177   VAL   0.113894   0
1180   LYS   -0.0232632   -0.361894
1185   GLU   0.0376766   0.166918
1186   ARG   0.0405191   -0.245391
1188   GLU   0.0524231   0.354675
1189   GLU   0.182529   0.821484
1190   ALA   0.20993   0
1191   LEU   0.13998   0
1192   ALA   0.150702   0
1193   HIS   0.64223   -2.7811
1194   MET   0.190257   0
1195   GLY   -0.103411   0
1196   SER   -0.393842   0
1197   SER   -0.227352   0
1206   LYS   -0.0215724   -0.208304
1259   LYS   0.019509   -0.288179
1264   GLU   -0.0140415   0.129158
1266   ARG   -0.155653   -0.338392
1267   TYR   -0.0298407   0.807979
1271   GLU   -0.0256698   0.17741
1272   ARG   0.290134   -1.21077
1273   GLU   -0.00308422   0.113174
1278   PHE   0.0020174   0.167937
SITE:  ASP- 712
 332   GLU   0.049269   0.352675
 336   ARG   -0.0703893   -0.317036
 337   ARG   0.0404839   -0.112443
 346   CYS   -0.06578   0.195746
 348   ARG   -0.0523457   -0.105705
 634   TYR   -0.00153856   0.158455
 641   HIS   -0.0244913   -0.454826
 643   LYS   -0.0299706   -0.39883
 647   ARG   0.0403622   -0.198733
 651   ASP   0.0299728   0.275049
 653   LYS   0.0177853   -0.634296
 700   ASP   0.0741014   0.27992
 702   ILE   0.101559   0
 704   ILE   0.157692   0
 705   LEU   0.25786   0
 706   VAL   0.1964   0
 707   GLN   0.194676   0
 708   ALA   0.749615   0
 709   TYR   0.604926   1.11955
 710   GLN   -0.130431   0
 711   ARG   -0.173074   -1.18158
 713   GLU   -0.170839   1.24632
 714   ARG   -0.20945   -0.591043
 718   GLU   -0.208622   0.685778
 720   LEU   0.211542   0
 721   ASP   0.0549358   0.314672
 723   GLN   -1.32683   0
 724   LEU   0.221652   0
 725   GLY   0.0169756   0
 726   ARG   0.95866   -3.99218
 727   VAL   -0.282883   0
 729   GLY   -0.138198   0
 730   GLU   -0.30216   1.10113
 731   VAL   -0.129709   0
 733   PRO   -0.0637526   0
 742   GLU   -0.00377493   0.158759
 771   ASP   0.024255   0.144492
 778   CYS   0.00474323   0.117171
 786   ASP   -0.0296261   0.31527
 788   LYS   -0.0262354   -0.174502
 789   ARG   -0.032905   -0.167051
 791   GLU   -0.0401136   0.381132
 796   ASP   0.00391814   0.126806
 810   VAL   0.132887   0
 812   ALA   -0.155814   0
 814   GLU   -0.178492   0.365699
 822   LYS   -0.0323813   -0.31418
1120   GLU   0.0184557   0.13176
1166   GLU   0.020065   0.187283
1168   CYS   0.0159932   0.151779
1170   HID   0.04917   -0.40617
1173   ARG   0.0541044   -0.378876
1180   LYS   -0.00647327   -0.155535
1186   ARG   0.00134776   -0.132816
1188   GLU   0.00544575   0.130874
1189   GLU   0.0490409   0.382531
1193   HIS   0.083461   -0.70709
1206   LYS   -0.0102937   -0.136198
1259   LYS   0.0253814   -0.222236
1264   GLU   0.000280613   0.117647
1266   ARG   -0.145479   -0.571371
1267   TYR   0.102683   0.954363
1271   GLU   -0.0986781   0.298391
1272   ARG   -0.0069457   -1.56544
1273   GLU   -0.0313928   0.133238
SITE:  GLU- 713
 332   GLU   0.0131758   0.105269
 641   HIS   -0.00597959   -0.344712
 643   LYS   -0.0294558   -0.515791
 647   ARG   0.0212198   -0.270938
 651   ASP   0.0356482   0.293049
 653   LYS   8.63624e-06   -0.414976
 709   TYR   0.278524   0.87564
 710   GLN   0.144678   0
 711   ARG   0.00283111   -0.470183
 712   ASP   -0.167748   1.24632
 714   ARG   -1.45258   -1.77148
 715   LEU   0.209887   0
 718   GLU   -0.0895805   0.348052
 721   ASP   0.00969307   0.154388
 723   GLN   -0.273905   0
 726   ARG   0.145729   -0.724309
 730   GLU   -0.0452378   0.281969
 786   ASP   0.0129809   0.215056
 788   LYS   -0.00574111   -0.107029
 789   ARG   -0.00546604   -0.143476
 791   GLU   -0.0528816   0.411985
 809   SER   -0.171428   0
 810   VAL   0.630357   0
 811   GLN   -0.528428   0
 812   ALA   -0.255218   0
 814   GLU   -0.116967   0.315895
 822   LYS   -0.0130585   -0.231086
1170   HID   0.0114413   -0.133427
1173   ARG   0.014274   -0.112391
1189   GLU   0.0182015   0.159832
1193   HIS   0.0287687   -0.283129
1266   ARG   -0.0424126   -0.163135
1267   TYR   0.0345468   0.30404
1271   GLU   -0.0488134   0.406262
1272   ARG   0.0265027   -0.599209
SITE:  ARG- 714
 641   HIS   0.0120316   -0.20818
 643   LYS   -0.0245458   -0.375007
 647   ARG   0.0596888   -0.338603
 651   ASP   0.0379962   0.267863
 653   LYS   -0.00711516   -0.293529
 709   TYR   0.124362   0.68403
 711   ARG   -0.0266381   -0.208051
 712   ASP   0.110991   0.591043
 713   GLU   0.0916403   1.77148
 715   LEU   0.115869   0
 718   GLU   -0.0112792   0.301261
 719   THR   0.18694   0
 721   ASP   0.00077751   0.146698
 726   ARG   0.0691712   -0.422714
 730   GLU   -0.0288168   0.141186
 786   ASP   0.0227506   0.182016
 788   LYS   0.00334517   -0.109513
 789   ARG   0.0121808   -0.139035
 791   GLU   -0.0211466   0.522175
 805   GLU   -0.0580582   0.102565
 806   ASP   0.0481498   0.111717
 809   SER   -0.825198   0
 810   VAL   0.455086   0
 811   GLN   -0.146899   0
 814   GLU   -0.048547   0.139538
1193   HIS   0.0127136   -0.126047
1267   TYR   0.024627   0.156591
1271   GLU   -0.0200819   0.256421
1272   ARG   -0.00954185   -0.270702
SITE:  GLU- 718
 332   GLU   0.0219664   0.147309
 336   ARG   0.0438865   -0.261928
 337   ARG   0.0291966   -0.114124
 341   ARG   0.0226713   -0.125966
 346   CYS   -0.0477002   0.131438
 348   ARG   -0.0759056   -0.206065
 643   LYS   -0.00604864   -0.105439
 653   LYS   0.00430189   -0.175824
 709   TYR   0.0602474   0.404025
 711   ARG   -0.0523884   -0.202258
 712   ASP   0.0674671   0.685778
 713   GLU   0.11186   0.348052
 714   ARG   -0.710627   -0.301261
 715   LEU   -0.562264   0
 716   GLN   -0.387456   0
 717   GLY   -0.280751   0
 720   LEU   0.194526   0
 721   ASP   -0.0577291   0.49875
 722   GLN   -0.463451   0
 725   GLY   -0.184605   0
 726   ARG   -0.555526   -1.31242
 730   GLU   -0.107194   0.306057
 786   ASP   -0.0121561   0.126592
 788   LYS   -0.022387   -0.172389
 791   GLU   0.0173587   0.322192
1170   HID   0.0145628   -0.102391
1173   ARG   0.0267876   -0.126373
1189   GLU   0.00882007   0.107028
1193   HIS   0.0126705   -0.158778
1266   ARG   0.0907154   -0.54945
1267   TYR   0.0794653   0.420786
1271   GLU   -0.0939468   0.200511
1272   ARG   -0.162574   -0.366759
1273   GLU   -0.0372602   0.117507
SITE:  ASP- 721
 336   ARG   0.0441818   -0.115438
 340   THR   0.11062   0
 341   ARG   0.153534   -0.168121
 343   GLY   0.104025   0
 344   SER   -0.0806978   0
 346   CYS   -0.0943866   0.505575
 347   VAL   -0.299734   0
 348   ARG   -0.306994   -0.911292
 350   PRO   -0.0591703   0
 352   CYS   -0.0501036   0.12118
 651   ASP   0.014779   0.110116
 653   LYS   0.00511772   -0.250203
 709   TYR   0.0368436   0.475969
 711   ARG   -0.0458574   -0.115033
 712   ASP   0.00903447   0.314672
 713   GLU   0.0191426   0.154388
 714   ARG   -0.174543   -0.146698
 718   GLU   -0.342877   0.49875
 719   THR   -0.659886   0
 720   LEU   -0.35385   0
 722   GLN   -0.500352   0
 723   GLN   -0.12316   0
 724   LEU   -0.471858   0
 725   GLY   -0.308739   0
 726   ARG   -0.0977498   -0.382464
 730   GLU   -0.0615857   0.161977
 778   CYS   0.0602072   0.176794
 780   VAL   0.117282   0
 781   SER   0.179378   0
 784   GLY   0.029712   0
 786   ASP   -0.0960505   0.301251
 788   LYS   -0.0971001   -1.65804
 789   ARG   -0.0389106   -0.168129
 791   GLU   0.0319924   0.548849
 792   LYS   -0.0395199   -0.27543
1266   ARG   0.034774   -0.198667
1267   TYR   0.0163606   0.126693
1272   ARG   -0.0225481   -0.124906
SITE:  ARG- 726
 332   GLU   0.050934   0.393626
 334   CYS   0.0463062   0.104173
 336   ARG   -0.0290953   -0.482204
 337   ARG   0.0620907   -0.17718
 340   THR   -0.161576   0
 341   ARG   0.0492913   -0.144276
 346   CYS   -0.0814307   0.210437
 348   ARG   -0.0904754   -0.150173
 634   TYR   -0.00333978   0.101992
 641   HIS   -0.0130795   -0.24382
 643   LYS   -0.0236932   -0.209132
 647   ARG   0.0278514   -0.120206
 651   ASP   0.0188865   0.157891
 653   LYS   0.00873334   -0.371201
 700   ASP   0.0512476   0.213551
 705   LEU   0.135011   0
 706   VAL   0.0891924   0
 708   ALA   0.186267   0
 709   TYR   0.145895   0.693425
 711   ARG   -0.200652   -0.724335
 712   ASP   0.893681   3.99218
 713   GLU   0.559864   0.724309
 714   ARG   -0.550302   -0.422714
 715   LEU   -0.342174   0
 716   GLN   -0.200866   0
 718   GLU   -0.23896   1.31242
 720   LEU   0.236534   0
 721   ASP   0.0966521   0.382464
 722   GLN   0.283256   0
 723   GLN   -0.46349   0
 724   LEU   0.284576   0
 725   GLY   0.0996166   0
 727   VAL   -0.5606   0
 729   GLY   -0.298385   0
 730   GLU   -0.457168   1.07425
 731   VAL   -0.135117   0
 733   PRO   -0.0734733   0
 742   GLU   -0.0048066   0.130149
 771   ASP   0.0182731   0.118041
 778   CYS   0.0056467   0.104389
 786   ASP   -0.036477   0.214919
 788   LYS   -0.0209004   -0.165968
 789   ARG   -0.025213   -0.11019
 791   GLU   -0.0212542   0.290305
 814   GLU   -0.0906301   0.219884
 822   LYS   -0.0146431   -0.216272
1120   GLU   0.0208628   0.135422
1166   GLU   0.0142041   0.144775
1168   CYS   0.0131043   0.126661
1170   HID   0.0490577   -0.316808
1173   ARG   0.0856666   -0.366132
1180   LYS   -0.00482818   -0.135431
1186   ARG   -0.00780208   -0.127473
1188   GLU   0.00282614   0.105981
1189   GLU   0.0286158   0.342021
1193   HIS   0.0281402   -0.546994
1206   LYS   -0.00777002   -0.103602
1259   LYS   0.0357454   -0.235695
1264   GLU   0.0118734   0.144749
1265   GLU   -0.0103968   0.116923
1266   ARG   -0.181949   -1.03824
1267   TYR   0.184296   1.23242
1271   GLU   -0.127966   0.309399
1272   ARG   -0.441205   -1.39986
1273   GLU   -0.0460642   0.172655
SITE:  GLU- 730
 325   ASP   0.0418824   0.164538
 332   GLU   0.189862   1.29352
 333   GLY   0.0514556   0
 334   CYS   0.0188856   0.19588
 336   ARG   -0.489189   -0.807908
 337   ARG   0.0653067   -0.248333
 341   ARG   -0.021175   -0.11803
 346   CYS   -0.0741246   0.203911
 634   TYR   -0.0165198   0.173759
 641   HIS   -0.0328256   -0.24641
 643   LYS   -0.00886086   -0.140986
 651   ASP   0.0154512   0.104479
 653   LYS   0.00979977   -0.307907
 700   ASP   0.107634   0.471757
 701   ASN   0.221848   0
 704   ILE   0.125265   0
 705   LEU   0.14951   0
 706   VAL   0.0413787   0
 709   TYR   0.00707226   0.330339
 710   GLN   -0.163682   0
 711   ARG   -0.295317   -1.13419
 712   ASP   -0.0657019   1.10113
 713   GLU   0.0616764   0.281969
 714   ARG   -0.0683543   -0.141186
 718   GLU   -0.0357137   0.306057
 721   ASP   0.0552928   0.161977
 722   GLN   0.178361   0
 723   GLN   0.0490104   0
 724   LEU   0.214678   0
 725   GLY   0.236187   0
 726   ARG   0.33859   -1.07425
 727   VAL   0.573701   0
 728   LEU   0.23923   0
 729   GLY   0.0773638   0
 731   VAL   -0.638099   0
 732   ALA   -0.142887   0
 733   PRO   -0.303829   0
 734   SER   -0.370116   0
 742   GLU   -0.0200042   0.30333
 771   ASP   0.0186497   0.20882
 778   CYS   -0.0104058   0.119508
 786   ASP   -0.0241295   0.162571
 791   GLU   -0.0175623   0.117528
 814   GLU   -0.105661   0.250118
 822   LYS   -0.0273864   -0.292953
 825   TYR   -0.059818   0.172418
1119   CYS   -0.0606598   0.130811
1120   GLU   0.0621183   0.425627
1128   CYS   -0.00239589   0.149499
1161   CYS   0.0234306   0.107278
1166   GLU   0.0500304   0.33991
1168   CYS   0.0488008   0.366559
1169   SER   0.189415   0
1170   HID   0.22908   -0.886889
1171   ILE   0.152764   0
1173   ARG   0.322834   -1.3463
1177   VAL   0.140724   0
1179   MET   -0.176317   0
1180   LYS   -0.00858184   -0.283428
1183   ARG   0.0559639   -0.1113
1185   GLU   0.00774156   0.153591
1186   ARG   -0.0276253   -0.368874
1188   GLU   -0.00910498   0.233957
1189   GLU   0.03185   0.815638
1193   HIS   0.0821767   -1.17389
1194   MET   -0.118921   0
1195   GLY   -0.0334823   0
1196   SER   -0.174067   0
1197   SER   -0.259207   0
1206   LYS   -0.0174742   -0.229937
1239   HID   0.00774524   -0.106436
1259   LYS   0.060896   -0.754907
1261   CYS   0.0191334   0.190192
1263   THR   0.184945   0
1264   GLU   -0.0362442   0.23411
1265   GLU   -0.0579523   0.16159
1266   ARG   -0.421949   -1.02012
1267   TYR   -0.146551   1.77576
1271   GLU   -0.0416518   0.151137
1272   ARG   -0.104479   -1.17081
1273   GLU   -0.0160298   0.161947
1278   PHE   -0.00196342   0.158152
SITE:  GLU- 742
 332   GLU   0.0164454   0.264847
 336   ARG   -0.0211117   -0.113598
 346   CYS   -0.0459048   0.192445
 364   CYS   -0.0369849   0.146889
 620   ASP   0.0308293   0.143644
 628   TYR   -0.041414   0.524911
 634   TYR   -0.100362   0.340763
 641   HIS   -0.0161495   -0.139935
 653   LYS   0.0276074   -0.200376
 660   GLY   0.10703   0
 664   VAL   0.00268186   0
 667   SER   -0.183007   0
 670   CYS   -0.0964586   0.297611
 688   GLU   0.00848093   0.218708
 689   VAL   0.0931239   0
 690   ILE   0.184081   0
 691   PRO   0.156861   0
 693   LEU   0.252038   0
 694   VAL   0.24904   0
 695   LEU   0.191322   0
 697   VAL   -0.17803   0
 698   GLY   0.102982   0
 699   VAL   -0.0982277   0
 700   ASP   -0.190486   2.49764
 701   ASN   -0.567411   0
 704   ILE   -0.23416   0
 709   TYR   -0.0483586   0.119432
 711   ARG   -0.0522799   -0.213999
 712   ASP   -0.0195361   0.158759
 726   ARG   0.027425   -0.130149
 730   GLU   0.053636   0.30333
 731   VAL   0.109637   0
 732   ALA   0.176125   0
 733   PRO   0.145077   0
 734   SER   0.251997   0
 735   MET   0.479838   0
 736   PHE   0.315876   0
 737   LEU   0.273678   0
 738   SER   -0.125867   0
 739   SER   0.339308   0
 741   SER   -0.672824   0
 743   THR   -0.860592   0
 744   VAL   -0.25062   0
 745   ALA   -0.459837   0
 746   PHE   -0.257252   0
 749   GLY   -0.132818   0
 758   HIS   0.0842975   -0.157515
 761   SER   0.20737   0
 762   LEU   0.141631   0
 765   GLY   0.18106   0
 766   LEU   0.106589   0
 768   VAL   -0.0367925   0
 771   ASP   -0.304398   1.40217
 772   PHE   -0.184702   0
 775   GLN   0.07836   0
 778   CYS   -0.0825243   0.237186
 786   ASP   -0.0280074   0.135066
 825   TYR   -0.0419638   0.217968
1097   ASP   0.0444471   0.157505
1105   SER   0.133115   0
1109   ILE   -0.00174722   0
1112   VAL   -0.111183   0
1119   CYS   -0.030925   0.108277
1120   GLU   0.0229232   0.19381
1128   CYS   0.0648125   0.493002
1155   VAL   0.136255   0
1157   LEU   0.147632   0
1158   VAL   0.183149   0
1159   MET   0.505798   0
1160   SER   0.262668   0
1161   CYS   0.0780503   1.03471
1162   GLY   0.679072   0
1163   ILE   0.0591876   0
1164   SER   -0.145967   0
1165   VAL   -0.301056   0
1166   GLU   -0.632955   3.50826
1168   CYS   -0.0695027   1.0642
1169   SER   -0.515698   0
1170   HID   -0.196304   -1.42702
1173   ARG   -0.136786   -0.555255
1186   ARG   0.000643137   -0.111043
1189   GLU   -0.00218683   0.130836
1193   HIS   0.0313813   -0.19238
1195   GLY   0.0525072   0
1198   VAL   0.0723315   0
1201   GLY   -0.0366141   0
1202   ILE   -0.0463322   0
1205   THR   -0.193768   0
1206   LYS   -0.0366799   -2.16287
1225   TYR   0.0767894   0.410919
1229   TYR   0.150626   0.853702
1233   VAL   0.0281256   0
1236   GLY   -0.0526271   0
1239   HID   -0.073653   -0.365629
1240   GLY   -0.053757   0
1259   LYS   -0.00515297   -0.232413
1266   ARG   -0.0252294   -0.109847
1267   TYR   -0.0089465   0.143519
1272   ARG   0.0053441   -0.123474
SITE:  HIS- 758
 372   ARG   0.0409076   -0.106927
 379   ASP   0.0847805   0.308823
 380   LEU   0.132517   0
 383   ALA   -0.143727   0
 384   PRO   -0.117803   0
 389   ARG   0.0175528   -0.292914
 628   TYR   -0.00869092   0.100303
 670   CYS   -0.00621836   0.107321
 681   PRO   0.149306   0
 688   GLU   -0.0495237   0.122072
 742   GLU   0.0428915   0.157515
 746   PHE   0.148215   0
 747   PHE   0.158966   0
 748   LEU   0.15726   0
 749   GLY   0.140742   0
 750   ALA   0.262701   0
 752   SER   0.964069   0
 753   VAL   -0.161743   0
 754   MET   0.362836   0
 755   PRO   0.361194   0
 757   VAL   0.0318112   0
 759   THR   -0.268214   0
 761   SER   -0.530838   0
 762   LEU   -0.331455   0
 771   ASP   -0.0376197   0.111453
1088   TYR   0.00876433   0.126134
1089   GLU   -0.0224974   0.17324
1091   TYR   -0.00560842   0.220053
1096   ASP   -0.0104918   0.110476
1097   ASP   0.0749528   0.487685
1101   ASN   0.139263   0
1161   CYS   -0.0293608   0.233184
1166   GLU   -0.00836575   0.108802
1206   LYS   0.000440635   -0.11373
1225   TYR   0.00481489   0.400616
1229   TYR   -0.00198291   0.263895
SITE:  ASP- 771
 332   GLU   0.0159968   0.148586
 346   CYS   -0.0570322   0.357937
 364   CYS   -0.141993   0.375448
 620   ASP   0.028575   0.14393
 628   TYR   0.0243621   1.01355
 634   TYR   -0.110799   0.299266
 641   HIS   -0.0135489   -0.147968
 653   LYS   0.0613803   -0.28415
 656   LEU   0.144231   0
 657   GLY   0.19088   0
 658   ILE   0.165743   0
 659   ALA   0.176306   0
 660   GLY   0.50851   0
 661   ILE   0.422562   0
 662   LEU   0.117773   0
 663   ILE   0.0727317   0
 664   VAL   -0.0747257   0
 665   LEU   0.136834   0
 666   SER   -0.437266   0
 667   SER   -1.8475   0
 668   VAL   -0.0859707   0
 670   CYS   -0.358527   0.901874
 671   SER   -0.372853   0
 688   GLU   0.0527853   0.261438
 689   VAL   0.081346   0
 690   ILE   0.17445   0
 691   PRO   0.282914   0
 693   LEU   0.164023   0
 694   VAL   0.605628   0
 695   LEU   0.448711   0
 697   VAL   -0.350536   0
 698   GLY   -0.57564   0
 699   VAL   -0.0427683   0
 700   ASP   -0.252008   1.35633
 701   ASN   -0.97334   0
 702   ILE   -0.21341   0
 704   ILE   -0.17039   0
 705   LEU   -0.176384   0
 709   TYR   -0.0621698   0.153186
 711   ARG   -0.049376   -0.15259
 712   ASP   -0.0141852   0.144492
 726   ARG   0.0200764   -0.118041
 730   GLU   0.00817278   0.20882
 733   PRO   0.0504169   0
 735   MET   0.155666   0
 738   SER   -0.248284   0
 739   SER   -0.400398   0
 742   GLU   0.0307654   1.40217
 743   THR   -0.22847   0
 758   HIS   0.0624794   -0.111453
 761   SER   0.142878   0
 762   LEU   0.138163   0
 763   PHE   0.184398   0
 764   ALA   0.32993   0
 765   GLY   0.23259   0
 766   LEU   0.296831   0
 767   ALA   0.946105   0
 768   VAL   0.760895   0
 769   PHE   0.315921   0
 770   ILE   0.0890304   0
 772   PHE   -0.572252   0
 773   LEU   -0.159815   0
 774   LEU   -0.617572   0
 775   GLN   -0.908445   0
 776   ILE   -0.184168   0
 777   THR   -0.227039   0
 778   CYS   -0.292244   0.719923
 779   PHE   -0.15362   0
 786   ASP   -0.0626377   0.242701
 789   ARG   -0.0491653   -0.1127
 796   ASP   0.0321443   0.1488
 825   TYR   -0.0182877   0.100043
1128   CYS   0.0158155   0.146923
1161   CYS   -0.000666873   0.316392
1162   GLY   0.0328562   0
1166   GLU   -0.0375413   1.03714
1168   CYS   -0.0137658   0.319606
1170   HID   -0.0618207   -0.639434
1173   ARG   -0.0264957   -0.272592
1193   HIS   0.0256412   -0.119979
1201   GLY   0.023854   0
1206   LYS   -0.0363097   -0.874393
1225   TYR   0.025177   0.286891
1229   TYR   0.0262438   0.53638
1239   HID   -0.0263845   -0.128323
1259   LYS   0.00102965   -0.114593
SITE:  CYS- 778
 343   GLY   0.0687131   0
 346   CYS   0.0961094   1.17759
 348   ARG   -0.0680954   -0.1213
 350   PRO   0.36852   0
 351   GLY   0.217162   0
 352   CYS   0.0472984   0.292092
 353   VAL   0.128126   0
 354   ILE   0.108242   0
 355   PHE   0.146957   0
 356   PHE   -0.196975   0
 357   SER   -0.529149   0
 358   LEU   -0.0399514   0
 360   PHE   -0.200018   0
 361   ILE   -0.217032   0
 364   CYS   -0.126258   0.27373
 628   TYR   0.0245441   0.215697
 634   TYR   -0.0243648   0.10403
 641   HIS   -0.00507464   -0.100885
 653   LYS   0.042193   -0.279939
 656   LEU   0.140958   0
 657   GLY   0.111863   0
 659   ALA   0.310128   0
 660   GLY   0.07625   0
 663   ILE   -0.194752   0
 664   VAL   0.0154255   0
 670   CYS   -0.0733631   0.4705
 698   GLY   0.028974   0
 700   ASP   -0.00185156   0.303269
 709   TYR   -0.0392526   0.184602
 712   ASP   -0.00803451   0.117171
 721   ASP   0.0121573   0.176794
 726   ARG   0.0126334   -0.104389
 730   GLU   -0.0141684   0.119508
 742   GLU   0.00172265   0.237186
 770   ILE   0.182292   0
 771   ASP   0.292268   0.719923
 772   PHE   0.184541   0
 773   LEU   0.227618   0
 774   LEU   0.897603   0
 775   GLN   0.349702   0
 776   ILE   0.0443343   0
 777   THR   -0.0716921   0
 779   PHE   -0.393402   0
 780   VAL   -0.257382   0
 781   SER   -0.959609   0
 782   LEU   -0.419983   0
 784   GLY   -0.16985   0
 785   LEU   -0.159802   0
 786   ASP   -0.163767   0.411088
 788   LYS   -0.0454914   -0.254507
 789   ARG   -0.117109   -0.200949
 796   ASP   0.074639   0.219345
 799   CYS   0.00365739   0.197621
1166   GLU   -0.00438735   0.202228
1170   HID   -0.00672417   -0.195758
1173   ARG   0.00154058   -0.110123
1206   LYS   -0.00304207   -0.165469
SITE:  ASP- 786
 346   CYS   -0.0065737   0.325256
 348   ARG   -0.0198479   -0.10528
 350   PRO   -0.00239042   0
 628   TYR   0.0231942   0.112364
 634   TYR   0.0227274   0.203119
 636   SER   0.180662   0
 639   LEU   0.112465   0
 640   GLY   -0.136831   0
 641   HIS   0.00365442   -0.512958
 643   LYS   -0.0894515   -0.404865
 647   ARG   0.168991   -0.448502
 648   LEU   0.175592   0
 649   LEU   0.168953   0
 650   VAL   0.473974   0
 651   ASP   0.146074   0.788454
 652   SER   0.677694   0
 653   LYS   -0.276138   -2.17284
 654   VAL   -0.015861   0
 655   SER   -0.289132   0
 656   LEU   -0.591834   0
 657   GLY   -0.0689638   0
 659   ALA   -0.184831   0
 660   GLY   -0.106462   0
 700   ASP   0.0457169   0.242969
 702   ILE   0.0780748   0
 706   VAL   -0.0117197   0
 709   TYR   -0.1452   1.03252
 710   GLN   -0.2108   0
 711   ARG   -0.0746887   -0.200239
 712   ASP   0.012447   0.31527
 713   GLU   0.00398234   0.215056
 714   ARG   -0.110918   -0.182016
 718   GLU   -0.041801   0.126592
 721   ASP   0.0123718   0.301251
 726   ARG   0.00381493   -0.214919
 730   GLU   -0.0300341   0.162571
 742   GLU   0.00185228   0.135066
 771   ASP   0.0695055   0.242701
 778   CYS   0.0783391   0.411088
 779   PHE   0.291083   0
 780   VAL   0.225941   0
 781   SER   0.135145   0
 782   LEU   0.634253   0
 783   LEU   0.765042   0
 784   GLY   0.0982765   0
 785   LEU   0.0105322   0
 787   ILE   -0.555183   0
 788   LYS   -0.229136   -0.548644
 789   ARG   -1.36363   -2.21544
 790   GLN   -1.12913   0
 791   GLU   -0.265968   0.565771
 792   LYS   -0.152037   -0.357883
 793   ASN   -0.0571832   0
 794   ARG   0.0786816   -0.296783
 795   LEU   0.184486   0
 796   ASP   0.336024   1.68867
 799   CYS   0.0922258   0.724812
 800   CYS   0.0164218   0.175513
 801   VAL   0.121693   0
 802   ARG   -0.0348053   -0.170203
 805   GLU   -0.053411   0.105876
 806   ASP   0.0273267   0.116673
1166   GLU   0.00551086   0.150759
1170   HID   -0.00392033   -0.187219
1193   HIS   0.0366456   -0.108489
1206   LYS   -0.00706276   -0.129348
1272   ARG   -0.000579828   -0.124971
SITE:  LYS- 788
 343   GLY   0.148368   0
 344   SER   0.126158   0
 345   PHE   0.145115   0
 346   CYS   0.141808   0.505175
 347   VAL   1.32442   0
 348   ARG   0.046666   -0.521752
 350   PRO   -0.25969   0
 352   CYS   -0.0566172   0.184265
 641   HIS   0.00313827   -0.101619
 643   LYS   -0.0137374   -0.103222
 647   ARG   0.0535449   -0.134302
 651   ASP   0.0222664   0.150354
 653   LYS   0.00107159   -0.298977
 709   TYR   0.0220542   0.438668
 712   ASP   0.00665776   0.174502
 713   GLU   0.00636902   0.107029
 714   ARG   -0.0770353   -0.109513
 718   GLU   -0.0854614   0.172389
 719   THR   -0.211348   0
 720   LEU   -0.259188   0
 721   ASP   0.289076   1.65804
 724   LEU   -0.155352   0
 726   ARG   -0.0134552   -0.165968
 778   CYS   0.0984994   0.254507
 780   VAL   0.174832   0
 781   SER   0.400212   0
 782   LEU   0.140511   0
 783   LEU   0.078616   0
 784   GLY   0.229598   0
 785   LEU   0.234203   0
 786   ASP   -0.0594106   0.548644
 787   ILE   -0.0480833   0
 789   ARG   -0.0927763   -0.545421
 791   GLU   -0.125368   0.607127
 792   LYS   -0.108139   -0.642024
 794   ARG   -0.0101046   -0.240398
 796   ASP   0.0460507   0.186602
 799   CYS   0.0157221   0.217476
 802   ARG   0.00627792   -0.126275
SITE:  ARG- 789
 346   CYS   0.00540684   0.144562
 634   TYR   0.0254252   0.119197
 636   SER   0.14583   0
 640   GLY   -0.156122   0
 641   HIS   0.062937   -0.344234
 643   LYS   -0.10401   -0.348659
 645   CYS   0.0561189   0.124628
 647   ARG   0.356153   -0.622575
 648   LEU   0.277847   0
 649   LEU   0.760115   0
 650   VAL   1.13031   0
 651   ASP   0.0100462   1.02389
 652   SER   1.11189   0
 653   LYS   -0.137906   -0.888454
 654   VAL   -0.194879   0
 655   SER   -0.666526   0
 656   LEU   -0.226006   0
 700   ASP   0.0198618   0.112377
 709   TYR   -0.0538183   0.563322
 711   ARG   -0.0322004   -0.107052
 712   ASP   0.0261882   0.167051
 713   GLU   0.000172558   0.143476
 714   ARG   -0.0694069   -0.139035
 721   ASP   0.00768738   0.168129
 726   ARG   0.00250475   -0.11019
 771   ASP   0.029471   0.1127
 778   CYS   0.0316586   0.200949
 782   LEU   0.158176   0
 783   LEU   0.174116   0
 784   GLY   0.086282   0
 785   LEU   0.122644   0
 786   ASP   0.856214   2.21544
 787   ILE   0.272976   0
 788   LYS   0.599376   -0.545421
 790   GLN   -1.24177   0
 791   GLU   -0.28239   0.514259
 792   LYS   -0.252922   -0.472713
 793   ASN   -0.26931   0
 794   ARG   1.73397   -0.580685
 795   LEU   0.699354   0
 796   ASP   -0.267347   2.87088
 797   ILE   0.0225019   0
 799   CYS   0.150761   1.23446
 800   CYS   0.00346839   0.323685
 801   VAL   0.435058   0
 802   ARG   -0.127   -0.326664
 803   GLY   -0.11309   0
 805   GLU   -0.0918538   0.18184
 806   ASP   0.0271026   0.187483
SITE:  GLU- 791
 346   CYS   -0.0126269   0.147405
 348   ARG   -0.0317507   -0.126418
 641   HIS   0.0241146   -0.246757
 643   LYS   -0.0374953   -0.362192
 647   ARG   0.188346   -0.537474
 651   ASP   0.0582565   0.451975
 653   LYS   -0.00518673   -0.538948
 709   TYR   0.142155   1.31437
 711   ARG   -0.039598   -0.153967
 712   ASP   0.0933807   0.381132
 713   GLU   0.0189709   0.411985
 714   ARG   -0.274892   -0.522175
 718   GLU   -0.0420782   0.322192
 719   THR   0.328298   0
 720   LEU   -0.131882   0
 721   ASP   0.00256163   0.548849
 723   GLN   0.207844   0
 726   ARG   -0.00303069   -0.290305
 730   GLU   -0.0299674   0.117528
 783   LEU   0.134819   0
 784   GLY   0.202618   0
 785   LEU   0.142858   0
 786   ASP   0.117574   0.565771
 787   ILE   0.398378   0
 788   LYS   0.0154324   -0.607127
 789   ARG   0.0877533   -0.514259
 792   LYS   -0.543478   -0.611014
 793   ASN   -0.11444   0
 794   ARG   0.0855921   -0.266674
 796   ASP   0.00588757   0.219418
 799   CYS   0.031368   0.155053
 802   ARG   0.0311431   -0.330022
 805   GLU   -0.0766423   0.226981
 806   ASP   0.0665926   0.141351
 810   VAL   0.00760095   0
1272   ARG   -0.00407763   -0.133255
SITE:  LYS- 792
 346   CYS   0.0236078   0.105331
 647   ARG   0.0862229   -0.218006
 651   ASP   0.0255499   0.176186
 653   LYS   -0.00681171   -0.181489
 709   TYR   0.003455   0.246329
 721   ASP   0.0198892   0.27543
 784   GLY   0.11875   0
 785   LEU   0.20482   0
 786   ASP   0.0916943   0.357883
 788   LYS   0.38977   -0.642024
 789   ARG   0.264034   -0.472713
 791   GLU   -0.152191   0.611014
 793   ASN   -0.26437   0
 794   ARG   0.281172   -1.00776
 796   ASP   0.0353468   0.181649
 799   CYS   0.0846494   0.284958
 800   CYS   0.0640042   0.188462
 802   ARG   0.0281129   -0.468916
 805   GLU   -0.0322876   0.210418
SITE:  ARG- 794
 647   ARG   0.0773616   -0.233907
 651   ASP   0.0173189   0.203122
 653   LYS   -0.00704645   -0.145648
 709   TYR   -0.00433086   0.154258
 786   ASP   0.0899254   0.296783
 788   LYS   0.149207   -0.240398
 789   ARG   0.207846   -0.580685
 791   GLU   -0.093789   0.266674
 792   LYS   0.169115   -1.00776
 796   ASP   0.0260888   0.237879
 799   CYS   0.43967   0.445058
 800   CYS   0.200172   0.537512
 801   VAL   0.150355   0
 802   ARG   -0.198002   -0.723719
 805   GLU   -0.0441925   0.267044
SITE:  ASP- 796
 346   CYS   0.00405909   0.129272
 628   TYR   0.0323737   0.100347
 634   TYR   0.0413313   0.170933
 636   SER   0.306014   0
 640   GLY   -0.171721   0
 641   HIS   0.0465778   -0.346927
 643   LYS   -0.0839664   -0.253621
 645   CYS   0.0615628   0.150356
 647   ARG   0.194169   -0.346604
 648   LEU   0.335852   0
 649   LEU   0.755576   0
 650   VAL   0.467402   0
 651   ASP   -0.0943828   0.728573
 652   SER   1.32552   0
 653   LYS   -0.517446   -0.972536
 654   VAL   -1.26182   0
 655   SER   -3.82186   0
 656   LEU   -0.465598   0
 657   GLY   -0.303182   0
 658   ILE   -0.229616   0
 659   ALA   -0.170867   0
 700   ASP   0.0204007   0.142008
 709   TYR   -0.0653378   0.363034
 712   ASP   0.0146232   0.126806
 771   ASP   0.036917   0.1488
 778   CYS   0.0170977   0.219345
 782   LEU   0.0963564   0
 783   LEU   0.117604   0
 786   ASP   0.350546   1.68867
 788   LYS   -0.0433569   -0.186602
 789   ARG   0.0185161   -2.87088
 790   GLN   -0.56712   0
 791   GLU   -0.0893403   0.219418
 792   LYS   -0.0515572   -0.181649
 794   ARG   0.0584109   -0.237879
 795   LEU   -0.00313857   0
 797   ILE   -0.611931   0
 799   CYS   0.167194   0.982494
 800   CYS   -0.0208096   0.227484
 801   VAL   0.18148   0
 802   ARG   -0.0459156   -0.143091
 806   ASP   0.0157098   0.109606
SITE:  CYS- 799
 346   CYS   0.0196267   0.109457
 647   ARG   0.0656458   -0.146658
 649   LEU   0.15591   0
 650   VAL   0.10031   0
 651   ASP   -0.00298327   0.21273
 652   SER   0.127977   0
 653   LYS   -0.0264606   -0.271095
 709   TYR   -0.0189511   0.168268
 778   CYS   0.0295392   0.197621
 786   ASP   0.0379257   0.724812
 788   LYS   -0.0406454   -0.217476
 789   ARG   -0.245186   -1.23446
 791   GLU   -0.0703634   0.155053
 792   LYS   -0.0317186   -0.284958
 794   ARG   -0.652604   -0.445058
 795   LEU   0.934986   0
 796   ASP   0.841489   0.982494
 797   ILE   0.336206   0
 800   CYS   -0.14149   0.870879
 801   VAL   0.192642   0
 802   ARG   0.00402782   -0.170779
SITE:  CYS- 800
 786   ASP   0.0232334   0.175513
 789   ARG   -0.0168601   -0.323685
 792   LYS   0.018293   -0.188462
 794   ARG   -0.337011   -0.537512
 795   LEU   0.124372   0
 796   ASP   0.0612212   0.227484
 799   CYS   0.00935239   0.870879
 801   VAL   -0.231396   0
 802   ARG   0.0207668   -0.167535
SITE:  ARG- 802
 643   LYS   -0.020014   -0.105533
 647   ARG   0.12403   -0.342362
 651   ASP   0.0220089   0.205647
 653   LYS   -0.00462833   -0.118485
 709   TYR   -0.00146305   0.164695
 786   ASP   0.0665192   0.170203
 788   LYS   0.0916348   -0.126275
 789   ARG   0.217135   -0.326664
 791   GLU   0.127569   0.330022
 792   LYS   0.542252   -0.468916
 793   ASN   -0.00424662   0
 794   ARG   0.0227616   -0.723719
 796   ASP   -0.0102489   0.143091
 799   CYS   0.0746293   0.170779
 800   CYS   0.0198021   0.167535
 801   VAL   0.0778222   0
 803   GLY   0.232022   0
 805   GLU   0.502446   1.75126
 806   ASP   0.0357862   0.186081
SITE:  GLU- 805
 643   LYS   -0.0212408   -0.110123
 647   ARG   0.116214   -0.405646
 651   ASP   0.0214708   0.193714
 709   TYR   -0.00224379   0.136035
 714   ARG   -0.00323641   -0.102565
 786   ASP   0.0385124   0.105876
 789   ARG   0.11597   -0.18184
 791   GLU   0.11603   0.226981
 792   LYS   0.112158   -0.210418
 793   ASN   -0.447189   0
 794   ARG   0.0746044   -0.267044
 802   ARG   0.572848   -1.75126
 803   GLY   0.37462   0
 806   ASP   -0.402652   0.509187
 807   GLY   -0.0270394   0
SITE:  ASP- 806
 641   HIS   0.048556   -0.120508
 643   LYS   -0.0680842   -0.292235
 645   CYS   -0.00465608   0.125973
 646   ARG   -0.40968   -0.30932
 647   ARG   0.0715147   -0.911159
 651   ASP   0.040761   0.469091
 653   LYS   -0.00787312   -0.135826
 709   TYR   -0.00768293   0.155136
 714   ARG   -0.0165575   -0.111717
 786   ASP   0.0412828   0.116673
 789   ARG   0.0744335   -0.187483
 791   GLU   0.00424439   0.141351
 796   ASP   -0.0325841   0.109606
 802   ARG   -0.0370415   -0.186081
 804   ALA   0.246386   0
 805   GLU   -0.487944   0.509187
 807   GLY   -0.42793   0
 808   THR   0.16989   0
SITE:  GLU- 814
 634   TYR   0.00969851   0.150737
 641   HIS   -0.0825427   -0.482209
 643   LYS   -0.00852803   -0.336993
 651   ASP   0.0136228   0.154732
 653   LYS   -0.00299263   -0.234237
 700   ASP   0.0301499   0.126523
 709   TYR   0.0204418   0.222085
 711   ARG   0.131675   -0.776169
 712   ASP   -0.0401284   0.365699
 713   GLU   -0.0589421   0.315895
 714   ARG   -0.0310252   -0.139538
 726   ARG   0.0277085   -0.219884
 730   GLU   0.00469129   0.250118
 813   SER   -0.0946409   0
 815   SER   0.37131   0
 816   CYS   0.0560809   0.38967
 818   PHE   -0.505896   0
 819   ARG   -0.18543   -0.65375
 822   LYS   -0.243653   -2.07266
 825   TYR   -0.0764886   0.124245
1170   HID   0.00319538   -0.179547
1173   ARG   0.00731377   -0.121097
1180   LYS   -0.0112773   -0.202904
1188   GLU   0.034462   0.219055
1189   GLU   0.0369343   0.290804
1193   HIS   0.0800606   -0.528931
1267   TYR   0.00180605   0.211233
1271   GLU   -0.00907392   0.113849
1272   ARG   0.0860548   -0.398383
SITE:  CYS- 816
 634   TYR   0.0506632   0.299588
 641   HIS   -0.0652894   -0.437541
 643   LYS   -0.00107925   -0.192202
 651   ASP   0.00123038   0.123426
 653   LYS   -0.00607057   -0.158042
 700   ASP   0.0191151   0.106914
 711   ARG   -0.0307472   -0.190534
 814   GLU   0.103409   0.38967
 815   SER   0.235886   0
 817   LEU   -0.423796   0
 818   PHE   -0.153623   0
 819   ARG   -0.848605   -0.406585
 820   PHE   -0.278432   0
 822   LYS   -0.105811   -0.193982
 823   ASN   -0.175711   0
 825   TYR   -0.0686486   0.159054
1170   HID   -0.0102752   -0.111555
1193   HIS   0.0431032   -0.126026
SITE:  ARG- 819
 641   HIS   -0.0219992   -0.165824
 643   LYS   0.00221204   -0.126157
 711   ARG   0.00788872   -0.183946
 814   GLU   0.122455   0.65375
 816   CYS   0.098106   0.406585
 817   LEU   0.152141   0
 820   PHE   -0.199267   0
 822   LYS   -0.210716   -0.407182
 823   ASN   -0.480755   0
1188   GLU   0.0214255   0.11075
1193   HIS   0.025587   -0.146471
SITE:  LYS- 822
 332   GLU   0.0144189   0.125185
 634   TYR   0.000523064   0.10339
 641   HIS   -0.0372382   -0.221358
 643   LYS   -0.00916424   -0.147004
 653   LYS   0.000778301   -0.136761
 700   ASP   0.0266106   0.117543
 709   TYR   0.0211444   0.138265
 711   ARG   0.247876   -0.838131
 712   ASP   -0.0618171   0.31418
 713   GLU   -0.0512983   0.231086
 726   ARG   0.0167609   -0.216272
 730   GLU   0.0162907   0.292953
 814   GLU   0.730986   2.07266
 815   SER   0.239246   0
 816   CYS   0.0471471   0.193982
 818   PHE   0.104479   0
 819   ARG   0.224622   -0.407182
 823   ASN   0.185041   0
 825   TYR   -0.136347   0.172603
 826   SER   -0.21912   0
 827   PRO   -0.0733999   0
1170   HID   0.011155   -0.191251
1173   ARG   0.00891896   -0.147717
1180   LYS   -0.0320559   -0.450551
1185   GLU   0.0313318   0.182267
1186   ARG   0.0378305   -0.137271
1188   GLU   0.0560379   0.477951
1189   GLU   0.0337755   0.526675
1193   HIS   -0.0139482   -0.835452
1266   ARG   -0.0546074   -0.100756
1267   TYR   -0.00561471   0.27227
1271   GLU   -0.00721454   0.123468
1272   ARG   0.103438   -0.450838
1278   PHE   0.00854798   0.193365
SITE:  TYR- 825
 276   TYR   -0.00961762   0.106572
 332   GLU   0.0119613   0.112482
 634   TYR   -0.0224016   0.270244
 641   HIS   -0.0182548   -0.117816
 700   ASP   0.0143496   0.334632
 711   ARG   -0.010661   -0.238711
 730   GLU   0.0341126   0.172418
 742   GLU   -0.00882912   0.217968
 771   ASP   -0.00359382   0.100043
 814   GLU   -0.0353468   0.124245
 816   CYS   0.035004   0.159054
 817   LEU   0.124282   0
 822   LYS   0.036712   -0.172603
 824   SER   -0.203644   0
 827   PRO   0.00892274   0
 828   LEU   -0.20559   0
 829   LEU   -0.358278   0
 831   LYS   0.0718518   -0.145417
 832   ASP   0.0196805   0.136609
 835   ARG   0.0281879   -0.287784
1120   GLU   0.0151378   0.100333
1128   CYS   0.0146295   0.149845
1161   CYS   0.0144787   0.157783
1166   GLU   0.0217539   0.384766
1168   CYS   0.000870847   0.506393
1170   HID   -0.108176   -0.46829
1171   ILE   -0.134258   0
1173   ARG   -0.0442121   -0.201811
1180   LYS   -0.00685266   -0.148782
1185   GLU   0.022277   0.115811
1186   ARG   0.0303592   -0.16718
1188   GLU   0.0301884   0.282153
1189   GLU   0.00177175   0.223816
1191   LEU   -0.0560574   0
1193   HIS   -0.000260157   -0.265363
1195   GLY   -0.0392546   0
1198   VAL   -0.140869   0
1206   LYS   -0.0600516   -0.354411
1229   TYR   0.0605282   0.129552
1233   VAL   0.143391   0
1234   LEU   0.177288   0
1235   LEU   0.174749   0
1236   GLY   0.12746   0
1237   ALA   0.469068   0
1238   THR   0.240692   0
1239   HID   0.104352   -0.632635
1240   GLY   -0.101124   0
1241   LEU   0.756735   0
1242   ILE   0.327286   0
1244   LEU   -0.231156   0
1245   PRO   -0.367654   0
1246   VAL   -0.167668   0
1250   TYR   -0.0857251   0.234886
1259   LYS   -0.0031052   -0.111092
SITE:  LYS- 831
 294   ARG   -0.0396416   -0.143421
 824   SER   0.137803   0
 825   TYR   0.0871196   0.145417
 827   PRO   0.186806   0
 828   LEU   0.230889   0
 832   ASP   -0.608531   0.601575
 833   TRP   -0.811958   0
 834   MET   -0.280407   0
 835   ARG   -0.208205   -0.272369
1180   LYS   -0.0055128   -0.108238
1185   GLU   0.0114205   0.132066
1188   GLU   -0.028262   0.231799
1250   TYR   -0.00935366   0.233756
SITE:  ASP- 832
 291   TRP   -0.16473   0
 292   CYS   0.025937   0.151367
 294   ARG   -0.524871   -0.885635
 295   LYS   -0.0315034   -0.158381
 302   TYR   -0.0185359   0.112108
 825   TYR   0.0481398   0.136609
 827   PRO   0.175517   0
 828   LEU   0.178496   0
 829   LEU   0.136887   0
 830   LEU   0.417936   0
 831   LYS   0.552446   -0.601575
 833   TRP   -0.464886   0
 834   MET   -0.284478   0
 835   ARG   -0.939979   -1.15546
 836   PRO   -0.152963   0
1180   LYS   -0.0049788   -0.178157
1183   ARG   -0.181439   -0.160429
1184   VAL   -0.128373   0
1185   GLU   0.0269009   0.324856
1186   ARG   -0.018962   -0.165898
1188   GLU   -0.0774271   0.335039
1189   GLU   -0.025507   0.116726
1250   TYR   0.13556   1.02429
SITE:  ARG- 835
 276   TYR   -0.00797521   0.144967
 292   CYS   -0.00366594   0.105843
 294   ARG   -0.203876   -0.528793
 825   TYR   0.0532689   0.287784
 826   SER   0.174125   0
 827   PRO   0.121951   0
 828   LEU   0.138034   0
 829   LEU   0.378348   0
 830   LEU   0.252001   0
 831   LYS   0.367868   -0.272369
 832   ASP   0.323612   1.15546
 836   PRO   -0.331767   0
 838   VAL   -0.260182   0
 839   ILE   -0.21604   0
1120   GLU   0.0122623   0.115718
1168   CYS   0.0136278   0.202993
1170   HID   -0.0065133   -0.134623
1173   ARG   0.00438298   -0.118925
1180   LYS   0.00985468   -0.213674
1183   ARG   -0.546158   -0.425298
1184   VAL   -0.0793378   0
1185   GLU   -0.025773   0.344873
1186   ARG   -0.0700209   -0.388527
1187   ALA   -0.170666   0
1188   GLU   -0.115457   0.36942
1189   GLU   -0.0649681   0.194854
1193   HIS   -0.0292895   -0.123931
1239   HID   0.0784349   -0.200601
1242   ILE   0.183445   0
1243   PHE   0.207743   0
1244   LEU   0.144671   0
1245   PRO   0.243592   0
1246   VAL   0.569892   0
1247   LEU   0.270258   0
1249   SER   1.20133   0
1250   TYR   1.14812   2.56913
1252   GLY   -0.0486977   0
1253   PRO   0.134976   0
1259   LYS   -0.00908404   -0.10372
SITE:  LYS- 855
 259   PRO   -0.180652   0
 261   THR   -0.229602   0
 265   LEU   -0.215642   0
 266   ASP   0.222054   3.28883
 268   MET   -0.464894   0
 269   TYR   0.160888   1.37586
 849   SER   0.156142   0
 851   ALA   0.31401   0
 852   VAL   0.10765   0
 853   LEU   0.101989   0
 854   ASN   0.59215   0
 856   VAL   -0.212742   0
 857   ASP   0.0697144   0.364021
SITE:  ASP- 857
 266   ASP   0.0426662   0.188988
 269   TYR   0.0178838   0.163438
 852   VAL   0.126376   0
 853   LEU   0.169309   0
 855   LYS   0.35163   -0.364021
 856   VAL   -0.205874   0
 858   ILE   -0.204964   0
 859   GLY   0.359413   0
 861   ASP   0.0564617   0.84192
 934   ARG   -0.00102394   -0.14138
1047   THR   -0.207314   0
1050   ASP   -0.075855   0.265279
1053   ASP   -0.00986278   0.278628
1056   LYS   -0.0380134   -0.142836
1085   TYR   0.0132579   0.104086
1088   TYR   -0.031811   0.392453
1089   GLU   -0.00473686   0.106605
1091   TYR   0.025245   0.564903
1097   ASP   -0.0284796   0.158054
1140   GLY   0.0908199   0
1142   MET   0.136726   0
1143   TRP   -0.115622   0
1146   GLY   -0.149804   0
1147   ILE   0.165122   0
1148   SER   -0.161913   0
1149   LEU   -0.154399   0
1153   SER   -0.206622   0
1161   CYS   -0.0217496   0.112129
1225   TYR   0.0159603   0.20201
1227   ARG   -0.192699   -0.230053
1229   TYR   -0.00706016   0.149731
SITE:  ASP- 861
 606   GLU   0.0491925   0.18872
 610   GLU   -0.0135207   0.129144
 611   ASP   -0.0266662   0.104468
 612   GLU   -0.0667377   0.212655
 615   ARG   -0.0416496   -0.112693
 616   GLU   -0.0776278   0.190492
 620   ASP   0.0151857   0.162148
 688   GLU   -0.0513311   0.123128
 857   ASP   -0.158351   0.84192
 859   GLY   0.263877   0
 860   LEU   -0.193702   0
 862   GLN   -0.684562   0
 863   SER   -0.722532   0
 864   LEU   -0.504216   0
 867   PRO   0.0688768   0
 868   ASP   0.00518349   0.220317
 871   TYR   0.000365797   0.14723
 874   ASP   0.00891905   0.145853
 875   TYR   -0.0321131   0.252194
 877   LYS   -0.00118075   -0.16141
 934   ARG   -0.0103377   -0.155604
1042   HID   -0.00398604   -0.167488
1046   GLN   0.192916   0
1047   THR   -0.265814   0
1048   SER   -0.329487   0
1050   ASP   -0.148046   0.335827
1053   ASP   -0.0380624   0.204479
1081   TYR   -0.00388471   0.135613
1085   TYR   0.0135036   0.16585
1088   TYR   -0.125824   1.05256
1089   GLU   -0.0358094   0.133494
1090   GLN   -0.188435   0
1091   TYR   -0.111007   0.881516
1097   ASP   -0.0128021   0.147915
1146   GLY   0.333767   0
1147   ILE   -0.205286   0
1148   SER   -0.429588   0
1150   ASN   -0.185621   0
1153   SER   -0.169847   0
1223   ILE   -0.150499   0
1225   TYR   -0.030687   0.355334
1227   ARG   -0.262848   -0.390707
1229   TYR   -0.0266771   0.211034
SITE:  ASP- 868
 411   ARG   -0.00536054   -0.102448
 592   LYS   -0.0032641   -0.10634
 611   ASP   -0.0119181   0.116111
 612   GLU   0.0267125   0.370481
 615   ARG   -0.100535   -0.366548
 616   GLU   -0.0534996   0.484672
 620   ASP   -0.00862318   0.20734
 688   GLU   -0.0273697   0.100937
 861   ASP   -0.0376264   0.220317
 863   SER   0.222434   0
 866   MET   0.0986366   0
 867   PRO   0.0186524   0
 869   ASP   -0.95421   0.870366
 871   TYR   0.0218289   0.195336
 873   VAL   -0.172402   0
 874   ASP   -0.0782887   0.298998
 875   TYR   -0.0525144   0.120981
 877   LYS   -0.0731455   -0.392503
1088   TYR   -6.24479e-05   0.125334
1217   LYS   0.190771   -0.424049
1222   GLN   0.126628   0
1225   TYR   -0.0319767   0.120342
1227   ARG   0.0114407   -0.260905
SITE:  ASP- 869
 585   LYS   0.0236335   -0.110447
 592   LYS   -0.0145124   -0.341008
 607   ARG   0.0240706   -0.141477
 610   GLU   0.00495217   0.104987
 611   ASP   0.00947463   0.286308
 612   GLU   0.248608   0.88675
 615   ARG   -1.09015   -1.7413
 616   GLU   0.159034   1.09044
 618   ASP   -0.0795046   0.149128
 620   ASP   -0.0240358   0.2664
 688   GLU   -0.0282882   0.120152
 867   PRO   -0.291126   0
 868   ASP   -0.507523   0.870366
 870   SER   -0.730309   0
 871   TYR   -0.0108678   0.43687
 874   ASP   -0.140875   0.256408
 875   TYR   -0.0587438   0.12588
 877   LYS   -0.0383914   -0.214396
1217   LYS   0.11649   -0.834391
1225   TYR   -0.0269742   0.100975
SITE:  TYR- 871
 377   PRO   -0.0514924   0
 392   LYS   -0.00425543   -0.148119
 396   ASP   0.0146252   0.105599
 404   ARG   -0.123415   -0.399709
 405   THR   0.101151   0
 406   GLU   -0.315121   0.775745
 407   GLN   0.195951   0
 411   ARG   -0.0481095   -0.233688
 451   GLU   -0.0209805   0.11561
 584   GLU   0.25969   0.898198
 585   LYS   0.213712   -0.629181
 586   GLU   0.0177474   0.326579
 588   ILE   -0.228116   0
 591   VAL   -0.20469   0
 592   LYS   -0.0776856   -1.64622
 594   TYR   0.0101092   0.134447
 595   LYS   0.0506883   -0.17145
 603   PHE   0.139496   0
 604   THR   -0.378686   0
 606   GLU   0.00611561   0.621894
 607   ARG   0.317063   -1.25184
 608   SER   2.2209   0
 609   ILE   0.228708   0
 610   GLU   -0.163808   0.497987
 611   ASP   -0.679714   1.64157
 612   GLU   -0.348805   2.31463
 614   ASN   -0.149903   0
 615   ARG   0.0202548   -1.06163
 616   GLU   -0.150816   0.457339
 618   ASP   -0.054373   0.175339
 620   ASP   -0.00253551   0.162463
 861   ASP   -0.00724924   0.14723
 867   PRO   0.110094   0
 868   ASP   0.0106662   0.195336
 869   ASP   0.084592   0.43687
 870   SER   -0.278744   0
 872   MET   -0.0669821   0
 874   ASP   -0.272958   0.455444
 875   TYR   -0.187422   0.794719
 877   LYS   -0.055949   -0.230483
 882   TYR   -0.0280641   0.110851
 890   TYR   -0.010266   0.143191
1041   TYR   -0.0419953   0.174072
1042   HID   0.00894171   -0.121933
1081   TYR   -0.00309065   0.188102
1085   TYR   -0.00628577   0.108799
1088   TYR   0.00918454   0.255367
1091   TYR   -0.0229789   0.15628
1217   LYS   0.0120582   -0.152146
1225   TYR   -0.0263118   0.129859
SITE:  ASP- 874
 406   GLU   -0.0660358   0.191012
 409   ILE   0.0782257   0
 411   ARG   -0.492948   -1.43805
 584   GLU   0.0267317   0.14165
 592   LYS   -0.000243383   -0.224354
 594   TYR   0.0406198   0.112683
 595   LYS   0.0789332   -0.130633
 601   ILE   0.201732   0
 602   SER   -0.310152   0
 603   PHE   0.219684   0
 606   GLU   0.0204958   0.154469
 607   ARG   0.0108771   -0.118489
 611   ASP   -0.0442502   0.14244
 612   GLU   -0.044007   0.329289
 615   ARG   0.0152894   -0.230203
 616   GLU   -0.0294867   0.134939
 861   ASP   0.0168944   0.145853
 867   PRO   0.13917   0
 868   ASP   0.192889   0.298998
 869   ASP   -0.0223256   0.256408
 870   SER   0.374428   0
 871   TYR   0.5394   0.455444
 872   MET   0.203853   0
 873   VAL   0.120036   0
 875   TYR   -0.377509   0.518043
 876   PHE   -0.141322   0
 877   LYS   -0.583688   -2.35109
 878   SER   -0.679462   0
 881   GLN   0.203617   0
 882   TYR   0.00495789   0.506219
 884   HIS   -0.0138775   -0.14364
1041   TYR   -0.0282882   0.105581
1088   TYR   -0.00407635   0.148691
SITE:  TYR- 875
 377   PRO   -0.0646939   0
 379   ASP   -0.050546   0.1188
 389   ARG   0.010801   -0.137093
 391   GLU   -0.0281768   0.101211
 392   LYS   -0.0117949   -0.28411
 396   ASP   0.0245212   0.211514
 403   PHE   0.141517   0
 404   ARG   -0.175092   -0.481413
 405   THR   0.526608   0
 406   GLU   -0.421672   1.06153
 407   GLN   -0.424245   0
 408   LEU   0.0261197   0
 409   ILE   -0.0894073   0
 410   ILE   0.0739807   0
 411   ARG   0.0199481   -0.478046
 451   GLU   -0.024906   0.186816
 466   ASP   -0.0070612   0.101734
 482   LEU   0.0983668   0
 487   TYR   -0.0161815   0.265372
 543   PRO   0.0904784   0
 545   LEU   0.15578   0
 546   VAL   0.02526   0
 548   GLY   -0.0261755   0
 550   TYR   0.0369882   0.305837
 555   TYR   0.0336171   0.15818
 561   LEU   0.109029   0
 562   VAL   -0.241038   0
 563   ILE   0.313742   0
 566   PRO   -0.0914557   0
 567   VAL   0.0460063   0
 570   TYR   0.0114406   0.12792
 584   GLU   0.0656918   0.690444
 585   LYS   0.0601249   -0.144466
 586   GLU   -0.0238327   0.127136
 592   LYS   -0.020025   -0.260207
 594   TYR   -0.0122308   0.146458
 602   SER   0.252512   0
 603   PHE   -0.167008   0
 604   THR   -0.201567   0
 605   ALA   0.200774   0
 606   GLU   0.21063   1.06338
 607   ARG   -0.0216405   -0.384883
 608   SER   -0.438043   0
 609   ILE   -0.140273   0
 610   GLU   -0.0830855   0.28904
 611   ASP   -0.157575   0.30498
 612   GLU   -0.20171   0.456809
 615   ARG   -0.0195139   -0.212511
 616   GLU   -0.077337   0.159795
 861   ASP   0.042397   0.252194
 867   PRO   0.0825044   0
 868   ASP   0.030252   0.120981
 869   ASP   0.000491791   0.12588
 871   TYR   -0.0360193   0.794719
 872   MET   0.346062   0
 873   VAL   0.142078   0
 874   ASP   -0.0658623   0.518043
 877   LYS   -0.0127817   -0.304795
 878   SER   -0.163069   0
 879   ILE   -0.346522   0
 882   TYR   -0.147119   0.289985
 883   LEU   -0.280407   0
 884   HIS   -0.0817236   -0.399961
 885   ALA   0.147581   0
 886   GLY   -0.00568407   0
 887   PRO   -0.160757   0
 888   PRO   0.0589898   0
 890   TYR   -0.0309362   0.466443
 930   ASP   0.0411722   0.14913
 934   ARG   -0.0404607   -0.166251
1013   LYS   0.009437   -0.123317
1019   TYR   0.0183526   0.127456
1037   TYR   -0.0193239   0.236642
1041   TYR   -0.23417   0.721748
1042   HID   0.0558841   -0.463495
1043   THR   0.192765   0
1044   VAL   -0.187911   0
1045   LEU   0.186046   0
1050   ASP   -0.0619915   0.272772
1053   ASP   -0.0490482   0.126194
1059   ARG   0.0282222   -0.12813
1081   TYR   0.000384863   0.467666
1083   VAL   -0.149255   0
1085   TYR   -0.0316508   0.360842
1088   TYR   -0.00728026   0.569784
1089   GLU   -0.0623114   0.12422
1091   TYR   -0.0580489   0.27362
1225   TYR   -0.0210414   0.126471
SITE:  LYS- 877
 406   GLU   -0.0302358   0.103238
 411   ARG   0.0313835   -0.797989
 592   LYS   -0.00326164   -0.111694
 606   GLU   0.0216856   0.100225
 612   GLU   -0.0292087   0.21131
 615   ARG   0.00367472   -0.154684
 616   GLU   -0.0261575   0.110423
 861   ASP   0.00907113   0.16141
 867   PRO   0.111829   0
 868   ASP   0.252434   0.392503
 869   ASP   -0.0534426   0.214396
 870   SER   0.273291   0
 871   TYR   0.150845   0.230483
 873   VAL   0.0314598   0
 874   ASP   0.595541   2.35109
 875   TYR   0.135989   0.304795
 878   SER   -0.59275   0
 881   GLN   0.201869   0
 882   TYR   0.0220637   0.38299
 884   HIS   -0.00437538   -0.113403
1088   TYR   -0.00429875   0.132088
SITE:  TYR- 882
 406   GLU   -0.0163073   0.115949
 409   ILE   -0.0358276   0
 410   ILE   0.221548   0
 411   ARG   0.263705   -2.2854
 413   PRO   -0.0132516   0
 416   ASP   -0.0329062   0.120507
 417   LYS   -0.0465721   -0.147893
 418   HIS   0.026202   -0.113498
 433   PRO   -0.171132   0
 434   PRO   -0.120533   0
 436   ASP   -0.0161193   0.154371
 487   TYR   -0.0137652   0.151052
 509   TYR   -0.0114668   0.122359
 548   GLY   -0.00671138   0
 549   GLY   0.00332123   0
 550   TYR   0.0982007   0.270894
 551   ASP   0.0102603   0.254341
 552   ASP   -0.0147827   0.119821
 555   TYR   0.0658706   0.115403
 559   THR   0.564431   0
 561   LEU   0.106084   0
 594   TYR   -0.00848117   0.101683
 600   THR   0.263078   0
 871   TYR   0.040679   0.110851
 874   ASP   0.240222   0.506219
 875   TYR   0.161929   0.289985
 877   LYS   0.0521809   -0.38299
 878   SER   0.0799164   0
 879   ILE   0.155715   0
 884   HIS   -0.029061   -0.44721
1041   TYR   -0.0281245   0.117907
SITE:  HIS- 884
 406   GLU   0.00339203   0.172287
 410   ILE   0.118092   0
 411   ARG   0.0248008   -0.315256
 434   PRO   -0.0654153   0
 487   TYR   -0.00782948   0.421206
 509   TYR   0.001005   0.124906
 512   HIS   0.0173295   -0.120365
 518   ARG   0.0465401   -0.195634
 543   PRO   0.19083   0
 544   TRP   0.268822   0
 547   LEU   0.410215   0
 548   GLY   -1.07929   0
 549   GLY   -0.902844   0
 550   TYR   1.07213   2.37779
 551   ASP   -0.218092   0.650617
 552   ASP   -0.147162   0.905787
 555   TYR   0.0892486   0.66481
 558   ALA   -0.288712   0
 559   THR   -0.265276   0
 562   VAL   -0.0598502   0
 606   GLU   0.0192271   0.152283
 874   ASP   0.0545962   0.14364
 875   TYR   0.111673   0.399961
 877   LYS   0.0693775   -0.113403
 878   SER   0.251274   0
 879   ILE   0.318433   0
 880   SER   0.138414   0
 882   TYR   1.41647   0.44721
 883   LEU   -0.0170544   0
 886   GLY   0.113943   0
 887   PRO   0.0534099   0
 890   TYR   -0.00169557   0.18737
 930   ASP   0.144442   0.482192
 934   ARG   -0.0764164   -0.273052
 936   GLY   -0.0303522   0
1013   LYS   0.000641466   -0.107585
1019   TYR   0.00654503   0.10594
1037   TYR   -0.0150015   0.115691
1041   TYR   -0.0910561   0.407338
1042   HID   0.136009   -0.33505
1044   VAL   -0.140701   0
1050   ASP   0.0149595   0.250319
1081   TYR   0.0115408   0.118355
1085   TYR   -0.0163218   0.175919
1088   TYR   -0.0084474   0.138166
SITE:  TYR- 890
 379   ASP   -0.0282563   0.107879
 389   ARG   0.0449074   -0.185137
 391   GLU   0.0163242   0.341463
 392   LYS   0.0772608   -0.564287
 393   GLU   0.0328801   0.221377
 394   TYR   -0.0632948   0.251553
 396   ASP   0.0388188   0.661423
 398   HIS   -0.0836995   -0.29677
 399   PHE   0.158343   0
 400   GLY   0.460784   0
 401   PRO   0.116708   0
 402   PHE   -1.09786   0
 404   ARG   0.182134   -0.442403
 406   GLU   0.0720552   0.4533
 451   GLU   -0.0036193   0.133783
 466   ASP   0.0193609   0.130929
 471   PRO   -0.0915025   0
 487   TYR   -0.0249685   0.279459
 538   GLY   0.10577   0
 539   GLY   -0.0265542   0
 540   PRO   0.157449   0
 550   TYR   0.0076484   0.209837
 555   TYR   0.0169299   0.15741
 566   PRO   -0.17941   0
 567   VAL   0.17656   0
 568   ASN   -0.303514   0
 569   ASN   -0.219354   0
 570   TYR   0.0313012   0.265038
 571   TYR   -0.00405413   0.140787
 573   ASP   0.0149363   0.114061
 576   LYS   0.0139128   -0.122857
 584   GLU   0.00322432   0.317085
 606   GLU   0.0515019   0.59535
 607   ARG   -0.0192912   -0.135708
 610   GLU   -0.0322604   0.148701
 871   TYR   -0.0129824   0.143191
 875   TYR   -0.00251877   0.466443
 884   HIS   -0.034378   -0.18737
 886   GLY   0.103522   0
 887   PRO   -0.161742   0
 888   PRO   -0.399329   0
 889   VAL   0.230762   0
 892   VAL   -0.0737404   0
 894   GLU   -0.0268064   0.180141
 895   GLU   -0.0349172   0.111074
 897   HIS   -0.00554635   -0.135616
 899   TYR   0.0147578   0.331959
 930   ASP   0.0191075   0.17354
 934   ARG   -0.00856769   -0.120911
 939   PRO   0.166927   0
 940   SER   0.279307   0
 944   ASP   -0.0258501   0.229661
 945   ASP   -0.0458188   0.29984
 946   TYR   -0.0319573   0.125739
 948   ASP   -0.0357476   0.1028
1005   ASP   0.0347148   0.141298
1013   LYS   0.0368914   -0.460987
1015   GLY   0.0729898   0
1016   HIS   0.119403   -0.276389
1018   ALA   0.193202   0
1019   TYR   0.103475   0.549091
1020   SER   -0.152458   0
1021   SER   -0.175186   0
1037   TYR   -0.0408169   2.11434
1039   MET   -0.764126   0
1040   THR   0.507116   0
1041   TYR   0.0954458   1.53021
1042   HID   0.0341262   -0.768136
1043   THR   0.125881   0
1050   ASP   0.0024042   0.151608
1053   ASP   -0.0214003   0.113042
1057   LYS   -0.0208592   -0.1061
1059   ARG   0.078618   -0.286698
1077   ARG   0.0485649   -0.202051
1080   PRO   -0.153177   0
1081   TYR   0.0384066   1.38646
1083   VAL   -0.146937   0
1085   TYR   -0.0278677   0.749436
1088   TYR   -0.0358187   0.256584
1089   GLU   -0.0844188   0.17207
1091   TYR   -0.034984   0.147009
SITE:  GLU- 894
 387   GLN   0.309175   0
 389   ARG   0.0241747   -0.117775
 391   GLU   0.324761   1.08428
 392   LYS   0.0528218   -0.181927
 393   GLU   -0.0781467   0.210076
 394   TYR   -0.104908   1.57765
 396   ASP   -0.0735858   0.200869
 398   HIS   -0.0676616   -0.551552
 571   TYR   -0.001719   0.101753
 890   TYR   0.0348381   0.180141
 892   VAL   0.13915   0
 893   LEU   -0.0807434   0
 895   GLU   -0.128761   0.893806
 896   GLY   -0.0430768   0
 897   HIS   0.00343771   -0.51028
 898   ASP   -0.0402877   0.194707
 899   TYR   -0.0956357   0.713896
 944   ASP   0.0109363   0.117362
1032   ARG   0.0150689   -0.294573
1034   GLY   0.0152108   0
1035   ALA   -0.280648   0
1036   THR   0.145293   0
1037   TYR   -0.0154647   0.212677
1042   HID   -0.00633487   -0.153486
1059   ARG   0.131022   -0.37895
1067   GLU   -0.0305668   0.109345
1074   SER   0.295724   0
1075   ALA   0.217856   0
1076   TYR   -1.25786   0.682276
1077   ARG   -0.114079   -1.21486
1078   VAL   0.00188754   0
1079   PHE   0.0649026   0
1080   PRO   0.0504093   0
1081   TYR   -0.0057625   0.230782
1085   TYR   -0.0152536   0.251769
1089   GLU   -0.0373455   0.17047
SITE:  GLU- 895
 391   GLU   0.073105   0.242476
 394   TYR   -0.078837   1.34785
 396   ASP   -0.032462   0.114487
 398   HIS   -0.0646436   -0.65805
 890   TYR   -0.000451525   0.111074
 893   LEU   0.0946031   0
 894   GLU   -0.405722   0.893806
 896   GLY   -0.892175   0
 897   HIS   0.395054   -0.604782
 898   ASP   0.0653465   0.435752
 899   TYR   -0.0427941   0.878808
 944   ASP   0.0147847   0.113963
 946   TYR   -0.0364046   0.15213
1024   ASN   -0.136635   0
1028   GLY   0.130517   0
1029   HIS   0.0908463   -0.198951
1032   ARG   0.604194   -2.31412
1033   VAL   0.618268   0
1034   GLY   -0.186482   0
1035   ALA   -0.200324   0
1036   THR   -0.001063   0
1037   TYR   0.020272   0.16783
1076   TYR   -0.0519353   0.596969
1077   ARG   0.0915041   -0.242955
1081   TYR   -0.00174003   0.102428
SITE:  HIS- 897
 391   GLU   0.0403832   0.195153
 394   TYR   -0.0784232   0.383584
 398   HIS   -0.0179285   -0.191196
 890   TYR   -0.0199844   0.135616
 893   LEU   -0.21674   0
 894   GLU   0.39241   0.51028
 895   GLU   -0.179627   0.604782
 896   GLY   -0.193621   0
 898   ASP   -1.48282   1.33755
 899   TYR   -0.718173   1.9866
 901   SER   0.390868   0
 902   SER   0.21915   0
 903   LYS   0.328439   -0.588372
 904   GLY   1.733   0
 905   GLN   0.220568   0
 906   ASN   -0.101565   0
 907   MET   -0.158556   0
 908   VAL   -0.34226   0
 914   CYX   -0.221118   0
 917   ASP   0.101604   0.369341
 918   SER   -0.307438   0
 919   LEU   -0.279652   0
 922   GLN   -0.190927   0
 944   ASP   0.0784615   0.429846
 945   ASP   -0.0771311   0.16723
 946   TYR   -0.11249   0.321663
 948   ASP   -0.037436   0.114515
 980   ARG   -0.0129369   -0.104569
 989   ARG   0.00557511   -0.33113
 990   PRO   0.101464   0
 991   GLN   0.170968   0
 992   GLY   0.110069   0
 994   ASP   -0.0196697   0.10946
1013   LYS   -0.00437136   -0.116904
1019   TYR   0.0443508   0.197888
1032   ARG   -0.215606   -0.456485
1033   VAL   0.10946   0
1034   GLY   0.277776   0
1035   ALA   -0.150658   0
1036   THR   0.00579434   0
1037   TYR   -0.00818996   0.202726
1042   HID   -0.00240303   -0.109878
1059   ARG   0.0585745   -0.125216
1065   VAL   0.107548   0
1066   THR   0.230264   0
1067   GLU   -0.0258044   0.145754
1069   MET   0.39492   0
1070   GLY   0.0874096   0
1076   TYR   0.0724781   3.18717
1077   ARG   -0.0357829   -0.275261
1078   VAL   -0.155458   0
1085   TYR   -0.00213358   0.142522
SITE:  ASP- 898
 394   TYR   -0.0295847   0.191397
 398   HIS   -0.00925837   -0.105523
 894   GLU   0.131853   0.194707
 895   GLU   -0.0495403   0.435752
 896   GLY   0.0307971   0
 897   HIS   0.46576   -1.33755
 899   TYR   -0.840478   0.789733
 900   THR   -0.46387   0
 901   SER   -1.22171   0
 903   LYS   -0.148912   -0.508192
 904   GLY   -0.413678   0
 905   GLN   -0.280554   0
 917   ASP   0.0281026   0.111009
 944   ASP   0.0372998   0.184111
 946   TYR   -0.0751607   0.324824
 980   ARG   -0.00560561   -0.126487
 989   ARG   0.00807061   -0.221004
 990   PRO   0.107279   0
 991   GLN   0.33631   0
 992   GLY   0.142492   0
 994   ASP   -0.044575   0.177476
 996   MET   -0.194754   0
1029   HIS   0.126715   -0.119097
1030   GLY   0.121356   0
1032   ARG   -0.475098   -0.588092
1033   VAL   0.0992487   0
1034   GLY   0.169143   0
1076   TYR   0.106737   0.764642
SITE:  TYR- 899
 391   GLU   0.0795039   0.312879
 392   LYS   0.0466136   -0.127255
 394   TYR   -0.182939   0.75634
 396   ASP   -0.025246   0.166889
 398   HIS   -0.0359696   -0.422416
 890   TYR   -0.0681172   0.331959
 891   PHE   0.31515   0
 892   VAL   -0.275514   0
 893   LEU   -0.11742   0
 894   GLU   0.678268   0.713896
 895   GLU   -0.475638   0.878808
 896   GLY   -0.484372   0
 897   HIS   -0.346348   -1.9866
 898   ASP   -0.112969   0.789733
 901   SER   0.211031   0
 902   SER   0.145133   0
 903   LYS   0.105932   -0.220164
 904   GLY   0.322517   0
 905   GLN   -0.0417096   0
 908   VAL   -0.274898   0
 917   ASP   0.0595734   0.23166
 918   SER   -0.209818   0
 919   LEU   -0.29951   0
 920   VAL   -0.108811   0
 939   PRO   0.0580574   0
 941   SER   -0.264564   0
 942   TRP   -0.759019   0
 943   ILE   -0.258937   0
 944   ASP   0.0821656   0.708366
 945   ASP   -0.18593   0.352046
 946   TYR   -0.208874   0.606201
 948   ASP   -0.0766971   0.188212
 951   LYS   -0.0147098   -0.122436
 980   ARG   -0.0194996   -0.137956
 989   ARG   -0.0340016   -0.343319
 990   PRO   0.111299   0
 992   GLY   0.144865   0
 994   ASP   -0.0151071   0.152149
1000   PRO   0.0108704   0
1005   ASP   -0.00262956   0.164874
1013   LYS   -0.00865012   -0.269146
1016   HIS   0.0566249   -0.177017
1019   TYR   0.152531   0.477405
1022   ALA   0.420756   0
1023   VAL   -0.394464   0
1024   ASN   -0.0886538   0
1031   THR   0.0906301   0
1032   ARG   -0.258193   -0.581468
1033   VAL   -0.113128   0
1034   GLY   1.0895   0
1035   ALA   -0.536378   0
1036   THR   -1.20173   0
1037   TYR   0.107382   0.56696
1038   PHE   -0.160724   0
1041   TYR   0.0342032   0.199384
1042   HID   -0.00106607   -0.201382
1059   ARG   0.0823615   -0.184842
1067   GLU   -0.036765   0.101048
1076   TYR   -0.065704   0.978768
1077   ARG   0.0560074   -0.337946
1078   VAL   -0.276034   0
1079   PHE   0.172531   0
1080   PRO   -0.0505139   0
1081   TYR   0.0134874   0.214097
1085   TYR   -0.00487538   0.254551
SITE:  LYS- 903
 897   HIS   -0.126905   -0.588372
 898   ASP   -0.194415   0.508192
 899   TYR   -0.0786621   0.220164
 901   SER   0.247814   0
 902   SER   0.0439292   0
 904   GLY   -0.377518   0
 906   ASN   -0.27297   0
 907   MET   -0.211914   0
 917   ASP   0.0497166   0.195485
 944   ASP   0.0195906   0.100771
 989   ARG   0.0282026   -0.174027
1032   ARG   -0.0550786   -0.101297
1069   MET   0.215952   0
1070   GLY   0.139609   0
1076   TYR   0.0159387   0.501008
SITE:  ASP- 917
 897   HIS   -0.0696318   -0.369341
 898   ASP   -0.058846   0.111009
 899   TYR   -0.0269658   0.23166
 903   LYS   0.131277   -0.195485
 904   GLY   0.101638   0
 906   ASN   0.166362   0
 907   MET   0.191637   0
 908   VAL   0.0740579   0
 909   CYX   0.154033   0
 914   CYX   -0.201396   0
 915   ASN   -1.22784   0
 916   ASN   0.941052   0
 918   SER   -0.179061   0
 919   LEU   0.0662886   0
 921   GLN   -0.289562   0
 922   GLN   -1.00557   0
 925   ASN   -0.211902   0
 944   ASP   0.0333859   0.232679
 989   ARG   0.00325889   -0.183663
1064   ASN   -0.105922   0
1065   VAL   0.090378   0
1067   GLU   -0.117363   0.312336
1068   THR   -0.587178   0
1076   TYR   -0.0390802   0.263089
SITE:  ASP- 930
 250   LYS   -0.101487   -0.273023
 251   PRO   0.145021   0
 253   PRO   -0.0328413   0
 487   TYR   -0.00773319   0.171457
 518   ARG   0.0622065   -0.16733
 550   TYR   -0.0205073   0.609325
 551   ASP   -0.0643366   0.136436
 552   ASP   0.037909   0.442154
 555   TYR   0.0277222   0.393545
 875   TYR   0.019713   0.14913
 884   HIS   0.22074   -0.482192
 887   PRO   0.135201   0
 890   TYR   0.00143685   0.17354
 923   ILE   0.168965   0
 924   PHE   0.171007   0
 925   ASN   0.179271   0
 926   ALA   0.4165   0
 927   ALA   0.651262   0
 931   ASN   -0.377661   0
 932   TYR   -0.166503   0.183408
 933   THR   0.429791   0
 934   ARG   -0.253666   -0.675789
 935   ILE   0.590996   0
 936   GLY   -0.0365824   0
 937   PHE   0.28981   0
 939   PRO   -0.0014858   0
 944   ASP   -0.0129309   0.11178
1013   LYS   -0.00186988   -0.113374
1019   TYR   0.0101344   0.129187
1037   TYR   -0.0294222   0.119799
1040   THR   -0.179958   0
1041   TYR   0.201281   0.28041
1042   HID   -0.120783   -0.70708
1043   THR   -0.666422   0
1044   VAL   0.107677   0
1050   ASP   0.0754972   0.368246
1053   ASP   -0.0613201   0.246211
1057   LYS   -0.0716862   -0.34769
1059   ARG   0.0131323   -0.106636
1081   TYR   0.027629   0.116583
1085   TYR   -0.0354397   0.358584
1088   TYR   -0.0121329   0.115186
SITE:  TYR- 932
 253   PRO   -0.30289   0
 254   PRO   0.402244   0
 256   PRO   -0.00882765   0
 930   ASP   -0.0495464   0.183408
 933   THR   -0.1635   0
 934   ARG   -0.023632   -0.21492
1042   HID   -0.0416986   -0.215467
1050   ASP   0.036362   0.143886
1053   ASP   0.0346118   0.32511
1056   LYS   0.00995807   -0.326805
1057   LYS   0.0555482   -1.26286
1059   ARG   -0.0623617   -0.134845
1060   LEU   -0.148014   0
1067   GLU   -0.0502274   0.121052
1085   TYR   -0.00936375   0.211746
SITE:  ARG- 934
 550   TYR   0.0316921   0.215524
 552   ASP   0.0173612   0.177159
 555   TYR   0.0119189   0.109886
 857   ASP   -0.0360094   0.14138
 861   ASP   0.0129315   0.155604
 875   TYR   0.0167534   0.166251
 884   HIS   0.0797608   -0.273052
 887   PRO   0.0744462   0
 890   TYR   0.00245698   0.120911
 930   ASP   0.302712   0.675789
 931   ASN   0.902486   0
 932   TYR   0.0147504   0.21492
 933   THR   -0.183316   0
 936   GLY   -0.0481774   0
1041   TYR   0.0358306   0.160434
1042   HID   -0.181354   -0.674828
1043   THR   -0.138224   0
1044   VAL   0.624864   0
1045   LEU   -0.244254   0
1046   GLN   -0.606738   0
1047   THR   0.152268   0
1050   ASP   0.55483   2.41524
1053   ASP   -0.352792   0.932844
1056   LYS   -0.117066   -0.201203
1057   LYS   -0.14945   -0.683195
1059   ARG   -0.0173788   -0.128273
1081   TYR   0.0154047   0.120508
1085   TYR   -0.0446302   0.41231
1088   TYR   -0.0256778   0.260726
1091   TYR   -0.0210194   0.161707
SITE:  ASP- 944
  96   ARG   0.0966665   -0.219923
 164   GLU   0.0147486   0.102005
 232   ASP   0.010392   0.187014
 233   GLU   0.0204386   0.191797
 234   VAL   0.156777   0
 237   PRO   0.0979278   0
 242   ASP   0.00147506   0.18045
 394   TYR   -0.028539   0.119094
 487   TYR   -0.0121834   0.134015
 515   TYR   0.015531   0.120327
 518   ARG   0.0365286   -0.127798
 555   TYR   -0.00276131   0.122374
 890   TYR   -0.0505021   0.229661
 894   GLU   0.0414658   0.117362
 895   GLU   -0.0357132   0.113963
 897   HIS   -0.0663563   -0.429846
 898   ASP   -0.0593043   0.184111
 899   TYR   0.126017   0.708366
 902   SER   0.172588   0
 903   LYS   0.0988394   -0.100771
 904   GLY   0.0972593   0
 905   GLN   0.224812   0
 906   ASN   0.305439   0
 908   VAL   0.236509   0
 909   CYX   -0.903241   0
 910   GLY   -0.839196   0
 911   GLY   -0.0801758   0
 912   MET   -0.161589   0
 915   ASN   0.203298   0
 917   ASP   -0.0139961   0.232679
 918   SER   -0.194688   0
 919   LEU   -0.160087   0
 920   VAL   -0.404219   0
 921   GLN   0.162117   0
 930   ASP   -0.00972106   0.11178
 939   PRO   -0.13916   0
 940   SER   -0.202414   0
 941   SER   -0.825038   0
 943   ILE   -0.2587   0
 945   ASP   -1.05857   1.32075
 946   TYR   -0.409688   0.618281
 947   PHE   -0.475024   0
 948   ASP   -0.423946   0.871502
 951   LYS   -0.0731223   -0.496982
 980   ARG   -0.0741727   -0.207428
 987   LYS   0.124261   -0.162878
 989   ARG   -0.23793   -0.934329
 990   PRO   0.0779502   0
 994   ASP   -0.0182953   0.13252
1005   ASP   0.0049779   0.25892
1013   LYS   -0.0589664   -0.582513
1015   GLY   0.027891   0
1016   HIS   0.0384162   -0.156849
1019   TYR   -0.000791256   1.01303
1037   TYR   0.0303992   0.340446
1041   TYR   0.0450398   0.225815
1042   HID   0.00969589   -0.169211
1076   TYR   -0.0233843   0.19166
1081   TYR   0.0172223   0.106497
1085   TYR   0.000783449   0.157547
SITE:  ASP- 945
  96   ARG   0.101948   -0.313475
 164   GLU   0.0216904   0.1384
 232   ASP   0.00264967   0.135597
 242   ASP   0.017376   0.199728
 475   TYR   -0.0479218   0.134986
 487   TYR   -0.0278101   0.259094
 512   HIS   0.0220558   -0.119077
 515   TYR   0.0345133   0.241345
 518   ARG   0.0416771   -0.187708
 520   PRO   0.00124243   0
 525   ASP   0.00527054   0.109683
 539   GLY   -0.118431   0
 540   PRO   -0.0459882   0
 550   TYR   -0.00645675   0.12696
 555   TYR   -0.00573925   0.17949
 890   TYR   -0.0224084   0.29984
 897   HIS   -0.017742   -0.16723
 899   TYR   0.0622094   0.352046
 910   GLY   0.0273304   0
 939   PRO   0.0287706   0
 941   SER   0.669706   0
 942   TRP   0.446104   0
 943   ILE   0.104862   0
 944   ASP   -0.4891   1.32075
 946   TYR   -0.432769   0.572795
 947   PHE   -0.174738   0
 948   ASP   -0.697128   1.0954
 949   TRP   -0.29071   0
 951   LYS   -0.00330262   -0.589893
 954   SER   -0.20335   0
 958   ARG   0.0531553   -0.155144
 980   ARG   -0.0454344   -0.166378
 987   LYS   0.0710392   -0.135242
 989   ARG   -0.157404   -0.364241
 990   PRO   0.0245104   0
 994   ASP   0.00244804   0.104708
1005   ASP   0.0432199   0.609036
1007   PRO   -0.106785   0
1012   GLY   -0.15126   0
1013   LYS   -0.287761   -2.54102
1014   GLY   0.293792   0
1015   GLY   0.0437139   0
1016   HIS   0.0325856   -0.342127
1018   ALA   -0.166696   0
1019   TYR   -2.02465   4.26851
1037   TYR   0.0485104   0.44396
1041   TYR   0.0244598   0.358238
1042   HID   0.0217497   -0.147477
1081   TYR   0.0142952   0.110149
1085   TYR   -0.00217884   0.125933
SITE:  TYR- 946
  61   GLU   0.00103859   0.100554
 232   ASP   -0.00391382   0.158331
 233   GLU   0.0114536   0.160706
 394   TYR   -0.0158094   0.113385
 890   TYR   -0.016578   0.125739
 895   GLU   -0.052911   0.15213
 897   HIS   -0.00019752   -0.321663
 898   ASP   0.0663747   0.324824
 899   TYR   0.284554   0.606201
 900   THR   -0.311439   0
 905   GLN   -0.384522   0
 942   TRP   0.287836   0
 943   ILE   0.278762   0
 944   ASP   0.143477   0.618281
 945   ASP   -0.178899   0.572795
 948   ASP   -0.167033   0.521614
 949   TRP   -0.163623   0
 950   VAL   -0.38811   0
 951   LYS   0.0288309   -0.404391
 952   PRO   -0.0373899   0
 954   SER   -0.216738   0
 958   ARG   0.0867632   -0.268235
 960   ASP   0.0272228   0.113851
 964   ASP   0.00824038   0.234352
 978   ARG   -0.186621   -0.153322
 979   CYX   -0.186679   0
 980   ARG   -0.0792689   -0.896318
 981   PRO   0.108686   0
 985   GLU   0.126968   0.237791
 986   GLY   0.173589   0
 987   LYS   0.161877   -0.223243
 988   GLN   0.226538   0
 989   ARG   -0.452868   -0.622585
 990   PRO   0.1115   0
 991   GLN   0.134837   0
 992   GLY   0.572174   0
 993   GLY   0.285242   0
 994   ASP   0.528378   0.978713
 995   PHE   3.03584   0
 996   MET   0.0942367   0
 997   ARG   -0.524024   -0.495085
 998   PHE   -1.24416   0
 999   LEU   -0.270494   0
1000   PRO   0.020686   0
1001   MET   -0.598611   0
1002   PHE   -0.439808   0
1004   SER   -0.185874   0
1005   ASP   -0.116086   0.654635
1013   LYS   -0.0272602   -0.343858
1014   GLY   -0.106663   0
1015   GLY   -0.065637   0
1016   HIS   0.0238205   -0.27927
1019   TYR   -0.0328287   0.478732
1023   VAL   -0.0938522   0
1024   ASN   0.113911   0
1031   THR   0.129004   0
1032   ARG   -0.0743873   -0.194857
1033   VAL   -0.183887   0
1034   GLY   0.106091   0
1037   TYR   0.0534976   0.222252
1041   TYR   0.0120636   0.1044
1076   TYR   -0.00473176   0.144121
SITE:  ASP- 948
  57   ASP   0.0281611   0.111641
  61   GLU   0.0235054   0.201774
  84   LYS   0.0187583   -0.174775
  96   ARG   0.139605   -0.368596
  98   PRO   -0.109506   0
 102   TYR   -0.0292804   0.15174
 164   GLU   0.0247856   0.140266
 232   ASP   0.00252717   0.347242
 233   GLU   -0.0338838   0.208175
 234   VAL   0.179581   0
 237   PRO   0.146998   0
 242   ASP   0.0147165   0.27328
 487   TYR   -0.00937564   0.128612
 515   TYR   0.019736   0.231782
 518   ARG   0.0124856   -0.144041
 555   TYR   -0.00818441   0.103389
 890   TYR   -0.0100819   0.1028
 897   HIS   -0.0150422   -0.114515
 899   TYR   0.0512296   0.188212
 910   GLY   0.0567523   0
 911   GLY   -0.165313   0
 912   MET   -0.19856   0
 941   SER   0.103939   0
 942   TRP   0.167008   0
 943   ILE   0.181825   0
 944   ASP   0.386122   0.871502
 945   ASP   0.331217   1.0954
 946   TYR   0.18739   0.521614
 949   TRP   -0.452681   0
 950   VAL   -0.196956   0
 951   LYS   -0.369814   -2.70992
 952   PRO   -0.0398839   0
 954   SER   -0.454538   0
 958   ARG   0.0684774   -0.212857
 978   ARG   -0.143293   -0.116909
 980   ARG   -0.121132   -0.270089
 985   GLU   0.063487   0.115692
 987   LYS   0.204156   -0.329261
 989   ARG   -0.321276   -0.635317
 990   PRO   0.0134626   0
 994   ASP   -0.00985793   0.128177
1005   ASP   0.0165129   0.415035
1012   GLY   -0.106422   0
1013   LYS   -0.145103   -0.566619
1014   GLY   -0.0038429   0
1015   GLY   -0.0153058   0
1016   HIS   -0.00492119   -0.138904
1019   TYR   -0.113687   0.615714
1037   TYR   0.0111005   0.144023
1041   TYR   0.0122709   0.127218
SITE:  LYS- 951
  57   ASP   0.0461277   0.180751
  61   GLU   0.0422104   0.34351
  84   LYS   0.0250642   -0.294589
  95   SER   0.172186   0
  96   ARG   0.137956   -0.370119
  98   PRO   -0.139738   0
 102   TYR   -0.0464363   0.22956
 164   GLU   0.0279905   0.136277
 225   LYS   -0.00179765   -0.102113
 232   ASP   -0.0122325   0.469615
 233   GLU   -0.0483511   0.219249
 234   VAL   0.0686211   0
 237   PRO   0.116213   0
 242   ASP   0.0147285   0.278687
 487   TYR   -0.00594593   0.100178
 515   TYR   0.0149562   0.232329
 518   ARG   -0.00035209   -0.123567
 899   TYR   0.0388721   0.122436
 943   ILE   0.0984674   0
 944   ASP   0.11869   0.496982
 945   ASP   0.134048   0.589893
 946   TYR   0.167194   0.404391
 947   PHE   0.196192   0
 948   ASP   1.12376   2.70992
 949   TRP   0.164644   0
 950   VAL   0.0638079   0
 952   PRO   -0.426474   0
 953   GLN   -0.210941   0
 954   SER   -0.497171   0
 955   SER   -0.219016   0
 956   CYX   -0.146414   0
 958   ARG   0.0901249   -0.293413
 973   ASP   0.00897789   0.109072
 978   ARG   -0.221326   -0.179015
 980   ARG   -0.124792   -0.302528
 981   PRO   0.119545   0
 985   GLU   0.0655808   0.133279
 986   GLY   0.104324   0
 987   LYS   0.194798   -0.485857
 989   ARG   -0.225025   -0.496509
 990   PRO   -0.00435749   0
 994   ASP   -0.015112   0.128073
1005   ASP   0.0172886   0.348744
1010   LYS   0.0612713   -0.119217
1011   CYX   0.182561   0
1013   LYS   -0.0931142   -0.364733
1019   TYR   -0.065191   0.365387
SITE:  ARG- 958
  54   ASP   0.048363   0.116271
  57   ASP   0.00978162   0.494093
  61   GLU   0.0278004   0.486186
  84   LYS   0.00239389   -0.440802
 232   ASP   0.00275971   0.112651
 475   TYR   -0.00822257   0.112407
 945   ASP   0.0243629   0.155144
 946   TYR   0.101963   0.268235
 948   ASP   0.044886   0.212857
 949   TRP   0.232056   0
 950   VAL   0.133205   0
 951   LYS   0.226377   -0.293413
 952   PRO   0.222208   0
 954   SER   0.177301   0
 955   SER   1.62149   0
 956   CYX   0.39215   0
 957   CYX   0.200106   0
 959   VAL   0.0327182   0
 960   ASP   -0.011884   0.316126
 964   ASP   -0.0634973   0.157849
 966   PHE   -0.198499   0
 967   CYX   0.0564248   0
 968   ASN   0.712972   0
 971   VAL   0.0273544   0
 973   ASP   0.150908   1.39415
 974   PRO   -0.0214264   0
 977   VAL   0.229278   0
 978   ARG   -0.540445   -0.75761
 979   CYX   -0.133353   0
 980   ARG   0.0444916   -0.245815
 987   LYS   0.0344539   -0.226428
 989   ARG   -0.0463339   -0.101828
 994   ASP   -0.000664607   0.129354
 997   ARG   0.0130502   -0.135892
1005   ASP   0.0218771   0.569028
1010   LYS   -0.0828399   -0.355714
1013   LYS   -0.00897809   -0.136448
1016   HIS   -0.0267891   -0.101
1019   TYR   -0.028614   0.115346
SITE:  ASP- 960
 946   TYR   0.023854   0.113851
 958   ARG   -0.24781   -0.316126
 959   VAL   -0.116212   0
 961   ASN   -0.943499   0
 962   ILE   -0.91646   0
 963   THR   -0.976467   0
 964   ASP   -0.59515   0.600531
 965   GLN   0.188814   0
 973   ASP   -0.194091   0.27737
 974   PRO   -0.310309   0
 975   ALA   -0.160797   0
 976   CYX   -0.65278   0
 977   VAL   0.147117   0
 978   ARG   0.0751127   -0.195481
 980   ARG   0.0416074   -0.109312
 997   ARG   0.0808876   -0.262913
1005   ASP   -0.0158082   0.154217
SITE:  ASP- 964
 946   TYR   0.0314598   0.234352
 958   ARG   -0.0722784   -0.157849
 959   VAL   -0.237982   0
 960   ASP   0.411326   0.600531
 961   ASN   0.435142   0
 962   ILE   0.0879759   0
 963   THR   -0.238514   0
 976   CYX   -0.173929   0
 977   VAL   0.0895718   0
 978   ARG   0.0701066   -0.138478
 980   ARG   0.0612117   -0.238565
 994   ASP   0.0280577   0.313848
 997   ARG   0.979048   -2.16132
1005   ASP   -0.0182075   0.134119
SITE:  ASP- 973
  54   ASP   0.0373505   0.113421
  57   ASP   -0.014734   0.294462
  61   GLU   0.0111352   0.272476
  84   LYS   -0.0109494   -0.277517
 951   LYS   0.0530844   -0.109072
 955   SER   0.231746   0
 958   ARG   -0.313607   -1.39415
 959   VAL   0.0968552   0
 960   ASP   -0.0419302   0.27737
 968   ASN   0.543164   0
 969   ALA   0.200226   0
 970   SER   -0.226911   0
 971   VAL   0.108932   0
 972   VAL   0.0974033   0
 974   PRO   -0.473508   0
 975   ALA   -0.180157   0
 976   CYX   0.325666   0
 977   VAL   0.0711132   0
 978   ARG   -0.114733   -0.375689
1005   ASP   0.00300179   0.236968
1010   LYS   -0.0810076   -0.35224
SITE:  ARG- 978
  53   LYS   0.0643298   -0.114533
  54   ASP   0.155495   0.250702
  56   TYR   -0.0921214   0.203556
  57   ASP   0.834151   2.56415
  60   GLN   -0.188702   0
  61   GLU   -0.081424   0.531082
  84   LYS   -0.0145011   -0.338888
 232   ASP   0.00416952   0.134426
 946   TYR   0.0458694   0.153322
 948   ASP   0.0235012   0.116909
 951   LYS   0.0488362   -0.179015
 952   PRO   0.099772   0
 957   CYX   0.197501   0
 958   ARG   -0.224143   -0.75761
 959   VAL   0.126269   0
 960   ASP   0.00104995   0.195481
 964   ASP   -0.0291097   0.138478
 973   ASP   -0.0206324   0.375689
 977   VAL   -0.0811706   0
 979   CYX   -0.174995   0
 980   ARG   0.319732   -0.308383
 981   PRO   -0.173033   0
 982   LEU   -0.138146   0
 985   GLU   0.0105123   0.149117
 987   LYS   0.0116719   -0.365478
 994   ASP   -0.00784027   0.138828
 997   ARG   0.000459675   -0.118157
1005   ASP   0.00421352   0.145371
SITE:  ARG- 980
  57   ASP   0.037999   0.1667
  61   GLU   -0.00432812   0.124529
 232   ASP   -0.011337   0.227373
 233   GLU   -0.00419272   0.259097
 897   HIS   -0.00628389   -0.104569
 898   ASP   0.011523   0.126487
 899   TYR   0.0865162   0.137956
 944   ASP   0.0564822   0.207428
 945   ASP   -0.00282802   0.166378
 946   TYR   0.120773   0.896318
 948   ASP   -0.000257644   0.270089
 950   VAL   0.154782   0
 951   LYS   -0.0902883   -0.302528
 952   PRO   -0.138144   0
 958   ARG   -0.00125235   -0.245815
 960   ASP   0.0447586   0.109312
 964   ASP   -0.00526227   0.238565
 978   ARG   -0.193309   -0.308383
 979   CYX   -0.259586   0
 981   PRO   -0.170925   0
 983   THR   0.278682   0
 984   PRO   0.100419   0
 985   GLU   0.686483   1.18241
 986   GLY   0.582942   0
 987   LYS   0.139725   -0.444726
 988   GLN   1.13885   0
 989   ARG   0.0900971   -0.560937
 990   PRO   -0.386305   0
 991   GLN   -0.386748   0
 992   GLY   0.0102982   0
 994   ASP   -0.266486   1.54259
 997   ARG   -0.201252   -0.337622
1005   ASP   -0.0113699   0.2002
1019   TYR   -0.0129276   0.120109
SITE:  GLU- 985
  57   ASP   0.0298653   0.111513
 232   ASP   -0.0169899   0.226927
 233   GLU   0.0124744   0.327473
 946   TYR   0.0180652   0.237791
 948   ASP   0.00873244   0.115692
 951   LYS   -0.0634456   -0.133279
 952   PRO   -0.097015   0
 978   ARG   -0.0311992   -0.149117
 980   ARG   -0.3019   -1.18241
 981   PRO   0.18724   0
 983   THR   0.381075   0
 984   PRO   0.109292   0
 986   GLY   -0.697136   0
 987   LYS   -0.172351   -0.450251
 988   GLN   0.263872   0
 989   ARG   0.313778   -0.328659
 990   PRO   -0.110992   0
 991   GLN   -0.36699   0
 994   ASP   -0.04205   0.487499
 997   ARG   -0.0618143   -0.104843
SITE:  LYS- 987
  56   TYR   0.126394   0.14326
  57   ASP   0.194169   0.450904
  59   VAL   0.0773799   0
  60   GLN   1.65343   0
  61   GLU   -0.0167044   0.573045
  63   CYX   -0.184173   0
  64   PRO   -0.213619   0
  84   LYS   0.000335762   -0.313268
  96   ARG   0.0167842   -0.102054
  98   PRO   0.0124776   0
 102   TYR   -0.0626297   0.569827
 110   GLU   -0.0216637   0.197605
 146   TYR   -0.00877904   0.119233
 225   LYS   -0.0103175   -0.205691
 232   ASP   0.125103   1.25177
 233   GLU   -0.189595   0.470529
 234   VAL   -0.134908   0
 944   ASP   0.0490642   0.162878
 945   ASP   0.0183355   0.135242
 946   TYR   0.053923   0.223243
 948   ASP   0.0733996   0.329261
 951   LYS   -0.19135   -0.485857
 952   PRO   -0.290562   0
 958   ARG   0.0311434   -0.226428
 978   ARG   -0.200151   -0.365478
 980   ARG   -0.210786   -0.444726
 981   PRO   0.39042   0
 982   LEU   -0.38586   0
 983   THR   0.761418   0
 984   PRO   0.334398   0
 985   GLU   0.0872164   0.450251
 986   GLY   -0.0243726   0
 989   ARG   -0.00364929   -0.374335
 990   PRO   -0.0101397   0
 994   ASP   -0.0228437   0.150959
1005   ASP   0.00383267   0.114018
SITE:  ARG- 989
  96   ARG   0.0451316   -0.113206
 102   TYR   -0.0168785   0.120101
 232   ASP   -0.00758128   0.396277
 233   GLU   0.256882   0.734946
 234   VAL   0.0816377   0
 237   PRO   0.0552776   0
 242   ASP   0.00173937   0.101417
 897   HIS   -0.0581422   -0.33113
 898   ASP   -0.0559752   0.221004
 899   TYR   0.15422   0.343319
 901   SER   0.178612   0
 902   SER   0.48467   0
 903   LYS   0.137626   -0.174027
 905   GLN   0.465864   0
 906   ASN   0.934135   0
 909   CYX   -0.00646457   0
 910   GLY   -0.0715325   0
 911   GLY   -0.599099   0
 912   MET   -0.843872   0
 913   GLY   -0.779542   0
 914   CYX   -0.155248   0
 915   ASN   0.203848   0
 917   ASP   -0.0160808   0.183663
 918   SER   -0.197092   0
 943   ILE   0.118356   0
 944   ASP   0.224386   0.934329
 945   ASP   -0.0291886   0.364241
 946   TYR   -0.0781793   0.622585
 948   ASP   -0.0397657   0.635317
 951   LYS   -0.180874   -0.496509
 952   PRO   -0.0870334   0
 953   GLN   0.093618   0
 958   ARG   0.0283532   -0.101828
 980   ARG   -0.267493   -0.560937
 981   PRO   0.104493   0
 984   PRO   0.146967   0
 985   GLU   0.212157   0.328659
 986   GLY   0.153851   0
 987   LYS   0.2572   -0.374335
 988   GLN   -0.171746   0
 990   PRO   -0.0971898   0
 992   GLY   0.134232   0
 994   ASP   -0.0888839   0.260823
1005   ASP   -0.00431865   0.154988
1013   LYS   -0.023887   -0.17949
1019   TYR   -0.0144908   0.260615
1076   TYR   -0.00680304   0.138313
SITE:  ASP- 994
 233   GLU   0.0088046   0.103751
 897   HIS   0.00552772   -0.10946
 898   ASP   0.0450873   0.177476
 899   TYR   0.0746057   0.152149
 944   ASP   0.0355748   0.13252
 945   ASP   -0.0160511   0.104708
 946   TYR   -0.0270705   0.978713
 948   ASP   -0.0163001   0.128177
 951   LYS   -0.010754   -0.128073
 958   ARG   -0.0139263   -0.129354
 964   ASP   0.0143764   0.313848
 978   ARG   -0.0158021   -0.138828
 980   ARG   0.427413   -1.54259
 981   PRO   0.0336626   0
 985   GLU   0.212415   0.487499
 986   GLY   0.087021   0
 987   LYS   0.0464676   -0.150959
 988   GLN   0.227138   0
 989   ARG   -0.0107383   -0.260823
 990   PRO   -0.29245   0
 991   GLN   -0.282582   0
 992   GLY   0.0942424   0
 993   GLY   0.20986   0
 995   PHE   -0.359962   0
 996   MET   -0.234746   0
 997   ARG   -0.899734   -0.58995
 998   PHE   -0.37761   0
1005   ASP   -0.0162965   0.143272
SITE:  ARG- 997
 946   TYR   0.0230438   0.495085
 958   ARG   -0.0340178   -0.135892
 959   VAL   -0.134229   0
 960   ASP   0.148373   0.262913
 961   ASN   0.217318   0
 964   ASP   -0.151647   2.16132
 978   ARG   0.0431524   -0.118157
 980   ARG   0.0853419   -0.337622
 985   GLU   0.0346859   0.104843
 994   ASP   0.137747   0.58995
 998   PHE   -0.146531   0
1000   PRO   -0.122242   0
1005   ASP   -0.0238719   0.157976
SITE:  ASP-1005
  61   GLU   0.0106333   0.13275
  84   LYS   0.0100676   -0.129845
  96   ARG   0.0251435   -0.119365
 475   TYR   -0.0773994   0.536819
 487   TYR   -0.00491173   0.126981
 515   TYR   0.0116638   0.14728
 540   PRO   0.0121422   0
 890   TYR   -0.00435124   0.141298
 899   TYR   0.0366744   0.164874
 944   ASP   0.0098815   0.25892
 945   ASP   0.00606982   0.609036
 946   TYR   0.169438   0.654635
 948   ASP   -0.0917492   0.415035
 949   TRP   -1.49117   0
 950   VAL   -0.00224242   0
 951   LYS   0.13378   -0.348744
 952   PRO   0.0319374   0
 956   CYX   -0.275081   0
 957   CYX   -0.37367   0
 958   ARG   0.192402   -0.569028
 960   ASP   -0.0111419   0.154217
 964   ASP   -0.00921304   0.134119
 966   PHE   -0.242079   0
 967   CYX   0.234484   0
 968   ASN   0.340216   0
 969   ALA   -0.453909   0
 970   SER   -0.131404   0
 973   ASP   -0.0115527   0.236968
 978   ARG   -0.169645   -0.145371
 980   ARG   -0.0148102   -0.2002
 987   LYS   0.0474526   -0.114018
 989   ARG   -0.0849214   -0.154988
 990   PRO   -0.00225879   0
 994   ASP   0.0325939   0.143272
 997   ARG   0.021193   -0.157976
 998   PHE   0.220576   0
 999   LEU   0.308828   0
1000   PRO   0.189223   0
1001   MET   0.620126   0
1002   PHE   0.66205   0
1004   SER   -0.329516   0
1006   ASN   1.06615   0
1007   PRO   -0.168723   0
1008   ASN   -0.611662   0
1009   PRO   0.00334227   0
1010   LYS   -0.16477   -0.303986
1011   CYX   -0.321306   0
1012   GLY   0.202656   0
1013   LYS   0.0986577   -0.728727
1014   GLY   -1.23707   0
1015   GLY   -0.8182   0
1016   HIS   -0.550785   -0.891919
1017   ALA   -0.228962   0
1018   ALA   -0.190642   0
1019   TYR   -0.21929   0.547295
1037   TYR   0.0260129   0.219667
1041   TYR   0.00915791   0.151875
SITE:  LYS-1010
  61   GLU   0.0167271   0.140156
  84   LYS   0.0145494   -0.187993
 475   TYR   -0.00131943   0.282929
 515   TYR   0.00778246   0.144661
 525   ASP   -0.023431   0.10187
 530   HIS   0.0162432   -0.149057
 531   ASP   -0.0154432   0.114833
 951   LYS   0.0346362   -0.119217
 958   ARG   0.0395038   -0.355714
 969   ALA   0.146935   0
 971   VAL   0.157238   0
 973   ASP   0.0538754   0.35224
1005   ASP   0.0247814   0.303986
1008   ASN   0.730348   0
1009   PRO   -0.0906299   0
1011   CYX   -0.398296   0
1012   GLY   0.087795   0
1013   LYS   0.0253445   -0.118875
SITE:  LYS-1013
  96   ARG   0.0682325   -0.279852
 164   GLU   0.0232913   0.137629
 242   ASP   0.0186067   0.163342
 406   GLU   0.0250112   0.130478
 471   PRO   -0.151493   0
 475   TYR   -0.0837102   0.221144
 487   TYR   -0.0457942   0.410383
 512   HIS   0.0250916   -0.176604
 515   TYR   0.0402226   0.281023
 518   ARG   0.0500376   -0.207713
 520   PRO   0.0469299   0
 525   ASP   -7.05061e-05   0.144614
 534   LEU   0.0739077   0
 535   GLY   0.0631044   0
 538   GLY   0.0501398   0
 539   GLY   -0.320445   0
 540   PRO   -0.0858903   0
 543   PRO   -0.0178984   0
 550   TYR   -0.00604849   0.173535
 555   TYR   0.00295897   0.22604
 606   GLU   -0.000284684   0.103404
 875   TYR   0.00999681   0.123317
 884   HIS   -0.0137657   -0.107585
 890   TYR   -0.00867454   0.460987
 897   HIS   -0.010526   -0.116904
 899   TYR   0.0394944   0.269146
 930   ASP   0.00438421   0.113374
 939   PRO   0.107758   0
 940   SER   0.479316   0
 941   SER   0.246222   0
 944   ASP   -0.156212   0.582513
 945   ASP   0.622162   2.54102
 946   TYR   0.00154272   0.343858
 948   ASP   -0.20613   0.566619
 951   LYS   0.0167737   -0.364733
 958   ARG   0.0474638   -0.136448
 989   ARG   -0.0701412   -0.17949
1005   ASP   0.174998   0.728727
1006   ASN   0.194804   0
1007   PRO   -0.203528   0
1010   LYS   -0.0107435   -0.118875
1012   GLY   -0.0502052   0
1014   GLY   0.499828   0
1015   GLY   0.102091   0
1016   HIS   0.00964009   -0.515385
1017   ALA   -0.172091   0
1018   ALA   -0.297467   0
1019   TYR   -0.112469   3.59628
1020   SER   -0.182926   0
1037   TYR   0.00313083   0.633946
1039   MET   0.152642   0
1041   TYR   0.0315036   0.597265
1042   HID   0.0376094   -0.186298
1081   TYR   0.0196978   0.153718
1085   TYR   -0.00378163   0.152451
SITE:  HIS-1016
 398   HIS   0.0336443   -0.100534
 406   GLU   0.0215522   0.100246
 471   PRO   0.240677   0
 472   LEU   -0.498294   0
 473   SER   0.771019   0
 474   PRO   -0.0792193   0
 475   TYR   -0.3855   0.432069
 487   TYR   -0.0087403   0.125607
 538   GLY   0.149381   0
 539   GLY   -0.0201454   0
 540   PRO   0.0537854   0
 570   TYR   0.00126949   0.158845
 890   TYR   -0.000637805   0.276389
 899   TYR   0.022816   0.177017
 944   ASP   -0.0138084   0.156849
 945   ASP   -0.0526919   0.342127
 946   TYR   0.00161047   0.27927
 948   ASP   -0.0539989   0.138904
 958   ARG   0.0320103   -0.101
 999   LEU   0.141783   0
1000   PRO   0.232956   0
1001   MET   0.171419   0
1002   PHE   0.375348   0
1003   LEU   1.09294   0
1004   SER   0.290998   0
1005   ASP   0.448951   0.891919
1006   ASN   0.583882   0
1007   PRO   -0.077216   0
1013   LYS   0.177367   -0.515385
1014   GLY   -0.12983   0
1015   GLY   -0.0333945   0
1017   ALA   -0.554024   0
1018   ALA   -0.296978   0
1019   TYR   -0.338059   0.468304
1020   SER   -0.584004   0
1023   VAL   0.0679034   0
1037   TYR   0.0524228   0.446843
1041   TYR   0.0151478   0.236519
1081   TYR   -0.000451154   0.112566
SITE:  TYR-1019
  96   ARG   0.0697771   -0.249942
 164   GLU   0.0209964   0.12359
 242   ASP   0.0131321   0.158056
 394   TYR   -0.0255268   0.124574
 396   ASP   0.00286124   0.122393
 398   HIS   -0.00506007   -0.117922
 406   GLU   0.0216136   0.128031
 471   PRO   -0.0964499   0
 475   TYR   -0.0645461   0.145848
 487   TYR   -0.0352097   0.325378
 512   HIS   0.0222076   -0.129133
 515   TYR   0.03176   0.209248
 518   ARG   0.0563752   -0.185
 520   PRO   0.0142602   0
 525   ASP   0.00183428   0.10556
 538   GLY   0.0625218   0
 539   GLY   -0.164779   0
 540   PRO   -0.00546365   0
 550   TYR   -0.00415925   0.165887
 555   TYR   -0.000671785   0.205532
 606   GLU   0.00377214   0.112226
 875   TYR   0.00627098   0.127456
 884   HIS   -0.0094999   -0.10594
 888   PRO   -0.0961304   0
 889   VAL   0.098827   0
 890   TYR   -0.0533349   0.549091
 897   HIS   -0.012372   -0.197888
 899   TYR   0.0544813   0.477405
 910   GLY   0.00287281   0
 930   ASP   0.00496181   0.129187
 939   PRO   0.203323   0
 940   SER   1.14582   0
 941   SER   0.546411   0
 943   ILE   0.0176296   0
 944   ASP   -0.373546   1.01303
 945   ASP   0.299612   4.26851
 946   TYR   -0.132407   0.478732
 948   ASP   -0.296884   0.615714
 951   LYS   -0.0063608   -0.365387
 958   ARG   0.0433273   -0.115346
 980   ARG   -0.0313976   -0.120109
 989   ARG   -0.0906927   -0.260615
1005   ASP   0.0823824   0.547295
1007   PRO   -0.09583   0
1013   LYS   -0.161688   -3.59628
1014   GLY   0.367937   0
1015   GLY   0.198018   0
1016   HIS   0.148106   -0.468304
1018   ALA   -0.178058   0
1020   SER   -0.198447   0
1021   SER   -0.176225   0
1023   VAL   -0.00259441   0
1037   TYR   0.119246   0.86288
1038   PHE   -0.23522   0
1039   MET   0.146801   0
1041   TYR   0.058513   0.611514
1042   HID   0.0373682   -0.233421
1076   TYR   -0.0160697   0.103843
1081   TYR   0.0257132   0.19185
1085   TYR   -0.00408499   0.200716
SITE:  HIS-1029
 895   GLU   -0.00035969   0.198951
 898   ASP   0.0388352   0.119097
1027   LEU   0.240019   0
1028   GLY   0.0716718   0
1030   GLY   -0.414588   0
1031   THR   -0.185266   0
1032   ARG   -0.16564   -0.440347
SITE:  ARG-1032
 394   TYR   0.002029   0.459136
 398   HIS   -0.039022   -0.322557
 894   GLU   0.0272239   0.294573
 895   GLU   0.797866   2.31412
 896   GLY   -0.22971   0
 897   HIS   0.440707   -0.456485
 898   ASP   0.201842   0.588092
 899   TYR   -0.0139519   0.581468
 903   LYS   -0.00125716   -0.101297
 946   TYR   -0.036679   0.194857
1025   ILE   -0.189438   0
1026   LEU   -0.0579029   0
1027   LEU   0.125049   0
1028   GLY   0.381148   0
1029   HIS   0.31803   -0.440347
1030   GLY   0.0756392   0
1033   VAL   0.20033   0
1034   GLY   0.0739718   0
1037   TYR   0.0178116   0.103389
1076   TYR   0.0148529   0.381468
SITE:  TYR-1037
 389   ARG   0.0302865   -0.111788
 391   GLU   0.0582814   0.265949
 392   LYS   0.086176   -0.344879
 393   GLU   0.0390523   0.1649
 394   TYR   -0.0408774   0.333511
 395   PHE   -0.021293   0
 396   ASP   0.00732968   0.478104
 398   HIS   -0.0506527   -0.385763
 399   PHE   0.260034   0
 400   GLY   0.45365   0
 401   PRO   0.232046   0
 402   PHE   -0.284476   0
 404   ARG   0.0845106   -0.254776
 406   GLU   0.051039   0.274234
 451   GLU   0.000548314   0.107384
 466   ASP   0.0222608   0.113549
 471   PRO   -0.0878778   0
 487   TYR   -0.0244283   0.239723
 538   GLY   0.129683   0
 539   GLY   -0.05391   0
 540   PRO   0.13978   0
 550   TYR   0.00330594   0.144311
 555   TYR   0.0130931   0.13133
 566   PRO   -0.0824843   0
 567   VAL   0.100864   0
 568   ASN   -0.291348   0
 570   TYR   0.0170298   0.236202
 571   TYR   -0.0023705   0.129418
 576   LYS   0.00856697   -0.108362
 584   GLU   -0.00351747   0.190134
 606   GLU   0.0142828   0.296354
 875   TYR   0.00111196   0.236642
 884   HIS   -0.0176407   -0.115691
 887   PRO   -0.0162211   0
 888   PRO   -0.155604   0
 889   VAL   0.147148   0
 890   TYR   0.0344366   2.11434
 892   VAL   -0.139468   0
 893   LEU   0.0867884   0
 894   GLU   -0.0238229   0.212677
 895   GLU   -0.0667954   0.16783
 897   HIS   -0.0059744   -0.202726
 899   TYR   0.0369344   0.56696
 930   ASP   0.00879045   0.119799
 939   PRO   0.256759   0
 940   SER   0.484198   0
 942   TRP   -0.244666   0
 944   ASP   -0.0328436   0.340446
 945   ASP   -0.105142   0.44396
 946   TYR   -0.0591136   0.222252
 948   ASP   -0.0644263   0.144023
1005   ASP   0.0503621   0.219667
1013   LYS   0.0380002   -0.633946
1015   GLY   0.146128   0
1016   HIS   0.273664   -0.446843
1018   ALA   0.542724   0
1019   TYR   0.154217   0.86288
1020   SER   -0.263809   0
1021   SER   -0.798912   0
1023   VAL   0.0493091   0
1032   ARG   0.00250732   -0.103389
1038   PHE   -0.238466   0
1039   MET   -0.354116   0
1040   THR   0.233483   0
1041   TYR   0.100068   0.933846
1042   HID   0.0319019   -0.404316
1059   ARG   0.0651728   -0.188832
1076   TYR   -0.034769   0.131239
1077   ARG   0.0425368   -0.173303
1080   PRO   -0.109428   0
1081   TYR   0.0129636   0.681604
1085   TYR   -0.011499   0.416729
1088   TYR   -0.0189915   0.128429
1089   GLU   -0.0471468   0.105167
SITE:  TYR-1041
  96   ARG   0.0224442   -0.122212
 391   GLU   -0.00978724   0.152314
 392   LYS   0.0153198   -0.250042
 394   TYR   -0.0272066   0.108327
 396   ASP   0.016386   0.255762
 398   HIS   -0.0169286   -0.121215
 400   GLY   0.114949   0
 401   PRO   0.0737648   0
 402   PHE   -0.241628   0
 404   ARG   0.129239   -0.317101
 406   GLU   0.0843366   0.534918
 407   GLN   -0.264101   0
 411   ARG   0.0207393   -0.144109
 451   GLU   -0.0044127   0.200778
 466   ASP   0.00531258   0.109894
 471   PRO   -0.14019   0
 482   LEU   -0.0391216   0
 486   ASN   -0.205908   0
 487   TYR   -0.0519029   0.618226
 512   HIS   0.0204572   -0.162077
 515   TYR   0.015977   0.124559
 518   ARG   0.0552054   -0.174471
 520   PRO   0.0184968   0
 534   LEU   0.120931   0
 538   GLY   0.101591   0
 539   GLY   -0.0312409   0
 540   PRO   0.294972   0
 541   VAL   -0.223336   0
 543   PRO   0.0819119   0
 544   TRP   -0.376909   0
 545   LEU   -0.0177264   0
 546   VAL   -0.0249685   0
 547   LEU   0.132825   0
 548   GLY   0.0065226   0
 550   TYR   0.0336344   0.487389
 552   ASP   0.0102325   0.126887
 555   TYR   0.0366335   0.346745
 562   VAL   -0.0746321   0
 566   PRO   -0.21085   0
 567   VAL   0.11116   0
 570   TYR   0.0109009   0.170394
 584   GLU   -0.0011711   0.303065
 606   GLU   0.0310394   0.492078
 607   ARG   -0.0114129   -0.133363
 610   GLU   -0.0288424   0.11701
 612   GLU   -0.0494754   0.110861
 871   TYR   -0.012727   0.174072
 874   ASP   0.00429301   0.105581
 875   TYR   0.0310229   0.721748
 882   TYR   -0.00872954   0.117907
 883   LEU   -0.217634   0
 884   HIS   -0.0993909   -0.407338
 885   ALA   -0.203286   0
 886   GLY   0.528298   0
 887   PRO   -0.0830968   0
 888   PRO   -0.485302   0
 889   VAL   0.172266   0
 890   TYR   0.0748918   1.53021
 899   TYR   0.0149626   0.199384
 930   ASP   0.0434922   0.28041
 934   ARG   -0.00744311   -0.160434
 936   GLY   -0.180667   0
 938   ALA   0.286461   0
 939   PRO   0.146169   0
 940   SER   0.253268   0
 944   ASP   -0.0370696   0.225815
 945   ASP   -0.0247392   0.358238
 946   TYR   -0.0239108   0.1044
 948   ASP   -0.0404444   0.127218
1005   ASP   0.0392169   0.151875
1013   LYS   0.0154975   -0.597265
1016   HIS   0.0841856   -0.236519
1019   TYR   0.0722873   0.611514
1037   TYR   -0.111536   0.933846
1039   MET   -0.139465   0
1040   THR   0.129985   0
1042   HID   0.171877   -0.739447
1043   THR   0.167792   0
1050   ASP   0.000801868   0.18875
1053   ASP   -0.0284558   0.110752
1057   LYS   -0.029984   -0.101343
1059   ARG   0.0423666   -0.160235
1077   ARG   0.0182528   -0.104145
1081   TYR   0.0551862   0.537601
1083   VAL   -0.126217   0
1085   TYR   -0.026476   0.512151
1088   TYR   -0.0199904   0.245923
1089   GLU   -0.0478112   0.107196
1091   TYR   -0.0308498   0.126002
SITE:  HID-1042
 389   ARG   0.0488103   -0.178864
 391   GLU   -0.109749   0.391777
 392   LYS   -0.00786982   -0.321284
 393   GLU   -6.08021e-05   0.136375
 394   TYR   -0.0678647   0.13977
 396   ASP   -0.00755503   0.263545
 398   HIS   -0.027515   -0.119264
 404   ARG   0.00540318   -0.200916
 406   GLU   0.00906972   0.231302
 487   TYR   -0.0128241   0.18596
 550   TYR   0.0167796   0.330618
 552   ASP   0.0151785   0.143215
 555   TYR   0.021653   0.201002
 584   GLU   0.0116799   0.17307
 606   GLU   0.0772544   0.374548
 610   GLU   -0.0232804   0.111007
 861   ASP   0.00382921   0.167488
 871   TYR   -0.0086754   0.121933
 875   TYR   -0.00521355   0.463495
 884   HIS   0.076396   -0.33505
 885   ALA   -0.264652   0
 886   GLY   -0.491524   0
 887   PRO   1.07193   0
 888   PRO   0.299588   0
 889   VAL   -0.268312   0
 890   TYR   0.0562011   0.768136
 894   GLU   -0.0170835   0.153486
 897   HIS   -0.00995868   -0.109878
 899   TYR   0.00229594   0.201382
 923   ILE   0.079178   0
 930   ASP   0.144922   0.70708
 931   ASN   0.222822   0
 932   TYR   0.0740227   0.215467
 933   THR   -0.282258   0
 934   ARG   1.37668   -0.674828
 935   ILE   -0.296198   0
 936   GLY   -0.415051   0
 937   PHE   0.152819   0
 939   PRO   0.05281   0
 944   ASP   -0.00965747   0.169211
 945   ASP   -0.0220343   0.147477
1013   LYS   0.00183766   -0.186298
1019   TYR   0.0281956   0.233421
1037   TYR   -0.105633   0.404316
1038   PHE   0.153174   0
1039   MET   -0.237264   0
1040   THR   0.261956   0
1041   TYR   -0.00816692   0.739447
1043   THR   0.389199   0
1044   VAL   0.140846   0
1045   LEU   -0.104697   0
1047   THR   0.180248   0
1048   SER   0.129295   0
1049   ALA   0.15526   0
1050   ASP   0.222119   0.728506
1051   PHE   0.347086   0
1052   ILE   0.222608   0
1053   ASP   -0.16822   0.625423
1055   LEU   0.249582   0
1056   LYS   -0.055918   -0.336648
1057   LYS   -0.32751   -0.59284
1058   ALA   -0.449778   0
1059   ARG   -0.0119345   -0.632394
1061   ILE   -0.224526   0
1077   ARG   0.0564842   -0.29241
1080   PRO   -0.244385   0
1081   TYR   0.197153   0.7452
1082   SER   0.21039   0
1083   VAL   -0.143237   0
1084   PHE   -0.183873   0
1085   TYR   -0.953511   4.72051
1088   TYR   -0.0972524   0.554603
1089   GLU   -0.1484   0.362781
1091   TYR   -0.0987364   0.313817
SITE:  ASP-1050
 406   GLU   -0.00520367   0.100854
 550   TYR   0.0307634   0.179373
 552   ASP   0.0107792   0.125555
 606   GLU   0.0397369   0.170883
 857   ASP   -0.0770146   0.265279
 861   ASP   0.0231828   0.335827
 875   TYR   0.01182   0.272772
 884   HIS   0.053502   -0.250319
 886   GLY   -0.129782   0
 887   PRO   0.040132   0
 890   TYR   0.0031757   0.151608
 930   ASP   0.150258   0.368246
 931   ASN   0.397406   0
 932   TYR   0.038338   0.143886
 934   ARG   0.451695   -2.41524
1041   TYR   -0.0236326   0.18875
1042   HID   -0.102517   -0.728506
1043   THR   0.157106   0
1044   VAL   0.606363   0
1045   LEU   -0.988629   0
1046   GLN   -1.52319   0
1047   THR   0.686973   0
1048   SER   0.201027   0
1051   PHE   -0.332664   0
1052   ILE   -0.20399   0
1053   ASP   -0.591146   1.2626
1054   ALA   -0.356882   0
1056   LYS   -0.154994   -0.244774
1057   LYS   -0.133554   -0.465775
1059   ARG   -0.0212418   -0.166077
1081   TYR   0.00831782   0.182884
1085   TYR   -0.0644173   0.526998
1088   TYR   -0.0815926   0.622207
1089   GLU   -0.038745   0.160945
1091   TYR   -0.0665805   0.352118
SITE:  ASP-1053
 256   PRO   0.0865909   0
 391   GLU   -0.0410392   0.121882
 606   GLU   0.0224106   0.100706
 857   ASP   -0.0898821   0.278628
 858   ILE   0.0608509   0
 861   ASP   0.00375186   0.204479
 875   TYR   -0.000712898   0.126194
 887   PRO   0.0396243   0
 890   TYR   0.00923914   0.113042
 930   ASP   0.0503168   0.246211
 931   ASN   0.38269   0
 932   TYR   0.133854   0.32511
 934   ARG   -0.201164   -0.932844
1041   TYR   0.00904201   0.110752
1042   HID   -0.0801266   -0.625423
1046   GLN   -0.203326   0
1047   THR   0.15561   0
1048   SER   0.290014   0
1049   ALA   0.799448   0
1050   ASP   0.244533   1.2626
1052   ILE   -0.0371613   0
1054   ALA   -0.424839   0
1055   LEU   -0.194492   0
1056   LYS   -0.608968   -0.766134
1057   LYS   -0.34761   -1.14423
1059   ARG   -0.0971772   -0.260878
1077   ARG   0.0187487   -0.105521
1081   TYR   0.00472063   0.154256
1085   TYR   -0.0470623   0.635087
1088   TYR   -0.00924518   0.419915
1089   GLU   -0.0209334   0.252153
1091   TYR   -0.0116427   0.360573
1097   ASP   -0.0274506   0.106113
SITE:  LYS-1056
 391   GLU   -0.0470524   0.176887
 857   ASP   -0.0296574   0.142836
 932   TYR   0.0949159   0.326805
 934   ARG   -0.062379   -0.201203
1042   HID   -0.0451848   -0.336648
1049   ALA   0.157736   0
1050   ASP   0.0555551   0.244774
1052   ILE   0.223678   0
1053   ASP   0.219134   0.766134
1055   LEU   0.0215086   0
1057   LYS   -0.355266   -0.729878
1059   ARG   -0.339327   -0.424559
1060   LEU   -0.172867   0
1077   ARG   0.0287415   -0.192069
1080   PRO   0.00388281   0
1081   TYR   -0.00216236   0.122504
1085   TYR   0.0217658   0.486927
1088   TYR   0.0729073   0.211929
1089   GLU   0.0833111   0.433574
1091   TYR   0.122364   0.265074
1092   LEU   0.0347161   0
1096   ASP   -0.095353   0.163649
1097   ASP   -0.0557652   0.167574
SITE:  LYS-1057
 253   PRO   -0.115658   0
 254   PRO   0.190222   0
 256   PRO   0.102099   0
 391   GLU   -0.0342269   0.133997
 890   TYR   0.0116006   0.1061
 930   ASP   -0.026799   0.34769
 931   ASN   0.435976   0
 932   TYR   2.19904   1.26286
 934   ARG   -0.167442   -0.683195
1041   TYR   0.0439215   0.101343
1042   HID   -0.123461   -0.59284
1050   ASP   0.140558   0.465775
1052   ILE   0.120584   0
1053   ASP   0.0324463   1.14423
1054   ALA   0.23424   0
1055   LEU   0.0982566   0
1056   LYS   0.147281   -0.729878
1058   ALA   -0.271984   0
1059   ARG   -0.142131   -0.309461
1060   LEU   -0.298834   0
1077   ARG   0.00788103   -0.140339
1080   PRO   -0.0419735   0
1081   TYR   0.0171421   0.12295
1085   TYR   -0.0384597   0.622773
1088   TYR   0.000612957   0.169909
1089   GLU   -0.0153649   0.180334
1091   TYR   -0.00439805   0.147355
SITE:  ARG-1059
 379   ASP   -0.00889107   0.124766
 387   GLN   -0.625621   0
 389   ARG   0.0513862   -0.411034
 390   LEU   -0.215398   0
 391   GLU   -0.820683   1.76727
 392   LYS   -0.083809   -0.389411
 393   GLU   -0.104138   0.258715
 394   TYR   -0.147643   0.243268
 396   ASP   -0.0594113   0.282302
 398   HIS   -0.0370205   -0.16757
 404   ARG   0.00491862   -0.109268
 606   GLU   0.0331111   0.173852
 875   TYR   -0.00911577   0.12813
 887   PRO   0.0255069   0
 888   PRO   0.082852   0
 890   TYR   0.107477   0.286698
 892   VAL   0.0836055   0
 894   GLU   -0.0428881   0.37895
 897   HIS   -0.0042938   -0.125216
 899   TYR   -0.0115394   0.184842
 930   ASP   0.000207763   0.106636
 932   TYR   0.0603573   0.134845
 934   ARG   -0.048344   -0.128273
1037   TYR   -0.052239   0.188832
1041   TYR   0.015832   0.160235
1042   HID   -0.0365631   -0.632394
1050   ASP   0.0318396   0.166077
1051   PHE   0.134079   0
1052   ILE   0.181683   0
1053   ASP   0.0532554   0.260878
1055   LEU   0.0501559   0
1056   LYS   0.178066   -0.424559
1057   LYS   0.0883219   -0.309461
1060   LEU   -0.163031   0
1061   ILE   -0.210312   0
1062   ALA   -0.276297   0
1066   THR   -0.169712   0
1067   GLU   -0.0764873   0.126314
1076   TYR   -0.0663694   0.136481
1077   ARG   0.460951   -1.3942
1078   VAL   0.147287   0
1079   PHE   -0.416666   0
1080   PRO   0.446029   0
1081   TYR   -0.111848   0.606785
1082   SER   0.0645474   0
1083   VAL   0.111281   0
1085   TYR   -0.00438857   1.3094
1086   VAL   0.0444313   0
1088   TYR   -0.0899386   0.296543
1089   GLU   -0.413325   2.02192
1091   TYR   -0.118756   0.295612
1092   LEU   -0.187162   0
1096   ASP   -0.05606   0.117623
1097   ASP   -0.0396841   0.215079
SITE:  GLU-1067
 391   GLU   0.0060161   0.10296
 894   GLU   0.0110476   0.109345
 897   HIS   -0.0169789   -0.145754
 899   TYR   -0.016235   0.101048
 917   ASP   0.0522081   0.312336
 932   TYR   0.0257664   0.121052
1059   ARG   0.0471254   -0.126314
1060   LEU   0.138611   0
1061   ILE   0.122967   0
1063   SER   0.288548   0
1064   ASN   0.544416   0
1065   VAL   0.0982098   0
1068   THR   -0.726167   0
1069   MET   -0.208814   0
1070   GLY   -0.205772   0
1076   TYR   0.01875   0.178735
1077   ARG   -0.0840779   -0.187936
SITE:  TYR-1076
 391   GLU   0.0462964   0.225421
 394   TYR   -0.065051   0.383053
 398   HIS   -0.0214997   -0.172892
 893   LEU   -0.265734   0
 894   GLU   0.302066   0.682276
 895   GLU   0.0934068   0.596969
 896   GLY   -0.131194   0
 897   HIS   -0.308522   -3.18717
 898   ASP   -0.45739   0.764642
 899   TYR   -0.299606   0.978768
 901   SER   0.174993   0
 903   LYS   0.0889386   -0.501008
 904   GLY   0.134848   0
 907   MET   0.210085   0
 908   VAL   -0.0627762   0
 917   ASP   0.102638   0.263089
 944   ASP   0.0302492   0.19166
 946   TYR   -0.0438164   0.144121
 989   ARG   0.00613964   -0.138313
1019   TYR   0.0280512   0.103843
1032   ARG   -0.10349   -0.381468
1033   VAL   0.109889   0
1034   GLY   0.128587   0
1037   TYR   -0.0109124   0.131239
1059   ARG   0.0574476   -0.136481
1065   VAL   0.131951   0
1066   THR   0.369348   0
1067   GLU   -0.000374507   0.178735
1069   MET   0.0929882   0
1070   GLY   0.0938761   0
1071   ILE   -0.39378   0
1073   GLY   0.127125   0
1075   ALA   -0.174936   0
1077   ARG   -0.338076   -0.396195
1078   VAL   -0.106857   0
1085   TYR   -0.00250254   0.123473
SITE:  ARG-1077
 387   GLN   0.491673   0
 389   ARG   0.0185406   -0.187392
 391   GLU   0.981864   2.916
 392   LYS   0.0157857   -0.231711
 393   GLU   -0.107176   0.205588
 394   TYR   -0.155047   0.496216
 396   ASP   -0.0631088   0.201178
 398   HIS   -0.0421706   -0.255499
 890   TYR   0.10601   0.202051
 892   VAL   0.23803   0
 894   GLU   -0.0465948   1.21486
 895   GLU   0.0681262   0.242955
 897   HIS   -0.0192774   -0.275261
 899   TYR   -0.0360659   0.337946
1037   TYR   -0.0511008   0.173303
1041   TYR   0.0192064   0.104145
1042   HID   -0.0201608   -0.29241
1053   ASP   0.022028   0.105521
1055   LEU   0.093398   0
1056   LYS   0.110366   -0.192069
1057   LYS   0.0579021   -0.140339
1059   ARG   0.402196   -1.3942
1063   SER   0.34168   0
1066   THR   -0.275124   0
1067   GLU   -0.0828574   0.187936
1076   TYR   -0.228574   0.396195
1078   VAL   0.179185   0
1079   PHE   -0.253682   0
1080   PRO   0.225216   0
1081   TYR   -0.0250366   0.325544
1085   TYR   -0.0313183   0.553111
1088   TYR   -0.0268311   0.109016
1089   GLU   -0.0604224   0.505514
1091   TYR   -0.0361716   0.103465
SITE:  TYR-1081
 376   ASN   0.11086   0
 377   PRO   -0.0809632   0
 378   VAL   -0.100078   0
 379   ASP   -0.0796764   0.312831
 387   GLN   0.208742   0
 388   ALA   0.30532   0
 389   ARG   0.151546   -0.591302
 391   GLU   -0.111523   0.724759
 392   LYS   -0.103234   -2.19038
 393   GLU   0.0657881   0.619646
 394   TYR   -0.16611   0.29116
 395   PHE   -0.301588   0
 396   ASP   0.14245   1.75909
 398   HIS   -0.100856   -0.345123
 400   GLY   0.27541   0
 401   PRO   -0.626682   0
 402   PHE   -0.202712   0
 403   PHE   0.373698   0
 404   ARG   0.0246659   -0.665758
 406   GLU   0.0386552   0.407902
 487   TYR   -0.00967326   0.117577
 550   TYR   0.00790291   0.114026
 566   PRO   -0.0984304   0
 567   VAL   0.119111   0
 569   ASN   -0.534032   0
 570   TYR   0.109116   0.211381
 571   TYR   -0.0602368   0.271935
 573   ASP   0.0313736   0.159073
 576   LYS   0.00794876   -0.115855
 584   GLU   0.0290587   0.397823
 606   GLU   0.188992   1.01802
 607   ARG   -0.0392627   -0.203528
 610   GLU   -0.0517601   0.312136
 611   ASP   -0.0699387   0.140571
 612   GLU   -0.0785574   0.151723
 861   ASP   -0.00126061   0.135613
 871   TYR   -0.023632   0.188102
 875   TYR   -0.0383746   0.467666
 884   HIS   -0.0103742   -0.118355
 887   PRO   -0.126894   0
 888   PRO   0.340674   0
 889   VAL   -0.16093   0
 890   TYR   -0.245988   1.38646
 892   VAL   -0.0648301   0
 894   GLU   -0.056617   0.230782
 895   GLU   -0.0290798   0.102428
 899   TYR   0.00252891   0.214097
 930   ASP   0.0175846   0.116583
 934   ARG   -0.0116428   -0.120508
 944   ASP   -0.00613816   0.106497
 945   ASP   -0.0234528   0.110149
1013   LYS   0.00444042   -0.153718
1016   HIS   0.0517122   -0.112566
1019   TYR   0.0389978   0.19185
1037   TYR   0.0234684   0.681604
1039   MET   -0.181302   0
1040   THR   0.21311   0
1041   TYR   -0.0359214   0.537601
1042   HID   -0.0107401   -0.7452
1050   ASP   -0.00614434   0.182884
1053   ASP   -0.0262032   0.154256
1056   LYS   0.0120412   -0.122504
1057   LYS   -0.0285492   -0.12295
1059   ARG   0.183066   -0.606785
1077   ARG   0.0840264   -0.325544
1080   PRO   0.0191499   0
1082   SER   -0.22622   0
1083   VAL   0.306428   0
1085   TYR   -0.307002   1.04357
1086   VAL   -0.31662   0
1088   TYR   -0.0953672   0.480472
1089   GLU   -0.241682   0.426822
1091   TYR   -0.07508   0.313344
1097   ASP   -0.0118684   0.11234
1225   TYR   -0.0165435   0.13191
SITE:  TYR-1085
 379   ASP   -0.029541   0.125498
 389   ARG   0.0930436   -0.28889
 391   GLU   -0.288546   0.759298
 392   LYS   -0.0326866   -0.452793
 393   GLU   -0.0267033   0.212948
 394   TYR   -0.11404   0.21461
 396   ASP   -0.034284   0.362521
 398   HIS   -0.041663   -0.173455
 404   ARG   0.00590202   -0.206569
 406   GLU   0.0103705   0.197821
 487   TYR   -0.00909433   0.121444
 550   TYR   0.0108018   0.172229
 555   TYR   0.00997251   0.112246
 584   GLU   0.0127762   0.162393
 606   GLU   0.074174   0.369946
 610   GLU   -0.026283   0.119964
 857   ASP   -0.0255362   0.104086
 861   ASP   0.00513378   0.16585
 871   TYR   -0.0106333   0.108799
 875   TYR   -0.014367   0.360842
 884   HIS   0.024212   -0.175919
 886   GLY   -0.164333   0
 887   PRO   0.258728   0
 888   PRO   0.362606   0
 889   VAL   -0.557127   0
 890   TYR   0.12824   0.749436
 892   VAL   0.0195821   0
 894   GLU   -0.0343414   0.251769
 897   HIS   -0.0121635   -0.142522
 899   TYR   -0.00550891   0.254551
 923   ILE   0.00128938   0
 930   ASP   0.0127835   0.358584
 932   TYR   0.109302   0.211746
 933   THR   -0.171602   0
 934   ARG   -0.0836765   -0.41231
 935   ILE   -0.127238   0
 936   GLY   -0.152793   0
 939   PRO   0.0452284   0
 944   ASP   -0.00321158   0.157547
 945   ASP   -0.0229992   0.125933
1013   LYS   0.00201831   -0.152451
1019   TYR   0.0282747   0.200716
1037   TYR   -0.130667   0.416729
1038   PHE   0.19263   0
1039   MET   -0.223485   0
1040   THR   0.338522   0
1041   TYR   0.00191188   0.512151
1042   HID   0.000210023   -4.72051
1043   THR   0.25393   0
1045   LEU   -0.071483   0
1048   SER   0.126153   0
1049   ALA   0.197154   0
1050   ASP   0.183629   0.526998
1051   PHE   0.572374   0
1052   ILE   0.419632   0
1053   ASP   -0.00699494   0.635087
1054   ALA   0.423893   0
1055   LEU   0.259631   0
1056   LYS   0.0830714   -0.486927
1057   LYS   -0.36685   -0.622773
1058   ALA   -0.940281   0
1059   ARG   0.146742   -1.3094
1061   ILE   -0.32131   0
1062   ALA   -0.236901   0
1076   TYR   -0.0516086   0.123473
1077   ARG   0.112482   -0.553111
1079   PHE   -0.195852   0
1080   PRO   -0.322022   0
1081   TYR   0.00529814   1.04357
1082   SER   -0.224209   0
1083   VAL   -0.0160302   0
1084   PHE   0.170944   0
1086   VAL   -0.147389   0
1087   PHE   -0.15311   0
1088   TYR   -0.176491   0.607489
1089   GLU   -0.296584   0.684027
1091   TYR   -0.145557   0.40314
1097   ASP   -0.022616   0.133282
1225   TYR   -0.00763962   0.102208
SITE:  TYR-1088
 377   PRO   0.0169755   0
 378   VAL   0.0506807   0
 379   ASP   -0.0838392   0.229412
 381   TRP   -0.453756   0
 389   ARG   0.0410999   -0.289165
 391   GLU   -0.0818871   0.177237
 392   LYS   -0.0447408   -0.315176
 393   GLU   -0.0045425   0.127197
 396   ASP   0.0100486   0.20629
 404   ARG   -0.0273307   -0.27039
 406   GLU   -0.0180508   0.247557
 411   ARG   0.00751699   -0.104195
 550   TYR   0.0149905   0.103747
 584   GLU   0.0314784   0.246843
 606   GLU   0.154357   0.554351
 607   ARG   -0.0127845   -0.179688
 610   GLU   -0.0544173   0.295413
 611   ASP   -0.0651552   0.189447
 612   GLU   -0.143698   0.300147
 615   ARG   -0.0548589   -0.139007
 616   GLU   -0.109181   0.206029
 620   ASP   0.0194158   0.177109
 688   GLU   -0.0719349   0.1446
 758   HIS   -0.0151022   -0.126134
 857   ASP   -0.0935513   0.392453
 859   GLY   -0.594682   0
 860   LEU   1.31639   0
 861   ASP   -0.199153   1.05256
 862   GLN   0.51986   0
 863   SER   -0.224948   0
 865   SER   -0.191804   0
 867   PRO   0.064838   0
 868   ASP   0.00800725   0.125334
 871   TYR   -0.0246041   0.255367
 874   ASP   -0.00304883   0.148691
 875   TYR   -0.0947406   0.569784
 877   LYS   0.0182168   -0.132088
 884   HIS   -0.00068362   -0.138166
 886   GLY   -0.102502   0
 887   PRO   -0.0801017   0
 888   PRO   0.113542   0
 890   TYR   -0.0120122   0.256584
 930   ASP   0.0344131   0.115186
 934   ARG   -0.0528957   -0.260726
1037   TYR   -0.014095   0.128429
1041   TYR   -0.065462   0.245923
1042   HID   -0.0193106   -0.554603
1043   THR   0.156239   0
1045   LEU   0.00430967   0
1048   SER   -0.714034   0
1049   ALA   0.176171   0
1050   ASP   -0.309525   0.622207
1051   PHE   -0.0853333   0
1052   ILE   -0.0514026   0
1053   ASP   -0.126402   0.419915
1054   ALA   -0.151485   0
1056   LYS   -0.0781669   -0.211929
1057   LYS   -0.0577677   -0.169909
1059   ARG   0.02677   -0.296543
1077   ARG   0.0269934   -0.109016
1081   TYR   -0.0169045   0.480472
1083   VAL   -0.0265686   0
1084   PHE   0.168986   0
1085   TYR   0.0741906   0.607489
1086   VAL   -0.0755414   0
1089   GLU   -0.25278   0.452984
1090   GLN   -0.674076   0
1091   TYR   -0.740695   2.34923
1097   ASP   -0.0282812   0.275811
1148   SER   -0.126585   0
1150   ASN   -0.4869   0
1225   TYR   -0.048325   0.433231
1227   ARG   -0.0862762   -0.136776
1229   TYR   -0.0221896   0.206312
SITE:  GLU-1089
 378   VAL   0.100743   0
 379   ASP   -0.00365743   0.195587
 381   TRP   0.225101   0
 382   SER   -0.272746   0
 386   SER   -0.670788   0
 387   GLN   -0.672292   0
 388   ALA   -0.623942   0
 389   ARG   -0.0746427   -0.534775
 391   GLU   -0.364098   0.688031
 392   LYS   -0.120285   -0.324831
 393   GLU   -0.1001   0.212241
 394   TYR   -0.08005   0.119078
 396   ASP   -0.0351941   0.207652
 404   ARG   0.00105955   -0.107578
 606   GLU   0.0351148   0.176527
 753   VAL   0.21445   0
 755   PRO   -0.0421874   0
 758   HIS   -0.0258086   -0.17324
 857   ASP   -0.00533472   0.106605
 861   ASP   -0.0110516   0.133494
 875   TYR   -0.012042   0.12422
 890   TYR   0.0350048   0.17207
 894   GLU   -0.0230692   0.17047
1037   TYR   -0.0204376   0.105167
1041   TYR   -0.00589972   0.107196
1042   HID   -0.0185608   -0.362781
1050   ASP   -0.000244204   0.160945
1052   ILE   0.106464   0
1053   ASP   0.0152529   0.252153
1055   LEU   -0.149769   0
1056   LYS   0.0148964   -0.433574
1057   LYS   -0.00714144   -0.180334
1059   ARG   0.34342   -2.02192
1077   ARG   0.143431   -0.505514
1080   PRO   0.179064   0
1081   TYR   -0.0698003   0.426822
1082   SER   0.0509006   0
1083   VAL   0.101021   0
1084   PHE   0.169786   0
1085   TYR   0.545346   0.684027
1086   VAL   0.264642   0
1088   TYR   -0.0458806   0.452984
1090   GLN   -0.542362   0
1091   TYR   -0.310949   0.61831
1092   LEU   -0.625552   0
1096   ASP   -0.13008   0.244932
1097   ASP   -0.106088   0.556372
1225   TYR   -0.00655272   0.1705
SITE:  TYR-1091
 377   PRO   0.113414   0
 378   VAL   0.0920627   0
 379   ASP   -0.0611184   0.24233
 381   TRP   -0.57593   0
 382   SER   -0.148788   0
 389   ARG   0.0485833   -0.316581
 391   GLU   -0.0826124   0.162116
 392   LYS   -0.0462032   -0.231352
 393   GLU   -0.0142005   0.109869
 396   ASP   0.000171931   0.145271
 404   ARG   -0.0085634   -0.169567
 406   GLU   -0.00843394   0.135241
 584   GLU   0.0184431   0.148393
 606   GLU   0.0828978   0.314616
 607   ARG   -0.00713855   -0.117747
 610   GLU   -0.037914   0.229263
 611   ASP   -0.037416   0.135927
 612   GLU   -0.0854784   0.214135
 615   ARG   -0.0509704   -0.104752
 616   GLU   -0.0975375   0.190235
 620   ASP   0.0236106   0.199063
 688   GLU   -0.0864798   0.177804
 753   VAL   0.115887   0
 755   PRO   -0.0620232   0
 758   HIS   -0.0176502   -0.220053
 857   ASP   -0.0625262   0.564903
 858   ILE   -0.433383   0
 859   GLY   -2.15176   0
 860   LEU   0.00458356   0
 861   ASP   -0.0797982   0.881516
 871   TYR   -0.0175937   0.15628
 875   TYR   -0.0396432   0.27362
 890   TYR   -0.00446318   0.147009
 934   ARG   -0.0253784   -0.161707
1041   TYR   -0.0249368   0.126002
1042   HID   -0.0132008   -0.313817
1050   ASP   -0.121942   0.352118
1052   ILE   -0.101256   0
1053   ASP   -0.0385221   0.360573
1056   LYS   -0.0704472   -0.265074
1057   LYS   -0.0368315   -0.147355
1059   ARG   0.0301497   -0.295612
1077   ARG   0.0262112   -0.103465
1081   TYR   -0.0181988   0.313344
1084   PHE   0.187503   0
1085   TYR   0.15038   0.40314
1086   VAL   0.0736974   0
1087   PHE   0.733374   0
1088   TYR   0.244796   2.34923
1089   GLU   -0.147674   0.61831
1090   GLN   -2.3834   0
1094   ILE   -0.21635   0
1096   ASP   -0.0871012   0.180387
1097   ASP   -0.0857359   0.651176
1148   SER   -0.0622508   0
1149   LEU   0.261182   0
1150   ASN   -2.11798   0
1151   ALA   -0.35867   0
1152   VAL   -0.294607   0
1153   SER   -0.378296   0
1154   LEU   -0.180546   0
1161   CYS   -0.039853   0.203813
1206   LYS   0.0011432   -0.11101
1225   TYR   -0.0397204   0.681395
1227   ARG   -0.149245   -0.173095
1229   TYR   -0.0214526   0.343528
SITE:  ASP-1096
 758   HIS   0.000740066   -0.110476
1056   LYS   -0.00631314   -0.163649
1059   ARG   -0.0167383   -0.117623
1089   GLU   0.0652352   0.244932
1091   TYR   0.023973   0.180387
1093   THR   0.386798   0
1094   ILE   0.157653   0
1095   ILE   0.173079   0
1097   ASP   -0.90081   0.960776
1098   THR   -0.201974   0
1099   ILE   -0.4695   0
1100   PHE   -0.329214   0
1101   ASN   -0.305084   0
1161   CYS   -0.0183317   0.148739
SITE:  ASP-1097
 379   ASP   0.00661756   0.157528
 381   TRP   0.198265   0
 389   ARG   0.0079297   -0.241618
 391   GLU   -0.0542016   0.115345
 392   LYS   -0.0292878   -0.100978
 688   GLU   -0.0424198   0.100121
 742   GLU   0.0302911   0.157505
 749   GLY   0.241974   0
 751   LEU   -0.166172   0
 752   SER   0.195286   0
 753   VAL   -0.0795063   0
 754   MET   -0.0667099   0
 755   PRO   0.0251022   0
 757   VAL   -0.188884   0
 758   HIS   -0.0177105   -0.487685
 857   ASP   0.0581324   0.158054
 861   ASP   -0.00889201   0.147915
1053   ASP   0.00203424   0.106113
1056   LYS   -0.014519   -0.167574
1059   ARG   0.00804987   -0.215079
1081   TYR   -0.0092191   0.11234
1085   TYR   0.0771539   0.133282
1086   VAL   0.108043   0
1088   TYR   0.0398235   0.275811
1089   GLU   0.00999206   0.556372
1090   GLN   0.575894   0
1091   TYR   -0.0201866   0.651176
1093   THR   0.421539   0
1094   ILE   0.557747   0
1095   ILE   0.27048   0
1096   ASP   -0.32401   0.960776
1098   THR   -0.760474   0
1099   ILE   -0.21334   0
1100   PHE   -0.559664   0
1101   ASN   -0.757392   0
1104   VAL   -0.167723   0
1105   SER   -0.203786   0
1128   CYS   0.0249058   0.104605
1152   VAL   0.0583101   0
1154   LEU   -0.281246   0
1155   VAL   -0.0739182   0
1158   VAL   -0.132848   0
1161   CYS   -0.0661548   0.455816
1166   GLU   -0.0115718   0.124963
1168   CYS   -0.00449022   0.100105
1206   LYS   -0.00245897   -0.131363
1225   TYR   0.0259882   0.426102
1229   TYR   0.00810679   0.302141
SITE:  CYS-1119
 323   CYS   0.0823071   0.314675
 324   CYS   0.278888   1.27482
 325   ASP   0.0984709   0.531882
 327   VAL   -0.231392   0
 328   SER   -0.329144   0
 332   GLU   -0.0750025   0.432272
 334   CYS   -0.104911   0.190985
 336   ARG   -0.0610757   -0.121708
 730   GLU   0.0287018   0.130811
 742   GLU   -0.0147704   0.108277
1110   PHE   0.153816   0
1111   LEU   0.207962   0
1112   VAL   0.118892   0
1113   THR   0.118614   0
1114   MET   1.2079   0
1115   VAL   0.380998   0
1118   GLY   -0.0670234   0
1120   GLU   -0.564132   1.04626
1123   SER   -0.172141   0
1128   CYS   -0.0283394   0.237239
1168   CYS   0.00373704   0.190724
1170   HID   0.0245826   -0.143443
1173   ARG   -0.0805153   -0.410438
1186   ARG   -0.0144976   -0.160221
1256   ASN   -0.210142   0
1259   LYS   -0.0508603   -0.66107
SITE:  GLU-1120
 317   ASP   0.0351126   0.13491
 321   ALA   -0.189809   0
 322   SER   -0.0787281   0
 323   CYS   -0.00616032   0.227779
 324   CYS   -0.0499033   0.779597
 325   ASP   0.222464   1.42575
 326   PRO   0.0864873   0
 328   SER   -1.56393   0
 331   PHE   -0.21102   0
 332   GLU   0.0465947   1.35397
 334   CYS   -0.0808548   0.191509
 336   ARG   -0.185227   -0.303547
 337   ARG   -0.0122021   -0.131848
 700   ASP   0.0242615   0.194675
 711   ARG   -0.0175473   -0.184988
 712   ASP   -0.00803502   0.13176
 726   ARG   0.0264765   -0.135422
 730   GLU   0.113053   0.425627
 733   PRO   -0.0224442   0
 742   GLU   -0.0261718   0.19381
 825   TYR   -0.0213882   0.100333
 835   ARG   0.0169603   -0.115718
1110   PHE   0.160002   0
1111   LEU   0.141391   0
1113   THR   0.253526   0
1114   MET   0.400438   0
1115   VAL   0.200006   0
1116   LEU   0.0611796   0
1117   LEU   0.891315   0
1118   GLY   -0.488228   0
1119   CYS   -0.623736   1.04626
1121   LEU   -0.246992   0
1122   TRP   -0.29347   0
1123   SER   -0.894202   0
1124   ALA   -0.199565   0
1128   CYS   -0.0623484   0.386684
1161   CYS   0.0363644   0.129258
1166   GLU   0.0157666   0.193623
1168   CYS   0.037253   0.461424
1169   SER   0.2141   0
1170   HID   0.105249   -0.387622
1172   THR   0.33389   0
1173   ARG   -0.0502491   -1.16194
1176   THR   -0.513038   0
1177   VAL   -0.0379273   0
1178   SER   0.0589976   0
1180   LYS   0.0609992   -0.13343
1183   ARG   0.116332   -0.351873
1185   GLU   -0.033609   0.106869
1186   ARG   -0.117018   -0.800973
1188   GLU   -0.0161712   0.115557
1189   GLU   -0.034603   0.281662
1193   HIS   -0.0123958   -0.235371
1206   LYS   -0.00883267   -0.127122
1239   HID   0.0163914   -0.110015
1252   GLY   -0.186431   0
1253   PRO   -0.330647   0
1254   SER   0.676081   0
1255   VAL   -0.145867   0
1256   ASN   -2.57602   0
1257   LYS   -0.0252347   -0.32174
1258   ALA   -0.278017   0
1259   LYS   -0.30668   -4.09597
1260   SER   -0.137777   0
1261   CYS   -0.0698642   0.25499
1264   GLU   -0.0482954   0.14658
1265   GLU   -0.035714   0.117182
1266   ARG   -0.10237   -0.210904
1267   TYR   -0.0549389   0.295718
1272   ARG   -0.0162238   -0.160189
SITE:  CYS-1128
 324   CYS   0.00505503   0.122772
 325   ASP   0.0231422   0.120572
 332   GLU   0.00411694   0.223939
 700   ASP   0.00162633   0.312143
 730   GLU   0.0421963   0.149499
 733   PRO   0.0696278   0
 738   SER   0.140886   0
 742   GLU   -0.0577238   0.493002
 771   ASP   -0.0223444   0.146923
 825   TYR   -0.0247074   0.149845
1097   ASP   0.0340674   0.104605
1102   LEU   0.177314   0
1103   GLY   0.178705   0
1104   VAL   0.0999813   0
1105   SER   0.325794   0
1106   LEU   0.782202   0
1107   GLY   0.291193   0
1109   ILE   -0.247024   0
1110   PHE   -0.466642   0
1111   LEU   0.14097   0
1112   VAL   -0.253272   0
1113   THR   -0.452819   0
1114   MET   -0.18741   0
1119   CYS   -0.0649022   0.237239
1120   GLU   0.122635   0.386684
1121   LEU   0.378854   0
1122   TRP   0.321632   0
1123   SER   0.453798   0
1124   ALA   1.89096   0
1125   VAL   0.601784   0
1126   ILE   0.0880897   0
1127   MET   -0.428068   0
1129   ALA   -0.392138   0
1130   THR   -0.486847   0
1131   ILE   -0.58897   0
1132   ALA   -0.24823   0
1134   VAL   -0.165577   0
1158   VAL   0.106921   0
1159   MET   0.141835   0
1161   CYS   0.269808   0.894538
1162   GLY   0.105281   0
1165   VAL   -0.129727   0
1166   GLU   -0.0459784   0.446058
1168   CYS   -0.0165643   1.57159
1170   HID   -0.0272238   -0.458937
1172   THR   -0.258259   0
1173   ARG   -0.162432   -0.442017
1183   ARG   0.022659   -0.10448
1186   ARG   -0.0018858   -0.171545
1189   GLU   -0.0154198   0.10015
1193   HIS   -0.00316968   -0.103143
1206   LYS   -0.0126108   -0.326618
1225   TYR   0.0278474   0.110457
1229   TYR   0.0460269   0.185984
1236   GLY   0.0487632   0
1239   HID   -0.0147559   -0.397124
1240   GLY   0.021307   0
1245   PRO   0.00850617   0
1253   PRO   -0.0338011   0
1259   LYS   -0.0108491   -0.290439
SITE:  CYS-1161
 332   GLU   0.00433674   0.117194
 620   ASP   0.0229664   0.121168
 628   TYR   -0.0228784   0.215069
 634   TYR   -0.0348224   0.126345
 670   CYS   -0.029332   0.10976
 688   GLU   -0.0270078   0.158178
 700   ASP   -0.0559192   0.508151
 730   GLU   0.0237434   0.107278
 738   SER   0.157999   0
 739   SER   0.122752   0
 741   SER   0.235157   0
 742   GLU   0.0335597   1.03471
 743   THR   0.0145281   0
 744   VAL   -0.0392244   0
 748   LEU   -0.291327   0
 749   GLY   -0.195603   0
 757   VAL   0.0566152   0
 758   HIS   0.0919328   -0.233184
 761   SER   0.203232   0
 765   GLY   -0.0169884   0
 771   ASP   -0.0784354   0.316392
 825   TYR   -0.0226092   0.157783
 857   ASP   0.046587   0.112129
1091   TYR   0.0088944   0.203813
1096   ASP   0.0663388   0.148739
1097   ASP   0.147917   0.455816
1098   THR   0.335269   0
1099   ILE   0.164849   0
1101   ASN   0.46792   0
1102   LEU   0.434832   0
1103   GLY   0.0991698   0
1104   VAL   -0.119387   0
1105   SER   -1.23789   0
1106   LEU   -0.0248906   0
1107   GLY   -0.000140793   0
1108   ALA   -0.298792   0
1109   ILE   -0.383967   0
1112   VAL   -0.149656   0
1120   GLU   0.0218162   0.129258
1127   MET   0.150768   0
1128   CYS   0.246948   0.894538
1131   ILE   0.130756   0
1132   ALA   0.192854   0
1134   VAL   -0.266807   0
1135   LEU   -0.380662   0
1136   VAL   0.00310972   0
1138   MET   -0.216356   0
1150   ASN   0.208596   0
1152   VAL   0.163619   0
1153   SER   0.295109   0
1154   LEU   0.397398   0
1155   VAL   0.440111   0
1156   ASN   0.141612   0
1157   LEU   1.43188   0
1158   VAL   1.87024   0
1159   MET   0.720088   0
1160   SER   -0.00152387   0
1162   GLY   -0.8458   0
1163   ILE   -0.300742   0
1164   SER   -0.77228   0
1165   VAL   -0.293767   0
1166   GLU   -0.178728   0.842324
1168   CYS   -0.0372152   0.980104
1169   SER   -0.186426   0
1170   HID   -0.0605271   -0.456189
1173   ARG   -0.0862803   -0.241279
1206   LYS   -0.0245077   -0.770601
1225   TYR   0.120594   0.522587
1227   ARG   -0.0427675   -0.115905
1228   MET   0.147554   0
1229   TYR   0.130546   0.808693
1233   VAL   0.0422757   0
1236   GLY   -0.0617287   0
1239   HID   -0.0833372   -0.53668
1240   GLY   -0.0400736   0
1259   LYS   -0.00435445   -0.123926
SITE:  GLU-1166
 332   GLU   0.0228574   0.260048
 336   ARG   -0.0296778   -0.110745
 346   CYS   -0.0379776   0.162774
 620   ASP   0.0371999   0.157361
 628   TYR   -0.030916   0.545813
 634   TYR   -0.177451   0.603782
 641   HIS   -0.022761   -0.199506
 653   LYS   0.0348102   -0.246089
 657   GLY   0.0622677   0
 660   GLY   0.0977113   0
 667   SER   -0.154416   0
 670   CYS   -0.0711368   0.209353
 688   GLU   0.0217649   0.225958
 689   VAL   0.113429   0
 690   ILE   0.189566   0
 691   PRO   0.162766   0
 692   PHE   0.172027   0
 693   LEU   0.400356   0
 694   VAL   0.244272   0
 695   LEU   0.209956   0
 696   ALA   0.488388   0
 697   VAL   0.0558893   0
 698   GLY   0.128811   0
 699   VAL   -0.190044   0
 700   ASP   -1.22591   4.08991
 701   ASN   -0.280084   0
 702   ILE   -0.120809   0
 703   PHE   -0.21052   0
 704   ILE   -0.25641   0
 707   GLN   -0.182633   0
 709   TYR   -0.0600473   0.140008
 711   ARG   -0.0691767   -0.28692
 712   ASP   -0.018549   0.187283
 726   ARG   0.0281491   -0.144775
 730   GLU   0.0586399   0.33991
 731   VAL   0.0944993   0
 733   PRO   0.0840141   0
 734   SER   0.169994   0
 735   MET   0.257393   0
 737   LEU   -0.0497346   0
 738   SER   -0.434906   0
 739   SER   -0.123394   0
 741   SER   -0.45674   0
 742   GLU   0.293956   3.50826
 743   THR   -0.18832   0
 745   ALA   -0.175803   0
 758   HIS   0.0569428   -0.108802
 765   GLY   0.085023   0
 768   VAL   0.0286739   0
 771   ASP   -0.116605   1.03714
 778   CYS   -0.0629576   0.202228
 786   ASP   -0.024427   0.150759
 825   TYR   -0.0655162   0.384766
1097   ASP   0.0283316   0.124963
1120   GLU   0.0266666   0.193623
1128   CYS   0.0538958   0.446058
1131   ILE   0.00919776   0
1134   VAL   -0.11756   0
1155   VAL   0.0944306   0
1157   LEU   0.138655   0
1158   VAL   0.101099   0
1159   MET   0.396398   0
1160   SER   0.354403   0
1161   CYS   0.0621958   0.842324
1162   GLY   0.265935   0
1163   ILE   0.772112   0
1164   SER   0.047668   0
1165   VAL   0.0807656   0
1167   PHE   -0.103744   0
1168   CYS   -0.115572   1.38047
1169   SER   -0.605221   0
1170   HID   -0.32295   -1.98372
1171   ILE   -0.143376   0
1172   THR   -0.195977   0
1173   ARG   -0.155901   -0.538862
1186   ARG   0.00616456   -0.136119
1189   GLU   0.00182553   0.168613
1193   HIS   0.044113   -0.254261
1194   MET   0.138045   0
1195   GLY   0.126364   0
1197   SER   -0.0116487   0
1198   VAL   0.227596   0
1201   GLY   -0.10276   0
1202   ILE   -0.305224   0
1203   THR   0.0741979   0
1205   THR   -0.457159   0
1206   LYS   0.00730605   -6.11396
1209   GLY   -0.177325   0
1225   TYR   0.105371   0.389936
1227   ARG   0.0186535   -0.113882
1229   TYR   0.23694   0.924342
1230   LEU   0.12103   0
1232   MET   0.0890172   0
1233   VAL   0.0788158   0
1236   GLY   -0.101166   0
1239   HID   -0.129785   -0.543223
1240   GLY   -0.148558   0
1245   PRO   -0.0532726   0
1259   LYS   -0.00524486   -0.229291
1266   ARG   -0.027016   -0.113334
1267   TYR   -0.0117536   0.162585
1272   ARG   0.00733902   -0.146076
SITE:  CYS-1168
 324   CYS   0.00370836   0.100099
 325   ASP   0.0260088   0.139516
 332   GLU   0.024519   0.396803
 336   ARG   -0.0655064   -0.128541
 628   TYR   -0.00474298   0.158874
 634   TYR   -0.0448822   0.225745
 641   HIS   -0.0140504   -0.106403
 653   LYS   0.0107344   -0.117447
 697   VAL   0.041465   0
 698   GLY   0.044622   0
 700   ASP   0.0234958   0.914607
 711   ARG   -0.0313329   -0.264974
 712   ASP   -0.0207448   0.151779
 726   ARG   0.0212948   -0.126661
 730   GLU   0.101864   0.366559
 731   VAL   0.105045   0
 733   PRO   0.110672   0
 734   SER   0.249244   0
 735   MET   0.118496   0
 737   LEU   -0.160461   0
 738   SER   0.239442   0
 741   SER   -0.48459   0
 742   GLU   -0.165645   1.0642
 771   ASP   -0.034104   0.319606
 825   TYR   -0.10307   0.506393
 835   ARG   0.0495265   -0.202993
1097   ASP   0.0277138   0.100105
1105   SER   0.163942   0
1106   LEU   0.0874774   0
1109   ILE   0.0620588   0
1113   THR   0.287127   0
1117   LEU   -0.161187   0
1119   CYS   -0.0652421   0.190724
1120   GLU   0.112824   0.461424
1121   LEU   0.169388   0
1122   TRP   0.199265   0
1123   SER   0.582144   0
1124   ALA   0.360022   0
1125   VAL   0.159465   0
1126   ILE   0.0967138   0
1127   MET   1.38673   0
1128   CYS   0.136524   1.57159
1129   ALA   -0.170532   0
1130   THR   -0.642899   0
1131   ILE   -0.247816   0
1134   VAL   -0.312952   0
1137   ASN   -0.178065   0
1157   LEU   0.154836   0
1158   VAL   0.139582   0
1159   MET   0.240326   0
1160   SER   0.318134   0
1161   CYS   0.355644   0.980104
1162   GLY   0.278748   0
1163   ILE   0.235081   0
1164   SER   1.24539   0
1165   VAL   0.445158   0
1166   GLU   -0.0800797   1.38047
1167   PHE   -0.283572   0
1169   SER   -1.01393   0
1170   HID   -0.298272   -1.60207
1171   ILE   -0.527351   0
1172   THR   -0.954859   0
1173   ARG   -0.384504   -0.861843
1175   PHE   -0.194507   0
1176   THR   -0.250418   0
1180   LYS   0.00835157   -0.122103
1183   ARG   0.0545833   -0.156717
1186   ARG   0.00346418   -0.315533
1188   GLU   0.0120144   0.167244
1189   GLU   -0.0391609   0.255726
1193   HIS   -0.0129972   -0.297673
1195   GLY   0.011104   0
1198   VAL   -0.0565726   0
1202   ILE   -0.121087   0
1206   LYS   -0.061404   -0.91176
1225   TYR   0.0527035   0.179574
1229   TYR   0.120106   0.356099
1232   MET   0.142353   0
1233   VAL   0.153848   0
1234   LEU   0.118617   0
1235   LEU   0.159261   0
1236   GLY   0.330176   0
1237   ALA   0.195497   0
1239   HID   -0.136657   -1.01824
1240   GLY   0.0287441   0
1241   LEU   0.0240978   0
1243   PHE   -0.182523   0
1244   LEU   -0.324013   0
1245   PRO   -0.053202   0
1247   LEU   -0.214212   0
1248   LEU   -0.185382   0
1250   TYR   -0.105623   0.174791
1252   GLY   -0.170392   0
1253   PRO   -0.00473263   0
1259   LYS   -0.0146496   -0.44379
1266   ARG   -0.0457446   -0.119554
1267   TYR   -0.023335   0.191068
1272   ARG   0.0126161   -0.150623
SITE:  HID-1170
 325   ASP   0.0329089   0.120838
 332   GLU   0.050473   0.600863
 334   CYS   -0.0113412   0.121667
 336   ARG   -0.100607   -0.243548
 337   ARG   0.0353485   -0.105067
 346   CYS   -0.0625777   0.21191
 628   TYR   0.00738581   0.240553
 634   TYR   -0.0911114   0.466185
 641   HIS   -0.037052   -0.282761
 643   LYS   -0.0151015   -0.11773
 651   ASP   0.0171269   0.104647
 653   LYS   0.0284862   -0.337377
 660   GLY   0.0437692   0
 670   CYS   -0.0382484   0.130037
 693   LEU   0.111534   0
 694   VAL   0.114663   0
 695   LEU   0.132455   0
 696   ALA   0.164427   0
 697   VAL   0.236896   0
 698   GLY   0.193152   0
 699   VAL   0.0788453   0
 700   ASP   0.528755   2.57922
 701   ASN   0.467956   0
 702   ILE   0.0427879   0
 703   PHE   -0.163471   0
 704   ILE   -0.507706   0
 705   LEU   -0.0422891   0
 706   VAL   -0.0918675   0
 707   GLN   -0.334084   0
 708   ALA   -0.161381   0
 709   TYR   -0.0801134   0.231376
 711   ARG   -0.122334   -0.666078
 712   ASP   -0.0460094   0.40617
 713   GLU   0.0053152   0.133427
 718   GLU   -0.0193233   0.102391
 726   ARG   0.053953   -0.316808
 727   VAL   0.116788   0
 728   LEU   0.147133   0
 729   GLY   0.0808709   0
 730   GLU   0.204624   0.886889
 731   VAL   0.326392   0
 732   ALA   0.227272   0
 733   PRO   0.0642255   0
 734   SER   -0.0390957   0
 735   MET   0.144824   0
 737   LEU   -0.380906   0
 738   SER   0.207288   0
 739   SER   -0.231314   0
 741   SER   -0.423582   0
 742   GLU   -0.0510041   1.42702
 743   THR   -0.166785   0
 768   VAL   0.0745316   0
 771   ASP   -0.0227039   0.639434
 775   GLN   0.132356   0
 778   CYS   -0.0526478   0.195758
 786   ASP   -0.0328181   0.187219
 814   GLU   -0.0919532   0.179547
 816   CYS   -0.00888393   0.111555
 822   LYS   -0.0190691   -0.191251
 825   TYR   -0.113832   0.46829
 835   ARG   0.0173197   -0.134623
1119   CYS   -0.0519047   0.143443
1120   GLU   0.0691286   0.387622
1128   CYS   0.0174429   0.458937
1159   MET   0.157527   0
1160   SER   0.152912   0
1161   CYS   0.0889867   0.456189
1162   GLY   0.188584   0
1163   ILE   0.274181   0
1164   SER   0.213394   0
1165   VAL   0.582607   0
1166   GLU   1.22591   1.98372
1167   PHE   0.789774   0
1168   CYS   0.0290838   1.60207
1169   SER   -0.179857   0
1171   ILE   -0.478684   0
1172   THR   -0.338192   0
1173   ARG   -0.435473   -1.24106
1174   ALA   -0.272106   0
1176   THR   -0.222628   0
1177   VAL   0.0113427   0
1180   LYS   -0.00120725   -0.167865
1183   ARG   0.054315   -0.111596
1185   GLU   0.0108627   0.10799
1186   ARG   0.00894212   -0.291403
1188   GLU   0.0332036   0.203857
1189   GLU   0.00543164   0.406298
1190   ALA   0.166768   0
1191   LEU   0.178986   0
1193   HIS   0.0592149   -0.634653
1194   MET   0.233214   0
1195   GLY   0.122632   0
1196   SER   -0.133468   0
1197   SER   -0.435815   0
1198   VAL   -0.150623   0
1201   GLY   -0.306365   0
1202   ILE   -0.25461   0
1205   THR   -0.22592   0
1206   LYS   -0.0751618   -1.15755
1225   TYR   0.0367551   0.155879
1229   TYR   0.0898097   0.331661
1233   VAL   0.0850887   0
1236   GLY   0.0880743   0
1239   HID   -0.0423147   -0.423102
1240   GLY   0.0275653   0
1244   LEU   -0.137828   0
1245   PRO   -0.0784312   0
1250   TYR   -0.041127   0.102028
1253   PRO   0.010218   0
1259   LYS   0.00974781   -0.510399
1266   ARG   -0.0823638   -0.25509
1267   TYR   -0.0287503   0.400122
1272   ARG   0.019376   -0.355658
SITE:  ARG-1173
 324   CYS   0.0517414   0.200218
 325   ASP   0.0900322   0.325662
 328   SER   0.190986   0
 332   GLU   -0.0332809   2.43039
 333   GLY   0.0294102   0
 334   CYS   -0.0989615   0.321019
 335   LEU   -0.261642   0
 336   ARG   -0.414861   -0.596494
 337   ARG   0.0301885   -0.246162
 346   CYS   -0.0573256   0.166447
 634   TYR   -0.0246242   0.146987
 641   HIS   -0.0180447   -0.136013
 653   LYS   0.010013   -0.173256
 700   ASP   0.0902209   0.621952
 709   TYR   -0.021838   0.154531
 711   ARG   -0.0889283   -0.505095
 712   ASP   -0.0291015   0.378876
 713   GLU   0.019365   0.112391
 718   GLU   -0.0120778   0.126373
 725   GLY   0.116342   0
 726   ARG   0.120066   -0.366132
 727   VAL   0.182961   0
 728   LEU   0.218286   0
 729   GLY   0.311107   0
 730   GLU   0.597735   1.3463
 731   VAL   0.385442   0
 733   PRO   -0.26565   0
 734   SER   0.738731   0
 735   MET   -0.108643   0
 736   PHE   -0.326049   0
 737   LEU   -0.555332   0
 741   SER   -0.191953   0
 742   GLU   -0.065751   0.555255
 771   ASP   -0.00953597   0.272592
 778   CYS   -0.0190889   0.110123
 814   GLU   -0.0528967   0.121097
 822   LYS   -0.00830552   -0.147717
 825   TYR   -0.053788   0.201811
 835   ARG   0.0161308   -0.118925
1109   ILE   0.125109   0
1110   PHE   0.151663   0
1111   LEU   0.119355   0
1112   VAL   0.121011   0
1113   THR   0.389627   0
1114   MET   0.161658   0
1115   VAL   0.108369   0
1116   LEU   0.502056   0
1117   LEU   0.0708842   0
1118   GLY   0.0509427   0
1119   CYS   -0.169199   0.410438
1120   GLU   0.0819437   1.16194
1123   SER   -0.224853   0
1128   CYS   -0.0280702   0.442017
1161   CYS   0.0620399   0.241279
1162   GLY   0.084817   0
1165   VAL   0.116908   0
1166   GLU   0.062124   0.538862
1167   PHE   0.131782   0
1168   CYS   0.0878224   0.861843
1169   SER   0.464628   0
1170   HID   0.386518   -1.24106
1171   ILE   0.174356   0
1172   THR   0.205436   0
1174   ALA   -0.278489   0
1175   PHE   -0.280736   0
1176   THR   -0.66474   0
1177   VAL   -0.080494   0
1178   SER   8.8267e-05   0
1180   LYS   0.00751287   -0.187311
1183   ARG   0.0520458   -0.172994
1185   GLU   -0.00891201   0.124712
1186   ARG   -0.0844522   -0.484744
1188   GLU   -0.00307238   0.182654
1189   GLU   -0.0487804   0.490979
1193   HIS   -0.000877842   -0.578228
1194   MET   -0.178881   0
1195   GLY   -0.0095334   0
1197   SER   -0.171797   0
1206   LYS   -0.0197581   -0.343279
1229   TYR   0.0296563   0.126374
1239   HID   0.0133275   -0.189654
1240   GLY   0.0562957   0
1245   PRO   0.00545333   0
1252   GLY   -0.149405   0
1253   PRO   -0.0371036   0
1254   SER   0.218866   0
1256   ASN   -0.236472   0
1257   LYS   0.0194139   -0.121384
1259   LYS   0.0114378   -1.96627
1261   CYS   -0.0200162   0.166587
1264   GLU   -0.0357441   0.148672
1265   GLU   -0.0366947   0.122473
1266   ARG   -0.145663   -0.497133
1267   TYR   -0.0817068   0.657136
1272   ARG   -0.0485328   -0.400971
SITE:  LYS-1180
 294   ARG   0.010971   -0.15168
 332   GLU   0.0180246   0.175148
 711   ARG   0.0495933   -0.361894
 712   ASP   -0.0230896   0.155535
 726   ARG   0.0077927   -0.135431
 730   GLU   0.0400485   0.283428
 814   GLU   -0.00793542   0.202904
 822   LYS   0.0809514   -0.450551
 825   TYR   -0.0404896   0.148782
 827   PRO   -0.00790839   0
 831   LYS   -0.00323577   -0.108238
 832   ASP   0.0185605   0.178157
 835   ARG   -0.0403591   -0.213674
1120   GLU   0.0189257   0.13343
1168   CYS   0.0216229   0.122103
1170   HID   0.0328333   -0.167865
1173   ARG   0.0387431   -0.187311
1181   GLY   -0.347715   0
1182   SER   0.417804   0
1183   ARG   0.122721   -0.202581
1184   VAL   0.0950649   0
1185   GLU   -0.535593   1.60234
1186   ARG   0.156838   -0.622513
1188   GLU   -0.538025   2.00149
1189   GLU   -0.308422   1.45558
1192   ALA   -0.173312   0
1193   HIS   -0.157522   -0.67219
1250   TYR   0.0135645   0.118104
1257   LYS   0.0117469   -0.102178
1259   LYS   -0.00138677   -0.172659
1261   CYS   0.00247741   0.112918
1264   GLU   -0.0313306   0.169855
1266   ARG   -0.079196   -0.104067
1267   TYR   -0.0488638   0.300995
1272   ARG   0.0790467   -0.281708
1273   GLU   0.0155844   0.101136
1278   PHE   0.031259   0.57316
SITE:  ARG-1183
 294   ARG   -0.0045994   -0.190528
 317   ASP   0.0711386   0.336955
 324   CYS   -0.0374518   0.115107
 325   ASP   0.0440631   0.300274
 332   GLU   0.0114712   0.152324
 730   GLU   0.0240986   0.1113
 832   ASP   0.0326866   0.160429
 835   ARG   0.0670513   -0.425298
1120   GLU   -0.0113166   0.351873
1122   TRP   -0.330475   0
1128   CYS   -0.0164217   0.10448
1168   CYS   0.0185183   0.156717
1170   HID   0.0184368   -0.111596
1173   ARG   0.0289726   -0.172994
1180   LYS   0.149049   -0.202581
1181   GLY   0.161969   0
1182   SER   0.214836   0
1185   GLU   -0.23261   0.309
1186   ARG   0.218816   -1.37978
1188   GLU   -0.0655117   0.189701
1189   GLU   -0.0538047   0.219191
1193   HIS   -0.019642   -0.115302
1245   PRO   0.111465   0
1247   LEU   0.13236   0
1248   LEU   0.2929   0
1249   SER   0.0826306   0
1250   TYR   0.353047   0.26057
1252   GLY   0.986688   0
1253   PRO   0.460852   0
1254   SER   0.0329533   0
1255   VAL   -0.0012558   0
1257   LYS   -0.0429228   -0.320807
1259   LYS   -0.0447656   -0.26298
1261   CYS   -0.0181431   0.111789
SITE:  GLU-1185
 294   ARG   0.0535302   -0.366582
 317   ASP   -0.00643691   0.109774
 332   GLU   0.0117732   0.110059
 711   ARG   0.0263232   -0.166918
 730   GLU   0.0232206   0.153591
 822   LYS   0.0468804   -0.182267
 825   TYR   -0.00161719   0.115811
 827   PRO   0.0330366   0
 831   LYS   -0.0108367   -0.132066
 832   ASP   0.042473   0.324856
 835   ARG   -0.0652023   -0.344873
1120   GLU   0.0126902   0.106869
1170   HID   0.0180938   -0.10799
1173   ARG   0.0274867   -0.124712
1180   LYS   -0.368828   -1.60234
1181   GLY   -0.40814   0
1182   SER   -0.0367265   0
1183   ARG   0.0698424   -0.309
1184   VAL   0.0450784   0
1186   ARG   -0.214032   -0.721152
1187   ALA   -0.206232   0
1188   GLU   -0.176863   1.15961
1189   GLU   -0.173127   0.650192
1193   HIS   -0.0651622   -0.284138
1245   PRO   0.0581296   0
1250   TYR   0.0454015   0.184578
1253   PRO   0.0914598   0
1257   LYS   0.00258981   -0.103325
1259   LYS   -0.00489768   -0.122752
1264   GLU   -0.0142461   0.120458
1267   TYR   -0.0266113   0.153331
1272   ARG   0.0355806   -0.133899
1278   PHE   0.0206921   0.432754
SITE:  ARG-1186
 294   ARG   0.00473106   -0.167996
 317   ASP   0.0504335   0.321362
 324   CYS   -0.0431507   0.163601
 325   ASP   0.0686618   0.474922
 332   GLU   0.0577572   0.464717
 336   ARG   -0.107738   -0.16254
 700   ASP   0.0191743   0.1379
 711   ARG   0.00679137   -0.245391
 712   ASP   -0.0140963   0.132816
 726   ARG   0.0119404   -0.127473
 730   GLU   0.0815923   0.368874
 742   GLU   -0.0107046   0.111043
 822   LYS   0.0198204   -0.137271
 825   TYR   -0.0322423   0.16718
 832   ASP   0.026028   0.165898
 835   ARG   0.0364779   -0.388527
1119   CYS   -0.0730916   0.160221
1120   GLU   0.0615007   0.800973
1122   TRP   -0.20991   0
1123   SER   -0.130697   0
1128   CYS   -0.0258122   0.171545
1166   GLU   0.0171752   0.136119
1168   CYS   0.052859   0.315533
1170   HID   0.0762772   -0.291403
1171   ILE   0.16286   0
1172   THR   0.354891   0
1173   ARG   0.142716   -0.484744
1175   PHE   1.0411   0
1176   THR   0.61573   0
1177   VAL   -0.140852   0
1178   SER   0.308448   0
1180   LYS   0.41287   -0.622513
1181   GLY   0.300986   0
1182   SER   0.625458   0
1183   ARG   -0.0273903   -1.37978
1184   VAL   0.192893   0
1185   GLU   -0.590844   0.721152
1187   ALA   -0.207492   0
1188   GLU   -0.20401   0.503407
1189   GLU   -0.201549   0.824941
1190   ALA   -0.218588   0
1193   HIS   -0.0632541   -0.387856
1239   HID   0.0369832   -0.117122
1245   PRO   0.136065   0
1248   LEU   0.235853   0
1249   SER   -0.0326652   0
1250   TYR   0.0664912   0.221872
1252   GLY   -0.244915   0
1253   PRO   2.18689   0
1255   VAL   -0.362748   0
1257   LYS   -0.00657285   -0.42936
1259   LYS   -0.12113   -0.716015
1260   SER   -0.174009   0
1261   CYS   -0.0355945   0.254198
1264   GLU   -0.0481454   0.218309
1266   ARG   -0.105705   -0.143233
1267   TYR   -0.0693228   0.308112
1272   ARG   0.0167606   -0.199347
1278   PHE   0.00828822   0.200589
SITE:  GLU-1188
 294   ARG   -0.000838886   -0.208419
 332   GLU   0.0165715   0.140463
 700   ASP   0.0175378   0.105812
 711   ARG   0.0491377   -0.354675
 712   ASP   -0.0175558   0.130874
 726   ARG   0.0131304   -0.105981
 730   GLU   0.0343258   0.233957
 814   GLU   -0.00750958   0.219055
 819   ARG   0.103661   -0.11075
 822   LYS   0.249741   -0.477951
 823   ASN   0.184221   0
 825   TYR   -0.0585451   0.282153
 826   SER   -0.0977497   0
 827   PRO   0.00785896   0
 830   LEU   -0.112579   0
 831   LYS   -0.00215643   -0.231799
 832   ASP   0.0172521   0.335039
 835   ARG   -0.0952523   -0.36942
1120   GLU   0.0151791   0.115557
1168   CYS   0.0253496   0.167244
1170   HID   0.0155498   -0.203857
1173   ARG   0.0193452   -0.182654
1180   LYS   -0.0182842   -2.00149
1182   SER   0.326212   0
1183   ARG   0.107143   -0.189701
1184   VAL   0.414343   0
1185   GLU   0.0670938   1.15961
1186   ARG   0.164658   -0.503407
1189   GLU   -0.93491   1.03019
1190   ALA   -0.160516   0
1191   LEU   -0.34611   0
1192   ALA   -0.321538   0
1193   HIS   -0.181067   -0.600548
1245   PRO   0.0514735   0
1250   TYR   0.0150261   0.213677
1259   LYS   -0.0022975   -0.140105
1267   TYR   -0.0218382   0.202592
1272   ARG   0.0431241   -0.20623
1278   PHE   0.0101313   0.256206
SITE:  GLU-1189
 325   ASP   0.023155   0.135064
 332   GLU   0.051593   0.454153
 336   ARG   -0.133857   -0.239055
 641   HIS   -0.0185941   -0.13588
 653   LYS   0.00425579   -0.121793
 700   ASP   0.040285   0.201529
 709   TYR   0.00904787   0.123921
 711   ARG   0.0965742   -0.821484
 712   ASP   -0.0521012   0.382531
 713   GLU   0.00611625   0.159832
 718   GLU   -0.00982415   0.107028
 726   ARG   0.0165593   -0.342021
 730   GLU   0.114228   0.815638
 742   GLU   -0.00837634   0.130836
 814   GLU   -0.042046   0.290804
 822   LYS   0.0153392   -0.526675
 825   TYR   -0.0774054   0.223816
 827   PRO   -0.00209372   0
 832   ASP   0.0165188   0.116726
 835   ARG   -0.00992801   -0.194854
1120   GLU   0.0388996   0.281662
1128   CYS   -0.00249463   0.10015
1166   GLU   0.0292902   0.168613
1168   CYS   0.051132   0.255726
1170   HID   0.109792   -0.406298
1171   ILE   0.169093   0
1173   ARG   0.101157   -0.490979
1174   ALA   0.30849   0
1175   PHE   0.182718   0
1177   VAL   0.166127   0
1178   SER   -0.102007   0
1179   MET   -0.476332   0
1180   LYS   -0.390667   -1.45558
1182   SER   0.380879   0
1183   ARG   0.18039   -0.219191
1184   VAL   0.210308   0
1185   GLU   0.354413   0.650192
1186   ARG   0.189431   -0.824941
1188   GLU   -0.405346   1.03019
1190   ALA   -0.383992   0
1192   ALA   -0.263796   0
1193   HIS   -0.297413   -1.69246
1194   MET   -0.211372   0
1195   GLY   -0.114974   0
1206   LYS   -0.0116724   -0.121258
1245   PRO   0.011362   0
1250   TYR   -0.00274546   0.115352
1253   PRO   0.0872759   0
1257   LYS   0.0282004   -0.129723
1259   LYS   0.0150802   -0.395119
1261   CYS   0.0108671   0.183227
1264   GLU   -0.05564   0.272387
1266   ARG   -0.206604   -0.268834
1267   TYR   -0.130195   0.814751
1271   GLU   -0.0048423   0.130527
1272   ARG   0.127048   -0.673827
1273   GLU   0.0163201   0.174459
1278   PHE   0.0178116   0.474105
SITE:  HIS-1193
 332   GLU   0.0673862   0.482886
 336   ARG   -0.14133   -0.270008
 634   TYR   -0.0108407   0.175881
 641   HIS   -0.0474662   -0.270137
 643   LYS   -0.00610911   -0.150863
 653   LYS   0.00628996   -0.235969
 700   ASP   0.0746022   0.331418
 704   ILE   0.0998516   0
 709   TYR   0.0241554   0.233421
 711   ARG   0.381987   -2.7811
 712   ASP   -0.105562   0.70709
 713   GLU   -0.00159984   0.283129
 714   ARG   -0.0256722   -0.126047
 718   GLU   -0.018601   0.158778
 726   ARG   0.0647932   -0.546994
 727   VAL   0.0532809   0
 730   GLU   0.169123   1.17389
 731   VAL   0.000110554   0
 733   PRO   -0.0750361   0
 742   GLU   -0.0119392   0.19238
 771   ASP   0.0064741   0.119979
 786   ASP   -0.00795061   0.108489
 814   GLU   -0.136551   0.528931
 816   CYS   0.0110707   0.126026
 819   ARG   0.0669457   -0.146471
 822   LYS   -0.0622301   -0.835452
 825   TYR   -0.120602   0.265363
 827   PRO   -0.00880964   0
 835   ARG   -0.00251792   -0.123931
1120   GLU   0.0318874   0.235371
1128   CYS   -0.00020226   0.103143
1166   GLU   0.049474   0.254261
1168   CYS   0.0497602   0.297673
1170   HID   0.104678   -0.634653
1171   ILE   0.131652   0
1173   ARG   0.0539646   -0.578228
1177   VAL   0.179497   0
1179   MET   -0.184965   0
1180   LYS   -0.060202   -0.67219
1183   ARG   0.0698245   -0.115302
1185   GLU   0.0819458   0.284138
1186   ARG   0.100152   -0.387856
1187   ALA   0.156092   0
1188   GLU   0.0578458   0.600548
1189   GLU   0.29858   1.69246
1190   ALA   0.336574   0
1191   LEU   0.115941   0
1194   MET   -0.480469   0
1195   GLY   -0.187961   0
1196   SER   -0.338931   0
1197   SER   -0.269912   0
1206   LYS   -0.0181944   -0.183539
1239   HID   0.0167083   -0.111369
1245   PRO   -0.0244485   0
1259   LYS   0.0187071   -0.359334
1261   CYS   0.0137567   0.12226
1264   GLU   -0.034359   0.179003
1266   ARG   -0.200123   -0.333072
1267   TYR   -0.0845508   0.913271
1271   GLU   -0.0182788   0.163669
1272   ARG   0.295125   -1.10029
1273   GLU   -0.000721216   0.140191
1278   PHE   0.00181276   0.274224
SITE:  LYS-1206
 332   GLU   0.012141   0.168901
 346   CYS   -0.0285284   0.121756
 620   ASP   0.0445621   0.21509
 628   TYR   -0.0383262   0.66132
 634   TYR   -0.195821   0.717945
 641   HIS   -0.0228019   -0.177026
 653   LYS   0.0294956   -0.209055
 657   GLY   0.0600646   0
 660   GLY   0.0857656   0
 670   CYS   -0.0643188   0.189475
 688   GLU   0.0351088   0.301828
 689   VAL   0.170865   0
 690   ILE   0.23692   0
 691   PRO   0.184856   0
 692   PHE   0.24514   0
 693   LEU   0.46806   0
 694   VAL   0.198602   0
 695   LEU   0.0807095   0
 696   ALA   0.276248   0
 697   VAL   0.121056   0
 698   GLY   -0.00362996   0
 699   VAL   -0.2601   0
 700   ASP   -0.986516   2.49522
 701   ASN   -0.214995   0
 703   PHE   -0.179257   0
 704   ILE   -0.173997   0
 709   TYR   -0.0467271   0.109524
 711   ARG   -0.0513499   -0.208304
 712   ASP   -0.017069   0.136198
 726   ARG   0.0160214   -0.103602
 730   GLU   0.03918   0.229937
 733   PRO   0.052088   0
 734   SER   0.088542   0
 735   MET   0.160809   0
 738   SER   -0.15533   0
 739   SER   -0.0647004   0
 741   SER   -0.233034   0
 742   GLU   0.189796   2.16287
 743   THR   -0.108948   0
 758   HIS   0.058237   -0.11373
 765   GLY   0.0571649   0
 768   VAL   -0.016374   0
 771   ASP   -0.109222   0.874393
 778   CYS   -0.0535148   0.165469
 786   ASP   -0.0198415   0.129348
 825   TYR   -0.0470012   0.354411
1091   TYR   0.00356953   0.11101
1097   ASP   0.0283436   0.131363
1120   GLU   0.0222672   0.127122
1128   CYS   0.0593236   0.326618
1131   ILE   0.0372089   0
1134   VAL   -0.0938667   0
1155   VAL   0.100616   0
1156   ASN   0.022949   0
1157   LEU   0.144816   0
1158   VAL   0.0760621   0
1159   MET   0.379793   0
1160   SER   0.38107   0
1161   CYS   -0.00345003   0.770601
1162   GLY   0.0147208   0
1163   ILE   0.377591   0
1164   SER   -0.0643346   0
1165   VAL   -0.0670766   0
1166   GLU   1.59209   6.11396
1168   CYS   -0.0644528   0.91176
1169   SER   -0.303417   0
1170   HID   -0.174694   -1.15755
1173   ARG   -0.0908542   -0.343279
1189   GLU   -0.00100313   0.121258
1193   HIS   0.0369612   -0.183539
1195   GLY   0.101065   0
1197   SER   0.0824344   0
1198   VAL   0.290759   0
1199   PHE   0.174132   0
1200   SER   0.104565   0
1201   GLY   0.0874257   0
1202   ILE   0.2525   0
1203   THR   0.240118   0
1204   LEU   0.0611411   0
1205   THR   -0.466081   0
1207   PHE   -0.211156   0
1208   GLY   -0.167146   0
1209   GLY   -0.349196   0
1210   ILE   -0.180815   0
1225   TYR   0.154611   0.507598
1226   PHE   0.139365   0
1227   ARG   0.0388413   -0.167761
1228   MET   0.118282   0
1229   TYR   0.384586   1.29942
1230   LEU   0.189187   0
1232   MET   -0.0203078   0
1233   VAL   -0.0636803   0
1236   GLY   -0.259712   0
1239   HID   -0.15098   -0.531473
1240   GLY   -0.132968   0
1245   PRO   -0.0449834   0
1259   LYS   -0.00135545   -0.150395
1267   TYR   -0.00731921   0.113018
1272   ARG   0.0081748   -0.105923
SITE:  LYS-1217
 592   LYS   -0.00171548   -0.122502
 611   ASP   0.0312491   0.153656
 612   GLU   0.131284   0.348489
 615   ARG   -0.181207   -0.518339
 616   GLU   0.389204   1.20841
 618   ASP   -0.0997313   0.231209
 619   SER   0.204252   0
 620   ASP   -0.13104   0.736971
 623   THR   -0.205518   0
 688   GLU   -0.0374673   0.304712
 867   PRO   -0.236458   0
 868   ASP   -0.338532   0.424049
 869   ASP   0.00642986   0.834391
 871   TYR   -0.0161934   0.152146
1218   SER   -0.421283   0
1225   TYR   -0.0606169   0.174018
1227   ARG   0.0101124   -0.151223
1229   TYR   -0.0372873   0.141554
SITE:  TYR-1225
 374   THR   0.174571   0
 377   PRO   0.097041   0
 379   ASP   -0.050411   0.252443
 380   LEU   0.0921915   0
 389   ARG   0.0270718   -0.198631
 392   LYS   -0.0172945   -0.119412
 404   ARG   -0.000690869   -0.110747
 606   GLU   0.0399058   0.169553
 607   ARG   -0.00268057   -0.106146
 610   GLU   -0.0111968   0.252809
 611   ASP   0.0011873   0.156715
 612   GLU   -0.0267856   0.248626
 615   ARG   -0.0765054   -0.153986
 616   GLU   -0.114511   0.397821
 618   ASP   -0.0107884   0.256117
 620   ASP   0.124606   0.769901
 628   TYR   -0.0625043   0.471324
 634   TYR   -0.037161   0.110113
 670   CYS   -0.0337918   0.156698
 681   PRO   0.126299   0
 685   ILE   -0.0260808   0
 686   VAL   0.0615293   0
 688   GLU   -0.454779   0.870741
 689   VAL   -0.448854   0
 690   ILE   0.0384637   0
 691   PRO   -0.0303296   0
 692   PHE   -0.191683   0
 693   LEU   -0.207544   0
 700   ASP   -0.0701692   0.271936
 742   GLU   0.0680511   0.410919
 749   GLY   0.0189421   0
 754   MET   0.0062048   0
 755   PRO   0.0496365   0
 756   ALA   0.13954   0
 757   VAL   0.0891124   0
 758   HIS   0.094175   -0.400616
 759   THR   -0.19806   0
 760   PHE   0.010854   0
 764   ALA   -0.17113   0
 771   ASP   -0.0707552   0.286891
 857   ASP   0.0241693   0.20201
 861   ASP   -0.0525121   0.355334
 868   ASP   -0.0379159   0.120342
 869   ASP   -0.0124448   0.100975
 871   TYR   -0.0136925   0.129859
 875   TYR   -0.0259804   0.126471
1081   TYR   -0.00380377   0.13191
1085   TYR   0.0288666   0.102208
1088   TYR   0.0453191   0.433231
1089   GLU   -0.0481982   0.1705
1091   TYR   -8.31442e-05   0.681395
1097   ASP   0.0539446   0.426102
1101   ASN   0.160781   0
1128   CYS   0.02452   0.110457
1148   SER   0.17895   0
1150   ASN   0.194489   0
1152   VAL   0.17572   0
1153   SER   0.234609   0
1155   VAL   -0.366352   0
1156   ASN   -0.149778   0
1158   VAL   -0.141197   0
1159   MET   -0.414859   0
1161   CYS   -0.0983072   0.522587
1166   GLU   0.00196482   0.389936
1168   CYS   -0.0123084   0.179574
1170   HID   -0.0214678   -0.155879
1206   LYS   0.026478   -0.507598
1216   ALA   -0.208106   0
1217   LYS   -0.0928133   -0.174018
1220   ILE   0.042066   0
1223   ILE   -0.159373   0
1224   PHE   -0.305064   0
1227   ARG   -0.233836   -0.319308
1228   MET   -0.320246   0
1229   TYR   -0.250028   2.57999
1239   HID   -0.0266527   -0.153636
SITE:  ARG-1227
 616   GLU   -0.0116279   0.168944
 620   ASP   0.0199964   0.219456
 688   GLU   -0.0310346   0.16407
 857   ASP   -0.0183131   0.230053
 861   ASP   0.00582387   0.390707
 868   ASP   -0.0485596   0.260905
1088   TYR   -0.00177778   0.136776
1091   TYR   -0.00474051   0.173095
1145   TRP   0.481718   0
1146   GLY   0.131496   0
1161   CYS   -0.01835   0.115905
1166   GLU   0.000663951   0.113882
1206   LYS   0.0221205   -0.167761
1217   LYS   0.00159053   -0.151223
1219   GLN   0.0318817   0
1220   ILE   0.199424   0
1221   PHE   0.175147   0
1222   GLN   0.45852   0
1223   ILE   0.115384   0
1224   PHE   0.150232   0
1225   TYR   0.026257   0.319308
1228   MET   -0.26482   0
1229   TYR   -0.146488   0.371742
1230   LEU   -0.207936   0
SITE:  TYR-1229
 379   ASP   -0.0139693   0.12177
 610   GLU   -0.00287224   0.117629
 612   GLU   -0.00327871   0.13051
 616   GLU   -0.0205714   0.249776
 618   ASP   -0.00926967   0.169318
 620   ASP   0.154516   0.639899
 624   VAL   -0.00734942   0
 628   TYR   -0.132959   0.798234
 634   TYR   -0.0856976   0.248677
 670   CYS   -0.0644373   0.202303
 685   ILE   0.176328   0
 686   VAL   0.239599   0
 688   GLU   -0.124287   0.828362
 689   VAL   0.531442   0
 690   ILE   0.408082   0
 691   PRO   0.0424694   0
 692   PHE   -0.330167   0
 693   LEU   -0.408893   0
 694   VAL   -0.0983491   0
 695   LEU   -0.171502   0
 696   ALA   -0.279225   0
 697   VAL   -0.130662   0
 698   GLY   -0.0936664   0
 700   ASP   -0.16833   0.612038
 742   GLU   0.0955123   0.853702
 749   GLY   -0.0627192   0
 755   PRO   0.0506832   0
 757   VAL   0.102664   0
 758   HIS   0.103057   -0.263895
 761   SER   0.149415   0
 764   ALA   -0.160617   0
 765   GLY   -0.0147302   0
 768   VAL   -0.0939955   0
 771   ASP   -0.118344   0.53638
 825   TYR   -0.0141494   0.129552
 857   ASP   0.0251792   0.149731
 861   ASP   -0.0169978   0.211034
1088   TYR   0.0183956   0.206312
1091   TYR   0.00642121   0.343528
1097   ASP   0.0440942   0.302141
1101   ASN   0.178917   0
1128   CYS   0.0362574   0.185984
1138   MET   -0.0892003   0
1142   MET   -0.125635   0
1148   SER   0.162349   0
1150   ASN   0.234304   0
1152   VAL   0.340412   0
1153   SER   0.360194   0
1154   LEU   0.121514   0
1155   VAL   -0.042028   0
1156   ASN   -0.816158   0
1157   LEU   0.085153   0
1158   VAL   -0.0674366   0
1159   MET   -1.00375   0
1161   CYS   -0.128885   0.808693
1162   GLY   -0.186064   0
1163   ILE   -0.203005   0
1164   SER   -0.160109   0
1166   GLU   0.0283438   0.924342
1168   CYS   -0.022712   0.356099
1170   HID   -0.0481488   -0.331661
1173   ARG   -0.0340425   -0.126374
1202   ILE   0.123235   0
1203   THR   0.0824978   0
1206   LYS   0.0371794   -1.29942
1209   GLY   -0.130446   0
1210   ILE   -0.0084712   0
1213   LEU   -0.170758   0
1216   ALA   -0.175871   0
1217   LYS   -0.0789864   -0.141554
1220   ILE   0.141706   0
1221   PHE   0.211242   0
1225   TYR   -0.324862   2.57999
1226   PHE   0.174155   0
1227   ARG   -0.177929   -0.371742
1228   MET   -0.23226   0
1231   ALA   -0.197278   0
1233   VAL   -0.14928   0
1236   GLY   -0.131514   0
1239   HID   -0.0575349   -0.289592
SITE:  HID-1239
 276   TYR   -0.0378665   0.313095
 634   TYR   -0.0258596   0.146703
 700   ASP   -0.0272424   0.346221
 730   GLU   0.024678   0.106436
 742   GLU   -0.0236792   0.365629
 771   ASP   -0.0194901   0.128323
 825   TYR   -0.0393448   0.632635
 835   ARG   0.095763   -0.200601
 838   VAL   0.196835   0
 839   ILE   0.17525   0
 842   PHE   0.389687   0
 843   VAL   0.0847164   0
 845   VAL   -0.277988   0
 846   LEU   -0.122702   0
 849   SER   -0.298796   0
1120   GLU   0.0244107   0.110015
1126   ILE   0.142264   0
1127   MET   0.223543   0
1128   CYS   0.123056   0.397124
1130   THR   0.487036   0
1131   ILE   0.25367   0
1133   MET   -0.0873121   0
1134   VAL   0.0769481   0
1135   LEU   0.0344112   0
1136   VAL   -0.162454   0
1137   ASN   -1.48366   0
1140   GLY   -0.159564   0
1160   SER   0.148724   0
1161   CYS   -0.00171489   0.53668
1162   GLY   0.0143652   0
1164   SER   0.138975   0
1165   VAL   0.032879   0
1166   GLU   -0.0869777   0.543223
1167   PHE   -0.185056   0
1168   CYS   -0.142021   1.01824
1170   HID   -0.103761   -0.423102
1173   ARG   -0.0589923   -0.189654
1186   ARG   -0.00269625   -0.117122
1193   HIS   -0.00594691   -0.111369
1206   LYS   -0.0532959   -0.531473
1225   TYR   0.0660225   0.153636
1228   MET   0.132916   0
1229   TYR   0.135305   0.289592
1230   LEU   0.123273   0
1231   ALA   0.262936   0
1232   MET   0.179091   0
1233   VAL   0.232728   0
1234   LEU   0.34312   0
1235   LEU   1.99859   0
1236   GLY   0.506996   0
1238   THR   0.655818   0
1240   GLY   -0.424078   0
1241   LEU   -0.146834   0
1242   ILE   -0.397192   0
1243   PHE   -0.422602   0
1244   LEU   -0.224992   0
1245   PRO   -0.0956758   0
1246   VAL   -0.154195   0
1247   LEU   -0.189866   0
1250   TYR   -0.12301   0.2201
1259   LYS   -0.00382848   -0.105439
SITE:  TYR-1250
 276   TYR   -0.00703896   0.253302
 283   PHE   -0.0639542   0
 290   VAL   -0.17711   0
 292   CYS   -0.0144507   0.146316
 294   ARG   -0.27457   -0.382983
 825   TYR   0.0428024   0.234886
 829   LEU   0.271744   0
 830   LEU   0.136847   0
 831   LYS   0.452314   -0.233756
 832   ASP   0.574019   1.02429
 833   TRP   0.195959   0
 835   ARG   -0.68022   -2.56913
 836   PRO   0.0779158   0
 838   VAL   -0.316033   0
 839   ILE   -0.531361   0
 840   ALA   -0.154524   0
1168   CYS   0.00630439   0.174791
1170   HID   -0.00847979   -0.102028
1180   LYS   0.00579879   -0.118104
1183   ARG   -0.213706   -0.26057
1185   GLU   -0.0131009   0.184578
1186   ARG   -0.0279363   -0.221872
1188   GLU   -0.049355   0.213677
1189   GLU   -0.0343108   0.115352
1239   HID   0.0699519   -0.2201
1242   ILE   0.137793   0
1243   PHE   0.19986   0
1244   LEU   0.113553   0
1245   PRO   0.0903782   0
1246   VAL   0.269554   0
1247   LEU   0.14227   0
1253   PRO   0.0727544   0
SITE:  LYS-1257
 313   VAL   0.166516   0
 314   ASN   0.150582   0
 317   ASP   1.37972   1.23283
 318   LYS   -0.219586   -0.264256
 319   GLY   1.01736   0
 320   GLU   0.161261   0.359106
 321   ALA   -0.147825   0
 323   CYS   -0.0181197   0.106595
 324   CYS   -0.0664682   0.149007
 325   ASP   0.0402289   0.687946
 332   GLU   -0.00678617   0.170484
1120   GLU   0.0143084   0.32174
1173   ARG   0.0236315   -0.121384
1180   LYS   0.106275   -0.102178
1181   GLY   0.110522   0
1183   ARG   0.0951054   -0.320807
1185   GLU   -0.0397231   0.103325
1186   ARG   -0.00203898   -0.42936
1189   GLU   -0.00166885   0.129723
1254   SER   -0.257884   0
1255   VAL   0.291484   0
1256   ASN   0.266308   0
1258   ALA   -0.23225   0
1259   LYS   -0.0657182   -0.307912
1260   SER   -0.21042   0
1261   CYS   -0.113327   0.586373
1264   GLU   -0.0129091   0.2552
1265   GLU   -0.0449549   0.123706
1267   TYR   -0.0319969   0.102153
SITE:  LYS-1259
 317   ASP   0.0258794   0.116322
 323   CYS   0.0233382   0.156306
 324   CYS   0.0893405   0.438891
 325   ASP   0.260792   0.916166
 326   PRO   0.143687   0
 328   SER   0.114358   0
 331   PHE   -0.342828   0
 332   GLU   0.806114   3.62523
 333   GLY   -0.0495507   0
 334   CYS   -0.14746   0.306075
 335   LEU   -0.215992   0
 336   ARG   -0.394378   -0.597269
 337   ARG   -0.0167571   -0.231871
 700   ASP   0.0366227   0.250747
 711   ARG   -0.0350481   -0.288179
 712   ASP   -0.0128027   0.222236
 726   ARG   0.0559554   -0.235695
 729   GLY   0.1461   0
 730   GLU   0.184918   0.754907
 731   VAL   0.095179   0
 733   PRO   -0.108758   0
 737   LEU   -0.153033   0
 742   GLU   -0.0284382   0.232413
 771   ASP   -0.00275399   0.114593
 825   TYR   -0.0275308   0.111092
 835   ARG   0.0142991   -0.10372
1112   VAL   0.0954145   0
1113   THR   0.275293   0
1114   MET   0.26396   0
1115   VAL   0.206437   0
1116   LEU   0.333322   0
1117   LEU   1.4806   0
1118   GLY   -0.185211   0
1119   CYS   -0.40628   0.66107
1120   GLU   1.10154   4.09597
1123   SER   -0.47675   0
1128   CYS   -0.0321164   0.290439
1161   CYS   0.0332015   0.123926
1166   GLU   0.024229   0.229291
1168   CYS   0.0471196   0.44379
1169   SER   0.255595   0
1170   HID   0.165705   -0.510399
1171   ILE   0.105255   0
1172   THR   0.328586   0
1173   ARG   0.137491   -1.96627
1176   THR   -0.168546   0
1177   VAL   -0.126264   0
1178   SER   0.0880945   0
1179   MET   -0.17973   0
1180   LYS   0.0631581   -0.172659
1183   ARG   0.0772759   -0.26298
1185   GLU   -0.0342102   0.122752
1186   ARG   -0.204273   -0.716015
1188   GLU   -0.0175716   0.140105
1189   GLU   -0.0286985   0.395119
1193   HIS   -0.0106525   -0.359334
1206   LYS   -0.00975323   -0.150395
1239   HID   0.0144419   -0.105439
1252   GLY   -0.145699   0
1253   PRO   -0.114369   0
1254   SER   0.428698   0
1255   VAL   -0.216032   0
1256   ASN   -1.286   0
1257   LYS   0.0902926   -0.307912
1258   ALA   -0.183465   0
1260   SER   -0.321126   0
1261   CYS   -0.0961048   0.423307
1262   ALA   -0.155648   0
1264   GLU   -0.104379   0.24829
1265   GLU   -0.0726023   0.210058
1266   ARG   -0.196844   -0.405418
1267   TYR   -0.104625   0.53439
1272   ARG   -0.0366769   -0.26953
SITE:  CYS-1261
 314   ASN   0.197585   0
 317   ASP   0.0400574   0.210393
 319   GLY   0.125167   0
 320   GLU   -0.093903   0.121767
 325   ASP   -0.0380456   0.397152
 326   PRO   0.0248184   0
 332   GLU   -0.0292903   0.298247
 336   ARG   -0.0743115   -0.250136
 730   GLU   0.00839484   0.190192
1120   GLU   0.0404639   0.25499
1173   ARG   0.0381233   -0.166587
1180   LYS   0.066342   -0.112918
1183   ARG   0.0372603   -0.111789
1186   ARG   -0.0534834   -0.254198
1189   GLU   0.011686   0.183227
1193   HIS   -0.00245103   -0.12226
1256   ASN   0.454502   0
1257   LYS   1.60665   -0.586373
1258   ALA   0.415168   0
1259   LYS   0.0809308   -0.423307
1262   ALA   -0.357171   0
1263   THR   -0.362718   0
1264   GLU   -0.237166   1.03074
1265   GLU   -0.388758   0.6945
1266   ARG   -0.162316   -0.1747
1267   TYR   -0.113132   0.246795
1268   LYS   -0.0499276   -0.272503
1272   ARG   -0.0159424   -0.115916
1273   GLU   -0.000432007   0.226341
1278   PHE   0.00200005   0.123899
SITE:  GLU-1264
 317   ASP   0.00132654   0.137024
 325   ASP   0.00821027   0.151296
 332   GLU   -0.00341932   0.235975
 336   ARG   -0.0756786   -0.238475
 711   ARG   0.00326207   -0.129158
 712   ASP   -0.00786284   0.117647
 726   ARG   -0.00651909   -0.144749
 730   GLU   0.00351663   0.23411
1120   GLU   0.0231874   0.14658
1173   ARG   0.0408917   -0.148672
1180   LYS   0.0452793   -0.169855
1185   GLU   -0.0252258   0.120458
1186   ARG   -0.0491484   -0.218309
1189   GLU   0.0325838   0.272387
1193   HIS   -0.00836326   -0.179003
1256   ASN   0.169644   0
1257   LYS   0.148009   -0.2552
1259   LYS   0.128529   -0.24829
1260   SER   0.448562   0
1261   CYS   0.34278   1.03074
1263   THR   -0.12696   0
1265   GLU   -0.890303   0.669619
1266   ARG   -0.410164   -0.239857
1267   TYR   -0.334743   0.40373
1268   LYS   -0.197433   -0.554913
1272   ARG   -0.0254824   -0.206616
1273   GLU   -0.0320122   0.81469
1274   ARG   0.0678829   -0.146187
1276   LEU   -0.086519   0
1277   ASN   0.284524   0
1278   PHE   0.00225343   0.260493
SITE:  GLU-1265
 325   ASP   0.0113396   0.132587
 332   GLU   -0.0357059   0.235817
 336   ARG   -0.0144898   -0.43261
 337   ARG   -0.0474819   -0.147807
 726   ARG   -0.00910993   -0.116923
 730   GLU   -0.0121382   0.16159
1120   GLU   0.0192782   0.117182
1173   ARG   0.0282964   -0.122473
1257   LYS   0.099835   -0.123706
1258   ALA   0.1654   0
1259   LYS   0.106396   -0.210058
1260   SER   0.139753   0
1261   CYS   0.354863   0.6945
1264   GLU   -0.25689   0.669619
1266   ARG   -0.393774   -0.447408
1267   TYR   -0.139385   0.257701
1268   LYS   -0.100141   -0.629159
1272   ARG   -0.0620687   -0.107419
1273   GLU   -0.0193633   0.270025
SITE:  ARG-1266
 325   ASP   0.0337712   0.103771
 332   GLU   0.0982688   0.747959
 333   GLY   0.162552   0
 334   CYS   0.136569   0.24886
 336   ARG   0.314987   -2.14035
 337   ARG   0.0440858   -0.535374
 339   PHE   -0.174811   0
 340   THR   0.151663   0
 341   ARG   -0.0516697   -0.247463
 346   CYS   -0.0673138   0.165457
 348   ARG   -0.0796423   -0.138285
 653   LYS   0.00633749   -0.136507
 700   ASP   0.031929   0.157397
 709   TYR   0.00516195   0.190112
 711   ARG   -0.0720125   -0.338392
 712   ASP   0.0100327   0.571371
 713   GLU   0.0506225   0.163135
 718   GLU   0.036233   0.54945
 721   ASP   0.061322   0.198667
 722   GLN   0.46605   0
 723   GLN   0.110847   0
 724   LEU   0.139639   0
 725   GLY   0.214674   0
 726   ARG   0.0451521   -1.03824
 727   VAL   0.15262   0
 729   GLY   -0.322969   0
 730   GLU   -0.328346   1.02012
 733   PRO   -0.133025   0
 742   GLU   -0.00738659   0.109847
 822   LYS   -0.00734458   -0.100756
1120   GLU   0.0299004   0.210904
1166   GLU   0.0100405   0.113334
1168   CYS   0.012051   0.119554
1170   HID   0.0581907   -0.25509
1173   ARG   0.133911   -0.497133
1180   LYS   0.00421483   -0.104067
1186   ARG   -0.0266815   -0.143233
1189   GLU   0.0119737   0.268834
1193   HIS   0.023092   -0.333072
1259   LYS   0.0713116   -0.405418
1261   CYS   0.0526118   0.1747
1263   THR   0.19473   0
1264   GLU   0.0556239   0.239857
1265   GLU   -0.352246   0.447408
1267   TYR   -0.0572244   1.24056
1268   LYS   0.0380481   -0.170972
1271   GLU   -0.0521817   0.12618
1272   ARG   -0.282494   -0.532192
1273   GLU   -0.0514511   0.197957
SITE:  TYR-1267
 325   ASP   0.0344428   0.138223
 332   GLU   0.0937038   0.872
 333   GLY   0.0269356   0
 334   CYS   0.0153812   0.136106
 336   ARG   -0.407344   -0.797276
 337   ARG   0.0174105   -0.19899
 346   CYS   -0.0406858   0.113014
 641   HIS   -0.0200256   -0.15748
 643   LYS   -0.00550117   -0.106131
 653   LYS   0.00498296   -0.188609
 700   ASP   0.0483894   0.220831
 709   TYR   0.0493917   0.24079
 711   ARG   -0.12006   -0.807979
 712   ASP   -0.0612757   0.954363
 713   GLU   0.0781548   0.30404
 714   ARG   -0.0545908   -0.156591
 718   GLU   -0.000841634   0.420786
 721   ASP   0.032645   0.126693
 722   GLN   0.163479   0
 723   GLN   0.0124305   0
 724   LEU   0.1157   0
 725   GLY   0.0809992   0
 726   ARG   -0.128811   -1.23242
 727   VAL   0.132344   0
 729   GLY   -0.0400052   0
 730   GLU   -0.316028   1.77576
 731   VAL   -0.0211212   0
 733   PRO   -0.137625   0
 742   GLU   -0.0104657   0.143519
 814   GLU   -0.0659466   0.211233
 822   LYS   -0.0153453   -0.27227
1120   GLU   0.0470833   0.295718
1166   GLU   0.023925   0.162585
1168   CYS   0.027223   0.191068
1170   HID   0.102036   -0.400122
1173   ARG   0.168791   -0.657136
1177   VAL   0.097488   0
1179   MET   -0.211612   0
1180   LYS   -0.0109294   -0.300995
1185   GLU   -0.00422605   0.153331
1186   ARG   -0.0658544   -0.308112
1188   GLU   -0.019019   0.202592
1189   GLU   0.0743224   0.814751
1193   HIS   -0.00521416   -0.913271
1206   LYS   -0.00919434   -0.113018
1257   LYS   0.0558645   -0.102153
1259   LYS   0.121028   -0.53439
1260   SER   0.134966   0
1261   CYS   0.0581486   0.246795
1263   THR   0.432146   0
1264   GLU   0.00487425   0.40373
1265   GLU   -0.0969665   0.257701
1266   ARG   -0.844908   -1.24056
1268   LYS   -0.0374359   -0.162199
1271   GLU   -0.113303   0.270424
1272   ARG   -1.0241   -1.70522
1273   GLU   -0.0619113   0.348828
1274   ARG   -0.0503922   -0.122623
1276   LEU   -0.154335   0
1278   PHE   -0.00245281   0.217741
SITE:  LYS-1268
 336   ARG   -0.00403409   -0.138332
1261   CYS   0.123948   0.272503
1264   GLU   0.0458271   0.554913
1265   GLU   -0.170501   0.629159
1266   ARG   -0.0519529   -0.170972
1267   TYR   -0.00274857   0.162199
1269   GLY   -0.325494   0
1273   GLU   0.0506411   0.668206
1274   ARG   0.0275699   -0.119698
SITE:  GLU-1271
 709   TYR   0.0306732   0.11898
 711   ARG   0.025981   -0.17741
 712   ASP   -0.0237794   0.298391
 713   GLU   -0.00891958   0.406262
 714   ARG   0.152671   -0.256421
 716   GLN   -0.160611   0
 718   GLU   -0.0177373   0.200511
 726   ARG   0.0263561   -0.309399
 730   GLU   -0.020608   0.151137
 814   GLU   -0.0251136   0.113849
 822   LYS   -0.000673947   -0.123468
1189   GLU   0.0146297   0.130527
1193   HIS   -0.00867521   -0.163669
1266   ARG   -0.0359793   -0.12618
1267   TYR   0.141986   0.270424
1272   ARG   -0.230745   -0.594682
1273   GLU   -0.186612   0.326921
1274   ARG   -0.576374   -0.464911
1278   PHE   -0.00636128   0.104576
SITE:  ARG-1272
 332   GLU   0.0491248   0.414862
 336   ARG   -0.135045   -0.333267
 634   TYR   -0.00439521   0.108759
 641   HIS   -0.0256206   -0.245892
 643   LYS   -0.0126107   -0.186445
 651   ASP   0.0188258   0.115946
 653   LYS   0.00708664   -0.256972
 700   ASP   0.0524654   0.20738
 704   ILE   0.0952588   0
 705   LEU   0.111407   0
 708   ALA   0.21402   0
 709   TYR   0.116285   0.355772
 711   ARG   -0.0026226   -1.21077
 712   ASP   -0.261855   1.56544
 713   GLU   0.0604824   0.599209
 714   ARG   -0.00708932   -0.270702
 718   GLU   -0.0553587   0.366759
 721   ASP   0.0276894   0.124906
 723   GLN   -0.117187   0
 726   ARG   0.0844487   -1.39986
 727   VAL   0.0327899   0
 730   GLU   -0.136566   1.17081
 733   PRO   -0.0695194   0
 742   GLU   -0.00420397   0.123474
 786   ASP   -0.0082987   0.124971
 791   GLU   -0.0190599   0.133255
 814   GLU   -0.134997   0.398383
 822   LYS   -0.0272102   -0.450838
1120   GLU   0.0244804   0.160189
1166   GLU   0.0207194   0.146076
1168   CYS   0.0165621   0.150623
1170   HID   0.0662494   -0.355658
1173   ARG   0.0824141   -0.400971
1177   VAL   0.0811292   0
1180   LYS   -0.026682   -0.281708
1185   GLU   0.00776224   0.133899
1186   ARG   -0.00547451   -0.199347
1188   GLU   -0.00232237   0.20623
1189   GLU   0.0681489   0.673827
1193   HIS   -0.0344837   -1.10029
1206   LYS   -0.00951509   -0.105923
1259   LYS   0.0432516   -0.26953
1261   CYS   0.0198664   0.115916
1264   GLU   -0.0049556   0.206616
1265   GLU   -0.022678   0.107419
1266   ARG   -0.269274   -0.532192
1267   TYR   0.246418   1.70522
1271   GLU   -0.381603   0.594682
1273   GLU   -0.316003   0.319648
1274   ARG   -0.200502   -0.156138
1275   LEU   -0.212584   0
1278   PHE   0.00201624   0.208228
SITE:  GLU-1273
 332   GLU   0.0043194   0.115758
 336   ARG   -0.0294295   -0.141838
 711   ARG   0.0064149   -0.113174
 712   ASP   -0.00756251   0.133238
 718   GLU   0.00659714   0.117507
 726   ARG   -0.00595884   -0.172655
 730   GLU   -0.0125555   0.161947
1180   LYS   -0.00563583   -0.101136
1189   GLU   0.0224378   0.174459
1193   HIS   -0.0115809   -0.140191
1261   CYS   0.101998   0.226341
1264   GLU   0.118857   0.81469
1265   GLU   -0.0638557   0.270025
1266   ARG   -0.1842   -0.197957
1267   TYR   0.160007   0.348828
1268   LYS   -0.99051   -0.668206
1269   GLY   -1.24227   0
1270   THR   0.547124   0
1271   GLU   0.0202297   0.326921
1272   ARG   0.194878   -0.319648
1274   ARG   -0.263338   -0.720145
1275   LEU   -0.228146   0
1276   LEU   -0.290882   0
1277   ASN   -0.840056   0
1278   PHE   -0.0186946   0.206756
SITE:  ARG-1274
1264   GLU   0.011319   0.146187
1267   TYR   0.0588661   0.122623
1268   LYS   -0.0817668   -0.119698
1270   THR   0.203843   0
1271   GLU   -0.0692038   0.464911
1272   ARG   0.0342592   -0.156138
1273   GLU   -0.39736   0.720145
1275   LEU   -0.236062   0
1277   ASN   -0.305551   0
1278   PHE   -0.0334946   0.121793
SITE:  CTphe-1278
 711   ARG   0.024331   -0.167937
 730   GLU   0.0120985   0.158152
 822   LYS   0.0125558   -0.193365
1180   LYS   -0.172814   -0.57316
1185   GLU   -0.026598   0.432754
1186   ARG   -0.0216653   -0.200589
1188   GLU   -0.0181821   0.256206
1189   GLU   0.033646   0.474105
1193   HIS   -0.04378   -0.274224
1261   CYS   0.0160559   0.123899
1264   GLU   -0.0332112   0.260493
1267   TYR   -0.0291761   0.217741
1271   GLU   0.0450867   0.104576
1272   ARG   0.12192   -0.208228
1273   GLU   0.0845219   0.206756
1274   ARG   0.205961   -0.121793
1275   LEU   0.529362   0
1276   LEU   0.203404   0
1278   PHE   0.131324   0
