
 Significant contributions to pK of each site from neighbouring groups. 
 The site of interest is listed first, list of neighbours with strong contributions follow. 
 The first number is the background contribution from non-titratable groups; 
 The last one is the interaction with other titratable groups. 

SITE:  CYS-  25
  23   GLN   -0.792842   0
  26   VAL   0.333854   0
  27   TRP   0.290976   0
  28   TYR   -0.126748   0.38989
  29   GLY   0.0769312   0
  30   GLU   -0.037563   0.163958
  31   CYS   -0.0303522   0.107624
  42   CYS   0.120766   0.230559
  43   GLU   -0.205948   0.194402
  44   TYR   0.245786   0.331082
  46   GLY   0.417464   0
  48   PRO   -0.732922   0
  49   LYS   0.158012   -0.203318
  63   CYS   0.082064   0.380771
  72   SER   0.221445   0
  73   LEU   -0.427339   0
  74   CYS   0.0532315   4.00132
  75   CYS   -0.00774685   0.819052
  76   ASP   0.0249   0.271775
 109   CYS   0.193089   0.395161
 110   GLU   0.253764   0.436064
 111   LEU   0.236666   0
 112   THR   0.159683   0
 113   CYS   0.0982972   1.17136
 114   SER   2.17063   0
 115   PRO   -0.32981   0
 116   ARG   -0.561506   -0.40316
 117   GLN   -0.484215   0
 118   SER   0.196556   0
 146   TYR   -0.0548052   0.371316
 147   TYR   0.058884   0.117891
 218   GLU   0.0470709   0.134847
SITE:  TYR-  28
  25   CYS   -0.118171   0.38989
  29   GLY   -0.153587   0
  30   GLU   0.0289263   0.331703
  31   CYS   -0.0620258   0.227425
  42   CYS   0.0544808   0.365405
  44   TYR   0.0569951   0.345676
  47   PRO   0.156661   0
  48   PRO   -0.232918   0
  49   LYS   0.140976   -0.435378
  50   PRO   0.255308   0
  51   LEU   -0.238438   0
  52   PRO   -0.110758   0
  54   ASP   -0.103484   0.13292
  56   TYR   0.0236158   0.107177
  63   CYS   0.0403246   0.17415
  73   LEU   0.0991513   0
  74   CYS   0.213542   0.659084
  75   CYS   0.108452   0.621081
  76   ASP   -0.28189   0.964188
  78   ARG   -0.136416   -0.101877
  79   GLN   0.182937   0
 109   CYS   0.0328306   0.116312
 113   CYS   0.00921212   0.359847
 131   ASP   0.0124537   0.118948
 138   LYS   -0.016413   -0.218775
SITE:  GLU-  30
  25   CYS   -0.0697046   0.163958
  28   TYR   -0.0555296   0.331703
  29   GLY   -0.31092   0
  31   CYS   -0.324846   0.619021
  32   GLY   0.229458   0
  37   ASP   0.09724   0.248004
  38   LYS   -0.064267   -0.211575
  39   ARG   -0.548523   -0.511187
  40   TYR   0.237761   0.107602
  41   ASN   0.0335845   0
  42   CYS   0.0166558   0.704312
  54   ASP   -0.0276468   0.102728
  63   CYS   0.0343317   0.157419
  74   CYS   0.0466715   0.28378
  75   CYS   -0.0649575   0.5225
  76   ASP   -0.105339   0.63556
  78   ARG   -0.43207   -0.552258
  79   GLN   -0.218206   0
  82   THR   -0.263494   0
  85   ASP   -0.0893544   0.216772
 109   CYS   0.0154824   0.149554
 113   CYS   -0.0234416   0.311061
 129   TYR   -0.0248704   0.290779
 131   ASP   0.00987155   0.205391
 138   LYS   0.00761436   -0.312316
 146   TYR   -0.0155833   0.12055
 196   LYS   -0.000924356   -0.106694
 202   PRO   -0.0947631   0
SITE:  CYS-  31
  25   CYS   -0.0417088   0.107624
  28   TYR   0.136791   0.227425
  29   GLY   0.253176   0
  30   GLU   -0.417504   0.619021
  32   GLY   -0.131254   0
  39   ARG   -0.42553   -0.299162
  40   TYR   0.430922   0.159372
  41   ASN   -0.185275   0
  42   CYS   0.802605   2.85083
  43   GLU   -0.0444367   0.20954
  44   TYR   0.0220486   0.124482
  74   CYS   0.0461146   0.159922
  75   CYS   -0.0230644   0.17773
  76   ASP   -0.0546564   0.24809
  78   ARG   -0.0893863   -0.143771
 113   CYS   -0.012444   0.120793
 127   GLU   0.139812   0.189507
 128   ASP   -0.189076   0.145766
 129   TYR   0.0111562   1.19312
 131   ASP   0.162959   1.10694
 136   GLN   -0.0715265   0
 137   THR   -0.235964   0
 138   LYS   0.00207649   -2.27796
 139   THR   0.215219   0
 140   ASN   1.0068   0
 141   VAL   0.0903246   0
 142   LYS   0.0127758   -0.106351
SITE:  TYR-  35
  37   ASP   0.000810612   0.195959
  38   LYS   -0.053623   -0.270663
  40   TYR   0.0269807   0.323832
 142   LYS   0.026414   -0.157512
 143   GLU   0.0107923   0.110712
 192   TYR   0.0152958   0.103931
 196   LYS   0.246274   -2.18789
 197   ASP   0.0606274   0.243369
 199   GLY   0.0498826   0
 201   ALA   0.212335   0
 202   PRO   0.132121   0
SITE:  ASP-  37
  30   GLU   -0.0670302   0.248004
  34   ALA   -0.163966   0
  35   TYR   0.412412   0.195959
  36   GLY   -0.105326   0
  38   LYS   -0.685378   -2.11944
  39   ARG   0.121938   -0.445989
  40   TYR   0.0416518   0.118041
  75   CYS   -0.0101634   0.144828
  78   ARG   0.162373   -0.301386
  85   ASP   -0.122929   0.422849
  86   ASN   -0.163704   0
 113   CYS   -0.0147554   0.119548
 196   LYS   0.0285963   -0.345074
 199   GLY   0.124945   0
 200   GLN   0.290152   0
 202   PRO   -0.0587121   0
SITE:  LYS-  38
  30   GLU   -0.0865252   0.211575
  34   ALA   -0.170919   0
  35   TYR   0.344239   0.270663
  37   ASP   0.606648   2.11944
  39   ARG   0.275671   -0.491787
  40   TYR   0.0420876   0.150824
  75   CYS   -0.00745061   0.154714
  78   ARG   0.110583   -0.202675
  85   ASP   -0.118234   0.362612
  86   ASN   -0.152992   0
  88   GLN   -0.162371   0
 109   CYS   -0.0033714   0.109056
 113   CYS   -0.0161469   0.135828
 146   TYR   -0.0145525   0.116154
 192   TYR   0.0242832   0.146979
 196   LYS   0.0561793   -0.538967
 199   GLY   0.369332   0
 200   GLN   0.751475   0
 202   PRO   -0.0364103   0
SITE:  ARG-  39
  30   GLU   0.229054   0.511187
  31   CYS   0.0483661   0.299162
  32   GLY   0.442682   0
  33   ILE   -0.231192   0
  36   GLY   0.110825   0
  37   ASP   0.386361   0.445989
  38   LYS   0.567538   -0.491787
  40   TYR   0.034973   0.145593
  42   CYS   0.0193812   0.194382
  75   CYS   -0.016222   0.130987
  76   ASP   0.00498667   0.143924
  78   ARG   0.0977641   -0.469488
  85   ASP   -0.0516627   0.240707
 129   TYR   -0.0476626   0.398485
 131   ASP   -0.0157201   0.151466
 138   LYS   0.0215929   -0.153535
 196   LYS   -0.00119024   -0.152176
 202   PRO   -0.0115735   0
SITE:  TYR-  40
  30   GLU   -0.0578207   0.107602
  31   CYS   -0.0077262   0.159372
  32   GLY   -0.142808   0
  34   ALA   -0.188032   0
  35   TYR   0.0407998   0.323832
  37   ASP   0.0102549   0.118041
  38   LYS   0.119048   -0.150824
  39   ARG   -0.0210421   -0.145593
  42   CYS   -0.0042336   0.14777
 127   GLU   0.23455   0.619615
 129   TYR   -0.0472024   0.175149
 140   ASN   -0.184016   0
 141   VAL   0.221916   0
 142   LYS   0.0174025   -1.07262
 143   GLU   0.0438656   0.289232
 196   LYS   -0.0998852   -0.538362
 197   ASP   -0.0174971   0.107435
 202   PRO   0.403239   0
 203   PHE   -0.202642   0
SITE:  CYS-  42
  25   CYS   -0.0984219   0.230559
  28   TYR   0.594536   0.365405
  29   GLY   1.70256   0
  30   GLU   -0.477033   0.704312
  31   CYS   -1.50213   2.85083
  32   GLY   -0.0898005   0
  39   ARG   -0.286943   -0.194382
  40   TYR   0.287795   0.14777
  41   ASN   -0.581902   0
  43   GLU   -0.317937   0.459825
  44   TYR   0.0729708   0.222096
  74   CYS   0.0981356   0.343644
  75   CYS   -0.0391842   0.309105
  76   ASP   -0.0953041   0.334461
  78   ARG   -0.104859   -0.130672
 113   CYS   -0.0294412   0.231715
 126   THR   -0.194261   0
 127   GLU   0.121874   0.157846
 128   ASP   -0.117111   0.12553
 129   TYR   0.0145392   0.406858
 131   ASP   0.0390802   0.425241
 138   LYS   -0.118011   -0.960227
 139   THR   0.60003   0
 140   ASN   0.530182   0
 141   VAL   0.0467418   0
 142   LYS   0.0114996   -0.102527
SITE:  GLU-  43
  25   CYS   -0.0443497   0.194402
  26   VAL   -0.247198   0
  27   TRP   -0.293278   0
  29   GLY   0.146356   0
  31   CYS   -0.039684   0.20954
  42   CYS   -0.209782   0.459825
  44   TYR   -0.283584   0.157403
  45   SER   -0.872034   0
  74   CYS   0.0361506   0.191565
  75   CYS   -0.00806149   0.108397
 113   CYS   -0.0181361   0.105301
 126   THR   -0.547172   0
 127   GLU   0.0379406   0.132931
 128   ASP   -0.0550296   0.179862
 138   LYS   -0.103965   -0.160616
 139   THR   0.0517318   0
 141   VAL   -0.0581733   0
 143   GLU   0.040505   0.102437
SITE:  TYR-  44
  25   CYS   -0.046305   0.331082
  28   TYR   -0.0526313   0.345676
  31   CYS   -0.0303564   0.124482
  42   CYS   0.0296855   0.222096
  43   GLU   -0.0624765   0.157403
  45   SER   -0.17512   0
  46   GLY   -0.477834   0
  47   PRO   0.78536   0
  49   LYS   -0.0979024   -0.34346
  74   CYS   0.020629   0.363796
  75   CYS   -0.00055815   0.166261
  76   ASP   -0.0283219   0.147339
 113   CYS   -0.00574829   0.135178
 138   LYS   -0.0420267   -0.14845
SITE:  LYS-  49
  25   CYS   -0.0195251   0.203318
  28   TYR   -0.0252732   0.435378
  44   TYR   -0.0336936   0.34346
  47   PRO   0.0801512   0
  50   PRO   -0.123236   0
  56   TYR   0.0179071   0.126734
  73   LEU   0.274052   0
  74   CYS   -0.0524631   0.281248
  75   CYS   0.0597766   0.169958
  76   ASP   -0.0160841   0.179644
 113   CYS   0.0286778   0.129928
SITE:  LYS-  53
  54   ASP   -0.394053   0.29711
  56   TYR   -0.0676338   0.36661
  57   ASP   -0.00458214   0.106312
SITE:  ASP-  54
  28   TYR   0.0021037   0.13292
  30   GLU   0.00995753   0.102728
  52   PRO   -0.0464023   0
  53   LYS   0.268413   -0.29711
  55   GLY   -0.480813   0
  56   TYR   -0.0310803   0.179379
  57   ASP   -0.116941   0.266539
  61   GLU   -0.0332122   0.145989
  63   CYS   0.0202512   0.122932
  75   CYS   0.00571438   0.187794
  76   ASP   0.00145773   0.272238
  77   VAL   -0.112457   0
  78   ARG   -0.0119043   -0.123751
  84   LYS   -0.0228672   -0.117682
 113   CYS   0.015361   0.10833
 973   ASP   0.0103123   0.10733
 978   ARG   0.0132183   -0.163874
SITE:  TYR-  56
  28   TYR   -0.00232848   0.107177
  49   LYS   0.0238244   -0.126734
  51   LEU   0.121269   0
  53   LYS   -0.308056   -0.36661
  54   ASP   0.0414444   0.179379
  57   ASP   -0.0173953   0.177411
  63   CYS   0.030674   0.162812
  69   GLY   0.135631   0
  71   VAL   -0.161313   0
  74   CYS   -0.0218166   0.108123
  75   CYS   0.0303498   0.148267
  76   ASP   0.00482693   0.113452
 113   CYS   0.0365546   0.129081
 978   ARG   0.0294507   -0.135461
SITE:  ASP-  57
  53   LYS   0.0496705   -0.106312
  54   ASP   0.154571   0.266539
  55   GLY   0.0405631   0
  56   TYR   0.0520727   0.177411
  58   LEU   -0.260572   0
  59   VAL   -0.169717   0
  60   GLN   -0.486592   0
  61   GLU   -0.276468   0.54823
  63   CYS   -0.00393438   0.267183
  75   CYS   -0.00298192   0.161341
  84   LYS   -0.0194297   -0.310062
 109   CYS   -0.00911762   0.122466
 113   CYS   0.0192684   0.136275
 951   LYS   0.018663   -0.10098
 952   PRO   0.0700789   0
 956   CYS   0.00911066   0.151131
 957   CYS   0.070425   0.178507
 958   ARG   -0.0220762   -0.28323
 973   ASP   0.0117608   0.222854
 976   CYS   0.0849073   0.176757
 978   ARG   -0.197805   -1.84534
 979   CYS   -0.0142941   0.137229
 987   LYS   0.00341211   -0.202539
SITE:  GLU-  61
  54   ASP   0.0223411   0.145989
  55   GLY   0.132739   0
  57   ASP   0.225438   0.54823
  58   LEU   0.278868   0
  59   VAL   0.0747756   0
  62   LEU   -0.472062   0
  63   CYS   -0.0404156   0.540252
  64   PRO   -0.0612533   0
  74   CYS   -0.0158   0.114204
  75   CYS   -0.0150616   0.297934
  76   ASP   0.0574679   0.119308
  78   ARG   0.0506555   -0.109806
  84   LYS   -0.0926249   -2.22469
  85   ASP   -0.0225468   0.195454
  97   CYS   0.0168049   0.114756
 100   CYS   0.0147538   0.151608
 102   TYR   0.0266906   0.147033
 109   CYS   -0.0499516   0.337823
 110   GLU   -0.0188479   0.115485
 113   CYS   0.0179584   0.281461
 146   TYR   -0.00886317   0.101489
 160   CYS   -0.00289197   0.104009
 232   ASP   -0.012093   0.18258
 948   ASP   0.0531358   0.161988
 951   LYS   0.0265729   -0.243863
 952   PRO   0.111946   0
 956   CYS   0.00176475   0.279681
 957   CYS   0.0572302   0.217927
 958   ARG   0.0446206   -0.340372
 973   ASP   0.0063634   0.201801
 976   CYS   0.0484462   0.122057
 978   ARG   -0.207778   -0.308443
 979   CYS   -0.0228018   0.119696
 987   LYS   0.0313674   -0.373766
1005   ASP   0.0108345   0.100297
1010   LYS   0.0348293   -0.112992
1011   CYS   0.026902   0.165861
SITE:  CYS-  63
  25   CYS   -0.0858424   0.380771
  28   TYR   -0.060095   0.17415
  30   GLU   -0.0483609   0.157419
  51   LEU   -0.195872   0
  54   ASP   -0.0115473   0.122932
  55   GLY   0.3054   0
  56   TYR   0.263114   0.162812
  57   ASP   0.135006   0.267183
  58   LEU   0.437533   0
  59   VAL   0.905354   0
  61   GLU   -0.399755   0.540252
  62   LEU   -0.592061   0
  64   PRO   -0.176178   0
  65   GLY   -0.345725   0
  66   PHE   -0.594782   0
  73   LEU   -0.363314   0
  74   CYS   -0.210789   0.68694
  75   CYS   -0.0941366   1.4439
  76   ASP   0.190199   0.3002
  77   VAL   0.109794   0
  78   ARG   0.0155564   -0.105979
  80   LEU   -0.107163   0
  83   LEU   -0.178205   0
  84   LYS   -0.0329544   -0.281431
  85   ASP   -0.0560007   0.115931
  97   CYS   0.0342626   0.113289
 100   CYS   0.0544796   0.182684
 102   TYR   0.155241   0.398203
 105   LEU   0.162027   0
 106   ASN   0.326234   0
 107   LEU   0.102517   0
 109   CYS   -0.0414486   1.91926
 110   GLU   -0.0642656   0.594387
 112   THR   -0.37161   0
 113   CYS   0.358482   2.04418
 115   PRO   -0.0720058   0
 116   ARG   -0.100772   -0.129196
 117   GLN   -0.169902   0
 146   TYR   -0.0207306   0.384387
 160   CYS   -0.0126114   0.144151
 222   ASN   -0.204201   0
 225   LYS   -0.00341319   -0.101922
 232   ASP   -0.0157953   0.235325
 951   LYS   -0.00341468   -0.12946
 978   ARG   -0.0411211   -0.122954
 987   LYS   -0.00753352   -0.345857
SITE:  CYS-  74
  23   GLN   -0.380384   0
  25   CYS   -1.44914   4.00132
  26   VAL   0.701252   0
  27   TRP   0.632332   0
  28   TYR   -0.274734   0.659084
  29   GLY   0.0425017   0
  30   GLU   -0.0563588   0.28378
  31   CYS   -0.0407226   0.159922
  41   ASN   0.0944269   0
  42   CYS   0.170179   0.343644
  43   GLU   -0.21296   0.191565
  44   TYR   0.201638   0.363796
  46   GLY   0.24482   0
  47   PRO   0.187036   0
  48   PRO   -0.82853   0
  49   LYS   0.35802   -0.281248
  51   LEU   -0.174788   0
  56   TYR   0.0525208   0.108123
  61   GLU   -0.0504072   0.114204
  63   CYS   0.145235   0.68694
  73   LEU   -0.566302   0
  75   CYS   -0.236022   1.7576
  76   ASP   0.0626945   0.513136
  78   ARG   -0.0451014   -0.101904
  79   GLN   0.238234   0
 107   LEU   0.143939   0
 109   CYS   0.339424   0.619421
 110   GLU   0.327046   0.466282
 111   LEU   0.275643   0
 112   THR   0.311422   0
 113   CYS   0.399448   2.3734
 114   SER   1.20426   0
 115   PRO   -0.0765809   0
 116   ARG   -0.311784   -0.244255
 117   GLN   -0.759159   0
 118   SER   0.101715   0
 138   LYS   -0.0177364   -0.109062
 146   TYR   -0.0520402   0.419117
SITE:  CYS-  75
  25   CYS   -0.303468   0.819052
  26   VAL   0.313144   0
  27   TRP   0.477814   0
  28   TYR   -0.301358   0.621081
  29   GLY   -0.0981674   0
  30   GLU   -0.12472   0.5225
  31   CYS   -0.043763   0.17773
  37   ASP   0.0429382   0.144828
  38   LYS   -0.076587   -0.154714
  39   ARG   -0.0241845   -0.130987
  41   ASN   0.137417   0
  42   CYS   0.0908774   0.309105
  43   GLU   -0.108067   0.108397
  44   TYR   0.0798999   0.166261
  48   PRO   -0.234396   0
  49   LYS   0.28031   -0.169958
  51   LEU   -0.340086   0
  52   PRO   -0.119009   0
  54   ASP   -0.0992301   0.187794
  55   GLY   0.204415   0
  56   TYR   0.116401   0.148267
  57   ASP   -0.0155314   0.161341
  59   VAL   -0.0324684   0
  61   GLU   -0.169599   0.297934
  62   LEU   -0.218492   0
  63   CYS   0.399338   1.4439
  66   PHE   -0.153175   0
  73   LEU   -0.412836   0
  74   CYS   -0.162602   1.7576
  76   ASP   1.27812   1.39454
  77   VAL   0.344446   0
  78   ARG   -0.10005   -0.2925
  79   GLN   0.0593149   0
  80   LEU   -0.447102   0
  82   THR   -0.224394   0
  83   LEU   -0.25412   0
  84   LYS   -0.0852879   -0.230845
  85   ASP   -0.118335   0.179806
  86   ASN   -0.186085   0
 100   CYS   0.036339   0.107662
 102   TYR   0.0598352   0.127803
 105   LEU   0.172982   0
 106   ASN   0.18531   0
 108   PHE   0.137437   0
 109   CYS   0.150269   0.92802
 110   GLU   0.108737   0.394883
 112   THR   -0.274968   0
 113   CYS   0.0753352   2.98165
 114   SER   0.106469   0
 115   PRO   -0.0331289   0
 116   ARG   -0.114433   -0.105936
 117   GLN   -0.41664   0
 138   LYS   -0.00631702   -0.11286
 146   TYR   -0.0379312   0.382235
 160   CYS   -0.00516432   0.104729
 202   PRO   -0.123   0
 987   LYS   0.000428899   -0.112535
SITE:  ASP-  76
  25   CYS   -0.0986612   0.271775
  28   TYR   -0.00699227   0.964188
  29   GLY   -0.198939   0
  30   GLU   0.089547   0.63556
  31   CYS   -0.0703624   0.24809
  39   ARG   -0.0577241   -0.143924
  42   CYS   0.04203   0.334461
  44   TYR   0.0371843   0.147339
  49   LYS   0.165253   -0.179644
  51   LEU   -0.304396   0
  52   PRO   -0.241636   0
  54   ASP   -0.149245   0.272238
  56   TYR   0.0498009   0.113452
  61   GLU   -0.0379519   0.119308
  63   CYS   0.0763808   0.3002
  74   CYS   0.0862222   0.513136
  75   CYS   -0.429894   1.39454
  77   VAL   -0.893512   0
  78   ARG   -1.17448   -0.237933
  79   GLN   -0.0165019   0
  80   LEU   -0.279342   0
  85   ASP   -0.0415934   0.100986
 109   CYS   0.0279226   0.188908
 113   CYS   0.0163158   0.514874
 129   TYR   -0.00891126   0.112791
 131   ASP   0.0101009   0.11937
 138   LYS   -0.00891521   -0.197942
SITE:  ARG-  78
  28   TYR   -0.00871015   0.101877
  30   GLU   0.0361385   0.552258
  31   CYS   -0.00903615   0.143771
  37   ASP   0.0327331   0.301386
  38   LYS   -0.0418332   -0.202675
  39   ARG   -0.00850499   -0.469488
  42   CYS   0.013815   0.130672
  54   ASP   -0.0103059   0.123751
  61   GLU   -0.00677291   0.109806
  63   CYS   0.0186057   0.105979
  74   CYS   0.0118405   0.101904
  75   CYS   -0.0453227   0.2925
  76   ASP   0.00797105   0.237933
  77   VAL   0.0588866   0
  81   GLN   0.958434   0
  82   THR   -0.201674   0
  84   LYS   -0.0587354   -0.134689
  85   ASP   -0.0185285   0.455296
 113   CYS   -0.00364995   0.152466
 129   TYR   -0.0112172   0.120251
SITE:  LYS-  84
  54   ASP   0.0226213   0.117682
  57   ASP   -0.0349778   0.310062
  61   GLU   0.814886   2.22469
  63   CYS   0.00268713   0.281431
  75   CYS   -0.00948921   0.230845
  78   ARG   0.0788237   -0.134689
  80   LEU   0.213452   0
  81   GLN   0.0554739   0
  85   ASP   -0.465204   0.437632
  97   CYS   0.0160431   0.104856
 100   CYS   0.0121832   0.139591
 102   TYR   0.0199508   0.101592
 109   CYS   -0.0359822   0.230097
 113   CYS   0.00192606   0.197451
 160   CYS   0.000341203   0.102869
 232   ASP   -0.00238714   0.12648
 515   TYR   0.00435197   0.113365
 948   ASP   0.0508904   0.153146
 951   LYS   0.0326489   -0.220866
 952   PRO   0.083611   0
 956   CYS   0.0082792   0.282829
 957   CYS   0.0374582   0.181773
 958   ARG   0.0475037   -0.317395
 973   ASP   0.0139888   0.199291
 976   CYS   0.0385244   0.107269
 978   ARG   -0.147708   -0.204975
 987   LYS   0.0232835   -0.226801
1005   ASP   0.00877039   0.100306
1010   LYS   0.0249987   -0.139719
1011   CYS   0.0256298   0.172695
SITE:  ASP-  85
  30   GLU   -0.0462702   0.216772
  37   ASP   0.012185   0.422849
  38   LYS   -0.0653606   -0.362612
  39   ARG   -0.0048246   -0.240707
  61   GLU   0.00824971   0.195454
  63   CYS   0.0153851   0.115931
  75   CYS   -0.0127278   0.179806
  76   ASP   0.0286113   0.100986
  78   ARG   0.251629   -0.455296
  80   LEU   0.120443   0
  81   GLN   -0.517162   0
  82   THR   0.307444   0
  83   LEU   0.138207   0
  84   LYS   0.240082   -0.437632
  86   ASN   -0.389668   0
  88   GLN   -0.318861   0
 109   CYS   -0.0100896   0.114705
 113   CYS   -0.00933505   0.137505
 196   LYS   0.00812575   -0.10359
SITE:  ARG-  96
  93   PHE   0.152664   0
  94   LEU   0.104593   0
  97   CYS   -0.188661   0.579992
  98   PRO   -0.0146282   0
 100   CYS   -0.0939951   0.400663
 160   CYS   0.071019   0.26948
 162   ASP   -0.0815717   0.208641
 163   VAL   -0.289152   0
 164   GLU   0.254705   1.92827
 166   PRO   -0.120358   0
 168   SER   0.138622   0
 170   ASP   0.119615   0.140034
 171   LYS   -0.0732971   -0.20424
 227   CYS   0.0338447   0.171354
 238   CYS   -0.153305   0.369186
 239   SER   -0.0776401   0
 240   CYS   -0.0121853   0.215286
 241   GLN   -0.682674   0
 242   ASP   0.885941   2.66053
 243   CYS   -0.0173594   0.252627
 247   CYS   -0.00212875   0.11162
 487   TYR   0.000286398   0.197548
 512   HIS   0.0394766   -0.123221
 515   TYR   0.142681   0.436679
 516   CYS   0.0314102   0.222447
 518   ARG   0.0151276   -0.605632
 525   ASP   0.0294571   0.154061
 533   CYS   0.0184676   0.206886
 550   TYR   -0.00872699   0.13276
 555   TYR   -0.0533116   0.262019
 909   CYS   -0.0192205   0.132915
 944   ASP   -0.0308578   0.194883
 945   ASP   0.0220562   0.261079
 948   ASP   -0.00187704   0.292143
 951   LYS   0.00454857   -0.286689
 956   CYS   -0.0243522   0.168852
 989   ARG   -0.055683   -0.101356
1005   ASP   0.0181743   0.103646
1011   CYS   0.0476122   0.176321
1013   LYS   -0.0302043   -0.263442
1019   TYR   -0.0175349   0.210712
SITE:  CYS-  97
  61   GLU   0.0248491   0.114756
  63   CYS   -0.0213129   0.113289
  84   LYS   0.0155959   -0.104856
  90   PRO   0.147341   0
  93   PHE   0.136432   0
  94   LEU   0.689932   0
  95   SER   0.173139   0
  96   ARG   -0.607016   -0.579992
  98   PRO   -0.179272   0
  99   SER   -0.935711   0
 100   CYS   -1.55402   2.7276
 101   PHE   -0.186469   0
 102   TYR   -0.225622   0.214855
 103   ASN   -0.649888   0
 109   CYS   -0.028577   0.154319
 110   GLU   -0.0299818   0.109335
 146   TYR   -0.0131766   0.138636
 155   ALA   0.153855   0
 156   MET   0.365052   0
 157   TYR   0.220066   0.180386
 159   ALA   0.395742   0
 160   CYS   0.112175   1.51957
 161   ARG   -0.098682   -0.405447
 162   ASP   -0.736452   0.623362
 163   VAL   -0.453546   0
 164   GLU   0.0141392   0.387915
 171   LYS   -0.137146   -0.279786
 177   CYS   0.00402501   0.202362
 184   CYS   0.0441465   0.167434
 224   THR   -0.207222   0
 225   LYS   0.173158   -0.187108
 226   GLY   0.237566   0
 227   CYS   0.36818   1.52298
 228   ASP   -0.0246035   0.280142
 229   GLU   0.222158   0.176701
 232   ASP   0.00455217   0.157749
 236   ALA   0.231184   0
 238   CYS   -1.49862   4.00739
 239   SER   0.495174   0
 240   CYS   0.0463163   0.23526
 242   ASP   0.0344632   1.42459
 243   CYS   -0.280364   1.26061
 247   CYS   0.0102457   0.149416
 515   TYR   0.0317304   0.159322
 518   ARG   -0.00192642   -0.167056
 909   CYS   -0.0064452   0.113598
 944   ASP   -0.00996624   0.14497
 945   ASP   0.00882833   0.147923
 948   ASP   0.0124602   0.226946
 951   LYS   0.00198169   -0.264447
 956   CYS   -0.0166615   0.118669
 987   LYS   0.0260145   -0.136201
 989   ARG   -0.0565392   -0.100483
1011   CYS   0.0306872   0.105813
1013   LYS   -0.0204854   -0.12902
1019   TYR   -0.0128574   0.106006
SITE:  CYS- 100
  61   GLU   0.0269398   0.151608
  63   CYS   -0.0265171   0.182684
  75   CYS   -0.00182893   0.107662
  84   LYS   0.030521   -0.139591
  90   PRO   0.346294   0
  91   LEU   0.178775   0
  94   LEU   0.665798   0
  95   SER   0.0926396   0
  96   ARG   -0.563114   -0.400663
  97   CYS   1.68442   2.7276
  98   PRO   0.21987   0
 101   PHE   -0.340268   0
 102   TYR   -0.297154   0.284866
 103   ASN   -1.12951   0
 104   LEU   -0.450627   0
 106   ASN   -0.257544   0
 109   CYS   -0.0624256   0.282484
 110   GLU   -0.0687658   0.216125
 113   CYS   -0.0178217   0.144936
 146   TYR   -0.0404959   0.314749
 153   ALA   0.146782   0
 156   MET   0.80253   0
 157   TYR   0.301674   0.316719
 160   CYS   -0.736754   5.07672
 161   ARG   -0.0114522   -0.445034
 162   ASP   -0.550337   0.514714
 163   VAL   -0.280948   0
 164   GLU   0.0497436   0.317508
 170   ASP   0.0446278   0.109131
 171   LYS   -0.155283   -0.273708
 172   ALA   -0.21394   0
 177   CYS   0.00666221   0.452317
 184   CYS   0.0822826   0.30665
 192   TYR   -0.0359957   0.123445
 224   THR   -0.284026   0
 225   LYS   0.209528   -0.180364
 226   GLY   0.181374   0
 227   CYS   0.24299   0.946409
 228   ASP   -0.00149973   0.187549
 229   GLU   0.149428   0.138696
 232   ASP   -0.00664459   0.155519
 236   ALA   0.146354   0
 238   CYS   -0.230448   1.41197
 239   SER   0.169466   0
 240   CYS   0.0367472   0.118393
 242   ASP   0.161092   0.724192
 243   CYS   -0.137869   0.626662
 515   TYR   0.0227414   0.148578
 518   ARG   -0.0218777   -0.123419
 948   ASP   0.0220068   0.158723
 951   LYS   0.00459812   -0.204963
 956   CYS   -0.0115639   0.110572
 987   LYS   0.010077   -0.153509
SITE:  TYR- 102
  61   GLU   0.0329814   0.147033
  63   CYS   -0.120607   0.398203
  64   PRO   -0.0970509   0
  65   GLY   -0.124539   0
  75   CYS   -0.00241614   0.127803
  84   LYS   0.00594768   -0.101592
  97   CYS   0.0650238   0.214855
  98   PRO   0.102661   0
  99   SER   0.291337   0
 100   CYS   0.0997086   0.284866
 103   ASN   0.427478   0
 106   ASN   -0.377868   0
 109   CYS   -0.0208646   0.565639
 110   GLU   -0.0681628   0.405624
 113   CYS   -0.0136822   0.219532
 146   TYR   -0.0119573   0.2603
 160   CYS   -0.0358939   0.203721
 222   ASN   -0.129303   0
 223   ALA   1.98142   0
 224   THR   -0.314404   0
 225   LYS   -0.105676   -0.484576
 226   GLY   0.116531   0
 227   CYS   0.0365652   0.150512
 229   GLU   0.0824426   0.21124
 231   VAL   0.0590549   0
 232   ASP   -0.0280013   0.379415
 233   GLU   -0.0602742   0.131153
 238   CYS   0.0118102   0.231243
 951   LYS   -0.0153652   -0.11775
 987   LYS   -0.0161314   -0.342937
SITE:  CYS- 109
  25   CYS   -0.0976816   0.395161
  28   TYR   -0.0511954   0.116312
  30   GLU   -0.0525709   0.149554
  38   LYS   -0.0483306   -0.109056
  55   GLY   0.111683   0
  57   ASP   0.0612336   0.122466
  58   LEU   0.14495   0
  59   VAL   0.17435   0
  61   GLU   -0.0930748   0.337823
  62   LEU   0.240221   0
  63   CYS   -0.209596   1.91926
  64   PRO   -0.0494908   0
  65   GLY   -0.284411   0
  66   PHE   -0.173709   0
  73   LEU   -0.195781   0
  74   CYS   -0.0782096   0.619421
  75   CYS   -0.00311717   0.92802
  76   ASP   0.116581   0.188908
  84   LYS   -0.018207   -0.230097
  85   ASP   -0.064802   0.114705
  97   CYS   0.0612884   0.154319
 100   CYS   0.123747   0.282484
 101   PHE   0.163808   0
 102   TYR   0.30419   0.565639
 103   ASN   0.241896   0
 104   LEU   0.229425   0
 105   LEU   1.26432   0
 106   ASN   1.91433   0
 107   LEU   0.412531   0
 110   GLU   -1.0391   1.34812
 111   LEU   -0.168737   0
 112   THR   -0.716554   0
 113   CYS   -0.303256   1.8235
 114   SER   -0.207378   0
 115   PRO   -0.0895909   0
 116   ARG   -0.14503   -0.170666
 117   GLN   -0.200664   0
 146   TYR   -0.053655   0.874263
 160   CYS   -0.0243262   0.242546
 221   ASN   -0.182499   0
 222   ASN   -0.235482   0
 223   ALA   0.155252   0
 225   LYS   0.00935647   -0.131633
 232   ASP   -0.0156703   0.231853
 238   CYS   -0.0068826   0.131842
 951   LYS   -0.00463603   -0.121855
 987   LYS   -0.00147473   -0.291054
SITE:  GLU- 110
  23   GLN   -0.210768   0
  25   CYS   -0.0831106   0.436064
  61   GLU   -0.00903823   0.115485
  63   CYS   0.00154187   0.594387
  74   CYS   -0.031747   0.466282
  75   CYS   -0.0113413   0.394883
  97   CYS   0.0425643   0.109335
 100   CYS   0.117356   0.216125
 102   TYR   0.109197   0.405624
 103   ASN   0.346951   0
 104   LEU   0.187737   0
 105   LEU   0.195537   0
 106   ASN   0.389288   0
 107   LEU   0.537464   0
 109   CYS   -0.170119   1.34812
 111   LEU   -0.244054   0
 112   THR   -0.280859   0
 113   CYS   -0.280498   0.816444
 114   SER   -0.613086   0
 115   PRO   -0.10307   0
 116   ARG   -0.343021   -0.405021
 117   GLN   -0.133485   0
 119   GLN   -0.189657   0
 146   TYR   0.0444939   2.14898
 147   TYR   0.260108   0.138474
 148   VAL   -0.200318   0
 149   GLY   0.032387   0
 160   CYS   -0.0342542   0.223708
 211   ASP   0.0298906   0.167369
 218   GLU   0.058068   0.244074
 219   PRO   -0.29278   0
 220   MET   -0.764202   0
 221   ASN   -0.71062   0
 222   ASN   -0.582466   0
 225   LYS   0.0252596   -0.114279
 232   ASP   -0.00779111   0.115517
 987   LYS   -0.00466463   -0.135416
SITE:  CYS- 113
  23   GLN   -0.22726   0
  25   CYS   -0.346044   1.17136
  26   VAL   0.322716   0
  27   TRP   0.431148   0
  28   TYR   -0.195984   0.359847
  30   GLU   -0.103284   0.311061
  31   CYS   -0.0308584   0.120793
  37   ASP   0.027547   0.119548
  38   LYS   -0.0579255   -0.135828
  42   CYS   0.0791049   0.231715
  43   GLU   -0.111328   0.105301
  44   TYR   0.0935566   0.135178
  48   PRO   -0.219916   0
  49   LYS   0.191162   -0.129928
  51   LEU   -0.192864   0
  54   ASP   -0.0296473   0.10833
  55   GLY   0.196653   0
  56   TYR   0.13354   0.129081
  57   ASP   0.022867   0.136275
  59   VAL   0.0389005   0
  61   GLU   -0.14497   0.281461
  62   LEU   -0.20998   0
  63   CYS   0.54388   2.04418
  64   PRO   0.0047164   0
  66   PHE   -0.354349   0
  73   LEU   -0.618897   0
  74   CYS   -0.487924   2.3734
  75   CYS   -0.171487   2.98165
  76   ASP   0.248824   0.514874
  77   VAL   0.110793   0
  78   ARG   0.0112241   -0.152466
  79   GLN   0.0736837   0
  80   LEU   -0.116676   0
  83   LEU   -0.19528   0
  84   LYS   -0.0442053   -0.197451
  85   ASP   -0.083694   0.137505
 100   CYS   0.0547396   0.144936
 102   TYR   0.0993808   0.219532
 104   LEU   0.123277   0
 105   LEU   0.248792   0
 106   ASN   0.377283   0
 107   LEU   0.24499   0
 108   PHE   0.287857   0
 109   CYS   1.97093   1.8235
 110   GLU   0.459148   0.816444
 111   LEU   0.0694819   0
 112   THR   -1.08255   0
 114   SER   -0.123798   0
 115   PRO   -0.0367646   0
 116   ARG   -0.232554   -0.198613
 117   GLN   -0.666408   0
 146   TYR   -0.0505463   0.648559
 160   CYS   -0.00914275   0.138245
 202   PRO   -0.104349   0
 232   ASP   -0.0058981   0.106532
 987   LYS   -0.00354888   -0.148121
SITE:  ARG- 116
  23   GLN   -0.571876   0
  25   CYS   0.0443696   0.40316
  63   CYS   0.00796309   0.129196
  74   CYS   -0.0203621   0.244255
  75   CYS   -0.00656124   0.105936
 109   CYS   0.0221132   0.170666
 110   GLU   0.0760357   0.405021
 113   CYS   -0.00693398   0.198613
 115   PRO   -0.0973082   0
 119   GLN   -0.431518   0
 146   TYR   -0.023954   0.227755
 218   GLU   0.599366   1.06078
 219   PRO   0.0884875   0
 220   MET   0.154829   0
SITE:  GLU- 127
  31   CYS   0.00925914   0.189507
  40   TYR   -0.244041   0.619615
  42   CYS   -0.0433272   0.157846
  43   GLU   -0.0672736   0.132931
 126   THR   -0.368954   0
 128   ASP   -0.395942   0.361842
 129   TYR   -0.0399459   0.182827
 138   LYS   0.150316   -0.111131
 139   THR   -0.29365   0
 140   ASN   -0.112176   0
 142   LYS   0.0102003   -1.94661
 143   GLU   0.0242546   0.170413
 196   LYS   -0.0291827   -0.12562
SITE:  ASP- 128
  31   CYS   0.00491474   0.145766
  42   CYS   -0.0454546   0.12553
  43   GLU   0.0073617   0.179862
 127   GLU   -0.324188   0.361842
 129   TYR   -0.0892563   0.10085
 131   ASP   -0.0410392   0.146892
 137   THR   -1.29541   0
 138   LYS   0.245534   -0.17168
 142   LYS   -0.0144722   -0.118018
SITE:  TYR- 129
  30   GLU   0.00536922   0.290779
  31   CYS   1.97809   1.19312
  32   GLY   -0.244404   0
  33   ILE   0.137297   0
  39   ARG   -0.324496   -0.398485
  40   TYR   0.111256   0.175149
  42   CYS   0.0377399   0.406858
  76   ASP   -0.0203808   0.112791
  78   ARG   -0.0479905   -0.120251
 127   GLU   0.0709708   0.182827
 128   ASP   -0.0939159   0.10085
 130   VAL   0.113946   0
 131   ASP   -0.167538   0.753056
 132   PRO   -0.187261   0
 138   LYS   0.120751   -0.559654
 142   LYS   0.0108726   -0.115783
SITE:  ASP- 131
  28   TYR   0.0400642   0.118948
  30   GLU   -0.0142392   0.205391
  31   CYS   0.253556   1.10694
  32   GLY   0.0204014   0
  39   ARG   -0.106788   -0.151466
  42   CYS   0.0198364   0.425241
  76   ASP   -0.0248842   0.11937
 128   ASP   -0.139547   0.146892
 129   TYR   0.280232   0.753056
 130   VAL   -0.322904   0
 132   PRO   -0.351131   0
 133   VAL   -0.378248   0
 134   THR   -0.559208   0
 135   ASN   -0.476958   0
 136   GLN   -0.774226   0
 137   THR   -0.331158   0
 138   LYS   0.08529   -2.65251
SITE:  LYS- 138
  28   TYR   0.105169   0.218775
  30   GLU   -0.072776   0.312316
  31   CYS   0.23532   2.27796
  32   GLY   0.033098   0
  39   ARG   -0.138997   -0.153535
  42   CYS   0.0769633   0.960227
  43   GLU   0.00269625   0.160616
  44   TYR   0.0198718   0.14845
  74   CYS   0.0288424   0.109062
  75   CYS   -0.0178434   0.11286
  76   ASP   -0.0529082   0.197942
 127   GLU   0.0854074   0.111131
 128   ASP   -0.183475   0.17168
 129   TYR   0.154244   0.559654
 131   ASP   0.881352   2.65251
 136   GLN   -0.336037   0
 137   THR   -0.3141   0
 140   ASN   0.252641   0
SITE:  LYS- 142
  31   CYS   -0.000280621   0.106351
  35   TYR   0.0043106   0.157512
  40   TYR   -0.253414   1.07262
  42   CYS   -0.0150109   0.102527
 125   ALA   0.174514   0
 127   GLU   0.948644   1.94661
 128   ASP   -0.00735535   0.118018
 129   TYR   -0.0383317   0.115783
 143   GLU   -0.271322   0.411305
 196   LYS   -0.0429412   -0.208774
SITE:  GLU- 143
  35   TYR   0.00846238   0.110712
  40   TYR   -0.000782898   0.289232
  43   GLU   -0.0678556   0.102437
 122   ASN   0.137978   0
 123   VAL   -0.249932   0
 124   THR   -0.573651   0
 125   ALA   0.2242   0
 127   GLU   0.039318   0.170413
 141   VAL   -0.161381   0
 142   LYS   0.12921   -0.411305
 144   LEU   0.321171   0
 146   TYR   0.00489257   0.190015
 147   TYR   0.0314042   0.15652
 191   GLU   0.0981882   0.274573
 196   LYS   -0.0898732   -0.204247
 197   ASP   -0.059755   0.116717
 203   PHE   -0.269878   0
 204   THR   -0.0678552   0
 205   ILE   -0.488636   0
 206   THR   -0.314084   0
 207   PRO   0.000724154   0
SITE:  TYR- 146
  23   GLN   -0.167632   0
  25   CYS   -0.102638   0.371316
  30   GLU   -0.0532337   0.12055
  38   LYS   -0.047009   -0.116154
  61   GLU   -0.0144082   0.101489
  63   CYS   0.0124192   0.384387
  74   CYS   0.000435331   0.419117
  75   CYS   -0.0014626   0.382235
  97   CYS   0.0587122   0.138636
 100   CYS   0.15538   0.314749
 102   TYR   0.108652   0.2603
 103   ASN   0.31503   0
 104   LEU   0.297048   0
 105   LEU   0.216468   0
 106   ASN   -0.103657   0
 107   LEU   0.515184   0
 108   PHE   0.160648   0
 109   CYS   -0.187864   0.874263
 110   GLU   -1.07418   2.14898
 111   LEU   -0.64253   0
 112   THR   -0.169073   0
 113   CYS   -0.193797   0.648559
 114   SER   -0.271828   0
 116   ARG   -0.160345   -0.227755
 117   GLN   -0.0539002   0
 119   GLN   -0.19557   0
 120   PHE   0.44709   0
 121   LEU   -0.142355   0
 143   GLU   -0.0393627   0.190015
 147   TYR   0.568246   0.299373
 148   VAL   -0.410032   0
 149   GLY   0.195526   0
 156   MET   -0.272116   0
 157   TYR   -0.0544246   0.115103
 160   CYS   -0.0516023   0.384388
 177   CYS   -0.0116865   0.193737
 184   CYS   0.0131965   0.105756
 190   ILE   -0.0529644   0
 191   GLU   0.0640265   0.18361
 202   PRO   -0.0903127   0
 206   THR   0.208101   0
 207   PRO   -0.340918   0
 208   VAL   0.169808   0
 209   PHE   -0.195104   0
 210   SER   0.164054   0
 211   ASP   0.0478518   0.249113
 218   GLU   0.0591135   0.232908
 219   PRO   -0.54741   0
 220   MET   0.394891   0
 221   ASN   -0.553803   0
 222   ASN   0.122059   0
 238   CYS   -0.00822646   0.107551
SITE:  TYR- 147
  25   CYS   -0.0311326   0.117891
 110   GLU   -0.00676085   0.138474
 121   LEU   -0.309979   0
 122   ASN   -0.369144   0
 143   GLU   -0.0330742   0.15652
 145   GLN   0.00304075   0
 146   TYR   -0.0308587   0.299373
 206   THR   0.179663   0
 208   VAL   0.0483081   0
 210   SER   0.21812   0
 211   ASP   -0.0227241   0.10644
 212   PHE   0.143737   0
 213   PRO   -0.175498   0
 214   VAL   0.432052   0
 215   HIS   -0.109105   -2.22512
 216   GLY   -0.175509   0
 217   MET   -0.247106   0
 218   GLU   -0.0589806   0.21781
 219   PRO   -0.0921292   0
SITE:  TYR- 157
  97   CYS   0.0394952   0.180386
 100   CYS   0.0119416   0.316719
 146   TYR   -0.00871445   0.115103
 160   CYS   -0.0517636   0.577296
 161   ARG   -0.297407   -0.377002
 162   ASP   -0.0425497   0.344699
 170   ASP   -0.0388374   0.109797
 171   LYS   -0.0989314   -0.319678
 173   LEU   -0.160285   0
 177   CYS   0.102747   0.779055
 179   LYS   0.0521472   -0.171094
 180   ASP   0.185713   0.209421
 181   ALA   0.275552   0
 182   ASP   0.290554   0.325666
 184   CYS   2.25039   2.01391
 185   ASN   -0.00587417   0
 188   ASN   -0.146494   0
 189   TRP   -0.122699   0
 227   CYS   -0.00181739   0.175694
 238   CYS   -0.0193146   0.117845
 242   ASP   0.0251278   0.104736
 243   CYS   -0.031178   0.159265
SITE:  CYS- 160
  61   GLU   0.0114727   0.104009
  63   CYS   -0.0154669   0.144151
  75   CYS   -0.00189155   0.104729
  84   LYS   0.0163397   -0.102869
  90   PRO   0.20117   0
  91   LEU   0.129767   0
  94   LEU   0.0136339   0
  96   ARG   -0.380741   -0.26948
  97   CYS   0.553934   1.51957
  98   PRO   0.116309   0
 100   CYS   0.538162   5.07672
 102   TYR   -0.13368   0.203721
 103   ASN   -0.800612   0
 104   LEU   -0.298504   0
 106   ASN   -0.179865   0
 107   LEU   -0.167405   0
 109   CYS   -0.0541576   0.242546
 110   GLU   -0.0708903   0.223708
 113   CYS   -0.0207658   0.138245
 146   TYR   -0.044433   0.384388
 152   PHE   0.17334   0
 153   ALA   0.247076   0
 155   ALA   0.198054   0
 156   MET   1.66262   0
 157   TYR   0.755832   0.577296
 158   ASN   0.107026   0
 159   ALA   -0.202372   0
 161   ARG   -0.2551   -0.738027
 162   ASP   -0.62611   0.633061
 163   VAL   -0.116485   0
 164   GLU   0.0419224   0.273054
 170   ASP   0.0139052   0.129862
 171   LYS   -0.172768   -0.338376
 172   ALA   -0.23893   0
 173   LEU   -0.225442   0
 176   LEU   -0.171989   0
 177   CYS   0.0669699   0.804257
 184   CYS   0.142817   0.550269
 191   GLU   0.00100687   0.110726
 192   TYR   -0.0650192   0.164453
 224   THR   -0.236286   0
 225   LYS   0.183266   -0.131937
 226   GLY   0.0872289   0
 227   CYS   0.158412   0.777308
 228   ASP   -0.0109966   0.162291
 229   GLU   0.0850764   0.105493
 238   CYS   -0.141533   0.891537
 239   SER   0.124813   0
 240   CYS   0.0316934   0.100539
 242   ASP   0.172731   0.515364
 243   CYS   -0.125022   0.550704
 515   TYR   0.016014   0.111216
 518   ARG   -0.0252771   -0.108204
 951   LYS   0.00240245   -0.126778
SITE:  ARG- 161
  97   CYS   0.0362274   0.405447
 100   CYS   -0.0687972   0.445034
 156   MET   0.185216   0
 157   TYR   0.245133   0.377002
 158   ASN   0.614605   0
 159   ALA   0.168963   0
 160   CYS   0.00277372   0.738027
 162   ASP   -0.484534   1.2955
 164   GLU   -0.0192755   0.123399
 171   LYS   -0.0919547   -0.436081
 177   CYS   0.0134504   0.164824
 182   ASP   0.0518888   0.127575
 184   CYS   0.0668302   0.252349
 227   CYS   -0.0871386   0.701396
 228   ASP   0.0201821   0.217595
 238   CYS   -0.0517657   0.306614
 240   CYS   0.0374395   0.110818
 242   ASP   0.0739584   0.212433
 243   CYS   -0.139362   0.701263
 244   SER   -0.349331   0
 245   ILE   -0.166209   0
 247   CYS   0.0302237   0.141079
SITE:  ASP- 162
  96   ARG   -0.165165   -0.208641
  97   CYS   -0.0150437   0.623362
 100   CYS   -0.105004   0.514714
 156   MET   0.153357   0
 157   TYR   0.262916   0.344699
 158   ASN   0.323974   0
 159   ALA   0.307326   0
 160   CYS   0.165776   0.633061
 161   ARG   -1.09247   -1.2955
 163   VAL   -0.0248994   0
 164   GLU   -0.0743559   0.33696
 170   ASP   0.0299331   0.178499
 171   LYS   -0.281924   -1.77509
 177   CYS   0.0170622   0.207492
 182   ASP   0.0359811   0.151414
 184   CYS   0.0826788   0.301599
 227   CYS   -0.0693453   0.750406
 228   ASP   0.0139955   0.177693
 238   CYS   -0.102178   0.418035
 239   SER   0.192199   0
 240   CYS   0.16931   0.257165
 242   ASP   0.22724   0.537547
 243   CYS   -0.568846   1.17551
 244   SER   -1.95065   0
 245   ILE   -0.173686   0
 247   CYS   0.0597928   0.247757
 518   ARG   -0.0106517   -0.167846
SITE:  GLU- 164
  96   ARG   -1.22411   -1.92827
  97   CYS   -0.0377521   0.387915
 100   CYS   -0.0725324   0.317508
 160   CYS   0.111966   0.273054
 161   ARG   -0.0328522   -0.123399
 162   ASP   0.0172256   0.33696
 163   VAL   -0.28767   0
 165   ALA   0.514636   0
 166   PRO   -0.00665488   0
 168   SER   0.515003   0
 169   ASN   0.132133   0
 170   ASP   0.386006   0.312152
 171   LYS   -0.144882   -0.425568
 172   ALA   -0.149602   0
 177   CYS   -0.00420157   0.11187
 184   CYS   0.0246178   0.106127
 227   CYS   0.0134592   0.158708
 238   CYS   -0.0822532   0.243864
 240   CYS   0.0829386   0.278103
 241   GLN   -1.16995   0
 242   ASP   0.200452   1.40606
 243   CYS   -0.0375212   0.271904
 247   CYS   0.0177788   0.164148
 420   TYR   -0.00759049   0.115657
 487   TYR   0.0039839   0.19141
 512   HIS   0.0428531   -0.118093
 515   TYR   0.125773   0.315981
 516   CYS   0.0302242   0.216204
 518   ARG   -0.843436   -2.22793
 525   ASP   0.030045   0.141428
 533   CYS   0.0183743   0.164221
 550   TYR   -0.0198929   0.158691
 555   TYR   -0.0749578   0.321606
 944   ASP   -0.0195083   0.112754
 945   ASP   0.0109778   0.147275
 948   ASP   -0.00729372   0.145659
 951   LYS   0.00249741   -0.13582
1013   LYS   -0.0168731   -0.154205
1019   TYR   -0.00710961   0.128109
SITE:  ASP- 170
  96   ARG   -0.0866065   -0.140034
 100   CYS   -0.0129691   0.109131
 157   TYR   0.021276   0.109797
 160   CYS   0.0453132   0.129862
 162   ASP   0.0388428   0.178499
 164   GLU   -0.265622   0.312152
 166   PRO   0.16351   0
 168   SER   -0.121541   0
 169   ASN   -0.42999   0
 171   LYS   -0.00397112   -0.39509
 174   GLY   -0.145666   0
 177   CYS   -0.0274289   0.171212
 180   ASP   -0.157611   0.197085
 182   ASP   -0.0701564   0.163513
 184   CYS   0.0329447   0.186486
 242   ASP   -0.00639503   0.16491
 420   TYR   -0.0211629   0.266537
 425   SER   0.153823   0
 426   GLY   -0.161171   0
 428   ASP   0.00744827   0.10983
 512   HIS   0.0220699   -0.100869
 515   TYR   0.00103747   0.11263
 516   CYS   -6.80294e-05   0.117218
 518   ARG   -0.153157   -0.257321
 525   ASP   0.0483162   0.136975
 555   TYR   -0.0373904   0.104056
SITE:  LYS- 171
  96   ARG   -0.135766   -0.20424
  97   CYS   -0.00395774   0.279786
 100   CYS   -0.0425641   0.273708
 157   TYR   0.113073   0.319678
 160   CYS   0.1132   0.338376
 161   ARG   -0.125324   -0.436081
 162   ASP   0.550502   1.77509
 163   VAL   0.350968   0
 164   GLU   -0.22676   0.425568
 170   ASP   -0.127441   0.39509
 172   ALA   -0.223132   0
 177   CYS   0.0104704   0.213198
 180   ASP   -0.0401262   0.116166
 182   ASP   0.0129619   0.200961
 184   CYS   0.0901712   0.345252
 227   CYS   -0.0172415   0.232032
 238   CYS   -0.0427916   0.180241
 240   CYS   0.161305   0.220314
 242   ASP   -0.0501802   0.391652
 243   CYS   -0.14779   0.39224
 247   CYS   0.048934   0.195636
 518   ARG   -0.0335405   -0.234555
SITE:  CYS- 177
  90   PRO   -0.00496802   0
  97   CYS   0.0485291   0.202362
 100   CYS   0.0467473   0.452317
 146   TYR   -0.0177675   0.193737
 157   TYR   -0.215604   0.779055
 160   CYS   0.10854   0.804257
 161   ARG   -0.11529   -0.164824
 162   ASP   -0.0794987   0.207492
 163   VAL   0.0995718   0
 164   GLU   -0.0210926   0.11187
 170   ASP   -0.0616872   0.171212
 171   LYS   0.041406   -0.213198
 173   LEU   1.0672   0
 174   GLY   0.181036   0
 175   LEU   -0.273104   0
 176   LEU   -0.509474   0
 178   GLY   -0.175618   0
 179   LYS   0.425016   -0.461671
 180   ASP   0.495476   0.449481
 182   ASP   -0.0136896   0.181358
 184   CYS   -0.119697   2.37949
 185   ASN   0.485818   0
 188   ASN   -0.26629   0
 189   TRP   0.186178   0
 190   ILE   0.0660679   0
 191   GLU   -0.146506   0.249595
 192   TYR   -0.246199   0.5331
 197   ASP   -0.0613598   0.111866
 227   CYS   0.0119989   0.11828
 238   CYS   -0.0232016   0.117856
 242   ASP   0.0338833   0.127377
 243   CYS   -0.0232874   0.1093
SITE:  LYS- 179
 157   TYR   -0.0309604   0.171094
 174   GLY   0.0623742   0
 177   CYS   -0.0126356   0.461671
 180   ASP   0.969235   2.12424
 182   ASP   -0.205646   0.19729
 183   ALA   -0.213425   0
 184   CYS   -0.0799475   0.530417
 191   GLU   -0.0788946   0.111039
 192   TYR   -0.0067768   0.184518
SITE:  ASP- 180
 157   TYR   -0.0161604   0.209421
 170   ASP   -0.0698392   0.197085
 171   LYS   0.039704   -0.116166
 174   GLY   0.0169893   0
 177   CYS   -0.0422526   0.449481
 179   LYS   0.0432526   -2.12424
 181   ALA   -0.316517   0
 182   ASP   -0.712908   0.421364
 183   ALA   -0.700132   0
 184   CYS   -0.00915266   0.697169
 192   TYR   -0.00786757   0.135051
SITE:  ASP- 182
 157   TYR   0.0184975   0.325666
 161   ARG   -0.0169482   -0.127575
 162   ASP   0.022144   0.151414
 170   ASP   -0.0510206   0.163513
 171   LYS   -0.0208608   -0.200961
 177   CYS   0.00695011   0.181358
 179   LYS   0.00128915   -0.19729
 180   ASP   0.0714414   0.421364
 183   ALA   -0.307713   0
 184   CYS   0.00653883   0.466453
SITE:  CYS- 184
  97   CYS   0.0314685   0.167434
 100   CYS   0.00845772   0.30665
 146   TYR   -0.00772676   0.105756
 157   TYR   -0.637908   2.01391
 160   CYS   0.063674   0.550269
 161   ARG   -0.0411256   -0.252349
 162   ASP   -0.0576775   0.301599
 163   VAL   0.134304   0
 164   GLU   -0.0358688   0.106127
 170   ASP   -0.0784257   0.186486
 171   LYS   -0.0371289   -0.345252
 173   LEU   -0.204255   0
 174   GLY   0.0439898   0
 176   LEU   -0.218016   0
 177   CYS   0.376937   2.37949
 179   LYS   0.178412   -0.530417
 180   ASP   1.22225   0.697169
 181   ALA   -0.140736   0
 182   ASP   0.105265   0.466453
 183   ALA   -0.284636   0
 185   ASN   0.320451   0
 188   ASN   -0.257884   0
 191   GLU   -0.116744   0.14848
 192   TYR   -0.0842691   0.196086
 227   CYS   0.00493312   0.129998
 238   CYS   -0.018977   0.104381
 242   ASP   0.0264922   0.11558
 243   CYS   -0.0309139   0.127504
SITE:  GLU- 191
 143   GLU   0.0186317   0.274573
 146   TYR   0.0261834   0.18361
 160   CYS   -0.00337562   0.110726
 177   CYS   0.0147008   0.249595
 179   LYS   0.00179617   -0.111039
 184   CYS   -0.0562998   0.14848
 187   THR   0.467061   0
 190   ILE   0.0288906   0
 192   TYR   -0.286092   0.145163
 193   MET   -0.16391   0
 194   PHE   -0.230762   0
 195   ASN   -0.264052   0
 197   ASP   -0.0944765   0.15388
 205   ILE   0.193747   0
 207   PRO   -0.120469   0
SITE:  TYR- 192
  35   TYR   0.0254291   0.103931
  38   LYS   -0.0237528   -0.146979
 100   CYS   0.01904   0.123445
 160   CYS   0.0196687   0.164453
 175   LEU   0.12991   0
 176   LEU   0.161746   0
 177   CYS   -0.292712   0.5331
 178   GLY   -0.0884082   0
 179   LYS   0.0797658   -0.184518
 180   ASP   0.0483175   0.135051
 184   CYS   -0.0382216   0.196086
 191   GLU   -0.0493938   0.145163
 196   LYS   0.0299114   -0.149506
 197   ASP   -0.138609   0.275305
 200   GLN   -0.247428   0
 423   TYR   -0.0210934   0.117956
SITE:  LYS- 196
  30   GLU   -0.0460623   0.106694
  34   ALA   -0.324312   0
  35   TYR   1.00201   2.18789
  37   ASP   0.00797756   0.345074
  38   LYS   -0.278056   -0.538967
  39   ARG   0.0951089   -0.152176
  40   TYR   0.0522202   0.538362
  85   ASP   -0.0298724   0.10359
 127   GLU   0.0365918   0.12562
 142   LYS   0.0593206   -0.208774
 143   GLU   0.0190249   0.204247
 192   TYR   0.0467912   0.149506
 195   ASN   0.186925   0
 197   ASP   -0.463702   0.389233
 198   ASN   -0.183449   0
 199   GLY   0.589341   0
 201   ALA   1.39339   0
 202   PRO   0.608803   0
 204   THR   0.214   0
SITE:  ASP- 197
  35   TYR   0.0133847   0.243369
  40   TYR   0.00550321   0.107435
 143   GLU   0.0107063   0.116717
 177   CYS   0.0138388   0.111866
 191   GLU   0.00394407   0.15388
 192   TYR   0.0447542   0.275305
 195   ASN   0.250728   0
 196   LYS   0.370243   -0.389233
 198   ASN   -0.388768   0
SITE:  ASP- 211
 110   GLU   -0.01302   0.167369
 146   TYR   0.02464   0.249113
 147   TYR   -0.0480708   0.10644
 148   VAL   0.0893708   0
 149   GLY   -1.03519   0
 150   GLN   -0.818485   0
 151   SER   -1.17006   0
 152   PHE   -0.237124   0
 208   VAL   0.120111   0
 210   SER   -0.126313   0
 218   GLU   -0.155486   0.163991
 219   PRO   -0.132308   0
 221   ASN   -0.259842   0
SITE:  HIS- 215
 147   TYR   -1.10052   2.22512
 214   VAL   0.0639894   0
 216   GLY   -0.286487   0
 217   MET   -0.115605   0
SITE:  GLU- 218
  23   GLN   -0.353022   0
  25   CYS   -0.00371851   0.134847
 110   GLU   0.0167271   0.244074
 116   ARG   -0.626886   -1.06078
 119   GLN   -1.13858   0
 146   TYR   -0.0394865   0.232908
 147   TYR   0.0738913   0.21781
 211   ASP   0.0170231   0.163991
 213   PRO   -0.178157   0
 217   MET   -0.225284   0
 219   PRO   0.13078   0
SITE:  LYS- 225
  63   CYS   -0.0297252   0.101922
  97   CYS   0.0359264   0.187108
 100   CYS   0.0218606   0.180364
 102   TYR   -0.0829301   0.484576
 109   CYS   -0.00805076   0.131633
 110   GLU   -0.011224   0.114279
 160   CYS   -0.0272554   0.131937
 226   GLY   0.0921552   0
 227   CYS   0.0567046   0.211311
 228   ASP   -0.0684938   0.175764
 229   GLU   0.414183   1.33674
 230   SER   0.860422   0
 231   VAL   0.0375503   0
 232   ASP   0.0188525   0.283089
 233   GLU   -0.0433628   0.154249
 238   CYS   0.0269815   0.256213
 243   CYS   -0.00706417   0.109625
 987   LYS   -0.0114778   -0.1475
SITE:  CYS- 227
  96   ARG   -0.115991   -0.171354
  97   CYS   0.157079   1.52298
  99   SER   -0.595648   0
 100   CYS   -0.278268   0.946409
 102   TYR   -0.147376   0.150512
 103   ASN   -0.455611   0
 155   ALA   0.167015   0
 156   MET   0.288555   0
 157   TYR   0.181137   0.175694
 158   ASN   0.436904   0
 159   ALA   0.228174   0
 160   CYS   -0.00901574   0.777308
 161   ARG   -0.0270987   -0.701396
 162   ASP   -0.487484   0.750406
 164   GLU   -0.0110694   0.158708
 171   LYS   -0.0768359   -0.232032
 177   CYS   0.00614031   0.11828
 184   CYS   0.036079   0.129998
 224   THR   -0.175798   0
 225   LYS   0.123402   -0.211311
 226   GLY   -0.0427338   0
 228   ASP   -0.171516   0.939718
 229   GLU   0.168157   0.253368
 237   PRO   -0.266858   0
 238   CYS   -0.110662   2.06677
 239   SER   0.305241   0
 240   CYS   0.032248   0.23353
 242   ASP   0.0811141   0.432355
 243   CYS   -0.627937   3.07918
 244   SER   -0.320736   0
 245   ILE   -0.443253   0
 246   VAL   -0.1866   0
 247   CYS   0.0179282   0.21997
SITE:  ASP- 228
  97   CYS   0.0104136   0.280142
 100   CYS   -0.034868   0.187549
 160   CYS   -0.0168404   0.162291
 161   ARG   0.0198301   -0.217595
 162   ASP   -0.0775615   0.177693
 225   LYS   -0.0522351   -0.175764
 226   GLY   -0.253389   0
 227   CYS   -0.481078   0.939718
 229   GLU   -0.296358   0.405274
 237   PRO   -0.156868   0
 238   CYS   0.0481784   0.474018
 240   CYS   -0.0249844   0.117417
 242   ASP   -0.0107843   0.116796
 243   CYS   0.069917   0.582842
 245   ILE   -0.270226   0
 247   CYS   -0.0125996   0.153789
SITE:  GLU- 229
  97   CYS   0.0131174   0.176701
 100   CYS   -0.00762693   0.138696
 102   TYR   -0.0573954   0.21124
 160   CYS   -0.0193597   0.105493
 225   LYS   -0.35829   -1.33674
 226   GLY   0.105037   0
 227   CYS   0.033678   0.253368
 228   ASP   -0.352246   0.405274
 230   SER   0.139569   0
 232   ASP   0.0214645   0.136745
 238   CYS   0.043367   0.28406
 243   CYS   -0.000623339   0.13813
SITE:  ASP- 232
  60   GLN   0.207284   0
  61   GLU   0.0397265   0.18258
  63   CYS   -0.0653874   0.235325
  64   PRO   -0.0854333   0
  84   LYS   0.00944501   -0.12648
  97   CYS   0.00807994   0.157749
 100   CYS   0.00264685   0.155519
 102   TYR   0.0165253   0.379415
 109   CYS   -0.00995378   0.231853
 110   GLU   -0.0223092   0.115517
 113   CYS   0.00104832   0.106532
 225   LYS   -0.0427036   -0.283089
 229   GLU   0.0147436   0.136745
 230   SER   -0.384966   0
 231   VAL   -0.199286   0
 233   GLU   -1.07963   0.720942
 234   VAL   -0.568348   0
 235   THR   0.0422648   0
 238   CYS   0.00952735   0.185675
 909   CYS   -0.00042479   0.156528
 912   MET   -0.158716   0
 914   CYS   0.000414968   0.125975
 944   ASP   0.0230788   0.130904
 946   TYR   0.0237866   0.108722
 948   ASP   0.0427645   0.212988
 951   LYS   -0.0810876   -0.281714
 952   PRO   -0.0709727   0
 956   CYS   -0.0214192   0.108001
 957   CYS   0.0183816   0.145679
 980   ARG   -0.0934236   -0.137817
 984   PRO   0.199545   0
 985   GLU   0.0544756   0.145087
 987   LYS   -0.166349   -0.818779
 989   ARG   -0.0569086   -0.251811
SITE:  GLU- 233
 102   TYR   0.00400974   0.131153
 225   LYS   -0.00930594   -0.154249
 232   ASP   -0.161481   0.720942
 234   VAL   -0.352018   0
 909   CYS   0.0221032   0.215064
 912   MET   -0.232286   0
 914   CYS   0.00350112   0.228835
 944   ASP   0.033127   0.124976
 946   TYR   0.0119853   0.111936
 948   ASP   0.0140756   0.124103
 951   LYS   -0.0612276   -0.130397
 980   ARG   -0.0855519   -0.161685
 984   PRO   0.196633   0
 985   GLU   0.0647994   0.17698
 987   LYS   -0.134158   -0.295977
 988   GLN   -1.13784   0
 989   ARG   0.0693714   -0.459644
SITE:  CYS- 238
  94   LEU   0.246287   0
  96   ARG   -0.187857   -0.369186
  97   CYS   0.0744664   4.00739
  98   PRO   -0.153179   0
  99   SER   -1.66318   0
 100   CYS   -0.643525   1.41197
 102   TYR   -0.258296   0.231243
 103   ASN   -0.514728   0
 109   CYS   -0.0205328   0.131842
 146   TYR   -0.0110125   0.107551
 156   MET   0.269828   0
 157   TYR   0.134065   0.117845
 158   ASN   0.185911   0
 160   CYS   -0.012501   0.891537
 161   ARG   -0.0596755   -0.306614
 162   ASP   -0.373948   0.418035
 163   VAL   -0.201494   0
 164   GLU   0.0111822   0.243864
 171   LYS   -0.0650626   -0.180241
 177   CYS   0.00529997   0.117856
 184   CYS   0.0284926   0.104381
 224   THR   -0.225668   0
 225   LYS   0.08148   -0.256213
 226   GLY   0.609896   0
 227   CYS   0.539726   2.06677
 228   ASP   -0.0181668   0.474018
 229   GLU   0.50806   0.28406
 230   SER   -0.306196   0
 231   VAL   -0.175878   0
 232   ASP   0.0155623   0.185675
 236   ALA   0.412683   0
 237   PRO   -0.6586   0
 239   SER   0.489243   0
 240   CYS   0.0131122   0.26513
 242   ASP   -0.116666   0.818469
 243   CYS   -0.213756   1.45841
 245   ILE   -0.168241   0
 247   CYS   0.00114297   0.172652
 515   TYR   0.0230066   0.112874
 518   ARG   0.0152342   -0.123992
 909   CYS   -0.00407102   0.130406
 914   CYS   0.00656669   0.110051
 944   ASP   -0.00946561   0.156111
 945   ASP   0.00374139   0.140216
 948   ASP   0.00841714   0.219804
 951   LYS   -0.0109862   -0.245068
 987   LYS   0.0243728   -0.133094
 989   ARG   -0.0515473   -0.116812
1013   LYS   -0.0154176   -0.11975
1019   TYR   -0.0103779   0.102526
SITE:  CYS- 240
  96   ARG   0.0140772   -0.215286
  97   CYS   -0.0453602   0.23526
 100   CYS   -0.0371372   0.118393
 160   CYS   0.0193598   0.100539
 161   ARG   -0.0176325   -0.110818
 162   ASP   0.0124806   0.257165
 164   GLU   -0.0300773   0.278103
 171   LYS   -0.0165109   -0.220314
 227   CYS   -0.00741294   0.23353
 228   ASP   0.000786858   0.117417
 238   CYS   0.0362747   0.26513
 239   SER   0.0308699   0
 241   GLN   -0.213272   0
 242   ASP   -0.272886   0.392125
 243   CYS   0.635876   0.579911
 246   VAL   -0.204864   0
 247   CYS   0.212698   1.47723
 248   GLY   0.164015   0
 250   LYS   -0.0702878   -0.19835
 518   ARG   0.0549843   -0.233772
 550   TYR   -0.0130308   0.118452
 555   TYR   -0.0216428   0.179375
 930   ASP   -0.0432484   0.112245
 944   ASP   -0.01422   0.105906
SITE:  ASP- 242
  93   PHE   0.235491   0
  94   LEU   0.148095   0
  96   ARG   -0.646848   -2.66053
  97   CYS   -0.307374   1.42459
  98   PRO   -0.00197219   0
 100   CYS   -0.229241   0.724192
 157   TYR   0.0764649   0.104736
 160   CYS   0.182982   0.515364
 161   ARG   -0.0637764   -0.212433
 162   ASP   -0.33206   0.537547
 163   VAL   -1.01157   0
 164   GLU   -0.632534   1.40606
 166   PRO   -0.0253074   0
 170   ASP   0.148573   0.16491
 171   LYS   -0.143214   -0.391652
 172   ALA   -0.152153   0
 177   CYS   0.00128087   0.127377
 184   CYS   0.0299338   0.11558
 227   CYS   0.0499308   0.432355
 228   ASP   -0.0078524   0.116796
 238   CYS   -0.465802   0.818469
 239   SER   0.45544   0
 240   CYS   0.0602553   0.392125
 241   GLN   -0.574836   0
 243   CYS   -0.17552   0.823702
 247   CYS   0.0145182   0.196505
 487   TYR   0.000352538   0.13338
 515   TYR   0.07461   0.256694
 516   CYS   0.0208018   0.142933
 518   ARG   -0.0183202   -0.432001
 525   ASP   0.0179422   0.101043
 533   CYS   0.0135746   0.130144
 550   TYR   -0.0116412   0.111308
 555   TYR   -0.0327229   0.200381
 909   CYS   -0.0133432   0.124251
 944   ASP   -0.0273772   0.174915
 945   ASP   0.0131355   0.20339
 948   ASP   0.000554683   0.241567
 951   LYS   -0.000796259   -0.23939
 956   CYS   -0.0166816   0.12203
1011   CYS   0.0350516   0.122536
1013   LYS   -0.020972   -0.194512
1019   TYR   -0.0180275   0.158482
SITE:  CYS- 243
  96   ARG   -0.111471   -0.252627
  97   CYS   -0.118173   1.26061
  99   SER   -0.282632   0
 100   CYS   -0.17088   0.626662
 156   MET   0.182353   0
 157   TYR   0.134314   0.159265
 158   ASN   0.345163   0
 159   ALA   0.33624   0
 160   CYS   0.0269325   0.550704
 161   ARG   -0.0426189   -0.701263
 162   ASP   -0.568199   1.17551
 163   VAL   -0.0940162   0
 164   GLU   -0.064013   0.271904
 171   LYS   -0.075737   -0.39224
 177   CYS   0.00462378   0.1093
 184   CYS   0.0350376   0.127504
 225   LYS   0.0415507   -0.109625
 227   CYS   -0.669596   3.07918
 228   ASP   0.0476898   0.582842
 229   GLU   0.0908684   0.13813
 237   PRO   -0.172569   0
 238   CYS   -0.338758   1.45841
 239   SER   0.8694   0
 240   CYS   0.104403   0.579911
 242   ASP   -0.29939   0.823702
 244   SER   -0.85544   0
 245   ILE   -0.957048   0
 246   VAL   -0.599404   0
 247   CYS   0.073018   0.47903
 518   ARG   0.00666502   -0.144856
SITE:  CYS- 247
  96   ARG   -0.00398547   -0.11162
  97   CYS   -0.0215346   0.149416
 161   ARG   -0.0132162   -0.141079
 162   ASP   0.0244009   0.247757
 164   GLU   -0.0268774   0.164148
 171   LYS   -0.00566816   -0.195636
 227   CYS   -0.0352332   0.21997
 228   ASP   0.0138225   0.153789
 238   CYS   0.0362142   0.172652
 240   CYS   -0.519342   1.47723
 242   ASP   -0.104229   0.196505
 243   CYS   0.57443   0.47903
 244   SER   0.266497   0
 246   VAL   -0.207164   0
 248   GLY   0.147433   0
 250   LYS   -0.0395607   -0.182455
 518   ARG   0.0232775   -0.134442
SITE:  LYS- 250
 240   CYS   0.0078673   0.19835
 247   CYS   -0.0188933   0.182455
 251   PRO   0.0393641   0
 252   GLN   -0.144489   0
 550   TYR   -0.0130979   0.114109
 552   ASP   0.000418093   0.155869
 555   TYR   -0.00339117   0.119876
 930   ASP   -0.0784965   0.216535
1042   HID   -0.0390751   -0.102283
1042   HID   0.0325207   -0.131469
SITE:  ASP- 266
 259   PRO   -0.163376   0
 261   THR   -0.191503   0
 267   ALA   -0.330726   0
 268   MET   -0.685678   0
 269   TYR   -0.0800761   0.934132
 851   ALA   0.497267   0
 855   LYS   0.192595   -2.39133
 857   ASP   0.0216916   0.127785
SITE:  TYR- 269
 266   ASP   0.0281321   0.934132
 851   ALA   0.172401   0
 855   LYS   0.0414488   -1.28145
 857   ASP   0.0216093   0.13791
SITE:  TYR- 276
 279   PHE   -0.280886   0
 280   LEU   -0.244896   0
 836   PRO   0.185441   0
 837   ILE   0.19087   0
 839   ILE   0.1313   0
 840   ALA   2.18194   0
 841   ILE   0.324578   0
 843   VAL   -0.361644   0
 844   GLY   -0.393669   0
 847   SER   -0.27137   0
1239   HIS   0.00276911   -0.174439
1250   TYR   0.0062659   0.143363
SITE:  CYS- 292
 285   GLY   0.119904   0
 288   PHE   1.56745   0
 289   ALA   0.375732   0
 291   TRP   -0.238598   0
 293   TYR   -0.175183   0.0820172
 294   ARG   -0.121514   -0.101444
 295   LYS   -0.216728   -0.315948
 296   ARG   -0.153249   -0.19062
SITE:  TYR- 293
 294   ARG   -0.0831482   -0.114243
 296   ARG   -0.172714   -0.116279
 297   TYR   -0.409028   1.00987
 301   GLU   0.0101501   0.111784
SITE:  ARG- 294
 292   CYS   0.0266026   0.101444
 293   TYR   -0.0105214   0.114243
 295   LYS   -0.164469   -0.135327
 301   GLU   0.017911   0.130317
 302   TYR   -0.024646   0.121016
 831   LYS   -0.0372739   -0.111325
 832   ASP   0.220044   0.694723
 835   ARG   -0.113574   -0.343879
1183   ARG   -0.0895289   -0.120149
1185   GLU   0.0123828   0.260664
1188   GLU   -0.0159911   0.130153
1250   TYR   -0.023117   0.258711
SITE:  LYS- 295
 291   TRP   0.308074   0
 292   CYS   0.157815   0.315948
 294   ARG   0.0910742   -0.135327
 296   ARG   0.0726923   -0.305068
 302   TYR   -0.0417832   0.161544
SITE:  ARG- 296
 292   CYS   -0.0360462   0.19062
 293   TYR   0.0528913   0.116279
 295   LYS   0.455404   -0.305068
 297   TYR   -0.110356   0.123548
SITE:  TYR- 297
 293   TYR   -0.339313   1.00987
 296   ARG   -0.0493441   -0.123548
 301   GLU   0.0198788   0.185202
SITE:  GLU- 301
 293   TYR   0.0183568   0.111784
 294   ARG   0.0972423   -0.130317
 297   TYR   0.138766   0.185202
 300   SER   -0.202906   0
 302   TYR   -0.186195   0.153132
SITE:  TYR- 302
 294   ARG   0.0157269   -0.121016
 295   LYS   0.0635452   -0.161544
 298   PHE   0.244542   0
 301   GLU   -0.0891239   0.153132
SITE:  ASP- 306
 305   ILE   -0.17762   0
SITE:  ASP- 317
 313   VAL   0.113206   0
 318   LYS   -0.449868   -0.210393
 319   GLY   -0.336713   0
 320   GLU   0.070907   0.125194
 325   ASP   0.0184923   0.181126
1120   GLU   -0.00208986   0.105138
1183   ARG   0.0520102   -0.20154
1186   ARG   -0.00130875   -0.223175
1257   LYS   0.307451   -1.9342
1261   CYS   -0.000460873   0.163681
1264   GLU   -0.025884   0.103594
SITE:  LYS- 318
 317   ASP   -0.0494171   0.210393
 320   GLU   -0.0161279   0.128391
1257   LYS   -0.0152312   -0.16167
SITE:  GLU- 320
 317   ASP   0.0432314   0.125194
 318   LYS   0.144687   -0.128391
 323   CYS   -0.0172377   0.10928
 325   ASP   -0.0165721   0.15192
1257   LYS   -0.0310386   -0.197408
SITE:  CYS- 323
 320   GLU   -0.0211524   0.10928
 322   SER   0.168036   0
 324   CYS   -0.111205   0.438718
 325   ASP   -0.0977311   0.23926
 326   PRO   -0.0921626   0
1119   CYS   0.0182368   0.203199
1120   GLU   -0.0193863   0.104083
SITE:  CYS- 324
 322   SER   0.288834   0
 323   CYS   -0.00711664   0.438718
 325   ASP   -0.197622   0.677964
 327   VAL   -0.259096   0
 328   SER   -0.186426   0
 332   GLU   -0.0126986   0.15282
1119   CYS   -0.0423933   0.827745
1120   GLU   -0.0895748   0.48264
1173   ARG   -0.0080436   -0.113426
1186   ARG   0.0109689   -0.142363
1259   LYS   -0.0441872   -0.303764
SITE:  ASP- 325
 317   ASP   0.0691754   0.181126
 320   GLU   0.0851784   0.15192
 321   ALA   -0.937468   0
 322   SER   -0.681468   0
 323   CYS   0.00872736   0.23926
 324   CYS   -0.335068   0.677964
 326   PRO   -0.211194   0
 327   VAL   -0.214174   0
 328   SER   -0.405066   0
 329   ALA   -0.151598   0
 332   GLU   -0.0225492   0.294232
 336   ARG   -0.0415608   -0.108129
1119   CYS   -0.181004   0.296726
1120   GLU   -0.0469176   0.823561
1173   ARG   0.000941186   -0.178049
1183   ARG   0.0507984   -0.200959
1186   ARG   0.0162274   -0.332574
1253   PRO   -0.171299   0
1254   SER   0.210023   0
1255   VAL   0.112108   0
1256   ASN   -0.0856549   0
1257   LYS   -0.200858   -0.364892
1258   ALA   -0.400824   0
1259   LYS   -0.179081   -0.594481
1261   CYS   -0.0567682   0.196646
SITE:  GLU- 332
 324   CYS   0.0550694   0.15282
 325   ASP   0.135871   0.294232
 326   PRO   0.123167   0
 328   SER   0.578394   0
 329   ALA   0.248719   0
 331   PHE   -0.221372   0
 333   GLY   -0.334958   0
 334   CYS   -0.210094   0.279929
 335   LEU   -0.326975   0
 336   ARG   -0.709975   -0.89994
 337   ARG   0.0111427   -0.256777
 700   ASP   0.0328776   0.231168
 711   ARG   -0.0937532   -0.304341
 712   ASP   -0.0267741   0.237449
 726   ARG   0.0594807   -0.213534
 727   VAL   0.109503   0
 729   GLY   0.248644   0
 730   GLU   0.102966   0.742996
 731   VAL   0.0995158   0
 733   PRO   -0.111964   0
 742   GLU   0.00463437   0.208402
1113   THR   0.16667   0
1114   MET   0.143209   0
1115   VAL   0.117157   0
1116   LEU   0.432562   0
1117   LEU   0.340578   0
1118   GLY   -0.082386   0
1119   CYS   -0.18   0.242023
1120   GLU   0.323028   1.20126
1128   CYS   0.000948286   0.14846
1166   GLU   0.0212105   0.186055
1168   CYS   0.0428299   0.284998
1169   SER   0.156578   0
1170   HIS   0.110563   -0.509879
1173   ARG   0.153001   -1.56971
1176   THR   -0.299412   0
1177   VAL   -0.126931   0
1180   LYS   0.0259404   -0.109043
1186   ARG   -0.066303   -0.385583
1189   GLU   -0.0108731   0.320706
1193   HIS   -0.024359   -0.355992
1206   LYS   -0.00766051   -0.113019
1239   HID   0.130947   -0.208237
1254   SER   0.175862   0
1257   LYS   0.0391786   -0.102358
1259   LYS   -0.12266   -3.24827
1261   CYS   -0.0329106   0.17169
1264   GLU   -0.0222109   0.131203
1265   GLU   -0.064148   0.116893
1266   ARG   -0.194404   -0.440298
1267   TYR   -0.0847377   0.542701
1272   ARG   -0.0466376   -0.283156
SITE:  CYS- 334
 330   ALA   0.357537   0
 331   PHE   0.509234   0
 332   GLU   0.161665   0.279929
 333   GLY   0.00683345   0
 335   LEU   -0.172171   0
 336   ARG   -0.0781704   -0.235181
 337   ARG   0.0719003   -0.903792
 338   LEU   -0.204008   0
 341   ARG   -0.156953   -0.16158
1173   ARG   0.0011659   -0.174223
1259   LYS   0.00491003   -0.173628
1266   ARG   0.00764789   -0.118404
SITE:  ARG- 336
 325   ASP   0.0424896   0.108129
 329   ALA   0.20421   0
 332   GLU   -0.124808   0.89994
 333   GLY   -0.0134537   0
 334   CYS   0.0821207   0.235181
 337   ARG   -0.150141   -0.453763
 339   PHE   -0.16238   0
 341   ARG   -0.0397183   -0.101206
 700   ASP   0.0157985   0.109091
 711   ARG   -0.0563468   -0.177599
 712   ASP   -0.0148668   0.19093
 718   GLU   0.0214368   0.154884
 726   ARG   0.0539496   -0.247702
 729   GLY   0.139886   0
 730   GLU   0.0259114   0.580213
 733   PRO   -0.0983093   0
1120   GLU   0.0621136   0.257606
1170   HIS   0.045079   -0.208413
1173   ARG   0.0959883   -0.456091
1186   ARG   -0.0370932   -0.138829
1189   GLU   -0.000592934   0.18874
1193   HIS   -0.0119571   -0.218822
1259   LYS   0.140859   -0.494115
1260   SER   0.136276   0
1261   CYS   0.0172812   0.179313
1262   ALA   1.40536   0
1263   THR   0.335884   0
1264   GLU   -0.0132775   0.162837
1265   GLU   -0.136638   0.258165
1266   ARG   -0.217294   -0.792265
1267   TYR   -0.0812071   0.477698
1272   ARG   -0.0729288   -0.200246
SITE:  ARG- 337
 330   ALA   0.197332   0
 332   GLU   0.0782313   0.256777
 333   GLY   0.496052   0
 334   CYS   0.125101   0.903792
 335   LEU   0.146439   0
 336   ARG   0.209999   -0.453763
 338   LEU   -0.193752   0
 341   ARG   -0.168361   -0.193068
 730   GLU   0.00872914   0.13958
1173   ARG   0.0169144   -0.139632
1259   LYS   0.0121422   -0.141501
1265   GLU   -0.0115532   0.108413
1266   ARG   0.0555681   -0.264775
1267   TYR   -0.0130494   0.110556
SITE:  ARG- 341
 334   CYS   0.0978728   0.16158
 336   ARG   0.0496082   -0.101206
 337   ARG   0.0189423   -0.193068
 340   THR   -0.106891   0
 346   CYS   -0.0427454   0.146702
 348   ARG   -0.0323035   -0.170305
1266   ARG   0.0411561   -0.126068
SITE:  CYS- 346
 339   PHE   0.174506   0
 340   THR   0.126602   0
 341   ARG   0.0421283   -0.146702
 342   TRP   0.770784   0
 343   GLY   0.561745   0
 345   PHE   -0.269692   0
 347   VAL   -0.360618   0
 348   ARG   -0.342594   -0.258838
 349   ASN   -0.177246   0
 350   PRO   0.192338   0
 352   CYS   -0.224566   0.29296
 353   VAL   -0.425616   0
 653   LYS   0.015273   -0.160416
 670   CYS   -0.026369   0.115444
 700   ASP   0.0117375   0.183924
 709   TYR   -0.0441516   0.138782
 712   ASP   0.00129195   0.113288
 721   ASP   0.0446501   0.300866
 725   GLY   0.0495368   0
 726   ARG   0.0360842   -0.135252
 730   GLU   -0.0383767   0.117765
 742   GLU   0.00327608   0.143021
 771   ASP   0.0961596   0.264695
 773   LEU   0.208914   0
 774   LEU   0.228217   0
 775   GLN   0.310315   0
 776   ILE   0.448851   0
 777   THR   2.1411   0
 778   CYS   0.302666   0.803381
 780   VAL   -0.480692   0
 781   SER   -0.892274   0
 783   LEU   -0.166658   0
 784   GLY   -0.16544   0
 786   ASP   -0.0867312   0.206597
 788   LYS   -0.0442176   -0.330884
1166   GLU   -0.00867918   0.111862
1170   HIS   -0.0119822   -0.154013
1173   ARG   0.00464639   -0.117666
SITE:  ARG- 348
 341   ARG   0.135735   -0.170305
 343   GLY   0.0895889   0
 344   SER   0.440611   0
 345   PHE   0.172752   0
 346   CYS   0.0322544   0.258838
 347   VAL   -0.122872   0
 349   ASN   -0.176537   0
 718   GLU   -0.0441296   0.129086
 721   ASP   -0.15324   0.552204
 788   LYS   -0.0116968   -0.37066
SITE:  CYS- 352
 346   CYS   0.0917786   0.29296
 349   ASN   0.843362   0
 350   PRO   0.0944091   0
 351   GLY   0.00700335   0
 353   VAL   -0.23671   0
 355   PHE   -0.184286   0
 778   CYS   0.0278388   0.146469
SITE:  CYS- 364
 357   SER   0.184821   0
 359   VAL   0.162877   0
 360   PHE   1.85554   0
 361   ILE   0.57885   0
 363   ALA   -0.336076   0
 365   SER   -0.500468   0
 366   SER   -0.184638   0
 367   GLY   -0.173896   0
 666   SER   0.0975344   0
 667   SER   0.174888   0
 668   VAL   0.112804   0
 670   CYS   0.598596   2.12422
 671   SER   0.138603   0
 673   GLY   -0.256569   0
 674   VAL   -0.196483   0
 677   TYR   -0.147836   0.215189
 771   ASP   -0.00442933   0.241505
 778   CYS   -0.0483808   0.139679
SITE:  ARG- 372
 367   GLY   0.154965   0
 370   PHE   1.22306   0
 371   VAL   -0.125084   0
 379   ASP   -0.00445752   0.115808
 676   SER   0.541502   0
 679   GLY   -0.161791   0
 680   LEU   0.236183   0
 681   PRO   -0.0389913   0
SITE:  ASP- 379
 372   ARG   -0.0326675   -0.115808
 376   ASN   0.398756   0
 377   PRO   0.138653   0
 378   VAL   0.0577518   0
 380   LEU   -0.251218   0
 381   TRP   -0.16769   0
 382   SER   0.243565   0
 384   PRO   -0.0251627   0
 389   ARG   -0.117731   -1.90564
 392   LYS   -0.0394378   -0.379743
 393   GLU   0.0582654   0.374814
 396   ASP   0.00620431   0.258628
 404   ARG   0.00831154   -0.191507
 571   TYR   -0.0343042   0.15267
 584   GLU   0.01408   0.121055
 606   GLU   0.00819578   0.209057
 610   GLU   0.000131771   0.223588
 681   PRO   -0.0211768   0
 755   PRO   -0.172171   0
 758   HIS   -0.0546212   -0.17913
1081   TYR   -0.00979216   0.240213
1088   TYR   -0.0257228   0.158205
1089   GLU   -0.0381086   0.132388
1091   TYR   -0.0202148   0.16543
1225   TYR   -0.0162802   0.168622
SITE:  ARG- 389
 377   PRO   0.0998219   0
 378   VAL   0.575992   0
 379   ASP   0.832922   1.90564
 381   TRP   -0.200951   0
 382   SER   0.767156   0
 383   ALA   0.493556   0
 384   PRO   0.0276164   0
 387   GLN   0.163525   0
 391   GLU   -0.210071   0.302789
 392   LYS   -0.214736   -0.624398
 393   GLU   0.00186608   0.798285
 396   ASP   -0.0157862   0.38677
 404   ARG   0.0105397   -0.192196
 406   GLU   0.0137706   0.104676
 571   TYR   -0.0304157   0.199343
 584   GLU   0.013506   0.120844
 606   GLU   0.00930795   0.240186
 610   GLU   -0.000627964   0.170514
 755   PRO   -0.159828   0
 758   HIS   -0.0390051   -0.157066
 875   TYR   -0.0151822   0.116832
 890   TYR   0.00596456   0.107686
1042   HIS   -0.0112665   -0.120165
1042   HID   -0.0085671   -0.101794
1059   ARG   0.093754   -0.258168
1081   TYR   -0.0372372   0.412586
1085   TYR   -0.028805   0.191516
1086   VAL   -0.0195162   0
1088   TYR   -0.0632233   0.194626
1089   GLU   -0.0966378   0.355013
1091   TYR   -0.0350992   0.209435
1097   ASP   -0.00149785   0.1344
1225   TYR   -0.0123087   0.139137
SITE:  GLU- 391
 387   GLN   0.479959   0
 388   ALA   0.266682   0
 389   ARG   0.217394   -0.302789
 392   LYS   -0.177472   -0.415041
 393   GLU   -0.135916   0.326356
 394   TYR   -0.207568   0.303446
 395   PHE   -0.181258   0
 396   ASP   -0.0558778   0.338481
 398   HID   -0.0626189   -0.217502
 606   GLU   0.0196061   0.12346
 890   TYR   0.148273   0.230886
 892   VAL   0.0519595   0
 894   GLU   -0.0486699   0.463035
 895   GLU   0.00291789   0.103914
 897   HIS   -0.00287097   -0.102917
 899   TYR   -0.0071266   0.181572
1037   TYR   -0.0789332   0.155189
1041   TYR   -0.0107194   0.107903
1042   HIS   -0.0622199   -0.358992
1042   HID   0.11044   -0.17613
1042   HIS   -0.164887   -0.152613
1042   HID   -0.0234574   -0.253521
1042   HIS   -0.222694   -0.267265
1042   HID   -0.0609912   -0.278409
1053   ASP   0.0368428   0.111375
1055   LEU   0.0763449   0
1056   LYS   0.0707131   -0.149137
1057   LYS   4.75525e-05   -0.103117
1059   ARG   0.660714   -2.48678
1076   TYR   -0.087221   0.112445
1077   ARG   -0.0994162   -2.18139
1079   PHE   -0.362083   0
1080   PRO   0.516138   0
1081   TYR   -0.161418   0.581025
1082   SER   0.17265   0
1085   TYR   -0.30542   0.837775
1088   TYR   -0.0875323   0.146582
1089   GLU   -0.0115374   0.80735
1091   TYR   -0.0508572   0.145833
SITE:  LYS- 392
 377   PRO   -0.0624986   0
 378   VAL   -0.123124   0
 379   ASP   -0.018891   0.379743
 388   ALA   0.241836   0
 389   ARG   0.281462   -0.624398
 390   LEU   0.132921   0
 391   GLU   -0.162487   0.415041
 393   GLU   -0.213381   1.43328
 394   TYR   -0.12766   0.145067
 395   PHE   -0.357432   0
 396   ASP   0.423799   3.02151
 397   GLN   -0.189422   0
 398   HID   -0.0958555   -0.19868
 401   PRO   -0.37976   0
 404   ARG   0.0165903   -0.477311
 406   GLU   0.0391221   0.239443
 468   CYS   -0.0133013   0.111706
 569   ASN   -0.20245   0
 570   TYR   0.146873   0.10268
 571   TYR   -0.136502   0.367258
 573   ASP   0.0471543   0.134053
 584   GLU   0.0270514   0.265996
 606   GLU   0.0471329   0.583267
 607   ARG   -0.0287912   -0.138447
 610   GLU   -0.00471369   0.278283
 875   TYR   -0.0264961   0.250167
 888   PRO   0.0573116   0
 890   TYR   -0.00968985   0.310317
 894   GLU   -0.0205813   0.104143
1037   TYR   -0.0253289   0.197545
1041   TYR   -0.035228   0.166953
1042   HIS   -0.0168682   -0.218996
1042   HID   0.058082   -0.114
1042   HID   -0.000441722   -0.153407
1042   HIS   -0.204434   -0.128136
1042   HID   -0.0113179   -0.150883
1059   ARG   0.0855359   -0.241021
1077   ARG   0.014904   -0.125743
1081   TYR   0.0245744   1.4763
1083   VAL   0.149183   0
1085   TYR   -0.104844   0.316353
1086   VAL   -0.160083   0
1088   TYR   -0.0742558   0.241133
1089   GLU   -0.0558183   0.21373
1091   TYR   -0.037054   0.171291
1225   TYR   -0.0136418   0.100687
SITE:  GLU- 393
 379   ASP   0.0363929   0.374814
 384   PRO   0.0791108   0
 386   SER   0.169869   0
 387   GLN   0.175136   0
 389   ARG   0.320771   -0.798285
 390   LEU   0.262687   0
 391   GLU   -0.082862   0.326356
 392   LYS   0.0942304   -1.43328
 394   TYR   -0.252253   0.172671
 395   PHE   -0.192233   0
 396   ASP   -0.315906   0.964322
 397   GLN   -0.344674   0
 398   HID   -0.0785622   -0.230954
 404   ARG   0.0136338   -0.20478
 406   GLU   0.015472   0.101916
 571   TYR   -0.0309855   0.533491
 584   GLU   0.0120493   0.116327
 606   GLU   0.0153856   0.236492
 610   GLU   0.000686897   0.143831
 875   TYR   -0.011435   0.103475
 890   TYR   0.00912086   0.147186
 894   GLU   -0.022716   0.123638
1037   TYR   -0.0190006   0.103677
1042   HIS   -0.00986568   -0.108331
1059   ARG   0.061512   -0.188033
1077   ARG   -0.000308624   -0.122365
1081   TYR   -0.016964   0.54016
1085   TYR   -0.0655636   0.176768
1088   TYR   -0.03974   0.11496
1089   GLU   -0.0292566   0.184468
SITE:  TYR- 394
 391   GLU   0.111378   0.303446
 392   LYS   0.096623   -0.145067
 393   GLU   -0.043726   0.172671
 396   ASP   -0.0820603   0.234298
 397   GLN   -0.166313   0
 398   HID   0.853988   -2.07049
 571   TYR   -0.00198534   0.135323
 890   TYR   0.0193242   0.140905
 892   VAL   -0.140749   0
 893   LEU   0.216076   0
 894   GLU   -1.00978   0.859649
 895   GLU   -0.555213   0.718911
 897   HIS   0.05702   -0.215651
 899   TYR   0.031809   0.465474
1016   HID   -0.0201944   -0.122812
1016   HID   0.019082   -0.10047
1024   ASN   -0.198491   0
1029   HID   0.00899351   -0.106225
1032   ARG   0.0147976   -0.295461
1034   GLY   -0.178391   0
1035   ALA   -0.346782   0
1036   THR   0.0777129   0
1037   TYR   -0.0355411   0.211925
1059   ARG   0.0574996   -0.141136
1076   TYR   -0.144281   0.200502
1077   ARG   0.103821   -0.27441
1081   TYR   -0.00244966   0.170951
1085   TYR   -0.0380188   0.137055
SITE:  ASP- 396
 379   ASP   0.00408245   0.258628
 388   ALA   0.145531   0
 389   ARG   0.194147   -0.38677
 390   LEU   0.124039   0
 391   GLU   0.101166   0.338481
 392   LYS   0.595742   -3.02151
 393   GLU   0.346434   0.964322
 394   TYR   -0.0147703   0.234298
 395   PHE   -0.512769   0
 397   GLN   -0.549554   0
 398   HID   -0.25705   -0.417487
 399   PHE   -0.33473   0
 400   GLY   0.0435636   0
 401   PRO   -0.454574   0
 404   ARG   0.0249303   -0.402089
 406   GLU   0.041296   0.212601
 468   CYS   -0.0202956   0.12562
 569   ASN   -0.175446   0
 570   TYR   0.0902831   0.14137
 571   TYR   -0.108188   0.541576
 573   ASP   0.0321482   0.141495
 584   GLU   0.0111255   0.219022
 606   GLU   0.0454162   0.470586
 607   ARG   -0.0276554   -0.10806
 610   GLU   -0.020082   0.21373
 875   TYR   -0.0154041   0.201342
 888   PRO   0.0456284   0
 890   TYR   -0.00120242   0.426
 894   GLU   -0.0283188   0.128074
 899   TYR   0.000582579   0.119106
1019   TYR   0.0219616   0.100417
1037   TYR   -0.0402826   0.330061
1041   TYR   -0.024373   0.19487
1042   HIS   -0.0170971   -0.211172
1042   HID   0.0547496   -0.111109
1042   HID   -0.0122428   -0.144764
1042   HIS   -0.202884   -0.128716
1042   HID   -0.0191081   -0.133805
1059   ARG   0.0792371   -0.203869
1077   ARG   0.00598456   -0.12603
1081   TYR   -0.0430786   1.53678
1083   VAL   0.076379   0
1085   TYR   -0.104136   0.311816
1088   TYR   -0.0540975   0.181227
1089   GLU   -0.0395824   0.160473
1091   TYR   -0.0295459   0.125812
SITE:  HID- 398
 391   GLU   0.129882   0.217502
 392   LYS   0.183051   -0.19868
 393   GLU   0.156195   0.230954
 394   TYR   1.25396   2.07049
 395   PHE   0.464638   0
 396   ASP   -0.232066   0.417487
 397   GLN   -0.569728   0
 399   PHE   -0.164361   0
 571   TYR   0.00413795   0.227216
 890   TYR   0.0126154   0.170115
 894   GLU   -0.201794   0.348468
 895   GLU   -0.175198   0.41748
 897   HIS   0.0302312   -0.115633
 899   TYR   0.0187294   0.274447
1016   HID   -0.015516   -0.132133
1016   HID   0.0220692   -0.135789
1024   ASN   -0.227118   0
1029   HID   0.0123301   -0.103374
1032   ARG   0.0446134   -0.217095
1034   GLY   -0.147332   0
1037   TYR   -0.0571785   0.245155
1059   ARG   0.037326   -0.101169
1076   TYR   -0.057729   0.103419
1077   ARG   0.0350262   -0.156176
1081   TYR   -0.0104551   0.205169
1085   TYR   -0.0355252   0.116891
SITE:  ARG- 404
 377   PRO   -0.096788   0
 379   ASP   -0.0549038   0.191507
 389   ARG   0.0234419   -0.192196
 392   LYS   -0.0079566   -0.477311
 393   GLU   0.0645226   0.20478
 396   ASP   0.0506254   0.402089
 401   PRO   -0.111327   0
 402   PHE   0.218092   0
 403   PHE   -0.243142   0
 406   GLU   0.126898   1.10596
 457   TYR   0.03437   0.154307
 466   ASP   -0.0249339   0.221173
 467   ILE   0.0641181   0
 468   CYS   -0.0275584   0.490195
 479   CYS   -0.0689536   0.155262
 566   PRO   -0.113368   0
 567   VAL   -0.0296075   0
 568   ASN   0.389263   0
 569   ASN   0.156762   0
 570   TYR   -0.0239456   0.383107
 571   TYR   -0.0351018   0.110175
 573   ASP   -0.00612431   0.250642
 574   THR   0.18384   0
 575   GLU   0.13412   0.237372
 576   LYS   0.266861   -0.266774
 577   LEU   0.410684   0
 579   ARG   -0.220828   -0.226583
 580   ALA   -0.517554   0
 581   GLN   -0.673132   0
 584   GLU   0.4688   2.44373
 585   LYS   -0.0266013   -0.164313
 586   GLU   -0.0850777   0.119789
 592   LYS   -0.0123187   -0.100854
 605   ALA   -0.176376   0
 606   GLU   -0.679232   1.31104
 607   ARG   -0.357711   -0.481521
 610   GLU   -0.061152   0.568784
 611   ASP   -0.0906112   0.245837
 612   GLU   -0.0853826   0.151399
 871   TYR   -0.0415196   0.246227
 875   TYR   -0.0305759   0.393813
 888   PRO   0.0218169   0
 890   TYR   -0.0251608   0.286593
1037   TYR   0.00325536   0.173194
1041   TYR   -0.0559408   0.231059
1042   HIS   0.00372107   -0.164186
1042   HID   0.0131717   -0.109162
1042   HIS   -0.188225   -0.0935365
1042   HID   -0.00332467   -0.109724
1081   TYR   -0.0335526   0.504037
1085   TYR   -0.0231336   0.163192
1088   TYR   -0.0472222   0.247305
1091   TYR   -0.0298962   0.153755
1225   TYR   -0.0152291   0.105033
SITE:  GLU- 406
 389   ARG   0.0224928   -0.104676
 392   LYS   -0.0109596   -0.239443
 393   GLU   0.0240998   0.101916
 396   ASP   0.0225946   0.212601
 403   PHE   -0.197418   0
 404   ARG   -1.60298   -1.10596
 405   THR   -1.1758   0
 407   GLN   -0.0405722   0
 408   LEU   0.0891073   0
 411   ARG   0.0186121   -0.122006
 451   GLU   -0.0382822   0.274034
 464   LEU   0.113154   0
 466   ASP   -0.0945823   0.232563
 467   ILE   -0.00508846   0
 468   CYS   -0.000151996   1.25432
 479   CYS   -0.150486   0.419972
 480   THR   0.113409   0
 482   LEU   0.0691803   0
 487   TYR   -0.0204674   0.165091
 550   TYR   0.0180036   0.111127
 563   ILE   0.124993   0
 564   THR   -0.428463   0
 565   PHE   0.924485   0
 566   PRO   -0.216372   0
 567   VAL   -0.272403   0
 568   ASN   0.167434   0
 570   TYR   -0.0307592   0.247682
 573   ASP   -0.00376205   0.107942
 575   GLU   0.0843152   0.124834
 576   LYS   0.122833   -0.139975
 577   LEU   0.165128   0
 579   ARG   -0.0816427   -0.160919
 580   ALA   0.173597   0
 581   GLN   -0.0550566   0
 584   GLU   -0.901924   2.44457
 585   LYS   0.0895352   -0.223655
 586   GLU   -0.17854   0.222472
 587   PHE   -0.159779   0
 588   ILE   -0.137928   0
 592   LYS   -0.0545878   -0.226401
 594   TYR   -0.0305568   0.117523
 603   PHE   -0.251234   0
 604   THR   0.301907   0
 605   ALA   -1.41903   0
 606   GLU   -1.44654   1.22121
 607   ARG   -0.323758   -0.599054
 608   SER   -0.285046   0
 610   GLU   -0.0851594   0.294381
 611   ASP   -0.114944   0.302104
 612   GLU   -0.118505   0.23273
 871   TYR   -0.0951552   0.577253
 874   ASP   -0.0363338   0.125246
 875   TYR   0.02182   0.897759
 884   HIS   -0.0188419   -0.117696
 887   PRO   -0.0883153   0
 888   PRO   0.0118981   0
 890   TYR   -0.0196764   0.339073
1019   TYR   0.00955015   0.111016
1037   TYR   0.00961729   0.199596
1041   TYR   -0.100857   0.413326
1042   HIS   0.0233339   -0.218597
1042   HID   0.0441469   -0.142535
1042   HID   0.0217194   -0.140452
1042   HIS   -0.273016   -0.127567
1042   HID   -0.00540625   -0.138937
1081   TYR   -0.0166573   0.345107
1085   TYR   -0.0106073   0.182075
1088   TYR   -0.0503663   0.282186
1091   TYR   -0.0335759   0.158529
SITE:  ARG- 411
 406   GLU   -0.0222677   0.122006
 409   ILE   0.118902   0
 410   ILE   0.0560912   0
 413   PRO   -0.0365221   0
 434   PRO   -0.0472736   0
 487   TYR   -0.0153782   0.100863
 550   TYR   0.020555   0.118022
 560   ALA   -0.232635   0
 561   LEU   0.154283   0
 594   TYR   -0.0152726   0.135744
 599   LEU   -0.185361   0
 600   THR   0.582078   0
 601   ILE   -0.230074   0
 602   SER   -0.302801   0
 871   TYR   0.0745368   0.132886
 874   ASP   0.614986   1.13244
 875   TYR   0.139791   0.271089
 877   LYS   -0.148813   -0.506883
 881   GLN   0.207766   0
 882   TYR   -0.466076   1.95001
 884   HIS   -0.0198339   -0.165254
SITE:  ASP- 416
 417   LYS   -0.0271322   -0.373579
 418   HIS   0.0338355   -0.228451
 436   ASP   -0.0543379   0.218863
 509   TYR   -0.00416455   0.120019
SITE:  LYS- 417
 416   ASP   -0.299548   0.373579
 418   HIS   0.107176   -0.271775
 428   ASP   -0.0232865   0.105816
 436   ASP   -0.0302984   0.102909
 551   ASP   0.0394986   0.177643
SITE:  HIS- 418
 416   ASP   0.154348   0.228451
 417   LYS   -0.131717   -0.271775
 419   ILE   -0.530184   0
 420   TYR   0.135889   0.323196
 421   GLN   0.170477   0
 428   ASP   -0.1309   0.151722
 429   VAL   0.363038   0
 430   PRO   -0.227588   0
 432   GLY   0.451787   0
 433   PRO   0.233651   0
 434   PRO   -0.0156011   0
 435   LEU   0.316276   0
 436   ASP   -0.331608   0.766213
 441   HIS   -0.01516   -0.156283
 487   TYR   -0.0248906   0.143872
 496   ASP   -5.4138e-05   0.147848
 497   HIS   0.0575462   -0.103471
 498   LYS   -0.0389326   -0.164846
 508   ASP   -0.0488549   0.386879
 509   TYR   -0.128834   1.55358
 510   HIS   -0.187449   -1.00047
 512   HIS   -0.0437214   -0.167291
 516   CYS   -0.00750899   0.182154
SITE:  TYR- 420
 164   GLU   -0.0187087   0.115657
 166   PRO   0.100562   0
 167   SER   0.172714   0
 170   ASP   0.00336524   0.266537
 418   HIS   -0.0177878   -0.323196
 421   GLN   0.275   0
 422   PRO   -0.551302   0
 423   TYR   -0.354858   0.174592
 424   PRO   -0.16636   0
 425   SER   0.2222   0
 427   ALA   0.157411   0
 428   ASP   -0.123686   0.174162
 429   VAL   0.0733374   0
 436   ASP   -0.0195161   0.116366
 487   TYR   0.0139936   0.164098
 496   ASP   -0.0151302   0.105529
 497   HIS   0.0804148   -0.247933
 498   LYS   -0.123919   -0.155107
 499   LYS   -0.0843184   -0.109154
 505   VAL   0.240646   0
 506   TYR   0.272072   0.118824
 507   ALA   -0.449723   0
 508   ASP   -0.31253   0.802974
 509   TYR   0.0397422   0.358301
 510   HIS   -0.273342   -1.09153
 511   THR   -0.914618   0
 512   HIS   -0.0284722   -0.42367
 514   LEU   -0.181245   0
 515   TYR   -0.098566   0.176715
 516   CYS   -0.0162466   0.312949
 518   ARG   -0.139788   -0.152422
 525   ASP   0.126101   0.459672
 527   SER   0.098155   0
 530   HIS   -0.0684472   -0.123905
 531   ASP   0.0137281   0.123984
 533   CYS   -8.48499e-05   0.175904
SITE:  TYR- 423
 192   TYR   0.00881469   0.117956
 420   TYR   -0.00826764   0.174592
 424   PRO   -0.149523   0
 501   ASP   -0.0592073   0.19597
 506   TYR   0.00694783   0.58456
SITE:  ASP- 428
 170   ASP   0.00622167   0.10983
 417   LYS   -0.00387992   -0.105816
 418   HIS   0.0295374   -0.151722
 419   ILE   -0.203152   0
 420   TYR   0.303367   0.174162
 421   GLN   -0.434622   0
 422   PRO   0.0582654   0
 430   PRO   0.0492722   0
 510   HIS   -0.0061586   -0.121007
SITE:  ASP- 436
 415   THR   -0.317244   0
 416   ASP   0.18711   0.218863
 417   LYS   -0.121719   -0.102909
 418   HIS   -0.105716   -0.766213
 420   TYR   0.000562944   0.116366
 432   GLY   0.319232   0
 433   PRO   0.624698   0
 434   PRO   0.0663879   0
 437   ILE   -0.481208   0
 438   GLN   -1.31101   0
 439   ILE   -0.627858   0
 440   LEU   -0.300648   0
 441   HIS   -0.0631333   -0.306628
 442   GLN   -0.211698   0
 445   ASP   -0.0479288   0.105421
 487   TYR   -0.0314763   0.126571
 492   HIS   0.0291064   -0.107144
 496   ASP   0.00877883   0.180728
 498   LYS   -0.0225539   -0.152987
 508   ASP   -0.0191023   0.244832
 509   TYR   -0.158529   1.14733
 510   HIS   -0.0252646   -0.396705
 512   HIS   -0.0293145   -0.125934
 516   CYS   -0.00763131   0.140589
 594   TYR   -0.0266672   0.123295
SITE:  HIS- 441
 418   HIS   -0.0126223   -0.156283
 434   PRO   0.102643   0
 436   ASP   0.153711   0.306628
 437   ILE   0.607847   0
 438   GLN   0.0982054   0
 439   ILE   0.106835   0
 440   LEU   -0.0451686   0
 442   GLN   -0.441846   0
 443   VAL   -0.201488   0
 444   LEU   -0.40215   0
 445   ASP   -0.158636   0.482055
 451   GLU   -0.0051431   0.135655
 487   TYR   -0.0429656   0.140467
 490   ASN   -0.023207   0
 492   HIS   0.575134   -1.5028
 495   LEU   -0.418138   0
 496   ASP   0.0690287   1.23949
 497   HIS   0.146524   -0.210477
 498   LYS   0.0043641   -0.314011
 508   ASP   -0.00136173   0.265447
 509   TYR   -0.0391148   0.441167
 510   HIS   0.00303669   -0.220343
 512   HIS   -0.0522276   -0.20234
 516   CYS   -0.0108419   0.162602
 533   CYS   0.00325158   0.110065
 594   TYR   -0.0348234   0.21175
SITE:  ASP- 445
 436   ASP   0.0551686   0.105421
 439   ILE   0.11915   0
 440   LEU   0.181208   0
 441   HIS   0.676436   -0.482055
 442   GLN   0.144404   0
 443   VAL   0.0697467   0
 444   LEU   -0.126281   0
 446   LEU   -0.31598   0
 447   GLN   -0.253216   0
 448   ILE   -0.2688   0
 449   ALA   -0.152148   0
 451   GLU   -0.0500957   0.229407
 492   HIS   -0.362246   -1.1928
 496   ASP   -0.0237356   0.130637
 509   TYR   -0.00881282   0.103105
 594   TYR   -0.0318988   0.560151
 596   ASN   -0.155579   0
SITE:  GLU- 451
 406   GLU   -0.00421602   0.274034
 441   HIS   0.0831498   -0.135655
 443   VAL   0.139291   0
 444   LEU   0.269826   0
 445   ASP   0.0097233   0.229407
 447   GLN   -0.0378299   0
 448   ILE   0.243828   0
 449   ALA   -0.138081   0
 450   ILE   -0.230976   0
 452   ASN   -0.485306   0
 464   LEU   -0.15126   0
 466   ASP   -0.0581618   0.118988
 468   CYS   -0.0363136   0.566092
 478   ASN   -0.292374   0
 479   CYS   0.23779   1.06838
 481   ILE   -0.0817126   0
 487   TYR   -0.0325544   0.18642
 490   ASN   -0.264428   0
 492   HIS   -0.0164664   -0.194946
 512   HIS   -0.0113212   -0.115332
 516   CYS   -0.0137295   0.139317
 533   CYS   0.0200858   0.134002
 536   THR   -0.184823   0
 566   PRO   0.0524653   0
 584   GLU   -0.0167958   0.135264
 594   TYR   -0.0377456   0.19105
 875   TYR   0.0131552   0.116373
1041   TYR   -0.0142958   0.121516
SITE:  TYR- 457
 404   ARG   0.018478   -0.154307
 458   ASP   -0.322956   0.671583
 460   GLU   -0.0908832   0.176994
 466   ASP   0.0207336   0.119471
 573   ASP   -0.00756881   0.18204
 575   GLU   0.138332   0.601156
 576   LYS   0.0462642   -0.165607
 578   GLN   -1.4847   0
 579   ARG   -0.00792004   -0.374341
 584   GLU   -0.0229666   0.158011
 585   LYS   -0.0330035   -0.102514
 607   ARG   -0.0197486   -0.128274
 610   GLU   0.00419036   0.111526
SITE:  ASP- 458
 457   TYR   -0.0567437   0.671583
 459   ASN   -0.295418   0
 460   GLU   -0.0823036   0.199298
 575   GLU   -0.00843151   0.261386
 579   ARG   0.0385386   -0.212153
SITE:  GLU- 460
 456   SER   -0.349502   0
 457   TYR   0.225114   0.176994
 458   ASP   0.00224899   0.199298
 459   ASN   -0.204837   0
 466   ASP   0.033481   0.326912
 570   TYR   -0.00755642   0.11704
 575   GLU   0.092285   0.366544
 576   LYS   0.00627283   -0.168977
 579   ARG   0.0972532   -0.676719
SITE:  ASP- 466
 404   ARG   -0.0209484   -0.221173
 406   GLU   -0.00415285   0.232563
 451   GLU   0.00996705   0.118988
 454   THR   -0.177392   0
 457   TYR   0.0677318   0.119471
 460   GLU   -0.154459   0.326912
 462   VAL   -0.585235   0
 463   THR   0.577076   0
 464   LEU   0.236382   0
 467   ILE   -0.311212   0
 468   CYS   0.000162745   0.559641
 479   CYS   -0.115042   0.274004
 568   ASN   0.200478   0
 570   TYR   -0.103925   0.655349
 573   ASP   -0.0114523   0.172442
 575   GLU   0.165971   0.383678
 576   LYS   0.0392969   -0.476062
 579   ARG   -1.58367   -1.06004
 584   GLU   -0.064183   0.234174
SITE:  CYS- 468
 392   LYS   0.00353484   -0.111706
 396   ASP   0.0103406   0.12562
 403   PHE   -0.185908   0
 404   ARG   -0.0415077   -0.490195
 405   THR   -0.31805   0
 406   GLU   0.0749733   1.25432
 447   GLN   0.184108   0
 451   GLU   -0.0986701   0.566092
 453   ILE   0.20418   0
 463   THR   0.326048   0
 464   LEU   1.94473   0
 466   ASP   -0.451681   0.559641
 467   ILE   -0.5897   0
 469   LEU   0.46831   0
 471   PRO   -0.0371479   0
 476   ASN   0.164605   0
 479   CYS   -1.26562   1.96026
 480   THR   0.396058   0
 481   ILE   -0.067407   0
 486   ASN   -0.175426   0
 487   TYR   -0.0243522   0.178338
 516   CYS   -0.00565432   0.103566
 533   CYS   0.0279542   0.10082
 565   PHE   -0.525893   0
 566   PRO   1.24328   0
 567   VAL   -0.481756   0
 568   ASN   0.305815   0
 570   TYR   -0.0945567   0.437165
 573   ASP   -0.0160187   0.108047
 575   GLU   0.0690352   0.143821
 576   LYS   0.107566   -0.199285
 579   ARG   -0.118292   -0.21059
 583   TRP   0.164791   0
 584   GLU   -0.174087   0.640133
 586   GLU   -0.108354   0.121562
 606   GLU   -0.125897   0.320988
 607   ARG   -0.0597746   -0.170924
 871   TYR   -0.0190409   0.151663
 875   TYR   0.0161067   0.281471
 890   TYR   -0.00772283   0.306594
1013   LYS   0.0139968   -0.101825
1016   HIS   0.0302243   -0.117644
1016   HID   0.0231758   -0.101985
1019   TYR   0.0203934   0.135071
1037   TYR   0.0222022   0.242392
1041   TYR   -0.0376982   0.342207
1042   HIS   0.0198368   -0.110088
1081   TYR   -0.00856133   0.167412
SITE:  TYR- 475
 476   ASN   -0.249642   0
 533   CYS   -0.0375218   0.138357
 535   GLY   0.121561   0
 538   GLY   -0.0254158   0
 956   CYS   0.00647121   0.111162
1005   ASP   -0.048378   0.328329
1007   PRO   0.15434   0
1008   ASN   -0.160413   0
1009   PRO   -0.0583988   0
1010   LYS   -0.0303866   -0.20601
1011   CYS   -0.11537   0.239566
1013   LYS   0.0689483   -0.100729
1016   HIS   -0.0925174   -0.227194
1016   HIS   -0.119107   -0.17237
SITE:  CYS- 479
 404   ARG   0.000340327   -0.155262
 406   GLU   0.0290685   0.419972
 451   GLU   -0.138146   1.06838
 453   ILE   0.126928   0
 464   LEU   -0.0477891   0
 465   GLN   -0.188931   0
 466   ASP   -0.131737   0.274004
 467   ILE   -0.171986   0
 468   CYS   -0.274622   1.96026
 469   LEU   0.515315   0
 471   PRO   -0.0501902   0
 476   ASN   0.26306   0
 478   ASN   -0.346732   0
 480   THR   -0.14163   0
 481   ILE   0.0419733   0
 486   ASN   -0.198902   0
 487   TYR   -0.0223166   0.188655
 490   ASN   -0.20412   0
 516   CYS   -0.0109879   0.125216
 533   CYS   0.0274986   0.137237
 535   GLY   -0.157426   0
 564   THR   0.0987247   0
 565   PHE   -0.275866   0
 566   PRO   0.265986   0
 570   TYR   -0.0298195   0.185121
 584   GLU   -0.052598   0.203032
 606   GLU   -0.0358096   0.121553
 875   TYR   0.00955155   0.140067
 890   TYR   -0.000648618   0.179463
1019   TYR   0.00498151   0.104474
1037   TYR   0.018556   0.147917
1041   TYR   -0.0188621   0.224266
SITE:  TYR- 487
  96   ARG   0.019869   -0.197548
 164   GLU   0.0397427   0.19141
 242   ASP   0.0174217   0.13338
 406   GLU   0.0495401   0.165091
 411   ARG   -5.08437e-05   -0.100863
 418   HIS   -0.00131374   -0.143872
 420   TYR   0.00309692   0.164098
 434   PRO   0.0259298   0
 436   ASP   0.0380138   0.126571
 441   HIS   0.041982   -0.140467
 451   GLU   0.0111215   0.18642
 468   CYS   -0.0209232   0.178338
 479   CYS   0.0311407   0.188655
 481   ILE   0.126273   0
 482   LEU   -0.210734   0
 483   SER   0.323936   0
 484   VAL   0.185915   0
 486   ASN   -0.47318   0
 489   GLN   -0.31824   0
 490   ASN   0.00937347   0
 497   HIS   0.036894   -0.180439
 508   ASP   0.0233276   0.176409
 509   TYR   0.0877914   0.327548
 510   HIS   0.156383   -0.243606
 512   HIS   0.222862   -0.793302
 513   PHE   0.38164   0
 514   LEU   0.142769   0
 515   TYR   -0.0887715   0.397634
 516   CYS   -0.117602   2.92958
 517   VAL   -0.288028   0
 518   ARG   -0.0170907   -0.387684
 520   PRO   -0.0627116   0
 522   SER   0.265382   0
 525   ASP   -0.034765   0.389917
 531   ASP   0.0331157   0.199529
 533   CYS   0.616619   1.50335
 535   GLY   -0.254134   0
 539   GLY   0.231562   0
 540   PRO   -0.481984   0
 541   VAL   3.42079   0
 542   PHE   -0.290519   0
 543   PRO   0.112542   0
 545   LEU   -0.389746   0
 546   VAL   -0.307098   0
 547   LEU   -0.0238764   0
 548   GLY   0.0833743   0
 550   TYR   0.0712247   0.593072
 552   ASP   0.0134954   0.105495
 555   TYR   0.117137   0.722584
 561   LEU   -0.169383   0
 562   VAL   0.177158   0
 566   PRO   -0.0293733   0
 606   GLU   0.00865778   0.102308
 875   TYR   0.0277764   0.19895
 884   HIS   -0.0394381   -0.288122
 890   TYR   0.000771536   0.247931
 930   ASP   -0.0142752   0.101222
 944   ASP   -0.022968   0.116741
 945   ASP   0.0157721   0.202011
 948   ASP   -0.020608   0.117996
1011   CYS   0.00222443   0.115319
1013   LYS   -0.00129932   -0.274624
1016   HID   0.024806   -0.103063
1019   TYR   0.0166341   0.273283
1037   TYR   0.0288548   0.194625
1041   TYR   0.00797856   0.476712
1042   HIS   0.0619638   -0.144745
1042   HID   -0.0598558   -0.172452
1042   HID   0.0203064   -0.127998
1042   HIS   -0.158862   -0.110225
SITE:  HIS- 492
 436   ASP   0.0494768   0.107144
 437   ILE   0.119868   0
 441   HIS   0.371309   -1.5028
 444   LEU   -0.376122   0
 445   ASP   0.334444   1.1928
 447   GLN   -0.171799   0
 451   GLU   -0.00989169   0.194946
 493   SER   -0.214664   0
 494   VAL   -0.187814   0
 495   LEU   -0.239852   0
 496   ASP   -0.170202   0.355416
 497   HIS   0.0430388   -0.140441
 498   LYS   0.00373005   -0.139818
 508   ASP   -0.00399552   0.107087
 509   TYR   -0.0137384   0.158231
 512   HIS   -0.0231144   -0.123458
 594   TYR   -0.0199736   0.186733
SITE:  ASP- 496
 418   HIS   -0.014306   -0.147848
 420   TYR   -0.0021363   0.105529
 436   ASP   0.0100923   0.180728
 441   HIS   -0.402372   -1.23949
 445   ASP   -0.00948511   0.130637
 492   HIS   0.441276   -0.355416
 497   HIS   0.185362   -0.438538
 498   LYS   -0.0605972   -1.46036
 508   ASP   0.018018   0.479813
 509   TYR   -0.0776067   0.358617
 510   HIS   -0.0177969   -0.289907
 512   HIS   -0.0445851   -0.216573
 516   CYS   -0.00948933   0.121295
 525   ASP   0.00470227   0.116613
 531   ASP   -0.0096483   0.126171
SITE:  HIS- 497
 418   HIS   -0.0111412   -0.103471
 420   TYR   0.0199732   0.247933
 441   HIS   -0.00709009   -0.210477
 487   TYR   0.100007   0.180439
 491   SER   0.101576   0
 492   HIS   0.173703   -0.140441
 493   SER   0.301286   0
 494   VAL   0.363196   0
 495   LEU   0.133697   0
 496   ASP   -0.331668   0.438538
 498   LYS   -0.382914   -0.53232
 499   LYS   -0.13471   -0.346836
 508   ASP   -0.133447   0.688717
 509   TYR   -0.0304024   0.272379
 510   HIS   0.035023   -0.362779
 512   HIS   -0.167309   -0.967285
 515   TYR   -0.115395   0.144997
 516   CYS   -0.0308312   0.365787
 525   ASP   -0.0065748   0.605743
 529   LEU   -0.178489   0
 530   HIS   -0.103159   -0.178014
 531   ASP   0.334352   1.35015
 532   PRO   0.264231   0
 533   CYS   -0.0341631   0.332194
SITE:  LYS- 498
 418   HIS   -0.0199325   -0.164846
 420   TYR   -0.00669799   0.155107
 436   ASP   -0.0173159   0.152987
 441   HIS   -0.0455453   -0.314011
 492   HIS   0.112746   -0.139818
 495   LEU   0.191951   0
 496   ASP   1.51687   1.46036
 497   HIS   0.478412   -0.53232
 499   LYS   -0.163077   -0.182647
 508   ASP   0.0499384   0.752582
 509   TYR   -0.101321   0.350627
 510   HIS   -0.0470286   -0.362069
 512   HIS   -0.0610539   -0.21227
 516   CYS   -0.00772527   0.107555
 525   ASP   0.0105411   0.14263
 531   ASP   -0.0102782   0.129042
SITE:  LYS- 499
 420   TYR   0.00188408   0.109154
 497   HIS   -0.00479472   -0.346836
 498   LYS   0.0406064   -0.182647
 500   GLY   -0.00318524   0
 501   ASP   0.00613704   0.142687
 506   TYR   -0.147627   0.145018
 508   ASP   -0.0189627   0.173968
 512   HIS   -0.01593   -0.179745
 525   ASP   0.00336777   0.238206
 528   LEU   0.424664   0
 529   LEU   0.127977   0
 530   HIS   0.01209   -0.256055
 531   ASP   0.00184222   0.239741
SITE:  ASP- 501
 423   TYR   -4.50482e-05   0.19597
 499   LYS   0.0217568   -0.142687
 500   GLY   -0.263786   0
 502   ASP   -0.336638   0.430739
 506   TYR   -0.549982   1.24492
SITE:  ASP- 502
 501   ASP   -0.292072   0.430739
 503   PHE   -0.30694   0
 506   TYR   -0.0265778   0.189546
SITE:  TYR- 506
 420   TYR   -0.00233601   0.118824
 423   TYR   0.0135073   0.58456
 499   LYS   0.0891003   -0.145018
 500   GLY   -0.284752   0
 501   ASP   -0.505344   1.24492
 502   ASP   0.242162   0.189546
SITE:  ASP- 508
 418   HIS   -0.0490337   -0.386879
 420   TYR   0.0973192   0.802974
 421   GLN   0.228978   0
 436   ASP   -0.0349193   0.244832
 441   HIS   -0.0183132   -0.265447
 487   TYR   0.00930501   0.176409
 492   HIS   0.129104   -0.107087
 494   VAL   0.21724   0
 495   LEU   0.32801   0
 496   ASP   -0.119063   0.479813
 497   HIS   0.530219   -0.688717
 498   LYS   -0.457458   -0.752582
 499   LYS   -0.226304   -0.173968
 505   VAL   -0.133915   0
 507   ALA   -0.204819   0
 509   TYR   -0.585632   0.753426
 510   HIS   -0.256803   -1.8014
 511   THR   0.0661702   0
 512   HIS   -0.202478   -0.628968
 515   TYR   -0.0990913   0.114413
 516   CYS   -0.0198929   0.335765
 525   ASP   0.0840577   0.461317
 531   ASP   -0.0363716   0.233778
 533   CYS   -0.00834488   0.204486
SITE:  TYR- 509
 416   ASP   0.0763536   0.120019
 418   HIS   -0.420418   -1.55358
 420   TYR   0.0193537   0.358301
 431   PHE   -0.248198   0
 432   GLY   0.360152   0
 433   PRO   0.215158   0
 434   PRO   0.120101   0
 435   LEU   3.17102   0
 436   ASP   -0.692521   1.14733
 437   ILE   -0.0621943   0
 438   GLN   -0.225846   0
 439   ILE   -0.274516   0
 440   LEU   -0.418336   0
 441   HIS   0.00762313   -0.441167
 445   ASP   -0.0413226   0.103105
 487   TYR   -0.0866087   0.327548
 492   HIS   0.0933579   -0.158231
 495   LEU   0.150537   0
 496   ASP   -0.0429492   0.358617
 497   HIS   0.173707   -0.272379
 498   LYS   -0.0629538   -0.350627
 508   ASP   -0.126415   0.753426
 510   HIS   -0.024943   -1.88285
 512   HIS   -0.129782   -0.434061
 513   PHE   -0.150288   0
 516   CYS   -0.0211962   0.44502
 525   ASP   0.0167525   0.223486
 531   ASP   -0.00771944   0.129675
 533   CYS   0.0121823   0.21605
 550   TYR   -0.0082984   0.115722
 555   TYR   0.0941249   0.104416
SITE:  HIS- 510
 418   HIS   -0.278119   -1.00047
 420   TYR   0.217156   1.09153
 421   GLN   0.251462   0
 428   ASP   -0.105191   0.121007
 429   VAL   0.133903   0
 432   GLY   0.159074   0
 435   LEU   0.254138   0
 436   ASP   -0.119831   0.396705
 441   HIS   -0.00540389   -0.220343
 487   TYR   -0.0203025   0.243606
 494   VAL   0.107999   0
 495   LEU   0.159637   0
 496   ASP   -0.0444262   0.289907
 497   HIS   0.20658   -0.362779
 498   LYS   -0.145482   -0.362069
 505   VAL   0.034366   0
 507   ALA   -0.246221   0
 508   ASP   -1.36371   1.8014
 509   TYR   0.361036   1.88285
 511   THR   -0.131852   0
 512   HIS   -0.191326   -0.554116
 513   PHE   -0.272957   0
 514   LEU   -0.1709   0
 515   TYR   -0.10687   0.12178
 516   CYS   -0.0254144   0.419522
 525   ASP   0.0644868   0.365943
 531   ASP   -0.00920324   0.15768
 533   CYS   0.00268628   0.212996
SITE:  HIS- 512
  96   ARG   -0.0175102   -0.123221
 164   GLU   0.0151373   0.118093
 170   ASP   0.000750319   0.100869
 418   HIS   -0.0104189   -0.167291
 420   TYR   0.00988821   0.42367
 436   ASP   0.0255058   0.125934
 441   HIS   0.0189805   -0.20234
 451   GLU   0.0115669   0.115332
 484   VAL   0.234579   0
 485   LEU   0.200254   0
 487   TYR   1.35145   0.793302
 489   GLN   -0.203266   0
 490   ASN   -0.032228   0
 491   SER   0.094549   0
 492   HIS   0.111835   -0.123458
 494   VAL   0.382904   0
 495   LEU   0.120299   0
 496   ASP   -0.104521   0.216573
 497   HIS   0.158218   -0.967285
 498   LYS   -0.134633   -0.21227
 499   LYS   -0.134026   -0.179745
 508   ASP   0.259606   0.628968
 509   TYR   0.415644   0.434061
 510   HIS   0.234845   -0.554116
 511   THR   -0.0428536   0
 515   TYR   -0.673025   0.676266
 516   CYS   -0.224006   2.07507
 517   VAL   -0.153852   0
 518   ARG   -0.151584   -0.169429
 520   PRO   0.0185414   0
 522   SER   0.274324   0
 524   ASN   -0.362941   0
 525   ASP   -0.200528   3.03342
 527   SER   -0.00401647   0
 529   LEU   -0.640715   0
 530   HIS   -0.405236   -0.335692
 531   ASP   0.326553   1.12673
 532   PRO   1.50198   0
 533   CYS   -0.34185   2.03469
 535   GLY   -0.122812   0
 541   VAL   0.0961674   0
 543   PRO   -0.00339316   0
 550   TYR   0.00235244   0.128507
 555   TYR   0.0149547   0.168961
1013   LYS   0.00135062   -0.102925
1041   TYR   0.00223062   0.101818
SITE:  TYR- 515
  84   LYS   0.0240863   -0.113365
  96   ARG   -0.0775481   -0.436679
  97   CYS   -0.00860723   0.159322
 100   CYS   -0.0222852   0.148578
 160   CYS   0.0248984   0.111216
 164   GLU   0.0939695   0.315981
 166   PRO   -0.286073   0
 170   ASP   0.031068   0.11263
 238   CYS   -0.0343592   0.112874
 242   ASP   0.053325   0.256694
 420   TYR   -0.0141674   0.176715
 487   TYR   0.0439462   0.397634
 497   HIS   0.00952872   -0.144997
 508   ASP   0.0346824   0.114413
 510   HIS   0.0610052   -0.12178
 512   HIS   0.206916   -0.676266
 516   CYS   -0.194772   0.844318
 518   ARG   -0.233294   -0.277619
 519   ALA   0.318106   0
 520   PRO   -0.00981684   0
 521   ALA   -0.150655   0
 522   SER   -0.995185   0
 524   ASN   1.58127   0
 525   ASP   0.11221   1.12824
 526   THR   -0.36895   0
 527   SER   -0.294911   0
 529   LEU   -0.172767   0
 530   HIS   -0.153167   -0.301895
 531   ASP   0.28067   0.235361
 533   CYS   -0.0148486   1.14396
 550   TYR   -0.00374662   0.10312
 555   TYR   -0.031499   0.180011
 944   ASP   -0.0176876   0.121394
 945   ASP   0.0346735   0.213807
 948   ASP   0.0134044   0.226705
 951   LYS   0.012726   -0.218657
 956   CYS   -0.015776   0.205043
1005   ASP   0.0252824   0.124611
1010   LYS   -0.0120449   -0.106833
1011   CYS   0.0110143   0.226907
1013   LYS   -0.0212288   -0.244943
1019   TYR   -0.0128146   0.169811
SITE:  CYS- 516
  96   ARG   -0.00985777   -0.222447
 164   GLU   0.0377671   0.216204
 170   ASP   0.0191118   0.117218
 242   ASP   0.0207028   0.142933
 418   HIS   -0.0101688   -0.182154
 420   TYR   0.0122844   0.312949
 436   ASP   0.0312116   0.140589
 441   HIS   0.0396735   -0.162602
 451   GLU   0.00693614   0.139317
 468   CYS   -0.0121042   0.103566
 479   CYS   0.0294564   0.125216
 483   SER   0.208494   0
 484   VAL   0.405072   0
 485   LEU   0.107648   0
 486   ASN   -0.140875   0
 487   TYR   0.645151   2.92958
 489   GLN   -0.282793   0
 490   ASN   -0.0317743   0
 494   VAL   0.102843   0
 496   ASP   -0.0445392   0.121295
 497   HIS   0.0500146   -0.365787
 498   LYS   -0.0453709   -0.107555
 508   ASP   0.0538148   0.335765
 509   TYR   0.326534   0.44502
 510   HIS   0.335346   -0.419522
 511   THR   0.290496   0
 512   HIS   1.73949   -2.07507
 513   PHE   1.2393   0
 514   LEU   0.169363   0
 515   TYR   -0.624418   0.844318
 517   VAL   -0.598168   0
 518   ARG   -0.401091   -0.399474
 520   PRO   0.0488439   0
 522   SER   0.433102   0
 525   ASP   -0.140796   0.992918
 529   LEU   -0.206652   0
 530   HIS   -0.127236   -0.166178
 531   ASP   0.148558   0.404973
 532   PRO   0.178594   0
 533   CYS   0.398201   3.0488
 535   GLY   -0.221315   0
 539   GLY   0.157376   0
 540   PRO   -0.269388   0
 541   VAL   0.411607   0
 543   PRO   -0.0530965   0
 546   VAL   -0.0528798   0
 550   TYR   0.00665515   0.315614
 555   TYR   0.0186623   0.436354
 562   VAL   0.091357   0
 884   HIS   -0.0212444   -0.152343
 890   TYR   -0.00098288   0.124516
 945   ASP   0.0149294   0.154877
 948   ASP   -0.0133803   0.112694
1011   CYS   0.000669571   0.115459
1013   LYS   -0.00635863   -0.202348
1019   TYR   0.00268651   0.177323
1037   TYR   0.0175098   0.104121
1041   TYR   0.00143728   0.21945
SITE:  ARG- 518
  96   ARG   -0.181508   -0.605632
  97   CYS   -0.0212198   0.167056
 100   CYS   -0.0280084   0.123419
 160   CYS   0.0362793   0.108204
 162   ASP   0.0413522   0.167846
 164   GLU   0.7792   2.22793
 165   ALA   0.480856   0
 166   PRO   -0.11706   0
 167   SER   -0.184298   0
 168   SER   0.981524   0
 169   ASN   0.608907   0
 170   ASP   0.170846   0.257321
 171   LYS   -0.0185559   -0.234555
 238   CYS   -0.0348524   0.123992
 240   CYS   0.048203   0.233772
 241   GLN   -0.356574   0
 242   ASP   0.0199412   0.432001
 243   CYS   -0.0192576   0.144856
 247   CYS   0.00560405   0.134442
 420   TYR   -0.00496076   0.152422
 487   TYR   0.0232072   0.387684
 512   HIS   0.0633874   -0.169429
 514   LEU   0.18951   0
 515   TYR   0.123213   0.277619
 516   CYS   0.0755047   0.399474
 517   VAL   -0.0790818   0
 520   PRO   -0.0468312   0
 525   ASP   0.0239999   0.159962
 533   CYS   0.040027   0.224643
 543   PRO   -0.100972   0
 550   TYR   -0.0297952   0.274562
 552   ASP   -0.0217716   0.138829
 553   GLN   0.268448   0
 555   TYR   -0.17518   0.588315
 884   HIS   -0.00728569   -0.118143
 930   ASP   -0.0348396   0.107936
 944   ASP   -0.0188017   0.105859
 945   ASP   0.0101609   0.135366
 948   ASP   -0.0112181   0.116078
 951   LYS   0.0010116   -0.104562
1013   LYS   -0.0114439   -0.15418
1019   TYR   -0.00383569   0.131365
1042   HID   -0.0588042   -0.105617
1042   HID   0.0159985   -0.103957
SITE:  ASP- 525
  96   ARG   -0.0387363   -0.154061
 164   GLU   0.0147368   0.141428
 166   PRO   -0.04254   0
 170   ASP   0.000944054   0.136975
 242   ASP   0.0188831   0.101043
 420   TYR   -0.0140371   0.459672
 487   TYR   0.159889   0.389917
 494   VAL   0.201555   0
 496   ASP   -0.0647133   0.116613
 497   HIS   0.0821758   -0.605743
 498   LYS   -0.140314   -0.14263
 499   LYS   -0.161075   -0.238206
 507   ALA   -0.207456   0
 508   ASP   0.238503   0.461317
 509   TYR   0.161972   0.223486
 510   HIS   0.0896648   -0.365943
 511   THR   -0.136959   0
 512   HIS   0.0934604   -3.03342
 515   TYR   -0.501922   1.12824
 516   CYS   -0.136909   0.992918
 518   ARG   -0.171924   -0.159962
 524   ASN   -0.665717   0
 526   THR   -0.923548   0
 527   SER   -0.681865   0
 528   LEU   -0.270692   0
 529   LEU   -1.65128   0
 530   HIS   -1.62113   -0.828328
 531   ASP   0.815083   0.838556
 532   PRO   0.335284   0
 533   CYS   -0.100839   1.11298
 555   TYR   -0.0136191   0.116723
SITE:  HIS- 530
 420   TYR   -0.013032   0.123905
 497   HIS   0.00224806   -0.178014
 499   LYS   -0.0161257   -0.256055
 512   HIS   0.00254703   -0.335692
 515   TYR   -0.0493096   0.301895
 516   CYS   -0.0177832   0.166178
 524   ASN   -0.523034   0
 525   ASP   -0.180284   0.828328
 526   THR   0.205142   0
 528   LEU   -0.16982   0
 531   ASP   -0.309195   0.463948
 532   PRO   0.0741995   0
 533   CYS   -0.0209076   0.21905
1010   LYS   -0.0047368   -0.101007
SITE:  ASP- 531
 420   TYR   0.00451271   0.123984
 487   TYR   0.177494   0.199529
 494   VAL   0.102379   0
 496   ASP   -0.068662   0.126171
 497   HIS   -0.309492   -1.35015
 498   LYS   -0.0355346   -0.129042
 499   LYS   -0.0582942   -0.239741
 508   ASP   -0.00302523   0.233778
 509   TYR   0.021402   0.129675
 510   HIS   0.0364605   -0.15768
 512   HIS   -0.096923   -1.12673
 515   TYR   -0.134031   0.235361
 516   CYS   -0.0585404   0.404973
 524   ASN   -0.401671   0
 525   ASP   -0.434993   0.838556
 529   LEU   -0.222934   0
 530   HIS   0.135556   -0.463948
 532   PRO   0.279894   0
 533   CYS   -0.0562294   0.578952
SITE:  CYS- 533
  96   ARG   -0.00272237   -0.206886
 164   GLU   0.0359672   0.164221
 242   ASP   0.0222704   0.130144
 420   TYR   -0.00580568   0.175904
 441   HIS   0.0209936   -0.110065
 451   GLU   0.00940534   0.134002
 468   CYS   -0.0142375   0.10082
 475   TYR   -0.0268292   0.138357
 479   CYS   0.0475313   0.137237
 483   SER   0.213142   0
 484   VAL   0.235714   0
 485   LEU   0.114597   0
 486   ASN   0.283032   0
 487   TYR   0.203584   1.50335
 489   GLN   -0.244381   0
 497   HIS   0.0241251   -0.332194
 508   ASP   0.0487911   0.204486
 509   TYR   0.114688   0.21605
 510   HIS   0.119527   -0.212996
 511   THR   0.104257   0
 512   HIS   0.305872   -2.03469
 513   PHE   0.281894   0
 515   TYR   -0.704824   1.14396
 516   CYS   -0.977054   3.0488
 517   VAL   -0.0476252   0
 518   ARG   -0.250182   -0.224643
 519   ALA   0.6212   0
 520   PRO   0.135464   0
 521   ALA   -0.329768   0
 522   SER   2.26458   0
 524   ASN   -0.0887769   0
 525   ASP   -0.438881   1.11298
 529   LEU   -0.198267   0
 530   HIS   -0.140959   -0.21905
 531   ASP   0.446896   0.578952
 532   PRO   -0.263384   0
 534   LEU   -0.268352   0
 535   GLY   -0.238411   0
 538   GLY   -0.15131   0
 539   GLY   0.214851   0
 540   PRO   -0.340936   0
 541   VAL   0.207204   0
 543   PRO   -0.0111459   0
 550   TYR   0.00427323   0.172497
 555   TYR   0.00438259   0.242084
 890   TYR   0.00065649   0.123451
 945   ASP   0.0229531   0.180859
 948   ASP   -0.0108106   0.136173
 951   LYS   0.00766887   -0.12058
 956   CYS   -0.0120142   0.122144
1005   ASP   0.0285456   0.121464
1011   CYS   -0.0190919   0.169325
1013   LYS   -0.00145191   -0.24962
1019   TYR   0.00208519   0.197835
1037   TYR   0.0173683   0.109939
1041   TYR   0.00351744   0.199641
SITE:  TYR- 550
  96   ARG   0.0183429   -0.13276
 164   GLU   0.0227943   0.158691
 240   CYS   -0.00207543   0.118452
 242   ASP   0.0019482   0.111308
 250   LYS   -0.0346244   -0.114109
 406   GLU   0.0279792   0.111127
 411   ARG   0.00530759   -0.118022
 487   TYR   -0.000511623   0.593072
 509   TYR   0.00365519   0.115722
 512   HIS   0.0245343   -0.128507
 515   TYR   0.0276884   0.10312
 516   CYS   0.0247256   0.315614
 518   ARG   0.0564038   -0.274562
 533   CYS   0.0449444   0.172497
 543   PRO   -0.0323046   0
 544   TRP   -0.303682   0
 546   VAL   -0.205086   0
 547   LEU   0.128108   0
 548   GLY   -0.0713174   0
 551   ASP   -0.128919   0.336997
 552   ASP   0.238436   0.553129
 553   GLN   -0.347756   0
 555   TYR   0.0680548   1.51296
 557   ASN   -0.167166   0
 558   ALA   -0.20902   0
 560   ALA   0.158916   0
 562   VAL   0.00774032   0
 875   TYR   0.0432692   0.20794
 882   TYR   0.268495   0.145651
 883   LEU   -0.226458   0
 884   HIS   0.0827401   -1.8977
 886   GLY   0.0710642   0
 890   TYR   -0.000352275   0.15936
 930   ASP   -0.0789115   0.351108
 934   ARG   -0.0735783   -0.133951
 936   GLY   -0.0187375   0
 945   ASP   0.00533966   0.110902
1013   LYS   -0.00724159   -0.132348
1019   TYR   0.00522431   0.144976
1037   TYR   0.00816649   0.103259
1041   TYR   -0.00675303   0.335643
1042   HIS   0.105134   -0.232636
1042   HID   -0.524031   -0.656849
1042   HIS   0.056411   -0.233193
1042   HID   0.0500001   -0.404917
1042   HIS   -0.102948   -0.192164
1042   HID   -0.0144116   -0.135226
1085   TYR   -0.00201982   0.121631
SITE:  ASP- 551
 417   LYS   -0.0808683   -0.177643
 550   TYR   -0.412792   0.336997
 552   ASP   -0.417217   0.511244
 553   GLN   -0.267768   0
 554   ASN   -0.4921   0
 555   TYR   0.0820794   0.176323
 557   ASN   -1.26582   0
 882   TYR   0.0431859   0.121591
 884   HIS   -0.0423572   -0.374384
1042   HID   -0.055046   -0.105934
1042   HID   -0.0200528   -0.100499
SITE:  ASP- 552
 250   LYS   -0.0199007   -0.155869
 487   TYR   -0.000634974   0.105495
 518   ARG   0.0247932   -0.138829
 550   TYR   -0.00120451   0.553129
 551   ASP   -0.503932   0.511244
 553   GLN   -0.445703   0
 555   TYR   0.0532995   0.312416
 884   HIS   -0.0385471   -0.583808
 930   ASP   -0.0387449   0.235732
 934   ARG   -0.0323008   -0.11483
1042   HID   -0.172357   -0.296006
1042   HIS   0.0715474   -0.156682
1042   HID   0.158982   -0.469544
1042   HIS   0.247628   -0.103759
SITE:  TYR- 555
  96   ARG   0.0409434   -0.262019
 164   GLU   0.0641712   0.321606
 170   ASP   0.0314837   0.104056
 240   CYS   -0.00478999   0.179375
 242   ASP   0.00652482   0.200381
 250   LYS   -0.0431177   -0.119876
 487   TYR   0.0337594   0.722584
 509   TYR   0.0161347   0.104416
 512   HIS   0.0479022   -0.168961
 515   TYR   0.0822272   0.180011
 516   CYS   0.0678437   0.436354
 517   VAL   0.253118   0
 518   ARG   0.17551   -0.588315
 520   PRO   -0.0887396   0
 525   ASP   0.00751373   0.116723
 533   CYS   0.0559282   0.242084
 542   PHE   -0.188762   0
 543   PRO   -0.574838   0
 550   TYR   -0.00313532   1.51296
 551   ASP   0.0486237   0.176323
 552   ASP   0.191006   0.312416
 553   GLN   0.0675805   0
 875   TYR   0.0164158   0.102222
 884   HIS   -0.0211878   -0.463808
 890   TYR   -0.00129461   0.125033
 930   ASP   -0.0937661   0.253663
 936   GLY   0.0412496   0
 944   ASP   -0.0252808   0.128086
 945   ASP   0.00933271   0.1679
 948   ASP   -0.0168025   0.115887
1013   LYS   -0.0108383   -0.195208
1019   TYR   0.000870973   0.192099
1041   TYR   0.0321867   0.239117
1042   HIS   0.0548448   -0.147489
1042   HID   -0.263559   -0.325414
1042   HIS   -0.0218308   -0.138658
1042   HID   0.0373172   -0.25407
1042   HIS   -0.055664   -0.139006
SITE:  TYR- 570
 392   LYS   0.00967275   -0.10268
 396   ASP   0.0224822   0.14137
 401   PRO   0.0574239   0
 404   ARG   0.0201218   -0.383107
 406   GLU   0.0321804   0.247682
 460   GLU   -0.0372728   0.11704
 466   ASP   0.299618   0.655349
 467   ILE   0.108484   0
 468   CYS   0.0517698   0.437165
 479   CYS   -0.100342   0.185121
 568   ASN   0.198885   0
 573   ASP   -0.064248   0.472677
 575   GLU   0.075302   0.360309
 576   LYS   -0.224142   -1.14777
 579   ARG   -0.333449   -0.375625
 584   GLU   -0.0360426   0.250913
 606   GLU   -0.0391579   0.148223
 890   TYR   -0.0033377   0.169726
1016   HIS   0.0153996   -0.122268
1016   HID   -9.56976e-05   -0.112177
1037   TYR   0.0017422   0.173559
1041   TYR   -0.00744212   0.113862
1081   TYR   -0.00947212   0.118791
SITE:  TYR- 571
 379   ASP   0.0101152   0.15267
 389   ARG   0.006497   -0.199343
 392   LYS   0.0656304   -0.367258
 393   GLU   0.29602   0.533491
 394   TYR   0.0583562   0.135323
 396   ASP   -0.372628   0.541576
 397   GLN   -0.438516   0
 398   HID   -0.0233467   -0.227216
 404   ARG   0.0101877   -0.110175
 572   ASN   -0.579419   0
 573   ASP   0.0131466   0.107605
 606   GLU   0.00449709   0.102746
1081   TYR   -0.0108512   0.193976
SITE:  ASP- 573
 392   LYS   0.00682578   -0.134053
 396   ASP   0.0180028   0.141495
 404   ARG   0.0301352   -0.250642
 406   GLU   0.0112924   0.107942
 457   TYR   0.0390882   0.18204
 466   ASP   0.0478018   0.172442
 468   CYS   0.00292047   0.108047
 570   TYR   0.0178541   0.472677
 571   TYR   0.0600422   0.107605
 574   THR   -0.687857   0
 575   GLU   -0.56064   0.723886
 576   LYS   -0.781244   -0.868093
 579   ARG   -0.158393   -0.2529
 584   GLU   -0.00617138   0.145957
 606   GLU   -0.0176183   0.121818
1081   TYR   -0.00697832   0.102434
SITE:  GLU- 575
 404   ARG   0.00738967   -0.237372
 406   GLU   0.004937   0.124834
 457   TYR   0.140236   0.601156
 458   ASP   0.0063524   0.261386
 460   GLU   -0.221942   0.366544
 466   ASP   0.108112   0.383678
 468   CYS   0.00474812   0.143821
 570   TYR   -0.000664705   0.360309
 573   ASP   0.0166747   0.723886
 576   LYS   -0.62736   -0.89741
 578   GLN   -0.399696   0
 579   ARG   -0.922133   -1.75026
 584   GLU   -0.0259412   0.191727
SITE:  LYS- 576
 404   ARG   0.0264646   -0.266774
 406   GLU   0.0142556   0.139975
 457   TYR   0.0638451   0.165607
 460   GLU   -0.050829   0.168977
 466   ASP   0.177282   0.476062
 468   CYS   0.0218376   0.199285
 570   TYR   0.222087   1.14777
 573   ASP   0.142833   0.868093
 575   GLU   0.174793   0.89741
 579   ARG   -0.268446   -0.544515
 584   GLU   -0.0178301   0.178653
SITE:  ARG- 579
 404   ARG   -0.0106148   -0.226583
 406   GLU   -0.00549521   0.160919
 456   SER   -0.216034   0
 457   TYR   0.17489   0.374341
 458   ASP   0.000178354   0.212153
 460   GLU   -0.413444   0.676719
 462   VAL   -0.144292   0
 466   ASP   0.394301   1.06004
 468   CYS   0.0116029   0.21059
 570   TYR   -0.0396012   0.375625
 573   ASP   -0.00317593   0.2529
 575   GLU   0.928939   1.75026
 576   LYS   -0.0121973   -0.544515
 578   GLN   -0.171338   0
 582   ALA   -0.181992   0
 584   GLU   -0.0706966   0.253208
SITE:  GLU- 584
 377   PRO   -0.0716344   0
 379   ASP   -0.0485452   0.121055
 389   ARG   0.0140554   -0.120844
 392   LYS   -0.0155506   -0.265996
 393   GLU   0.0357528   0.116327
 396   ASP   0.0275098   0.219022
 404   ARG   -1.56773   -2.44373
 405   THR   -0.21198   0
 406   GLU   -0.13846   2.44457
 451   GLU   -0.0143626   0.135264
 457   TYR   0.0304232   0.158011
 466   ASP   -0.0605148   0.234174
 467   ILE   -0.0289121   0
 468   CYS   -0.0219382   0.640133
 479   CYS   -0.0778936   0.203032
 565   PHE   0.194257   0
 566   PRO   -0.0607009   0
 567   VAL   -0.128063   0
 568   ASN   0.218073   0
 570   TYR   -0.0180185   0.250913
 573   ASP   0.00184231   0.145957
 575   GLU   0.153669   0.191727
 576   LYS   0.242169   -0.178653
 577   LEU   0.589442   0
 578   GLN   0.136527   0
 579   ARG   0.00543888   -0.253208
 580   ALA   0.242864   0
 581   GLN   -0.377533   0
 583   TRP   -0.196776   0
 585   LYS   -0.146708   -0.449385
 586   GLU   -0.276848   0.35447
 587   PHE   -0.402052   0
 588   ILE   -0.280258   0
 592   LYS   -0.0369534   -0.2517
 605   ALA   -0.725506   0
 606   GLU   -1.29145   1.15214
 607   ARG   -1.72039   -1.13698
 608   SER   -0.201232   0
 610   GLU   -0.118947   0.500338
 611   ASP   -0.185289   0.486044
 612   GLU   -0.117464   0.258954
 615   ARG   -0.0329088   -0.112206
 871   TYR   -0.0905719   0.571265
 875   TYR   -0.0111559   0.474925
 890   TYR   -0.0187334   0.193008
1037   TYR   0.0073792   0.116815
1041   TYR   -0.046072   0.198736
1042   HIS   0.00809815   -0.1355
1081   TYR   -0.0145888   0.305351
1085   TYR   -0.00783541   0.124055
1088   TYR   -0.0389202   0.220136
1091   TYR   -0.0256766   0.133181
SITE:  LYS- 585
 404   ARG   -0.0334916   -0.164313
 406   GLU   -0.0678861   0.223655
 457   TYR   -0.0280132   0.102514
 581   GLN   0.21611   0
 583   TRP   0.156724   0
 584   GLU   -0.134794   0.449385
 586   GLU   -0.409268   0.573384
 588   ILE   -0.197823   0
 592   LYS   -0.0221665   -0.439918
 606   GLU   -0.0446348   0.120786
 607   ARG   0.409692   -0.975881
 610   GLU   -0.0553466   0.22291
 611   ASP   0.201358   0.852338
 612   GLU   -0.0228764   0.292713
 615   ARG   -0.0378335   -0.197902
 616   GLU   -0.0212084   0.120807
 618   ASP   -0.0335572   0.134043
 871   TYR   -0.00469777   0.435054
SITE:  GLU- 586
 404   ARG   -0.039989   -0.119789
 406   GLU   -0.0839557   0.222472
 468   CYS   -0.0054373   0.121562
 582   ALA   0.414749   0
 583   TRP   0.437661   0
 584   GLU   -0.00893562   0.35447
 585   LYS   0.263235   -0.573384
 587   PHE   -0.208437   0
 588   ILE   -0.194242   0
 589   ASN   -1.80195   0
 590   PHE   -0.157723   0
 592   LYS   -0.0628097   -0.245899
 607   ARG   0.0436646   -0.302748
 611   ASP   0.0108275   0.19915
 612   GLU   -0.0114943   0.105756
 871   TYR   0.000541679   0.216962
SITE:  LYS- 592
 404   ARG   -0.0353627   -0.100854
 406   GLU   -0.0908972   0.226401
 584   GLU   0.126265   0.2517
 585   LYS   0.227504   -0.439918
 586   GLU   0.0750485   0.245899
 588   ILE   0.380644   0
 589   ASN   0.613346   0
 593   ASN   -0.252326   0
 595   LYS   0.00911959   -0.21454
 606   GLU   -0.00470838   0.115896
 607   ARG   0.135614   -0.45572
 608   SER   0.20739   0
 610   GLU   -0.047023   0.122381
 611   ASP   -0.082894   0.664056
 612   GLU   -0.0103222   0.709214
 615   ARG   0.0202559   -0.470076
 616   GLU   -0.0214258   0.202516
 869   ASP   0.0608786   0.221059
 870   SER   -0.18074   0
 871   TYR   0.36062   1.70783
 874   ASP   -0.0782409   0.144381
 875   TYR   -0.0323076   0.153671
1217   LYS   -0.00251845   -0.115822
SITE:  TYR- 594
 406   GLU   -0.0350148   0.117523
 411   ARG   0.0691935   -0.135744
 436   ASP   0.0597847   0.123295
 439   ILE   0.160258   0
 440   LEU   0.136472   0
 441   HIS   0.124146   -0.21175
 442   GLN   0.987784   0
 443   VAL   0.149255   0
 445   ASP   -0.462824   0.560151
 446   LEU   -0.5487   0
 449   ALA   -0.184026   0
 451   GLU   -0.0608598   0.19105
 492   HIS   -0.0192167   -0.186733
 595   LYS   -0.312154   -0.214948
 596   ASN   -1.52453   0
 598   ASN   -0.247606   0
 599   LEU   -0.168592   0
SITE:  LYS- 595
 590   PHE   0.158775   0
 591   VAL   0.139045   0
 592   LYS   0.24582   -0.21454
 593   ASN   1.19183   0
 594   TYR   0.345908   0.214948
 871   TYR   0.00665931   0.117927
 874   ASP   -0.0397406   0.111005
SITE:  GLU- 606
 376   ASN   0.0925501   0
 377   PRO   -0.134536   0
 379   ASP   -0.0631732   0.209057
 389   ARG   0.0436206   -0.240186
 391   GLU   -0.0335354   0.12346
 392   LYS   -0.0448325   -0.583267
 393   GLU   0.0750464   0.236492
 396   ASP   0.0568891   0.470586
 401   PRO   -0.181587   0
 402   PHE   0.166828   0
 403   PHE   0.149806   0
 404   ARG   -0.570434   -1.31104
 406   GLU   0.23733   1.22121
 468   CYS   -0.0321688   0.320988
 479   CYS   -0.0485448   0.121553
 487   TYR   -0.0112802   0.102308
 566   PRO   -0.110493   0
 567   VAL   0.117196   0
 569   ASN   -0.410797   0
 570   TYR   0.0691388   0.148223
 571   TYR   -0.046771   0.102746
 573   ASP   0.026836   0.121818
 581   GLN   -0.249384   0
 584   GLU   0.128439   1.15214
 585   LYS   0.0250616   -0.120786
 592   LYS   -0.00965341   -0.115896
 605   ALA   -0.210713   0
 607   ARG   -0.208839   -0.579052
 608   SER   -0.31584   0
 609   ILE   -0.185593   0
 610   GLU   -0.140309   0.534617
 611   ASP   -0.137899   0.250841
 612   GLU   -0.136114   0.22136
 861   ASP   -0.00959862   0.123658
 871   TYR   -0.0696612   0.341932
 875   TYR   -0.0812603   0.830445
 884   HIS   -0.00936366   -0.108646
 887   PRO   -0.134232   0
 888   PRO   0.0634341   0
 890   TYR   -0.0433718   0.39545
1037   TYR   0.00159336   0.198557
1041   TYR   -0.116854   0.368306
1042   HIS   0.0104896   -0.307111
1042   HID   0.0722012   -0.185012
1042   HIS   -0.0831322   -0.131049
1042   HID   0.0301666   -0.202329
1042   HIS   -0.36554   -0.173792
1042   HID   -0.00647487   -0.208496
1050   ASP   -0.0459284   0.119866
1059   ARG   0.0364931   -0.11453
1081   TYR   -0.0386131   0.760848
1083   VAL   -0.0377899   0
1085   TYR   -0.0309081   0.287877
1088   TYR   -0.0868349   0.482038
1089   GLU   -0.0471788   0.12123
1091   TYR   -0.0594172   0.283812
1225   TYR   -0.0245978   0.164728
SITE:  ARG- 607
 392   LYS   -0.0103405   -0.138447
 396   ASP   0.0117443   0.10806
 404   ARG   -0.118382   -0.481521
 406   GLU   -0.0851897   0.599054
 457   TYR   -0.0159422   0.128274
 468   CYS   -0.00661401   0.170924
 581   GLN   0.210636   0
 584   GLU   -0.208066   1.13698
 585   LYS   -0.0626985   -0.975881
 586   GLU   -0.0202775   0.302748
 587   PHE   -0.164482   0
 588   ILE   -0.222797   0
 592   LYS   -0.0178749   -0.45572
 606   GLU   -0.485011   0.579052
 610   GLU   -0.339275   0.589404
 611   ASP   0.0421578   2.81465
 612   GLU   -0.176397   0.477078
 615   ARG   -0.0873944   -0.232055
 616   GLU   -0.065093   0.160937
 618   ASP   -0.0437454   0.142035
 871   TYR   -0.103211   0.87795
 875   TYR   -0.0308584   0.271348
1081   TYR   -0.00554128   0.152924
1088   TYR   -0.0198702   0.153005
1091   TYR   -0.0170296   0.103215
SITE:  GLU- 610
 375   THR   -1.35517   0
 377   PRO   -0.0779046   0
 379   ASP   -0.114561   0.223588
 389   ARG   0.0153565   -0.170514
 392   LYS   -0.0144381   -0.278283
 393   GLU   0.0384062   0.143831
 396   ASP   0.0215176   0.21373
 404   ARG   0.0463389   -0.568784
 406   GLU   0.012219   0.294381
 457   TYR   0.00250998   0.111526
 581   GLN   -0.239835   0
 584   GLU   0.057681   0.500338
 585   LYS   -0.00420925   -0.22291
 592   LYS   -0.0061934   -0.122381
 606   GLU   -0.0587112   0.534617
 607   ARG   0.0709038   -0.589404
 611   ASP   -0.484822   0.608876
 612   GLU   -0.193555   0.304972
 614   ASN   -0.385678   0
 615   ARG   -0.0839123   -0.137995
 616   GLU   -0.114354   0.173329
 618   ASP   -0.0288208   0.153184
 620   ASP   0.00555589   0.123521
 688   GLU   -0.0597407   0.106139
 871   TYR   -0.0430599   0.277017
 875   TYR   -0.03622   0.234623
 890   TYR   -0.0103606   0.10622
1042   HIS   -0.00078131   -0.100451
1081   TYR   -0.0101236   0.276039
1085   TYR   -0.00362992   0.100168
1088   TYR   -0.0324952   0.257375
1091   TYR   -0.0275419   0.196323
1225   TYR   -0.0393426   0.218666
SITE:  ASP- 611
 404   ARG   -0.0461424   -0.245837
 406   GLU   -0.0522126   0.302104
 584   GLU   0.00912322   0.486044
 585   LYS   0.0269932   -0.852338
 586   GLU   -0.00101586   0.19915
 592   LYS   0.00286701   -0.664056
 606   GLU   -0.0529354   0.250841
 607   ARG   0.693662   -2.81465
 608   SER   0.476862   0
 609   ILE   0.141648   0
 610   GLU   -0.440793   0.608876
 612   GLU   -0.707729   0.953881
 614   ASN   -0.420091   0
 615   ARG   -0.252794   -0.4137
 616   GLU   -0.116488   0.283422
 618   ASP   -0.069171   0.194859
 620   ASP   -0.00801324   0.11909
 867   PRO   0.00705622   0
 869   ASP   0.0162925   0.150271
 871   TYR   -0.0790947   1.08934
 875   TYR   -0.0402409   0.188192
1088   TYR   -0.011286   0.131457
1217   LYS   -0.0136226   -0.10278
1225   TYR   -0.0197537   0.113742
SITE:  GLU- 612
 404   ARG   -0.0412078   -0.151399
 406   GLU   -0.0464367   0.23273
 584   GLU   0.0499084   0.258954
 585   LYS   0.0496114   -0.292713
 586   GLU   0.00859028   0.105756
 592   LYS   0.0107258   -0.709214
 606   GLU   0.0294414   0.22136
 607   ARG   0.184732   -0.477078
 608   SER   0.787274   0
 609   ILE   0.366379   0
 610   GLU   -0.000634531   0.304972
 611   ASP   -0.672982   0.953881
 613   LEU   -0.177337   0
 614   ASN   -0.311046   0
 615   ARG   0.00459258   -2.20254
 616   GLU   -0.432034   0.827672
 618   ASP   -0.0840506   0.160001
 620   ASP   -0.00554238   0.239439
 688   GLU   -0.0620068   0.121539
 861   ASP   -0.00664892   0.10081
 863   SER   0.203514   0
 866   MET   -0.0333006   0
 867   PRO   0.0185696   0
 868   ASP   -0.0776786   0.173778
 869   ASP   -0.0161009   0.534304
 870   SER   -1.87137   0
 871   TYR   -0.294294   1.55078
 872   MET   -0.489504   0
 874   ASP   -0.133404   0.192881
 875   TYR   -0.100419   0.273355
 877   LYS   -0.0306097   -0.117889
1088   TYR   -0.0142044   0.19249
1091   TYR   -0.02083   0.146814
1217   LYS   -0.0417626   -0.240497
1225   TYR   -0.0360126   0.177446
SITE:  ARG- 615
 584   GLU   0.0181677   0.112206
 585   LYS   0.0337686   -0.197902
 592   LYS   0.00108698   -0.470076
 607   ARG   0.0648631   -0.232055
 608   SER   0.162017   0
 610   GLU   0.0202214   0.137995
 611   ASP   -0.153222   0.4137
 612   GLU   1.15291   2.20254
 616   GLU   -0.0993138   1.50585
 618   ASP   -0.153175   0.207405
 619   SER   -0.189966   0
 620   ASP   -0.0252209   0.260721
 688   GLU   -0.0465652   0.118255
 866   MET   -0.167619   0
 867   PRO   -0.23447   0
 868   ASP   -0.122651   0.205139
 869   ASP   0.326592   1.3051
 870   SER   -0.585222   0
 871   TYR   -0.0998481   0.586324
 874   ASP   -0.0699107   0.120164
 875   TYR   -0.0389585   0.110679
1217   LYS   -0.0532877   -0.491062
1225   TYR   -0.0246562   0.115171
SITE:  GLU- 616
 585   LYS   0.0115485   -0.120807
 592   LYS   -9.79364e-05   -0.202516
 607   ARG   0.0456119   -0.160937
 609   ILE   0.120072   0
 610   GLU   0.039713   0.173329
 611   ASP   0.013587   0.283422
 612   GLU   0.701406   0.827672
 613   LEU   0.229144   0
 615   ARG   -2.0035   -1.50585
 617   SER   -0.185152   0
 618   ASP   -0.297176   0.335221
 619   SER   -1.13395   0
 620   ASP   -0.164847   1.11621
 688   GLU   -0.145858   0.340675
 865   SER   0.198782   0
 866   MET   -0.209586   0
 867   PRO   -0.491318   0
 868   ASP   -0.145664   0.258085
 869   ASP   0.103724   0.69967
 870   SER   -0.175078   0
 871   TYR   -0.0347702   0.287783
 875   TYR   -0.0303232   0.101224
1088   TYR   -0.0037041   0.148459
1091   TYR   -0.0124436   0.144504
1216   ALA   -0.185608   0
1217   LYS   -0.712496   -1.03901
1218   SER   -0.200656   0
1225   TYR   -0.0753371   0.297938
1229   TYR   -0.034201   0.174162
SITE:  ASP- 618
 585   LYS   -0.00117976   -0.134043
 607   ARG   0.00187981   -0.142035
 610   GLU   0.0167289   0.153184
 611   ASP   0.0642816   0.194859
 612   GLU   0.057518   0.160001
 614   ASN   0.372704   0
 615   ARG   0.156882   -0.207405
 616   GLU   0.0503964   0.335221
 617   SER   -0.203109   0
 619   SER   -0.420088   0
 620   ASP   -0.135314   0.351936
 628   TYR   -0.0142916   0.122642
 688   GLU   -0.095682   0.345969
 871   TYR   -0.0101849   0.101123
1217   LYS   -0.0595328   -0.119793
1225   TYR   -0.0235068   0.144491
SITE:  ASP- 620
 610   GLU   0.0263996   0.123521
 611   ASP   0.00488089   0.11909
 612   GLU   0.0747131   0.239439
 613   LEU   0.127672   0
 615   ARG   -0.110671   -0.260721
 616   GLU   0.781402   1.11621
 617   SER   0.528594   0
 618   ASP   -0.2032   0.351936
 619   SER   -0.843452   0
 621   VAL   -0.236812   0
 622   PHE   -0.289396   0
 623   THR   -0.840222   0
 624   VAL   -0.150977   0
 628   TYR   -0.00559509   0.211095
 685   ILE   0.104315   0
 688   GLU   -0.361776   1.39664
 689   VAL   -0.0610228   0
 691   PRO   -0.0611864   0
 861   ASP   -0.0172398   0.103983
 865   SER   0.141401   0
 867   PRO   -0.0751391   0
 868   ASP   -0.0883407   0.161024
 869   ASP   0.0025234   0.192097
 871   TYR   -0.0146294   0.102873
1088   TYR   -0.0017708   0.143021
1091   TYR   -0.0103082   0.158964
1206   LYS   0.0318138   -0.146543
1213   LEU   0.121412   0
1216   ALA   -1.19389   0
1217   LYS   -1.57906   -0.61014
1218   SER   -1.35526   0
1220   ILE   -0.146874   0
1221   PHE   -0.614164   0
1222   GLN   -0.181605   0
1225   TYR   -0.16655   0.56465
1227   ARG   -0.0181704   -0.163019
1229   TYR   -0.106525   0.468056
SITE:  TYR- 628
 618   ASP   0.0135109   0.122642
 620   ASP   0.0551417   0.211095
 624   VAL   0.102884   0
 627   SER   -0.16416   0
 631   MET   -0.22374   0
 634   TYR   -0.0870076   0.117344
 660   GLY   0.0859544   0
 661   ILE   0.250177   0
 664   VAL   -0.18309   0
 665   LEU   0.133623   0
 667   SER   -0.231874   0
 668   VAL   -0.23338   0
 670   CYS   -0.104343   0.243912
 671   SER   -0.174016   0
 686   VAL   0.122578   0
 687   ILE   0.202418   0
 688   GLU   0.282354   0.599854
 689   VAL   0.0857224   0
 690   ILE   0.0121546   0
 691   PRO   0.200506   0
 692   PHE   0.179136   0
 694   VAL   -0.327356   0
 695   LEU   -0.411886   0
 698   GLY   -0.153122   0
 700   ASP   -0.0782594   0.295179
 742   GLU   -0.0197167   0.269418
 771   ASP   -0.0957205   0.624813
 775   GLN   -0.163764   0
 778   CYS   -0.036741   0.131339
1161   CYS   -0.00451508   0.116142
1166   GLU   0.00797687   0.298325
1170   HIS   -0.0249574   -0.137255
1206   LYS   0.0452796   -0.396536
1225   TYR   0.0089934   0.250025
1229   TYR   0.000529079   0.418761
SITE:  TYR- 634
 628   TYR   0.0750724   0.117344
 631   MET   0.19391   0
 635   ILE   -0.016532   0
 638   ALA   -0.21452   0
 641   HIS   -0.0525363   -0.429377
 643   LYS   -0.0143207   -0.110593
 651   ASP   0.00455128   0.104578
 653   LYS   0.034734   -0.267675
 699   VAL   0.0988431   0
 700   ASP   0.0914492   0.544542
 707   GLN   -0.291511   0
 711   ARG   -0.0584974   -0.160524
 742   GLU   0.00297052   0.207961
 771   ASP   0.00142348   0.179146
 786   ASP   0.0044894   0.124787
 815   SER   -0.161904   0
 816   CYS   -0.106133   0.204757
 825   TYR   -0.0204554   0.15407
1166   GLU   0.0073395   0.397303
1168   CYS   -0.0110569   0.143373
1170   HIS   -0.0379661   -0.283271
1195   GLY   0.101607   0
1196   SER   0.22378   0
1197   SER   0.236812   0
1198   VAL   0.157914   0
1199   PHE   0.373754   0
1200   SER   2.68805   0
1201   GLY   0.867016   0
1202   ILE   0.165712   0
1203   THR   -0.166363   0
1204   LEU   -0.873104   0
1206   LYS   -0.0698039   -0.456564
1208   GLY   -0.157498   0
1229   TYR   0.0328136   0.150488
1239   HID   0.0383427   -0.156023
SITE:  HIS- 641
 634   TYR   0.0521928   0.429377
 635   ILE   0.140436   0
 637   LEU   0.146999   0
 638   ALA   0.28617   0
 639   LEU   0.38971   0
 640   GLY   -0.158462   0
 642   MET   -0.27835   0
 643   LYS   -0.140812   -0.660072
 647   ARG   0.0109948   -0.238624
 651   ASP   0.0580774   0.539193
 653   LYS   -0.00715239   -1.08577
 700   ASP   0.0902525   0.25018
 703   PHE   0.14908   0
 706   VAL   0.00445738   0
 707   GLN   0.411009   0
 709   TYR   -0.135677   0.480393
 710   GLN   -1.19644   0
 711   ARG   -0.0688166   -0.376374
 712   ASP   0.033241   0.281218
 713   GLU   0.0141083   0.237919
 714   ARG   -0.0559741   -0.118225
 726   ARG   0.0126526   -0.150643
 730   GLU   -0.0165758   0.147433
 771   ASP   0.0113127   0.103058
 786   ASP   0.0596508   0.414613
 789   ARG   -0.0193631   -0.270276
 791   GLU   -0.0543587   0.117177
 796   ASP   -0.00938266   0.231196
 812   ALA   -0.169491   0
 813   SER   0.319826   0
 814   GLU   -0.165461   0.255418
 815   SER   -0.259109   0
 816   CYS   -0.11965   0.233721
 819   ARG   -0.0828127   -0.100819
 822   LYS   -0.0342009   -0.13502
1166   GLU   0.00123755   0.143372
1170   HIS   -0.00527798   -0.189074
1193   HIS   0.101542   -0.186968
1206   LYS   -0.0132499   -0.127522
1267   TYR   0.00613801   0.103991
1272   ARG   0.0285974   -0.152682
SITE:  LYS- 643
 634   TYR   0.0156869   0.110593
 641   HIS   0.144978   -0.660072
 647   ARG   -0.0800844   -0.489073
 651   ASP   0.0983818   0.851067
 653   LYS   -0.00739908   -0.60194
 709   TYR   0.00677872   0.626358
 710   GLN   0.117355   0
 711   ARG   -0.0336434   -0.213773
 712   ASP   0.101049   0.262992
 713   GLU   -0.00572542   0.374398
 714   ARG   -0.106359   -0.215629
 726   ARG   0.0165074   -0.142848
 786   ASP   0.0801412   0.316317
 789   ARG   0.00855296   -0.257423
 791   GLU   -0.0609742   0.182899
 796   ASP   -0.0153471   0.145065
 806   ASP   0.0352459   0.164272
 810   VAL   -0.216832   0
 811   GLN   1.2767   0
 812   ALA   -0.244453   0
 813   SER   0.530864   0
 814   GLU   -0.0286652   0.197385
 816   CYS   -0.0308432   0.111692
1193   HIS   0.0357248   -0.105146
1272   ARG   0.0198263   -0.113485
SITE:  CYS- 645
 644   SER   0.193589   0
 646   ARG   -0.102916   -0.299582
 648   LEU   -0.180695   0
 651   ASP   -0.0469748   0.13507
SITE:  ARG- 646
 645   CYS   0.00223424   0.299582
 647   ARG   -0.101998   -0.149262
 806   ASP   0.0220276   0.192839
SITE:  ARG- 647
 641   HIS   0.098326   -0.238624
 643   LYS   -0.0785485   -0.489073
 646   ARG   0.0721555   -0.149262
 650   VAL   -0.203683   0
 651   ASP   0.165364   1.00466
 653   LYS   0.00604272   -0.380829
 709   TYR   -0.0265877   0.449234
 712   ASP   0.0639455   0.12704
 713   GLU   -0.00515293   0.189382
 714   ARG   -0.0303864   -0.19553
 786   ASP   0.108924   0.291466
 789   ARG   0.138135   -0.416289
 790   GLN   0.223676   0
 791   GLU   -0.0461792   0.269417
 792   LYS   -0.0555863   -0.141529
 793   ASN   1.33533   0
 794   ARG   0.119216   -0.130557
 796   ASP   -0.0404682   0.195518
 802   ARG   -0.0723645   -0.203013
 803   GLY   -0.156868   0
 804   ALA   0.395   0
 805   GLU   -0.222152   0.31602
 806   ASP   0.2697   0.543283
 808   THR   0.293594   0
SITE:  ASP- 651
 634   TYR   0.0260492   0.104578
 640   GLY   -0.192203   0
 641   HIS   0.59059   -0.539193
 643   LYS   -0.421162   -0.851067
 644   SER   0.178821   0
 645   CYS   0.063822   0.13507
 647   ARG   0.0718938   -1.00466
 648   LEU   0.501919   0
 650   VAL   -0.332078   0
 652   SER   -0.0277171   0
 653   LYS   -0.0368557   -0.717029
 709   TYR   -0.0693957   0.57236
 711   ARG   -0.0271701   -0.120866
 712   ASP   0.0665777   0.175106
 713   GLU   -0.00711146   0.22758
 714   ARG   -0.0848316   -0.164605
 726   ARG   0.0130831   -0.102082
 786   ASP   0.1657   0.507122
 789   ARG   0.192166   -0.752932
 790   GLN   -0.153126   0
 791   GLU   -0.085584   0.230093
 792   LYS   -0.0645568   -0.113819
 793   ASN   0.0559018   0
 794   ARG   0.150332   -0.110042
 796   ASP   -0.0836212   0.427754
 799   CYS   -0.00852197   0.118527
 802   ARG   -0.0569729   -0.110672
 804   ALA   0.144119   0
 805   GLU   -0.059911   0.147103
 806   ASP   0.0214694   0.277321
 808   THR   0.145399   0
 811   GLN   0.163832   0
SITE:  LYS- 653
 346   CYS   -0.0498681   0.160416
 634   TYR   0.0181495   0.267675
 635   ILE   0.135051   0
 636   SER   0.17563   0
 639   LEU   0.573305   0
 640   GLY   -0.138099   0
 641   HIS   0.0296882   -1.08577
 643   LYS   -0.0764184   -0.60194
 647   ARG   0.105537   -0.380829
 648   LEU   0.158897   0
 650   VAL   0.152429   0
 651   ASP   0.252972   0.717029
 654   VAL   -0.135144   0
 656   LEU   -0.282708   0
 657   GLY   -0.0889479   0
 700   ASP   0.0993674   0.303028
 702   ILE   0.17162   0
 703   PHE   0.186708   0
 706   VAL   0.123318   0
 707   GLN   0.175976   0
 709   TYR   -0.561126   1.17329
 710   GLN   1.332   0
 711   ARG   -0.126097   -0.296568
 712   ASP   0.0719675   0.399187
 713   GLU   -0.00612225   0.319996
 714   ARG   -0.117184   -0.197328
 718   GLU   -0.0253096   0.155208
 721   ASP   0.00761795   0.141847
 726   ARG   0.0192502   -0.244585
 730   GLU   -0.0466186   0.16902
 742   GLU   0.00565156   0.132259
 771   ASP   0.039945   0.19338
 778   CYS   0.0312868   0.1782
 780   VAL   0.102915   0
 783   LEU   0.0483602   0
 784   GLY   -0.0207512   0
 786   ASP   0.400313   1.90313
 787   ILE   -0.112869   0
 788   LYS   -0.0827935   -0.198211
 789   ARG   -0.198709   -0.682544
 790   GLN   0.303934   0
 791   GLU   -0.143435   0.284025
 792   LYS   -0.0498496   -0.130047
 794   ARG   0.0666103   -0.0800452
 796   ASP   0.0647518   0.654142
 799   CYS   -0.0139129   0.177315
 810   VAL   0.030677   0
 813   SER   0.143006   0
 814   GLU   -0.0864112   0.13383
1166   GLU   -0.00372794   0.163782
1170   HIS   -0.00790063   -0.21582
1173   ARG   -0.000249979   -0.113745
1193   HIS   0.0613554   -0.148216
1206   LYS   -0.0114942   -0.140058
1267   TYR   0.000880191   0.114146
1272   ARG   0.00970444   -0.147862
SITE:  CYS- 670
 346   CYS   -0.00865847   0.115444
 357   SER   0.289188   0
 358   LEU   0.156545   0
 360   PHE   0.28102   0
 361   ILE   0.437015   0
 362   THR   0.0375382   0
 363   ALA   -0.224099   0
 364   CYS   -1.42531   2.12422
 365   SER   -0.743427   0
 628   TYR   0.00829691   0.243912
 663   ILE   0.254237   0
 664   VAL   0.22733   0
 665   LEU   0.135338   0
 666   SER   0.682088   0
 667   SER   0.896296   0
 668   VAL   0.388824   0
 671   SER   -0.201748   0
 673   GLY   -0.489187   0
 674   VAL   -0.35684   0
 677   TYR   -0.123191   0.1164
 688   GLU   0.0200247   0.10378
 700   ASP   -0.0417564   0.164416
 742   GLU   -0.0102729   0.19806
 766   LEU   0.0985921   0
 770   ILE   -0.343752   0
 771   ASP   -0.0298099   0.734946
 774   LEU   -0.252349   0
 778   CYS   -0.114798   0.305397
1166   GLU   -0.00719385   0.144417
1206   LYS   0.0019759   -0.13916
1229   TYR   0.00805547   0.127716
SITE:  TYR- 677
 364   CYS   0.0563956   0.215189
 670   CYS   0.0478127   0.1164
SITE:  GLU- 688
 610   GLU   0.0160609   0.106139
 612   GLU   0.0302068   0.121539
 615   ARG   -0.0266608   -0.118255
 616   GLU   0.0536141   0.340675
 617   SER   0.332076   0
 618   ASP   -0.0100452   0.345969
 619   SER   -0.238242   0
 620   ASP   0.624918   1.39664
 621   VAL   -0.11319   0
 623   THR   -0.94748   0
 624   VAL   -0.866317   0
 627   SER   -0.28281   0
 628   TYR   -0.0113803   0.599854
 670   CYS   -0.0272032   0.10378
 684   LEU   0.229258   0
 685   ILE   0.475204   0
 686   VAL   0.12126   0
 689   VAL   -0.292387   0
 691   PRO   -0.267679   0
 692   PHE   -0.273724   0
 700   ASP   -0.0372454   0.127244
 742   GLU   -0.00649645   0.142452
 771   ASP   -0.0375972   0.173023
1088   TYR   -0.000750246   0.11257
1091   TYR   -0.00666567   0.136916
1161   CYS   -0.0145492   0.114242
1166   GLU   0.00500539   0.168777
1206   LYS   0.0459889   -0.250728
1209   GLY   0.0193058   0
1213   LEU   -0.0553921   0
1216   ALA   -0.244312   0
1217   LYS   -0.125296   -0.162356
1225   TYR   -0.0995661   0.64871
1227   ARG   -0.02787   -0.112419
1229   TYR   -0.121232   0.689073
SITE:  ASP- 700
 332   GLU   -0.00184369   0.231168
 336   ARG   -0.0456545   -0.109091
 346   CYS   -0.0546746   0.183924
 628   TYR   0.0868876   0.295179
 634   TYR   -0.198644   0.544542
 641   HIS   -0.0269004   -0.25018
 653   LYS   0.0460439   -0.303028
 657   GLY   0.0713502   0
 660   GLY   0.127404   0
 667   SER   -0.156859   0
 670   CYS   -0.0630338   0.164416
 688   GLU   0.0321866   0.127244
 690   ILE   0.122526   0
 691   PRO   0.142512   0
 693   LEU   0.226463   0
 694   VAL   0.262871   0
 695   LEU   0.372834   0
 696   ALA   0.564834   0
 697   VAL   0.831646   0
 698   GLY   0.242649   0
 699   VAL   0.0130671   0
 701   ASN   -0.323514   0
 702   ILE   -0.234233   0
 703   PHE   -0.6772   0
 704   ILE   -0.611782   0
 705   LEU   -0.179342   0
 706   VAL   -0.184846   0
 707   GLN   -0.306218   0
 709   TYR   -0.100578   0.146348
 711   ARG   -0.134961   -0.318989
 712   ASP   -0.0268567   0.203708
 726   ARG   0.0235471   -0.142116
 730   GLU   -0.0523539   0.28492
 731   VAL   0.124431   0
 732   ALA   0.153517   0
 733   PRO   0.0323905   0
 734   SER   -0.0286558   0
 735   MET   0.254549   0
 737   LEU   -0.14909   0
 738   SER   -0.512192   0
 741   SER   -0.302718   0
 742   GLU   0.176123   1.9836
 743   THR   -0.169203   0
 765   GLY   0.102183   0
 768   VAL   0.16551   0
 771   ASP   -0.0850017   1.06132
 778   CYS   -0.0675816   0.216674
 786   ASP   -0.0263806   0.185007
 825   TYR   -0.0499598   0.224034
1120   GLU   0.043101   0.161962
1128   CYS   0.0385148   0.22273
1159   MET   0.179672   0
1161   CYS   0.0905513   0.386775
1162   GLY   0.0811433   0
1163   ILE   0.189969   0
1165   VAL   -0.032007   0
1166   GLU   -0.689383   2.90226
1168   CYS   -0.110966   0.790196
1169   SER   -0.356988   0
1170   HIS   -0.418278   -2.40536
1173   ARG   -0.0726954   -0.555726
1186   ARG   0.0170066   -0.108043
1189   GLU   0.00788941   0.154854
1193   HIS   0.0556996   -0.250163
1194   MET   0.257476   0
1195   GLY   0.149316   0
1197   SER   -0.0297424   0
1198   VAL   0.166142   0
1201   GLY   -0.744214   0
1202   ILE   -0.492365   0
1205   THR   -0.357854   0
1206   LYS   -0.0960107   -1.88588
1225   TYR   0.0524298   0.165627
1229   TYR   0.0933224   0.431672
1233   VAL   0.0595834   0
1236   GLY   -0.05023   0
1239   HIS   -0.0311068   -0.246007
1239   HID   0.281706   -0.602913
1240   GLY   -0.0677902   0
1259   LYS   0.00714563   -0.194097
1266   ARG   -0.0207072   -0.125103
1267   TYR   -0.00644168   0.170064
1272   ARG   -0.00331778   -0.157483
SITE:  TYR- 709
 346   CYS   -0.0526347   0.138782
 641   HIS   0.095777   -0.480393
 643   LYS   -0.0475174   -0.626358
 647   ARG   0.173247   -0.449234
 651   ASP   0.0530009   0.57236
 653   LYS   0.0414949   -1.17329
 700   ASP   0.0427241   0.146348
 705   LEU   0.109582   0
 706   VAL   0.190927   0
 710   GLN   0.343511   0
 711   ARG   -0.133512   -0.304447
 712   ASP   0.326872   0.697818
 713   GLU   -0.0312686   0.620798
 714   ARG   -0.322188   -0.430114
 718   GLU   -0.0899473   0.35491
 719   THR   0.12742   0
 720   LEU   0.063056   0
 721   ASP   0.0144917   0.250661
 723   GLN   0.146151   0
 726   ARG   0.0544599   -0.475772
 730   GLU   -0.0324173   0.191775
 778   CYS   0.028818   0.102546
 780   VAL   0.0905411   0
 783   LEU   0.0980316   0
 784   GLY   0.00653616   0
 786   ASP   0.0385027   0.713028
 787   ILE   -0.209842   0
 788   LYS   -0.0553689   -0.268488
 789   ARG   -0.0647023   -0.388205
 790   GLN   0.207302   0
 791   GLU   -0.24771   0.538268
 792   LYS   -0.0580922   -0.183271
 796   ASP   -0.00140759   0.196506
 802   ARG   0.00460864   -0.111599
 805   GLU   -0.017551   0.134751
 810   VAL   0.182777   0
 812   ALA   -0.175216   0
 814   GLU   -0.0847652   0.128688
1170   HIS   0.00310622   -0.141511
1193   HIS   0.0402525   -0.146122
1266   ARG   -0.000448537   -0.116261
1267   TYR   0.00491912   0.140816
1272   ARG   0.0221006   -0.201911
SITE:  ARG- 711
 332   GLU   -0.0172303   0.304341
 336   ARG   -0.133991   -0.177599
 634   TYR   -0.0127722   0.160524
 641   HIS   -0.0348467   -0.376374
 643   LYS   -0.00197982   -0.213773
 651   ASP   0.0183927   0.120866
 653   LYS   0.0173818   -0.296568
 700   ASP   0.0956528   0.318989
 704   ILE   0.135137   0
 705   LEU   0.109049   0
 706   VAL   0.0732074   0
 707   GLN   0.24174   0
 708   ALA   0.152631   0
 709   TYR   0.103957   0.304447
 712   ASP   -0.356304   0.744955
 713   GLU   0.00299921   0.30517
 714   ARG   -0.0365225   -0.120326
 718   GLU   0.00268097   0.152482
 726   ARG   -0.00467728   -0.39323
 727   VAL   0.025743   0
 730   GLU   -0.0501268   0.670517
 731   VAL   -0.0255168   0
 742   GLU   0.0110286   0.160509
 786   ASP   0.00187747   0.135523
 814   GLU   -0.255157   0.390131
 819   ARG   0.0318672   -0.115812
 822   LYS   -0.0739734   -0.458409
 825   TYR   -0.0777878   0.12781
1120   GLU   0.0427448   0.147995
1166   GLU   0.02311   0.20061
1168   CYS   0.0225962   0.182616
1170   HIS   0.0767348   -0.49291
1173   ARG   0.0138604   -0.382293
1180   LYS   -0.0223863   -0.234372
1186   ARG   0.0214541   -0.171685
1188   GLU   0.0481145   0.221405
1189   GLU   0.087297   0.518692
1192   ALA   0.177786   0
1193   HIS   0.37159   -2.14822
1194   MET   0.154989   0
1195   GLY   -0.0507366   0
1196   SER   -0.316012   0
1206   LYS   -0.0150553   -0.136979
1239   HID   0.0845017   -0.206134
1259   LYS   0.0194138   -0.216356
1266   ARG   -0.100466   -0.26086
1267   TYR   0.0114372   0.544453
1272   ARG   0.093615   -0.700842
1278   PHE   -0.0042694   0.123584
SITE:  ASP- 712
 332   GLU   -0.00452351   0.237449
 336   ARG   -0.0518111   -0.19093
 346   CYS   -0.0490206   0.113288
 641   HIS   0.0101541   -0.281218
 643   LYS   -0.0206766   -0.262992
 647   ARG   0.0325711   -0.12704
 651   ASP   0.0179597   0.175106
 653   LYS   0.014992   -0.399187
 700   ASP   0.0569954   0.203708
 704   ILE   0.0948101   0
 705   LEU   0.15753   0
 706   VAL   0.136364   0
 707   GLN   0.188196   0
 708   ALA   0.45846   0
 709   TYR   0.477288   0.697818
 711   ARG   -0.306476   -0.744955
 713   GLU   0.111937   0.764289
 714   ARG   -0.137184   -0.346522
 718   GLU   0.0356665   0.737066
 720   LEU   0.138365   0
 721   ASP   0.01687   0.168081
 723   GLN   -1.78847   0
 724   LEU   0.185623   0
 726   ARG   -0.126012   -3.10191
 727   VAL   -0.278562   0
 730   GLU   0.00407968   0.820854
 742   GLU   0.00648228   0.111009
 786   ASP   -0.000778827   0.210874
 788   LYS   -0.0208026   -0.110076
 789   ARG   -0.020187   -0.106466
 791   GLU   -0.053642   0.156749
 810   VAL   0.106833   0
 814   GLU   -0.13045   0.207732
 822   LYS   -0.0198872   -0.19976
1166   GLU   0.00639029   0.124855
1168   CYS   0.0121098   0.102907
1170   HIS   0.0426964   -0.292651
1173   ARG   0.0336618   -0.282144
1180   LYS   -0.0063447   -0.115941
1186   ARG   0.000659871   -0.103512
1189   GLU   0.0162505   0.282113
1193   HIS   0.0414432   -0.519944
1239   HID   0.0457524   -0.102139
1259   LYS   0.0178448   -0.157764
1266   ARG   -0.0350992   -0.409812
1267   TYR   0.0342954   0.646362
1271   GLU   -0.0723375   0.145921
1272   ARG   0.156459   -1.06917
SITE:  GLU- 713
 641   HIS   0.00438624   -0.237919
 643   LYS   -0.0191694   -0.374398
 647   ARG   0.0280592   -0.189382
 651   ASP   0.0444226   0.22758
 653   LYS   0.00477805   -0.319996
 709   TYR   0.20454   0.620798
 711   ARG   -0.0321827   -0.30517
 712   ASP   -0.254502   0.764289
 714   ARG   -1.34422   -1.02261
 718   GLU   -0.0499853   0.259641
 723   GLN   -0.159434   0
 726   ARG   0.0996849   -0.458484
 730   GLU   0.000164572   0.192673
 786   ASP   0.0269584   0.170768
 789   ARG   -0.00230294   -0.107664
 791   GLU   -0.0809335   0.171602
 810   VAL   0.401042   0
 811   GLN   -0.564874   0
 812   ALA   -0.360383   0
 814   GLU   -0.0855556   0.199088
 822   LYS   -0.00784137   -0.163638
1189   GLU   0.0109955   0.117109
1193   HIS   0.0203572   -0.198268
1266   ARG   -0.0120678   -0.103128
1267   TYR   0.0163684   0.190298
1271   GLU   -0.0548015   0.175477
1272   ARG   0.0649249   -0.365667
SITE:  ARG- 714
 641   HIS   0.0127132   -0.118225
 643   LYS   -0.0112348   -0.215629
 647   ARG   0.043258   -0.19553
 651   ASP   0.0277194   0.164605
 653   LYS   0.000368319   -0.197328
 709   TYR   0.0896244   0.430114
 711   ARG   -0.017064   -0.120326
 712   ASP   0.0596686   0.346522
 713   GLU   -0.0573486   1.02261
 718   GLU   -0.0153886   0.199422
 726   ARG   0.0733719   -0.279226
 786   ASP   0.0222415   0.125143
 791   GLU   -0.0478977   0.207676
 809   SER   -0.396514   0
 810   VAL   0.199254   0
1271   GLU   -0.0303614   0.128862
1272   ARG   0.020984   -0.160304
SITE:  GLU- 718
 336   ARG   0.0383781   -0.154884
 348   ARG   -0.0553816   -0.129086
 653   LYS   0.00690074   -0.155208
 709   TYR   0.0321594   0.35491
 711   ARG   -0.040836   -0.152482
 712   ASP   0.202048   0.737066
 713   GLU   0.146047   0.259641
 714   ARG   -0.906098   -0.199422
 715   LEU   -0.132958   0
 717   GLY   -0.235002   0
 720   LEU   0.247069   0
 721   ASP   -0.0752279   0.311179
 722   GLN   -0.810342   0
 723   GLN   -0.462328   0
 725   GLY   -0.14638   0
 726   ARG   -0.137556   -2.44383
 730   GLU   -0.00984761   0.29194
 786   ASP   -0.00502307   0.111793
 788   LYS   -0.0195264   -0.140522
 791   GLU   -0.0219634   0.17011
1193   HIS   0.00673271   -0.119695
1266   ARG   0.127607   -0.395112
1267   TYR   0.00841064   0.318485
1272   ARG   -0.0209821   -0.280824
SITE:  ASP- 721
 343   GLY   0.100716   0
 344   SER   -0.0247441   0
 346   CYS   -0.0971422   0.300866
 347   VAL   -0.233074   0
 348   ARG   -0.110306   -0.552204
 653   LYS   0.00612805   -0.141847
 709   TYR   0.000917323   0.250661
 712   ASP   0.0442494   0.168081
 718   GLU   -0.155211   0.311179
 719   THR   -1.01614   0
 720   LEU   -0.415274   0
 722   GLN   -0.250352   0
 724   LEU   -0.31655   0
 725   GLY   -0.147452   0
 726   ARG   -0.0130464   -0.235919
 778   CYS   0.0532274   0.103225
 784   GLY   0.0692184   0
 786   ASP   -0.0404204   0.183882
 788   LYS   -0.136869   -1.96164
 791   GLU   0.0540874   0.36172
 792   LYS   -0.00669019   -0.235047
1266   ARG   0.0325224   -0.108773
SITE:  ARG- 726
 332   GLU   0.00194168   0.213534
 336   ARG   0.0170321   -0.247702
 346   CYS   -0.063831   0.135252
 641   HIS   0.00514391   -0.150643
 643   LYS   -0.00895201   -0.142848
 651   ASP   0.0103004   0.102082
 653   LYS   0.0125163   -0.244585
 700   ASP   0.0358282   0.142116
 709   TYR   0.0694679   0.475772
 711   ARG   -0.145469   -0.39323
 712   ASP   1.1616   3.10191
 713   GLU   0.634346   0.458484
 714   ARG   -0.664715   -0.279226
 715   LEU   -0.283606   0
 718   GLU   0.96798   2.44383
 720   LEU   0.209422   0
 721   ASP   0.00608742   0.235919
 723   GLN   -1.01615   0
 724   LEU   0.29114   0
 725   GLY   0.0240983   0
 727   VAL   -0.39874   0
 729   GLY   -0.186329   0
 730   GLU   -0.01763   0.784087
 786   ASP   -0.00978628   0.151168
 788   LYS   -0.0203937   -0.122991
 791   GLU   -0.0316924   0.134938
 814   GLU   -0.0561978   0.11283
 822   LYS   -0.0101874   -0.116698
1170   HIS   0.0322187   -0.207967
1173   ARG   0.0240072   -0.230125
1189   GLU   0.010979   0.199189
1193   HIS   0.0111324   -0.320279
1259   LYS   0.0212906   -0.137657
1266   ARG   0.139114   -0.711331
1267   TYR   -0.00378067   0.735949
1271   GLU   -0.0868129   0.14135
1272   ARG   -0.0120307   -0.73468
SITE:  GLU- 730
 332   GLU   -0.0444134   0.742996
 336   ARG   -0.315128   -0.580213
 337   ARG   0.0477653   -0.13958
 346   CYS   -0.0522047   0.117765
 641   HIS   -0.0120984   -0.147433
 653   LYS   0.0141683   -0.16902
 700   ASP   0.0645438   0.28492
 704   ILE   0.0783582   0
 705   LEU   0.101842   0
 709   TYR   0.0191581   0.191775
 711   ARG   -0.25876   -0.670517
 712   ASP   -0.0771318   0.820854
 713   GLU   0.0555016   0.192673
 718   GLU   0.0366241   0.29194
 723   GLN   0.0271426   0
 724   LEU   0.164344   0
 725   GLY   0.145611   0
 726   ARG   0.193159   -0.784087
 727   VAL   0.341974   0
 728   LEU   0.148726   0
 729   GLY   -0.0834382   0
 731   VAL   -0.254255   0
 733   PRO   -0.178098   0
 742   GLU   0.0101964   0.183031
 771   ASP   0.00728393   0.108382
 814   GLU   -0.0689952   0.138199
 822   LYS   -0.0129643   -0.176062
1120   GLU   0.0759628   0.27286
1166   GLU   0.0191832   0.189049
1168   CYS   0.026538   0.199919
1170   HIS   0.11652   -0.540401
1173   ARG   0.139908   -0.74905
1177   VAL   0.0248743   0
1180   LYS   -0.00375898   -0.17053
1186   ARG   -0.027486   -0.232331
1188   GLU   0.00903243   0.135692
1189   GLU   -0.0172867   0.509064
1193   HIS   0.0082229   -0.729462
1206   LYS   -0.00882826   -0.122367
1239   HID   0.0931394   -0.185807
1259   LYS   0.057613   -0.456033
1263   THR   0.179873   0
1264   GLU   -0.00520203   0.128379
1266   ARG   -0.952967   -1.31731
1267   TYR   -0.598014   2.20158
1272   ARG   -0.291822   -0.84371
1278   PHE   0.00178342   0.104338
SITE:  GLU- 742
 332   GLU   -0.00777048   0.208402
 346   CYS   -0.0375041   0.143021
 628   TYR   0.0649589   0.269418
 634   TYR   -0.0804099   0.207961
 653   LYS   0.0226549   -0.132259
 660   GLY   0.0962981   0
 670   CYS   -0.070939   0.19806
 688   GLU   0.0212587   0.142452
 690   ILE   0.139694   0
 691   PRO   0.138046   0
 693   LEU   0.17974   0
 694   VAL   0.223366   0
 695   LEU   0.162687   0
 697   VAL   0.0487279   0
 698   GLY   0.0579679   0
 699   VAL   -0.0815983   0
 700   ASP   -0.421789   1.9836
 701   ASN   -0.260293   0
 704   ILE   -0.214542   0
 711   ARG   -0.0600739   -0.160509
 712   ASP   -0.0143186   0.111009
 730   GLU   -0.017505   0.183031
 731   VAL   0.114307   0
 732   ALA   0.169539   0
 733   PRO   0.0991353   0
 734   SER   0.221992   0
 735   MET   0.43843   0
 736   PHE   0.20921   0
 737   LEU   0.173335   0
 738   SER   -1.70919   0
 739   SER   0.642464   0
 741   SER   -1.05286   0
 743   THR   -0.67948   0
 744   VAL   -0.23714   0
 745   ALA   -0.387851   0
 746   PHE   -0.221582   0
 758   HIS   0.0696298   -0.101998
 761   SER   0.151595   0
 765   GLY   0.155051   0
 768   VAL   0.0358925   0
 771   ASP   -0.255816   1.02704
 775   GLN   -0.188712   0
 778   CYS   -0.0601719   0.163075
 825   TYR   -0.0335664   0.146506
1109   ILE   0.00396746   0
1120   GLU   0.0388199   0.178381
1128   CYS   0.0938408   0.430001
1155   VAL   0.108748   0
1156   ASN   0.191126   0
1157   LEU   0.127081   0
1158   VAL   0.160771   0
1159   MET   0.421537   0
1160   SER   0.154337   0
1161   CYS   0.177961   0.904024
1162   GLY   0.357594   0
1163   ILE   0.143068   0
1164   SER   -0.227574   0
1165   VAL   -0.641895   0
1166   GLU   -0.883889   2.57001
1168   CYS   -0.223641   1.14256
1169   SER   -0.611232   0
1170   HIS   -0.24381   -1.42743
1172   THR   -0.169618   0
1173   ARG   -0.111279   -0.552542
1193   HIS   0.0143866   -0.140031
1198   VAL   0.0277925   0
1201   GLY   -0.156507   0
1202   ILE   -0.132083   0
1206   LYS   -0.0297344   -1.59952
1225   TYR   0.0628182   0.254804
1229   TYR   0.104166   0.564965
1233   VAL   0.056161   0
1236   GLY   -0.0600768   0
1239   HIS   -0.0508374   -0.284368
1239   HID   0.326595   -0.561015
1240   GLY   -0.0610322   0
1259   LYS   0.00708214   -0.196686
1267   TYR   -0.0056547   0.108435
SITE:  HIS- 758
 379   ASP   0.0462558   0.17913
 389   ARG   0.0232758   -0.157066
 681   PRO   0.0863867   0
 742   GLU   0.0227616   0.101998
 749   GLY   0.0722318   0
 750   ALA   -0.469424   0
 752   SER   0.454142   0
 754   MET   0.370225   0
 755   PRO   0.315756   0
 757   VAL   0.0337531   0
 759   THR   -0.324334   0
 761   SER   -0.481888   0
 762   LEU   -0.258196   0
1089   GLU   -0.017038   0.101587
1091   TYR   -0.0061298   0.132644
1097   ASP   0.0444184   0.28728
1161   CYS   -0.030456   0.158268
1225   TYR   0.0043468   0.271339
1229   TYR   -0.00484499   0.185931
SITE:  ASP- 771
 346   CYS   -0.0566253   0.264695
 364   CYS   -0.092028   0.241505
 628   TYR   0.124871   0.624813
 634   TYR   -0.0825762   0.179146
 641   HIS   -0.00735056   -0.103058
 653   LYS   0.0504716   -0.19338
 656   LEU   0.124597   0
 657   GLY   0.168482   0
 658   ILE   0.130475   0
 659   ALA   0.173493   0
 660   GLY   0.467415   0
 661   ILE   0.434722   0
 663   ILE   -0.453401   0
 664   VAL   0.0710817   0
 666   SER   -0.650448   0
 667   SER   -2.19564   0
 668   VAL   -0.000361542   0
 670   CYS   -0.342788   0.734946
 671   SER   -0.288246   0
 688   GLU   0.047311   0.173023
 690   ILE   0.131332   0
 691   PRO   0.230915   0
 693   LEU   0.126145   0
 694   VAL   0.38151   0
 695   LEU   0.303366   0
 697   VAL   -0.199095   0
 698   GLY   -0.267348   0
 699   VAL   -0.0396968   0
 700   ASP   -0.273022   1.06132
 701   ASN   -0.684452   0
 702   ILE   -0.170192   0
 704   ILE   -0.156839   0
 705   LEU   -0.164652   0
 730   GLU   -0.0233949   0.108382
 735   MET   0.116536   0
 738   SER   -0.301382   0
 742   GLU   -0.00514218   1.02704
 743   THR   -0.176148   0
 763   PHE   0.150468   0
 764   ALA   0.258753   0
 765   GLY   0.195121   0
 766   LEU   0.2193   0
 767   ALA   0.653626   0
 768   VAL   0.455413   0
 769   PHE   0.150911   0
 770   ILE   -0.0575385   0
 772   PHE   -0.293535   0
 773   LEU   -0.187669   0
 774   LEU   -0.711649   0
 775   GLN   -2.50028   0
 776   ILE   -0.174638   0
 778   CYS   -0.272146   0.585901
 786   ASP   -0.050427   0.180581
1161   CYS   0.0143011   0.223547
1166   GLU   -0.0390102   0.805315
1168   CYS   -0.0388132   0.250421
1170   HIS   -0.0939232   -0.530331
1173   ARG   -0.0179308   -0.214056
1206   LYS   0.00794752   -0.707023
1225   TYR   0.0285014   0.175312
1229   TYR   0.0417168   0.358731
1239   HID   0.0740154   -0.156706
SITE:  CYS- 778
 346   CYS   -0.0552548   0.803381
 350   PRO   0.257138   0
 351   GLY   0.113756   0
 352   CYS   -0.0058362   0.146469
 353   VAL   -0.0270987   0
 354   ILE   0.00824396   0
 357   SER   -0.129299   0
 364   CYS   -0.0703061   0.139679
 628   TYR   0.0171336   0.131339
 653   LYS   0.035704   -0.1782
 656   LEU   0.11079   0
 657   GLY   0.087584   0
 659   ALA   0.222172   0
 660   GLY   0.0299281   0
 663   ILE   -0.170934   0
 670   CYS   -0.103805   0.305397
 700   ASP   -0.00518225   0.216674
 709   TYR   -0.0372832   0.102546
 721   ASP   0.0124918   0.103225
 742   GLU   0.00194357   0.163075
 771   ASP   0.245104   0.585901
 773   LEU   0.147991   0
 774   LEU   0.837686   0
 775   GLN   0.348408   0
 779   PHE   -0.215338   0
 780   VAL   -0.184023   0
 781   SER   -0.71987   0
 782   LEU   -0.325902   0
 786   ASP   -0.127105   0.29652
 788   LYS   -0.0325552   -0.17087
 789   ARG   -0.0878407   -0.137042
 796   ASP   0.0449118   0.136882
 799   CYS   0.00933028   0.166252
1166   GLU   -0.0112938   0.138053
1170   HIS   -0.0175017   -0.134615
1206   LYS   -0.000296927   -0.117236
SITE:  ASP- 786
 346   CYS   -0.0452875   0.206597
 634   TYR   0.0059772   0.124787
 639   LEU   0.127906   0
 641   HIS   0.0560052   -0.414613
 643   LYS   -0.0485723   -0.316317
 647   ARG   0.165887   -0.291466
 650   VAL   0.383816   0
 651   ASP   0.14506   0.507122
 652   SER   0.546054   0
 653   LYS   -0.270091   -1.90313
 656   LEU   -0.384984   0
 657   GLY   -0.0280022   0
 700   ASP   0.0457574   0.185007
 702   ILE   0.0710856   0
 706   VAL   -0.0217473   0
 709   TYR   -0.15838   0.713028
 711   ARG   -0.0655717   -0.135523
 712   ASP   0.044928   0.210874
 713   GLU   -0.00264876   0.170768
 714   ARG   -0.0810494   -0.125143
 718   GLU   -0.0298926   0.111793
 721   ASP   0.0209356   0.183882
 726   ARG   0.0103898   -0.151168
 771   ASP   0.0506048   0.180581
 778   CYS   0.081695   0.29652
 779   PHE   0.239606   0
 780   VAL   0.182095   0
 782   LEU   0.379682   0
 783   LEU   0.580872   0
 784   GLY   -0.0943295   0
 787   ILE   -0.422317   0
 788   LYS   -0.257168   -0.373053
 789   ARG   -1.55485   -1.70826
 790   GLN   -0.794274   0
 791   GLU   -0.210442   0.353906
 792   LYS   -0.0755515   -0.252437
 794   ARG   0.0890363   -0.159969
 795   LEU   0.128852   0
 796   ASP   0.0747874   0.918564
 799   CYS   -0.0178612   0.477991
1166   GLU   -0.00396108   0.104042
1170   HIS   -0.00760024   -0.12736
SITE:  LYS- 788
 343   GLY   0.130799   0
 346   CYS   0.0129394   0.330884
 347   VAL   1.14158   0
 348   ARG   0.138619   -0.37066
 350   PRO   -0.121278   0
 653   LYS   0.00260812   -0.198211
 709   TYR   -0.0179997   0.268488
 712   ASP   0.026943   0.110076
 718   GLU   -0.0505605   0.140522
 719   THR   -0.215735   0
 720   LEU   -0.275592   0
 721   ASP   0.733912   1.96164
 724   LEU   -0.172059   0
 726   ARG   0.00481187   -0.122991
 778   CYS   0.0950053   0.17087
 780   VAL   0.141438   0
 781   SER   0.306053   0
 784   GLY   0.505244   0
 785   LEU   0.194317   0
 786   ASP   -0.014641   0.373053
 789   ARG   0.11271   -0.404218
 791   GLU   -0.0209701   0.497995
 792   LYS   -0.0338414   -0.450162
 794   ARG   -0.0258252   -0.124724
 799   CYS   0.0100233   0.126958
SITE:  ARG- 789
 641   HIS   0.108845   -0.270276
 643   LYS   -0.0632933   -0.257423
 647   ARG   0.33041   -0.416289
 648   LEU   0.318492   0
 649   LEU   0.615002   0
 650   VAL   1.73783   0
 651   ASP   -0.0217534   0.752932
 652   SER   1.28868   0
 653   LYS   -0.114741   -0.682544
 655   SER   -0.357795   0
 656   LEU   -0.15854   0
 709   TYR   -0.0570506   0.388205
 712   ASP   0.0326914   0.106466
 713   GLU   0.000577819   0.107664
 778   CYS   0.0391778   0.137042
 783   LEU   0.114895   0
 785   LEU   0.126544   0
 786   ASP   0.791408   1.70826
 787   ILE   0.205187   0
 788   LYS   0.33075   -0.404218
 790   GLN   -1.49687   0
 791   GLU   -0.189611   0.360878
 792   LYS   -0.171654   -0.34142
 793   ASN   -0.283531   0
 794   ARG   1.64026   -0.331533
 795   LEU   0.536039   0
 796   ASP   -0.530236   1.96566
 799   CYS   -0.195516   0.816357
 800   CYS   -0.013629   0.15354
 801   VAL   0.361458   0
 802   ARG   -0.102492   -0.181684
 805   GLU   -0.0186651   0.160893
 806   ASP   0.0104784   0.119734
SITE:  GLU- 791
 641   HIS   0.0217946   -0.117177
 643   LYS   -0.0121768   -0.182899
 647   ARG   0.116574   -0.269417
 651   ASP   0.036123   0.230093
 653   LYS   -0.00137437   -0.284025
 709   TYR   0.0147311   0.538268
 712   ASP   0.0711258   0.156749
 713   GLU   -0.00495385   0.171602
 714   ARG   -0.0926804   -0.207676
 718   GLU   -0.0524254   0.17011
 720   LEU   -0.119065   0
 721   ASP   0.0285142   0.36172
 726   ARG   0.0128219   -0.134938
 784   GLY   0.0799897   0
 786   ASP   0.130983   0.353906
 787   ILE   0.374796   0
 788   LYS   -0.274884   -0.497995
 789   ARG   0.158885   -0.360878
 792   LYS   -0.313186   -0.913032
 794   ARG   0.020922   -0.164265
 796   ASP   0.0108696   0.110654
 802   ARG   0.0437164   -0.207907
 805   GLU   0.0209392   0.190739
SITE:  LYS- 792
 647   ARG   0.0598177   -0.141529
 651   ASP   0.0150792   0.113819
 653   LYS   -8.62826e-05   -0.130047
 709   TYR   -0.00404363   0.183271
 721   ASP   0.0235806   0.235047
 785   LEU   0.157471   0
 786   ASP   0.0914597   0.252437
 788   LYS   1.01815   -0.450162
 789   ARG   0.340106   -0.34142
 791   GLU   0.10733   0.913032
 793   ASN   -0.217428   0
 794   ARG   0.0276566   -0.391242
 796   ASP   0.0293764   0.106456
 799   CYS   0.0453123   0.174171
 800   CYS   0.0285536   0.100058
 802   ARG   0.00932869   -0.245397
 805   GLU   0.037684   0.195642
SITE:  ARG- 794
 647   ARG   0.0657376   -0.130557
 651   ASP   0.0220838   0.110042
 786   ASP   0.0502655   0.159969
 788   LYS   0.082343   -0.124724
 789   ARG   0.157655   -0.331533
 791   GLU   -0.0562973   0.164265
 792   LYS   0.163862   -0.391242
 796   ASP   0.0348239   0.133854
 799   CYS   0.414087   0.248259
 800   CYS   0.147408   0.330486
 801   VAL   0.136573   0
 802   ARG   -0.0886969   -0.375689
 805   GLU   0.0109002   0.200831
SITE:  ASP- 796
 636   SER   0.190303   0
 640   GLY   -0.0731806   0
 641   HIS   0.071707   -0.231196
 643   LYS   -0.0462834   -0.145065
 647   ARG   0.144707   -0.195518
 648   LEU   0.279423   0
 649   LEU   0.507018   0
 650   VAL   0.397324   0
 651   ASP   -0.0971054   0.427754
 652   SER   -0.934426   0
 653   LYS   -0.490498   -0.654142
 654   VAL   -1.16232   0
 655   SER   -2.41966   0
 656   LEU   -0.314062   0
 657   GLY   -0.188945   0
 709   TYR   -0.0504848   0.196506
 778   CYS   0.0267562   0.136882
 786   ASP   0.147394   0.918564
 789   ARG   0.473855   -1.96566
 790   GLN   -0.435577   0
 791   GLU   -0.0590094   0.110654
 792   LYS   -0.0227518   -0.106456
 794   ARG   0.099298   -0.133854
 797   ILE   -0.305904   0
 799   CYS   -0.201862   0.757954
 800   CYS   -0.0186133   0.121913
 801   VAL   0.144812   0
SITE:  CYS- 799
 651   ASP   -0.0111816   0.118527
 653   LYS   -0.0192067   -0.177315
 778   CYS   0.0429572   0.166252
 786   ASP   -0.0165203   0.477991
 788   LYS   -0.0249128   -0.126958
 789   ARG   -0.26265   -0.816357
 792   LYS   -0.0201781   -0.174171
 794   ARG   -0.426939   -0.248259
 795   LEU   0.88878   0
 796   ASP   1.80843   0.757954
 797   ILE   0.222802   0
 800   CYS   -0.106299   0.411093
 801   VAL   0.193532   0
SITE:  CYS- 800
 789   ARG   -0.0254868   -0.15354
 792   LYS   0.0135233   -0.100058
 794   ARG   -0.243112   -0.330486
 796   ASP   0.0664782   0.121913
 799   CYS   0.00976053   0.411093
SITE:  ARG- 802
 647   ARG   0.0853689   -0.203013
 651   ASP   0.0108655   0.110672
 709   TYR   0.00277467   0.111599
 789   ARG   0.139968   -0.181684
 791   GLU   0.034889   0.207907
 792   LYS   0.453796   -0.245397
 793   ASN   -0.0847116   0
 794   ARG   -0.0288787   -0.375689
 803   GLY   0.102103   0
 805   GLU   0.860316   1.98208
 806   ASP   0.028969   0.10037
SITE:  GLU- 805
 647   ARG   0.111812   -0.31602
 651   ASP   0.0103262   0.147103
 709   TYR   0.00209345   0.134751
 789   ARG   0.124139   -0.160893
 791   GLU   0.0590035   0.190739
 792   LYS   0.163068   -0.195642
 793   ASN   -1.04561   0
 794   ARG   0.0828797   -0.200831
 802   ARG   -0.263982   -1.98208
 803   GLY   0.204722   0
 806   ASP   -0.241354   0.303247
SITE:  ASP- 806
 643   LYS   -0.0331584   -0.164272
 646   ARG   -0.223786   -0.192839
 647   ARG   0.0216193   -0.543283
 651   ASP   0.0125369   0.277321
 789   ARG   0.0490256   -0.119734
 802   ARG   -0.0646851   -0.10037
 805   GLU   -0.389078   0.303247
 807   GLY   -0.20335   0
SITE:  GLU- 814
 641   HIS   -0.0352415   -0.255418
 643   LYS   -0.0106896   -0.197385
 653   LYS   0.00210527   -0.13383
 709   TYR   0.0147184   0.128688
 711   ARG   0.0614496   -0.390131
 712   ASP   -0.0492387   0.207732
 713   GLU   -0.0343468   0.199088
 726   ARG   0.00379221   -0.11283
 730   GLU   0.000431342   0.138199
 815   SER   0.301978   0
 816   CYS   0.0757276   0.188089
 818   PHE   -0.305478   0
 819   ARG   -0.27945   -0.449442
 822   LYS   -0.322964   -1.40798
 823   ASN   0.181278   0
1170   HIS   0.0100918   -0.105353
1180   LYS   -0.00827145   -0.129394
1188   GLU   0.0201916   0.131128
1189   GLU   0.0198522   0.17059
1193   HIS   0.0609234   -0.27486
1267   TYR   0.0114117   0.13023
1272   ARG   0.0469329   -0.222773
SITE:  CYS- 816
 634   TYR   0.0262908   0.204757
 641   HIS   -0.0519798   -0.233721
 643   LYS   -0.00451778   -0.111692
 814   GLU   0.0361363   0.188089
 815   SER   0.155549   0
 817   LEU   -0.178304   0
 819   ARG   -0.355004   -0.203341
SITE:  ARG- 819
 641   HIS   -0.0201898   -0.100819
 711   ARG   0.0128512   -0.115812
 814   GLU   0.0945656   0.449442
 816   CYS   0.121454   0.203341
 822   LYS   -0.139204   -0.256747
SITE:  LYS- 822
 641   HIS   -0.0199356   -0.13502
 711   ARG   0.140679   -0.458409
 712   ASP   -0.0404732   0.19976
 713   GLU   -0.0297356   0.163638
 726   ARG   -0.00041955   -0.116698
 730   GLU   -0.00332898   0.176062
 814   GLU   0.696541   1.40798
 818   PHE   0.154246   0
 819   ARG   0.15415   -0.256747
 823   ASN   0.145952   0
1170   HIS   0.0176999   -0.119347
1180   LYS   -0.026465   -0.271252
1188   GLU   0.0326394   0.284235
1189   GLU   0.0270755   0.307881
1193   HIS   0.0351656   -0.43408
1267   TYR   0.010629   0.176061
1272   ARG   0.0547722   -0.274071
1278   PHE   0.00342001   0.136542
SITE:  TYR- 825
 634   TYR   -0.0177503   0.15407
 700   ASP   0.0171865   0.224034
 711   ARG   -0.0213888   -0.12781
 742   GLU   0.00122083   0.146506
 828   LEU   -0.169522   0
 829   LEU   -0.261361   0
 835   ARG   0.019757   -0.176325
1161   CYS   0.0289847   0.100045
1166   GLU   0.0211177   0.274216
1168   CYS   0.00117075   0.347459
1170   HIS   -0.0562118   -0.276465
1173   ARG   -0.0267396   -0.123084
1186   ARG   0.035974   -0.10951
1188   GLU   0.0435913   0.151579
1189   GLU   0.00618303   0.130718
1191   LEU   -0.0650848   0
1193   HIS   -0.0345634   -0.13923
1195   GLY   -0.0667727   0
1206   LYS   -0.0417873   -0.220058
1235   LEU   0.132025   0
1236   GLY   0.0933933   0
1237   ALA   0.315989   0
1238   THR   0.213856   0
1239   HIS   0.137457   -0.426383
1239   HID   -0.0226961   -0.590442
1240   GLY   -0.00356968   0
1241   LEU   2.24924   0
1242   ILE   0.272319   0
1245   PRO   -0.312974   0
1250   TYR   -0.0241578   0.136008
SITE:  LYS- 831
 294   ARG   -0.0141951   -0.111325
 827   PRO   0.169085   0
 828   LEU   0.184311   0
 832   ASP   -0.403928   0.372022
 833   TRP   -0.290056   0
 834   MET   -0.185806   0
 835   ARG   -0.171123   -0.170346
1188   GLU   -0.0334292   0.146824
1250   TYR   0.000600927   0.127943
SITE:  ASP- 832
 294   ARG   -0.682633   -0.694723
 830   LEU   0.186931   0
 831   LYS   0.387722   -0.372022
 833   TRP   -0.24117   0
 834   MET   -0.206182   0
 835   ARG   -1.27285   -0.949325
 836   PRO   -0.0827673   0
1180   LYS   0.0134467   -0.121944
1183   ARG   -0.0900666   -0.11821
1185   GLU   0.0243006   0.236137
1186   ARG   -0.0128325   -0.107599
1188   GLU   -0.0526102   0.189078
1250   TYR   -0.0937078   0.734617
SITE:  ARG- 835
 294   ARG   -0.102792   -0.343879
 825   TYR   0.00697498   0.176325
 829   LEU   0.323432   0
 831   LYS   0.294208   -0.170346
 832   ASP   0.343276   0.949325
 834   MET   -0.193894   0
 836   PRO   -0.138449   0
 838   VAL   -0.175854   0
1168   CYS   0.0174912   0.130731
1180   LYS   0.0375855   -0.128431
1183   ARG   -0.198929   -0.274918
1184   VAL   0.0257338   0
1185   GLU   0.0407854   0.262395
1186   ARG   -0.0577347   -0.251006
1188   GLU   -0.0549094   0.205111
1189   GLU   -0.049945   0.118397
1239   HIS   0.0668916   -0.121907
1239   HID   0.0683194   -0.176901
1242   ILE   0.159969   0
1243   PHE   0.176447   0
1244   LEU   0.120526   0
1245   PRO   0.247654   0
1246   VAL   0.532676   0
1247   LEU   0.217903   0
1249   SER   1.16369   0
1250   TYR   0.647624   1.47016
1253   PRO   0.101449   0
SITE:  LYS- 855
 266   ASP   1.02081   2.39133
 268   MET   -0.325538   0
 269   TYR   0.220396   1.28145
 851   ALA   0.37352   0
 852   VAL   0.218412   0
 854   ASN   0.0901199   0
 857   ASP   0.0627087   0.249487
SITE:  ASP- 857
 266   ASP   0.029348   0.127785
 269   TYR   0.0034943   0.13791
 855   LYS   0.222028   -0.249487
 856   VAL   -0.508646   0
 859   GLY   0.0972525   0
 861   ASP   0.00986616   0.474105
 934   ARG   0.00292124   -0.115457
1042   HID   0.00810677   -0.113346
1048   SER   -0.178178   0
1050   ASP   -0.0285468   0.173805
1053   ASP   -0.038819   0.13033
1056   LYS   -0.0250846   -0.107676
1088   TYR   0.0318456   0.179236
1091   TYR   0.0262358   0.275481
1143   TRP   -0.115058   0
1146   GLY   -0.167124   0
1147   ILE   0.0860013   0
1148   SER   -0.134455   0
1225   TYR   0.00998625   0.116032
1227   ARG   -0.0935829   -0.153579
SITE:  ASP- 861
 606   GLU   0.028436   0.123658
 612   GLU   -0.0390254   0.10081
 620   ASP   0.0182051   0.103983
 857   ASP   -0.186017   0.474105
 859   GLY   0.0591494   0
 860   LEU   -0.38986   0
 862   GLN   -0.29211   0
 863   SER   -0.236843   0
 864   LEU   -0.166077   0
 868   ASP   -0.00170498   0.142466
 875   TYR   -0.0120605   0.175922
 877   LYS   0.00453473   -0.105156
 934   ARG   -0.00837219   -0.115447
1042   HIS   -0.00275742   -0.114525
1042   HID   0.0109095   -0.153678
1047   THR   -0.200044   0
1048   SER   -0.230662   0
1050   ASP   -0.0972496   0.203728
1088   TYR   0.058352   0.547785
1091   TYR   -0.0278633   0.513813
1146   GLY   0.2077   0
1148   SER   -0.200837   0
1150   ASN   -0.202408   0
1225   TYR   -0.0278649   0.242123
1227   ARG   -0.0869076   -0.290478
1229   TYR   -0.021919   0.145203
SITE:  ASP- 868
 612   GLU   0.00844393   0.173778
 615   ARG   -0.0854648   -0.205139
 616   GLU   -0.0550743   0.258085
 620   ASP   0.0142992   0.161024
 861   ASP   -0.00413937   0.142466
 867   PRO   -0.0901937   0
 869   ASP   -0.507613   0.53971
 874   ASP   -0.0209724   0.13879
 877   LYS   -0.0247631   -0.194997
1217   LYS   0.133412   -0.251152
1219   GLN   -0.565312   0
1227   ARG   0.0259329   -0.194326
SITE:  ASP- 869
 592   LYS   -0.00205419   -0.221059
 611   ASP   -0.0331062   0.150271
 612   GLU   0.137825   0.534304
 615   ARG   -1.04906   -1.3051
 616   GLU   0.0264257   0.69967
 620   ASP   -0.00440923   0.192097
 867   PRO   -0.153236   0
 868   ASP   -0.50916   0.53971
 870   SER   -0.41063   0
 871   TYR   -0.00595108   0.257245
 874   ASP   -0.0688194   0.143793
 877   LYS   -0.0165377   -0.123715
1217   LYS   0.0253284   -0.789181
SITE:  TYR- 871
 404   ARG   -0.109967   -0.246227
 406   GLU   -0.231652   0.577253
 407   GLN   0.155103   0
 411   ARG   -0.0254757   -0.132886
 468   CYS   -0.00377621   0.151663
 584   GLU   0.184606   0.571265
 585   LYS   0.163919   -0.435054
 586   GLU   -0.00466831   0.216962
 588   ILE   -0.156236   0
 589   ASN   0.2263   0
 591   VAL   -0.177432   0
 592   LYS   -0.0473692   -1.70783
 595   LYS   0.0103962   -0.117927
 603   PHE   0.0899146   0
 604   THR   -0.0740148   0
 605   ALA   0.156185   0
 606   GLU   -0.0085557   0.341932
 607   ARG   0.183186   -0.87795
 608   SER   1.95026   0
 609   ILE   0.130757   0
 610   GLU   -0.120187   0.277017
 611   ASP   -0.490314   1.08934
 612   GLU   -0.370564   1.55078
 615   ARG   -0.0501222   -0.586324
 616   GLU   -0.098705   0.287783
 618   ASP   -0.0466075   0.101123
 620   ASP   -0.00256097   0.102873
 867   PRO   0.060182   0
 869   ASP   0.0307443   0.257245
 870   SER   -0.197653   0
 872   MET   0.291914   0
 874   ASP   -0.187524   0.256833
 875   TYR   -0.0977406   0.463274
 877   LYS   -0.027929   -0.124701
1041   TYR   -0.028527   0.106595
1081   TYR   -0.00360185   0.121184
1088   TYR   -0.0203392   0.174576
1091   TYR   -0.0190876   0.114002
1217   LYS   -0.00992872   -0.117807
SITE:  ASP- 874
 406   GLU   -0.0370336   0.125246
 409   ILE   0.0439106   0
 411   ARG   -0.538606   -1.13244
 592   LYS   0.00443301   -0.144381
 595   LYS   0.0128993   -0.111005
 602   SER   -1.00681   0
 603   PHE   0.152244   0
 612   GLU   -0.0138227   0.192881
 615   ARG   0.00731318   -0.120164
 868   ASP   0.0340665   0.13879
 869   ASP   -0.0268483   0.143793
 870   SER   0.207924   0
 871   TYR   0.442924   0.256833
 872   MET   0.191814   0
 873   VAL   -0.00159979   0
 875   TYR   -0.163604   0.305953
 877   LYS   -0.475969   -1.42488
 878   SER   -0.382422   0
 881   GLN   0.137593   0
 882   TYR   -0.140043   0.437187
SITE:  TYR- 875
 377   PRO   -0.0615676   0
 389   ARG   0.0203641   -0.116832
 392   LYS   -0.0198785   -0.250167
 393   GLU   0.0260366   0.103475
 396   ASP   0.0210391   0.201342
 403   PHE   0.146601   0
 404   ARG   -0.208742   -0.393813
 405   THR   0.322228   0
 406   GLU   -0.13801   0.897759
 409   ILE   -0.0534986   0
 411   ARG   0.0276848   -0.271089
 451   GLU   -0.016612   0.116373
 468   CYS   -0.0236952   0.281471
 479   CYS   -0.0360234   0.140067
 482   LEU   0.0737736   0
 487   TYR   -0.0209168   0.19895
 545   LEU   0.108779   0
 550   TYR   0.0282576   0.20794
 555   TYR   0.0237712   0.102222
 562   VAL   -0.16776   0
 563   ILE   0.227162   0
 566   PRO   -0.0908614   0
 584   GLU   0.015627   0.474925
 592   LYS   -0.0159965   -0.153671
 603   PHE   -0.153022   0
 604   THR   -0.63164   0
 606   GLU   0.154409   0.830445
 607   ARG   -0.0354134   -0.271348
 608   SER   -0.312225   0
 610   GLU   -0.0466476   0.234623
 611   ASP   -0.112389   0.188192
 612   GLU   -0.138928   0.273355
 615   ARG   -0.0212922   -0.110679
 616   GLU   -0.0617706   0.101224
 861   ASP   0.0177726   0.175922
 871   TYR   -0.0319734   0.463274
 872   MET   0.155394   0
 874   ASP   -0.0645809   0.305953
 877   LYS   -0.0177479   -0.174696
 879   ILE   -0.253319   0
 882   TYR   -0.0995558   0.188708
 883   LEU   -0.13902   0
 884   HIS   -0.0274568   -0.25617
 886   GLY   -0.0472918   0
 887   PRO   -0.175186   0
 888   PRO   0.0626478   0
 890   TYR   -0.0283896   0.386697
 930   ASP   0.026793   0.104047
 934   ARG   -0.0370998   -0.126968
1019   TYR   0.0150763   0.119477
1037   TYR   0.00945413   0.181387
1041   TYR   -0.194773   0.580579
1042   HIS   0.0527216   -0.420755
1042   HID   0.0881884   -0.284236
1042   HIS   -0.0845761   -0.190515
1042   HID   0.0589182   -0.270068
1042   HIS   -0.523788   -0.246733
1042   HID   0.00171743   -0.281888
1044   VAL   -0.165673   0
1045   LEU   0.134255   0
1050   ASP   -0.079976   0.194382
1081   TYR   0.00601562   0.407746
1083   VAL   -0.129459   0
1085   TYR   -0.00287357   0.319344
1088   TYR   -0.0794252   0.568715
1091   TYR   -0.0579499   0.285683
1225   TYR   -0.0258384   0.140428
SITE:  LYS- 877
 411   ARG   0.0817981   -0.506883
 612   GLU   -0.00960045   0.117889
 861   ASP   0.0100511   0.105156
 868   ASP   0.0692908   0.194997
 869   ASP   -0.0397301   0.123715
 870   SER   0.154281   0
 871   TYR   0.103068   0.124701
 873   VAL   0.215674   0
 874   ASP   0.448418   1.42488
 875   TYR   0.123703   0.174696
 878   SER   -0.378164   0
 881   GLN   0.107863   0
 882   TYR   -0.103922   0.332655
SITE:  TYR- 882
 410   ILE   0.128995   0
 411   ARG   0.268194   -1.95001
 434   PRO   -0.0555744   0
 548   GLY   -0.0136128   0
 549   GLY   0.0339516   0
 550   TYR   0.0323006   0.145651
 551   ASP   -0.0137837   0.121591
 559   THR   0.184775   0
 600   THR   0.223087   0
 874   ASP   0.241412   0.437187
 875   TYR   0.124729   0.188708
 877   LYS   0.00548185   -0.332655
 878   SER   -0.0923418   0
 881   GLN   0.192217   0
 884   HIS   -0.0194526   -0.235736
SITE:  HIS- 884
 406   GLU   0.0217411   0.117696
 411   ARG   -0.00394327   -0.165254
 487   TYR   -0.0111293   0.288122
 516   CYS   0.00541025   0.152343
 518   ARG   0.0187536   -0.118143
 543   PRO   0.112425   0
 544   TRP   0.113527   0
 547   LEU   0.197195   0
 548   GLY   -0.710294   0
 549   GLY   -0.562485   0
 550   TYR   1.02658   1.8977
 551   ASP   -0.186672   0.374384
 552   ASP   -0.0489263   0.583808
 555   TYR   0.0806103   0.463808
 558   ALA   -0.202614   0
 606   GLU   0.0180038   0.108646
 875   TYR   0.0600912   0.25617
 879   ILE   0.199773   0
 882   TYR   1.05734   0.235736
 883   LEU   -0.165797   0
 886   GLY   0.0889273   0
 890   TYR   -0.00380915   0.129661
 930   ASP   0.0151644   0.28854
 934   ARG   -0.084502   -0.204016
1041   TYR   -0.0415527   0.267769
1042   HIS   0.115342   -0.234803
1042   HID   -0.300011   -0.622039
1042   HIS   0.158252   -0.272125
1042   HID   -0.00507052   -0.332489
1042   HIS   -0.0874436   -0.177956
1042   HID   -0.00836634   -0.150698
1050   ASP   -0.00970005   0.151915
1085   TYR   0.000701478   0.119517
1088   TYR   -0.0103624   0.108022
SITE:  TYR- 890
 389   ARG   0.048056   -0.107686
 391   GLU   0.00199244   0.230886
 392   LYS   0.0404832   -0.310317
 393   GLU   0.03089   0.147186
 394   TYR   -0.021617   0.140905
 396   ASP   -0.00263439   0.426
 398   HID   -0.0487615   -0.170115
 399   PHE   0.140104   0
 400   GLY   0.293308   0
 401   PRO   0.132923   0
 402   PHE   -0.594264   0
 404   ARG   0.0979197   -0.286593
 406   GLU   0.0943436   0.339073
 468   CYS   -0.0808574   0.306594
 471   PRO   -0.0593952   0
 479   CYS   -0.064897   0.179463
 487   TYR   -0.029939   0.247931
 516   CYS   0.00485466   0.124516
 533   CYS   0.0368764   0.123451
 540   PRO   0.157061   0
 550   TYR   0.0134461   0.15936
 555   TYR   0.0102867   0.125033
 566   PRO   -0.107555   0
 567   VAL   0.115127   0
 570   TYR   -0.00202503   0.169726
 584   GLU   -0.00753017   0.193008
 606   GLU   0.0573622   0.39545
 610   GLU   -0.0237186   0.10622
 875   TYR   0.00346681   0.386697
 884   HIS   -0.0145105   -0.129661
 886   GLY   0.0803556   0
 887   PRO   -0.0735303   0
 888   PRO   -0.455515   0
 889   VAL   0.0797817   0
 899   TYR   -0.0117221   0.248577
 909   CYS   -0.028176   0.103756
 930   ASP   0.0133101   0.111477
 939   PRO   0.115857   0
 940   SER   0.186098   0
 944   ASP   -0.0231712   0.161939
 945   ASP   -0.0155064   0.243222
1005   ASP   0.0381318   0.110676
1013   LYS   0.0213556   -0.332757
1015   GLY   0.081155   0
1016   HIS   0.107505   -0.192247
1016   HID   0.0333716   -0.313207
1016   HIS   0.00224499   -0.110529
1016   HID   0.0176889   -0.182473
1019   TYR   0.109282   0.527501
1021   SER   0.069057   0
1037   TYR   0.115691   1.32687
1039   MET   -0.580266   0
1040   THR   0.36091   0
1041   TYR   0.00416861   1.16023
1042   HIS   0.0332506   -0.581929
1042   HID   0.142765   -0.343599
1042   HIS   -0.187185   -0.281928
1042   HID   -0.0399624   -0.36464
1042   HIS   -0.70259   -0.369409
1042   HID   -0.0638719   -0.282056
1059   ARG   0.0659781   -0.173442
1077   ARG   0.025943   -0.110959
1080   PRO   -0.115721   0
1081   TYR   0.0634622   0.822254
1082   SER   -0.384852   0
1083   VAL   -0.120932   0
1085   TYR   -0.0902352   0.602473
1088   TYR   -0.050194   0.206917
1089   GLU   -0.0328638   0.108503
1091   TYR   -0.0282634   0.115923
SITE:  GLU- 894
 387   GLN   0.206088   0
 391   GLU   0.0525388   0.463035
 392   LYS   0.0358773   -0.104143
 393   GLU   -0.0622128   0.123638
 394   TYR   0.15454   0.859649
 396   ASP   -0.0358022   0.128074
 398   HID   -0.0198032   -0.348468
 892   VAL   0.02567   0
 893   LEU   -0.221932   0
 895   GLU   -0.072831   0.514954
 897   HIS   -0.00470554   -0.321825
 898   ASP   -0.0193785   0.113213
 899   TYR   0.00834286   0.486874
1032   ARG   -0.00561196   -0.200215
1035   ALA   -0.173282   0
1037   TYR   -0.0351511   0.124331
1059   ARG   0.0863817   -0.219579
1076   TYR   -1.04949   0.400681
1077   ARG   -0.0486905   -0.718892
1078   VAL   -0.0357748   0
1081   TYR   0.00503989   0.134088
1085   TYR   -0.0394492   0.161096
1089   GLU   0.00760171   0.115921
SITE:  GLU- 895
 391   GLU   0.0212876   0.103914
 394   TYR   0.0820088   0.718911
 398   HID   0.00589929   -0.41748
 893   LEU   0.0818322   0
 894   GLU   -0.302512   0.514954
 896   GLY   -0.687456   0
 897   HIS   0.233894   -0.428235
 898   ASP   0.0550093   0.255961
 899   TYR   0.0717526   0.70302
 946   TYR   -0.0269296   0.106151
1016   HID   -0.024118   -0.135739
1029   HIS   -0.0403824   -0.191933
1029   HID   0.0271922   -0.121876
1029   HID   0.0293149   -0.242796
1029   HIS   0.0440386   -0.200236
1029   HIS   0.0368302   -0.138635
1029   HID   -0.080175   -0.284582
1029   HID   -0.0596781   -0.22503
1032   ARG   0.312279   -2.12491
1033   VAL   0.383766   0
1034   GLY   -0.120123   0
1037   TYR   0.00138596   0.114975
1076   TYR   -0.0898166   0.354643
1077   ARG   0.100333   -0.131939
SITE:  HIS- 897
 391   GLU   0.0271432   0.102917
 394   TYR   0.0253176   0.215651
 398   HID   0.00070713   -0.115633
 893   LEU   -0.154249   0
 894   GLU   0.366426   0.321825
 895   GLU   -0.124465   0.428235
 896   GLY   -0.21727   0
 898   ASP   -1.02111   1.06542
 899   TYR   -0.404352   1.53319
 901   SER   0.175007   0
 902   SER   0.192456   0
 903   LYS   0.215076   -0.408864
 904   GLY   1.54295   0
 905   GLN   0.113888   0
 908   VAL   -0.21236   0
 909   CYS   -0.0795488   0.445911
 914   CYS   -0.167493   0.296724
 917   ASP   0.0999068   0.239757
 918   SER   -0.1988   0
 919   LEU   -0.188138   0
 922   GLN   -0.161554   0
 944   ASP   0.0724303   0.298757
 945   ASP   -0.0476   0.100016
 946   TYR   -0.0663738   0.225159
 989   ARG   0.00460015   -0.21366
1016   HID   -0.0319508   -0.166624
1019   TYR   0.0183288   0.116847
1029   HIS   -0.0242566   -0.137054
1029   HID   -0.0424064   -0.141268
1032   ARG   -0.166164   -0.30609
1033   VAL   0.0355979   0
1034   GLY   0.277226   0
1036   THR   0.0937012   0
1037   TYR   0.000321698   0.128349
1065   VAL   0.0638687   0
1069   MET   0.507432   0
1076   TYR   -2.10815   4.0205
1077   ARG   0.0604428   -0.167846
SITE:  ASP- 898
 894   GLU   0.102098   0.113213
 895   GLU   -0.0241508   0.255961
 897   HIS   0.21693   -1.06542
 899   TYR   -0.729646   0.574243
 900   THR   -0.954736   0
 901   SER   -0.647164   0
 902   SER   0.0947257   0
 903   LYS   -0.227868   -0.412616
 904   GLY   -0.583249   0
 905   GLN   -0.27672   0
 909   CYS   -0.0442992   0.220745
 914   CYS   -0.0765276   0.150596
 944   ASP   0.0381568   0.135779
 946   TYR   -0.0440708   0.22546
 989   ARG   -0.00261917   -0.160152
 990   PRO   0.102332   0
 991   GLN   0.193445   0
 992   GLY   0.116142   0
 994   ASP   -0.0367443   0.117527
1016   HID   -0.0175577   -0.106638
1029   HIS   -0.0146141   -0.296801
1029   HID   -0.00185569   -0.11909
1029   HID   -0.0693996   -0.227782
1029   HID   0.000202573   -0.121458
1032   ARG   -0.248682   -0.311012
1034   GLY   0.144633   0
1076   TYR   -0.046393   0.566334
SITE:  TYR- 899
 391   GLU   0.0368285   0.181572
 394   TYR   0.0546648   0.465474
 396   ASP   -0.0165735   0.119106
 398   HID   0.0058391   -0.274447
 890   TYR   -0.0780285   0.248577
 891   PHE   0.279182   0
 892   VAL   -0.264608   0
 893   LEU   0.00724772   0
 894   GLU   0.5451   0.486874
 895   GLU   -0.353561   0.70302
 896   GLY   -0.350172   0
 897   HIS   -0.0580861   -1.53319
 898   ASP   -0.0468661   0.574243
 901   SER   0.125754   0
 903   LYS   0.0442736   -0.14671
 904   GLY   0.267894   0
 905   GLN   -0.0803014   0
 908   VAL   -0.263938   0
 909   CYS   -0.178888   0.620827
 914   CYS   -0.131991   0.310533
 917   ASP   0.0499255   0.150077
 919   LEU   -0.25691   0
 939   PRO   0.0987302   0
 940   SER   0.0979735   0
 942   TRP   -0.628354   0
 943   ILE   -0.247232   0
 944   ASP   0.110643   0.576884
 945   ASP   -0.144112   0.267122
 946   TYR   -0.16007   0.50599
 948   ASP   -0.0439908   0.124127
 957   CYS   -0.0202114   0.11792
 989   ARG   -0.0339736   -0.2586
 990   PRO   0.124514   0
 992   GLY   0.12874   0
 994   ASP   -0.0213392   0.111115
1005   ASP   0.00992052   0.116675
1013   LYS   -0.00967245   -0.181438
1016   HIS   0.0385976   -0.119415
1016   HID   -0.111274   -0.581736
1016   HIS   0.0818636   -0.135698
1016   HID   0.108528   -0.227985
1019   TYR   0.113179   0.358781
1022   ALA   0.355161   0
1023   VAL   -0.289198   0
1024   ASN   0.0382517   0
1029   HIS   -0.0119918   -0.131985
1029   HID   0.0353189   -0.137583
1029   HID   -0.0411986   -0.123771
1032   ARG   -0.254771   -0.406454
1033   VAL   -0.198255   0
1034   GLY   1.15347   0
1035   ALA   -0.556195   0
1036   THR   -0.743363   0
1037   TYR   0.164273   0.443243
1038   PHE   -0.105702   0
1041   TYR   0.0203754   0.159445
1042   HIS   -0.00131961   -0.142916
1042   HIS   -0.0996292   -0.147954
1059   ARG   0.0650507   -0.116976
1076   TYR   -0.195687   0.740996
1077   ARG   0.168111   -0.214874
1078   VAL   -0.21558   0
1079   PHE   0.154362   0
1081   TYR   0.0258804   0.141184
1085   TYR   -0.0467382   0.20334
SITE:  LYS- 903
 897   HIS   -0.0844073   -0.408864
 898   ASP   -0.0934131   0.412616
 899   TYR   -0.039941   0.14671
 904   GLY   -0.224248   0
 909   CYS   -0.00444936   0.113786
 914   CYS   -0.0656613   0.120058
 917   ASP   0.0402915   0.126424
1069   MET   0.160209   0
1076   TYR   0.0295876   0.37598
SITE:  CYS- 909
  96   ARG   0.0588513   -0.132915
  97   CYS   -0.0287358   0.113598
 232   ASP   0.0011034   0.156528
 233   GLU   0.0551155   0.215064
 234   VAL   0.102294   0
 238   CYS   -0.011318   0.130406
 242   ASP   0.00526558   0.124251
 890   TYR   -0.0226092   0.103756
 897   HIS   -0.0577499   -0.445911
 898   ASP   -0.0419676   0.220745
 899   TYR   0.0348957   0.620827
 901   SER   0.144689   0
 902   SER   0.305426   0
 903   LYS   0.0729509   -0.113786
 904   GLY   0.0900721   0
 905   GLN   0.663175   0
 906   ASN   0.595789   0
 907   MET   -0.167535   0
 908   VAL   -0.358845   0
 910   GLY   -0.362186   0
 911   GLY   -0.178072   0
 914   CYS   -1.14902   3.10178
 915   ASN   0.2255   0
 917   ASP   -0.0192722   0.200958
 919   LEU   -0.163334   0
 920   VAL   -0.289091   0
 939   PRO   -0.0153272   0
 943   ILE   -0.171697   0
 944   ASP   1.50138   3.10849
 945   ASP   -0.154577   0.431616
 946   TYR   -0.190303   0.495217
 947   PHE   -0.384452   0
 948   ASP   -0.10421   0.469471
 951   LYS   -0.0774398   -0.325765
 956   CYS   -0.0392592   0.131013
 957   CYS   -0.012813   0.207041
 979   CYS   -0.0313808   0.113502
 980   ARG   -0.0709191   -0.15709
 987   LYS   0.121202   -0.12773
 989   ARG   -0.420982   -2.27866
 990   PRO   0.136663   0
 994   ASP   -0.0294832   0.125196
1005   ASP   0.00840089   0.127537
1011   CYS   0.0315795   0.139068
1013   LYS   -0.0174178   -0.244046
1016   HID   -0.0168481   -0.23103
1019   TYR   -0.020695   0.331054
1037   TYR   0.0248388   0.14558
1041   TYR   0.0179228   0.101129
1076   TYR   -0.0293282   0.174966
SITE:  CYS- 914
 232   ASP   0.0100454   0.125975
 233   GLU   0.0979176   0.228835
 238   CYS   0.0121921   0.110051
 897   HIS   -0.0466198   -0.296724
 898   ASP   -0.0368513   0.150596
 899   TYR   0.0218228   0.310533
 902   SER   0.287122   0
 903   LYS   0.0847254   -0.120058
 905   GLN   0.345374   0
 906   ASN   0.794592   0
 908   VAL   -0.220176   0
 909   CYS   1.77705   3.10178
 910   GLY   -0.316749   0
 911   GLY   -0.431717   0
 913   GLY   -0.0916376   0
 915   ASN   0.408513   0
 917   ASP   -0.0490939   0.277545
 918   SER   -0.268396   0
 920   VAL   -0.208297   0
 944   ASP   0.26733   0.904339
 945   ASP   -0.041123   0.20731
 946   TYR   -0.0645822   0.229955
 948   ASP   -0.034852   0.248555
 951   LYS   -0.0426824   -0.18966
 957   CYS   -0.00430647   0.108378
 980   ARG   -0.0430378   -0.102343
 989   ARG   0.0952691   -1.65181
 990   PRO   0.0697461   0
1013   LYS   -0.0106678   -0.129644
1016   HID   -0.00795328   -0.104371
1019   TYR   -0.0115238   0.161516
1076   TYR   -0.0193559   0.129008
SITE:  ASP- 917
 897   HIS   -0.0408652   -0.239757
 899   TYR   -0.0214926   0.150077
 903   LYS   0.0787357   -0.126424
 906   ASN   0.124737   0
 907   MET   0.0783476   0
 909   CYS   0.0902032   0.200958
 914   CYS   -0.125017   0.277545
 915   ASN   -1.2094   0
 916   ASN   0.175944   0
 918   SER   -0.24267   0
 921   GLN   -0.180735   0
 922   GLN   -0.624466   0
 944   ASP   0.0261904   0.136383
 989   ARG   0.00462494   -0.105713
1065   VAL   0.0886268   0
1067   GLU   -0.0904796   0.183636
1068   THR   -0.948555   0
1076   TYR   -0.0133309   0.190388
SITE:  ASP- 930
 240   CYS   -0.00674565   0.112245
 250   LYS   -0.0729507   -0.216535
 251   PRO   0.128576   0
 487   TYR   -0.00377462   0.101222
 518   ARG   0.0319945   -0.107936
 550   TYR   -0.00315049   0.351108
 552   ASP   0.0323628   0.235732
 555   TYR   0.0225946   0.253663
 875   TYR   0.0117579   0.104047
 884   HIS   0.152582   -0.28854
 887   PRO   0.130967   0
 890   TYR   0.00306467   0.111477
 926   ALA   0.304918   0
 927   ALA   0.374084   0
 928   GLN   -0.157094   0
 931   ASN   -1.85164   0
 932   TYR   -0.233944   0.121903
 933   THR   0.219854   0
 934   ARG   -0.545365   -0.605531
 935   ILE   0.225456   0
 936   GLY   -0.0571321   0
1041   TYR   0.150524   0.161522
1042   HIS   -0.183265   -0.614444
1042   HID   0.683096   -0.918099
1042   HIS   -2.88774   -1.41838
1042   HID   -0.144354   -0.608687
1042   HIS   0.0706453   -0.745369
1042   HID   0.0175506   -0.464704
1043   THR   -1.21677   0
1044   VAL   0.244232   0
1050   ASP   0.0395486   0.283556
1053   ASP   -0.0135148   0.245009
1057   LYS   -0.0803282   -0.294021
1085   TYR   0.00863437   0.285369
SITE:  TYR- 932
 253   PRO   -0.152741   0
 254   PRO   0.197468   0
 930   ASP   0.0531197   0.121903
 934   ARG   0.00866157   -0.1108
1042   HIS   -0.0233742   -0.127895
1042   HIS   -0.0135376   -0.106316
1042   HIS   0.0173472   -0.219368
1042   HID   0.0178575   -0.168045
1053   ASP   0.0956329   0.285043
1056   LYS   -0.00254358   -0.183981
1057   LYS   0.0240943   -0.669143
1067   GLU   -0.0191804   0.111767
1085   TYR   0.000428073   0.127352
SITE:  ARG- 934
 550   TYR   0.0262265   0.133951
 552   ASP   0.0188662   0.11483
 857   ASP   -0.0319616   0.115457
 861   ASP   -0.00168792   0.115447
 875   TYR   0.0101896   0.126968
 884   HIS   0.0697099   -0.204016
 887   PRO   0.0711084   0
 930   ASP   0.484854   0.605531
 932   TYR   -0.0311055   0.1108
 933   THR   -0.23679   0
1041   TYR   0.0149024   0.102373
1042   HIS   -0.121883   -0.530826
1042   HID   0.218164   -0.472977
1042   HIS   0.29209   -1.03322
1042   HID   0.0814242   -0.301476
1042   HIS   -0.0444218   -0.68351
1042   HID   0.286545   -0.619114
1044   VAL   0.959266   0
1045   LEU   -0.222478   0
1047   THR   0.10838   0
1050   ASP   0.390985   2.05855
1053   ASP   -0.156612   0.451856
1056   LYS   -0.0615373   -0.116915
1057   LYS   -0.124125   -0.399348
1085   TYR   0.0155634   0.280568
1088   TYR   0.00464582   0.182432
1091   TYR   -0.0146785   0.112211
SITE:  ASP- 944
  96   ARG   0.0768425   -0.194883
  97   CYS   -0.0394214   0.14497
 164   GLU   0.0235501   0.112754
 232   ASP   -0.00147665   0.130904
 233   GLU   0.0214626   0.124976
 234   VAL   0.107796   0
 237   PRO   0.0807816   0
 238   CYS   -0.0177267   0.156111
 240   CYS   -0.0376572   0.105906
 242   ASP   0.00877879   0.174915
 487   TYR   -0.007542   0.116741
 515   TYR   0.0241562   0.121394
 518   ARG   0.0496935   -0.105859
 555   TYR   -0.00830367   0.128086
 890   TYR   -0.037278   0.161939
 897   HIS   -0.0246714   -0.298757
 898   ASP   -0.0254292   0.135779
 899   TYR   -0.0116632   0.576884
 905   GLN   0.174904   0
 906   ASN   0.192991   0
 908   VAL   0.144998   0
 909   CYS   -1.98141   3.10849
 910   GLY   -0.419896   0
 911   GLY   -0.0135323   0
 914   CYS   -0.230064   0.904339
 917   ASP   -0.00477523   0.136383
 920   VAL   -0.321932   0
 939   PRO   -0.02385   0
 941   SER   -0.00257458   0
 943   ILE   -0.373804   0
 945   ASP   -0.762937   0.880607
 946   TYR   -0.31762   0.489725
 947   PHE   -0.363132   0
 948   ASP   -0.239398   0.575205
 951   LYS   -0.0587954   -0.383064
 956   CYS   -0.0508555   0.175076
 957   CYS   -0.0253486   0.230966
 979   CYS   -0.0343902   0.1184
 980   ARG   -0.0537045   -0.118485
 987   LYS   0.121919   -0.112065
 989   ARG   -0.358426   -0.792784
 990   PRO   0.0793861   0
1005   ASP   0.0186963   0.18186
1011   CYS   0.06018   0.204523
1013   LYS   -0.0370636   -0.432618
1016   HID   -0.0185209   -0.320571
1019   TYR   -0.0637148   0.605646
1037   TYR   0.0542994   0.220217
1041   TYR   0.0339336   0.16582
1042   HIS   0.011116   -0.10682
1042   HIS   -0.0694184   -0.129446
1076   TYR   -0.0271528   0.124254
1085   TYR   -0.0158634   0.110186
SITE:  ASP- 945
  96   ARG   0.0869418   -0.261079
  97   CYS   -0.0297192   0.147923
 164   GLU   0.036959   0.147275
 238   CYS   -0.0292958   0.140216
 242   ASP   0.0230937   0.20339
 487   TYR   -0.0168599   0.202011
 515   TYR   0.0313244   0.213807
 516   CYS   0.0205135   0.154877
 518   ARG   0.0455739   -0.135366
 520   PRO   0.00986172   0
 533   CYS   0.0240298   0.180859
 540   PRO   -0.0194527   0
 550   TYR   -0.000545623   0.110902
 555   TYR   -0.0120533   0.1679
 890   TYR   -0.0156322   0.243222
 897   HIS   -0.00557556   -0.100016
 899   TYR   -0.00264636   0.267122
 909   CYS   -0.11774   0.431616
 910   GLY   0.0625748   0
 914   CYS   -0.0295676   0.20731
 939   PRO   0.0379586   0
 940   SER   -0.057045   0
 941   SER   0.40299   0
 942   TRP   0.370338   0
 943   ILE   0.0653489   0
 944   ASP   -0.37095   0.880607
 946   TYR   -0.30855   0.406493
 948   ASP   -0.420336   0.678992
 949   TRP   -0.208256   0
 951   LYS   0.00185172   -0.421759
 956   CYS   -0.0942744   0.360434
 957   CYS   -0.0611378   0.3275
 958   ARG   0.0508074   -0.10406
 979   CYS   -0.0352941   0.148984
 989   ARG   -0.154536   -0.263751
1005   ASP   0.0643748   0.422572
1011   CYS   0.137796   0.50646
1013   LYS   -0.183336   -2.46493
1014   GLY   0.196448   0
1015   GLY   0.03812   0
1016   HIS   0.024886   -0.193012
1016   HID   0.0379017   -0.453753
1016   HIS   0.0883647   -0.178899
1016   HID   0.0354648   -0.148632
1019   TYR   -1.34627   3.01465
1037   TYR   0.0850104   0.296613
1041   TYR   0.0286104   0.287092
1042   HIS   0.0219412   -0.107668
1042   HIS   -0.100437   -0.104298
SITE:  TYR- 946
 232   ASP   -0.00495762   0.108722
 233   GLU   0.00393072   0.111936
 895   GLU   -0.0316704   0.106151
 897   HIS   0.0100289   -0.225159
 898   ASP   0.0747197   0.22546
 899   TYR   0.215418   0.50599
 900   THR   -0.180921   0
 905   GLN   -0.394658   0
 909   CYS   -0.108601   0.495217
 914   CYS   -0.0594456   0.229955
 942   TRP   0.299447   0
 943   ILE   0.275725   0
 944   ASP   0.146575   0.489725
 945   ASP   -0.169339   0.406493
 948   ASP   -0.0851676   0.358161
 949   TRP   -0.100099   0
 950   VAL   -0.360876   0
 951   LYS   0.0229772   -0.283348
 952   PRO   -0.0395088   0
 954   SER   -0.202368   0
 956   CYS   -0.120983   0.2881
 957   CYS   -0.174792   1.00443
 958   ARG   0.120468   -0.169872
 964   ASP   0.0385032   0.136761
 967   CYS   0.0463986   0.109522
 978   ARG   -0.174102   -0.0847135
 979   CYS   -0.205662   0.856797
 980   ARG   -0.0940405   -0.545518
 981   PRO   0.0943672   0
 985   GLU   0.0951297   0.16172
 986   GLY   0.157865   0
 987   LYS   0.14352   -0.139255
 988   GLN   0.142334   0
 989   ARG   -0.501018   -0.456398
 990   PRO   0.101134   0
 992   GLY   0.494467   0
 993   GLY   0.233408   0
 994   ASP   0.45482   0.81504
 995   PHE   1.54232   0
 996   MET   -0.0329647   0
 997   ARG   -0.64286   -0.313597
 998   PHE   -1.36988   0
 999   LEU   -0.238397   0
1000   PRO   0.0167217   0
1001   MET   -0.556432   0
1002   PHE   -0.365004   0
1005   ASP   -0.0826448   0.483472
1011   CYS   0.0261172   0.30762
1013   LYS   -0.0182992   -0.236642
1015   GLY   -0.0790844   0
1016   HIS   0.00631442   -0.184989
1016   HID   -0.0594005   -0.778146
1016   HIS   0.225012   -0.38995
1016   HID   0.117124   -0.249564
1019   TYR   -0.0265464   0.308121
1024   ASN   0.12053   0
1029   HID   -0.00050877   -0.10624
1031   THR   0.132972   0
1032   ARG   -0.0518512   -0.127761
1034   GLY   0.103474   0
1037   TYR   0.0451489   0.158009
SITE:  ASP- 948
  61   GLU   0.0120301   0.161988
  84   LYS   0.0190138   -0.153146
  96   ARG   0.102023   -0.292143
  97   CYS   -0.0460064   0.226946
  98   PRO   -0.0576856   0
 100   CYS   -0.0299402   0.158723
 164   GLU   0.0372003   0.145659
 232   ASP   -0.0101724   0.212988
 233   GLU   -0.0193737   0.124103
 234   VAL   0.119476   0
 237   PRO   0.113916   0
 238   CYS   -0.0358424   0.219804
 242   ASP   0.0211509   0.241567
 487   TYR   -0.00466591   0.117996
 515   TYR   0.0358288   0.226705
 516   CYS   0.0125152   0.112694
 518   ARG   0.0257502   -0.116078
 533   CYS   0.00872922   0.136173
 555   TYR   -0.0132164   0.115887
 899   TYR   0.0129498   0.124127
 909   CYS   -0.0597788   0.469471
 910   GLY   0.0947288   0
 914   CYS   -0.0302614   0.248555
 943   ILE   0.114748   0
 944   ASP   0.250586   0.575205
 945   ASP   0.232815   0.678992
 946   TYR   0.1484   0.358161
 949   TRP   -0.293571   0
 950   VAL   -0.138045   0
 951   LYS   -0.286316   -2.18339
 952   PRO   -0.0296182   0
 956   CYS   -0.139342   0.484247
 957   CYS   -0.0475381   0.460177
 958   ARG   0.0617521   -0.146843
 979   CYS   -0.0556135   0.186589
 980   ARG   -0.0898673   -0.150289
 987   LYS   0.184683   -0.222779
 989   ARG   -0.295838   -0.441781
 990   PRO   0.00938505   0
1005   ASP   0.033719   0.31203
1011   CYS   0.17694   0.47629
1013   LYS   -0.0907783   -0.469265
1016   HID   0.025325   -0.175607
1019   TYR   -0.0661506   0.364913
1041   TYR   0.0142696   0.1059
SITE:  LYS- 951
  57   ASP   0.0233812   0.10098
  61   GLU   0.0274948   0.243863
  63   CYS   -0.0244686   0.12946
  84   LYS   0.0216872   -0.220866
  96   ARG   0.0893519   -0.286689
  97   CYS   -0.0581189   0.264447
  98   PRO   -0.0645438   0
 100   CYS   -0.0396221   0.204963
 102   TYR   -0.0205085   0.11775
 109   CYS   -0.0156639   0.121855
 160   CYS   0.00593631   0.126778
 164   GLU   0.0364914   0.13582
 232   ASP   -0.0146312   0.281714
 233   GLU   -0.0296508   0.130397
 234   VAL   0.062119   0
 237   PRO   0.112852   0
 238   CYS   -0.0547274   0.245068
 242   ASP   0.0241808   0.23939
 515   TYR   0.0313591   0.218657
 518   ARG   0.0322291   -0.104562
 533   CYS   0.00738625   0.12058
 909   CYS   -0.0307542   0.325765
 914   CYS   -0.0132798   0.18966
 944   ASP   0.0586276   0.383064
 945   ASP   0.0751303   0.421759
 946   TYR   0.132277   0.283348
 948   ASP   1.03995   2.18339
 950   VAL   0.0241218   0
 952   PRO   -0.247892   0
 954   SER   -0.247414   0
 956   CYS   -0.133608   0.489596
 957   CYS   0.0266987   0.575678
 958   ARG   0.0685662   -0.183309
 978   ARG   -0.174929   -0.0991526
 979   CYS   -0.0825293   0.221048
 980   ARG   -0.0948821   -0.168966
 986   GLY   0.103335   0
 987   LYS   0.169619   -0.322354
 989   ARG   -0.257946   -0.365312
 990   PRO   -0.000226397   0
1005   ASP   0.0291455   0.248801
1011   CYS   0.14906   0.395264
1013   LYS   -0.0607236   -0.324269
1016   HID   0.0174696   -0.123112
1019   TYR   -0.0425488   0.247007
SITE:  CYS- 956
  57   ASP   0.00866566   0.151131
  61   GLU   0.0161119   0.279681
  84   LYS   0.0275945   -0.282829
  96   ARG   0.0285671   -0.168852
  97   CYS   -0.00964467   0.118669
 100   CYS   -0.01278   0.110572
 232   ASP   -0.00220414   0.108001
 242   ASP   0.0177402   0.12203
 475   TYR   -0.023479   0.111162
 515   TYR   0.0187184   0.205043
 533   CYS   -5.79341e-05   0.122144
 909   CYS   -0.02124   0.131013
 944   ASP   0.0154186   0.175076
 945   ASP   0.088275   0.360434
 946   TYR   0.133498   0.2881
 948   ASP   0.122426   0.484247
 949   TRP   0.326662   0
 951   LYS   0.259628   -0.489596
 952   PRO   0.0627983   0
 954   SER   -0.131106   0
 955   SER   -0.128635   0
 957   CYS   -0.208048   1.27187
 958   ARG   0.389844   -0.836657
 967   CYS   0.172118   0.186262
 968   ASN   0.0962811   0
 973   ASP   0.031619   0.237332
 976   CYS   -0.0221252   0.193319
 978   ARG   -0.281626   -0.156723
 979   CYS   -0.0720436   0.456788
 980   ARG   0.00479855   -0.122318
 987   LYS   0.048615   -0.164088
 989   ARG   -0.0957007   -0.126816
1005   ASP   0.16129   0.954705
1010   LYS   0.362264   -0.326949
1011   CYS   0.124033   1.91938
1012   GLY   0.0447715   0
1013   LYS   -0.106659   -0.33784
1014   GLY   -0.103324   0
1016   HIS   -0.0369556   -0.119886
1016   HID   0.0637816   -0.170764
1016   HIS   0.0448247   -0.163644
1019   TYR   -0.0554863   0.215718
SITE:  CYS- 957
  57   ASP   0.00979014   0.178507
  61   GLU   -0.00226476   0.217927
  84   LYS   0.0106235   -0.181773
 232   ASP   3.75929e-05   0.145679
 899   TYR   0.032832   0.11792
 909   CYS   -0.032083   0.207041
 914   CYS   -0.0165937   0.108378
 944   ASP   0.0558541   0.230966
 945   ASP   0.0638764   0.3275
 946   TYR   0.518361   1.00443
 947   PHE   0.220082   0
 948   ASP   0.141788   0.460177
 949   TRP   2.742   0
 950   VAL   0.0551117   0
 951   LYS   0.921529   -0.575678
 952   PRO   0.0193099   0
 954   SER   -1.45532   0
 955   SER   -0.748878   0
 956   CYS   -0.697734   1.27187
 958   ARG   0.619798   -0.975137
 959   VAL   0.0889235   0
 960   ASP   0.00748805   0.135572
 964   ASP   0.0381927   0.1406
 966   PHE   -0.426674   0
 967   CYS   0.296693   0.348719
 973   ASP   0.0226058   0.228647
 976   CYS   -0.132384   0.319089
 977   VAL   0.242566   0
 978   ARG   -1.24619   -0.280734
 979   CYS   -0.758434   2.63611
 980   ARG   0.111863   -0.527028
 981   PRO   0.204828   0
 985   GLU   0.0811976   0.150207
 986   GLY   0.176522   0
 987   LYS   0.160986   -0.251109
 988   GLN   0.148697   0
 989   ARG   -0.220704   -0.257771
 990   PRO   -0.0602801   0
 994   ASP   0.0254828   0.284964
 997   ARG   -0.107135   -0.172522
 999   LEU   0.14569   0
1001   MET   -0.345158   0
1005   ASP   0.0221294   0.937612
1010   LYS   0.0342456   -0.136629
1011   CYS   0.0540232   0.755942
1013   LYS   -0.0434785   -0.245808
1014   GLY   -0.121955   0
1016   HIS   -0.0346229   -0.147876
1016   HID   0.0405342   -0.290695
1016   HIS   0.15328   -0.296073
1016   HID   0.0210982   -0.116707
1019   TYR   -0.058682   0.203728
SITE:  ARG- 958
  57   ASP   -0.00784618   0.28323
  61   GLU   0.0166374   0.340372
  84   LYS   0.00735145   -0.317395
 945   ASP   0.0163484   0.10406
 946   TYR   0.0589868   0.169872
 948   ASP   0.0408201   0.146843
 949   TRP   0.155965   0
 951   LYS   0.112253   -0.183309
 952   PRO   0.0918202   0
 955   SER   1.52759   0
 956   CYS   0.31086   0.836657
 957   CYS   0.0107043   0.975137
 959   VAL   0.035109   0
 960   ASP   -0.0277402   0.142962
 966   PHE   -0.183632   0
 967   CYS   0.186977   0.449368
 968   ASN   0.351597   0
 973   ASP   0.340574   1.13727
 976   CYS   -0.0755904   0.711658
 977   VAL   0.180987   0
 978   ARG   -0.392084   -0.354399
 979   CYS   -0.00446765   0.825263
 980   ARG   0.0639248   -0.116325
 987   LYS   0.0204376   -0.128629
1005   ASP   0.0153672   0.385827
1010   LYS   0.139855   -0.281903
1011   CYS   -0.0225856   0.409141
1016   HIS   0.040537   -0.105607
SITE:  ASP- 960
 957   CYS   -0.0193485   0.135572
 958   ARG   -0.184842   -0.142962
 959   VAL   -0.198095   0
 961   ASN   -0.748746   0
 962   ILE   -1.12192   0
 963   THR   -1.24022   0
 964   ASP   -0.479141   0.341175
 965   GLN   0.278402   0
 967   CYS   0.101566   0.817603
 973   ASP   -0.084911   0.160053
 974   PRO   -0.142284   0
 976   CYS   -0.51249   0.764348
 977   VAL   0.109031   0
 979   CYS   0.0202038   0.274989
 997   ARG   0.029689   -0.151825
SITE:  ASP- 964
 946   TYR   0.00965191   0.136761
 957   CYS   -0.016828   0.1406
 960   ASP   0.27804   0.341175
 963   THR   -0.237794   0
 967   CYS   0.0276544   0.160939
 976   CYS   -0.10014   0.131985
 979   CYS   0.00337711   0.339773
 980   ARG   0.0254323   -0.126215
 994   ASP   0.00550163   0.14959
 997   ARG   0.639446   -1.60392
1016   HIS   0.0469132   -0.100735
SITE:  CYS- 967
 946   TYR   0.0188353   0.109522
 956   CYS   0.19142   0.186262
 957   CYS   -0.174625   0.348719
 958   ARG   -0.368509   -0.449368
 959   VAL   -0.159786   0
 960   ASP   -0.384056   0.817603
 964   ASP   -0.134422   0.160939
 965   GLN   0.526802   0
 966   PHE   -0.325239   0
 968   ASN   0.269833   0
 971   VAL   -0.208092   0
 973   ASP   -0.167325   0.518371
 974   PRO   -0.165005   0
 975   ALA   -0.220988   0
 976   CYS   -1.1796   2.48302
 977   VAL   0.31417   0
 978   ARG   -0.055798   -0.130055
 979   CYS   0.0440624   0.517006
 997   ARG   0.0302215   -0.109278
1005   ASP   -0.0260612   0.274194
1011   CYS   -0.0337279   0.172747
1016   HIS   0.0494197   -0.171396
SITE:  ASP- 973
  54   ASP   0.0361093   0.10733
  57   ASP   -0.0189129   0.222854
  61   GLU   -0.00133134   0.201801
  84   LYS   -0.00125639   -0.199291
 956   CYS   0.106632   0.237332
 957   CYS   0.0168164   0.228647
 958   ARG   -1.63089   -1.13727
 960   ASP   -0.042533   0.160053
 967   CYS   -0.0994142   0.518371
 968   ASN   0.39191   0
 971   VAL   -0.178847   0
 974   PRO   -0.25215   0
 975   ALA   -0.157713   0
 976   CYS   0.316529   1.51319
 978   ARG   -0.0869396   -0.23821
 979   CYS   0.00961601   0.212637
1005   ASP   0.00206619   0.148014
1010   LYS   0.0233092   -0.211709
1011   CYS   -0.0145895   0.155801
SITE:  CYS- 976
  57   ASP   -0.0013201   0.176757
  61   GLU   -0.00657415   0.122057
  84   LYS   0.000660356   -0.107269
 956   CYS   0.143495   0.193319
 957   CYS   -0.0474757   0.319089
 958   ARG   -1.27694   -0.711658
 959   VAL   0.621959   0
 960   ASP   -0.37981   0.764348
 964   ASP   -0.0926312   0.131985
 965   GLN   0.216412   0
 966   PHE   -0.160796   0
 967   CYS   -0.717252   2.48302
 968   ASN   0.333642   0
 971   VAL   -0.24381   0
 972   VAL   -0.192164   0
 973   ASP   -0.604612   1.51319
 974   PRO   -0.230534   0
 975   ALA   -0.486784   0
 977   VAL   0.265424   0
 978   ARG   0.0137982   -0.271512
 979   CYS   0.0422339   0.453469
1005   ASP   -0.0108433   0.187291
1010   LYS   0.0186331   -0.100659
1011   CYS   -0.0163862   0.142392
SITE:  ARG- 978
  54   ASP   0.104141   0.163874
  56   TYR   -0.0543353   0.135461
  57   ASP   0.710754   1.84534
  60   GLN   -0.211444   0
  61   GLU   -0.0679471   0.308443
  63   CYS   -0.00340415   0.122954
  84   LYS   -0.00846675   -0.204975
 952   PRO   0.0486278   0
 956   CYS   0.0123886   0.156723
 957   CYS   0.105726   0.280734
 958   ARG   -0.144374   -0.354399
 967   CYS   0.0201269   0.130055
 973   ASP   0.0108621   0.23821
 976   CYS   -0.00191959   0.271512
 977   VAL   -0.0935076   0
 979   CYS   -0.0735906   0.340674
 980   ARG   0.206818   -0.158022
 982   LEU   -0.0708112   0
 985   GLU   0.0139434   0.112731
 987   LYS   0.00909227   -0.189816
SITE:  CYS- 979
  57   ASP   0.0138125   0.137229
  61   GLU   -0.00321902   0.119696
 909   CYS   -0.0189389   0.113502
 944   ASP   0.0423644   0.1184
 945   ASP   0.000481599   0.148984
 946   TYR   0.215328   0.856797
 948   ASP   0.0159429   0.186589
 949   TRP   0.387724   0
 950   VAL   0.146899   0
 951   LYS   0.148629   -0.221048
 952   PRO   -0.0273998   0
 954   SER   -0.341637   0
 956   CYS   -0.0405894   0.456788
 957   CYS   -0.411902   2.63611
 958   ARG   0.494118   -0.825263
 959   VAL   0.0916581   0
 960   ASP   0.0727315   0.274989
 964   ASP   0.000798033   0.339773
 965   GLN   0.194127   0
 966   PHE   -0.57424   0
 967   CYS   0.204344   0.517006
 973   ASP   -0.00437937   0.212637
 976   CYS   -0.320976   0.453469
 977   VAL   0.797537   0
 978   ARG   -0.848208   -0.340674
 980   ARG   0.305546   -0.625563
 981   PRO   0.126181   0
 985   GLU   0.0559194   0.154454
 986   GLY   0.0905068   0
 987   LYS   0.0718697   -0.137585
 989   ARG   -0.103492   -0.145567
 990   PRO   -0.0535371   0
 994   ASP   0.0680759   0.376527
 995   PHE   0.153027   0
 997   ARG   -0.115439   -0.39893
 999   LEU   0.099926   0
1001   MET   -0.686436   0
1005   ASP   -0.0414765   0.543045
1011   CYS   -0.00149187   0.344066
1013   LYS   -0.0106129   -0.115193
1016   HIS   -0.0184579   -0.113684
1016   HID   0.0104717   -0.226368
1016   HIS   0.196904   -0.305371
1016   HID   0.0203853   -0.103981
1019   TYR   -0.0289537   0.104659
SITE:  ARG- 980
 232   ASP   0.00803094   0.137817
 233   GLU   -0.0155207   0.161685
 909   CYS   -0.0155129   0.15709
 914   CYS   -0.0191023   0.102343
 944   ASP   0.040822   0.118485
 946   TYR   0.127299   0.545518
 948   ASP   0.0173262   0.150289
 950   VAL   0.158345   0
 951   LYS   -0.0656563   -0.168966
 952   PRO   -0.0990919   0
 956   CYS   -0.0453564   0.122318
 957   CYS   0.0934418   0.527028
 958   ARG   0.0288207   -0.116325
 964   ASP   0.0194413   0.126215
 978   ARG   -0.125366   -0.158022
 979   CYS   -0.217894   0.625563
 981   PRO   -0.0352236   0
 983   THR   0.191047   0
 985   GLU   0.81147   1.13187
 986   GLY   0.370772   0
 987   LYS   0.0934939   -0.228501
 988   GLN   0.802343   0
 989   ARG   -0.0338145   -0.328218
 990   PRO   -0.190531   0
 991   GLN   -0.247096   0
 994   ASP   0.311516   1.30076
 997   ARG   -0.138957   -0.177963
1005   ASP   -0.00279815   0.105584
SITE:  GLU- 985
 232   ASP   0.00464322   0.145087
 233   GLU   -0.0170325   0.17698
 946   TYR   0.0320046   0.16172
 957   CYS   0.0307288   0.150207
 978   ARG   -0.0138469   -0.112731
 979   CYS   0.00840227   0.154454
 980   ARG   -0.986401   -1.13187
 981   PRO   0.146492   0
 983   THR   0.17451   0
 984   PRO   0.0827256   0
 986   GLY   -0.667772   0
 987   LYS   -0.106561   -0.251003
 989   ARG   0.119662   -0.180487
 991   GLN   -0.173263   0
 994   ASP   0.0173876   0.369114
SITE:  LYS- 987
  57   ASP   0.0971539   0.202539
  60   GLN   0.777964   0
  61   GLU   -0.00106899   0.373766
  63   CYS   -0.100826   0.345857
  64   PRO   -0.147616   0
  75   CYS   -0.00441036   0.112535
  84   LYS   0.0158335   -0.226801
  97   CYS   0.0124307   0.136201
 100   CYS   0.0123984   0.153509
 102   TYR   0.0304902   0.342937
 109   CYS   -0.0153596   0.291054
 110   GLU   -0.0278232   0.135416
 113   CYS   0.00582755   0.148121
 225   LYS   -0.0156715   -0.1475
 232   ASP   0.0750468   0.818779
 233   GLU   -0.134289   0.295977
 238   CYS   -0.0131677   0.133094
 909   CYS   -0.00667934   0.12773
 944   ASP   0.0206073   0.112065
 946   TYR   0.0477768   0.139255
 948   ASP   0.0629527   0.222779
 951   LYS   -0.116672   -0.322354
 952   PRO   -0.199267   0
 956   CYS   -0.0261066   0.164088
 957   CYS   0.0551351   0.251109
 958   ARG   0.0229343   -0.128629
 978   ARG   -0.144557   -0.189816
 979   CYS   -0.0422379   0.137585
 980   ARG   -0.188668   -0.228501
 981   PRO   0.285252   0
 982   LEU   -0.293536   0
 983   THR   0.603774   0
 984   PRO   0.231218   0
 985   GLU   0.0825754   0.251003
 986   GLY   -0.0610372   0
 989   ARG   -0.0367471   -0.223332
1011   CYS   0.0277608   0.110428
SITE:  ARG- 989
  96   ARG   0.0395288   -0.101356
  97   CYS   -0.0230726   0.100483
 232   ASP   0.00395079   0.251811
 233   GLU   0.151872   0.459644
 234   VAL   0.045791   0
 238   CYS   -0.00376036   0.116812
 897   HIS   -0.0280108   -0.21366
 898   ASP   -0.0095314   0.160152
 899   TYR   0.0665881   0.2586
 902   SER   0.291602   0
 905   GLN   0.281172   0
 906   ASN   0.633814   0
 909   CYS   0.46986   2.27866
 910   GLY   0.0344312   0
 911   GLY   -0.327682   0
 912   MET   -0.425591   0
 913   GLY   -0.164127   0
 914   CYS   -0.35062   1.65181
 917   ASP   -0.00769731   0.105713
 943   ILE   0.0924048   0
 944   ASP   0.227698   0.792784
 945   ASP   -0.0323178   0.263751
 946   TYR   -0.0287743   0.456398
 947   PHE   0.185555   0
 948   ASP   -0.0126668   0.441781
 951   LYS   -0.124048   -0.365312
 952   PRO   -0.060659   0
 956   CYS   -0.0418806   0.126816
 957   CYS   0.00284628   0.257771
 979   CYS   -0.0432452   0.145567
 980   ARG   -0.194047   -0.328218
 985   GLU   0.156376   0.180487
 986   GLY   0.144975   0
 987   LYS   0.193206   -0.223332
 988   GLN   -0.237288   0
 990   PRO   -0.00719979   0
 994   ASP   -0.0557684   0.194769
1005   ASP   0.00164888   0.104407
1011   CYS   0.030506   0.118249
1013   LYS   -0.0167363   -0.153762
1016   HID   -0.00623754   -0.134358
1019   TYR   -0.0194059   0.177181
SITE:  ASP- 994
 898   ASP   0.037547   0.117527
 899   TYR   0.0668183   0.111115
 909   CYS   -0.0189929   0.125196
 946   TYR   0.039745   0.81504
 957   CYS   0.0120925   0.284964
 964   ASP   0.0309142   0.14959
 979   CYS   0.0586927   0.376527
 980   ARG   0.270325   -1.30076
 981   PRO   0.0281426   0
 985   GLU   0.13807   0.369114
 986   GLY   0.0715354   0
 989   ARG   -0.038774   -0.194769
 990   PRO   -0.310466   0
 991   GLN   -0.273434   0
 992   GLY   0.0574936   0
 993   GLY   0.128474   0
 995   PHE   -0.198164   0
 997   ARG   -0.52344   -0.241008
 998   PHE   -0.306222   0
1016   HID   -0.00967862   -0.110053
SITE:  ARG- 997
 946   TYR   -0.00772964   0.313597
 957   CYS   -0.0225174   0.172522
 960   ASP   0.121539   0.151825
 964   ASP   0.111119   1.60392
 967   CYS   0.0220572   0.109278
 979   CYS   -0.00791521   0.39893
 980   ARG   0.0267067   -0.177963
 994   ASP   0.0367473   0.241008
1000   PRO   -0.0772562   0
1016   HID   -0.0110236   -0.110227
1016   HIS   0.0679529   -0.138359
1029   HID   -0.016745   -0.120744
SITE:  ASP-1005
  61   GLU   0.00622226   0.100297
  84   LYS   0.00888959   -0.100306
  96   ARG   0.0224234   -0.103646
 475   TYR   -0.0891517   0.328329
 515   TYR   0.00554774   0.124611
 533   CYS   -0.00270511   0.121464
 890   TYR   -0.00372268   0.110676
 899   TYR   0.0117711   0.116675
 909   CYS   -0.0275596   0.127537
 944   ASP   0.012916   0.18186
 945   ASP   0.0227862   0.422572
 946   TYR   0.0671214   0.483472
 948   ASP   -0.0678506   0.31203
 949   TRP   -1.30583   0
 951   LYS   0.0753723   -0.248801
 956   CYS   -0.219464   0.954705
 957   CYS   -0.351531   0.937612
 958   ARG   0.204942   -0.385827
 966   PHE   -0.306506   0
 967   CYS   0.134489   0.274194
 968   ASN   0.19905   0
 969   ALA   -0.341428   0
 973   ASP   0.00469896   0.148014
 976   CYS   -0.0595716   0.187291
 979   CYS   -0.0391964   0.543045
 980   ARG   0.00554309   -0.105584
 989   ARG   -0.0788712   -0.104407
 998   PHE   0.17293   0
 999   LEU   0.239177   0
1000   PRO   0.101835   0
1001   MET   0.463654   0
1002   PHE   0.545296   0
1004   SER   -0.47343   0
1006   ASN   0.434851   0
1007   PRO   -0.173021   0
1008   ASN   -0.528204   0
1010   LYS   -0.0826437   -0.241537
1011   CYS   -0.844565   2.79406
1012   GLY   0.199181   0
1013   LYS   0.0300946   -0.495662
1014   GLY   -1.11029   0
1015   GLY   -0.61922   0
1016   HIS   -0.412421   -0.596629
1016   HID   0.52153   -0.595331
1016   HIS   0.160057   -0.90589
1016   HID   -0.028296   -0.29012
1017   ALA   -0.19766   0
1018   ALA   -0.150902   0
1019   TYR   -0.131334   0.341013
1037   TYR   0.0307713   0.150042
1041   TYR   0.00767793   0.120938
SITE:  LYS-1010
  61   GLU   0.00845817   0.112992
  84   LYS   0.00920161   -0.139719
 475   TYR   -0.00509712   0.20601
 515   TYR   -0.00420885   0.106833
 530   HIS   0.0239056   -0.101007
 956   CYS   0.0342532   0.326949
 957   CYS   -0.00823941   0.136629
 958   ARG   0.0284641   -0.281903
 968   ASN   0.166957   0
 969   ALA   0.744034   0
 970   SER   1.05989   0
 973   ASP   0.0317068   0.211709
 976   CYS   0.00312707   0.100659
1005   ASP   0.00892145   0.241537
1008   ASN   1.05222   0
1009   PRO   -0.106819   0
1011   CYS   -0.251076   0.419886
SITE:  CYS-1011
  61   GLU   0.012402   0.165861
  84   LYS   0.0181496   -0.172695
  96   ARG   0.0344669   -0.176321
  97   CYS   -0.0111273   0.105813
 242   ASP   0.0174903   0.122536
 475   TYR   -0.058852   0.239566
 487   TYR   -0.00354799   0.115319
 515   TYR   0.014116   0.226907
 516   CYS   0.00268796   0.115459
 533   CYS   -0.00456782   0.169325
 909   CYS   -0.0260549   0.139068
 944   ASP   0.0116469   0.204523
 945   ASP   0.147894   0.50646
 946   TYR   0.116097   0.30762
 948   ASP   -0.0230801   0.47629
 949   TRP   -0.529481   0
 951   LYS   0.108333   -0.395264
 956   CYS   -0.223638   1.91938
 957   CYS   -0.153763   0.755942
 958   ARG   0.181169   -0.409141
 967   CYS   0.087218   0.172747
 968   ASN   0.312501   0
 969   ALA   -0.292942   0
 973   ASP   0.0140252   0.155801
 976   CYS   -0.0296312   0.142392
 979   CYS   -0.0441516   0.344066
 987   LYS   0.04272   -0.110428
 989   ARG   -0.0752057   -0.118249
1005   ASP   0.757186   2.79406
1006   ASN   0.543665   0
1007   PRO   -0.365688   0
1008   ASN   -0.0628581   0
1010   LYS   -0.0345909   -0.419886
1012   GLY   0.0881805   0
1013   LYS   -0.11961   -0.585756
1014   GLY   -0.357542   0
1015   GLY   -0.102015   0
1016   HIS   -0.108395   -0.247466
1016   HID   0.141751   -0.288346
1016   HIS   0.0375726   -0.298313
1016   HID   -0.0148486   -0.124548
1019   TYR   -0.102201   0.32972
1037   TYR   0.0246476   0.110005
1041   TYR   0.0135444   0.109767
SITE:  LYS-1013
  96   ARG   0.0838385   -0.263442
  97   CYS   -0.0262341   0.12902
 164   GLU   0.0371266   0.154205
 238   CYS   -0.0263882   0.11975
 242   ASP   0.0225654   0.194512
 468   CYS   -0.0211466   0.101825
 471   PRO   -0.0320167   0
 475   TYR   -0.048251   0.100729
 487   TYR   -0.0258288   0.274624
 512   HIS   0.0246493   -0.102925
 515   TYR   0.0343656   0.244943
 516   CYS   0.0224612   0.202348
 518   ARG   0.0423481   -0.15418
 520   PRO   0.0316294   0
 533   CYS   0.0335875   0.24962
 538   GLY   0.108806   0
 539   GLY   -0.13596   0
 540   PRO   -0.0311433   0
 550   TYR   0.00105176   0.132348
 555   TYR   -0.0117514   0.195208
 890   TYR   -0.0148694   0.332757
 899   TYR   -0.00342149   0.181438
 909   CYS   -0.0590316   0.244046
 914   CYS   -0.0179802   0.129644
 939   PRO   0.0461197   0
 944   ASP   -0.125113   0.432618
 945   ASP   0.761354   2.46493
 946   TYR   -0.00853273   0.236642
 948   ASP   -0.152841   0.469265
 951   LYS   0.0122253   -0.324269
 956   CYS   -0.0853293   0.33784
 957   CYS   -0.0518814   0.245808
 979   CYS   -0.0252866   0.115193
 989   ARG   -0.0866431   -0.153762
1005   ASP   0.160641   0.495662
1007   PRO   -0.165128   0
1011   CYS   0.0636135   0.585756
1012   GLY   -0.0496742   0
1014   GLY   0.375184   0
1015   GLY   0.0917745   0
1016   HIS   0.0220168   -0.259425
1016   HID   0.0870084   -0.419436
1016   HIS   0.038642   -0.183645
1016   HID   0.00266284   -0.152623
1018   ALA   -0.167295   0
1019   TYR   -0.122176   2.55899
1037   TYR   0.0837338   0.368541
1041   TYR   0.0540009   0.417455
1042   HIS   0.031199   -0.124813
1042   HID   -0.0047855   -0.110852
1042   HIS   -0.133677   -0.11228
1085   TYR   -0.0123106   0.106815
SITE:  HIS-1016
 468   CYS   -0.00656393   0.117644
 471   PRO   0.275678   0
 472   LEU   -0.220548   0
 473   SER   0.270043   0
 475   TYR   -0.256812   0.227194
 538   GLY   0.117578   0
 570   TYR   -0.0111583   0.122268
 890   TYR   -0.00469435   0.192247
 899   TYR   0.0033467   0.119415
 945   ASP   -0.0308718   0.193012
 946   TYR   -0.0227742   0.184989
 956   CYS   -0.0127874   0.119886
 957   CYS   -0.0563376   0.147876
 979   CYS   -0.011533   0.113684
 999   LEU   0.11864   0
1000   PRO   0.161353   0
1001   MET   0.131874   0
1002   PHE   0.355311   0
1003   LEU   1.29317   0
1005   ASP   0.371578   0.596629
1006   ASN   0.242612   0
1007   PRO   -0.0567444   0
1011   CYS   -0.0423883   0.247466
1013   LYS   0.121542   -0.259425
1014   GLY   -0.15697   0
1015   GLY   -0.159355   0
1016   HID   0.194791   -0.88171
1016   HIS   -4.10469   -2.12512
1016   HID   -7.31768   -4.56039
1017   ALA   0.36878   0
1018   ALA   -0.210716   0
1019   TYR   -0.216396   0.284558
1020   SER   -0.601908   0
1037   TYR   0.0255248   0.285746
1041   TYR   0.012785   0.176105
SITE:  HID-1016
 394   TYR   0.0141446   0.122812
 398   HID   0.050124   -0.132133
 468   CYS   -0.0161562   0.101985
 471   PRO   0.0857877   0
 487   TYR   -0.0114049   0.103063
 540   PRO   0.041154   0
 890   TYR   -0.0253358   0.313207
 895   GLU   -0.0458262   0.135739
 897   HIS   0.00987116   -0.166624
 898   ASP   0.0174939   0.106638
 899   TYR   0.00345682   0.581736
 909   CYS   -0.0730792   0.23103
 914   CYS   -0.0299741   0.104371
 939   PRO   0.0861388   0
 940   SER   0.131352   0
 942   TRP   0.224716   0
 943   ILE   0.0367152   0
 944   ASP   0.0147131   0.320571
 945   ASP   -0.2006   0.453753
 946   TYR   -0.168265   0.778146
 948   ASP   -0.0728822   0.175607
 951   LYS   0.00445197   -0.123112
 956   CYS   -0.0430224   0.170764
 957   CYS   -0.0931262   0.290695
 979   CYS   -0.034299   0.226368
 989   ARG   -0.0694991   -0.134358
 990   PRO   0.0416458   0
 994   ASP   0.041801   0.110053
 995   PHE   0.155687   0
 997   ARG   -0.00159796   -0.110227
 999   LEU   0.487265   0
1000   PRO   0.260532   0
1002   PHE   -0.225303   0
1003   LEU   -7.44144   0
1004   SER   -0.140177   0
1005   ASP   0.0665021   0.595331
1011   CYS   -0.00754797   0.288346
1013   LYS   0.0591341   -0.419436
1014   GLY   -0.116545   0
1015   GLY   0.228075   0
1016   HIS   0.263594   -0.88171
1016   HIS   0.0689494   -1.27777
1016   HID   1.03892   -1.57872
1017   ALA   3.19   0
1018   ALA   -0.423132   0
1019   TYR   0.266615   0.677256
1020   SER   0.496038   0
1021   SER   -0.163843   0
1022   ALA   -0.713466   0
1023   VAL   -0.185164   0
1024   ASN   0.140497   0
1032   ARG   -0.00507388   -0.121417
1033   VAL   -0.206728   0
1034   GLY   0.0759888   0
1036   THR   -0.194308   0
1037   TYR   0.127319   0.61244
1041   TYR   0.0229781   0.25718
1081   TYR   0.00710363   0.1085
SITE:  HIS-1016
 471   PRO   0.0846658   0
 475   TYR   -0.134092   0.17237
 890   TYR   -0.00444187   0.110529
 899   TYR   0.0047083   0.135698
 945   ASP   -0.0382711   0.178899
 946   TYR   -0.0286722   0.38995
 956   CYS   -0.00895779   0.163644
 957   CYS   -0.140268   0.296073
 958   ARG   0.102611   -0.105607
 964   ASP   0.0314507   0.100735
 967   CYS   0.0235193   0.171396
 979   CYS   -0.0186755   0.305371
 997   ARG   0.0695494   -0.138359
 998   PHE   0.233532   0
 999   LEU   0.361836   0
1000   PRO   4.03009   0
1001   MET   1.79229   0
1002   PHE   1.44401   0
1003   LEU   -2.0386   0
1004   SER   -1.69695   0
1005   ASP   0.162906   0.90589
1011   CYS   -0.0637114   0.298313
1013   LYS   0.0637984   -0.183645
1014   GLY   -0.172744   0
1015   GLY   -0.292629   0
1016   HIS   -3.2964   -2.12512
1016   HID   -0.291135   -1.27777
1016   HID   0.406901   -0.864595
1019   TYR   -0.120897   0.209608
1020   SER   -0.142218   0
1037   TYR   0.0203041   0.17785
SITE:  HID-1016
 394   TYR   0.0170796   0.10047
 398   HID   0.0708759   -0.135789
 471   PRO   0.104226   0
 570   TYR   -0.014519   0.112177
 890   TYR   -0.00849277   0.182473
 899   TYR   0.00922013   0.227985
 945   ASP   -0.0501194   0.148632
 946   TYR   -0.0425148   0.249564
 957   CYS   -0.0393876   0.116707
 979   CYS   -0.013597   0.103981
 999   LEU   0.148911   0
1000   PRO   0.225964   0
1003   LEU   0.335756   0
1005   ASP   0.0465327   0.29012
1011   CYS   -0.0146679   0.124548
1013   LYS   0.0274708   -0.152623
1016   HIS   0.0511936   -4.56039
1016   HID   -0.177198   -1.57872
1016   HIS   0.290416   -0.864595
1019   TYR   0.0910468   0.220259
1020   SER   0.361904   0
1022   ALA   -0.161837   0
1023   VAL   0.554332   0
1037   TYR   0.00205736   0.338243
1041   TYR   0.00764362   0.131
SITE:  TYR-1019
  96   ARG   0.0670738   -0.210712
  97   CYS   -0.0217356   0.106006
 164   GLU   0.0283136   0.128109
 238   CYS   -0.0204146   0.102526
 242   ASP   0.0161721   0.158482
 396   ASP   0.000406454   0.100417
 406   GLU   0.0335864   0.111016
 468   CYS   -0.0319066   0.135071
 471   PRO   -0.0458992   0
 479   CYS   -0.0217962   0.104474
 487   TYR   -0.0263441   0.273283
 515   TYR   0.0268927   0.169811
 516   CYS   0.020752   0.177323
 518   ARG   0.0530437   -0.131365
 520   PRO   0.0313346   0
 533   CYS   0.033897   0.197835
 538   GLY   0.103618   0
 539   GLY   -0.136684   0
 540   PRO   0.0421607   0
 550   TYR   0.0018136   0.144976
 555   TYR   -0.0102813   0.192099
 875   TYR   0.00379433   0.119477
 890   TYR   -0.0403278   0.527501
 897   HIS   -0.000162257   -0.116847
 899   TYR   -0.0204644   0.358781
 909   CYS   -0.100011   0.331054
 914   CYS   -0.0271394   0.161516
 939   PRO   0.192764   0
 940   SER   0.376747   0
 944   ASP   -0.228386   0.605646
 945   ASP   0.886392   3.01465
 946   TYR   -0.10948   0.308121
 948   ASP   -0.167122   0.364913
 951   LYS   -0.00267096   -0.247007
 956   CYS   -0.0555032   0.215718
 957   CYS   -0.0395563   0.203728
 979   CYS   -0.0205805   0.104659
 989   ARG   -0.0878752   -0.177181
1005   ASP   0.09473   0.341013
1011   CYS   0.037754   0.32972
1013   LYS   -0.0714407   -2.55899
1014   GLY   0.217222   0
1015   GLY   0.190968   0
1016   HIS   0.112158   -0.284558
1016   HID   0.008632   -0.677256
1016   HIS   0.113571   -0.209608
1016   HID   0.0415409   -0.220259
1018   ALA   -0.198365   0
1037   TYR   0.213095   0.654511
1038   PHE   -0.171524   0
1041   TYR   0.0575351   0.563132
1042   HIS   0.039493   -0.185447
1042   HID   0.0135962   -0.14943
1042   HIS   -0.0515574   -0.10197
1042   HID   0.00326954   -0.125816
1042   HIS   -0.201798   -0.165081
1081   TYR   0.0234652   0.14237
1085   TYR   -0.0230374   0.168416
SITE:  HIS-1029
 895   GLU   0.00721706   0.191933
 897   HIS   0.0592613   -0.137054
 898   ASP   0.088495   0.296801
 899   TYR   -0.00927314   0.131985
1028   GLY   0.114563   0
1029   HID   2.40913   -1.4146
1029   HIS   3.82262   -0.761292
1029   HID   -3.39626   -0.63022
1029   HIS   1.16079   -0.590277
1029   HID   0.138921   -0.197017
1029   HIS   -0.825038   -0.496626
1029   HID   -0.981571   -1.21416
1029   HIS   0.682544   -0.382425
1029   HID   0.0419845   -0.293809
1029   HIS   -0.0871718   -0.126592
1030   GLY   -0.461524   0
1032   ARG   -0.450055   -0.44256
1076   TYR   -0.00706   0.116531
SITE:  HID-1029
 895   GLU   -0.00541211   0.121876
 946   TYR   -0.0137388   0.10624
 997   ARG   0.0104278   -0.120744
1026   LEU   0.47302   0
1027   LEU   -1.6618   0
1028   GLY   0.93299   0
1029   HIS   -0.966966   -1.4146
1029   HIS   -0.432049   -0.818167
1029   HID   2.95655   -3.03812
1029   HIS   0.0731387   -0.634668
1029   HID   -0.0416648   -0.0538057
1029   HIS   -0.655584   -0.385485
1029   HID   -0.86348   -0.344322
1029   HIS   0.390662   -0.190544
1029   HID   -0.0642922   -0.138202
1029   HIS   -0.143754   -0.117551
1030   GLY   -0.712374   0
1031   THR   -0.0350919   0
1032   ARG   -0.0436626   -0.276742
SITE:  HIS-1029
1028   GLY   -0.462868   0
1029   HIS   4.16502   -0.761292
1029   HID   -0.134454   -0.818167
1029   HID   0.312056   -0.925575
1029   HIS   -0.807834   -0.586015
1029   HID   -0.0482609   -0.170069
1029   HIS   -1.45928   -1.08472
1029   HID   0.0659314   -0.625815
1029   HIS   0.663938   -0.364824
1029   HID   -0.0284898   -0.156587
1029   HIS   -0.261529   -0.210667
1030   GLY   0.375023   0
1032   ARG   -0.125361   -0.161282
SITE:  HID-1029
 394   TYR   0.0058877   0.106225
 398   HID   0.00802232   -0.103374
 895   GLU   -0.0122082   0.242796
 898   ASP   0.0457674   0.11909
 899   TYR   0.0066091   0.137583
1026   LEU   0.627097   0
1027   LEU   0.572987   0
1028   GLY   5.88954   0
1029   HIS   -0.49507   -0.63022
1029   HID   -2.71686   -3.03812
1029   HIS   0.3132   -0.925575
1029   HIS   0.124545   -2.18572
1029   HID   -0.870216   0.26192
1029   HIS   -0.615411   -1.04541
1029   HID   -0.976946   -0.913036
1029   HIS   0.212026   -0.267516
1029   HID   -0.451249   -0.411526
1029   HIS   -0.470105   -0.317384
1030   GLY   -0.349222   0
1031   THR   -1.17821   0
1032   ARG   -0.335694   -0.511918
SITE:  HIS-1029
 895   GLU   0.00895815   0.200236
1027   LEU   0.270164   0
1028   GLY   -0.112563   0
1029   HIS   0.720955   -0.590277
1029   HID   -0.725076   -0.634668
1029   HIS   -0.346134   -0.586015
1029   HID   0.481989   -2.18572
1029   HID   -4.78882   2.86483
1029   HIS   5.5227   -6.46623
1029   HID   -0.522824   -0.966153
1029   HIS   0.58866   -0.336881
1029   HID   -2.1003   -1.3695
1029   HIS   -2.9767   -1.68518
1031   THR   -0.145752   0
1032   ARG   -0.172348   -0.350534
SITE:  HID-1029
1029   HIS   -0.0497864   -0.197017
1029   HID   0.304757   -0.0538057
1029   HIS   0.105697   -0.170069
1029   HID   -0.147549   0.26192
1029   HIS   -6.91372   2.86483
1029   HIS   -8.87607   1.27758
1029   HID   -0.309308   -0.511601
1029   HIS   0.223231   -1.11712
1029   HID   -1.10404   -0.474174
1029   HIS   1.08396   -0.808424
SITE:  HIS-1029
 895   GLU   0.0106164   0.138635
1028   GLY   -0.24709   0
1029   HIS   0.964729   -0.496626
1029   HID   0.0650143   -0.385485
1029   HIS   0.116936   -1.08472
1029   HID   -0.134608   -1.04541
1029   HIS   7.93174   -6.46623
1029   HID   -3.98336   1.27758
1029   HID   -1.07655   -0.39376
1029   HIS   0.399548   -0.292901
1029   HID   -1.2192   -0.836806
1029   HIS   -7.43594   -5.04489
1032   ARG   -0.0664261   -0.217995
SITE:  HID-1029
 895   GLU   0.0423498   0.284582
 897   HIS   0.056748   -0.141268
 898   ASP   0.0490944   0.227782
 899   TYR   -0.00446871   0.123771
1028   GLY   0.185786   0
1029   HIS   2.28076   -1.21416
1029   HID   0.199643   -0.344322
1029   HIS   -0.0366236   -0.625815
1029   HID   -1.43654   -0.913036
1029   HIS   -1.7031   -0.966153
1029   HID   -0.00565505   -0.511601
1029   HIS   0.354231   -0.39376
1029   HIS   3.5191   -0.570678
1029   HID   -0.213788   -1.17344
1029   HIS   -0.067248   -0.210047
1030   GLY   0.0490333   0
1032   ARG   -0.786137   -0.683199
1076   TYR   -0.007635   0.138436
SITE:  HIS-1029
1029   HIS   -0.409329   -0.382425
1029   HID   0.170943   -0.190544
1029   HIS   -0.25609   -0.364824
1029   HID   -0.187776   -0.267516
1029   HIS   0.135498   -0.336881
1029   HID   0.00299897   -1.11712
1029   HIS   0.174841   -0.292901
1029   HID   -0.102716   -0.570678
1029   HID   0.788312   -0.328391
1029   HIS   0.0874879   -0.265474
1032   ARG   -0.056788   -0.105822
SITE:  HID-1029
 895   GLU   0.037267   0.22503
 898   ASP   0.00178993   0.121458
1029   HIS   -0.177049   -0.293809
1029   HID   -0.0286934   -0.138202
1029   HIS   -0.069435   -0.156587
1029   HID   -0.0820055   -0.411526
1029   HIS   0.882492   -1.3695
1029   HID   -0.833439   -0.474174
1029   HIS   -1.34387   -0.836806
1029   HID   -0.155793   -1.17344
1029   HIS   0.16493   -0.328391
1029   HIS   0.431927   -0.323944
1032   ARG   -0.029682   -0.342319
1076   TYR   -0.00621285   0.112456
SITE:  HIS-1029
1029   HIS   -0.00816591   -0.126592
1029   HID   -0.0294698   -0.117551
1029   HIS   -0.0618324   -0.210667
1029   HID   -0.0344208   -0.317384
1029   HIS   -1.7563   -1.68518
1029   HID   0.054769   -0.808424
1029   HIS   -4.69904   -5.04489
1029   HID   -0.056064   -0.210047
1029   HIS   0.0206346   -0.265474
1029   HID   -0.00416719   -0.323944
1032   ARG   -0.0180705   -0.110631
SITE:  ARG-1032
 394   TYR   0.0138468   0.295461
 398   HID   -0.00813451   -0.217095
 894   GLU   0.00598107   0.200215
 895   GLU   0.844614   2.12491
 896   GLY   -0.215228   0
 897   HIS   0.227966   -0.30609
 898   ASP   0.0900292   0.311012
 899   TYR   0.0312395   0.406454
 946   TYR   -0.0250692   0.127761
1016   HID   -0.0225604   -0.121417
1026   LEU   0.0877715   0
1028   GLY   0.228723   0
1029   HIS   -0.0623393   -0.44256
1029   HID   0.190307   -0.276742
1029   HIS   0.0913164   -0.161282
1029   HID   0.133391   -0.511918
1029   HIS   0.11283   -0.350534
1029   HIS   0.0304167   -0.217995
1029   HID   -0.22164   -0.683199
1029   HIS   0.0542382   -0.105822
1029   HID   -0.0926854   -0.342319
1029   HIS   -0.0837118   -0.110631
1030   GLY   -0.168069   0
1031   THR   -0.202616   0
1033   VAL   0.227515   0
1034   GLY   0.0724012   0
1076   TYR   -0.035893   0.252037
SITE:  TYR-1037
 391   GLU   0.0390683   0.155189
 392   LYS   0.0593959   -0.197545
 393   GLU   0.0292161   0.103677
 394   TYR   0.0122897   0.211925
 396   ASP   -0.00358567   0.330061
 398   HID   0.00201666   -0.245155
 399   PHE   0.22778   0
 400   GLY   0.293831   0
 401   PRO   0.203232   0
 402   PHE   -0.196262   0
 404   ARG   0.0641563   -0.173194
 406   GLU   0.0543748   0.199596
 468   CYS   -0.0626071   0.242392
 471   PRO   -0.0392701   0
 479   CYS   -0.0651028   0.147917
 487   TYR   -0.025157   0.194625
 516   CYS   0.00525931   0.104121
 533   CYS   0.0296494   0.109939
 540   PRO   0.126084   0
 550   TYR   0.00711299   0.103259
 566   PRO   -0.0433479   0
 568   ASN   -0.175054   0
 570   TYR   -0.0185732   0.173559
 584   GLU   -0.00765832   0.116815
 606   GLU   0.0207702   0.198557
 875   TYR   0.00110929   0.181387
 888   PRO   -0.113196   0
 889   VAL   0.0543973   0
 890   TYR   -0.105048   1.32687
 894   GLU   -0.0144475   0.124331
 895   GLU   -0.0394663   0.114975
 897   HIS   0.00458102   -0.128349
 899   TYR   -0.0127747   0.443243
 909   CYS   -0.0405081   0.14558
 939   PRO   0.203136   0
 940   SER   0.260362   0
 942   TRP   -0.212721   0
 944   ASP   -0.0170405   0.220217
 945   ASP   -0.0352107   0.296613
 946   TYR   -0.0529376   0.158009
1005   ASP   0.0465173   0.150042
1011   CYS   0.00248366   0.110005
1013   LYS   0.0132901   -0.368541
1015   GLY   0.110618   0
1016   HIS   0.196156   -0.285746
1016   HID   -0.0168322   -0.61244
1016   HIS   0.0436052   -0.17785
1016   HID   0.0580185   -0.338243
1018   ALA   0.27725   0
1019   TYR   0.14205   0.654511
1021   SER   1.25323   0
1023   VAL   -0.00243548   0
1024   ASN   -0.133176   0
1036   THR   -0.201584   0
1039   MET   -0.224086   0
1041   TYR   0.0480675   0.692302
1042   HIS   0.0239467   -0.274854
1042   HID   0.0570404   -0.175119
1042   HIS   -0.0840656   -0.137022
1042   HID   -0.012143   -0.171995
1042   HIS   -0.29631   -0.207536
1042   HID   -0.0317554   -0.142657
1059   ARG   0.052188   -0.11331
1081   TYR   -0.0128862   0.434378
1085   TYR   -0.0528508   0.307511
SITE:  TYR-1041
 391   GLU   -0.00119184   0.107903
 392   LYS   0.00430076   -0.166953
 396   ASP   0.00922948   0.19487
 401   PRO   0.0734284   0
 402   PHE   -0.168331   0
 404   ARG   0.0622179   -0.231059
 406   GLU   0.130296   0.413326
 407   GLN   -0.18781   0
 451   GLU   -0.00810468   0.121516
 468   CYS   -0.0691243   0.342207
 471   PRO   -0.0856117   0
 479   CYS   -0.0639454   0.224266
 482   LEU   -0.0516138   0
 486   ASN   -0.168284   0
 487   TYR   -0.0556538   0.476712
 512   HIS   0.013575   -0.101818
 516   CYS   0.00927844   0.21945
 520   PRO   0.0503066   0
 533   CYS   0.0660694   0.199641
 539   GLY   -0.0853703   0
 540   PRO   0.256539   0
 541   VAL   -0.165892   0
 543   PRO   0.0992744   0
 544   TRP   -0.157657   0
 545   LEU   0.0438749   0
 547   LEU   0.151665   0
 550   TYR   0.0361788   0.335643
 555   TYR   0.026731   0.239117
 564   THR   -0.123475   0
 566   PRO   -0.154824   0
 567   VAL   0.0800879   0
 570   TYR   0.00252466   0.113862
 584   GLU   -0.00649539   0.198736
 606   GLU   0.0398304   0.368306
 871   TYR   -0.0114819   0.106595
 875   TYR   0.020889   0.580579
 884   HIS   -0.0370104   -0.267769
 886   GLY   0.278938   0
 887   PRO   -0.0750962   0
 888   PRO   -0.32023   0
 889   VAL   0.0938529   0
 890   TYR   0.0526389   1.16023
 899   TYR   -0.0068355   0.159445
 909   CYS   -0.024757   0.101129
 930   ASP   0.00763394   0.161522
 934   ARG   -0.0207521   -0.102373
 938   ALA   0.198341   0
 939   PRO   0.0786082   0
 940   SER   0.157694   0
 944   ASP   -0.0294662   0.16582
 945   ASP   0.000573528   0.287092
 948   ASP   -0.0329421   0.1059
1005   ASP   0.0430087   0.120938
1011   CYS   0.0023556   0.109767
1013   LYS   0.00893465   -0.417455
1016   HIS   0.085778   -0.176105
1016   HID   0.0485102   -0.25718
1016   HID   0.00549251   -0.131
1019   TYR   0.0744704   0.563132
1037   TYR   0.079003   0.692302
1039   MET   -0.144971   0
1042   HIS   0.159448   -0.530323
1042   HID   0.085016   -0.389421
1042   HIS   -0.120199   -0.264026
1042   HID   0.0361035   -0.315149
1042   HIS   -0.819092   -0.352378
1042   HID   -0.0524156   -0.267402
1050   ASP   -0.027404   0.119283
1059   ARG   0.0326601   -0.100377
1081   TYR   0.0472252   0.356921
1085   TYR   -0.0275852   0.387924
1088   TYR   -0.0442605   0.22667
1091   TYR   -0.0289552   0.116624
SITE:  HIS-1042
 389   ARG   0.0575446   -0.120165
 391   GLU   -0.0435594   0.358992
 392   LYS   -0.00780097   -0.218996
 393   GLU   0.00872444   0.108331
 396   ASP   0.00643826   0.211172
 404   ARG   -0.0176544   -0.164186
 406   GLU   0.041781   0.218597
 468   CYS   -0.0160041   0.110088
 487   TYR   -0.0119234   0.144745
 550   TYR   0.0210631   0.232636
 555   TYR   0.0155747   0.147489
 584   GLU   0.00654862   0.1355
 606   GLU   0.0498616   0.307111
 610   GLU   -0.0122248   0.100451
 861   ASP   0.000892298   0.114525
 875   TYR   -0.00460103   0.420755
 884   HIS   0.117537   -0.234803
 885   ALA   -0.277396   0
 886   GLY   -0.373938   0
 887   PRO   1.31636   0
 888   PRO   0.538406   0
 889   VAL   -0.193434   0
 890   TYR   0.0521155   0.581929
 899   TYR   -0.00818128   0.142916
 930   ASP   0.26567   0.614444
 932   TYR   0.00350431   0.127895
 933   THR   -0.192397   0
 934   ARG   2.08221   -0.530826
 935   ILE   -0.210141   0
 936   GLY   -0.293574   0
 937   PHE   0.127493   0
 939   PRO   0.017312   0
 944   ASP   -0.00592231   0.10682
 945   ASP   -0.00438649   0.107668
1013   LYS   -2.89316e-05   -0.124813
1019   TYR   0.0146025   0.185447
1037   TYR   -0.0502204   0.274854
1039   MET   -0.167887   0
1040   THR   0.38166   0
1041   TYR   -0.244718   0.530323
1042   HID   16.3817   -9.34892
1042   HIS   -0.983997   -3.15663
1042   HID   8.2141   -5.76945
1042   HIS   -14.8166   -4.75179
1042   HID   -6.94422   -7.17479
1043   THR   1.24051   0
1044   VAL   0.233236   0
1045   LEU   -0.0854099   0
1048   SER   0.226763   0
1050   ASP   0.108112   0.538697
1051   PHE   0.304748   0
1052   ILE   0.19697   0
1053   ASP   0.00578426   0.48998
1054   ALA   0.313128   0
1055   LEU   0.248561   0
1056   LYS   -0.0194944   -0.214278
1057   LYS   -0.360221   -0.406159
1058   ALA   -0.439121   0
1059   ARG   0.07003   -0.44798
1077   ARG   0.0208302   -0.180171
1080   PRO   -0.156305   0
1081   TYR   0.289936   0.542866
1082   SER   0.398112   0
1083   VAL   -0.0587162   0
1084   PHE   -0.310009   0
1085   TYR   0.603988   3.83238
1088   TYR   -0.101228   0.466292
1089   GLU   -0.0863184   0.257932
1091   TYR   -0.0857802   0.261082
SITE:  HID-1042
 250   LYS   -0.0262568   -0.102283
 391   GLU   -0.0175304   0.17613
 392   LYS   -0.00831201   -0.114
 396   ASP   0.000879403   0.111109
 406   GLU   0.0314236   0.142535
 487   TYR   -0.00863582   0.172452
 518   ARG   0.0344218   -0.105617
 550   TYR   0.0133468   0.656849
 551   ASP   -0.0395078   0.105934
 552   ASP   0.063211   0.296006
 555   TYR   0.0523538   0.325414
 606   GLU   0.0406255   0.185012
 875   TYR   0.0125335   0.284236
 884   HIS   0.468722   -0.622039
 885   ALA   -0.189303   0
 886   GLY   -0.157474   0
 887   PRO   0.700516   0
 888   PRO   0.149422   0
 889   VAL   -0.079498   0
 890   TYR   0.0345019   0.343599
 930   ASP   0.255526   0.918099
 934   ARG   0.689368   -0.472977
 935   ILE   -0.223468   0
 936   GLY   -0.290569   0
1013   LYS   -0.00260939   -0.110852
1019   TYR   0.0066382   0.14943
1037   TYR   -0.0304172   0.175119
1040   THR   0.144755   0
1041   TYR   -0.0465792   0.389421
1042   HIS   14.8622   -9.34892
1042   HIS   1.25772   -1.67435
1042   HID   2.05708   -2.29194
1042   HIS   2.01828   -2.3248
1042   HID   -1.91614   -2.86781
1043   THR   3.46768   0
1044   VAL   0.149963   0
1045   LEU   -0.0363865   0
1050   ASP   0.0768279   0.38942
1051   PHE   0.156996   0
1053   ASP   -0.0179349   0.304487
1054   ALA   0.135592   0
1055   LEU   0.125069   0
1056   LYS   -0.0394312   -0.119486
1057   LYS   -0.2205   -0.269932
1058   ALA   -0.174756   0
1059   ARG   0.0807868   -0.229332
1080   PRO   -0.104759   0
1081   TYR   0.144861   0.273124
1085   TYR   0.181971   1.70752
1088   TYR   -0.0333811   0.256866
1089   GLU   -0.0368493   0.125378
1091   TYR   -0.0414372   0.143004
SITE:  HIS-1042
 391   GLU   -0.0151679   0.152613
 550   TYR   0.0328714   0.233193
 552   ASP   0.0278588   0.156682
 555   TYR   0.0156814   0.138658
 606   GLU   0.0257177   0.131049
 875   TYR   0.0117186   0.190515
 884   HIS   0.139697   -0.272125
 886   GLY   -0.0795796   0
 887   PRO   0.530146   0
 888   PRO   0.0609544   0
 889   VAL   0.207404   0
 890   TYR   0.028375   0.281928
 930   ASP   0.485422   1.41838
 931   ASN   -0.421106   0
 932   TYR   -0.00747583   0.106316
 934   ARG   0.0525779   -1.03322
 935   ILE   -0.0879312   0
 936   GLY   -0.112926   0
1019   TYR   0.00793544   0.10197
1037   TYR   -0.0265017   0.137022
1040   THR   0.299247   0
1041   TYR   -0.10558   0.264026
1042   HIS   3.25916   -3.15663
1042   HID   -0.160779   -1.67435
1042   HID   -0.525469   -1.12716
1042   HIS   -1.36251   -1.10227
1042   HID   -0.242172   -0.941498
1043   THR   0.46922   0
1044   VAL   0.367404   0
1050   ASP   0.0746418   0.512475
1053   ASP   -0.0411608   0.356047
1056   LYS   -0.0294712   -0.11792
1057   LYS   -0.131331   -0.342611
1059   ARG   0.0414752   -0.190825
1080   PRO   -0.0887188   0
1081   TYR   0.184852   0.227891
1085   TYR   0.136325   1.48607
1088   TYR   -0.0273627   0.201502
1089   GLU   -0.028112   0.107115
1091   TYR   -0.029916   0.118915
SITE:  HID-1042
 250   LYS   -0.027842   -0.131469
 391   GLU   -0.038606   0.253521
 392   LYS   -0.00516914   -0.153407
 396   ASP   0.0049157   0.144764
 404   ARG   -0.00930586   -0.109162
 406   GLU   0.0260858   0.140452
 487   TYR   -0.00733388   0.127998
 518   ARG   0.0301794   -0.103957
 550   TYR   -0.000529464   0.404917
 551   ASP   -0.0798097   0.100499
 552   ASP   -0.134569   0.469544
 555   TYR   0.0341796   0.25407
 606   GLU   0.0344662   0.202329
 875   TYR   0.00496631   0.270068
 884   HIS   0.0266295   -0.332489
 886   GLY   -0.182937   0
 887   PRO   0.486246   0
 888   PRO   0.408954   0
 889   VAL   -0.220628   0
 890   TYR   0.0276103   0.36464
 930   ASP   0.0847475   0.608687
 934   ARG   0.202732   -0.301476
 936   GLY   -0.0617871   0
1019   TYR   0.00877555   0.125816
1037   TYR   -0.033424   0.171995
1040   THR   0.220034   0
1041   TYR   -0.14103   0.315149
1042   HIS   0.812707   -5.76945
1042   HID   0.966644   -2.29194
1042   HIS   -2.232   -1.12716
1042   HIS   -1.96843   -1.79159
1042   HID   -0.45851   -1.54755
1043   THR   0.192468   0
1045   LEU   -0.0906838   0
1050   ASP   0.0701128   0.333302
1051   PHE   0.196555   0
1052   ILE   0.14374   0
1053   ASP   -0.0330576   0.283779
1055   LEU   0.10318   0
1056   LYS   -7.37208e-05   -0.132254
1057   LYS   -0.155346   -0.222557
1058   ALA   -0.25665   0
1059   ARG   0.0525652   -0.309369
1077   ARG   0.0212034   -0.120185
1080   PRO   -0.0754107   0
1081   TYR   0.200344   0.389952
1082   SER   0.205358   0
1084   PHE   -0.362606   0
1085   TYR   0.502879   2.78663
1088   TYR   -0.0807686   0.333987
1089   GLU   -0.069555   0.19156
1091   TYR   -0.0623061   0.184201
SITE:  HIS-1042
 391   GLU   -0.0197255   0.267265
 392   LYS   -0.00899661   -0.128136
 396   ASP   0.00235187   0.128716
 406   GLU   0.0254908   0.127567
 487   TYR   -0.00839221   0.110225
 550   TYR   0.0103458   0.192164
 552   ASP   0.0222516   0.103759
 555   TYR   0.0117113   0.139006
 606   GLU   0.0354562   0.173792
 875   TYR   -0.00231699   0.246733
 884   HIS   0.0695389   -0.177956
 885   ALA   -0.142585   0
 886   GLY   -0.192352   0
 887   PRO   0.690321   0
 888   PRO   0.162404   0
 889   VAL   -0.0753295   0
 890   TYR   0.0282691   0.369409
 891   PHE   -0.204104   0
 899   TYR   -0.0124385   0.147954
 920   VAL   0.1115   0
 923   ILE   0.120464   0
 930   ASP   0.381164   0.745369
 932   TYR   -0.0690842   0.219368
 933   THR   -1.05554   0
 934   ARG   0.316493   -0.68351
 935   ILE   0.199586   0
 936   GLY   -0.143685   0
 937   PHE   0.301793   0
 939   PRO   -0.0114402   0
 944   ASP   -0.00241163   0.129446
 945   ASP   -0.00805265   0.104298
1013   LYS   -0.00145549   -0.11228
1019   TYR   0.00684963   0.165081
1037   TYR   -0.0812258   0.207536
1038   PHE   0.142147   0
1040   THR   -0.122714   0
1041   TYR   0.0876816   0.352378
1042   HIS   -0.129712   -4.75179
1042   HID   1.98713   -2.3248
1042   HIS   -1.5332   -1.10227
1042   HID   1.18377   -1.79159
1042   HID   -0.2453   -2.68723
1043   THR   0.194278   0
1044   VAL   0.168589   0
1050   ASP   0.152133   0.403895
1051   PHE   0.2154   0
1052   ILE   0.154811   0
1053   ASP   0.0926919   0.529479
1054   ALA   0.586176   0
1055   LEU   0.244324   0
1056   LYS   -0.0661988   -0.208203
1057   LYS   -0.592832   -0.602099
1058   ALA   -0.150389   0
1059   ARG   0.115103   -0.369159
1060   LEU   -0.167101   0
1061   ILE   -0.274688   0
1077   ARG   0.03086   -0.16134
1080   PRO   -0.172374   0
1081   TYR   0.22133   0.312028
1084   PHE   -0.171247   0
1085   TYR   0.192794   2.16617
1088   TYR   -0.0460036   0.265889
1089   GLU   -0.0501182   0.169915
1091   TYR   -0.0540088   0.156992
SITE:  HID-1042
 389   ARG   0.0383706   -0.101794
 391   GLU   -0.0338653   0.278409
 392   LYS   -0.0114462   -0.150883
 396   ASP   0.00419818   0.133805
 404   ARG   -0.0170794   -0.109724
 406   GLU   0.0218584   0.138937
 550   TYR   0.0147046   0.135226
 606   GLU   0.037888   0.208496
 857   ASP   -0.0402368   0.113346
 861   ASP   -0.0195374   0.153678
 875   TYR   -0.00149347   0.281888
 884   HIS   0.05523   -0.150698
 886   GLY   -0.187466   0
 887   PRO   0.399914   0
 888   PRO   0.166841   0
 889   VAL   -0.094438   0
 890   TYR   0.0317787   0.282056
 930   ASP   0.29312   0.464704
 932   TYR   0.047922   0.168045
 933   THR   -0.287802   0
 934   ARG   1.12419   -0.619114
 935   ILE   0.01153   0
1037   TYR   -0.0322553   0.142657
1041   TYR   -0.0558666   0.267402
1042   HIS   0.260647   -7.17479
1042   HID   4.27624   -2.86781
1042   HIS   -1.10529   -0.941498
1042   HID   0.9142   -1.54755
1042   HIS   0.890842   -2.68723
1043   THR   0.252562   0
1044   VAL   0.222148   0
1045   LEU   -0.245649   0
1047   THR   0.275519   0
1048   SER   0.735973   0
1049   ALA   0.314897   0
1050   ASP   1.07777   1.11046
1051   PHE   1.41888   0
1052   ILE   0.433435   0
1053   ASP   -0.822558   1.39767
1054   ALA   -2.45066   0
1055   LEU   -0.904806   0
1056   LYS   -0.404244   -0.440912
1057   LYS   -0.557953   -0.599154
1058   ALA   -0.392335   0
1059   ARG   -0.0429956   -0.416874
1077   ARG   0.0215099   -0.148334
1080   PRO   -0.0477618   0
1081   TYR   0.0902173   0.323435
1084   PHE   -0.202279   0
1085   TYR   0.171215   1.90581
1088   TYR   -0.013818   0.59888
1089   GLU   -0.0852526   0.307123
1091   TYR   -0.168634   0.384702
SITE:  ASP-1050
 606   GLU   0.0242012   0.119866
 857   ASP   -0.0600346   0.173805
 861   ASP   -0.019443   0.203728
 875   TYR   0.0132311   0.194382
 884   HIS   0.04459   -0.151915
 887   PRO   0.0477613   0
 930   ASP   0.169827   0.283556
 934   ARG   -0.247404   -2.05855
1041   TYR   -0.0296049   0.119283
1042   HIS   -0.0588818   -0.538697
1042   HID   0.228532   -0.38942
1042   HIS   0.0150303   -0.512475
1042   HID   0.117026   -0.333302
1042   HIS   -0.281198   -0.403895
1042   HID   0.29046   -1.11046
1043   THR   0.103937   0
1044   VAL   0.388234   0
1045   LEU   -0.966248   0
1046   GLN   -0.917538   0
1047   THR   0.506549   0
1048   SER   0.328893   0
1051   PHE   -0.103163   0
1053   ASP   -0.382727   0.544866
1054   ALA   -0.261304   0
1056   LYS   -0.0857079   -0.161768
1057   LYS   -0.104922   -0.336226
1081   TYR   0.0117673   0.111142
1085   TYR   0.0351042   0.345304
1088   TYR   0.0297902   0.408649
1091   TYR   -0.0504821   0.229184
SITE:  ASP-1053
 391   GLU   -0.00566584   0.111375
 857   ASP   -0.0373688   0.13033
 930   ASP   0.202922   0.245009
 931   ASN   0.178207   0
 932   TYR   0.242992   0.285043
 934   ARG   -0.173856   -0.451856
1042   HIS   -0.0853543   -0.48998
1042   HID   0.253326   -0.304487
1042   HIS   -0.079612   -0.356047
1042   HID   0.0974708   -0.283779
1042   HIS   -0.151104   -0.529479
1042   HID   -0.00830149   -1.39767
1048   SER   0.181133   0
1049   ALA   0.366   0
1050   ASP   0.30552   0.544866
1051   PHE   0.168809   0
1052   ILE   0.118281   0
1054   ALA   -0.26474   0
1055   LEU   -0.213332   0
1056   LYS   -0.614292   -0.607652
1057   LYS   -0.545968   -1.67675
1059   ARG   -0.0780882   -0.186326
1085   TYR   0.0580468   0.468127
1088   TYR   0.0116391   0.188322
1089   GLU   -0.0121594   0.140615
1091   TYR   -0.023905   0.170643
SITE:  LYS-1056
 391   GLU   -0.00622615   0.149137
 857   ASP   -0.0162394   0.107676
 932   TYR   0.0703622   0.183981
 934   ARG   -0.00818813   -0.116915
1042   HIS   -0.0403646   -0.214278
1042   HID   0.0927742   -0.119486
1042   HIS   -0.073468   -0.11792
1042   HID   0.031526   -0.132254
1042   HIS   -0.0750464   -0.208203
1042   HID   -0.0545579   -0.440912
1050   ASP   0.0388304   0.161768
1052   ILE   0.169955   0
1053   ASP   0.21016   0.607652
1057   LYS   -0.174582   -0.422248
1059   ARG   -0.212898   -0.24282
1077   ARG   0.0204218   -0.113667
1085   TYR   0.0387452   0.289486
1088   TYR   0.0505089   0.117794
1089   GLU   0.0179175   0.212341
1091   TYR   0.0620412   0.157589
1096   ASP   -0.045216   0.11335
SITE:  LYS-1057
 256   PRO   0.0516661   0
 391   GLU   -0.00227897   0.103117
 930   ASP   0.24682   0.294021
 931   ASN   0.179708   0
 932   TYR   1.83859   0.669143
 934   ARG   -0.0902442   -0.399348
1042   HIS   -0.0854015   -0.406159
1042   HID   0.21873   -0.269932
1042   HIS   -0.0406855   -0.342611
1042   HID   0.082598   -0.222557
1042   HIS   -0.0434632   -0.602099
1042   HID   0.0264807   -0.599154
1050   ASP   0.111821   0.336226
1053   ASP   0.825587   1.67675
1056   LYS   0.0787357   -0.422248
1058   ALA   -0.196781   0
1059   ARG   -0.0462329   -0.183846
1060   LEU   -0.168356   0
1085   TYR   0.0157426   0.405711
SITE:  ARG-1059
 387   GLN   -0.757548   0
 389   ARG   0.106924   -0.258168
 391   GLU   0.159187   2.48678
 392   LYS   -0.0610641   -0.241021
 393   GLU   -0.0663462   0.188033
 394   TYR   -0.0726732   0.141136
 396   ASP   -0.0153556   0.203869
 398   HID   -0.0272604   -0.101169
 606   GLU   0.0180992   0.11453
 890   TYR   0.104585   0.173442
 892   VAL   0.0621887   0
 894   GLU   -0.0190699   0.219579
 899   TYR   -0.00577364   0.116976
1037   TYR   -0.0487445   0.11331
1041   TYR   -0.00641755   0.100377
1042   HIS   -0.0835904   -0.44798
1042   HID   0.152851   -0.229332
1042   HIS   -0.217488   -0.190825
1042   HID   -0.00142654   -0.309369
1042   HIS   -0.249536   -0.369159
1042   HID   -0.0839636   -0.416874
1052   ILE   0.145126   0
1053   ASP   0.0843106   0.186326
1055   LEU   0.0713872   0
1056   LYS   0.112742   -0.24282
1057   LYS   0.0414044   -0.183846
1062   ALA   -0.167342   0
1077   ARG   0.186363   -0.806297
1079   PHE   -0.277531   0
1080   PRO   0.421125   0
1081   TYR   -0.157763   0.444007
1082   SER   0.162197   0
1085   TYR   -0.194466   1.06123
1086   VAL   0.00246762   0
1088   TYR   -0.112927   0.189259
1089   GLU   0.58961   2.21787
1091   TYR   -0.0863466   0.20826
1097   ASP   -0.0242918   0.149997
SITE:  GLU-1067
 917   ASP   0.0363433   0.183636
 932   TYR   -0.00806109   0.111767
1063   SER   0.164941   0
1064   ASN   0.319173   0
1068   THR   -0.393253   0
1077   ARG   -0.0382232   -0.131744
SITE:  TYR-1076
 391   GLU   0.0218912   0.112445
 394   TYR   0.0229174   0.200502
 398   HID   -0.00133892   -0.103419
 893   LEU   -0.226402   0
 894   GLU   0.341652   0.400681
 895   GLU   0.0651489   0.354643
 896   GLY   -0.159905   0
 897   HIS   -0.759468   -4.0205
 898   ASP   -0.296768   0.566334
 899   TYR   -0.116476   0.740996
 903   LYS   0.0695218   -0.37598
 904   GLY   0.148432   0
 907   MET   0.207541   0
 909   CYS   -0.0187663   0.174966
 914   CYS   -0.0770236   0.129008
 917   ASP   0.104161   0.190388
 944   ASP   0.0296448   0.124254
1029   HIS   -0.0273196   -0.116531
1029   HID   -0.0381427   -0.138436
1029   HID   -0.0113083   -0.112456
1032   ARG   -0.0795288   -0.252037
1034   GLY   0.143056   0
1065   VAL   0.0670275   0
1066   THR   0.17703   0
1069   MET   0.553134   0
1071   ILE   -0.277008   0
1077   ARG   -0.0550638   -0.250958
SITE:  ARG-1077
 391   GLU   1.04374   2.18139
 392   LYS   0.0150808   -0.125743
 393   GLU   -0.055414   0.122365
 394   TYR   -0.0320417   0.27441
 396   ASP   -0.02562   0.12603
 398   HID   -0.0242475   -0.156176
 890   TYR   0.0710917   0.110959
 892   VAL   0.162345   0
 894   GLU   0.0216242   0.718892
 895   GLU   0.047367   0.131939
 897   HIS   -0.00407399   -0.167846
 899   TYR   -0.00943693   0.214874
1042   HIS   -0.0284262   -0.180171
1042   HID   -0.00927756   -0.120185
1042   HIS   -0.0958803   -0.16134
1042   HID   -0.0306792   -0.148334
1056   LYS   0.0729036   -0.113667
1059   ARG   0.255546   -0.806297
1063   SER   0.212704   0
1067   GLU   -0.0280139   0.131744
1076   TYR   -0.278806   0.250958
1078   VAL   0.227066   0
1079   PHE   -0.229095   0
1080   PRO   0.0895554   0
1081   TYR   0.000896696   0.199413
1085   TYR   -0.0777074   0.377125
1089   GLU   0.0190991   0.345776
SITE:  TYR-1081
 376   ASN   0.105637   0
 377   PRO   -0.0709128   0
 378   VAL   -0.0819117   0
 379   ASP   -0.0466784   0.240213
 388   ALA   0.25177   0
 389   ARG   0.223742   -0.412586
 391   GLU   -0.112253   0.581025
 392   LYS   -0.298834   -1.4763
 393   GLU   0.0814981   0.54016
 394   TYR   -0.125601   0.170951
 395   PHE   -0.295138   0
 396   ASP   0.203068   1.53678
 398   HID   -0.0971069   -0.205169
 400   GLY   0.239974   0
 401   PRO   -0.481933   0
 403   PHE   0.178072   0
 404   ARG   0.0203495   -0.504037
 406   GLU   0.0614539   0.345107
 468   CYS   -0.026084   0.167412
 569   ASN   -0.300034   0
 570   TYR   0.0752301   0.118791
 571   TYR   -0.0628371   0.193976
 573   ASP   0.0283348   0.102434
 584   GLU   0.0163767   0.305351
 606   GLU   0.126668   0.760848
 607   ARG   -0.0436481   -0.152924
 610   GLU   -0.0214464   0.276039
 871   TYR   -0.0210236   0.121184
 875   TYR   -0.0290466   0.407746
 887   PRO   -0.0549444   0
 888   PRO   0.230546   0
 889   VAL   -0.145741   0
 890   TYR   -0.137199   0.822254
 894   GLU   -0.0222941   0.134088
 899   TYR   -0.00362678   0.141184
1016   HID   0.00262708   -0.1085
1019   TYR   0.0201771   0.14237
1037   TYR   -0.0322858   0.434378
1040   THR   0.16391   0
1041   TYR   -0.0607665   0.356921
1042   HIS   -0.0504682   -0.542866
1042   HID   0.149311   -0.273124
1042   HIS   -0.208394   -0.227891
1042   HID   -0.0224121   -0.389952
1042   HIS   -0.503712   -0.312028
1042   HID   -0.0442175   -0.323435
1050   ASP   -0.0207832   0.111142
1059   ARG   0.141822   -0.444007
1077   ARG   0.0206673   -0.199413
1080   PRO   0.0359882   0
1082   SER   -0.312033   0
1083   VAL   0.183299   0
1085   TYR   -0.293374   0.808917
1086   VAL   -0.255392   0
1088   TYR   -0.129856   0.37758
1089   GLU   -0.0957606   0.32607
1091   TYR   -0.0658013   0.252818
1225   TYR   -0.0143591   0.116987
SITE:  TYR-1085
 389   ARG   0.112458   -0.191516
 391   GLU   -0.16729   0.837775
 392   LYS   -0.0358375   -0.316353
 393   GLU   -0.0069351   0.176768
 394   TYR   -0.0598267   0.137055
 396   ASP   -0.00130872   0.311816
 398   HID   -0.0369492   -0.116891
 404   ARG   -0.0122467   -0.163192
 406   GLU   0.0345286   0.182075
 550   TYR   0.00980557   0.121631
 584   GLU   0.00594191   0.124055
 606   GLU   0.0517218   0.287877
 610   GLU   -0.0205245   0.100168
 875   TYR   -0.0100002   0.319344
 884   HIS   0.0323775   -0.119517
 886   GLY   -0.0831832   0
 887   PRO   0.406697   0
 888   PRO   0.466436   0
 889   VAL   -0.595284   0
 890   TYR   0.167403   0.602473
 892   VAL   0.0355707   0
 894   GLU   -0.00508871   0.161096
 899   TYR   -0.0144435   0.20334
 930   ASP   0.117173   0.285369
 932   TYR   0.0368643   0.127352
 934   ARG   0.262157   -0.280568
 935   ILE   -0.119795   0
 937   PHE   0.125174   0
 939   PRO   0.0207777   0
 944   ASP   0.000594378   0.110186
1013   LYS   -0.00043883   -0.106815
1019   TYR   0.0151947   0.168416
1037   TYR   -0.128956   0.307511
1038   PHE   0.232274   0
1039   MET   -0.167408   0
1040   THR   0.460569   0
1041   TYR   -0.0852971   0.387924
1042   HIS   -1.06634   -3.83238
1042   HID   0.964891   -1.70752
1042   HIS   -2.21202   -1.48607
1042   HID   -0.425214   -2.78663
1042   HIS   -2.31698   -2.16617
1042   HID   -0.783084   -1.90581
1043   THR   0.19359   0
1048   SER   0.204436   0
1050   ASP   0.121261   0.345304
1051   PHE   0.459025   0
1052   ILE   0.342848   0
1053   ASP   0.137156   0.468127
1054   ALA   0.953022   0
1055   LEU   0.347328   0
1056   LYS   0.0786709   -0.289486
1057   LYS   -0.336536   -0.405711
1058   ALA   -0.862272   0
1059   ARG   0.347327   -1.06123
1061   ILE   -0.244825   0
1062   ALA   -0.151385   0
1077   ARG   0.0695726   -0.377125
1079   PHE   -0.162638   0
1080   PRO   -0.293302   0
1081   TYR   0.341107   0.808917
1082   SER   0.0641502   0
1083   VAL   0.0406724   0
1084   PHE   -0.0723536   0
1088   TYR   -0.186947   0.456294
1089   GLU   -0.163516   0.513791
1091   TYR   -0.125419   0.303016
SITE:  TYR-1088
 377   PRO   -0.0100615   0
 379   ASP   -0.0732433   0.158205
 381   TRP   -0.287263   0
 389   ARG   0.0409936   -0.194626
 391   GLU   -0.0429067   0.146582
 392   LYS   -0.0389774   -0.241133
 393   GLU   0.0205969   0.11496
 396   ASP   0.0139676   0.181227
 404   ARG   -0.0540249   -0.247305
 406   GLU   0.0309012   0.282186
 584   GLU   0.0230038   0.220136
 606   GLU   0.102557   0.482038
 607   ARG   0.0107673   -0.153005
 610   GLU   -0.0249539   0.257375
 611   ASP   -0.0621016   0.131457
 612   GLU   -0.1129   0.19249
 616   GLU   -0.116192   0.148459
 620   ASP   0.0190087   0.143021
 688   GLU   -0.0695348   0.11257
 857   ASP   -0.043636   0.179236
 859   GLY   -0.261141   0
 860   LEU   0.576828   0
 861   ASP   -0.160389   0.547785
 862   GLN   2.06805   0
 871   TYR   -0.022762   0.174576
 875   TYR   -0.0678892   0.568715
 884   HIS   0.00657297   -0.108022
 887   PRO   -0.0780292   0
 888   PRO   0.095745   0
 890   TYR   -0.0127608   0.206917
 934   ARG   -0.0419924   -0.182432
1041   TYR   -0.0841574   0.22667
1042   HIS   -0.0174091   -0.466292
1042   HID   0.154521   -0.256866
1042   HIS   -0.152051   -0.201502
1042   HID   0.093036   -0.333987
1042   HIS   -0.392612   -0.265889
1042   HID   0.0271839   -0.59888
1047   THR   -0.202302   0
1048   SER   0.49495   0
1050   ASP   -0.308136   0.408649
1051   PHE   -0.128093   0
1053   ASP   -0.0671516   0.188322
1056   LYS   -0.0362261   -0.117794
1059   ARG   0.0183924   -0.189259
1081   TYR   -0.0123299   0.37758
1084   PHE   0.168037   0
1085   TYR   0.118554   0.456294
1089   GLU   -0.127309   0.293581
1090   GLN   -0.303511   0
1091   TYR   -0.497168   1.62507
1097   ASP   -0.00930338   0.168332
1150   ASN   -0.176322   0
1225   TYR   -0.0656127   0.398201
1229   TYR   -0.0254132   0.173741
SITE:  GLU-1089
 379   ASP   0.00168294   0.132388
 381   TRP   0.150534   0
 382   SER   -0.205606   0
 386   SER   -1.74938   0
 387   GLN   -0.971644   0
 388   ALA   -0.966589   0
 389   ARG   -0.0940003   -0.355013
 391   GLU   -0.290864   0.80735
 392   LYS   -0.0907924   -0.21373
 393   GLU   -0.050295   0.184468
 396   ASP   -0.00649738   0.160473
 606   GLU   0.0191719   0.12123
 753   VAL   0.127961   0
 758   HIS   -0.0126386   -0.101587
 890   TYR   0.035341   0.108503
 894   GLU   -0.00528459   0.115921
1042   HIS   -0.0412517   -0.257932
1042   HID   0.0850282   -0.125378
1042   HIS   -0.117551   -0.107115
1042   HID   0.00901092   -0.19156
1042   HIS   -0.166983   -0.169915
1042   HID   -0.023719   -0.307123
1053   ASP   0.028206   0.140615
1056   LYS   0.00822663   -0.212341
1059   ARG   -0.10193   -2.21787
1077   ARG   0.0620872   -0.345776
1080   PRO   0.216332   0
1081   TYR   -0.0964524   0.32607
1082   SER   0.13076   0
1085   TYR   0.36489   0.513791
1086   VAL   0.167634   0
1088   TYR   -0.129972   0.293581
1090   GLN   -0.430884   0
1091   TYR   -0.195978   0.427435
1092   LEU   -0.269892   0
1096   ASP   -0.074335   0.147626
1097   ASP   -0.0506614   0.356236
1225   TYR   -0.00788682   0.126508
SITE:  TYR-1091
 377   PRO   0.0780561   0
 379   ASP   -0.0348649   0.16543
 381   TRP   -0.505069   0
 389   ARG   0.0428017   -0.209435
 391   GLU   -0.0485279   0.145833
 392   LYS   -0.037567   -0.171291
 396   ASP   0.00753416   0.125812
 404   ARG   -0.0312138   -0.153755
 406   GLU   0.0139854   0.158529
 584   GLU   0.0117542   0.133181
 606   GLU   0.0551348   0.283812
 607   ARG   0.00548274   -0.103215
 610   GLU   -0.0352844   0.196323
 612   GLU   -0.0668262   0.146814
 616   GLU   -0.109447   0.144504
 620   ASP   0.0228942   0.158964
 688   GLU   -0.0757487   0.136916
 758   HIS   0.00712999   -0.132644
 857   ASP   -0.00164058   0.275481
 858   ILE   -0.297398   0
 859   GLY   -1.35342   0
 860   LEU   0.355872   0
 861   ASP   -0.0845484   0.513813
 862   GLN   0.150902   0
 871   TYR   -0.0187013   0.114002
 875   TYR   -0.0299948   0.285683
 890   TYR   -0.00132373   0.115923
 934   ARG   -0.00912999   -0.112211
1041   TYR   -0.034644   0.116624
1042   HIS   -0.0219154   -0.261082
1042   HID   0.0850788   -0.143004
1042   HIS   -0.0837784   -0.118915
1042   HID   0.0326129   -0.184201
1042   HIS   -0.19989   -0.156992
1042   HID   0.0216147   -0.384702
1048   SER   0.447162   0
1050   ASP   -0.103785   0.229184
1053   ASP   -0.037135   0.170643
1056   LYS   -0.0428804   -0.157589
1059   ARG   -0.00147811   -0.20826
1081   TYR   -0.0132363   0.252818
1084   PHE   0.179963   0
1085   TYR   0.15338   0.303016
1086   VAL   0.0369284   0
1087   PHE   0.573068   0
1088   TYR   0.321732   1.62507
1089   GLU   -0.0923966   0.427435
1090   GLN   -0.586411   0
1097   ASP   -0.0529191   0.417585
1148   SER   -0.0512569   0
1149   LEU   0.241698   0
1150   ASN   -1.01601   0
1151   ALA   -0.25122   0
1152   VAL   -0.197513   0
1153   SER   -0.167915   0
1161   CYS   -0.0270285   0.122887
1225   TYR   -0.0556211   0.574112
1227   ARG   -0.0703102   -0.106234
1229   TYR   -0.0312018   0.269679
SITE:  ASP-1096
1056   LYS   0.00312657   -0.11335
1089   GLU   0.00975511   0.147626
1093   THR   0.269154   0
1094   ILE   0.102893   0
1097   ASP   -0.502294   0.540233
1099   ILE   -0.290172   0
1100   PHE   -0.169298   0
SITE:  ASP-1097
 381   TRP   0.156772   0
 389   ARG   -0.00987966   -0.1344
 749   GLY   0.190434   0
 751   LEU   -0.177215   0
 752   SER   -1.82609   0
 754   MET   -0.0685158   0
 755   PRO   0.0184378   0
 757   VAL   -0.107854   0
 758   HIS   0.019533   -0.28728
1059   ARG   -0.0122706   -0.149997
1088   TYR   0.0328481   0.168332
1089   GLU   -0.0377605   0.356236
1090   GLN   0.475685   0
1091   TYR   -0.0137916   0.417585
1093   THR   0.238814   0
1094   ILE   0.376384   0
1096   ASP   -0.368702   0.540233
1098   THR   -0.453072   0
1100   PHE   -0.363302   0
1101   ASN   -0.81906   0
1154   LEU   -0.228089   0
1155   VAL   -0.0509953   0
1161   CYS   -0.058916   0.312688
1225   TYR   0.0130097   0.317026
1229   TYR   -0.00865139   0.228838
SITE:  CYS-1119
 323   CYS   0.0313021   0.203199
 324   CYS   0.0902363   0.827745
 325   ASP   0.0715164   0.296726
 327   VAL   -0.19938   0
 328   SER   -0.185958   0
 332   GLU   -0.0285038   0.242023
1114   MET   0.668303   0
1115   VAL   0.206124   0
1118   GLY   -0.138856   0
1120   GLU   -0.319158   0.576117
1128   CYS   -0.00587374   0.131948
1168   CYS   0.00788887   0.1023
1173   ARG   -0.0367976   -0.211353
1186   ARG   0.00366315   -0.103589
1259   LYS   -0.0184681   -0.399895
SITE:  GLU-1120
 317   ASP   0.0274472   0.105138
 323   CYS   -0.0111958   0.104083
 324   CYS   -0.0747999   0.48264
 325   ASP   0.103719   0.823561
 326   PRO   0.066075   0
 328   SER   0.107385   0
 331   PHE   -0.163812   0
 332   GLU   0.152216   1.20126
 336   ARG   -0.152636   -0.257606
 700   ASP   0.0125473   0.161962
 711   ARG   -0.0400105   -0.147995
 730   GLU   0.0221122   0.27286
 733   PRO   0.0381192   0
 742   GLU   0.00258806   0.178381
1113   THR   0.237454   0
1114   MET   0.373251   0
1115   VAL   0.155367   0
1117   LEU   0.770168   0
1118   GLY   -0.327746   0
1119   CYS   -0.784141   0.576117
1122   TRP   -0.207472   0
1123   SER   -0.457989   0
1124   ALA   -0.142771   0
1128   CYS   -0.0214792   0.303472
1161   CYS   0.0333976   0.102726
1166   GLU   0.025613   0.16637
1168   CYS   0.0687088   0.390952
1169   SER   0.235802   0
1170   HIS   0.0934244   -0.362624
1172   THR   0.26828   0
1173   ARG   -0.0839662   -0.934448
1176   THR   -1.45083   0
1177   VAL   -0.0558081   0
1178   SER   0.118175   0
1183   ARG   0.0688965   -0.235364
1186   ARG   -0.0143386   -0.724189
1189   GLU   -0.028178   0.211743
1193   HIS   -0.0359462   -0.180349
1239   HID   0.202174   -0.254011
1252   GLY   -0.190316   0
1253   PRO   -0.288517   0
1254   SER   0.59444   0
1256   ASN   -1.5009   0
1257   LYS   -0.0103466   -0.189341
1258   ALA   -0.185158   0
1259   LYS   0.00811716   -4.09115
1261   CYS   -0.0369991   0.132017
1266   ARG   -0.0739404   -0.142041
1267   TYR   -0.0237578   0.20102
1272   ARG   -0.0159908   -0.122619
SITE:  CYS-1128
 332   GLU   -0.00171486   0.14846
 700   ASP   -0.0208148   0.22273
 737   LEU   0.0629315   0
 738   SER   0.144143   0
 742   GLU   -0.0204581   0.430001
1103   GLY   0.116349   0
1105   SER   0.139274   0
1106   LEU   0.470626   0
1107   GLY   0.165334   0
1109   ILE   -0.121853   0
1110   PHE   -0.271615   0
1111   LEU   0.134036   0
1112   VAL   -0.178632   0
1113   THR   -0.474103   0
1114   MET   -0.177688   0
1119   CYS   -0.0828804   0.131948
1120   GLU   0.102736   0.303472
1121   LEU   0.300828   0
1123   SER   0.0937344   0
1124   ALA   1.7995   0
1125   VAL   0.407475   0
1126   ILE   -0.093756   0
1127   MET   -0.72197   0
1129   ALA   -0.271932   0
1130   THR   -0.50707   0
1131   ILE   -0.462332   0
1161   CYS   0.179584   0.693635
1162   GLY   0.152548   0
1165   VAL   -0.00288407   0
1166   GLU   0.00540475   0.349335
1168   CYS   0.0397618   1.25151
1170   HIS   -0.0200001   -0.334603
1172   THR   -0.239462   0
1173   ARG   -0.0832064   -0.336204
1186   ARG   0.0135738   -0.127042
1206   LYS   -0.00880291   -0.23058
1229   TYR   0.0249423   0.122717
1236   GLY   0.0424007   0
1239   HIS   -0.0352124   -0.269562
1239   HID   0.332382   -0.436373
1259   LYS   -0.0018212   -0.205968
SITE:  CYS-1161
 628   TYR   0.0224612   0.116142
 688   GLU   -0.00776195   0.114242
 700   ASP   -0.0835074   0.386775
 737   LEU   0.0979339   0
 738   SER   0.142707   0
 739   SER   0.167348   0
 741   SER   0.182682   0
 742   GLU   0.0106365   0.904024
 744   VAL   -0.0840145   0
 749   GLY   -0.0458699   0
 758   HIS   0.0833293   -0.158268
 765   GLY   -0.00780215   0
 771   ASP   -0.0726607   0.223547
 825   TYR   -0.0177151   0.100045
1091   TYR   0.00191025   0.122887
1097   ASP   0.139469   0.312688
1098   THR   0.258706   0
1101   ASN   0.0507279   0
1102   LEU   0.314802   0
1103   GLY   0.0457732   0
1105   SER   -1.67186   0
1106   LEU   0.205492   0
1108   ALA   -0.258452   0
1109   ILE   -0.403942   0
1120   GLU   0.0263382   0.102726
1128   CYS   0.229547   0.693635
1131   ILE   -0.0162324   0
1134   VAL   -0.251379   0
1135   LEU   -0.253166   0
1137   ASN   -0.179621   0
1138   MET   -0.21728   0
1152   VAL   0.136569   0
1153   SER   0.179451   0
1154   LEU   0.315674   0
1155   VAL   0.331982   0
1156   ASN   0.339701   0
1157   LEU   1.03778   0
1158   VAL   2.61638   0
1159   MET   0.566217   0
1160   SER   -0.438941   0
1162   GLY   -0.514428   0
1163   ILE   -0.22193   0
1164   SER   -0.662512   0
1165   VAL   -0.245968   0
1166   GLU   -0.134305   0.726574
1168   CYS   -0.100232   0.898565
1169   SER   -0.16454   0
1170   HIS   -0.0601418   -0.356515
1173   ARG   -0.053795   -0.196016
1206   LYS   -0.0181806   -0.650548
1225   TYR   0.0882611   0.368123
1229   TYR   0.0554968   0.652981
1236   GLY   -0.0580147   0
1239   HIS   -0.0970183   -0.407468
1239   HID   0.176963   -0.441719
SITE:  GLU-1166
 332   GLU   -0.00119261   0.186055
 346   CYS   -0.034175   0.111862
 628   TYR   0.0703674   0.298325
 634   TYR   -0.149676   0.397303
 641   HIS   -0.0190671   -0.143372
 653   LYS   0.0283866   -0.163782
 660   GLY   0.093667   0
 670   CYS   -0.0516808   0.144417
 688   GLU   0.0252554   0.168777
 689   VAL   0.103609   0
 690   ILE   0.157416   0
 691   PRO   0.142841   0
 693   LEU   0.298102   0
 694   VAL   0.199781   0
 695   LEU   0.197602   0
 696   ALA   0.534723   0
 697   VAL   0.111378   0
 698   GLY   0.0426583   0
 699   VAL   -0.179195   0
 700   ASP   -1.12731   2.90226
 701   ASN   -0.155035   0
 703   PHE   -0.219716   0
 704   ILE   -0.210371   0
 707   GLN   -0.177   0
 711   ARG   -0.0779551   -0.20061
 712   ASP   -0.0195993   0.124855
 730   GLU   -0.0259202   0.189049
 731   VAL   0.0904987   0
 733   PRO   0.041988   0
 734   SER   0.0755866   0
 735   MET   0.2183   0
 738   SER   -0.27783   0
 741   SER   -0.350772   0
 742   GLU   -0.0714832   2.57001
 743   THR   -0.158127   0
 765   GLY   0.0803736   0
 768   VAL   0.0637381   0
 771   ASP   -0.16359   0.805315
 778   CYS   -0.0500931   0.138053
 786   ASP   -0.0167387   0.104042
 825   TYR   -0.0487582   0.274216
1120   GLU   0.0406586   0.16637
1128   CYS   0.0638403   0.349335
1155   VAL   0.092261   0
1156   ASN   0.214392   0
1157   LEU   0.126828   0
1158   VAL   0.108388   0
1159   MET   0.353554   0
1160   SER   0.253174   0
1161   CYS   0.190825   0.726574
1162   GLY   0.237904   0
1163   ILE   0.857286   0
1164   SER   -0.0556303   0
1165   VAL   -0.128376   0
1167   PHE   -0.113392   0
1168   CYS   -0.328938   1.39746
1169   SER   -0.562568   0
1170   HIS   -0.427411   -1.69587
1171   ILE   -0.157667   0
1172   THR   -0.191581   0
1173   ARG   -0.113783   -0.470755
1186   ARG   0.0163356   -0.106161
1189   GLU   0.00072522   0.121237
1193   HIS   0.0156992   -0.179201
1195   GLY   0.116337   0
1197   SER   -0.0488488   0
1198   VAL   0.20685   0
1201   GLY   -0.323586   0
1202   ILE   -0.545301   0
1203   THR   0.243294   0
1205   THR   -0.341472   0
1206   LYS   -0.0628292   -5.66402
1209   GLY   -0.176886   0
1225   TYR   0.0937825   0.268976
1229   TYR   0.185024   0.726574
1232   MET   0.0690212   0
1233   VAL   0.124714   0
1236   GLY   -0.140946   0
1239   HIS   -0.133171   -0.458137
1239   HID   0.46688   -0.886359
1240   GLY   -0.153298   0
1245   PRO   -0.0382782   0
1259   LYS   0.00127205   -0.17353
1267   TYR   -0.00355065   0.117042
1272   ARG   0.0043979   -0.106931
SITE:  CYS-1168
 332   GLU   -0.0043066   0.284998
 634   TYR   -0.0405404   0.143373
 697   VAL   0.0382068   0
 700   ASP   -0.049858   0.790196
 711   ARG   -0.0423552   -0.182616
 712   ASP   -0.0166821   0.102907
 730   GLU   -0.00201641   0.199919
 731   VAL   0.0932466   0
 733   PRO   0.103773   0
 734   SER   0.145941   0
 735   MET   0.130713   0
 737   LEU   0.0170244   0
 738   SER   0.287452   0
 741   SER   -0.217604   0
 742   GLU   -0.0220534   1.14256
 771   ASP   -0.0447071   0.250421
 825   TYR   -0.0913342   0.347459
 835   ARG   0.0411132   -0.130731
1109   ILE   0.0893846   0
1113   THR   0.251666   0
1117   LEU   -0.10905   0
1119   CYS   -0.0814992   0.1023
1120   GLU   0.112337   0.390952
1121   LEU   0.132532   0
1123   SER   0.127843   0
1124   ALA   0.335134   0
1125   VAL   0.10098   0
1126   ILE   0.00334676   0
1127   MET   0.724016   0
1128   CYS   0.224658   1.25151
1130   THR   -0.65504   0
1131   ILE   -0.240906   0
1133   MET   -0.19331   0
1134   VAL   -0.2946   0
1137   ASN   -0.20624   0
1157   LEU   0.146964   0
1158   VAL   0.166482   0
1159   MET   0.23632   0
1160   SER   0.246492   0
1161   CYS   0.443507   0.898565
1162   GLY   0.48018   0
1163   ILE   0.214919   0
1164   SER   1.16357   0
1165   VAL   1.50571   0
1166   GLU   0.232978   1.39746
1167   PHE   -0.223309   0
1169   SER   -0.824272   0
1170   HIS   -0.263674   -1.29707
1171   ILE   -0.613262   0
1172   THR   -0.808799   0
1173   ARG   -0.217988   -0.725016
1174   ALA   -0.168356   0
1175   PHE   -0.155421   0
1176   THR   -0.184326   0
1183   ARG   0.0281055   -0.10245
1186   ARG   0.0480081   -0.245791
1189   GLU   -0.0271696   0.17584
1193   HIS   -0.0409566   -0.196004
1195   GLY   0.0105601   0
1198   VAL   -0.0635171   0
1202   ILE   -0.138612   0
1206   LYS   -0.0604787   -0.822365
1225   TYR   0.0470377   0.125633
1229   TYR   0.085395   0.287884
1232   MET   0.131996   0
1233   VAL   0.153081   0
1235   LEU   0.0995186   0
1236   GLY   0.27355   0
1237   ALA   0.171882   0
1239   HIS   -0.210424   -0.856717
1239   HID   2.68124   -2.37328
1240   GLY   -0.0973399   0
1243   PHE   -0.16774   0
1244   LEU   -0.298953   0
1245   PRO   -0.0304159   0
1247   LEU   -0.186998   0
1248   LEU   -0.176589   0
1250   TYR   -0.055625   0.108841
1252   GLY   -0.156015   0
1253   PRO   -0.000952965   0
1259   LYS   0.00174067   -0.336261
1267   TYR   -0.0069844   0.134941
1272   ARG   -0.00397591   -0.106027
SITE:  HIS-1170
 332   GLU   -0.04168   0.509879
 336   ARG   -0.124303   -0.208413
 346   CYS   -0.0530244   0.154013
 628   TYR   0.0368815   0.137255
 634   TYR   -0.0775397   0.283271
 641   HIS   -0.0187668   -0.189074
 653   LYS   0.0244164   -0.21582
 694   VAL   0.115132   0
 695   LEU   0.123538   0
 697   VAL   0.195849   0
 698   GLY   0.115268   0
 699   VAL   0.0232057   0
 700   ASP   0.293496   2.40536
 701   ASN   0.269718   0
 703   PHE   -0.165348   0
 704   ILE   -0.354284   0
 707   GLN   -0.226424   0
 709   TYR   -0.0568557   0.141511
 711   ARG   -0.17743   -0.49291
 712   ASP   -0.0538038   0.292651
 726   ARG   0.0365871   -0.207967
 727   VAL   0.107921   0
 728   LEU   0.142461   0
 729   GLY   0.0544276   0
 730   GLU   -0.0518538   0.540401
 731   VAL   0.376718   0
 732   ALA   0.218002   0
 733   PRO   0.01725   0
 734   SER   -0.778074   0
 735   MET   0.1594   0
 737   LEU   -0.38845   0
 738   SER   0.161678   0
 741   SER   -0.320669   0
 742   GLU   0.156366   1.42743
 768   VAL   0.0934057   0
 771   ASP   -0.0869652   0.530331
 778   CYS   -0.0364208   0.134615
 786   ASP   -0.0202625   0.12736
 814   GLU   -0.0715072   0.105353
 822   LYS   -0.00878479   -0.119347
 825   TYR   -0.0831416   0.276465
1120   GLU   0.0978856   0.362624
1128   CYS   0.0334812   0.334603
1161   CYS   0.114758   0.356515
1162   GLY   0.152735   0
1163   ILE   0.180841   0
1164   SER   0.0749068   0
1165   VAL   0.268708   0
1166   GLU   0.365118   1.69587
1167   PHE   0.22179   0
1168   CYS   -0.0192203   1.29707
1169   SER   -0.299223   0
1171   ILE   -0.313368   0
1172   THR   -0.317062   0
1173   ARG   -0.302207   -1.22862
1174   ALA   -0.231228   0
1176   THR   -0.208996   0
1180   LYS   0.010643   -0.112848
1186   ARG   0.0366367   -0.249527
1188   GLU   0.0346906   0.129341
1189   GLU   0.000373753   0.321113
1191   LEU   0.101893   0
1193   HIS   -0.0207868   -0.473723
1194   MET   0.0810126   0
1195   GLY   0.0864042   0
1197   SER   -0.409627   0
1198   VAL   -0.147695   0
1201   GLY   -0.31348   0
1202   ILE   -0.267352   0
1206   LYS   -0.050638   -0.934975
1225   TYR   0.0293235   0.10005
1229   TYR   0.0611288   0.239655
1236   GLY   0.030974   0
1239   HIS   -0.0243789   -0.28129
1239   HID   0.555253   -1.17233
1240   GLY   0.0140328   0
1245   PRO   -0.0390806   0
1259   LYS   0.00765603   -0.435843
1266   ARG   -0.0642328   -0.217405
1267   TYR   -0.0124239   0.325718
1272   ARG   -0.00443662   -0.281179
SITE:  ARG-1173
 324   CYS   0.036309   0.113426
 325   ASP   0.0603805   0.178049
 328   SER   0.190429   0
 331   PHE   -0.191649   0
 332   GLU   -0.168889   1.56971
 334   CYS   -0.0866366   0.174223
 335   LEU   -0.222272   0
 336   ARG   -0.349595   -0.456091
 337   ARG   0.0264018   -0.139632
 346   CYS   -0.0399391   0.117666
 653   LYS   0.00936225   -0.113745
 700   ASP   0.0435642   0.555726
 711   ARG   -0.136351   -0.382293
 712   ASP   -0.0493514   0.282144
 726   ARG   0.0739853   -0.230125
 727   VAL   0.137916   0
 728   LEU   0.177006   0
 729   GLY   0.206928   0
 730   GLU   0.127329   0.74905
 731   VAL   0.429286   0
 733   PRO   0.869242   0
 734   SER   1.52719   0
 736   PHE   -0.340584   0
 737   LEU   -0.471656   0
 742   GLU   0.0119912   0.552542
 771   ASP   -0.0132155   0.214056
 825   TYR   -0.0421163   0.123084
1109   ILE   0.113662   0
1112   VAL   0.0779807   0
1113   THR   0.318886   0
1114   MET   0.160635   0
1115   VAL   0.0853928   0
1116   LEU   0.700993   0
1117   LEU   0.0735135   0
1118   GLY   -0.0559056   0
1119   CYS   -0.17624   0.211353
1120   GLU   0.211942   0.934448
1128   CYS   0.0119526   0.336204
1161   CYS   0.063613   0.196016
1162   GLY   0.0799912   0
1165   VAL   0.0954658   0
1166   GLU   0.0550017   0.470755
1168   CYS   0.100162   0.725016
1169   SER   0.387613   0
1170   HIS   0.1992   -1.22862
1171   ILE   0.0767604   0
1174   ALA   -0.150089   0
1175   PHE   -0.180265   0
1176   THR   -0.517282   0
1177   VAL   -0.172037   0
1180   LYS   0.0142383   -0.118891
1183   ARG   0.0208699   -0.100464
1186   ARG   0.0100569   -0.375848
1188   GLU   0.0107784   0.113989
1189   GLU   -0.0378363   0.361172
1193   HIS   -0.0370647   -0.427691
1194   MET   -0.130973   0
1206   LYS   -0.0131109   -0.282899
1239   HIS   0.0111832   -0.13044
1239   HID   0.334421   -0.483571
1253   PRO   -0.0286641   0
1254   SER   0.157922   0
1259   LYS   0.0373183   -1.36814
1266   ARG   -0.0950245   -0.357209
1267   TYR   -0.0374196   0.470891
1272   ARG   -0.0237756   -0.312612
SITE:  LYS-1180
 332   GLU   -0.00228063   0.109043
 711   ARG   0.0323484   -0.234372
 712   ASP   -0.022723   0.115941
 730   GLU   0.00371931   0.17053
 814   GLU   -0.0122316   0.129394
 822   LYS   0.020515   -0.271252
 832   ASP   -0.000444967   0.121944
 835   ARG   -0.0243147   -0.128431
1170   HIS   0.0295835   -0.112848
1173   ARG   0.0269517   -0.118891
1178   SER   -0.174161   0
1181   GLY   -0.192908   0
1182   SER   0.193331   0
1183   ARG   0.0443308   -0.101469
1185   GLU   -0.139669   0.705154
1186   ARG   0.0856891   -0.378034
1188   GLU   0.330058   2.2333
1189   GLU   -0.28105   0.796038
1193   HIS   -0.0566915   -0.385704
1267   TYR   -0.00211945   0.181622
1272   ARG   0.0371026   -0.192839
1278   PHE   0.00650043   0.319768
SITE:  ARG-1183
 294   ARG   -0.00890721   -0.120149
 317   ASP   0.0151462   0.20154
 325   ASP   0.0228594   0.200959
 832   ASP   0.0228701   0.11821
 835   ARG   0.0476469   -0.274918
1120   GLU   0.00455556   0.235364
1168   CYS   0.0213284   0.10245
1173   ARG   0.023429   -0.100464
1180   LYS   0.17627   -0.101469
1185   GLU   -0.0441889   0.250812
1186   ARG   0.034651   -0.768304
1188   GLU   -0.0319528   0.100412
1189   GLU   -0.0341294   0.120729
1248   LEU   0.286068   0
1250   TYR   0.348468   0.175733
1252   GLY   0.91083   0
1253   PRO   0.544844   0
1254   SER   0.28274   0
1257   LYS   -0.0174935   -0.184159
1259   LYS   -0.0272787   -0.163929
SITE:  GLU-1185
 294   ARG   0.0428463   -0.260664
 832   ASP   0.0159887   0.236137
 835   ARG   -0.0335299   -0.262395
1180   LYS   -0.110482   -0.705154
1181   GLY   -0.353982   0
1182   SER   -1.11099   0
1183   ARG   0.0013698   -0.250812
1184   VAL   -0.178926   0
1186   ARG   -0.117577   -0.557106
1187   ALA   -0.18189   0
1188   GLU   -0.134228   0.597294
1189   GLU   -0.181212   0.361491
1193   HIS   -0.036919   -0.145243
1250   TYR   0.0178695   0.128717
1278   PHE   0.00236337   0.21745
SITE:  ARG-1186
 317   ASP   0.0393291   0.223175
 324   CYS   -0.0502845   0.142363
 325   ASP   0.0297394   0.332574
 332   GLU   0.0453272   0.385583
 336   ARG   -0.0942895   -0.138829
 700   ASP   0.0140521   0.108043
 711   ARG   -0.0182735   -0.171685
 712   ASP   -0.017433   0.103512
 730   GLU   0.002968   0.232331
 825   TYR   -0.0362442   0.10951
 832   ASP   0.0156344   0.107599
 835   ARG   0.023323   -0.251006
1119   CYS   -0.0808997   0.103589
1120   GLU   0.112881   0.724189
1128   CYS   -0.0108455   0.127042
1166   GLU   0.0219622   0.106161
1168   CYS   0.0686571   0.245791
1170   HIS   0.0733328   -0.249527
1171   ILE   0.150647   0
1172   THR   0.389108   0
1173   ARG   0.157377   -0.375848
1175   PHE   1.19483   0
1176   THR   0.778247   0
1177   VAL   -0.114386   0
1178   SER   0.716554   0
1180   LYS   0.611401   -0.378034
1181   GLY   0.17485   0
1182   SER   0.409838   0
1183   ARG   0.0713475   -0.768304
1184   VAL   0.169587   0
1185   GLU   -0.355475   0.557106
1188   GLU   -0.142744   0.315977
1189   GLU   -0.16381   0.565252
1190   ALA   -0.17992   0
1193   HIS   -0.0663306   -0.261874
1239   HID   0.166713   -0.251002
1245   PRO   0.0965191   0
1248   LEU   0.0714766   0
1250   TYR   0.0120568   0.131847
1252   GLY   -0.414594   0
1253   PRO   1.12373   0
1254   SER   1.77073   0
1255   VAL   -0.303688   0
1256   ASN   -0.18678   0
1257   LYS   0.000571968   -0.249545
1259   LYS   -0.119485   -0.578733
1261   CYS   -0.00879812   0.136134
1264   GLU   -0.0312158   0.107905
1266   ARG   -0.0818216   -0.106116
1267   TYR   -0.0203277   0.206366
1272   ARG   -0.00712099   -0.143885
1278   PHE   0.00587719   0.117783
SITE:  GLU-1188
 294   ARG   0.0274048   -0.130153
 711   ARG   0.0435915   -0.221405
 730   GLU   -0.00332993   0.135692
 814   GLU   -0.0103593   0.131128
 822   LYS   0.110974   -0.284235
 825   TYR   -0.0644594   0.151579
 827   PRO   -0.014522   0
 831   LYS   -0.00794558   -0.146824
 832   ASP   -0.0120954   0.189078
 835   ARG   -0.0484545   -0.205111
1170   HIS   0.0262504   -0.129341
1173   ARG   0.0149393   -0.113989
1180   LYS   -0.0383368   -2.2333
1182   SER   0.141987   0
1183   ARG   0.0649138   -0.100412
1184   VAL   0.283816   0
1185   GLU   0.206923   0.597294
1186   ARG   0.108344   -0.315977
1189   GLU   -0.629763   0.669149
1191   LEU   -0.187584   0
1192   ALA   -0.190893   0
1193   HIS   -0.0815729   -0.359165
1239   HID   0.0636683   -0.140267
1245   PRO   0.0325075   0
1250   TYR   0.00359182   0.104886
1267   TYR   0.00344529   0.13326
1272   ARG   0.0221892   -0.145579
1278   PHE   0.00192285   0.194581
SITE:  GLU-1189
 332   GLU   -0.00653103   0.320706
 336   ARG   -0.140285   -0.18874
 700   ASP   0.0324625   0.154854
 711   ARG   0.0117444   -0.518692
 712   ASP   -0.0540544   0.282113
 713   GLU   0.00203195   0.117109
 726   ARG   -0.0123929   -0.199189
 730   GLU   -0.0222387   0.509064
 814   GLU   -0.0395337   0.17059
 822   LYS   -0.000820967   -0.307881
 825   TYR   -0.0657663   0.130718
 835   ARG   -0.00951697   -0.118397
1120   GLU   0.0549572   0.211743
1166   GLU   0.02253   0.121237
1168   CYS   0.0425819   0.17584
1170   HIS   0.107214   -0.321113
1171   ILE   0.131887   0
1173   ARG   0.0674369   -0.361172
1177   VAL   0.00510985   0
1178   SER   -1.78231   0
1179   MET   -0.323045   0
1180   LYS   -0.262615   -0.796038
1182   SER   0.214732   0
1183   ARG   0.0797482   -0.120729
1184   VAL   0.142231   0
1185   GLU   0.301725   0.361491
1186   ARG   0.0180926   -0.565252
1188   GLU   -0.30892   0.669149
1190   ALA   -0.224281   0
1192   ALA   -0.179468   0
1193   HIS   -0.33202   -1.03951
1239   HID   0.110003   -0.214245
1259   LYS   0.0117828   -0.265109
1264   GLU   -0.0280594   0.131965
1266   ARG   -0.14492   -0.209379
1267   TYR   -0.00392749   0.529368
1272   ARG   0.0187507   -0.443454
1278   PHE   0.000251483   0.297958
SITE:  HIS-1193
 332   GLU   -0.00820502   0.355992
 336   ARG   -0.149874   -0.218822
 641   HIS   -0.0260396   -0.186968
 643   LYS   -0.00143734   -0.105146
 653   LYS   0.00559308   -0.148216
 700   ASP   0.0648522   0.250163
 704   ILE   0.0871613   0
 709   TYR   0.0301764   0.146122
 711   ARG   -0.140599   -2.14822
 712   ASP   -0.118583   0.519944
 713   GLU   0.0124648   0.198268
 718   GLU   0.000863069   0.119695
 726   ARG   -0.00558304   -0.320279
 730   GLU   -0.0347925   0.729462
 742   GLU   0.0066106   0.140031
 814   GLU   -0.116173   0.27486
 822   LYS   -0.0478245   -0.43408
 825   TYR   -0.080859   0.13923
1120   GLU   0.0502063   0.180349
1166   GLU   0.0281077   0.179201
1168   CYS   0.0376123   0.196004
1170   HIS   0.117294   -0.473723
1173   ARG   0.0325766   -0.427691
1177   VAL   0.0422596   0
1179   MET   -0.167605   0
1180   LYS   -0.0352435   -0.385704
1185   GLU   0.0742354   0.145243
1186   ARG   0.0390369   -0.261874
1188   GLU   0.0685283   0.359165
1189   GLU   0.142016   1.03951
1190   ALA   0.266395   0
1191   LEU   0.0897699   0
1194   MET   -0.279386   0
1195   GLY   -0.106251   0
1196   SER   -0.25981   0
1206   LYS   -0.0117845   -0.114407
1239   HID   0.100407   -0.232787
1259   LYS   0.0196044   -0.259477
1266   ARG   -0.148066   -0.273309
1267   TYR   0.00199663   0.642403
1271   GLU   -0.00769944   0.100695
1272   ARG   0.094802   -0.710656
1278   PHE   0.00327334   0.180617
SITE:  LYS-1206
 332   GLU   -0.00381298   0.113019
 620   ASP   0.0438402   0.146543
 628   TYR   0.123055   0.396536
 634   TYR   -0.177543   0.456564
 641   HIS   -0.0140252   -0.127522
 653   LYS   0.0268085   -0.140058
 660   GLY   0.0931086   0
 670   CYS   -0.0490749   0.13916
 688   GLU   0.0547782   0.250728
 689   VAL   0.170657   0
 690   ILE   0.225269   0
 691   PRO   0.188007   0
 692   PHE   0.199253   0
 693   LEU   0.424612   0
 694   VAL   0.175358   0
 695   LEU   0.119304   0
 696   ALA   0.668898   0
 697   VAL   0.128933   0
 698   GLY   -0.0605458   0
 699   VAL   -0.265554   0
 700   ASP   -0.790806   1.88588
 703   PHE   -0.191039   0
 704   ILE   -0.145859   0
 711   ARG   -0.0531522   -0.136979
 730   GLU   -0.00901143   0.122367
 735   MET   0.155984   0
 738   SER   -0.161859   0
 741   SER   -0.211462   0
 742   GLU   -0.206624   1.59952
 765   GLY   0.0601881   0
 768   VAL   -0.000919939   0
 771   ASP   -0.175911   0.707023
 778   CYS   -0.0393592   0.117236
 825   TYR   -0.0339715   0.220058
1128   CYS   0.060209   0.23058
1155   VAL   0.102207   0
1156   ASN   0.265372   0
1157   LEU   0.146521   0
1158   VAL   0.0825362   0
1159   MET   0.378929   0
1160   SER   0.23407   0
1161   CYS   0.0929531   0.650548
1162   GLY   0.00022003   0
1163   ILE   0.376024   0
1164   SER   -0.124449   0
1165   VAL   -0.148987   0
1166   GLU   1.6331   5.66402
1168   CYS   -0.14501   0.822365
1169   SER   -0.283448   0
1170   HIS   -0.205072   -0.934975
1173   ARG   -0.0498406   -0.282899
1193   HIS   0.0155878   -0.114407
1195   GLY   0.0952745   0
1197   SER   0.0228299   0
1198   VAL   0.254824   0
1201   GLY   -0.127287   0
1202   ILE   -0.102447   0
1203   THR   0.373001   0
1205   THR   -0.42573   0
1208   GLY   -0.182232   0
1209   GLY   -0.366048   0
1210   ILE   -0.168303   0
1225   TYR   0.137259   0.369003
1227   ARG   0.014406   -0.112057
1229   TYR   0.303862   1.10392
1230   LEU   0.146099   0
1232   MET   -0.037994   0
1233   VAL   0.00464089   0
1236   GLY   -0.250848   0
1239   HIS   -0.104295   -0.397645
1239   HID   0.268458   -0.589665
1240   GLY   -0.119642   0
1259   LYS   0.00268721   -0.105519
SITE:  LYS-1217
 592   LYS   0.000201989   -0.115822
 611   ASP   -0.00540273   0.10278
 612   GLU   0.08985   0.240497
 615   ARG   -0.29238   -0.491062
 616   GLU   0.312174   1.03901
 618   ASP   -0.051195   0.119793
 620   ASP   0.0305052   0.61014
 688   GLU   -0.0319345   0.162356
 867   PRO   -0.195015   0
 868   ASP   -0.190005   0.251152
 869   ASP   0.214184   0.789181
 871   TYR   -0.0117563   0.117807
1218   SER   -0.318581   0
1225   TYR   -0.0326128   0.103962
SITE:  TYR-1225
 374   THR   0.123636   0
 375   THR   0.0769724   0
 377   PRO   0.0823535   0
 379   ASP   -0.0515963   0.168622
 380   LEU   0.11461   0
 389   ARG   0.0279448   -0.139137
 392   LYS   -0.014993   -0.100687
 404   ARG   -0.00986302   -0.105033
 606   GLU   0.0283093   0.164728
 610   GLU   -0.0136991   0.218666
 611   ASP   -0.0138654   0.113742
 612   GLU   -0.0315618   0.177446
 615   ARG   -0.0758908   -0.115171
 616   GLU   -0.18018   0.297938
 618   ASP   -0.0302768   0.144491
 620   ASP   0.108784   0.56465
 628   TYR   0.0271986   0.250025
 681   PRO   0.0943433   0
 683   THR   -0.0432752   0
 685   ILE   -0.0440196   0
 686   VAL   -0.0218827   0
 688   GLU   -0.301229   0.64871
 689   VAL   -0.250244   0
 690   ILE   0.0475546   0
 691   PRO   0.000186162   0
 693   LEU   -0.132706   0
 700   ASP   -0.0502108   0.165627
 742   GLU   0.00680605   0.254804
 749   GLY   0.00914076   0
 755   PRO   0.011078   0
 757   VAL   0.0315822   0
 758   HIS   0.0908867   -0.271339
 759   THR   -0.237784   0
 760   PHE   -0.0700943   0
 771   ASP   -0.0545824   0.175312
 857   ASP   0.0436805   0.116032
 859   GLY   0.0419   0
 861   ASP   -0.0436839   0.242123
 875   TYR   -0.0221196   0.140428
1081   TYR   -0.00498021   0.116987
1088   TYR   0.00695579   0.398201
1089   GLU   -0.0399261   0.126508
1091   TYR   -0.0245717   0.574112
1097   ASP   0.0523628   0.317026
1101   ASN   -0.196355   0
1148   SER   0.134539   0
1150   ASN   0.305934   0
1152   VAL   0.0949725   0
1153   SER   0.274199   0
1155   VAL   -0.278905   0
1156   ASN   -0.297399   0
1158   VAL   -0.136428   0
1159   MET   -0.288263   0
1161   CYS   -0.0736547   0.368123
1166   GLU   -0.00231647   0.268976
1168   CYS   -0.0185757   0.125633
1170   HIS   -0.0185597   -0.10005
1206   LYS   0.030283   -0.369003
1217   LYS   -0.0540196   -0.103962
1220   ILE   0.0373738   0
1224   PHE   -0.318916   0
1227   ARG   -0.158177   -0.208321
1228   MET   -0.25533   0
1229   TYR   -0.460084   2.15489
SITE:  ARG-1227
 620   ASP   0.0395088   0.163019
 688   GLU   -0.0196402   0.112419
 857   ASP   -0.00681622   0.153579
 861   ASP   0.0109269   0.290478
 868   ASP   -0.000510171   0.194326
1091   TYR   -0.00324414   0.106234
1145   TRP   0.450473   0
1146   GLY   0.100307   0
1206   LYS   0.0166173   -0.112057
1219   GLN   0.219016   0
1220   ILE   0.14973   0
1222   GLN   0.703782   0
1223   ILE   0.116984   0
1224   PHE   0.159054   0
1225   TYR   0.0514686   0.208321
1228   MET   -0.221488   0
1229   TYR   -0.123961   0.271975
SITE:  TYR-1229
 616   GLU   -0.0555642   0.174162
 620   ASP   0.125017   0.468056
 628   TYR   0.0734062   0.418761
 634   TYR   -0.072691   0.150488
 670   CYS   -0.0437326   0.127716
 685   ILE   0.135052   0
 686   VAL   0.143218   0
 688   GLU   -0.0691953   0.689073
 689   VAL   0.530298   0
 690   ILE   0.313558   0
 691   PRO   0.07206   0
 692   PHE   -0.206868   0
 693   LEU   -0.233551   0
 694   VAL   -0.0546714   0
 696   ALA   -0.208468   0
 697   VAL   -0.0839278   0
 700   ASP   -0.138546   0.431672
 742   GLU   -0.0541296   0.564965
 749   GLY   -0.0609934   0
 757   VAL   0.0946885   0
 758   HIS   0.110797   -0.185931
 761   SER   0.153274   0
 765   GLY   -0.00787142   0
 771   ASP   -0.102068   0.358731
 861   ASP   -0.00726339   0.145203
1088   TYR   0.010121   0.173741
1091   TYR   0.00124369   0.269679
1097   ASP   0.044962   0.228838
1128   CYS   0.029321   0.122717
1138   MET   -0.132451   0
1142   MET   -0.136138   0
1148   SER   0.128998   0
1150   ASN   0.246244   0
1152   VAL   0.362342   0
1153   SER   0.341178   0
1154   LEU   0.102839   0
1155   VAL   -0.0249394   0
1156   ASN   1.46175   0
1157   LEU   0.0953112   0
1158   VAL   -0.088458   0
1159   MET   -0.759036   0
1161   CYS   -0.0927505   0.652981
1162   GLY   -0.178765   0
1163   ILE   -0.14612   0
1166   GLU   0.0171856   0.726574
1168   CYS   -0.0433777   0.287884
1170   HIS   -0.04852   -0.239655
1202   ILE   0.0836229   0
1206   LYS   0.0445141   -1.10392
1209   GLY   -0.230616   0
1210   ILE   -0.0498311   0
1213   LEU   -0.117551   0
1220   ILE   0.158358   0
1221   PHE   0.192319   0
1225   TYR   -0.300829   2.15489
1226   PHE   0.175201   0
1227   ARG   -0.134007   -0.271975
1228   MET   -0.305478   0
1231   ALA   -0.16016   0
1233   VAL   -0.0978346   0
1236   GLY   -0.118588   0
1239   HIS   -0.0359528   -0.207956
1239   HID   0.0390412   -0.22052
SITE:  HIS-1239
 276   TYR   -0.0228112   0.174439
 700   ASP   -0.0294312   0.246007
 742   GLU   -0.0237192   0.284368
 825   TYR   -0.0451753   0.426383
 835   ARG   0.0706858   -0.121907
 838   VAL   0.131487   0
 839   ILE   0.121816   0
 842   PHE   0.2618   0
 845   VAL   -0.241082   0
 849   SER   -0.16205   0
1126   ILE   0.115998   0
1127   MET   0.222091   0
1128   CYS   0.115677   0.269562
1130   THR   0.367418   0
1131   ILE   0.21509   0
1133   MET   -0.441719   0
1134   VAL   0.0018082   0
1137   ASN   -1.7851   0
1160   SER   0.130733   0
1161   CYS   0.0731523   0.407468
1162   GLY   0.0714869   0
1164   SER   0.219554   0
1165   VAL   0.0697364   0
1166   GLU   -0.0369621   0.458137
1168   CYS   -0.115563   0.856717
1170   HIS   -0.0722372   -0.28129
1173   ARG   -0.0307506   -0.13044
1206   LYS   -0.0449764   -0.397645
1229   TYR   0.0785229   0.207956
1231   ALA   0.168417   0
1232   MET   0.142342   0
1233   VAL   0.184057   0
1234   LEU   0.310827   0
1235   LEU   1.54515   0
1236   GLY   0.554366   0
1238   THR   0.520674   0
1239   HID   -11.7742   -7.0122
1240   GLY   0.372476   0
1242   ILE   -0.334518   0
1243   PHE   -0.316864   0
1244   LEU   -0.20824   0
1245   PRO   -0.0721892   0
1250   TYR   -0.0371391   0.135783
SITE:  HID-1239
 332   GLU   -0.0111831   0.208237
 634   TYR   -0.0374515   0.156023
 700   ASP   0.0011136   0.602913
 711   ARG   -0.0492841   -0.206134
 712   ASP   -0.0144744   0.102139
 730   GLU   -0.000759125   0.185807
 742   GLU   -0.00573943   0.561015
 771   ASP   -0.026168   0.156706
 825   TYR   -0.150586   0.590442
 835   ARG   0.0491268   -0.176901
1120   GLU   0.0727476   0.254011
1123   SER   0.0752962   0
1126   ILE   0.0265032   0
1127   MET   0.341362   0
1128   CYS   0.0802792   0.436373
1131   ILE   0.0422276   0
1133   MET   -0.162958   0
1134   VAL   -0.121728   0
1137   ASN   -0.492868   0
1160   SER   0.146813   0
1161   CYS   0.143938   0.441719
1162   GLY   0.142757   0
1163   ILE   0.120844   0
1164   SER   0.394813   0
1165   VAL   0.360405   0
1166   GLU   0.206056   0.886359
1167   PHE   1.06864   0
1168   CYS   -0.228663   2.37328
1169   SER   0.0928265   0
1170   HIS   -0.564764   -1.17233
1171   ILE   -1.92653   0
1172   THR   -0.400138   0
1173   ARG   -0.173786   -0.483571
1174   ALA   -0.259978   0
1175   PHE   -0.180521   0
1186   ARG   0.0635346   -0.251002
1188   GLU   0.0337473   0.140267
1189   GLU   -0.0108075   0.214245
1191   LEU   0.0383521   0
1193   HIS   -0.0917509   -0.232787
1194   MET   -0.198604   0
1195   GLY   -0.0262783   0
1198   VAL   -0.169824   0
1206   LYS   -0.0595655   -0.589665
1229   TYR   0.0890158   0.22052
1232   MET   0.125315   0
1233   VAL   0.181457   0
1234   LEU   0.186019   0
1235   LEU   0.856536   0
1236   GLY   0.54446   0
1237   ALA   0.250812   0
1238   THR   0.195024   0
1239   HIS   -2.38536   -7.0122
1240   GLY   -0.412644   0
1241   LEU   -0.0043526   0
1243   PHE   -0.27894   0
1244   LEU   -0.158613   0
1245   PRO   -0.116232   0
1247   LEU   -0.200054   0
1248   LEU   -0.233463   0
1250   TYR   -0.0598916   0.146763
1253   PRO   0.039243   0
1259   LYS   0.001459   -0.228618
1267   TYR   -0.00488181   0.127487
1272   ARG   0.00186761   -0.106258
SITE:  TYR-1250
 276   TYR   0.000442203   0.143363
 283   PHE   -0.0480196   0
 294   ARG   -0.193333   -0.258711
 825   TYR   0.00879124   0.136008
 829   LEU   0.193005   0
 831   LYS   0.295788   -0.127943
 832   ASP   0.220878   0.734617
 835   ARG   -0.170189   -1.47016
 836   PRO   0.164613   0
 838   VAL   -0.202366   0
 839   ILE   -0.353184   0
1168   CYS   0.00939665   0.108841
1183   ARG   -0.0901003   -0.175733
1185   GLU   0.0162839   0.128717
1186   ARG   -0.00695986   -0.131847
1188   GLU   -0.0196452   0.104886
1239   HIS   0.0580506   -0.135783
1239   HID   0.0377786   -0.146763
1242   ILE   0.119952   0
1243   PHE   0.168283   0
1245   PRO   0.0643982   0
1246   VAL   0.19517   0
1247   LEU   0.121297   0
SITE:  LYS-1257
 317   ASP   1.29492   1.9342
 318   LYS   -0.143223   -0.16167
 319   GLY   0.996282   0
 320   GLU   0.0679619   0.197408
 325   ASP   0.0023594   0.364892
 332   GLU   0.00567308   0.102358
1120   GLU   -0.00233944   0.189341
1183   ARG   0.0450137   -0.184159
1186   ARG   0.00134088   -0.249545
1255   VAL   0.0904958   0
1256   ASN   0.137221   0
1258   ALA   -0.17444   0
1259   LYS   -0.075879   -0.177588
1260   SER   -0.18861   0
1261   CYS   -0.0568246   0.323923
1264   GLU   -0.0212782   0.150373
SITE:  LYS-1259
 324   CYS   0.0710465   0.303764
 325   ASP   0.208312   0.594481
 326   PRO   0.113248   0
 328   SER   0.405066   0
 331   PHE   -0.334388   0
 332   GLU   0.834032   3.24827
 333   GLY   -0.0741858   0
 334   CYS   -0.132003   0.173628
 335   LEU   -0.183031   0
 336   ARG   -0.323694   -0.494115
 337   ARG   0.0135696   -0.141501
 700   ASP   0.0202374   0.194097
 711   ARG   -0.0639199   -0.216356
 712   ASP   -0.0261056   0.157764
 726   ARG   0.0357251   -0.137657
 729   GLY   0.128847   0
 730   GLU   0.0507753   0.456033
 731   VAL   0.0819697   0
 733   PRO   0.00930811   0
 742   GLU   0.00190506   0.196686
1113   THR   0.229952   0
1114   MET   0.267071   0
1115   VAL   0.177935   0
1116   LEU   0.339616   0
1117   LEU   1.72621   0
1118   GLY   -0.232304   0
1119   CYS   -0.459328   0.399895
1120   GLU   1.28732   4.09115
1128   CYS   -0.00330404   0.205968
1166   GLU   0.0268806   0.17353
1168   CYS   0.059719   0.336261
1169   SER   0.197981   0
1170   HIS   0.114282   -0.435843
1172   THR   0.185684   0
1173   ARG   -0.0260163   -1.36814
1176   THR   -0.668246   0
1177   VAL   -0.125432   0
1178   SER   0.163652   0
1183   ARG   0.0290819   -0.163929
1186   ARG   -0.0630182   -0.578733
1189   GLU   -0.0172363   0.265109
1193   HIS   -0.0143504   -0.259477
1206   LYS   -0.00626266   -0.105519
1239   HID   0.163401   -0.228618
1253   PRO   -0.112132   0
1254   SER   0.347604   0
1256   ASN   -0.437008   0
1257   LYS   0.0677662   -0.177588
1258   ALA   -0.190378   0
1261   CYS   -0.0536466   0.237161
1264   GLU   -0.0406634   0.1244
1266   ARG   -0.127516   -0.258452
1267   TYR   -0.0440772   0.33652
1272   ARG   -0.0286809   -0.191554
SITE:  CYS-1261
 317   ASP   0.0907591   0.163681
 325   ASP   -0.0516134   0.196646
 332   GLU   -0.00798833   0.17169
 336   ARG   -0.021494   -0.179313
1120   GLU   0.0228356   0.132017
1186   ARG   -0.0240616   -0.136134
1256   ASN   0.287156   0
1257   LYS   1.28758   -0.323923
1258   ALA   0.327234   0
1259   LYS   0.00708106   -0.237161
1260   SER   -0.176303   0
1262   ALA   -0.237935   0
1263   THR   -0.284018   0
1264   GLU   -0.15618   0.563374
1265   GLU   -0.230858   0.331051
1267   TYR   -0.0543514   0.11075
1268   LYS   -0.0204179   -0.222104
SITE:  GLU-1264
 317   ASP   0.0379644   0.103594
 332   GLU   -0.00230242   0.131203
 336   ARG   -0.0211415   -0.162837
 730   GLU   0.0125559   0.128379
1186   ARG   -0.0254538   -0.107905
1189   GLU   0.0113544   0.131965
1257   LYS   0.0851326   -0.150373
1259   LYS   0.058017   -0.1244
1260   SER   0.270652   0
1261   CYS   0.316054   0.563374
1263   THR   -0.185341   0
1265   GLU   -0.810564   0.556614
1266   ARG   -0.263704   -0.137922
1267   TYR   -0.240576   0.182042
1268   LYS   -0.210542   -0.908174
1273   GLU   -0.03147   0.369808
1278   PHE   0.005887   0.109847
SITE:  GLU-1265
 332   GLU   -0.00410959   0.116893
 336   ARG   0.0463768   -0.258165
 337   ARG   -0.0081382   -0.108413
1261   CYS   0.289738   0.331051
1264   GLU   -0.223362   0.556614
1266   ARG   -0.121236   -0.296244
1267   TYR   -0.0947482   0.123756
1268   LYS   -0.042165   -0.594172
1273   GLU   -0.00775836   0.124938
SITE:  ARG-1266
 332   GLU   0.0147564   0.440298
 333   GLY   0.0517455   0
 334   CYS   0.0474356   0.118404
 336   ARG   0.0814556   -0.792265
 337   ARG   0.0742699   -0.264775
 341   ARG   -0.0532175   -0.126068
 700   ASP   0.0258236   0.125103
 709   TYR   0.00226615   0.116261
 711   ARG   -0.0865061   -0.26086
 712   ASP   -0.015726   0.409812
 713   GLU   0.0529626   0.103128
 718   GLU   0.0545052   0.395112
 721   ASP   0.021043   0.108773
 722   GLN   0.190352   0
 723   GLN   0.0717108   0
 724   LEU   0.128887   0
 725   GLY   0.156648   0
 726   ARG   0.497305   -0.711331
 727   VAL   0.165722   0
 729   GLY   -0.278202   0
 730   GLU   0.0892433   1.31731
 733   PRO   -0.0770037   0
1120   GLU   0.0355974   0.142041
1170   HIS   0.0424642   -0.217405
1173   ARG   0.0619352   -0.357209
1186   ARG   -0.0173047   -0.106116
1189   GLU   0.00282576   0.209379
1193   HIS   0.00980299   -0.273309
1259   LYS   0.0450698   -0.258452
1264   GLU   0.0586338   0.137922
1265   GLU   -0.33094   0.296244
1267   TYR   -0.225826   1.03192
1268   LYS   0.0374082   -0.108935
1272   ARG   -0.162733   -0.360483
1273   GLU   -0.0074744   0.102341
SITE:  TYR-1267
 332   GLU   -0.0261188   0.542701
 336   ARG   -0.23117   -0.477698
 337   ARG   0.025288   -0.110556
 641   HIS   -0.00632071   -0.103991
 653   LYS   0.00690184   -0.114146
 700   ASP   0.03908   0.170064
 709   TYR   0.035753   0.140816
 711   ARG   -0.100517   -0.544453
 712   ASP   -0.0556723   0.646362
 713   GLU   0.081082   0.190298
 718   GLU   0.0456485   0.318485
 726   ARG   -0.205256   -0.735949
 727   VAL   0.0765619   0
 730   GLU   0.93051   2.20158
 733   PRO   -0.0849601   0
 742   GLU   0.00537776   0.108435
 814   GLU   -0.0618176   0.13023
 822   LYS   -0.014956   -0.176061
1120   GLU   0.0530408   0.20102
1166   GLU   0.0153687   0.117042
1168   CYS   0.0212798   0.134941
1170   HIS   0.0868516   -0.325718
1173   ARG   0.0900347   -0.470891
1177   VAL   0.0782457   0
1179   MET   -0.162716   0
1180   LYS   -0.0224712   -0.181622
1186   ARG   -0.0377858   -0.206366
1188   GLU   0.000762985   0.13326
1189   GLU   -0.00697958   0.529368
1193   HIS   -0.0212072   -0.642403
1239   HID   0.066236   -0.127487
1259   LYS   0.0684396   -0.33652
1261   CYS   0.0492685   0.11075
1263   THR   0.274552   0
1264   GLU   0.036293   0.182042
1265   GLU   -0.0698307   0.123756
1266   ARG   -0.619575   -1.03192
1271   GLU   -0.0625145   0.138413
1272   ARG   -1.2959   -1.08196
1273   GLU   -0.0168008   0.155428
1278   PHE   -0.000446468   0.129805
SITE:  LYS-1268
1261   CYS   0.0811246   0.222104
1264   GLU   0.42213   0.908174
1265   GLU   -0.234382   0.594172
1266   ARG   -0.0731475   -0.108935
1269   GLY   -0.203832   0
1273   GLU   -0.0037098   0.368102
SITE:  GLU-1271
 712   ASP   -0.0221071   0.145921
 713   GLU   0.000162006   0.175477
 714   ARG   0.0570451   -0.128862
 726   ARG   0.00544645   -0.14135
1193   HIS   -0.00102154   -0.100695
1267   TYR   0.0871011   0.138413
1272   ARG   -0.0490386   -0.343138
1273   GLU   -0.114418   0.206751
1274   ARG   -0.971345   -0.516607
SITE:  ARG-1272
 332   GLU   -0.0149418   0.283156
 336   ARG   -0.11084   -0.200246
 641   HIS   -0.0105576   -0.152682
 643   LYS   -0.00826066   -0.113485
 653   LYS   0.00624462   -0.147862
 700   ASP   0.0402703   0.157483
 709   TYR   0.0676251   0.201911
 711   ARG   0.00716763   -0.700842
 712   ASP   -0.120302   1.06917
 713   GLU   0.120941   0.365667
 714   ARG   -0.00883041   -0.160304
 718   GLU   0.0216493   0.280824
 723   GLN   -0.0874079   0
 726   ARG   -0.0644744   -0.73468
 727   VAL   0.0105925   0
 730   GLU   0.0757608   0.84371
 814   GLU   -0.0900269   0.222773
 822   LYS   -0.025267   -0.274071
1120   GLU   0.0354026   0.122619
1166   GLU   0.0124436   0.106931
1168   CYS   0.0145496   0.106027
1170   HIS   0.0677596   -0.281179
1173   ARG   0.0313887   -0.312612
1180   LYS   -0.0245402   -0.192839
1186   ARG   -0.00581917   -0.143885
1188   GLU   0.0115122   0.145579
1189   GLU   0.0204391   0.443454
1193   HIS   -0.0163677   -0.710656
1239   HID   0.0520984   -0.106258
1259   LYS   0.0244562   -0.191554
1266   ARG   -0.122483   -0.360483
1267   TYR   0.276272   1.08196
1271   GLU   -0.320604   0.343138
1273   GLU   -0.203964   0.173821
1278   PHE   0.00220377   0.134431
SITE:  GLU-1273
1264   GLU   0.0414731   0.369808
1265   GLU   -0.0426578   0.124938
1266   ARG   -0.107524   -0.102341
1267   TYR   0.196079   0.155428
1268   LYS   -0.826494   -0.368102
1269   GLY   -0.795092   0
1270   THR   0.348344   0
1271   GLU   -0.00425891   0.206751
1272   ARG   0.028568   -0.173821
1274   ARG   0.0158362   -0.497476
1276   LEU   -0.168715   0
1277   ASN   -0.270079   0
SITE:  ARG-1274
1271   GLU   0.116843   0.516607
1273   GLU   -0.348531   0.497476
SITE:  CTphe-1278
 711   ARG   0.0202584   -0.123584
 730   GLU   0.00109779   0.104338
 822   LYS   -0.00243536   -0.136542
1180   LYS   -0.107483   -0.319768
1185   GLU   -0.040274   0.21745
1186   ARG   -0.0224817   -0.117783
1188   GLU   0.00918823   0.194581
1189   GLU   0.0294258   0.297958
1193   HIS   -0.0197477   -0.180617
1264   GLU   -0.0289986   0.109847
1267   TYR   -0.00224156   0.129805
1272   ARG   0.0308111   -0.134431
1274   ARG   0.120705   -0.063259
