default_name
 19832
 128.9070000 153.5120000 225.9690000 129.4680000 154.2020000 225.9260000
 129.3580000 152.7540000 226.0860000 128.3670000 153.6380000 226.6650000
 128.0870000 153.4510000 224.7410000 127.4030000 154.1380000 224.7810000
 128.9010000 153.6430000 223.4450000 129.5690000 152.9430000 223.3750000
 128.2900000 153.5390000 222.6980000 129.5730000 155.0180000 223.2920000
 129.7860000 155.1470000 222.3540000 128.9600000 155.7230000 223.5540000
 130.8640000 155.1380000 224.0900000 130.8310000 155.2850000 225.2970000
 131.9360000 154.5670000 223.5880000 132.6410000 154.5930000 224.0790000
 131.9720000 154.4010000 222.7450000 127.3940000 152.1010000 224.7150000
 127.8390000 151.1960000 225.4190000 126.2890000 151.9980000 223.9900000
 126.0240000 152.6570000 223.5060000 125.4880000 150.7830000 223.8490000
 126.0730000 150.0210000 223.7180000 124.6660000 150.5590000 225.1310000
 125.2720000 150.4560000 225.8810000 124.1570000 149.7370000 225.0520000
 123.7970000 151.6390000 225.4010000 123.3670000 151.4780000 226.1050000
 124.6160000 150.9090000 222.5930000 124.9710000 151.6600000 221.6790000
 123.5220000 150.1520000 222.5450000 123.2920000 149.7080000 223.2450000
 122.5060000 150.2150000 221.5020000 122.6390000 151.0010000 220.9500000
 122.6410000 148.9740000 220.6070000 122.0570000 149.0680000 219.8380000
 122.3630000 148.1880000 221.1030000 124.3670000 148.7620000 220.0500000
 124.1710000 147.9380000 219.2000000 121.1180000 150.3460000 222.1550000
 120.9900000 150.2800000 223.3800000 120.0900000 150.5190000 221.3330000
 120.2590000 150.5680000 220.4910000 118.6710000 150.6400000 221.6880000
 118.5310000 150.2660000 222.5720000 118.2310000 152.1270000 221.7280000
 117.2620000 152.1620000 221.7300000 118.7070000 152.8490000 222.9920000
 118.5000000 153.7950000 222.9390000 118.2350000 152.4880000 223.7590000
 119.6620000 152.7340000 223.1180000 118.7230000 152.9580000 220.5400000
 119.6810000 153.0990000 220.5920000 118.2820000 153.8220000 220.5340000
 118.5270000 152.4930000 219.7110000 117.8230000 149.8050000 220.7070000
 118.3310000 149.2730000 219.7220000 116.5440000 149.6150000 221.0420000
 116.2710000 150.0470000 221.7340000 115.5150000 148.9270000 220.2360000
 114.7850000 148.8100000 220.8640000 114.9060000 149.8690000 219.1840000
 114.5730000 150.6370000 219.6740000 114.1360000 149.4280000 218.7920000
 115.7430000 150.4120000 218.0650000 116.4100000 151.5900000 218.1080000
 116.4300000 152.1580000 218.8440000 117.0350000 151.8180000 216.9040000
 117.5280000 152.5030000 216.7400000 116.7100000 150.8550000 215.9700000
 116.9980000 150.7160000 214.6140000 117.5260000 151.3430000 214.1750000
 116.4710000 149.6140000 213.9100000 116.6380000 149.5150000 213.0010000
 115.7000000 148.6610000 214.5980000 115.3710000 147.9220000 214.1390000
 115.4300000 148.8100000 215.9660000 114.9280000 148.1670000 216.4130000
 115.9140000 149.9220000 216.7000000 115.8170000 147.4760000 219.7750000
 115.6770000 147.1190000 218.6090000 116.1670000 146.5940000 220.7180000
 116.1650000 146.8600000 221.5360000 116.4780000 145.1770000 220.4580000
 116.9900000 145.1380000 219.6350000 117.3820000 144.6820000 221.6000000
 118.1530000 145.2680000 221.6600000 116.8840000 144.7650000 222.4280000
 117.8930000 143.2550000 221.5170000 118.3820000 142.7340000 220.3050000
 118.3850000 143.2500000 219.5310000 118.9260000 141.4380000 220.2600000
 119.2810000 141.1200000 219.4610000 118.9690000 140.6440000 221.4220000
 119.5080000 139.3970000 221.3840000 119.4870000 139.0410000 222.1450000
 118.4730000 141.1600000 222.6360000 118.4980000 140.6280000 223.3990000
 117.9450000 142.4660000 222.6850000 117.6270000 142.8100000 223.4880000
 115.2340000 144.2660000 220.2880000 114.4830000 144.0570000 221.2440000
 115.1850000 143.5150000 219.1770000 115.7270000 143.7150000 218.5400000
 114.2030000 142.4500000 218.8960000 114.1090000 141.8840000 219.6780000
 114.5390000 141.9000000 218.1710000 112.8100000 142.9650000 218.4970000
 112.4690000 144.1080000 218.7710000 111.9500000 142.1300000 217.9080000
 112.2720000 141.3720000 217.6590000 110.7810000 142.5880000 217.1280000
 110.6180000 143.5150000 217.3610000 111.1490000 142.6210000 215.6290000
 112.0140000 143.0540000 215.5580000 110.5200000 143.2120000 215.1860000
 111.2200000 141.3190000 214.8060000 110.3320000 141.1700000 214.4450000
 111.7990000 141.4730000 214.0430000 111.6580000 140.0370000 215.5340000
 112.6740000 140.0870000 216.2660000 111.0380000 138.9810000 215.2630000
 109.4350000 141.9250000 217.4940000 108.7230000 141.3600000 216.6650000
 109.0330000 142.0480000 218.7660000 109.5410000 142.4790000 219.3100000
 107.8060000 141.4180000 219.2760000 107.7940000 140.5110000 218.9320000
 107.8770000 141.3200000 220.8110000 107.2600000 140.6240000 221.0860000
 108.7740000 141.0650000 221.0780000 107.3780000 142.8500000 221.6620000
 108.4530000 143.3650000 221.7980000 106.4840000 142.0590000 218.7990000
 105.4440000 141.3900000 218.8440000 106.5050000 143.3250000 218.3670000
 107.2640000 143.7240000 218.2970000 105.3250000 144.0700000 217.9300000
 104.6110000 143.9400000 218.5740000 105.5430000 145.0150000 217.9080000
 104.8210000 143.6650000 216.5420000 105.5290000 143.0240000 215.7660000
 103.6320000 144.1420000 216.1660000 103.1710000 144.6140000 216.7170000
 103.0750000 143.9710000 214.8160000 103.8100000 144.0450000 214.1880000
 102.4760000 142.5500000 214.6640000 103.1160000 141.9290000 215.0450000
 101.1540000 142.3690000 215.4320000 100.8910000 141.4350000 215.4370000
 101.2630000 142.6580000 216.3510000 100.4480000 142.8930000 215.0210000
 102.3260000 142.1710000 213.1760000 101.5930000 142.6640000 212.7750000
 103.1440000 142.4050000 212.7100000 102.1110000 140.6670000 212.9670000
 102.1730000 140.4640000 212.0200000 102.7970000 140.1660000 213.4350000
 101.2350000 140.4020000 213.2890000 102.0840000 145.0960000 214.4850000
 101.3210000 145.5130000 215.3530000 102.1480000 145.6260000 213.2610000
 102.7500000 145.3230000 212.7270000 101.2570000 146.6770000 212.7640000
 100.8750000 147.1560000 213.5160000 102.0880000 147.6770000 211.9460000
 102.5060000 147.2370000 211.1900000 102.7810000 148.0540000 212.5100000
 101.5170000 148.3930000 211.6270000 100.0830000 146.0910000 211.9600000
  98.9310000 146.1800000 212.3750000 100.3850000 145.4460000 210.8300000
 101.2120000 145.4130000 210.5960000  99.4610000 144.6410000 210.0270000
  98.9970000 144.0270000 210.6180000  98.4080000 145.5130000 209.3150000
  97.8040000 145.8700000 209.9850000  97.8680000 144.9440000 208.7440000
  98.9370000 146.6680000 208.4820000  99.3050000 146.4690000 207.1360000
  99.2580000 145.6200000 206.7600000  99.7420000 147.5560000 206.3540000
  99.9850000 147.4230000 205.4660000  99.8140000 148.8460000 206.9230000
 100.2780000 149.8940000 206.1930000 100.1230000 150.6300000 206.5680000
  99.4590000 149.0430000 208.2730000  99.4930000 149.8980000 208.6380000
  99.0120000 147.9560000 209.0480000  98.7520000 148.0870000 209.9310000
 100.2500000 143.8050000 209.0100000 101.3780000 144.1450000 208.6490000
  99.6500000 142.7120000 208.5310000  98.8720000 142.5020000 208.8300000
 100.3400000 141.7460000 207.6780000  99.7250000 141.0590000 207.3770000
 100.6970000 142.2040000 206.9010000 101.4840000 141.0610000 208.4250000
 101.2950000 140.5200000 209.5100000 102.6740000 141.0990000 207.8420000
 102.7580000 141.5170000 207.0950000 103.9290000 140.6830000 208.4620000
 103.7800000 139.8680000 208.9670000 104.9420000 140.3880000 207.3390000
 104.6170000 139.6480000 206.8020000 105.7750000 140.0950000 207.7410000
 105.2110000 141.5970000 206.4160000 106.3630000 142.0750000 206.3800000
 104.2510000 142.2730000 205.9670000 104.5480000 141.7410000 209.4030000
 105.2610000 141.3630000 210.3320000 104.3380000 143.0390000 209.1310000
 103.7700000 143.2020000 208.5060000 105.2240000 144.1470000 209.5370000
 106.1140000 143.9460000 209.2070000 104.7170000 145.4430000 208.8790000
 103.7970000 145.5810000 209.1530000 105.2300000 146.1890000 209.2270000
 104.7640000 145.4700000 207.3360000 104.2300000 144.7380000 206.9900000
 104.3430000 146.2920000 207.0390000 106.1830000 145.4180000 206.7390000
 106.6610000 144.6410000 207.0680000 106.6620000 146.2140000 207.0180000
 106.1770000 145.3940000 205.2060000 105.5700000 146.0750000 204.8760000
 107.0690000 145.6260000 204.9040000 105.8290000 144.0650000 204.6610000
 105.0110000 143.8020000 204.8920000 105.9330000 144.0220000 203.7780000
 106.3150000 143.4310000 205.0540000 105.3320000 144.3240000 211.0580000
 104.3260000 144.5940000 211.7160000 106.5660000 144.3720000 211.5860000
 107.2270000 144.2270000 211.0550000 106.8690000 144.3610000 213.0360000
 106.0420000 144.2180000 213.5230000 107.7970000 143.1800000 213.3860000
 108.6560000 143.2910000 212.9490000 107.9360000 143.1560000 214.3460000
 107.1550000 141.8660000 212.9350000 107.1320000 141.8500000 211.9650000
 106.2470000 141.8350000 213.2740000 107.8970000 140.6090000 213.3770000
 108.7440000 140.5570000 212.9080000 108.0730000 140.6460000 214.3300000
 107.0820000 139.4310000 213.0520000 107.1710000 139.1250000 212.2530000
 106.0730000 138.9960000 213.7800000 105.8440000 139.4390000 214.9870000
 106.3840000 140.0280000 215.3050000 105.1630000 139.1930000 215.4500000
 105.2390000 138.1330000 213.2690000 105.3050000 137.9550000 212.4300000
 104.5280000 137.9230000 213.7060000 107.4570000 145.6700000 213.5610000
 108.4360000 146.1770000 213.0180000 106.9660000 146.1150000 214.7160000
 106.3640000 145.6330000 215.0960000 107.6390000 147.1230000 215.5440000
 108.0900000 147.7650000 214.9740000 106.6130000 147.8840000 216.3960000
 107.1030000 148.4770000 216.9870000 106.1530000 147.2390000 216.9560000
 105.5600000 148.7240000 215.6800000 105.6330000 149.0120000 214.3000000
 106.3340000 148.6900000 213.7800000 104.6600000 149.8270000 213.6920000
 104.7260000 150.0240000 212.7860000 103.5990000 150.3560000 214.4530000
 102.6790000 151.1580000 213.8540000 101.9630000 151.1590000 214.2930000
 103.5200000 150.0750000 215.8310000 102.8320000 150.4350000 216.3430000
 104.5030000 149.2700000 216.4370000 104.4610000 149.1160000 217.3530000
 108.7070000 146.4540000 216.4250000 108.5220000 145.3210000 216.8800000
 109.8410000 147.1310000 216.6260000 109.8650000 147.9590000 216.3940000
 110.9170000 146.6360000 217.4940000 110.9060000 145.6660000 217.4730000
 112.2960000 147.0590000 216.9550000 112.9590000 146.9350000 217.6520000
 112.2880000 147.9980000 216.7110000 112.7510000 146.2330000 215.7560000
 113.7320000 145.5060000 215.7930000 112.0100000 146.2180000 214.6750000
 112.2740000 145.7100000 214.0330000 111.2910000 146.6880000 214.6360000
 110.6760000 147.0270000 218.9630000 110.0680000 148.0540000 219.2360000
 111.1100000 146.2040000 219.9140000 111.6090000 145.5460000 219.6740000
 110.9790000 146.4550000 221.3500000 110.0880000 146.7880000 221.5380000
 111.2270000 145.1660000 222.1620000 112.1810000 145.0590000 222.3000000
 110.8110000 145.2660000 223.0330000 110.6240000 143.6560000 221.3520000
 111.4070000 143.7290000 220.4460000 112.0120000 147.5010000 221.7740000
 113.2030000 147.2740000 221.5800000 111.6260000 148.5350000 222.5150000
 110.7950000 148.6240000 222.7180000 112.5960000 149.3860000 223.1950000
 113.2400000 149.6690000 222.5270000 111.9610000 150.6660000 223.7610000
 111.3090000 151.0250000 223.1390000 111.5130000 150.4520000 224.5940000
 113.0640000 151.7140000 224.0000000 113.1870000 152.2300000 223.1880000
 113.9060000 151.2660000 224.1770000 112.7620000 152.6420000 225.1810000
 111.6320000 153.1800000 225.2240000 113.6640000 152.7450000 226.0520000
 113.3380000 148.5880000 224.2810000 112.7430000 148.0400000 225.2090000
 114.6640000 148.5530000 224.1700000 115.0190000 148.9320000 223.4850000
 115.5590000 147.9540000 225.1520000 115.1210000 147.9460000 226.0170000
 115.8740000 146.5030000 224.7700000 115.0530000 145.9870000 224.7790000
 116.2190000 146.4970000 223.8640000 116.8810000 145.8510000 225.7030000
 116.4960000 145.5130000 227.0140000 115.6170000 145.6530000 227.2830000
 117.4420000 144.9920000 227.9180000 117.1810000 144.7840000 228.7860000
 118.7800000 144.8040000 227.5070000 119.6930000 144.3250000 228.3940000
 120.3890000 144.0810000 227.9920000 119.1660000 145.1350000 226.1920000
 120.0500000 145.0240000 225.9260000 118.2160000 145.6600000 225.2940000
 118.4770000 145.9120000 224.4380000 116.8130000 148.8170000 225.2740000
 117.7900000 148.6400000 224.5470000 116.7200000 149.8530000 226.1030000
 115.9580000 150.0100000 226.4690000 117.7720000 150.8550000 226.3040000
 118.2060000 151.0090000 225.4500000 117.1230000 152.1820000 226.7320000
 116.6110000 152.0580000 227.5470000 117.8140000 152.8460000 226.8810000
 116.2750000 152.6290000 225.6850000 115.4640000 152.6130000 225.9030000
 118.8850000 150.3490000 227.2390000 119.0650000 150.8450000 228.3510000
 119.5090000 149.2260000 226.8570000 119.3300000 148.9390000 226.0670000
 120.4710000 148.4570000 227.6560000 120.6690000 148.9260000 228.4820000
 120.0600000 147.6090000 227.8840000 121.8010000 148.1690000 226.9360000
 122.0480000 148.6730000 225.8410000 122.7170000 147.3930000 227.5480000
 122.5860000 146.7360000 228.8400000 121.7130000 146.3260000 228.9460000
 122.7430000 147.3820000 229.5460000 123.6730000 145.6590000 228.8700000
 124.0070000 145.5100000 229.7680000 123.3250000 144.8340000 228.4970000
 124.7560000 146.2250000 227.9490000 125.3100000 145.5250000 227.5700000
 125.3010000 146.8590000 228.4400000 123.9480000 146.9680000 226.8810000
 124.4400000 147.7510000 226.5890000 123.6330000 146.0670000 225.6710000
 122.7410000 145.2200000 225.7720000 124.4200000 146.1340000 224.5800000
 125.6350000 146.9180000 224.4120000 125.3910000 147.8260000 224.1750000
 126.1860000 146.9070000 225.2100000 126.3910000 146.2760000 223.2480000
 126.9360000 145.5400000 223.5680000 126.9320000 146.9210000 222.7660000
 125.2520000 145.7400000 222.3860000 124.8880000 146.4710000 221.8630000
 125.5410000 145.0180000 221.8060000 124.2130000 145.2840000 223.4120000
 123.3240000 145.4310000 223.0530000 124.3690000 143.8050000 223.7810000
 125.2580000 143.4250000 224.5500000 123.4460000 142.9680000 223.2990000
 122.8470000 143.2810000 222.7670000 123.4850000 141.5200000 223.5100000
 123.9300000 141.3500000 224.3550000 122.0450000 140.9710000 223.5770000
 121.5080000 141.3870000 222.8850000 122.0540000 140.0200000 223.3840000
 121.3640000 141.1960000 224.9440000 121.2040000 142.1450000 225.0670000
 120.5030000 140.7500000 224.9310000 122.1540000 140.6750000 226.1580000
 121.5780000 140.7030000 226.9380000 122.9010000 141.2710000 226.3240000
 122.6570000 139.2400000 225.9340000 123.0770000 139.1880000 225.0610000
 121.8960000 138.6390000 225.9230000 123.6380000 138.8340000 226.9660000
 124.3540000 139.3610000 226.9320000 123.8920000 137.9930000 226.8250000
 123.2680000 138.8910000 227.7730000 124.3160000 140.8510000 222.4060000
 123.8120000 140.7430000 221.2940000 125.4740000 140.2320000 222.7390000
 126.1410000 140.1990000 224.0340000 126.1600000 141.0720000 224.4560000
 125.6920000 139.5560000 224.6050000 127.5710000 139.7370000 223.7690000
 127.9310000 139.2410000 224.5210000 128.1310000 140.5060000 223.5790000
 127.4360000 138.8610000 222.5260000 127.2410000 137.9520000 222.8020000
 128.2430000 138.8800000 221.9890000 126.2400000 139.4550000 221.7690000
 126.5550000 140.0570000 221.0770000 125.3760000 138.3560000 221.1440000
 124.6350000 137.6870000 221.8690000 125.5810000 138.1310000 219.8420000
 126.0980000 138.6830000 219.4320000 124.8170000 137.2120000 218.9920000
 123.9780000 137.6510000 218.7800000 125.6340000 137.0050000 217.6960000
 126.4040000 136.4590000 217.9210000 125.9760000 137.8570000 217.3840000
 124.8760000 136.3330000 216.5340000 124.3280000 135.6050000 216.8680000
 123.9960000 137.3320000 215.7830000 123.4950000 136.8730000 215.0900000
 123.3660000 137.7580000 216.3850000 124.5410000 138.0180000 215.3670000
 125.8740000 135.7290000 215.5540000 126.3370000 134.9910000 215.9800000
 125.4060000 135.3870000 214.7760000 126.5160000 136.3990000 215.2710000
 124.5480000 135.8560000 219.6840000 125.4980000 135.2860000 220.2320000
 123.3810000 135.2120000 219.4720000 122.1920000 135.7750000 218.8350000
 121.7480000 136.3760000 219.4540000 122.3920000 136.2460000 218.0110000
 121.2830000 134.5900000 218.5320000 120.3500000 134.8520000 218.4850000
 121.5640000 134.1610000 217.7090000 121.5620000 133.6750000 219.7200000
 121.3240000 132.7570000 219.5180000 121.0520000 133.9850000 220.4850000
 123.0650000 133.8730000 219.9970000 123.1950000 133.8860000 220.9580000
 123.9260000 132.7050000 219.4560000 123.5550000 131.5490000 219.6420000
 125.0770000 132.9650000 218.8100000 125.3230000 133.7890000 218.8240000
 126.0300000 131.9950000 218.2160000 126.7320000 132.5100000 217.7890000
 126.6990000 131.1950000 219.3610000 126.0290000 130.9170000 220.0050000
 127.3190000 131.7850000 219.8180000 127.4420000 129.9310000 218.9110000
 126.7970000 129.3030000 218.5480000 128.0820000 130.1630000 218.2200000
 128.1840000 129.2360000 220.0500000 127.5570000 129.0260000 220.7600000
 128.8810000 129.8200000 220.3870000 128.7860000 127.9500000 219.4720000
 128.0650000 127.4200000 219.0970000 129.3790000 128.1880000 218.7420000
 129.5140000 127.1720000 220.5000000 129.8590000 126.4370000 220.1350000
 128.9550000 126.9320000 221.1500000 130.1730000 127.6600000 220.8460000
 125.4770000 131.1400000 217.0560000 126.2640000 130.5500000 216.3250000
 124.1680000 131.1630000 216.8470000 123.6910000 131.5050000 217.4760000
 123.4320000 130.5090000 215.7670000 123.6940000 129.5770000 215.7140000
 121.9540000 130.5550000 216.1870000 121.6940000 131.4750000 216.3510000
 121.8470000 130.0710000 217.0210000 121.0290000 129.9570000 215.1380000
 120.5820000 130.7550000 214.2890000 120.8010000 128.7320000 215.2170000
 123.7190000 131.1340000 214.3800000 124.6240000 130.6850000 213.6780000
 123.1400000 132.3070000 214.1000000 122.4530000 132.4920000 214.5830000
 123.2020000 132.9920000 212.8000000 122.5070000 133.6680000 212.7770000
 122.9980000 132.3400000 212.1110000 124.5260000 133.6720000 212.4180000
 124.5000000 134.7780000 211.8780000 125.6870000 133.0630000 212.6800000
 125.6500000 132.2820000 213.0380000 126.9840000 133.5870000 212.2200000
 127.0840000 134.4900000 212.5590000 128.1370000 132.7140000 212.7430000
 128.9200000 132.8880000 212.1980000 127.9040000 131.7830000 212.6010000
 128.5640000 132.9190000 214.1900000 128.7360000 134.2150000 214.7230000
 128.5440000 134.9640000 214.2060000 129.2070000 134.3880000 216.0390000
 129.3100000 135.2400000 216.3970000 129.5500000 133.2640000 216.8150000
 130.0330000 133.4330000 218.0740000 130.0660000 132.7060000 218.4940000
 129.4150000 131.9690000 216.2740000 129.6510000 131.2200000 216.7720000
 128.9080000 131.8000000 214.9710000 128.7950000 130.9460000 214.6220000
 127.0890000 133.7020000 210.6890000 127.6990000 134.6580000 210.2090000
 126.4150000 132.8310000 209.9320000 126.0470000 132.1500000 210.3080000
 126.3290000 132.9450000 208.4680000 127.2260000 132.9820000 208.1020000
 125.6150000 131.7250000 207.8600000 125.4030000 131.9290000 206.9360000
 124.7810000 131.5780000 208.3330000 126.4250000 130.4250000 207.8800000
 127.5730000 130.4180000 208.3760000 126.0730000 129.5070000 207.1070000
 125.6050000 134.2220000 208.0230000 126.1270000 134.9470000 207.1790000
 124.5190000 134.5950000 208.7110000 124.2410000 134.0890000 209.3480000
 123.7750000 135.8250000 208.4290000 123.5610000 135.8460000 207.4830000
 122.4430000 135.8590000 209.2010000 122.0990000 136.7600000 209.0950000
 122.5930000 135.7150000 210.1480000 121.3560000 134.8940000 208.6850000
 121.3680000 134.8800000 207.7150000 121.5270000 133.4640000 209.2080000
 120.7820000 132.9190000 208.9100000 121.5530000 133.4600000 210.1780000
 122.3370000 133.0700000 208.8480000 119.9750000 135.3840000 209.1330000
 119.8010000 136.2580000 208.7490000 119.9340000 135.4410000 210.1000000
 119.2900000 134.7720000 208.8200000 124.6220000 137.0730000 208.7290000
 124.6480000 138.0040000 207.9300000 125.4470000 137.0460000 209.7840000
 125.4200000 136.3590000 210.3010000 126.4130000 138.1290000 210.0530000
 125.9330000 138.9710000 210.0200000 127.0350000 138.0020000 211.4610000
 127.4660000 137.1370000 211.5460000 128.0810000 139.0880000 211.7610000
 128.4090000 138.9990000 212.6690000 127.6830000 139.9660000 211.6520000
 128.8350000 139.0090000 211.1550000 125.9560000 138.1190000 212.5450000
 125.4880000 138.9640000 212.4540000 126.3630000 138.0740000 213.4240000
 125.3170000 137.3940000 212.4630000 127.4970000 138.2130000 208.9700000
 127.8830000 139.3150000 208.5910000 127.9840000 137.0880000 208.4370000
 127.6640000 136.3330000 208.6980000 129.0140000 137.0920000 207.3880000
 129.6390000 137.8070000 207.5840000 129.7910000 135.7690000 207.3980000
 129.1850000 135.0220000 207.5240000 130.2040000 135.6620000 206.5270000
 130.8900000 135.7460000 208.4760000 130.5550000 135.2680000 209.2500000
 131.1120000 136.6470000 208.7570000 132.1780000 135.0980000 207.9700000
 132.7230000 135.4230000 206.9230000 132.6790000 134.1030000 208.6620000
 132.2820000 133.8510000 209.3820000 133.2120000 133.5870000 208.2270000
 128.5060000 137.3900000 205.9690000 129.2910000 137.8880000 205.1600000
 127.2500000 137.0780000 205.6400000 126.7730000 136.6320000 206.2000000
 126.6590000 137.4310000 204.3400000 127.3600000 137.4030000 203.6710000
 125.6100000 136.3810000 203.9080000 125.9400000 135.4950000 204.1250000
 125.5070000 136.4340000 202.9450000 124.2340000 136.5840000 204.5540000
 123.8520000 137.4050000 204.2070000 124.3600000 136.6800000 205.5110000
 123.2260000 135.4610000 204.2980000 123.1910000 134.9750000 203.1450000
 122.1510000 135.5370000 204.9370000 126.1140000 138.8720000 204.3190000
 126.2930000 139.5630000 203.3190000 125.5360000 139.3620000 205.4280000
 125.4140000 138.8310000 206.0930000 124.9060000 140.6900000 205.4900000
 124.6110000 140.9310000 204.5980000 123.6670000 140.6550000 206.4100000
 123.2690000 141.5390000 206.4190000 123.9670000 140.4680000 207.3130000
 122.5740000 139.6360000 206.0270000 122.9640000 138.7520000 205.9450000
 121.5250000 139.5520000 207.1330000 121.9610000 139.2350000 207.9400000
 120.8330000 138.9180000 206.8860000 121.1260000 140.4210000 207.2960000
 121.8780000 139.9860000 204.7110000 121.1770000 139.3390000 204.5330000
 122.5200000 139.9520000 203.9850000 121.4950000 140.8760000 204.7600000
 125.8650000 141.8020000 205.9440000 125.7260000 142.9390000 205.5030000
 126.7650000 141.5270000 206.8960000 126.7960000 140.7290000 207.2150000
 127.5600000 142.5650000 207.5670000 127.7940000 143.2360000 206.9070000
 126.6660000 143.2530000 208.6140000 127.1510000 143.9860000 209.0240000
 125.8910000 143.6190000 208.1590000 126.1150000 142.0860000 209.8950000
 127.2310000 141.7970000 210.2270000 128.8960000 142.0420000 208.1530000
 129.1770000 142.2310000 209.3460000 129.7910000 141.4450000 207.3340000
 129.6750000 141.2860000 205.8900000 129.0620000 140.5610000 205.6910000
 129.3750000 142.1020000 205.4600000 131.0750000 140.9210000 205.4070000
 131.5950000 141.7280000 205.2700000 131.0470000 140.3890000 204.5970000
 131.6480000 140.1340000 206.5850000 132.6170000 140.1710000 206.6020000
 131.3570000 139.2100000 206.5280000 131.0160000 140.7960000 207.8160000
 130.7720000 140.1030000 208.4490000 132.0100000 141.7340000 208.5250000
 132.8250000 141.2570000 209.3100000 131.8530000 143.0590000 208.4090000
 131.2290000 143.3460000 207.8910000 132.6050000 144.0440000 209.1980000
 133.5520000 143.9430000 209.0150000 132.3340000 144.9330000 208.9210000
 132.4000000 143.9460000 210.7200000 133.2930000 144.3280000 211.4740000
 131.3100000 143.3270000 211.1920000 130.7080000 143.0740000 210.6320000
 131.0940000 143.0290000 212.6180000 131.5880000 143.6720000 213.1500000
 129.6000000 143.1960000 212.9580000 129.4880000 143.0670000 213.9130000
 129.1130000 142.4860000 212.5110000 128.9470000 144.5280000 212.5950000
 129.6840000 145.7330000 212.5480000 130.5940000 145.7400000 212.7390000
 129.0590000 146.9350000 212.1690000 129.5520000 147.7210000 212.1040000
 127.6910000 146.9490000 211.8500000 127.2830000 147.7370000 211.5700000
 126.9430000 145.7630000 211.9290000 126.0390000 145.7700000 211.7090000
 127.5690000 144.5590000 212.3020000 127.0660000 143.7780000 212.3320000
 131.6260000 141.6430000 213.0490000 131.5650000 141.2980000 214.2320000
 132.1490000 140.8260000 212.1260000 132.2280000 141.1100000 211.3180000
 132.6040000 139.4580000 212.4050000 132.0250000 139.0990000 213.0950000
 132.3960000 138.5670000 211.1660000 131.5210000 138.7500000 210.7890000
 133.0540000 138.7920000 210.4900000 132.4730000 137.0820000 211.4790000
 131.3630000 136.4260000 212.0430000 130.5720000 136.8930000 212.1900000
 131.4450000 135.0630000 212.3810000 130.7080000 134.6320000 212.7490000
 132.6360000 134.3500000 212.1650000 132.6890000 133.4500000 212.3950000
 133.7440000 134.9990000 211.5940000 134.5320000 134.5310000 211.4390000
 133.6580000 136.3580000 211.2420000 134.3930000 136.7850000 210.8640000
 134.0350000 139.4120000 212.9820000 134.9520000 138.8260000 212.4090000
 134.2220000 139.9510000 214.1910000 133.5650000 140.3770000 214.5470000
 135.4360000 139.7390000 214.9910000 135.9420000 139.0220000 214.5770000
 136.3610000 140.9660000 214.9410000 136.6890000 141.0510000 214.0320000
 137.1350000 140.7920000 215.4980000 135.7570000 142.3000000 215.3380000
 135.0550000 143.0670000 214.3870000 134.9300000 142.7460000 213.5230000
 134.5530000 144.3330000 214.7310000 134.0960000 144.8340000 214.0950000
 134.7560000 144.8430000 216.0240000 134.4270000 145.6840000 216.2460000
 135.4620000 144.0850000 216.9760000 135.6010000 144.4280000 217.8290000
 135.9610000 142.8150000 216.6330000 136.4370000 142.3210000 217.2610000
 135.0830000 139.2410000 216.4020000 134.2060000 139.7710000 217.0760000
 135.6590000 138.0930000 216.7810000 136.2780000 137.8080000 216.2570000
 134.9650000 137.0410000 217.5510000 134.1600000 136.8040000 217.0640000
 135.5340000 136.2560000 217.5640000 134.5340000 137.3130000 219.0040000
 133.9320000 136.4340000 219.6120000 134.7180000 138.5230000 219.5400000
 134.9730000 139.1380000 218.9950000 134.1240000 138.9590000 220.8170000
 133.9430000 138.1750000 221.3590000 135.1410000 139.8230000 221.5900000
 135.3920000 140.5880000 221.0490000 134.7330000 140.1540000 222.4050000
 136.3780000 139.0500000 222.0080000 136.3120000 137.9990000 222.6190000
 137.5540000 139.5810000 221.7740000 137.6200000 140.3410000 221.3770000
 138.2310000 139.1330000 222.0580000 132.7590000 139.6640000 220.6210000
 132.4460000 140.6070000 221.3460000 132.0120000 139.2800000 219.5760000
 132.2970000 138.5680000 219.1870000 131.2630000 140.1900000 218.6760000
 131.9180000 140.5890000 218.0820000 130.2850000 139.4120000 217.7640000
 129.8220000 140.0560000 217.2060000 131.0380000 138.4540000 216.8320000
 130.4160000 138.0560000 216.2030000 131.4740000 137.7490000 217.3360000
 131.6990000 138.9510000 216.3240000 129.2190000 138.5950000 218.5170000
 129.6370000 137.9590000 219.1190000 128.6780000 138.1060000 217.8770000
 128.6270000 139.1800000 219.0150000 130.5590000 141.3900000 219.3210000
 130.7770000 142.5110000 218.8790000 129.7460000 141.1910000 220.3650000
 129.7190000 140.3940000 220.6870000 129.0890000 142.2670000 221.1430000
 128.3980000 141.8420000 221.6740000 130.0670000 142.9020000 222.1380000
 130.7460000 143.4000000 221.6560000 129.5830000 143.5070000 222.7210000
 130.6780000 141.8930000 222.9250000 131.2360000 141.5040000 222.4330000
 128.3210000 143.3240000 220.3220000 128.0140000 144.4000000 220.8290000
 127.8950000 142.9450000 219.1140000 128.2090000 142.2010000 218.8190000
 126.8140000 143.5610000 218.3400000 127.0320000 144.4950000 218.1920000
 126.7450000 142.8530000 216.9660000 126.0800000 143.2900000 216.4110000
 127.5990000 143.0060000 216.5320000 126.4750000 141.3270000 216.9770000
 126.9570000 140.9080000 217.7070000 124.9940000 140.9740000 217.1040000
 124.6330000 141.2570000 217.9590000 124.8640000 140.0140000 217.0500000
 124.4880000 141.3790000 216.3820000 126.9680000 140.7000000 215.6720000
 126.4960000 141.0800000 214.9150000 126.8260000 139.7410000 215.6850000
 127.9170000 140.8650000 215.5620000 125.4780000 143.5210000 219.1030000
 125.3780000 142.8510000 220.1300000 124.4350000 144.1630000 218.5700000
 124.5540000 144.6260000 217.8550000 123.0920000 144.1540000 219.1700000
 123.1130000 143.6310000 219.9870000 122.7080000 145.5850000 219.5660000
 123.4080000 145.9750000 220.1120000 121.8810000 145.5600000 220.0730000
 122.4360000 146.6250000 218.1080000 123.3500000 146.2520000 217.4250000
 121.9970000 143.4880000 218.3240000 120.8580000 143.4470000 218.7710000
 122.3110000 142.9510000 217.1430000 123.1320000 142.9520000 216.8870000
 121.3220000 142.2570000 216.3180000 120.5380000 142.8250000 216.2560000
 121.8790000 142.0160000 214.9050000 122.5700000 142.6590000 214.6790000
 122.2470000 141.1220000 214.8310000 120.5090000 142.1910000 213.7320000
 119.9960000 141.1270000 213.9430000 120.8960000 140.9160000 216.9250000
 121.7590000 140.1030000 217.2700000 119.6140000 140.5760000 216.8010000
 119.0580000 141.1790000 216.5440000 119.1690000 139.1800000 216.8220000
 119.7790000 138.6840000 217.3900000 117.7650000 139.0490000 217.4390000
 117.1150000 139.4330000 216.8300000 117.7340000 139.5380000 218.2760000
 117.4250000 137.5760000 217.7200000 118.3610000 136.9300000 218.2500000
 116.6460000 137.0410000 216.9020000 119.2340000 138.5290000 215.4290000
 119.1510000 139.2020000 214.3970000 119.2630000 137.1950000 215.3940000
 119.1460000 136.7900000 216.1440000 119.1610000 136.4120000 214.1530000
 119.8710000 136.7100000 213.5630000 119.3960000 134.9140000 214.4390000
 120.2410000 134.8320000 214.9090000 118.3110000 134.2700000 215.3130000
 118.5530000 133.3500000 215.5030000 118.2260000 134.7470000 216.1530000
 117.4540000 134.2770000 214.8580000 119.5140000 134.1060000 213.1410000
 120.1860000 134.5020000 212.5650000 119.7740000 133.1940000 213.3460000
 118.6660000 134.0840000 212.6700000 117.8440000 136.6510000 213.4030000
 117.8480000 136.6800000 212.1710000 116.7410000 136.9800000 214.0910000
 116.7620000 136.9590000 214.9500000 115.4670000 137.2860000 213.4270000
 115.4240000 136.6950000 212.6590000 114.2900000 136.9980000 214.3760000
 114.4360000 136.1490000 214.8210000 114.2510000 137.6900000 215.0540000
 112.9420000 136.9410000 213.6380000 112.7940000 137.7740000 213.1630000
 112.2320000 136.8400000 214.2910000 112.8740000 135.7570000 212.6620000
 113.7060000 135.6690000 212.1720000 112.7500000 134.9320000 213.1580000
 111.8350000 135.9240000 211.6410000 112.1110000 136.1960000 210.8730000
 110.6350000 135.4030000 211.6300000 110.0740000 134.9720000 212.7260000
 109.2780000 134.6450000 212.7220000 110.4780000 135.1720000 213.4590000
 110.0160000 135.2850000 210.4900000 110.4510000 135.5240000 209.7880000
 109.2700000 134.8650000 210.4130000 115.3860000 138.6930000 212.8410000
 114.8660000 138.8310000 211.7350000 116.0850000 139.6620000 213.4330000
 116.4860000 139.4730000 214.1700000 116.3150000 140.9730000 212.8140000
 115.4590000 141.3600000 212.5720000 116.9770000 141.9230000 213.8250000
 117.7480000 141.4790000 214.2120000 117.2880000 142.7130000 213.3560000
 116.0450000 142.3930000 214.9580000 115.6700000 141.6280000 215.4220000
 115.3180000 142.9130000 214.5810000 116.7920000 143.2430000 215.9880000
 117.8690000 142.9000000 216.4500000 116.2600000 144.3630000 216.4210000
 115.5050000 144.6370000 216.1140000 116.7630000 144.9210000 216.8400000
 117.1540000 140.8560000 211.5220000 116.7540000 141.3970000 210.4900000
 118.1570000 139.9640000 211.5010000 118.3790000 139.5850000 212.2400000
 118.9100000 139.6250000 210.2820000 119.2060000 140.4490000 209.8650000
 120.1540000 138.7810000 210.6290000 120.5860000 138.5290000 209.7980000
 119.8620000 137.9640000 211.0620000 121.1980000 139.4620000 211.5310000
 120.7610000 139.7430000 212.3500000 122.3030000 138.4790000 211.9180000
 122.8910000 138.9000000 212.5650000 121.9150000 137.6870000 212.3220000
 122.8170000 138.2270000 211.1350000 121.8590000 140.6790000 210.8780000
 122.4970000 141.0740000 211.4930000 121.1920000 141.3510000 210.6690000
 122.3250000 140.4220000 210.0670000 118.0480000 138.8990000 209.2310000
 118.1040000 139.2440000 208.0510000 117.1750000 137.9680000 209.6370000
 117.2010000 137.7080000 210.4560000 116.2740000 137.3010000 208.6900000
 116.8190000 136.9680000 207.9600000 115.5710000 136.0890000 209.3270000
 116.2550000 135.5020000 209.6850000 115.0080000 136.3780000 210.0620000
 114.7370000 135.2820000 208.3020000 114.6600000 134.3700000 208.6230000
 115.2120000 135.2480000 207.4570000 113.3080000 135.7920000 208.0730000
 112.5560000 136.0460000 209.0070000 112.8090000 135.7420000 206.8630000
 113.2970000 135.6370000 206.1630000 112.0490000 136.1120000 206.7020000
 115.2590000 138.2690000 208.0750000 115.0640000 138.2270000 206.8660000
 114.6140000 139.1350000 208.8650000 114.7760000 139.1320000 209.7100000
 113.5580000 140.0150000 208.3340000 113.0050000 139.4630000 207.7590000
 112.6100000 140.5150000 209.4320000 112.3300000 139.7540000 209.9640000
 113.2150000 141.5690000 210.3530000 112.5880000 141.7720000 211.0650000
 113.4120000 142.3800000 209.8590000 114.0330000 141.2220000 210.7410000
 111.4640000 141.1050000 208.8610000 110.9630000 141.3680000 209.4820000
 114.0960000 141.1450000 207.4490000 113.4490000 141.4680000 206.4520000
 115.3500000 141.5900000 207.6420000 115.7880000 141.3390000 208.3380000
 116.0010000 142.4680000 206.6600000 115.3330000 143.1210000 206.3970000
 117.1370000 143.3020000 207.3020000 117.2130000 144.1290000 206.8010000
 116.8350000 143.5550000 208.1880000 118.5530000 142.7000000 207.4250000
 118.4900000 141.7700000 207.6940000 119.3640000 142.8060000 206.1260000
 119.3430000 143.7150000 205.7870000 119.0160000 142.2030000 205.4500000
 120.2880000 142.5620000 206.2930000 119.3420000 143.4540000 208.5000000
 119.4270000 144.3890000 208.2570000 120.2250000 143.0650000 208.5960000
 118.8820000 143.3850000 209.3510000 116.3530000 141.7160000 205.3630000
 115.9820000 142.1930000 204.2950000 116.8050000 140.4530000 205.4390000
 116.9960000 140.1370000 206.2160000 117.0140000 139.5840000 204.2580000
 117.6130000 140.0400000 203.6470000 117.6880000 138.2810000 204.7300000
 118.4380000 138.5050000 205.3030000 117.0530000 137.7690000 205.2550000
 118.2130000 137.3910000 203.5910000 117.5070000 137.2280000 202.9460000
 118.9490000 137.8410000 203.1470000 118.6850000 136.0390000 204.1520000
 117.9240000 135.5950000 204.5580000 119.3510000 136.1810000 204.8420000
 119.2550000 135.1140000 203.0690000 118.6580000 135.1030000 202.3040000
 119.3000000 134.2170000 203.4350000 120.6180000 135.5250000 202.6690000
 121.2150000 134.8650000 202.6650000 120.9680000 136.0580000 203.2900000
 120.6510000 135.9760000 201.9020000 115.7140000 139.3150000 203.4710000
 115.7370000 139.3440000 202.2450000 114.5850000 139.1900000 204.1710000
 114.6710000 139.1410000 205.0250000 113.2220000 139.0250000 203.6270000
 113.2090000 138.2650000 203.0240000 112.2560000 138.7810000 204.8160000
 112.7790000 138.7470000 205.6320000 111.6460000 139.5290000 204.9140000
 111.4460000 137.4800000 204.7950000 111.9230000 136.5280000 204.1410000
 110.7330000 137.2890000 205.8110000 112.7440000 140.2620000 202.8390000
 112.1060000 140.1410000 201.7900000 113.0200000 141.4610000 203.3630000
 113.4430000 141.4750000 204.1110000 112.5950000 142.7400000 202.7810000
 111.7010000 142.6350000 202.4190000 112.5480000 143.7740000 203.9270000
 112.2670000 143.3250000 204.7390000 113.4330000 144.1390000 204.0850000
 111.5750000 144.9220000 203.6840000 111.4230000 145.4410000 202.5960000
 110.8430000 145.3340000 204.6960000 110.9430000 144.9770000 205.4720000
 110.3050000 145.9870000 204.5420000 113.5120000 143.1780000 201.6180000
 113.0330000 143.5840000 200.5610000 114.8190000 142.9000000 201.7220000
 115.0950000 142.5620000 202.4630000 115.8340000 143.2480000 200.7170000
 115.6770000 144.1700000 200.4610000 117.2510000 143.1350000 201.3370000
 117.2560000 142.4420000 202.0160000 117.8720000 142.8330000 200.6560000
 117.8480000 144.4310000 201.9250000 118.7360000 144.2160000 202.2500000
 118.0040000 145.5140000 200.8570000 118.6040000 146.2030000 201.1820000
 118.3840000 145.1280000 200.0520000 117.1450000 145.9150000 200.6500000
 117.0570000 145.0220000 203.0910000 117.4450000 145.8690000 203.3610000
 116.1310000 145.1650000 202.8400000 117.1000000 144.4180000 203.8490000
 115.7430000 142.4550000 199.3960000 116.5290000 142.7370000 198.4930000
 114.7530000 141.5760000 199.2070000 114.2070000 141.4460000 199.8590000
 114.6180000 140.7410000 198.0060000 115.4100000 140.1830000 197.9570000
 113.4120000 139.7920000 198.1550000 113.3940000 139.1990000 197.3880000
 113.5490000 139.2460000 198.9450000 112.0410000 140.4810000 198.2700000
 112.0400000 141.0920000 199.0230000 111.8510000 140.9840000 197.4630000
 110.9170000 139.4680000 198.4460000 110.4720000 138.8290000 197.5070000
 110.3980000 139.2960000 199.6410000 110.7900000 139.6390000 200.3250000
 109.7940000 138.6880000 199.7110000 114.5780000 141.5370000 196.6830000
 115.3760000 141.2420000 195.7950000 113.7700000 142.6050000 196.5750000
 113.2700000 142.8110000 197.2430000 113.6700000 143.3870000 195.3310000
 113.9030000 142.7750000 194.6160000 112.2070000 143.7590000 194.9950000
 112.1770000 144.0300000 194.0640000 111.6970000 142.9360000 195.0500000
 111.4810000 144.8300000 195.8300000 111.6740000 144.6880000 196.7700000
 111.8450000 146.2640000 195.4220000 111.5390000 146.4410000 194.5190000
 111.4190000 146.8930000 196.0260000 112.8030000 146.4120000 195.4540000
 109.9690000 144.6960000 195.6540000 109.6790000 143.8230000 195.9610000
 109.7320000 144.8010000 194.7190000 109.5160000 145.3760000 196.1770000
 114.7190000 144.5110000 195.1870000 115.2850000 144.6150000 194.0990000
 115.2080000 145.1680000 196.2650000 114.5860000 145.3760000 197.5670000
 113.6190000 145.4320000 197.5160000 114.8380000 144.6630000 198.1740000
 115.1400000 146.7020000 198.0760000 114.6350000 147.4350000 197.6900000
 115.1290000 146.7480000 199.0450000 116.5590000 146.6980000 197.5150000
 117.1310000 146.1620000 198.0870000 116.9130000 147.5970000 197.4260000
 116.3940000 146.0180000 196.1540000 116.2250000 146.6970000 195.4820000
 117.6500000 145.2340000 195.7490000 118.4120000 145.7250000 194.9230000
 117.7920000 143.9750000 196.1860000 117.2270000 143.6660000 196.7560000
 118.8400000 143.0660000 195.7120000 119.6980000 143.5050000 195.8240000
 118.8220000 141.7900000 196.5770000 118.9450000 142.0340000 197.5080000
 117.9440000 141.3860000 196.4930000 119.8740000 140.7300000 196.1980000
 119.9070000 140.6180000 195.2350000 121.2640000 141.1080000 196.7070000
 121.2750000 141.1110000 197.6770000 121.5070000 141.9920000 196.3900000
 121.9180000 140.4710000 196.3800000 119.5030000 139.3810000 196.8160000
 118.6440000 139.0930000 196.4700000 120.1720000 138.7190000 196.5810000
 119.4490000 139.4600000 197.7810000 118.6830000 142.7470000 194.2160000
 119.6470000 142.9040000 193.4700000 117.4780000 142.3800000 193.7600000
 116.8330000 142.3040000 194.3240000 117.2190000 142.0160000 192.3570000
 117.7640000 141.2460000 192.1310000 115.7380000 141.6300000 192.1740000
 115.5170000 141.6210000 191.2290000 115.1890000 142.3090000 192.5970000
 115.4180000 140.2380000 192.7520000 115.6430000 139.5660000 192.0900000
 115.9750000 140.0710000 193.5290000 113.9610000 140.0400000 193.1780000
 113.0890000 140.8800000 193.0430000 113.6270000 138.8970000 193.7370000
 112.8080000 138.8350000 193.9930000 114.2200000 138.2900000 193.8760000
 117.6040000 143.1210000 191.3600000 118.1910000 142.8130000 190.3240000
 117.3910000 144.3950000 191.7040000 116.9370000 144.5500000 192.4180000
 117.7570000 145.5180000 190.8320000 117.7590000 145.2070000 189.9130000
 116.6810000 146.6080000 190.9330000 116.9000000 147.3200000 190.3120000
 116.6980000 146.9810000 191.8280000 115.2760000 146.1170000 190.6190000
 114.9800000 145.5740000 189.3530000 115.6360000 145.5400000 188.6950000
 113.7010000 145.0510000 189.0870000 113.5110000 144.6790000 188.2560000
 112.7090000 145.0780000 190.0830000 111.8660000 144.7260000 189.9090000
 112.9910000 145.6430000 191.3380000 112.3340000 145.6640000 191.9960000
 114.2720000 146.1560000 191.6050000 114.4640000 146.4990000 192.4480000
 119.1700000 146.0720000 191.0870000 119.9230000 146.2860000 190.1390000
 119.5560000 146.3200000 192.3450000 119.0240000 146.1140000 192.9890000
 120.7720000 147.0830000 192.6720000 120.9630000 147.6870000 191.9380000
 120.5330000 147.9370000 193.9280000 120.3570000 147.3410000 194.6730000
 121.3510000 148.4170000 194.1340000 119.3850000 148.9570000 193.8290000
 118.5520000 148.4980000 193.6400000 119.2450000 149.6700000 195.1720000
 119.0660000 149.0180000 195.8680000 120.0620000 150.1510000 195.3750000
 118.5080000 150.3000000 195.1360000 119.6320000 150.0110000 192.7470000
 118.9480000 150.6980000 192.7870000 120.4990000 150.4260000 192.8770000
 119.6010000 149.5980000 191.8700000 122.0410000 146.2320000 192.8380000
 123.1400000 146.7820000 192.7720000 121.9260000 144.9050000 192.9780000
 121.1370000 144.5650000 193.0180000 123.0850000 143.9920000 193.0640000
 123.6550000 144.2800000 193.7940000 122.5880000 142.5790000 193.3840000
 122.0650000 142.2490000 192.6360000 122.0230000 142.6190000 194.1710000
 123.6460000 141.6810000 193.6440000 123.3160000 140.9270000 193.8130000
 123.9460000 143.9780000 191.7890000 125.1430000 143.6980000 191.8500000
 123.3820000 144.4500000 190.6630000 122.5570000 144.6890000 190.7140000
 124.0430000 144.5790000 189.3520000 124.2130000 143.6970000 188.9850000
 123.1310000 145.3660000 188.4000000 122.7660000 146.1490000 188.8420000
 123.6880000 145.6890000 187.6740000 121.9840000 144.5120000 187.8340000
 122.2840000 143.6000000 187.6930000 121.2480000 144.4930000 188.4660000
 121.5010000 145.0850000 186.4980000 120.7560000 144.5520000 186.1790000
 121.2030000 145.9980000 186.6330000 122.5860000 145.0590000 185.4990000
 123.3910000 144.9670000 185.7880000 122.5290000 145.4390000 184.2440000
 121.4000000 145.7350000 183.6710000 120.7870000 146.0090000 184.2080000
 121.4680000 146.1390000 182.9150000 123.6190000 145.5420000 183.5510000
 124.2990000 145.8410000 183.9850000 123.5310000 145.8300000 182.7460000
 125.4010000 145.2790000 189.3810000 126.3040000 144.8640000 188.6610000
 125.5580000 146.3010000 190.2210000 124.9030000 146.4910000 190.7440000
 126.8320000 146.9820000 190.4320000 127.5170000 146.5060000 189.9360000
 126.7850000 148.3670000 189.7430000 127.5150000 148.4040000 189.1050000
 125.9700000 148.4500000 189.2230000 126.9390000 149.8130000 190.8280000
 126.8610000 150.6340000 189.9560000 127.2020000 146.8790000 191.9320000
 126.5780000 147.5280000 192.7760000 128.0970000 145.9450000 192.3300000
 128.7090000 144.9140000 191.4950000 129.5390000 145.2480000 191.1200000
 128.1150000 144.6150000 190.7880000 128.9920000 143.7360000 192.4220000
 128.2000000 143.1810000 192.4930000 129.7530000 143.2150000 192.1210000
 129.2580000 144.4230000 193.7570000 130.1620000 144.7750000 193.7680000
 129.1130000 143.8250000 194.5070000 128.2410000 145.5660000 193.7400000
 127.3860000 145.2200000 194.0420000 128.6560000 146.6940000 194.6920000
 128.2970000 146.6430000 195.8640000 129.3130000 147.7490000 194.1990000
 129.5110000 147.7450000 193.3620000 129.6880000 148.9270000 195.0020000
 130.1900000 148.6360000 195.7800000 130.5990000 149.8240000 194.1650000
 130.0780000 150.2400000 193.4600000 131.3120000 149.2940000 193.7740000
 131.1630000 150.8320000 194.9600000 131.6130000 151.3250000 194.4500000
 128.4780000 149.7200000 195.5200000 128.3750000 149.9900000 196.7180000
 127.4470000 149.8540000 194.6790000 127.5290000 149.5230000 193.8890000
 126.1370000 150.3910000 195.0440000 126.2380000 151.2970000 195.3750000
 125.2980000 150.4360000 193.7550000 125.4890000 149.6550000 193.2120000
 125.5360000 151.2260000 193.2450000 123.5170000 150.4120000 194.0610000
 123.1810000 150.4570000 192.9100000 125.4760000 149.5820000 196.1710000
 125.2050000 150.1240000 197.2470000 125.3110000 148.2690000 195.9800000
 125.5270000 147.9290000 195.2200000 124.5940000 147.4480000 196.9570000
 123.7990000 147.9400000 197.2160000 124.1250000 146.1440000 196.3050000
 124.8850000 145.5570000 196.1680000 123.7490000 146.3480000 195.4350000
 123.0560000 145.4400000 197.1190000 121.7520000 145.9680000 197.1530000
 121.5520000 146.7390000 196.6740000 120.7530000 145.3470000 197.9220000
 119.8920000 145.6990000 197.9340000 121.0600000 144.1980000 198.6720000
 120.4000000 143.7830000 199.1790000 122.3650000 143.6770000 198.6530000
 122.5690000 142.9170000 199.1480000 123.3620000 144.2930000 197.8740000
 124.2240000 143.9430000 197.8640000 125.3900000 147.2040000 198.2510000
 124.7990000 147.2130000 199.3280000 126.7270000 147.2160000 198.1840000
 127.0960000 147.2300000 197.4070000 127.6120000 147.2730000 199.3520000
 127.4260000 146.5120000 199.9240000 129.0750000 147.1770000 198.8860000
 129.2510000 146.2690000 198.5930000 129.1920000 147.7570000 198.1170000
 130.1140000 147.5830000 199.9190000 130.5810000 146.6590000 200.8740000
 130.2700000 145.7830000 200.8620000 131.5080000 147.0700000 201.8570000
 131.8170000 146.4680000 202.4950000 131.9590000 148.4090000 201.8890000
 132.8190000 148.8340000 202.8540000 132.8680000 149.6730000 202.8610000
 131.5020000 149.3250000 200.9200000 131.7940000 150.2080000 200.9410000
 130.5920000 148.9080000 199.9320000 130.2890000 149.5180000 199.2990000
 127.3740000 148.5350000 200.1940000 127.0830000 148.4150000 201.3840000
 127.3430000 149.7240000 199.5770000 127.5120000 149.7540000 198.7340000
 127.0960000 150.9790000 200.2990000 127.7530000 151.0610000 201.0080000
 127.2570000 152.1750000 199.3400000 126.6380000 152.0720000 198.6000000
 127.0250000 152.9890000 199.8140000 128.6580000 152.3670000 198.7830000
 129.6570000 152.1870000 199.4630000 128.7620000 152.9870000 197.6320000
 128.0660000 153.0910000 197.1380000 129.5470000 153.0990000 197.2980000
 125.7040000 151.0040000 200.9670000 125.5760000 151.4240000 202.1190000
 124.6810000 150.4860000 200.2790000 124.8370000 150.2160000 199.4780000
 123.3000000 150.4180000 200.7690000 123.0600000 151.2850000 201.1320000
 122.3990000 150.1420000 199.5520000 122.5450000 150.8680000 198.9250000
 122.6840000 149.3250000 199.1140000 120.8910000 150.0520000 199.8660000
 120.6760000 150.6110000 200.6290000 120.0900000 150.5520000 198.6650000
 119.1390000 150.4820000 198.8440000 120.3130000 150.0230000 197.8830000
 120.3030000 151.4820000 198.4920000 120.4380000 148.6130000 200.1360000
 119.4730000 148.5890000 200.2280000 120.8290000 148.2830000 200.9600000
 120.7000000 148.0350000 199.4030000 123.1070000 149.3920000 201.9010000
 122.4570000 149.6890000 202.9040000 123.6960000 148.1990000 201.7840000
 124.1250000 148.0170000 201.0610000 123.5930000 147.1630000 202.8150000
 122.6670000 147.1280000 203.1010000 123.9570000 145.8060000 202.1860000
 123.4240000 145.6840000 201.3850000 124.8900000 145.8300000 201.9210000
 123.7380000 144.5920000 203.1090000 124.2930000 144.6800000 203.9000000
 122.2760000 144.4320000 203.5420000 122.1740000 143.6100000 204.0470000
 121.6990000 144.4060000 202.7620000 122.0190000 145.1710000 204.1160000
 124.1430000 143.3230000 202.3590000 123.6190000 143.2290000 201.5480000
 124.0000000 142.5480000 202.9240000 125.0850000 143.3670000 202.1330000
 124.4350000 147.4950000 204.0590000 123.9700000 147.2820000 205.1770000
 125.5540000 148.2070000 203.8790000 125.8230000 148.3330000 203.0720000
 126.3510000 148.8010000 204.9570000 126.6280000 148.0960000 205.5640000
 127.6130000 149.4050000 204.3130000 128.0470000 148.7300000 203.7690000
 127.3490000 150.1350000 203.7310000 128.6610000 149.9120000 205.2850000
 128.9420000 149.3370000 206.3250000 129.4240000 150.8940000 204.8660000
 129.2750000 151.2730000 204.1080000 130.0520000 151.1660000 205.3880000
 125.5330000 149.8260000 205.7750000 125.3930000 149.6410000 206.9850000
 124.7780000 150.7060000 205.0970000 124.8670000 150.7390000 204.2420000
 123.8180000 151.6360000 205.7170000 124.3030000 152.2090000 206.3320000
 123.1940000 152.5260000 204.6140000 123.9270000 152.9040000 204.1040000
 122.6840000 151.9680000 204.0060000 122.2810000 153.6950000 205.0500000
 122.7740000 154.2850000 205.6410000 121.8710000 154.4870000 203.8000000
 121.2940000 153.9440000 203.2400000 121.3970000 155.2920000 204.0610000
 122.6540000 154.7390000 203.2850000 120.9700000 153.2850000 205.7280000
 120.3650000 154.0420000 205.7720000 121.1440000 152.9970000 206.6380000
 120.5470000 152.5710000 205.2260000 122.7610000 150.8860000 206.5440000
 122.6580000 151.1090000 207.7490000 122.0230000 149.9470000 205.9400000
 122.1360000 149.8130000 205.0980000 120.9510000 149.2310000 206.6430000
 120.3630000 149.8820000 207.0560000 120.1420000 148.3740000 205.6560000
 119.5950000 147.7610000 206.1720000 120.7620000 147.8360000 205.1400000
 119.1970000 149.0920000 204.7030000 118.5730000 150.3130000 205.0410000
 118.7700000 150.7510000 205.8380000 117.6140000 150.8810000 204.1850000
 117.2050000 151.6860000 204.4090000 117.2480000 150.2200000 203.0020000
 116.5920000 150.5850000 202.4530000 117.8590000 149.0040000 202.6610000
 117.6050000 148.5600000 201.8840000 118.8400000 148.4500000 203.5030000
 119.2370000 147.6400000 203.2780000 121.4520000 148.3570000 207.7990000
 120.7930000 148.3040000 208.8440000 122.6060000 147.6970000 207.6600000
 123.0410000 147.7560000 206.9200000 123.1480000 146.8740000 208.7370000
 122.4240000 146.3220000 209.0710000 124.2230000 145.9160000 208.1940000
 124.2770000 145.1580000 208.7970000 123.9610000 145.5870000 207.3200000
 125.8770000 146.6650000 208.0870000 125.5280000 147.7430000 207.6910000
 123.6250000 147.7270000 209.9210000 123.3130000 147.3800000 211.0650000
 124.2300000 148.8990000 209.6770000 124.4160000 149.1250000 208.8680000
 124.6970000 149.7470000 210.7690000 124.9820000 149.1300000 211.4610000
 125.9920000 150.5100000 210.4260000 126.4450000 150.5970000 211.2790000
 126.5590000 149.9420000 209.8810000 125.9570000 151.9160000 209.7880000
 125.2880000 152.4560000 210.2380000 125.7020000 151.8370000 208.8550000
 127.3350000 152.6220000 209.9140000 128.0000000 152.4160000 210.9630000
 127.7010000 153.4420000 209.0380000 128.5688164 153.7853035 209.2630259
 123.5670000 150.5520000 211.4260000 123.3970000 150.3750000 212.6350000
 122.6090000 151.0710000 210.6380000 122.7490000 151.0690000 209.7900000
 121.3250000 151.6360000 211.1020000 121.4960000 152.4700000 211.5670000
 120.4340000 151.9330000 209.8680000 120.3450000 151.1220000 209.3440000
 120.9220000 152.5710000 209.3240000 119.0140000 152.5090000 210.1010000
 119.0720000 153.2850000 210.6800000 118.4240000 152.9380000 208.7530000
 118.2580000 152.1620000 208.1950000 117.5910000 153.4150000 208.8960000
 119.0370000 153.5310000 208.2910000 117.9870000 151.5230000 210.6760000
 118.1480000 151.3720000 211.6210000 118.0230000 150.6810000 210.1970000
 117.0920000 151.8900000 210.6010000 120.6230000 150.6920000 212.0810000
 120.2510000 151.1010000 213.1820000 120.4740000 149.4250000 211.6850000
 120.7520000 149.2130000 210.8990000 119.7400000 148.4320000 212.4730000
 118.9020000 148.8280000 212.7580000 119.4050000 147.1820000 211.6370000
 120.2240000 146.7210000 211.3990000 118.4790000 146.2080000 212.3650000
 118.2550000 145.4720000 211.7740000 117.6640000 146.6640000 212.6270000
 118.9120000 145.8510000 213.1560000 118.7360000 147.5460000 210.4520000
 119.3170000 147.7970000 209.9000000 120.5020000 148.0450000 213.7380000
 119.9250000 148.0480000 214.8250000 121.7810000 147.6640000 213.6160000
 122.1470000 147.7190000 212.8400000 122.4030000 146.7890000 214.6150000
 121.9180000 146.9140000 215.4460000 122.1740000 145.3370000 214.1910000
 122.3210000 144.7850000 214.9750000 121.2560000 145.2100000 213.9050000
 123.3170000 144.8250000 212.8720000 123.2850000 145.8410000 212.2340000
 123.8740000 147.0650000 214.9760000 124.4790000 146.2720000 215.7130000
 124.4300000 148.2070000 214.5540000 123.9540000 148.7280000 214.0630000
 125.8290000 148.5780000 214.8160000 126.3890000 148.0040000 214.2700000
 126.0640000 150.0290000 214.3890000 125.5160000 150.6110000 214.9380000
 125.7990000 150.1360000 213.4620000 127.4190000 150.4170000 214.5250000
 127.4670000 151.2170000 214.2720000 126.2190000 148.4360000 216.2990000
 125.4800000 148.9170000 217.1630000 127.4520000 148.0020000 216.6320000
 128.4500000 147.4590000 215.7190000 128.1840000 146.5680000 215.4440000
 128.5740000 148.0230000 214.9400000 129.7490000 147.3930000 216.5170000
 130.3180000 146.6670000 216.2170000 130.2120000 148.2430000 216.4560000
 129.2560000 147.1780000 217.9480000 129.9150000 147.4560000 218.6030000
 129.0370000 146.2410000 218.0740000 127.9710000 148.0120000 218.0080000
 127.3350000 147.5630000 218.5870000 128.1990000 149.4270000 218.5950000
 128.6790000 149.5550000 219.7230000 127.8440000 150.4950000 217.8610000
 127.5370000 150.3330000 217.0740000 127.7700000 151.8890000 218.3410000
 127.8180000 151.8680000 219.3100000 128.9820000 152.7120000 217.8400000
 128.9060000 153.6130000 218.1900000 129.7930000 152.3270000 218.2070000
 129.1170000 152.7680000 216.3020000 128.2350000 152.6760000 215.9090000
 129.6440000 152.0080000 216.0080000 129.7230000 154.0670000 215.7320000
 129.9260000 153.9250000 214.7940000 129.0420000 154.7560000 215.7850000
 130.9370000 154.5350000 216.4380000 131.3220000 153.9720000 216.9620000
 131.3530000 155.7960000 216.4780000 130.9200000 156.7250000 215.6850000
 130.4610000 156.5440000 214.9810000 131.0320000 157.5500000 215.9000000
 132.2080000 156.1880000 217.3760000 132.3530000 157.0350000 217.4050000
 132.5210000 155.6440000 217.9640000 126.4180000 152.5690000 218.0540000
 126.3870000 153.7800000 217.8850000 125.3190000 151.8230000 217.9360000
 125.3920000 150.9700000 218.0160000 124.0430000 152.3510000 217.4230000
 124.2190000 152.7270000 216.5460000 123.1000000 151.1540000 217.2080000
 123.0050000 150.6950000 218.0570000 123.5320000 150.5330000 216.6010000
 121.7090000 151.4480000 216.6130000 121.6250000 151.0090000 215.7520000
 121.5860000 152.4000000 216.4740000 120.6190000 150.9510000 217.5520000
 120.6250000 151.3140000 218.7170000 119.8130000 149.9790000 217.1890000
 119.2420000 149.7000000 217.7680000 119.8170000 149.6470000 216.3960000
 123.4430000 153.5190000 218.2470000 123.0920000 154.5330000 217.6490000
 123.6390000 153.5680000 219.5760000 123.9430000 152.8710000 219.9770000
 123.2910000 154.7510000 220.4040000 122.4120000 155.0550000 220.1300000
 123.2030000 154.3890000 221.8940000 124.0810000 154.1280000 222.2130000
 122.9090000 155.1620000 222.4010000 122.2980000 153.3300000 222.1200000
 122.2890000 153.1720000 222.9450000 124.2290000 155.9700000 220.2470000
 124.2050000 156.8670000 221.0880000 125.1570000 155.9600000 219.2860000
 125.1800000 155.2840000 218.7550000 126.0010000 157.1110000 218.9400000
 126.1440000 157.6520000 219.7320000 127.3670000 156.5810000 218.4640000
 127.2490000 156.2220000 217.5710000 127.6590000 155.8560000 219.0380000
 128.4720000 157.6440000 218.3910000 129.0590000 157.4140000 217.6540000
 128.0760000 158.5070000 218.1920000 129.3420000 157.8020000 219.6380000
 129.1880000 157.1520000 220.6660000 130.4000000 158.5750000 219.5400000
 130.5460000 158.9980000 218.8050000 130.7860000 158.8190000 220.2690000
 125.3480000 158.0200000 217.8780000 125.5520000 159.2320000 217.9200000
 124.5050000 157.4560000 217.0010000 124.3610000 156.6110000 217.0660000
 124.0040000 158.0990000 215.7730000 124.2490000 159.0370000 215.7920000
 124.6980000 157.4570000 214.5580000 124.3620000 157.8680000 213.7460000
 125.6450000 157.6630000 214.6010000 124.5680000 155.9510000 214.4290000
 123.3370000 155.3540000 214.0960000 122.5740000 155.8730000 213.9790000
 123.2490000 153.9700000 213.8900000 122.4360000 153.5790000 213.6630000
 124.4060000 153.1870000 213.9830000 124.3510000 152.2720000 213.8280000
 125.6380000 153.7670000 214.3180000 126.4050000 153.2410000 214.3490000
 125.7130000 155.1460000 214.5670000 126.5300000 155.5340000 214.7820000
 122.4710000 158.0700000 215.6270000 121.9370000 158.2400000 214.5280000
 121.7520000 157.7310000 216.6980000 122.1690000 157.5770000 217.4340000
 120.3210000 157.4320000 216.6700000 119.9050000 157.9350000 215.9530000
 120.1610000 155.9280000 216.3680000 120.6300000 155.4150000 217.0440000
 120.6020000 155.7590000 215.5210000 118.7100000 155.4260000 216.2680000
 118.1370000 156.1550000 215.9850000 118.6170000 154.2970000 215.2360000
 118.8710000 154.6350000 214.3630000 119.2090000 153.5650000 215.4700000
 117.7050000 153.9720000 215.1710000 118.1930000 154.8680000 217.5970000
 117.2590000 154.6210000 217.5090000 118.2600000 155.5380000 218.2950000
 118.7240000 154.0990000 217.8570000 119.6610000 157.8500000 217.9870000
 120.1520000 157.5020000 219.0600000 118.4710000 158.4450000 217.8920000
 118.1470000 158.5790000 217.1070000 117.6130000 158.7820000 219.0290000
 117.8970000 158.2710000 219.8030000 117.7740000 160.2750000 219.3570000
 118.7080000 160.4690000 219.5330000 117.4990000 160.8080000 218.5950000
 116.9760000 160.7020000 220.5720000 116.8510000 159.9740000 221.5430000
 116.3020000 161.8230000 220.5110000 116.2800000 162.2690000 219.7760000
 115.7220000 161.9460000 221.1340000 116.1590000 158.3980000 218.7250000
 115.7310000 158.4580000 217.5730000 115.4180000 157.9290000 219.7290000
 115.7130000 158.0340000 220.5300000 114.0360000 157.4540000 219.5570000
 113.9270000 157.2070000 218.6250000 113.8010000 156.1620000 220.3600000
 114.5180000 155.5460000 220.1420000 113.7930000 156.3500000 221.8810000
 114.6320000 156.7410000 222.1720000 113.6850000 155.4900000 222.3170000
 113.0630000 156.9300000 222.1490000 112.4950000 155.5000000 219.9280000
 111.7350000 156.0470000 220.1830000 112.4210000 154.6290000 220.3480000
 112.4920000 155.3860000 218.9650000 113.0170000 158.5670000 219.8260000
 113.2040000 159.3780000 220.7320000 111.9580000 158.6300000 219.0120000
 111.8800000 158.0350000 218.3960000 111.0440000 159.7870000 218.9460000
 111.3620000 160.4800000 219.5460000 111.0280000 160.3780000 217.5260000
 110.6080000 159.7450000 216.9230000 110.2800000 161.7090000 217.4530000
 110.3550000 162.0830000 216.5610000 110.6530000 162.3310000 218.0980000
 109.3400000 161.5730000 217.6500000 112.3380000 160.6290000 217.0660000
 112.2750000 160.9470000 216.2910000 109.6160000 159.4450000 219.3760000
 108.9730000 160.2530000 220.0430000 109.1410000 158.2290000 219.0850000
 109.6250000 157.7020000 218.6080000 107.8540000 157.7240000 219.5610000
 107.6120000 158.2110000 220.3650000 106.7580000 157.9850000 218.5190000
 105.8920000 157.7750000 218.9010000 106.8970000 157.4220000 217.7410000
 106.7690000 158.9180000 218.2530000 107.9390000 156.2380000 219.9310000
 108.3300000 155.3970000 219.1100000 107.4560000 155.9190000 221.1340000
 107.1620000 156.5420000 221.6490000 107.3360000 154.5580000 221.6650000
 107.2830000 153.9680000 220.8970000 108.5700000 154.1480000 222.5090000
 108.5410000 153.1890000 222.6530000 109.9160000 154.4800000 221.8720000
 110.0650000 155.4380000 221.8940000 110.6240000 154.0370000 222.3650000
 109.9290000 154.1780000 220.9500000 108.5980000 154.8000000 223.7540000
 109.2850000 154.5330000 224.1570000 106.0210000 154.3980000 222.4480000
 105.4550000 155.3920000 222.9060000 105.4330000 153.1940000 222.4620000
 105.8360000 152.5420000 222.0730000 104.1160000 152.9310000 223.0840000
 104.0150000 153.5480000 223.8260000 102.9850000 153.2390000 222.0710000
 102.1630000 153.3870000 222.5640000 103.2040000 154.0660000 221.6130000
 102.7310000 152.1250000 221.0290000 103.5770000 151.7190000 220.7830000
 102.1920000 151.4410000 221.4570000 102.0070000 152.5570000 219.7410000
 101.6010000 153.7350000 219.5670000 101.9330000 151.7330000 218.7930000
 104.0010000 151.5060000 223.6730000 104.6040000 150.5720000 223.1490000
 103.2270000 151.3020000 224.7480000 102.8670000 151.9760000 225.1430000
 103.0430000 149.9860000 225.3900000 103.9180000 149.6360000 225.6180000
 102.2620000 150.1220000 226.7060000 101.4560000 150.6380000 226.5500000
 101.9880000 149.2380000 226.9950000 103.0820000 150.7690000 227.8210000
 102.9270000 151.9980000 227.9890000 103.6430000 149.9900000 228.6300000
 102.3550000 148.9410000 224.4850000 101.1290000 148.8600000 224.3810000
 103.1430000 147.9700000 224.0310000 103.9850000 148.0370000 224.1950000
 102.6810000 146.6920000 223.5050000 101.8700000 146.8350000 222.9920000
 103.7450000 146.1410000 222.5640000 103.9050000 146.8220000 221.8920000
 104.5810000 146.0250000 223.0410000 103.3910000 144.8310000 221.8880000
 102.5010000 144.8110000 220.7970000 102.0870000 145.5980000 220.5250000
 102.2520000 143.6060000 220.1120000 101.6780000 143.5840000 219.3800000
 102.9070000 142.4220000 220.5150000 102.8040000 141.3000000 219.7590000
 103.5450000 141.1820000 219.3820000 103.7660000 142.4340000 221.6330000
 104.1900000 141.6540000 221.9100000 103.9940000 143.6370000 222.3240000
 104.5660000 143.6470000 223.0570000 102.3900000 145.7040000 224.6350000
 103.2990000 145.1790000 225.2800000 101.1110000 145.3910000 224.8260000
 100.5280000 145.8030000 224.3470000 100.6530000 144.2950000 225.6880000
 101.1230000 144.3520000 226.5350000  99.1400000 144.4220000 225.9770000
  98.8430000 143.6050000 226.4070000  98.8920000 145.5760000 226.9550000
  97.9450000 145.6510000 227.1490000  99.3640000 145.4080000 227.7860000
  99.2030000 146.4130000 226.5750000  98.2450000 144.6710000 224.7480000
  98.3410000 143.9520000 224.1040000  98.4730000 145.5110000 224.3190000
  97.3150000 144.7050000 225.0210000 101.0050000 142.9390000 225.0620000
 100.4420000 142.5570000 224.0410000 101.8780000 142.1580000 225.7040000
 102.2540000 142.4570000 226.4180000 102.2250000 140.8130000 225.2300000
 102.4920000 140.8870000 224.3000000 103.4120000 140.2360000 226.0210000
 103.2810000 140.4050000 226.9670000 103.4230000 139.2750000 225.8890000
 104.7750000 140.7630000 225.5790000 104.9990000 140.7870000 224.3510000
 105.7470000 140.5850000 226.3500000 101.0150000 139.8610000 225.3460000
 100.7060000 139.4290000 226.4650000 100.4650000 139.3230000 224.2360000
 100.8710000 139.5600000 222.8530000 100.6060000 140.4520000 222.5800000
 101.8270000 139.4470000 222.7340000 100.1190000 138.5280000 222.0170000
 100.6220000 137.6990000 221.9890000  99.9430000 138.8540000 221.1200000
  98.8320000 138.3270000 222.8140000  98.4170000 137.4730000 222.6170000
  98.2170000 139.0510000 222.6180000  99.2930000 138.4370000 224.2730000
  98.5910000 138.8560000 224.7950000  99.5730000 137.0560000 224.8970000
  98.6620000 136.2490000 225.0530000 100.8330000 136.7710000 225.2440000
 101.4170000 137.3870000 225.1070000 101.2830000 135.5280000 225.8900000
 100.6000000 134.8520000 225.7600000 102.5690000 135.0010000 225.2160000
 102.7840000 134.1390000 225.6040000 102.3670000 134.7850000 223.7100000
 103.1440000 134.3410000 223.3360000 102.2420000 135.6330000 223.2550000
 101.5870000 134.2280000 223.5610000 103.7800000 135.9240000 225.4160000
 104.5560000 135.5400000 224.9790000 103.9800000 136.0110000 226.3610000
 103.6110000 136.8000000 225.0360000 101.4670000 135.6470000 227.4120000
 101.7730000 134.6460000 228.0530000 101.3830000 136.8520000 227.9980000
 101.1560000 137.5230000 227.5100000 101.6920000 137.0670000 229.4350000
 101.3300000 136.3170000 229.9330000 103.2210000 137.0310000 229.6530000
 103.5620000 136.1750000 229.3500000 103.9800000 138.1310000 228.9210000
 103.8640000 138.0300000 227.9630000 103.6540000 139.0020000 229.1970000
 104.9270000 138.0620000 229.1190000 103.5500000 137.1740000 231.0110000
 104.3870000 137.1470000 231.0800000 101.0690000 138.3240000 230.0740000
 100.7710000 138.3090000 231.2670000 100.6150000 139.3030000 229.2800000
 100.7400000 139.2290000 228.4320000 100.0100000 140.5790000 229.7130000
  99.7830000 141.0410000 228.8910000  98.6790000 140.3930000 230.4790000
  98.1720000 141.2180000 230.4210000  98.8790000 140.2450000 231.4170000
  97.7940000 139.2610000 229.9970000  96.8610000 139.4380000 229.2370000
  97.9680000 138.0830000 230.5480000  98.6680000 137.9700000 231.0350000
  97.4780000 137.4420000 230.2500000 100.9570000 141.5530000 230.4490000
 100.5020000 142.5880000 230.9330000 102.2710000 141.3030000 230.4560000
 102.5410000 140.5890000 230.0590000 103.2490000 142.3820000 230.6470000
 102.9980000 142.8830000 231.4390000 104.6640000 141.8090000 230.8790000
 104.5850000 141.0170000 231.4340000 105.1900000 142.4610000 231.3680000
 105.4280000 141.4630000 229.5850000 104.8130000 141.0700000 228.9460000
 105.7750000 142.2770000 229.1870000 106.5880000 140.4880000 229.7660000
 106.9570000 140.0660000 230.8510000 107.1100000 139.9640000 228.6820000
 106.7520000 140.1610000 227.9250000 107.7100000 139.3580000 228.7890000
 103.1910000 143.3370000 229.4430000 102.8650000 142.9010000 228.3350000
 103.6110000 144.5900000 229.6160000 103.8910000 144.8550000 230.3850000
 103.9400000 145.4480000 228.4730000 103.4420000 145.1300000 227.7040000
 103.5010000 146.9110000 228.6560000 103.6550000 147.3760000 227.8190000
 102.0170000 147.0250000 229.0070000 101.7780000 147.9600000 229.1040000
 101.4890000 146.6360000 228.2920000 101.8310000 146.5710000 229.8440000
 104.2140000 147.5810000 229.6600000 104.1150000 148.3940000 229.4740000
 105.4240000 145.3370000 228.1210000 106.2760000 145.1100000 228.9850000
 105.7360000 145.4660000 226.8310000 105.0750000 145.5360000 226.2850000
 107.0070000 146.0320000 226.3660000 107.5780000 146.2300000 227.1250000
 107.7460000 145.0980000 225.3980000 108.6100000 145.4940000 225.2040000
 107.2500000 145.0470000 224.5660000 107.9490000 143.6730000 225.9240000
 108.2540000 143.6950000 226.8450000 107.1000000 143.2050000 225.8850000
 108.9990000 142.9590000 225.0600000 109.8810000 143.2200000 225.3680000
 108.9200000 143.2430000 224.1360000 108.8760000 141.4350000 225.1180000
 109.6680000 141.0530000 224.7070000 108.8400000 141.1530000 226.0450000
 107.6700000 140.9730000 224.3950000 107.4680000 141.4800000 223.6920000
 107.7050000 140.1160000 224.1570000 106.9460000 141.0070000 224.9110000
 106.6840000 147.3350000 225.6540000 105.6850000 147.3980000 224.9490000
 107.5720000 148.3120000 225.6810000 108.2560000 148.2700000 226.2000000
 107.3860000 149.5200000 224.8740000 106.4430000 149.7470000 224.8600000
 108.1470000 150.7080000 225.4820000 109.0500000 150.7370000 225.1290000
 107.4170000 152.0010000 225.1430000 106.5430000 152.0190000 225.5640000
 107.2990000 152.0570000 224.1820000 107.9320000 152.7630000 225.4520000
 108.2420000 150.5950000 226.8890000 108.6660000 151.2680000 227.1590000
 107.8470000 149.2270000 223.4420000 108.9860000 148.8130000 223.2520000
 106.9780000 149.3130000 222.4350000 106.1900000 149.6090000 222.6140000
 107.3810000 149.2560000 221.0250000 108.0490000 148.5640000 220.9040000
 106.1680000 148.9570000 220.1250000 106.3400000 149.3120000 219.2390000
 105.3890000 149.4180000 220.4740000 105.8510000 147.4860000 219.9490000
 106.6620000 146.5930000 220.1230000 104.6660000 147.1870000 219.4690000
 104.0730000 147.8090000 219.4270000 104.4590000 146.3540000 219.5250000
 107.9980000 150.5910000 220.5990000 107.4130000 151.6340000 220.8670000
 109.0180000 150.5440000 219.7460000 109.3220000 149.7640000 219.5490000
 109.5240000 151.6630000 218.9420000 109.3770000 152.4860000 219.4340000
 111.0370000 151.5190000 218.6950000 111.2200000 150.6680000 218.2670000
 111.5840000 152.6250000 217.7830000 111.2530000 152.5070000 216.8790000
 112.5520000 152.5780000 217.7500000 111.3090000 153.4950000 218.1120000
 111.7710000 151.5520000 220.0430000 111.3190000 152.1420000 220.6670000
 111.7910000 150.6560000 220.4150000 112.6780000 151.8790000 219.9320000
 108.7520000 151.7820000 217.6290000 108.5070000 150.7810000 216.9530000
 108.3920000 153.0210000 217.2750000 108.5690000 153.6470000 217.8370000
 107.4440000 153.3390000 216.1940000 107.3560000 152.5760000 215.6020000
 106.1010000 153.6070000 216.8780000 105.9200000 152.8710000 217.4840000
 106.1700000 154.4200000 217.4030000 104.9180000 153.7300000 215.9130000
 104.8130000 152.8910000 215.4380000 105.0540000 154.4480000 215.2750000
 103.6780000 154.0170000 216.7600000 103.6880000 153.4180000 217.5230000
 103.7080000 154.9310000 217.0820000 102.3860000 153.7820000 215.9810000
 102.2250000 154.5260000 215.3800000 102.4900000 152.9740000 215.4540000
 101.2720000 153.5920000 216.9350000 101.1420000 152.7510000 217.1960000
 100.5190000 153.9810000 216.6640000 101.4150000 154.0980000 217.6530000
 107.8580000 154.5290000 215.3230000 107.4780000 154.5770000 214.1600000
 108.6470000 155.4480000 215.8730000 108.8480000 155.3680000 216.7050000
 109.3030000 156.5390000 215.1450000 109.4560000 156.2700000 214.2260000
 108.4110000 157.7940000 215.1530000 107.5070000 157.5560000 214.8940000
 108.3830000 158.1390000 216.0590000 108.9130000 158.9320000 214.2540000
 108.3810000 159.7220000 214.4390000 109.8300000 159.1490000 214.4830000
 108.8020000 158.5930000 212.7630000 107.6560000 158.4050000 212.2940000
 109.8690000 158.5760000 212.1100000 110.6510000 156.8260000 215.8150000
 110.7440000 156.8570000 217.0490000 111.6910000 157.0750000 215.0240000
 111.5620000 157.1090000 214.1740000 113.0260000 157.4300000 215.5090000
 112.9300000 157.9450000 216.3250000 113.8250000 156.1530000 215.8550000
 113.2920000 155.6500000 216.4900000 114.6420000 156.4030000 216.3140000
 114.1950000 155.2170000 214.6850000 113.4610000 155.1710000 214.0530000
 115.4740000 155.6480000 213.9630000 115.3360000 156.4830000 213.4890000
 115.7320000 154.9770000 213.3120000 116.1910000 155.7790000 214.6040000
 114.4460000 153.8120000 215.2350000 113.6260000 153.4600000 215.6150000
 115.1320000 153.8380000 215.9210000 114.7280000 153.2180000 214.5220000
 113.7320000 158.3420000 214.5060000 113.4430000 158.2980000 213.3120000
 114.6820000 159.1350000 214.9950000 114.8700000 159.0640000 215.8310000
 115.5900000 159.9230000 214.1720000 115.2070000 160.0070000 213.2850000
 115.7180000 161.3550000 214.7220000 116.3920000 161.8140000 214.1970000
 114.8700000 161.8060000 214.5850000 116.0890000 161.4670000 216.2130000
 116.9450000 161.0320000 216.3480000 115.4150000 161.0160000 216.7450000
 116.2030000 162.8940000 216.7520000 116.0960000 163.1390000 217.9460000
 116.3780000 163.9050000 215.9270000 116.4900000 164.6730000 216.2970000
 116.4880000 163.7570000 215.0870000 116.9320000 159.1980000 213.9980000
 117.6540000 158.9330000 214.9650000 117.2860000 158.9240000 212.7430000
 116.7310000 159.1200000 212.1160000 118.5770000 158.3640000 212.3500000
 119.0560000 158.0740000 213.1420000 118.3480000 157.1510000 211.4500000
 117.9420000 156.4690000 212.0080000 117.7070000 157.4100000 210.7700000
 119.5720000 156.5500000 210.7690000 120.7560000 156.3180000 211.4980000
 120.7910000 156.5230000 212.4040000 121.8980000 155.7960000 210.8570000
 122.6890000 155.6770000 211.3310000 121.8530000 155.4750000 209.4840000
 122.9530000 155.0010000 208.8450000 122.7760000 154.6700000 208.0930000
 120.6580000 155.6720000 208.7640000 120.6440000 155.4670000 207.8570000
 119.5210000 156.2070000 209.4020000 118.7380000 156.3380000 208.9170000
 119.4270000 159.4310000 211.6810000 118.9990000 160.1110000 210.7420000
 120.5620000 159.7110000 212.3160000 120.8180000 159.2200000 212.9740000
 121.4540000 160.7710000 211.8690000 120.8970000 161.4350000 211.4330000
 122.1320000 161.4390000 213.0770000 122.6910000 162.1580000 212.7440000
 122.6400000 160.7850000 213.5820000 121.2290000 162.0620000 214.1070000
 120.5620000 161.2360000 215.0310000 120.6400000 160.3110000 214.9820000
 119.8790000 161.7700000 216.1330000 119.5480000 161.2090000 216.7970000
 119.8490000 163.1580000 216.3260000 119.3010000 163.6770000 217.4550000
 119.4550000 164.4990000 217.5380000 120.5230000 163.9910000 215.4170000
 120.5750000 164.8990000 215.6100000 121.2380000 163.4520000 214.3290000
 121.7710000 164.0120000 213.8120000 122.4610000 160.2470000 210.8420000
 123.2450000 159.3510000 211.1530000 122.4760000 160.8370000 209.6420000
 121.9590000 161.5150000 209.5300000 123.2270000 160.3150000 208.4720000
 123.8010000 159.5960000 208.7800000 122.3140000 159.7180000 207.3710000
 121.8670000 160.4360000 206.8960000 123.1160000 158.9260000 206.3270000
 122.5240000 158.5630000 205.6490000 123.5890000 158.1900000 206.7460000
 123.7540000 159.5030000 205.8780000 121.2220000 158.8170000 207.9440000
 120.7470000 158.3520000 207.2380000 120.5790000 159.3470000 208.4410000
 121.6290000 158.1760000 208.5480000 124.1050000 161.4120000 207.8880000
 123.6090000 162.5090000 207.6320000 125.3660000 161.0960000 207.5710000
 125.6540000 160.3040000 207.7410000 126.2750000 162.0620000 206.9500000
 126.4180000 162.7950000 207.5690000 127.1390000 161.6620000 206.7630000
 125.6970000 162.6250000 205.6490000 125.2510000 161.8800000 204.7750000
 125.7380000 163.9440000 205.4980000 126.2090000 164.3760000 206.0740000
 125.2560000 164.6670000 204.3210000 124.3430000 164.3860000 204.1510000
 125.2730000 166.1720000 204.6550000 126.1340000 166.5540000 204.4230000
 125.1410000 166.2830000 205.6100000 124.1590000 166.9570000 203.9490000
 124.3350000 166.9930000 202.9960000 123.3190000 166.4920000 204.0870000
 123.9970000 168.3810000 204.4890000 124.8420000 168.9540000 205.1600000
 122.9030000 169.0430000 204.1810000 122.8220000 169.8070000 204.5680000
 122.2470000 168.6280000 203.8110000 126.1000000 164.3260000 203.0770000
 125.5580000 163.8760000 202.0640000 127.4190000 164.2330000 203.2750000
 127.7370000 164.5860000 203.9920000 128.3920000 163.6580000 202.3440000
 128.3820000 164.1660000 201.5180000 129.7760000 163.8020000 202.9880000
 129.9840000 164.7440000 203.0890000 129.7610000 163.3930000 203.8680000
 130.7860000 163.1870000 202.2140000 131.5180000 163.2970000 202.6100000
 128.1140000 162.1860000 202.0040000 128.1220000 161.8160000 200.8330000
 127.6990000 161.3740000 202.9830000 127.5720000 161.7140000 203.7630000
 127.4200000 159.9450000 202.7820000 128.1480000 159.5560000 202.2720000
 127.3770000 159.2440000 204.1400000 128.2320000 159.4000000 204.5700000
 126.6950000 159.6540000 204.6950000 127.1090000 157.7490000 204.0870000
 128.1680000 156.8380000 203.9140000 129.0380000 157.1480000 203.8060000
 127.9220000 155.4530000 203.9220000 128.6270000 154.8530000 203.8310000
 126.6130000 154.9700000 204.0800000 126.4510000 154.0540000 204.0860000
 125.5520000 155.8770000 204.2410000 124.6860000 155.5600000 204.3650000
 125.7980000 157.2610000 204.2450000 125.0890000 157.8520000 204.3600000
 126.1380000 159.6840000 201.9870000 126.1770000 158.9370000 201.0130000
 125.0570000 160.4160000 202.2690000 125.0820000 160.9440000 202.9470000
 123.8370000 160.3600000 201.4660000 123.5300000 159.4410000 201.4280000
 122.7610000 161.2060000 202.1580000 121.9360000 161.1640000 201.6490000
 123.0500000 162.1300000 202.2250000 122.5940000 160.8610000 203.0490000
 124.0870000 160.8250000 200.0180000 123.6080000 160.1960000 199.0760000
 124.9360000 161.8440000 199.8280000 125.2870000 162.2160000 200.5200000
 125.3530000 162.3060000 198.5010000 124.5640000 162.4250000 197.9490000
 126.0680000 163.6690000 198.6240000 126.7410000 163.6230000 199.3210000
 126.5200000 163.8580000 197.7870000 125.1700000 164.8660000 198.9170000
 125.4970000 165.9930000 198.5930000 123.9450000 164.6720000 199.3470000
 123.7200000 163.8910000 199.6270000 123.4800000 165.3800000 199.4970000
 126.2290000 161.2810000 197.7560000 125.9860000 161.0510000 196.5750000
 127.2010000 160.6490000 198.4200000 127.3540000 160.8790000 199.2340000
 128.1060000 159.6610000 197.8240000 128.4540000 160.0110000 196.9890000
 129.2830000 159.4480000 198.7850000 129.9070000 158.8130000 198.4000000
 128.9660000 159.1020000 199.6340000 129.7430000 160.2880000 198.9370000
 127.4120000 158.3260000 197.5060000 127.5410000 157.8090000 196.3980000
 126.5730000 157.8310000 198.4250000 126.5020000 158.2420000 199.1770000
 125.7760000 156.6200000 198.2190000 126.3810000 155.8920000 198.0070000
 125.0280000 156.2630000 199.5180000 124.3940000 156.9630000 199.7380000
 125.6790000 156.2180000 200.2360000 124.3050000 154.9070000 199.4700000
 124.9290000 154.2420000 199.1380000 124.0770000 154.6570000 200.3790000
 122.7890000 154.7910000 198.4760000 121.6550000 155.8420000 199.4220000
 120.7720000 155.7930000 199.0240000 121.6070000 155.5310000 200.3390000
 121.9630000 156.7620000 199.4040000 124.8360000 156.7950000 197.0230000
 124.9570000 156.0500000 196.0530000 124.1050000 157.9170000 196.9660000
 124.1040000 158.4510000 197.6400000 123.2640000 158.2490000 195.8160000
 122.6620000 157.5050000 195.6550000 122.4070000 159.4820000 196.1280000
 122.9880000 160.2010000 196.4230000 121.8090000 159.2700000 196.8610000
 121.5850000 159.9890000 194.9530000 120.2920000 159.4820000 194.7170000
 119.9460000 158.8130000 195.2620000 119.5070000 160.0040000 193.6690000
 118.6450000 159.6880000 193.5190000 120.0260000 161.0210000 192.8420000
 119.2620000 161.5750000 191.8690000 118.4560000 161.6270000 192.1010000
 121.3360000 161.4980000 193.0510000 121.6650000 162.1660000 192.4940000
 122.1130000 160.9850000 194.1070000 122.9680000 161.3190000 194.2590000
 124.0660000 158.4550000 194.5260000 123.7110000 157.8640000 193.5130000
 125.1100000 159.2950000 194.5080000 125.3630000 159.6700000 195.2390000
 125.7130000 159.7330000 193.2410000 124.9700000 159.9510000 192.6570000
 126.5030000 161.0460000 193.4180000 125.9600000 161.6730000 193.9210000
 126.6540000 161.4280000 192.5390000 127.8620000 160.9410000 194.0970000
 128.4550000 159.8960000 194.2570000 128.5160000 162.0590000 194.3060000
 129.3100000 161.9620000 194.6210000 128.1420000 162.8220000 194.1710000
 126.4880000 158.6300000 192.4910000 126.5300000 158.6910000 191.2560000
 126.9100000 157.5750000 193.2010000 126.9170000 157.6550000 194.0570000
 127.4110000 156.3180000 192.6470000 127.8630000 156.4980000 191.8080000
 128.4470000 155.7610000 193.6340000 128.8340000 154.9450000 193.2800000
 128.0300000 155.5740000 194.4900000 129.1550000 156.4110000 193.7660000
 126.2880000 155.2940000 192.3610000 126.2750000 154.6840000 191.2960000
 125.2830000 155.1680000 193.2400000 125.3190000 155.6170000 193.9720000
 124.1430000 154.2520000 193.0600000 124.4720000 153.3510000 192.9190000
 123.2970000 154.2830000 194.3430000 123.8250000 153.9710000 195.0940000
 123.0200000 155.1960000 194.5180000 121.8120000 153.2470000 194.2030000
 122.3380000 152.1890000 194.4120000 123.2570000 154.6040000 191.8540000
 122.6830000 153.7170000 191.2250000 123.0260000 155.8990000 191.6120000
 123.4000000 156.4580000 192.1480000 121.9290000 156.4040000 190.7650000
 121.1070000 156.0260000 191.1140000 121.8180000 157.9400000 190.8890000
 121.5780000 158.1370000 191.8080000 121.0900000 158.2630000 190.3350000
 123.0940000 158.7390000 190.5630000 123.0060000 159.6190000 190.9620000
 123.8500000 158.3030000 190.9860000 123.4390000 158.9310000 189.0800000
 123.3500000 158.0960000 188.5940000 122.8270000 159.5750000 188.6910000
 124.8340000 159.3910000 188.9530000 125.3430000 159.2450000 189.6300000
 125.4000000 159.9340000 187.8950000 124.8300000 159.9700000 186.7270000
 124.2840000 159.3230000 186.5760000 125.2860000 160.1940000 186.0330000
 126.5970000 160.4290000 188.0040000 127.0190000 160.2960000 188.7410000
 126.9990000 160.7290000 187.3060000 121.9590000 155.9570000 189.3090000
 121.0050000 156.2290000 188.5880000 123.1150000 155.5110000 188.8250000
 123.7470000 155.3290000 189.3790000 123.3850000 155.3980000 187.3930000
 122.7840000 156.0110000 186.9420000 124.8420000 155.8230000 187.1120000
 125.2160000 156.2510000 187.8980000 125.3770000 155.0360000 186.9230000
 124.9650000 156.8090000 185.9500000 124.0150000 157.6030000 185.7350000
 126.0940000 157.0030000 185.4520000 123.0590000 154.0220000 186.7980000
 122.8500000 153.9610000 185.5840000 122.8820000 152.9960000 187.6470000
 122.9940000 153.1510000 188.4850000 122.6190000 151.5950000 187.2630000
 123.3360000 151.3180000 186.6710000 122.6460000 150.6380000 188.4800000
 122.6200000 149.7280000 188.1460000 123.9220000 150.7900000 189.3170000
 124.7020000 150.7330000 188.7430000 123.9600000 150.0820000 189.9790000
 123.9340000 151.6470000 189.7710000 121.4570000 150.8160000 189.4320000
 121.5640000 150.2480000 190.2110000 121.3890000 151.7410000 189.7150000
 120.6430000 150.5540000 188.9740000 121.3150000 151.4570000 186.4730000
 120.3080000 152.1020000 186.7850000 121.3180000 150.6260000 185.4320000
 121.9930000 150.1110000 185.2970000 120.1790000 150.5040000 184.5200000
 119.7460000 151.3700000 184.4700000 120.6560000 150.2220000 183.0840000
 121.4040000 150.8020000 182.8740000 119.9350000 150.4090000 182.4630000
 121.0960000 148.7690000 182.9020000 121.7110000 148.5350000 183.6150000
 120.3200000 148.1920000 182.9810000 121.7690000 148.4560000 181.5650000
 122.0660000 147.2440000 181.4370000 121.3340000 149.0350000 180.5500000
 119.1290000 149.4970000 185.0210000 119.4380000 148.4550000 185.6050000
 117.8650000 149.7900000 184.7370000 117.7190000 150.4870000 184.2550000
 116.7620000 148.8590000 184.8830000 116.8400000 148.4480000 185.7580000
 115.4560000 149.6630000 184.8380000 114.6930000 149.0660000 184.8860000
 115.4210000 150.2870000 185.5800000 115.4120000 150.1690000 184.0120000
 116.8080000 147.7600000 183.7940000 117.1950000 148.0180000 182.6510000
 116.3420000 146.5330000 184.0960000 115.8870000 146.0710000 185.4000000
 115.2950000 146.7120000 185.8240000 116.6560000 145.9010000 185.9670000
 115.1350000 144.7680000 185.1370000 115.2220000 144.1480000 185.8780000
 114.2010000 144.9610000 184.9590000 115.8020000 144.2390000 183.8680000
 115.2140000 143.6430000 183.3770000 116.6250000 143.7820000 184.1030000
 116.1340000 145.5070000 183.0770000 116.9570000 145.3700000 182.5820000
 115.0220000 145.9060000 182.0850000 114.2450000 146.8290000 182.3270000
 114.9360000 145.1950000 180.9520000 115.5020000 144.5570000 180.8400000
 113.9080000 145.3810000 179.9020000 114.1330000 144.7740000 179.1790000
 112.5360000 144.9470000 180.4420000 112.2170000 145.6000000 181.0840000
 112.6140000 144.0870000 180.8850000 111.6090000 144.8390000 179.3880000
 111.7760000 145.4670000 178.8550000 113.8330000 146.7790000 179.2490000
 112.9080000 147.0640000 178.4890000 114.7850000 147.6600000 179.5510000
 115.3930000 147.4190000 180.1090000 114.7900000 149.0910000 179.2230000
 114.4040000 149.2370000 178.3450000 113.9440000 149.8310000 180.2680000
 113.9200000 150.7760000 180.0510000 113.0350000 149.4920000 180.2560000
 114.4960000 149.6610000 181.5580000 114.4140000 148.8580000 181.7890000
 116.2360000 149.6070000 179.2220000 117.1550000 148.8070000 179.3880000
 116.4530000 150.9100000 179.0080000 115.7680000 151.4240000 178.9320000
 117.7550000 151.5690000 179.2310000 118.3840000 150.9180000 179.5780000
 118.3240000 152.0940000 177.8980000 119.2390000 152.3830000 178.0410000
 117.8090000 152.8700000 177.6280000 118.3310000 151.0730000 176.7720000
 118.9790000 150.0390000 176.8110000 117.6760000 151.3740000 175.6740000
 117.7230000 150.8050000 175.0310000 117.2290000 152.1070000 175.6230000
 117.6680000 152.6750000 180.3090000 118.5470000 153.5320000 180.4100000
 116.5360000 152.7450000 181.0110000 115.9450000 152.1300000 180.8980000
 116.2690000 153.6920000 182.0900000 116.5550000 154.5740000 181.8070000
 114.7560000 153.7480000 182.3410000 114.5710000 154.3740000 183.0590000
 114.4410000 152.8730000 182.6150000 114.0160000 154.1950000 181.0780000
 114.1280000 155.4090000 180.7920000 113.6440000 153.3030000 180.2800000
 117.0440000 153.3220000 183.3610000 117.5890000 152.2290000 183.4790000
 117.1220000 154.2280000 184.3390000 116.6780000 154.9590000 184.2470000
 117.8420000 153.9760000 185.6020000 118.5910000 153.3870000 185.4170000
 118.4140000 155.2870000 186.1560000 117.7060000 155.9470000 186.2130000
 118.7900000 155.1420000 187.0390000 119.5200000 155.7800000 185.2140000
 120.2800000 155.1840000 185.3050000 119.2090000 155.7360000 184.2960000
 119.9690000 157.2220000 185.4710000 120.4790000 157.2810000 186.2940000
 119.1910000 157.7960000 185.5470000 120.8180000 157.6870000 184.2810000
 121.0870000 158.6070000 184.4270000 120.2550000 157.6600000 183.4910000
 122.0110000 156.8240000 184.0770000 122.4630000 157.0490000 183.3440000
 122.5730000 156.9160000 184.7610000 121.7960000 155.9610000 184.0320000
 116.9450000 153.2420000 186.5950000 115.8110000 153.6650000 186.8150000
 117.4960000 152.2820000 187.3410000 118.3150000 152.0740000 187.1790000
 116.7370000 151.4530000 188.2880000 116.0170000 151.0180000 187.8050000
 117.6610000 150.3650000 188.8410000 117.1380000 149.7330000 189.3590000
 118.0980000 149.8920000 188.1150000 118.3280000 150.7660000 189.4210000
 116.0900000 152.2500000 189.4370000 115.0420000 151.8580000 189.9510000
 116.6020000 153.4480000 189.7370000 117.3220000 153.6910000 189.3340000
 115.9740000 154.3830000 190.6740000 115.8330000 153.9200000 191.5150000
 116.9070000 155.5770000 190.9400000 117.3350000 155.8600000 190.1170000
 116.3650000 156.3190000 191.2510000 117.9640000 155.2930000 192.0230000
 117.5240000 154.9500000 192.8170000 119.0110000 154.2710000 191.5700000
 119.7330000 154.2340000 192.2160000 118.6140000 153.3870000 191.5260000
 119.3650000 154.5090000 190.6990000 118.6520000 156.6040000 192.4000000
 118.0000000 157.1980000 192.8040000 119.0150000 157.0320000 191.6090000
 119.3580000 156.4370000 193.0440000 114.5850000 154.8560000 190.2110000
 113.7220000 155.0140000 191.0670000 114.2770000 154.8350000 188.9110000
 114.8800000 154.5990000 188.3450000 112.9230000 155.0840000 188.3980000
 112.6430000 155.9730000 188.6650000 112.9490000 155.0490000 187.4290000
 111.8760000 154.0630000 188.8730000 110.7250000 154.4140000 189.1180000
 112.3100000 152.8320000 189.1600000 113.1430000 152.6570000 189.0340000
 111.4760000 151.7680000 189.7250000 110.5600000 151.9240000 189.4480000
 111.9570000 150.4470000 189.0920000 112.8720000 150.2870000 189.3700000
 111.9570000 150.5610000 188.1290000 111.1340000 149.1890000 189.4230000
 111.2130000 148.9820000 190.3670000 109.6550000 149.3340000 189.0570000
 109.1970000 148.4910000 189.1990000 109.2400000 150.0030000 189.6240000
 109.5650000 149.5970000 188.1280000 111.6970000 148.0170000 188.6190000
 112.6280000 147.8790000 188.8520000 111.6280000 148.1960000 187.6680000
 111.2020000 147.2090000 188.8270000 111.4800000 151.7450000 191.2690000
 110.5800000 151.1760000 191.8800000 112.4590000 152.3950000 191.9120000
 113.0530000 152.7790000 191.4230000 112.6760000 152.3550000 193.3690000
 112.0700000 151.7050000 193.7570000 114.1150000 151.8860000 193.6480000
 114.7280000 152.4990000 193.2130000 114.2800000 151.9350000 194.6030000
 114.4180000 150.4500000 193.1780000 114.2210000 150.3560000 192.2330000
 115.9010000 150.1570000 193.3900000 116.1090000 149.2740000 193.0470000
 116.4290000 150.8090000 192.9030000 116.1180000 150.1990000 194.3340000
 113.6140000 149.4110000 193.9640000 113.9100000 148.5180000 193.7270000
 113.7300000 149.5450000 194.9180000 112.6740000 149.4840000 193.7370000
 112.3660000 153.6690000 194.1070000 112.2800000 153.6630000 195.3350000
 112.1730000 154.7800000 193.3920000 112.3470000 154.7460000 192.5500000
 111.7790000 156.0820000 193.9470000 112.0500000 156.1260000 194.8770000
 112.5150000 157.1990000 193.1890000 112.2550000 158.0580000 193.5580000
 112.2760000 157.1790000 192.2490000 114.3070000 157.0040000 193.3670000
 114.2910000 156.9660000 194.5660000 110.2580000 156.3240000 193.9330000
 109.8220000 157.4340000 194.2350000 109.4750000 155.3700000 193.4120000
 109.8380000 154.6210000 193.1960000 108.0390000 155.5390000 193.1510000
 107.6020000 155.8430000 193.9620000 107.6600000 154.6820000 192.9000000
 107.7170000 156.5500000 192.0430000 106.5970000 157.0570000 191.9870000
 108.7310000 156.9750000 191.2780000 109.4830000 156.5620000 191.3400000
 108.6770000 158.0870000 190.3240000 107.8470000 158.0140000 189.8270000
 108.6820000 159.4290000 191.0880000 108.0660000 159.3780000 191.8360000
 108.3390000 160.1030000 190.4800000 110.0720000 159.8520000 191.6080000
 110.4140000 159.1420000 192.1740000 110.6870000 159.9610000 190.8660000
 110.0800000 161.1580000 192.4150000 110.8930000 161.1550000 192.9440000
 109.3300000 161.1700000 193.0300000 110.1160000 162.4320000 191.5510000
 110.8840000 162.3850000 190.9600000 110.2390000 163.1940000 192.1390000
 108.9040000 162.6260000 190.7230000 108.8940000 163.4300000 190.3420000
 108.1470000 162.4420000 191.1540000 108.9590000 162.0900000 190.0140000
 109.8340000 158.0110000 189.3230000 110.8470000 157.3810000 189.6010000
 109.7840000 158.9140000 188.3490000 109.1010000 159.4370000 188.3460000
 110.8470000 159.2820000 187.4080000 110.8500000 158.6280000 186.6920000
 110.5000000 160.6500000 186.7840000 109.7870000 160.5160000 186.1400000
 111.2650000 160.9990000 186.3010000 110.0050000 161.6830000 187.8090000
 108.8550000 161.5290000 188.2930000 110.8110000 162.4800000 188.3300000
 112.2700000 159.3260000 187.9990000 112.5490000 160.0070000 188.9870000
 113.2210000 158.7790000 187.2350000 112.9840000 158.3520000 186.5270000
 114.6420000 158.7870000 187.5820000 114.7040000 158.5200000 188.5120000
 115.3590000 157.7140000 186.7570000 115.3750000 157.9660000 185.8210000
 116.2700000 157.6420000 187.0820000 114.9240000 156.8530000 186.8570000
 115.3410000 160.1620000 187.4390000 116.5380000 160.2520000 187.6940000
 114.6250000 161.2050000 187.0070000 113.7840000 161.0790000 186.8760000
 115.1450000 162.5690000 186.8280000 116.1020000 162.5330000 186.6730000
 114.4940000 163.1890000 185.5750000 113.5370000 163.2640000 185.7180000
 114.6340000 162.5880000 184.8260000 115.0590000 164.5670000 185.1910000
 116.2710000 164.7910000 185.4020000 114.2810000 165.3590000 184.6100000
 114.9310000 163.4410000 188.0770000 115.8850000 163.7660000 188.7840000
 113.6800000 163.6320000 188.5180000 113.0100000 163.3150000 188.0810000
 113.4000000 164.4340000 189.7100000 114.0910000 165.1130000 189.7620000
 112.0770000 165.1800000 189.5210000 112.0030000 165.8830000 190.1860000
 112.0540000 165.5730000 188.6340000 111.3320000 164.5660000 189.6200000
 113.4840000 163.6450000 191.0340000 113.0810000 164.1530000 192.0880000
 114.0170000 162.4170000 191.0260000 114.2920000 162.1110000 190.2710000
 114.3620000 161.6730000 192.2410000 113.6490000 161.8210000 192.8820000
 114.3680000 160.1620000 191.9680000 113.5190000 159.8930000 191.5840000
 114.4760000 159.7130000 192.8210000 115.7130000 159.6160000 190.8780000
 116.5910000 160.2650000 191.3760000 115.6430000 162.2220000 192.9080000
 116.7020000 161.5970000 192.9500000 115.5270000 163.4210000 193.4820000
 114.7810000 163.8340000 193.3710000 116.5860000 164.0800000 194.2470000
 117.3010000 164.3160000 193.6350000 115.9710000 165.3640000 194.8340000
 115.3200000 165.1140000 195.5090000 115.5050000 165.8430000 194.1310000
 116.9500000 166.3340000 195.4650000 118.1390000 166.1020000 195.5920000
 116.4490000 167.4240000 195.9900000 117.0000000 167.9570000 196.3790000
 115.5960000 167.5360000 195.9960000 117.1640000 163.1470000 195.3370000
 116.4080000 162.4600000 196.0270000 118.4620000 163.2740000 195.6320000
 118.9160000 163.8440000 195.1750000 119.1990000 162.4360000 196.5850000
 119.1970000 161.5230000 196.2560000 120.6480000 162.9430000 196.6190000
 120.6830000 163.8340000 197.0020000 121.1880000 162.3430000 197.1570000
 121.0110000 162.9720000 195.7200000 118.6070000 162.4120000 198.0080000
 118.7350000 161.4180000 198.7130000 117.9150000 163.4760000 198.4270000
 117.8430000 164.1370000 197.8810000 117.1630000 163.5070000 199.6960000
 117.6700000 163.0150000 200.3610000 117.0380000 164.9530000 200.2100000
 117.9240000 165.2560000 200.4630000 116.4780000 165.9460000 199.1880000
 116.3980000 166.8200000 199.6010000 115.6000000 165.6660000 198.8840000
 117.0810000 166.0210000 198.4320000 116.2070000 165.0550000 201.3420000
 116.1640000 165.8550000 201.5940000 115.7920000 162.8240000 199.6100000
 115.3720000 162.2070000 200.5840000 115.1010000 162.9040000 198.4700000
 115.4940000 163.2240000 197.7750000 113.7350000 162.4070000 198.3030000
 113.2350000 162.6110000 199.1090000 113.0700000 163.1300000 197.1180000
 112.2650000 162.6520000 196.8650000 113.6640000 163.1380000 196.3510000
 112.6740000 164.5510000 197.4690000 113.3250000 165.5180000 197.1110000
 111.6200000 164.7160000 198.2330000 111.1940000 164.0340000 198.5390000
 111.4440000 165.5190000 198.4860000 113.6390000 160.8860000 198.1340000
 112.6270000 160.3190000 198.5390000 114.6590000 160.2130000 197.5860000
 115.3280000 160.6450000 197.2620000 114.6130000 158.7480000 197.4830000
 113.7730000 158.5040000 197.0640000 115.7490000 158.1950000 196.6140000
 115.6930000 158.6000000 195.7350000 116.6020000 158.4480000 197.0010000
 115.7240000 156.7000000 196.4400000 114.6180000 155.9180000 196.4670000
 113.7510000 156.2180000 196.6180000 114.9510000 154.6100000 196.1970000
 114.3580000 153.9910000 196.1330000 116.3080000 154.4650000 196.0120000
 117.1270000 153.3580000 195.7420000 116.7560000 152.5100000 195.6510000
 118.5150000 153.5470000 195.6400000 119.0770000 152.8250000 195.4740000
 119.0630000 154.8330000 195.8030000 119.9840000 154.9500000 195.7470000
 118.2290000 155.9390000 196.0560000 118.6000000 156.7840000 196.1670000
 116.8320000 155.7860000 196.1660000 114.6360000 158.0780000 198.8610000
 113.7260000 157.3250000 199.1880000 115.5780000 158.4660000 199.7250000
 116.1720000 159.0250000 199.4540000 115.7290000 157.8760000 201.0630000
 115.7060000 156.9110000 200.9680000 117.1140000 158.2510000 201.6430000
 117.2230000 159.2140000 201.5990000 117.2420000 157.8380000 203.1180000
 118.1290000 158.0470000 203.4500000 117.0800000 156.8860000 203.2110000
 116.5990000 158.3200000 203.6610000 118.2530000 157.5680000 200.8380000
 118.9720000 157.3100000 201.4350000 117.9260000 156.7570000 200.4180000
 118.8730000 158.4740000 199.7690000 119.5560000 157.9860000 199.2830000
 119.2820000 159.2440000 200.1940000 118.2000000 158.7690000 199.1360000
 114.5460000 158.2290000 201.9870000 114.0490000 157.3450000 202.6820000
 113.9340000 159.4040000 201.8060000 114.3040000 159.9850000 201.2920000
 112.6410000 159.7590000 202.4160000 112.7240000 159.7250000 203.3820000
 112.3090000 161.2090000 202.0090000 112.1800000 161.2290000 201.0480000
 113.0650000 161.7850000 202.2030000 111.0470000 161.8100000 202.6520000
 110.7610000 162.5450000 202.0870000 110.3300000 161.1570000 202.6510000
 111.2660000 162.3520000 204.0750000 112.2650000 161.9570000 204.7180000
 110.4920000 163.2590000 204.4560000 111.5140000 158.7830000 202.0040000
 110.8450000 158.2040000 202.8580000 111.4040000 158.4550000 200.7110000
 111.9350000 158.8330000 200.1500000 110.4420000 157.4740000 200.1800000
 109.5680000 157.6730000 200.5510000 110.3620000 157.6650000 198.6570000
 111.2540000 157.6120000 198.2800000 110.0290000 158.5570000 198.4720000
 109.4820000 156.6620000 197.9360000 108.0810000 156.8060000 197.9600000
 107.6950000 157.5220000 198.4110000 107.2620000 155.8670000 197.3010000
 106.3370000 155.9670000 197.3100000 107.8510000 154.7890000 196.6060000
 107.0800000 153.8780000 195.9610000 106.8900000 153.2220000 196.4500000
 109.2530000 154.6440000 196.5880000 109.6310000 153.9280000 196.1310000
 110.0670000 155.5730000 197.2600000 110.9910000 155.4640000 197.2570000
 110.7510000 156.0060000 200.5550000 109.8370000 155.1800000 200.6300000
 112.0110000 155.6750000 200.8540000 112.6170000 156.2760000 200.7500000
 112.4000000 154.3600000 201.3870000 111.9220000 153.6710000 200.8990000
 113.9060000 154.1220000 201.2000000 114.4040000 154.8320000 201.6340000
 114.1410000 153.2870000 201.6330000 114.3320000 154.0380000 199.7300000
 114.0990000 154.8660000 199.2820000 113.8460000 153.3210000 199.2930000
 116.1110000 153.7650000 199.5120000 116.1720000 151.9690000 199.7220000
 117.0970000 151.6810000 199.7670000 115.7150000 151.7230000 200.5410000
 115.7340000 151.5400000 198.9700000 112.0360000 154.1900000 202.8700000
 111.6380000 153.0980000 203.2730000 112.1890000 155.2370000 203.6890000
 112.5280000 155.9620000 203.3730000 111.8460000 155.1980000 205.1170000
 112.0120000 154.3050000 205.4570000 112.7380000 156.1830000 205.8890000
 112.4170000 156.1980000 206.8040000 112.6040000 157.0700000 205.5200000
 114.2340000 155.8940000 205.9570000 114.7340000 154.5750000 206.0160000
 114.1540000 153.8490000 205.9740000 116.1140000 154.3420000 206.1580000
 116.4350000 153.4700000 206.2000000 117.0070000 155.4230000 206.2500000
 117.9190000 155.2670000 206.3420000 116.5160000 156.7380000 206.2090000
 117.1050000 157.4550000 206.2740000 115.1350000 156.9710000 206.0630000
 114.8110000 157.8420000 206.0430000 110.3610000 155.4760000 205.4150000
 109.8720000 155.0900000 206.4790000 109.6200000 156.1170000 204.5070000
 110.0170000 156.4480000 203.8200000 108.2000000 156.4110000 204.6970000
 108.0910000 156.7820000 205.5870000 107.7770000 157.4960000 203.6900000
 107.8150000 157.1390000 202.7890000 108.4000000 158.2370000 203.7520000
 106.3860000 158.0480000 203.9430000 105.5890000 157.5130000 204.6970000
 106.0590000 159.1700000 203.3520000 105.2530000 159.4480000 203.4660000
 106.6260000 159.5730000 202.8470000 107.3250000 155.1410000 204.6060000
 107.2370000 154.4970000 203.5570000 106.5020000 154.8980000 205.6380000
 106.5770000 155.3960000 206.3350000 105.5260000 153.7970000 205.6610000
 106.0110000 152.9990000 205.4010000 105.0170000 153.5880000 207.1020000
 105.7810000 153.5020000 207.6940000 104.4750000 154.3420000 207.3830000
 104.1960000 152.2950000 207.1500000 103.3330000 152.4550000 206.7360000
 104.6780000 151.6410000 206.6210000 103.9070000 151.6910000 208.5240000
 103.1360000 152.1380000 208.9060000 104.6670000 151.8330000 209.1090000
 103.6490000 150.1740000 208.4210000 104.5110000 149.7350000 208.4860000
 103.1180000 149.8920000 209.1820000 103.0180000 149.7530000 207.1410000
 102.2900000 150.2330000 206.9620000 102.7650000 148.9020000 207.2080000
 103.5790000 149.8180000 206.4530000 104.3890000 153.8950000 204.6260000
 103.7640000 152.8700000 204.3520000 104.1980000 155.0250000 203.9510000
 104.6560000 155.7180000 204.1730000 103.2260000 155.1610000 202.8480000
 102.3430000 154.9570000 203.1940000 103.2380000 156.6230000 202.3690000
 104.0030000 156.7640000 201.7900000 103.3380000 157.2050000 203.1380000
 101.9500000 157.0520000 201.6580000 100.8740000 156.6200000 202.1310000
 102.0400000 158.0680000 200.9340000 103.5030000 154.1920000 201.6730000
 102.5880000 153.5540000 201.1590000 104.7780000 153.8270000 201.4760000
 105.3800000 154.2350000 201.9350000 105.2360000 152.7820000 200.5500000
 104.8420000 152.9510000 199.6800000 106.7670000 152.9470000 200.4610000
 107.1850000 152.5470000 201.2390000 106.9870000 153.8920000 200.4640000
 107.4090000 152.3720000 199.2120000 106.7830000 151.7780000 198.3510000
 108.6640000 152.6810000 199.0030000 108.9560000 152.5120000 198.2120000
 109.0340000 153.2790000 199.4990000 104.8180000 151.3460000 200.9680000
 105.1480000 150.3610000 200.3100000 104.2390000 151.1730000 202.1580000
 104.0310000 151.8900000 202.5850000 103.8060000 149.8970000 202.7390000
 103.3190000 149.4010000 202.0630000 103.1980000 150.0860000 203.4710000
 104.9340000 148.9970000 203.2650000 104.7600000 148.3660000 204.3130000
 106.0950000 148.9890000 202.5990000 106.1030000 149.4220000 201.8560000
 107.1970000 148.0500000 202.8510000 106.8110000 147.1690000 202.9770000
 108.1460000 147.9760000 201.6380000 108.7240000 148.7550000 201.6420000
 108.7110000 147.1960000 201.7510000 107.4840000 147.8970000 200.2500000
 107.2180000 148.7930000 199.9920000 108.1460000 147.6100000 199.6020000
 106.2700000 146.9710000 200.1440000 106.0980000 145.9980000 200.8670000
 105.3240000 147.3060000 199.2970000 105.3790000 148.0540000 198.8770000
 104.6430000 146.7850000 199.2310000 108.0130000 148.3650000 204.1130000
 108.4860000 147.4380000 204.7770000 108.0910000 149.6370000 204.5130000
 107.7350000 150.2510000 204.0270000 108.6500000 150.0200000 205.8050000
 109.5070000 149.5740000 205.8930000 108.9300000 151.5270000 205.8160000
 109.3910000 151.7730000 206.6330000 109.4900000 151.7690000 205.0620000
 108.1000000 152.0270000 205.7660000 107.7030000 149.5750000 206.9480000
 106.4930000 149.8290000 206.8880000 108.1870000 148.8400000 207.9680000
 109.5480000 148.3490000 208.1240000 110.1930000 149.0710000 208.0690000
 109.7300000 147.6830000 207.4430000 109.6000000 147.7020000 209.5070000
 110.2180000 146.9550000 209.5310000 109.8490000 148.3700000 210.1650000
 108.1560000 147.2550000 209.7360000 107.9410000 147.1970000 210.6800000
 108.0100000 146.3990000 209.3050000 107.3260000 148.3330000 209.0360000
 106.5320000 147.9380000 208.6440000 106.8620000 149.4210000 210.0130000
 105.7310000 149.3690000 210.4950000 107.6700000 150.4640000 210.1700000
 108.4080000 150.4650000 209.7280000 107.4120000 151.7160000 210.8770000
 106.4730000 151.9470000 210.8040000 107.7560000 151.5520000 212.3650000
 107.1860000 150.8620000 212.7380000 107.5270000 152.3770000 212.8210000
 109.1990000 151.1980000 212.6820000 109.6160000 149.8520000 212.6990000
 109.0070000 149.1740000 212.5170000 110.9600000 149.5300000 212.9650000
 111.2420000 148.6440000 212.9440000 111.8880000 150.5520000 213.2330000
 112.7800000 150.3450000 213.3980000 111.4690000 151.8940000 213.2380000
 112.0810000 152.5740000 213.4040000 110.1280000 152.2150000 212.9660000
 109.8600000 153.1050000 212.9630000 108.2260000 152.8250000 210.1870000
 109.0700000 152.5090000 209.3460000 107.8470000 154.0890000 210.3810000
 107.3110000 154.2770000 211.0260000 108.5250000 155.2220000 209.7280000
 108.7910000 154.9490000 208.8360000 107.5770000 156.4240000 209.5620000
 107.2730000 156.7130000 210.4370000 108.1930000 157.6120000 208.8230000
 107.5110000 158.2690000 208.6140000 108.6180000 157.3160000 208.0030000
 108.8500000 158.0420000 209.3930000 106.4390000 156.0620000 208.8000000
 105.9800000 156.7640000 208.7590000 109.8050000 155.6040000 210.4850000
 109.9320000 155.3480000 211.6850000 110.8030000 156.0960000 209.7480000
 110.6640000 156.2170000 208.9080000 112.0600000 156.6210000 210.2910000
 111.9810000 156.7250000 211.2520000 113.2270000 155.6450000 209.9930000
 113.2220000 155.4410000 209.0450000 114.5850000 156.3000000 210.3160000
 114.7430000 157.0500000 209.7220000 114.5830000 156.6210000 211.2310000
 115.3140000 155.6740000 210.1860000 113.0310000 154.3170000 210.7630000
 113.0680000 154.4890000 211.7170000 112.1530000 153.9580000 210.5610000
 114.0420000 153.2190000 210.4100000 113.7700000 152.3890000 210.8320000
 114.0650000 153.0900000 209.4490000 114.9260000 153.4530000 210.7330000
 112.2900000 158.0110000 209.6960000 112.4110000 158.1420000 208.4800000
 112.4280000 159.0380000 210.5320000 112.2890000 158.9000000 211.3690000
 112.7430000 160.3970000 210.0720000 112.3130000 160.5010000 209.2090000
 112.0730000 161.4610000 210.9590000 111.1130000 161.3890000 210.8360000
 112.3540000 161.3620000 212.4580000 111.9250000 162.1030000 212.9150000
 111.9830000 160.5350000 212.8020000 113.3100000 161.3910000 212.6200000
 112.4670000 162.7560000 210.5580000 112.0830000 163.3090000 211.0600000
 114.2640000 160.5870000 209.8860000 115.0350000 160.4250000 210.8410000
 114.7520000 160.8510000 208.6550000 114.0010000 160.9170000 207.4020000
 113.2880000 161.5740000 207.4430000 113.6340000 160.0430000 207.1950000
 114.9990000 161.3090000 206.3150000 114.7940000 160.8780000 205.4710000
 115.0030000 162.2730000 206.2100000 116.3370000 160.8370000 206.8800000
 117.0750000 161.3620000 206.5320000 116.4600000 159.8970000 206.6750000
 116.1800000 161.0150000 208.3920000 116.6820000 160.3200000 208.8460000
 116.6940000 162.3870000 208.8520000 116.1110000 163.4250000 208.5370000
 117.9030000 162.4260000 209.4210000 118.2660000 161.6800000 209.6490000
 118.5730000 163.6730000 209.8260000 118.0250000 164.4260000 209.5540000
 118.6880000 163.7720000 211.3620000 119.2190000 163.0360000 211.7040000
 119.3410000 165.0930000 211.7930000 119.3550000 165.1490000 212.7610000
 118.8430000 165.8430000 211.4330000 120.2580000 165.1290000 211.4780000
 117.3050000 163.7080000 212.0280000 117.3970000 163.8290000 212.9860000
 116.9000000 162.8420000 211.8640000 116.7260000 164.3950000 211.6630000
 119.9060000 163.8190000 209.0880000 120.9460000 163.3470000 209.5430000
 119.8620000 164.4540000 207.9110000 119.0840000 164.6770000 207.6200000
 121.0030000 164.6590000 207.0000000 121.5460000 163.8560000 207.0260000
 120.4890000 164.8260000 205.5540000 121.2530000 164.9600000 204.9710000
 119.9440000 165.6280000 205.5130000 119.6900000 163.6620000 204.9800000
 120.0160000 162.3320000 205.3130000 120.7140000 162.1600000 205.9030000
 119.2970000 161.2560000 204.7680000 119.5070000 160.3830000 205.0110000
 118.2410000 161.5040000 203.8780000 117.7440000 160.7980000 203.5320000
 117.9140000 162.8240000 203.5310000 117.2010000 162.9780000 202.9550000
 118.6380000 163.9010000 204.0730000 118.4120000 164.7710000 203.8360000
 121.9680000 165.7850000 207.4360000 122.2090000 166.7450000 206.7030000
 122.4600000 165.7090000 208.6730000 122.2630000 165.0000000 209.1190000
 123.5610000 166.5270000 209.1990000 123.5710000 167.3880000 208.7520000
 123.3560000 166.7500000 210.7050000 122.5580000 167.2830000 210.8460000
 124.1160000 167.2340000 211.0640000 123.2310000 165.5180000 211.3950000
 123.7230000 164.9590000 211.0060000 124.9130000 165.8400000 208.9730000
 125.0490000 164.6860000 209.3540000 125.9730000 166.6000000 208.6740000
 125.8360000 167.4040000 208.4000000 127.3590000 166.0790000 208.5690000
 127.2990000 165.1120000 208.5140000 128.0050000 166.6100000 207.2630000
 128.7270000 167.2220000 207.4760000 127.3510000 167.1330000 206.7740000
 128.5400000 165.5280000 206.3060000 128.2960000 164.3240000 206.5480000
 128.7910000 165.8970000 205.1410000 128.2410000 166.3340000 209.8170000
 129.4650000 166.2290000 209.7610000 127.6390000 166.6960000 210.9580000
 126.7800000 166.6720000 210.9840000 128.3440000 167.0630000 212.1960000
 129.2280000 166.6640000 212.1720000 128.4960000 168.5920000 212.2830000
 128.9280000 168.8190000 213.1210000 127.6120000 168.9910000 212.3060000
 129.3010000 169.2250000 211.1640000 130.7010000 169.0770000 211.1360000
 131.1280000 168.5780000 211.7950000 131.4500000 169.6410000 210.0890000
 132.3710000 169.5140000 210.0560000 130.8000000 170.3560000 209.0670000
 131.2920000 170.7050000 208.3600000 129.4030000 170.5100000 209.0950000
 128.9710000 170.9630000 208.4070000 128.6540000 169.9460000 210.1430000
 127.7280000 170.0310000 210.1480000 127.6130000 166.5520000 213.4490000
 126.3900000 166.4020000 213.4070000 128.3000000 166.4440000 214.6080000
 129.7450000 166.4660000 214.7900000 130.2120000 166.0340000 214.0580000
 130.0430000 167.3840000 214.8900000 130.0050000 165.6980000 216.0850000
 130.8140000 166.0020000 216.5260000 130.0580000 164.7480000 215.8980000
 128.7620000 165.9960000 216.9200000 128.5700000 165.2790000 217.5440000
 128.8920000 166.8300000 217.3970000 127.6470000 166.1480000 215.8780000
 127.1900000 165.2990000 215.7730000 126.6260000 167.2190000 216.2850000
 126.9250000 168.4160000 216.2890000 125.4660000 166.7810000 216.7730000
 125.3520000 165.9300000 216.8200000 124.3540000 167.6380000 217.2060000
 124.7340000 168.4470000 217.5830000 123.4920000 168.0660000 215.9980000
 124.0640000 168.5320000 215.3690000 122.8560000 166.8850000 215.2630000
 122.3040000 167.2000000 214.5300000 123.5460000 166.3110000 214.8960000
 122.3220000 166.3700000 215.8880000 122.3800000 169.0420000 216.4120000
 121.9400000 169.3780000 215.6150000 122.7650000 169.7950000 216.8880000
 121.7180000 168.5990000 216.9660000 123.5560000 166.9450000 218.3160000
 123.5610000 165.7230000 218.4280000 123.1160000 167.7280000 219.3090000
 123.1750000 168.5770000 219.1880000 122.5780000 167.2580000 220.6050000
 122.3960000 168.0420000 221.1460000 121.2240000 166.5500000 220.3960000
 120.8340000 166.3510000 221.2620000 121.3700000 165.7050000 219.9420000
 120.2180000 167.3500000 219.6020000 119.5060000 166.8820000 218.4960000
 119.5900000 165.9870000 218.0350000 118.6830000 167.8790000 218.1390000
 118.0710000 167.8320000 217.4400000 118.8540000 168.9420000 218.9450000
 118.4030000 169.6730000 218.9010000 119.8150000 168.6250000 219.8790000
 120.1150000 169.1540000 220.5830000 123.5340000 166.4120000 221.4740000
 123.2570000 166.2360000 222.6550000 124.7190000 166.0560000 220.9670000
 124.8180000 166.1800000 220.1220000 125.6820000 165.1510000 221.6070000
 126.5660000 165.5470000 221.5540000 125.4580000 165.0300000 222.5430000
 125.7640000 163.7600000 220.9620000 126.6020000 162.9640000 221.3740000
 124.9650000 163.4990000 219.9240000 124.4510000 164.1280000 219.6410000
 125.1180000 162.3650000 219.0040000 125.6430000 161.6640000 219.4210000
 123.7240000 161.7950000 218.6920000 123.1160000 162.5240000 218.4910000
 123.7530000 161.2070000 217.9210000 123.2250000 161.0010000 219.9080000
 123.5480000 161.4150000 220.7240000 123.6120000 160.1120000 219.8680000
 121.4330000 160.8410000 220.0670000 120.9630000 162.5480000 220.4620000
 121.4990000 162.8720000 221.2030000 120.0250000 162.5720000 220.7090000
 121.0980000 163.1120000 219.6850000 125.8770000 162.8040000 217.7430000
 125.9240000 163.9940000 217.4290000 126.4930000 161.8610000 217.0330000
 126.3540000 161.0390000 217.2430000 127.2160000 162.0930000 215.7750000
 127.0260000 162.9960000 215.4770000 128.7500000 161.9930000 215.9860000
 129.1930000 162.4290000 215.2410000 128.9740000 162.4830000 216.7930000
 129.2780000 160.5420000 216.0790000 129.2830000 160.1590000 215.1880000
 128.6420000 160.0380000 216.6100000 130.6720000 160.3270000 216.7080000
 131.1350000 161.2010000 217.4680000 131.0720000 159.1390000 216.8220000
 126.7000000 161.1150000 214.7070000 126.4680000 159.9560000 215.0410000
 126.5220000 161.5240000 213.4380000 126.5730000 162.8900000 212.9530000
 127.4950000 163.1880000 212.9140000 126.0440000 163.4860000 213.5060000
 125.9820000 162.8530000 211.5510000 126.4500000 163.4800000 210.9780000
 125.0320000 163.0450000 211.5900000 126.1900000 161.4220000 211.0690000
 127.0400000 161.3630000 210.6050000 125.4700000 161.1360000 210.4850000
 126.2220000 160.5900000 212.3530000 125.3490000 160.1960000 212.5090000
 127.2710000 159.4780000 212.2320000 128.4440000 159.6980000 212.5400000
 126.9020000 158.3820000 211.5660000 126.0920000 158.3270000 211.2840000
 127.8630000 157.3960000 211.0590000 128.7550000 157.7500000 211.2010000
 127.7710000 156.0890000 211.8620000 127.0070000 155.5770000 211.5540000
 127.6370000 156.3110000 212.7970000 129.0320000 155.2180000 211.7720000
 129.2070000 154.9910000 210.8450000 128.8490000 154.3880000 212.2390000
 130.5240000 155.9360000 212.5270000 131.6710000 155.8780000 211.1200000
 132.5280000 156.2460000 211.3860000 131.7920000 154.9600000 210.8320000
 131.3230000 156.4030000 210.3830000 127.7260000 157.1990000 209.5450000
 126.7130000 157.5600000 208.9400000 128.8580000 156.8680000 208.9330000
 129.5540000 156.7760000 209.4300000 129.0870000 156.8080000 207.4970000
 128.3180000 156.3900000 207.0780000 129.2360000 158.2360000 206.9240000
 128.3510000 158.6320000 206.8960000 129.5700000 158.1610000 206.0160000
 130.1500000 159.2100000 207.6580000 130.8040000 158.9290000 208.6490000
 130.1470000 160.4510000 207.2250000 130.6020000 161.0180000 207.6850000
 129.6650000 160.6840000 206.5520000 130.2950000 155.9060000 207.1910000
 131.3560000 156.3880000 206.7880000 130.1980000 154.6150000 207.5350000
 129.4580000 154.3230000 207.8620000 131.3100000 153.6800000 207.3390000
 132.0580000 154.0410000 207.8390000 130.9350000 152.2930000 207.8970000
 130.0320000 152.2950000 208.2520000 130.9520000 151.6450000 207.1760000
 131.8590000 151.7900000 208.9920000 132.6680000 152.5050000 209.5730000
 132.0180000 150.4960000 209.0740000 131.5040000 149.9800000 208.6170000
 132.5890000 150.2110000 209.6510000 131.7660000 153.6120000 205.8660000
 130.9680000 153.7940000 204.9490000 133.0510000 153.3030000 205.6490000
 133.5350000 153.1400000 206.3410000 133.7620000 153.5470000 204.3880000
 133.8700000 154.5070000 204.2990000 135.1700000 152.9430000 204.4950000
 135.6660000 153.1340000 203.6840000 135.6430000 153.3300000 205.2480000
 135.1120000 151.9810000 204.6070000 133.0240000 153.0500000 203.1230000
 132.9660000 151.8490000 202.8340000 132.5620000 154.0160000 202.3270000
 132.6530000 154.8310000 202.5860000 131.9350000 153.8350000 201.0140000
 131.2320000 153.1710000 201.0910000 131.3320000 155.1570000 200.5080000
 131.0340000 155.0470000 199.5920000 130.1450000 155.6110000 201.3440000
 129.7850000 156.4320000 200.9750000 129.4570000 154.9270000 201.3250000
 130.4290000 155.7650000 202.2590000 132.3050000 156.1800000 200.5530000
 131.9450000 156.8840000 200.2700000 132.9390000 153.3770000 199.9650000
 134.0920000 153.8080000 199.9870000 132.4220000 152.7870000 198.8880000
 131.5850000 152.5910000 198.9040000 133.1340000 152.5700000 197.6250000
 134.0340000 152.9230000 197.7080000 133.2110000 151.0570000 197.3540000
 132.3240000 150.6710000 197.4260000 133.5350000 150.8950000 196.4540000
 134.1380000 150.3350000 198.3410000 134.0150000 149.3760000 198.2610000
 133.9400000 150.5860000 199.2570000 135.5910000 150.6570000 198.0040000
 135.7810000 150.3000000 197.1220000 135.7520000 151.6130000 197.9880000
 136.5680000 150.0500000 198.9950000 136.3450000 149.1170000 199.1410000
 136.5050000 150.5210000 199.8410000 137.9320000 150.1460000 198.4420000
 138.1230000 149.4790000 197.8850000 138.0150000 150.9210000 198.0130000
 138.5330000 150.1490000 199.0990000 132.5030000 153.3570000 196.4750000
 131.3060000 153.6320000 196.4940000 133.3460000 153.8410000 195.5620000
 134.1680000 153.5940000 195.6200000 132.9360000 154.4850000 194.3090000
 132.1240000 154.9990000 194.4420000 133.6330000 155.0920000 194.0140000
 132.6930000 153.4600000 193.2000000 132.7990000 152.2550000 193.4280000
 132.4140000 153.9220000 191.9860000 132.3700000 154.7690000 191.8460000
 132.2750000 153.0430000 190.8220000 131.7080000 152.2900000 191.0510000
 131.5990000 153.8600000 189.7190000 131.4250000 153.2860000 188.9570000
 132.1930000 154.5740000 189.4400000 130.0390000 154.5840000 190.3290000
 129.9330000 155.4520000 189.5070000 133.6320000 152.4940000 190.3470000
 133.7400000 151.3310000 189.9580000 134.6540000 153.3360000 190.5050000
 134.4440000 154.1280000 190.7670000 136.0550000 153.2130000 190.0920000
 136.0820000 152.8530000 189.1920000 136.6910000 154.6250000 190.0500000
 137.4780000 154.6040000 189.4840000 136.9960000 154.8550000 190.9410000
 135.7450000 155.7460000 189.5870000 134.7860000 156.0460000 190.3450000
 135.8910000 156.1760000 188.4240000 136.8980000 152.3060000 191.0140000
 138.0780000 152.0880000 190.7500000 136.3350000 151.8190000 192.1290000
 135.5040000 151.9970000 192.2600000 136.9880000 150.8790000 193.0590000
 137.8320000 150.6070000 192.6670000 137.2050000 151.5170000 194.4650000
 137.1530000 150.8280000 195.1450000 136.4600000 152.1200000 194.6150000
 138.4920000 152.3460000 194.6750000 139.2330000 151.8970000 194.2390000
 138.3380000 153.1930000 194.2290000 138.9150000 152.6640000 196.1350000
 138.1090000 152.4830000 197.0810000 140.0870000 153.0530000 196.3320000
 136.1790000 149.5910000 193.2430000 134.9500000 149.6010000 193.3250000
 136.8930000 148.5170000 193.5790000 137.7470000 148.5880000 193.6560000
 136.2690000 147.2810000 194.0360000 135.4460000 147.1730000 193.5350000
 137.1440000 146.0790000 193.6990000 136.6320000 145.2850000 193.9200000
 137.3400000 146.0780000 192.7490000 138.3410000 146.0480000 194.4490000
 138.3480000 145.3120000 194.8530000 135.9100000 147.2970000 195.5280000
 136.5710000 147.9240000 196.3670000 134.8970000 146.4960000 195.8670000
 134.4680000 146.1110000 195.2290000 134.4660000 146.2320000 197.2540000
 134.5950000 147.0430000 197.7710000 132.9680000 145.8760000 197.3140000
 132.7310000 145.7030000 198.2390000 132.1040000 147.0400000 196.8260000
 132.2360000 147.8120000 197.3990000 131.1700000 146.7820000 196.8690000
 132.3230000 147.2770000 195.9110000 132.6020000 144.6340000 196.4890000
 133.1060000 143.8660000 196.8020000 131.6580000 144.4410000 196.5970000
 132.7840000 144.7840000 195.5480000 135.2810000 145.1400000 197.9610000
 135.2800000 145.0760000 199.1850000 135.9780000 144.2910000 197.2050000
 136.0020000 144.4330000 196.3570000 136.7560000 143.1320000 197.6680000
 137.1500000 143.3300000 198.5320000 135.7830000 141.9330000 197.8350000
 134.9380000 142.2600000 198.1810000 135.6070000 141.5410000 196.9650000
 136.2620000 140.8240000 198.7840000 137.4930000 140.7160000 198.9630000
 135.4280000 139.9470000 199.1140000 137.9030000 142.8760000 196.6550000
 137.9160000 143.4790000 195.5770000 138.8730000 142.0120000 196.9610000
 138.8010000 141.5810000 197.7020000 139.9260000 141.6050000 196.0090000
 140.2080000 142.3930000 195.5180000 141.1710000 141.0860000 196.7550000
 141.4770000 141.7670000 197.3750000 141.8700000 140.9560000 196.0950000
 140.9730000 139.7680000 197.5230000 140.5640000 139.9580000 198.3820000
 140.3640000 139.1990000 197.0280000 142.2910000 139.0030000 197.7310000
 143.2730000 139.6080000 198.2190000 142.3120000 137.7820000 197.4390000
 139.4310000 140.6020000 194.9470000 140.0560000 140.4580000 193.8960000
 138.2630000 139.9800000 195.1620000 137.9140000 140.0740000 195.9420000
 137.6500000 139.0230000 194.2180000 138.2940000 138.8270000 193.5190000
 137.3230000 137.6790000 194.9000000 136.9230000 137.1010000 194.2320000
 138.5900000 136.9710000 195.3890000 139.2590000 136.9560000 194.6870000
 138.3700000 136.0610000 195.6430000 138.9530000 137.4280000 196.1640000
 136.3300000 137.8090000 196.0620000 135.4960000 138.1950000 195.7530000
 136.6990000 138.3600000 196.7700000 136.1410000 136.9280000 196.4220000
 136.4130000 139.5490000 193.4830000 136.0620000 138.9930000 192.4450000
 135.7630000 140.6090000 193.9740000 136.1380000 141.0440000 194.6140000
 134.5690000 141.2050000 193.3390000 134.1470000 140.5480000 192.7640000
 133.5320000 141.6230000 194.3950000 133.9370000 142.2600000 195.0040000
 132.2740000 142.2480000 193.7900000 131.8960000 141.6570000 193.1200000
 132.4870000 143.1020000 193.3820000 131.6200000 142.3980000 194.4900000
 133.1070000 140.4930000 195.1300000 132.5450000 140.7560000 195.6960000
 134.9660000 142.4060000 192.4810000 135.6460000 143.2970000 192.9780000
 134.5090000 142.4690000 191.2280000 134.0130000 141.8320000 190.9320000
 134.8660000 143.5350000 190.2880000 135.8340000 143.5590000 190.2370000
 134.3430000 143.1390000 188.9000000 134.6110000 143.8010000 188.2430000
 134.7070000 142.2790000 188.6390000 133.3740000 143.0910000 188.9120000
 134.3770000 144.9510000 190.7010000 133.3850000 145.0720000 191.4280000
 134.9930000 146.0250000 190.1560000 136.3110000 146.0510000 189.5420000
 136.9390000 145.4740000 190.0040000 136.2410000 145.7990000 188.6080000
 136.7730000 147.5000000 189.6580000 137.4260000 147.7270000 188.9780000
 137.1280000 147.6620000 190.5460000 135.4730000 148.2780000 189.4750000
 135.3150000 148.4140000 188.5280000 135.5070000 149.1320000 189.9350000
 134.3930000 147.3610000 190.0710000 134.1720000 147.6690000 190.9640000
 133.1200000 147.3770000 189.2050000 132.7160000 146.3640000 188.6330000
 132.4730000 148.5370000 189.0950000 132.8380000 149.2510000 189.4060000
 131.1820000 148.6540000 188.4110000 130.6490000 147.8760000 188.6390000
 130.4500000 149.8930000 188.9370000 129.5550000 149.9280000 188.5650000
 130.9300000 150.6930000 188.6710000 130.3600000 149.7900000 190.7480000
 129.1630000 149.8180000 190.8250000 131.3270000 148.6800000 186.8790000
 132.1060000 149.4640000 186.3400000 130.4630000 147.9450000 186.1730000
 129.9580000 147.3820000 186.5820000 130.3880000 147.9540000 184.7060000
 131.2510000 147.6860000 184.3540000 129.3350000 146.9470000 184.2250000
 128.4690000 147.1760000 184.5960000 129.2800000 146.9710000 183.2570000
 129.6950000 145.6450000 184.6350000 129.1050000 145.1120000 184.3630000
 130.0340000 149.3360000 184.1490000 129.0600000 149.9400000 184.5840000
 130.6200000 149.6840000 182.9970000 131.2890000 149.2120000 182.7350000
 130.2380000 150.8530000 182.1840000 130.3930000 151.6620000 182.6960000
 131.1600000 150.8590000 180.9510000 132.0500000 151.1340000 181.2210000
 131.2120000 149.9640000 180.5800000 130.5480000 151.9610000 179.6430000
 130.8830000 153.0010000 180.1400000 128.7460000 150.8630000 181.7870000
 128.0880000 151.8950000 181.8830000 128.1820000 149.6780000 181.5330000
 128.6960000 148.9890000 181.5230000 126.7560000 149.4450000 181.2720000
 126.5010000 149.9070000 180.4580000 126.6100000 147.9300000 181.0560000
 126.9700000 147.4650000 181.8280000 127.1300000 147.6820000 180.2760000
 125.1640000 147.4640000 180.8510000 124.6600000 147.6400000 181.6610000
 124.7610000 147.9680000 180.1270000 125.0510000 145.9750000 180.5330000
 126.0220000 145.2500000 180.3860000 123.8490000 145.4500000 180.4640000
 123.1630000 145.9600000 180.5600000 123.7920000 144.6100000 180.2880000
 125.8180000 149.9440000 182.3920000 124.6770000 150.3060000 182.1270000
 126.3140000 150.0020000 183.6260000 127.1340000 149.7710000 183.7460000
 125.5910000 150.4410000 184.8200000 124.6680000 150.6230000 184.5850000
 125.6010000 149.2790000 185.8300000 125.1730000 149.5650000 186.6520000
 126.5180000 149.0430000 186.0420000 124.8530000 148.0480000 185.3090000
 123.6260000 148.0020000 185.5340000 125.5040000 147.0540000 184.9000000
 126.1550000 151.7570000 185.4060000 125.8130000 152.1320000 186.5280000
 127.1040000 152.4150000 184.7220000 127.3290000 152.1190000 183.9470000
 127.8550000 153.5430000 185.2760000 127.2340000 154.1340000 185.7290000
 128.8140000 152.9680000 186.3270000 128.3080000 152.6460000 187.0890000
 129.3200000 152.2340000 185.9460000 129.9460000 154.2680000 186.8420000
 129.6290000 154.1750000 187.9960000 128.6130000 154.3830000 184.2190000
 129.6440000 153.9540000 183.6950000 128.3510000 155.6970000 184.2080000
 127.6680000 155.9700000 184.6540000 128.9490000 156.6410000 183.2430000
 128.8920000 156.2430000 182.3600000 128.1590000 157.9590000 183.2160000
 128.3340000 158.4510000 184.0340000 128.4700000 158.4920000 182.4670000
 126.7640000 157.7720000 183.0870000 126.4770000 157.5430000 183.8430000
 130.4240000 157.0250000 183.4740000 131.0110000 157.6220000 182.5750000
 130.9640000 156.9370000 184.7030000 130.4990000 156.5780000 185.3310000
 132.2690000 157.5700000 185.0320000 132.3330000 158.3700000 184.4870000
 132.3220000 158.0410000 186.5090000 131.4870000 158.4940000 186.7060000
 132.4710000 156.8860000 187.5110000 133.3590000 156.4980000 187.4590000
 132.3420000 157.2090000 188.4170000 131.8130000 156.1950000 187.3370000
 133.4750000 159.0270000 186.8050000 134.3280000 158.6120000 186.6000000
 133.4720000 159.2290000 187.7540000 133.3730000 160.3600000 186.0530000
 134.0630000 160.9600000 186.3750000 133.5050000 160.2230000 185.1020000
 132.5050000 160.7630000 186.2090000 133.4930000 156.7230000 184.6460000
 134.4800000 157.2640000 184.1520000 133.3870000 155.3930000 184.7370000
 132.6600000 155.0760000 185.0700000 134.5180000 154.4610000 184.5490000
 135.2700000 154.8010000 185.0580000 134.1750000 153.0620000 185.1120000
 134.9710000 152.5110000 185.0500000 133.7780000 153.1260000 186.5940000
 132.9290000 153.5820000 186.7060000 133.6970000 152.2260000 186.9480000
 134.4590000 153.5990000 187.0970000 133.0540000 152.3590000 184.3290000
 132.8780000 151.4940000 184.7300000 132.2380000 152.8840000 184.3480000
 133.3270000 152.2150000 183.4090000 134.9920000 154.3470000 183.0910000
 136.0740000 153.8270000 182.8210000 134.1670000 154.7590000 182.1240000
 133.4330000 155.1430000 182.3540000 134.4410000 154.6250000 180.6950000
 135.0670000 153.8940000 180.5700000 133.1560000 154.2170000 179.9640000
 133.2970000 154.2720000 179.0060000 132.9560000 153.2960000 180.1950000
 131.7440000 155.2600000 180.4320000 132.3150000 156.3090000 180.3160000
 135.1000000 155.8830000 180.1020000 134.4340000 156.8430000 179.7130000
 136.4090000 155.7810000 179.8540000 136.8130000 155.0850000 180.1580000
 137.1610000 156.7110000 179.0070000 136.9010000 157.6210000 179.2210000
 138.1030000 156.6080000 179.2160000 136.9440000 156.4940000 177.4940000
 135.9870000 155.8360000 177.0780000 137.8240000 157.0370000 176.6280000
 139.0570000 157.7380000 176.9600000 138.8510000 158.6480000 177.2240000
 139.5500000 157.2860000 177.6620000 139.8880000 157.7420000 175.6770000
 140.4180000 156.9310000 175.6310000 140.4610000 158.5230000 175.6210000
 138.8250000 157.7310000 174.5780000 138.5050000 158.6350000 174.4310000
 139.1690000 157.3570000 173.7520000 137.7000000 156.8790000 175.1790000
 136.8430000 157.2270000 174.8850000 137.8140000 155.4050000 174.7590000
 138.8000000 154.7420000 175.0840000 136.8950000 154.9410000 173.8970000
 136.2240000 155.4450000 173.7090000 137.0090000 153.6180000 173.2570000
 137.0880000 152.9730000 173.9770000 135.7540000 153.2450000 172.4410000
 135.0020000 153.1620000 173.0480000 135.9080000 152.3670000 172.0580000
 135.3600000 154.2090000 171.3050000 136.1500000 154.5830000 170.8840000
 134.8330000 154.9350000 171.6740000 134.5560000 153.4530000 170.2320000
 135.1760000 152.8950000 169.7380000 133.9060000 152.8670000 170.6510000
 133.8450000 154.3830000 169.2400000 133.7000000 153.8900000 168.4170000
 134.4280000 155.1320000 169.0390000 132.5370000 154.8530000 169.7660000
 132.1370000 155.3970000 169.1860000 131.9960000 154.1600000 169.9050000
 132.6410000 155.2810000 170.5390000 138.2970000 153.5080000 172.4180000
 138.6750000 154.4940000 171.7770000 138.9320000 152.3230000 172.3430000
 138.5210000 151.0560000 172.9410000 138.7590000 151.0520000 173.8810000
 137.5700000 150.8930000 172.8370000 139.3120000 149.9770000 172.2020000
 138.8480000 149.7290000 171.3870000 139.4700000 149.1990000 172.7590000
 140.6080000 150.7060000 171.8570000 141.0720000 150.2900000 171.1130000
 141.1810000 150.7270000 172.6390000 140.1300000 152.1250000 171.5320000
 140.8120000 152.7610000 171.8000000 139.8350000 152.3160000 170.0370000
 138.7190000 152.0800000 169.5700000 140.8580000 152.7080000 169.2740000
 141.6210000 152.8490000 169.6450000 140.7850000 152.8760000 167.8210000
 140.0500000 152.3330000 167.4950000 140.4850000 154.3390000 167.4490000
 141.1440000 154.9230000 167.8550000 140.5530000 154.4240000 166.4850000
 139.0740000 154.7750000 167.8750000 138.4420000 154.0960000 167.5900000
 139.0280000 154.8460000 168.8410000 138.6520000 156.1100000 167.2720000
 139.4330000 157.0120000 167.0270000 137.3800000 156.2910000 166.9860000
 137.1990000 157.0320000 166.5890000 136.8300000 155.6340000 167.0550000
 142.0920000 152.4110000 167.1550000 143.1710000 152.7920000 167.6140000
 142.0270000 151.6150000 166.0720000 140.8190000 151.0570000 165.4810000
 140.3130000 150.5660000 166.1480000 140.2700000 151.7590000 165.0970000
 141.2740000 150.0980000 164.3860000 141.1650000 150.5130000 163.5160000
 140.7610000 149.2760000 164.4390000 142.7620000 149.8650000 164.6700000
 143.2610000 149.6750000 163.8600000 142.8610000 149.1380000 165.3050000
 143.2010000 151.1760000 165.3270000 143.9330000 151.0000000 165.9390000
 143.6140000 152.2320000 164.2810000 142.7450000 152.7700000 163.5900000
 144.9170000 152.4510000 164.0260000 146.0600000 151.9540000 164.7800000
 146.0920000 152.3970000 165.6420000 146.0130000 150.9920000 164.8980000
 147.3020000 152.3160000 163.9630000 147.5500000 151.5670000 163.3980000
 148.0460000 152.5670000 164.5330000 146.8390000 153.4880000 163.0930000
 146.9190000 154.3130000 163.5970000 147.3440000 153.5470000 162.2670000
 145.3570000 153.1890000 162.8450000 144.8740000 154.0270000 162.7790000
 145.1440000 152.3340000 161.5760000 145.6240000 151.2010000 161.5440000
 144.5430000 152.8660000 160.4930000 143.6500000 154.0200000 160.5120000
 143.0500000 153.9610000 161.2720000 144.1550000 154.8470000 160.5530000
 142.8270000 153.9660000 159.2230000 141.8880000 154.1390000 159.3950000
 143.1730000 154.6120000 158.5870000 143.0440000 152.5450000 158.6980000
 142.9830000 152.5030000 157.7310000 142.3870000 151.9550000 159.0990000
 144.4380000 152.1660000 159.2110000 144.4580000 151.2050000 159.3380000
 145.5630000 152.5910000 158.2360000 145.5190000 153.7060000 157.7140000
 146.5710000 151.7420000 157.9420000 146.9570000 150.5780000 158.7330000
 147.0890000 150.8500000 159.6550000 146.2950000 149.8710000 158.6760000
 148.3050000 150.1000000 158.1960000 148.8880000 149.8040000 158.9130000
 148.1690000 149.3830000 157.5570000 148.8590000 151.3440000 157.4990000
 149.4940000 151.1170000 156.8020000 149.2790000 151.9200000 158.1570000
 147.6060000 152.0360000 156.9470000 147.7800000 152.9890000 156.9060000
 147.2210000 151.5100000 155.5430000 147.4580000 150.3380000 155.2570000
 146.7930000 152.3570000 154.5830000 146.4450000 153.7660000 154.7280000
 147.1570000 154.2770000 155.1440000 145.6250000 153.8430000 155.2410000
 146.1820000 154.2790000 153.3140000 145.5250000 154.9920000 153.3070000
 147.0130000 154.5780000 152.9130000 145.6680000 153.0250000 152.6050000
 145.7540000 153.0830000 151.6410000 144.7380000 152.8840000 152.8420000
 146.5200000 151.9030000 153.2120000 146.0000000 151.0840000 153.2300000
 147.8010000 151.6320000 152.3930000 147.7380000 151.0080000 151.3390000
 148.9250000 152.2550000 152.7770000 148.8810000 152.6840000 153.5210000
 150.2590000 152.1120000 152.1740000 150.8050000 152.8080000 152.5730000
 150.8390000 150.7750000 152.6690000 150.7510000 150.7070000 153.6330000
 151.7780000 150.7100000 152.4350000 150.3600000 150.0390000 152.2560000
 150.4370000 152.3230000 150.6340000 151.4250000 151.8120000 150.0940000
 149.6240000 153.1100000 149.8890000 148.5650000 154.0280000 150.3040000
 147.8890000 153.5770000 150.8340000 148.9370000 154.7730000 150.8010000
 147.8730000 154.5270000 149.0340000 148.1580000 155.4350000 148.8440000
 146.9070000 154.4930000 149.1190000 148.3670000 153.5650000 147.9520000
 147.8110000 152.7700000 147.9560000 148.3720000 153.9590000 147.0660000
 149.7650000 153.1890000 148.4380000 149.9970000 152.3200000 148.0750000
 150.8490000 154.2080000 148.0440000 150.7680000 155.3880000 148.3870000
 151.8050000 153.8090000 147.2010000 151.8290000 152.9740000 146.9950000
 152.9560000 154.6550000 146.8310000 153.3780000 154.9740000 147.6440000
 153.9850000 153.8020000 146.0750000 153.5300000 153.2300000 145.4370000
 154.5530000 154.3980000 145.5620000 154.8910000 152.9590000 146.9230000
 154.5150000 151.9730000 147.7720000 153.6400000 151.7040000 147.9360000
 155.6310000 151.4250000 148.3740000 155.5880000 150.7860000 148.9480000
 156.7910000 152.0400000 147.9560000 158.1460000 151.8500000 148.2680000
 158.4010000 151.1870000 148.8680000 159.1110000 152.6740000 147.6630000
 160.0130000 152.5590000 147.8590000 158.7090000 153.6770000 146.7630000
 159.3480000 154.2250000 146.3680000 157.3450000 153.8560000 146.4570000
 157.0890000 154.5260000 145.8650000 156.3490000 153.0390000 147.0370000
 152.5900000 155.9210000 146.0280000 153.3230000 156.9010000 146.0900000
 151.4840000 155.9040000 145.2710000 151.0320000 155.1740000 145.3150000
 150.7150000 157.0760000 144.7790000 150.2080000 156.7500000 144.0190000
 149.6650000 157.5240000 145.8220000 150.0750000 158.1030000 146.4840000
 148.4500000 158.2200000 145.2020000 147.7950000 158.4090000 145.8920000
 148.0430000 157.6580000 144.5240000 148.7150000 159.0630000 144.8020000
 149.1300000 156.4090000 146.4840000 149.5980000 156.2770000 147.1690000
 151.5330000 158.2720000 144.2360000 151.1790000 159.4240000 144.4760000
 152.6350000 158.0150000 143.5120000 152.8210000 157.1780000 143.4450000
 153.7800000 158.9460000 143.3470000 154.2510000 158.9840000 144.1940000
 154.7620000 158.4030000 142.2730000 154.2540000 158.2660000 141.4580000
 155.8910000 159.3950000 141.9270000 156.5430000 158.9770000 141.3430000
 155.5300000 160.1680000 141.4660000 156.3320000 159.6970000 142.7370000
 155.3870000 157.0410000 142.6440000 155.8970000 156.7160000 141.8860000
 154.6710000 156.4050000 142.7970000 156.2980000 157.0200000 143.8770000
 156.6560000 156.1250000 143.9830000 157.0390000 157.6360000 143.7680000
 155.7940000 157.2520000 144.6730000 153.3990000 160.4010000 143.0220000
 153.9910000 161.3190000 143.5820000 152.4320000 160.6170000 142.1240000
 152.0160000 159.9250000 141.8270000 151.9410000 161.9470000 141.7300000
 152.2500000 162.5740000 142.4030000 152.5520000 162.3570000 140.3590000
 153.0070000 161.5950000 139.9680000 151.8440000 162.5810000 139.7350000
 153.5290000 163.5530000 140.3550000 153.6540000 163.8050000 139.4270000
 153.0000000 164.7880000 141.0900000 153.5620000 165.5510000 140.8850000
 152.0920000 164.9760000 140.8040000 153.0140000 164.6490000 142.0500000
 154.9130000 163.2110000 140.9030000 155.5050000 163.9720000 140.7960000
 155.2810000 162.4560000 140.4180000 154.8580000 162.9940000 141.8470000
 150.4000000 162.0310000 141.8160000 149.7300000 162.5010000 140.9000000
 149.8100000 161.4570000 142.8690000 150.3090000 161.0720000 143.4540000
 148.3570000 161.4690000 143.1070000 147.9970000 162.3230000 142.8210000
 148.1920000 161.3780000 144.0590000 147.5640000 160.3710000 142.3850000
 146.4280000 160.1030000 142.7590000 148.2010000 159.6300000 141.4730000
 149.0110000 159.8520000 141.2890000 147.7350000 158.3320000 140.9740000
 146.8780000 158.1240000 141.3780000 147.5510000 158.3510000 139.4410000
 148.3250000 158.7590000 139.0220000 147.5200000 157.4270000 139.1480000
 146.2590000 159.0320000 138.9430000 145.5160000 158.7630000 139.5050000
 146.3460000 160.5590000 138.9220000 145.5440000 160.9290000 138.5220000
 147.1220000 160.8470000 138.4170000 146.4070000 160.8990000 139.8290000
 145.9600000 158.5690000 137.5150000 145.8330000 157.6070000 137.5020000
 146.6910000 158.8080000 136.9240000 145.1430000 158.9860000 137.2000000
 148.7080000 157.2220000 141.3940000 149.9080000 157.4710000 141.4930000
 148.1480000 156.0140000 141.5210000 147.2970000 156.0350000 141.4020000
 148.6140000 154.6190000 141.7310000 148.1400000 154.2990000 142.5140000
 148.0950000 153.8150000 140.5270000 148.7230000 153.8900000 139.7920000
 147.2460000 154.1750000 140.2280000 147.8700000 152.3470000 140.8820000
 146.9920000 152.1220000 141.7450000 148.1260000 151.5160000 139.9870000
 150.0980000 154.2160000 141.9530000 150.3640000 153.0600000 142.2650000
 151.0820000 155.0680000 141.6710000 150.8290000 155.8640000 141.4650000
 152.4770000 154.7380000 141.3610000 152.9220000 155.5810000 141.1800000
 153.1920000 154.1120000 142.5690000 152.8400000 153.2300000 142.7660000
 154.1390000 154.0270000 142.3790000 153.0770000 154.6790000 143.3470000
 152.6560000 153.8980000 140.0880000 153.3140000 154.3640000 139.1590000
 152.0630000 152.7060000 140.0080000 151.5760000 152.4540000 140.6710000
 152.4150000 151.7190000 138.9810000 153.3830000 151.6540000 138.9820000
 151.8450000 150.3460000 139.3690000 151.8500000 150.2420000 140.3330000
 150.9260000 150.2730000 139.0670000 152.6850000 149.2210000 138.7500000
 152.2570000 148.3710000 138.9390000 152.6890000 149.3430000 137.7880000
 154.4200000 149.1340000 139.3000000 154.1930000 148.7350000 141.0540000
 155.0560000 148.5540000 141.4580000 153.6280000 147.9510000 141.1390000
 153.7800000 149.4830000 141.5130000 152.0120000 152.1400000 137.5580000
 152.8740000 152.1700000 136.6770000 150.8530000 152.8020000 137.4240000
 150.2790000 152.7320000 138.0610000 150.4390000 153.4870000 136.1880000
 150.3450000 152.8370000 135.4750000 149.0920000 154.2090000 136.3930000
 149.2060000 154.8580000 137.1050000 148.9060000 154.7100000 135.5840000
 147.8370000 153.4110000 136.7130000 147.8340000 152.0070000 136.8580000
 148.6080000 151.5030000 136.7540000 146.6510000 151.3380000 137.2220000
 146.6610000 150.4170000 137.3500000 145.4590000 152.0590000 137.4270000
 144.3370000 151.4040000 137.8280000 143.6890000 151.9280000 137.9340000
 145.4440000 153.4570000 137.2360000 144.6580000 153.9370000 137.3640000
 146.6330000 154.1260000 136.8850000 146.6270000 155.0500000 136.7790000
 151.4610000 154.5450000 135.7360000 151.7780000 154.6420000 134.5520000
 151.9740000 155.3530000 136.6720000 151.8030000 155.1680000 137.4940000
 152.9140000 156.4470000 136.3790000 152.5760000 156.9440000 135.6180000
 153.0390000 157.4250000 137.5690000 153.3110000 156.9360000 138.3620000
 154.0800000 158.5250000 137.3180000 154.0840000 159.1510000 138.0590000
 153.8720000 159.0020000 136.4990000 154.9680000 158.1410000 137.2470000
 151.6960000 158.1080000 137.8640000 151.7920000 158.7170000 138.6130000
 151.3970000 158.6050000 137.0860000 151.0260000 157.4470000 138.0970000
 154.2770000 155.8930000 135.9720000 154.7860000 156.2540000 134.9150000
 154.8180000 154.9320000 136.7270000 154.3820000 154.6650000 137.4190000
 156.1170000 154.3090000 136.4330000 156.7870000 155.0080000 136.3760000
 156.5280000 153.3440000 137.5740000 155.8160000 152.6970000 137.6970000
 157.8200000 152.5790000 137.2210000 157.7130000 152.0770000 136.3980000
 158.0330000 151.9390000 137.9180000 158.5590000 153.1990000 137.1200000
 156.7280000 154.1230000 138.8990000 155.9600000 154.6920000 139.0650000
 157.5030000 154.7010000 138.8220000 156.8940000 153.2280000 140.1340000
 156.8900000 153.7790000 140.9320000 157.7370000 152.7490000 140.0970000
 156.1610000 152.5940000 140.1850000 156.0840000 153.6120000 135.0640000
 156.9820000 153.8240000 134.2460000 154.9970000 152.9110000 134.7350000
 154.3800000 152.7890000 135.3220000 154.8740000 152.2430000 133.4380000
 155.7460000 151.8760000 133.2230000 153.9140000 151.0600000 133.5290000
 153.7110000 150.7420000 132.6350000 153.0930000 151.3470000 133.9590000
 154.5590000 149.9150000 134.3220000 153.9280000 149.1800000 134.3820000
 154.7380000 150.2240000 135.2240000 156.1000000 149.2810000 133.5890000
 157.0520000 148.9360000 135.0880000 157.9130000 148.5630000 134.8410000
 156.5710000 148.3030000 135.6440000 157.1900000 149.7610000 135.5800000
 154.5500000 153.1720000 132.2630000 155.1570000 153.0050000 131.2070000
 153.8570000 154.2920000 132.4870000 153.4470000 154.3910000 133.2370000
 153.7590000 155.3590000 131.4820000 153.4390000 154.9730000 130.6520000
 152.7410000 156.4110000 131.9410000 153.0570000 156.8300000 132.7570000
 151.9100000 155.9570000 132.1520000 152.4270000 157.4840000 130.9400000
 153.2080000 158.5520000 130.6600000 154.0250000 158.7290000 131.0680000
 152.6150000 159.3220000 129.6800000 152.9550000 160.0530000 129.3810000
 151.4090000 158.7890000 129.2770000 150.4440000 159.2040000 128.3470000
 150.5610000 159.9900000 127.8630000 149.2890000 158.4230000 128.1680000
 148.6320000 158.6870000 127.5650000 149.1200000 157.2430000 128.9160000
 148.3510000 156.7330000 128.8030000 150.0970000 156.8370000 129.8450000
 149.9680000 156.0620000 130.3420000 151.2680000 157.6000000 130.0550000
 155.1270000 155.9990000 131.1880000 155.4930000 156.1640000 130.0230000
 155.9450000 156.2590000 132.2180000 155.6530000 156.1100000 133.0130000
 157.3040000 156.7990000 132.0470000 157.2510000 157.5650000 131.4540000
 157.8930000 157.2830000 133.3980000 157.8390000 156.5500000 134.0310000
 159.3840000 157.6560000 133.2720000 159.7150000 157.9930000 134.1190000
 159.9110000 156.8740000 133.0470000 159.5080000 158.3310000 132.5860000
 157.1310000 158.4840000 134.0140000 156.2840000 158.1790000 134.3740000
 157.6390000 158.8260000 134.7670000 156.8250000 159.6510000 133.0660000
 156.4620000 160.3900000 133.5780000 156.1610000 159.3800000 132.4120000
 157.6310000 159.9450000 132.6140000 158.2280000 155.8020000 131.3310000
 158.8920000 156.1890000 130.3670000 158.2400000 154.5220000 131.7200000
 157.7540000 154.2910000 132.3910000 159.0840000 153.5110000 131.0490000
 159.9850000 153.8650000 130.9860000 159.1830000 152.1830000 131.8100000
 159.7250000 151.5740000 131.2840000 159.8250000 152.2960000 133.1910000
 160.7600000 152.5350000 133.0950000 159.3800000 152.9700000 133.7280000
 159.7650000 151.4400000 133.6430000 157.9200000 151.6070000 131.9580000
 157.9740000 151.0170000 132.5530000 158.6320000 153.2160000 129.6180000
 159.4910000 153.1550000 128.7380000 157.3280000 153.2380000 129.3180000
 156.7520000 153.2520000 129.9570000 156.8450000 153.0780000 127.9450000
 157.3070000 152.3170000 127.5600000 155.3430000 152.7690000 127.9160000
 154.8580000 153.5080000 128.3140000 155.1720000 151.9770000 128.4500000
 154.8380000 152.5230000 126.5030000 155.3780000 151.4600000 125.7490000
 155.9940000 150.8820000 126.1380000 154.9870000 151.2690000 124.4100000
 155.3430000 150.5670000 123.9160000 154.0270000 152.1220000 123.8290000
 153.6200000 151.9050000 122.5510000 153.8600000 151.1450000 122.2860000
 153.4790000 153.1820000 124.5830000 152.8420000 153.7370000 124.1940000
 153.8900000 153.3860000 125.9160000 153.5320000 154.0870000 126.4110000
 157.1650000 154.2900000 127.0620000 157.6710000 154.1110000 125.9560000
 157.0760000 155.5160000 127.5900000 156.7320000 155.6040000 128.3730000
 157.5290000 156.7180000 126.8750000 157.1290000 156.7160000 125.9910000
 157.0580000 157.9840000 127.6080000 157.3020000 157.9240000 128.5450000
 157.5000000 158.7590000 127.2280000 155.5420000 158.1840000 127.4870000
 155.2820000 158.9090000 128.0760000 155.0890000 157.3810000 127.7870000
 154.9670000 158.5790000 125.8110000 153.1780000 158.5390000 126.0980000
 152.7120000 158.6580000 125.2560000 152.9260000 157.6870000 126.4870000
 152.9320000 159.2540000 126.7050000 159.0520000 156.7410000 126.6620000
 159.5110000 157.0940000 125.5730000 159.8330000 156.2420000 127.6260000
 159.4680000 156.0160000 128.3710000 161.2790000 156.0680000 127.4900000
 161.6600000 156.9050000 127.1810000 161.8730000 155.7620000 128.8700000
 162.8390000 155.7040000 128.8030000 161.5300000 154.9180000 129.2040000
 161.6410000 156.4690000 129.4920000 161.6530000 154.9880000 126.4550000
 162.5090000 155.2350000 125.6040000 160.9190000 153.8700000 126.4000000
 160.3280000 153.7300000 127.0090000 161.0530000 152.8940000 125.3170000
 161.9810000 152.6180000 125.2630000 160.2000000 151.6410000 125.5790000
 160.5090000 151.2080000 126.3900000 159.2750000 151.8980000 125.7170000
 160.2680000 150.6570000 124.4220000 161.2940000 149.6940000 124.3760000
 161.8840000 149.6120000 125.0900000 161.4380000 148.8650000 123.2480000
 162.1140000 148.2270000 123.2260000 160.5710000 149.0120000 122.1510000
 160.6720000 148.4720000 121.4010000 159.5460000 149.9730000 122.1920000
 158.9690000 150.0680000 121.4690000 159.3800000 150.7770000 123.3340000
 158.7000000 151.4110000 123.3570000 160.6880000 153.5140000 123.9660000
 161.4710000 153.4240000 123.0260000 159.5540000 154.2110000 123.8760000
 159.0500000 154.2400000 124.5730000 159.0260000 154.7800000 122.6380000
 158.9290000 154.0620000 121.9930000 157.6230000 155.3450000 122.9410000
 157.6820000 156.0020000 123.6520000 157.0910000 154.6080000 123.2790000
 156.8830000 155.9670000 121.7400000 157.1520000 155.5140000 120.9250000
 155.3730000 155.7870000 121.8980000 155.1570000 154.8420000 121.9410000
 154.9100000 156.1760000 121.1400000 155.0710000 156.2140000 122.7150000
 157.1500000 157.4690000 121.5970000 158.0920000 157.6370000 121.4360000
 156.6450000 157.8210000 120.8470000 156.8790000 157.9310000 122.4060000
 159.9890000 155.8050000 122.0240000 160.3240000 155.6860000 120.8430000
 160.5370000 156.7250000 122.8300000 160.2840000 156.7520000 123.6520000
 161.4800000 157.7350000 122.3370000 161.0960000 158.1050000 121.5270000
 161.5950000 158.9050000 123.3420000 160.6960000 159.1160000 123.6380000
 161.9200000 159.6850000 122.8650000 162.4890000 158.6870000 124.5820000
 162.4510000 157.7550000 124.8490000 163.9490000 159.0900000 124.3350000
 164.0030000 160.0350000 124.1240000 164.3310000 158.5810000 123.6030000
 164.4710000 158.9110000 125.1320000 162.0010000 159.5400000 125.7550000
 162.0270000 160.4810000 125.5210000 162.5620000 159.3830000 126.5310000
 161.0910000 159.2930000 125.9810000 162.8280000 157.1210000 121.9220000
 163.3680000 157.5030000 120.8840000 163.3220000 156.1020000 122.6380000
 162.8980000 155.8450000 123.3410000 164.5790000 155.4170000 122.2840000
 165.2300000 156.0870000 122.0230000 165.1630000 154.6570000 123.4940000
 164.4860000 154.0680000 123.8620000 166.3910000 153.8110000 123.1240000
 166.7690000 153.4130000 123.9240000 167.0610000 154.3670000 122.6950000
 166.1380000 153.0930000 122.5230000 165.6160000 155.6470000 124.5770000
 165.9590000 155.1600000 125.3430000 166.3080000 156.2320000 124.2310000
 164.8660000 156.1840000 124.8760000 164.4020000 154.4970000 121.0730000
 165.2210000 154.5420000 120.1580000 163.3030000 153.7460000 120.9900000
 162.7480000 153.7660000 121.6460000 163.0350000 152.8040000 119.9050000
 163.8310000 152.2680000 119.7630000 161.8940000 151.8510000 120.2900000
 162.1530000 151.3500000 121.0790000 161.1030000 152.3670000 120.5110000
 161.5590000 150.8820000 119.1720000 160.4790000 151.1430000 118.3070000
 159.9260000 151.8750000 118.4570000 160.2570000 150.3200000 117.1910000
 159.5460000 150.5040000 116.6200000 161.1130000 149.2340000 116.9350000
 160.9770000 148.6980000 116.1880000 162.1720000 148.9510000 117.8140000
 162.7330000 148.2270000 117.6510000 162.3960000 149.7760000 118.9310000
 163.1120000 149.6050000 119.4990000 162.7320000 153.5070000 118.5800000
 163.4080000 153.2390000 117.5860000 161.8250000 154.4920000 118.5620000
 161.4050000 154.6970000 119.2840000 161.5950000 155.2820000 117.3490000
 161.5340000 154.6670000 116.6020000 160.2610000 156.0340000 117.4080000
 160.1600000 156.4680000 118.2690000 160.2680000 156.7310000 116.7340000
 159.0710000 155.1350000 117.1280000 158.7180000 154.8320000 115.7980000
 159.2070000 155.1930000 115.0940000 157.6290000 153.9820000 115.5300000
 157.3960000 153.7850000 114.6520000 156.8880000 153.4360000 116.5930000
 156.1650000 152.8760000 116.4220000 157.2370000 153.7420000 117.9200000
 156.7410000 153.3930000 118.6250000 158.3330000 154.5800000 118.1870000
 158.5680000 154.7690000 119.0670000 162.7660000 156.2170000 117.0330000
 163.1230000 156.3300000 115.8620000 163.5010000 156.7080000 118.0370000
 163.2350000 156.5970000 118.8470000 164.7610000 157.4280000 117.8310000
 164.5960000 158.2230000 117.3000000 165.1080000 157.6990000 118.6950000
 165.8260000 156.5780000 117.1290000 166.3400000 156.9800000 116.0850000
 166.0030000 155.3270000 117.5630000 165.6020000 155.0860000 118.2850000
 166.8860000 154.3530000 116.9270000 167.7610000 154.7570000 116.8170000
 167.0350000 153.1440000 117.8590000 167.6420000 152.4990000 117.4650000
 166.1730000 152.7240000 118.0030000 167.3920000 153.4300000 118.7140000
 166.3950000 153.9280000 115.5330000 167.1870000 153.9190000 114.5920000
 165.0890000 153.7110000 115.3470000 164.5730000 153.7180000 116.0350000
 164.5070000 153.3770000 114.0440000 164.9700000 152.6000000 113.6930000
 163.0240000 153.0100000 114.2070000 162.9480000 152.2380000 114.7890000
 162.5610000 153.7480000 114.6330000 162.3410000 152.7080000 112.8850000
 161.6570000 153.7270000 112.1950000 161.5870000 154.5770000 112.5660000
 161.0920000 153.4690000 110.9330000 160.6400000 154.1440000 110.4800000
 161.2060000 152.1890000 110.3620000 160.8210000 152.0110000 109.5350000
 161.8700000 151.1640000 111.0570000 161.9210000 150.3130000 110.6860000
 162.4420000 151.4240000 112.3160000 162.8850000 150.7460000 112.7730000
 164.6860000 154.5080000 113.0220000 165.2060000 154.2670000 111.9320000
 164.4050000 155.7600000 113.3980000 164.0730000 155.8920000 114.1800000
 164.6350000 156.9200000 112.5350000 164.2520000 156.7260000 111.6650000
 163.9340000 158.1660000 113.0990000 164.2580000 158.9440000 112.6190000
 164.1860000 158.2760000 114.0290000 162.4180000 158.1600000 112.9700000
 161.8170000 158.0180000 111.7030000 162.3440000 157.9210000 110.9430000
 160.4160000 158.0350000 111.5760000 160.0230000 157.9430000 110.7380000
 159.6080000 158.2010000 112.7140000 158.6820000 158.2160000 112.6320000
 160.2020000 158.3620000 113.9770000 159.6690000 158.4840000 114.7290000
 161.6030000 158.3500000 114.1030000 161.9890000 158.4710000 114.9410000
 166.1260000 157.1890000 112.2960000 166.4900000 157.4910000 111.1590000
 167.0050000 156.9450000 113.2730000 166.7090000 156.7530000 114.0570000
 168.4540000 157.0380000 113.0890000 168.6590000 157.9110000 112.7200000
 169.1410000 156.9300000 114.4560000 170.1010000 157.0190000 114.3480000
 168.8240000 157.6360000 115.0410000 168.9460000 156.0720000 114.8630000
 168.9870000 155.9820000 112.1030000 169.6640000 156.3400000 111.1380000
 168.5520000 154.7240000 112.2270000 168.0610000 154.5370000 112.9080000
 168.9010000 153.6230000 111.3100000 169.8650000 153.6070000 111.2030000
 168.4710000 152.2650000 111.9060000 167.5510000 152.3250000 112.2080000
 168.5660000 151.1050000 110.9020000 167.9210000 151.2230000 110.1870000
 168.3640000 150.2690000 111.3500000 169.4610000 151.0590000 110.5300000
 169.3660000 151.9000000 113.0980000 169.3400000 152.6010000 113.7680000
 169.0500000 151.0800000 113.5080000 170.2830000 151.7790000 112.8070000
 168.3070000 153.8340000 109.9160000 169.0220000 153.6790000 108.9270000
 167.0690000 154.3230000 109.8110000 166.6030000 154.4080000 110.5290000
 166.4370000 154.6720000 108.5340000 166.4940000 153.9070000 107.9410000
 164.9520000 154.9780000 108.7680000 164.8810000 155.6920000 109.4200000
 164.5310000 154.1940000 109.1540000 164.1710000 155.3870000 107.5530000
 163.5140000 154.5420000 106.7280000 163.4750000 153.6200000 106.8410000
 162.8850000 155.2580000 105.7280000 162.3730000 154.8920000 105.1420000
 163.0830000 156.6160000 105.8750000 162.6010000 157.7350000 105.1780000
 162.0110000 157.6200000 104.4680000 162.9480000 159.0220000 105.6290000
 162.5750000 159.7760000 105.2310000 163.8000000 159.1670000 106.7390000
 164.0060000 160.0140000 107.0620000 164.2830000 158.0340000 107.4230000
 164.8040000 158.1410000 108.1860000 163.9270000 156.7280000 107.0210000
 167.1520000 155.8340000 107.8330000 167.5160000 155.7030000 106.6630000
 167.5440000 156.8720000 108.5790000 167.3030000 156.8990000 109.4040000
 168.3740000 157.9610000 108.0650000 167.9500000 158.3260000 107.2720000
 168.4920000 159.0820000 109.1070000 169.1570000 159.7230000 108.8110000
 168.7680000 158.7190000 109.9630000 166.9080000 159.9480000 109.2850000
 166.4300000 159.1580000 110.0510000 169.7670000 157.4780000 107.6420000
 170.2250000 157.8600000 106.5700000 170.4160000 156.6020000 108.4140000
 170.0620000 156.3810000 109.1660000 171.7490000 156.0760000 108.1050000
 172.3410000 156.8220000 107.9200000 172.2930000 155.3360000 109.3350000
 172.2320000 155.9230000 110.1050000 171.7370000 154.5630000 109.5180000
 173.7340000 154.8860000 109.1910000 174.0370000 153.6310000 108.6280000
 173.3530000 153.0680000 108.3440000 175.3770000 153.2180000 108.4960000
 175.5760000 152.3910000 108.1190000 176.4200000 154.0610000 108.9390000
 177.7170000 153.6760000 108.8200000 178.0180000 153.8150000 108.0480000
 176.1160000 155.3190000 109.4970000 176.8110000 155.8620000 109.7920000
 174.7760000 155.7310000 109.6230000 174.5790000 156.5540000 110.0080000
 171.7500000 155.1740000 106.8600000 172.4660000 155.4620000 105.9000000
 170.7860000 154.2440000 106.7770000 170.2820000 154.1430000 107.4670000
 170.5360000 153.3710000 105.6140000 171.3400000 152.8620000 105.4270000
 169.3880000 152.4020000 105.9670000 168.5720000 152.9140000 106.0800000
 169.5950000 151.9870000 106.8190000 169.1360000 151.2730000 104.9470000
 169.9300000 150.7190000 104.8830000 168.9380000 151.6500000 104.0760000
 167.9440000 150.4150000 105.4190000 168.1260000 150.1000000 106.3180000
 167.1580000 150.9830000 105.4480000 167.6740000 149.2400000 104.5570000
 168.2910000 149.0010000 104.0080000 166.5830000 148.4810000 104.5970000
 165.5890000 148.7470000 105.3980000 164.8630000 148.2870000 105.4030000
 165.6370000 149.4160000 105.9360000 166.4690000 147.4330000 103.8320000
 165.7610000 146.9490000 103.9000000 167.1050000 147.1920000 103.3060000
 170.2360000 154.1920000 104.3590000 170.8820000 153.9820000 103.3390000
 169.4140000 155.2420000 104.4820000 169.0140000 155.3440000 105.2370000
 169.1160000 156.2000000 103.4030000 168.8470000 155.7030000 102.6150000
 167.9440000 157.0860000 103.8560000 167.2130000 156.5100000 104.1300000
 168.2180000 157.6160000 104.6210000 167.4240000 158.0210000 102.7570000
 168.1220000 158.6390000 102.4910000 167.1590000 157.4930000 101.9870000
 166.2190000 158.8200000 103.2690000 166.4960000 159.3710000 104.0170000
 165.5310000 158.2050000 103.5680000 165.6670000 159.7030000 102.1460000
 165.4150000 159.1340000 101.4020000 166.3720000 160.2950000 101.8390000
 164.4970000 160.4890000 102.6080000 164.2020000 161.0220000 101.9590000
 164.7190000 160.9890000 103.3100000 163.8390000 159.9420000 102.8520000
 170.3360000 157.0310000 102.9860000 170.4980000 157.2940000 101.8000000
 171.1860000 157.4510000 103.9300000 171.0000000 157.2580000 104.7470000
 172.3960000 158.2500000 103.6580000 172.1500000 158.9820000 103.0710000
 172.9410000 158.8210000 104.9800000 173.4440000 158.1380000 105.4510000
 172.1900000 159.0860000 105.5340000 173.8080000 160.0740000 104.7890000
 174.5910000 159.8660000 104.2560000 173.2810000 160.7480000 104.3320000
 174.2380000 160.6140000 106.1630000 174.9160000 160.0260000 106.5310000
 173.4670000 160.6040000 106.7520000 174.7570000 161.9940000 106.0820000
 174.8910000 162.3090000 105.2930000 175.0060000 162.7960000 107.1050000
 174.8790000 162.4020000 108.3420000 174.6710000 161.5820000 108.4940000
 175.0640000 162.9290000 108.9960000 175.3760000 164.0300000 106.9060000
 175.5350000 164.5460000 107.5750000 175.4750000 164.3290000 106.1060000
 173.4560000 157.4450000 102.9030000 174.0010000 157.9650000 101.9370000
 173.6060000 156.1590000 103.2320000 173.1840000 155.8630000 103.9200000
 174.4310000 155.2160000 102.4690000 175.2980000 155.6230000 102.3130000
 174.6570000 153.9290000 103.2780000 173.9680000 153.8240000 103.9520000
 174.5970000 153.1630000 102.6860000 176.0220000 153.9120000 103.9340000
 177.1010000 153.3010000 103.2650000 176.9700000 152.8800000 102.4460000
 178.3920000 153.3410000 103.8250000 179.1060000 152.9400000 103.3840000
 178.6090000 154.0050000 105.0480000 179.8550000 154.0440000 105.5890000
 179.8760000 154.4650000 106.3160000 177.5300000 154.6320000 105.7100000
 177.6780000 155.0850000 106.5080000 176.2350000 154.5760000 105.1580000
 175.5230000 154.9870000 105.5920000 173.8530000 154.9150000 101.0800000
 174.5120000 155.2290000 100.0960000 172.5510000 154.6190000 100.9790000
 172.1170000 154.4290000 101.6970000 171.9160000 154.3230000  99.6840000
 172.4350000 153.6230000  99.2580000 170.4820000 153.8010000  99.8980000
 170.2500000 153.8130000 100.8400000 169.8500000 154.3900000  99.4570000
 170.2780000 152.3980000  99.3680000 170.0070000 152.1980000  98.0010000
 169.9620000 152.9250000  97.4230000 169.8680000 150.8940000  97.4930000
 169.7260000 150.7630000  96.5830000 170.0080000 149.7870000  98.3480000
 169.9560000 148.9260000  98.0000000 170.2890000 149.9830000  99.7110000
 170.4310000 149.2480000 100.2620000 170.4250000 151.2880000 100.2220000
 170.6540000 151.4150000 101.1140000 171.9090000 155.5040000  98.6960000
 171.7480000 155.2920000  97.5010000 172.0380000 156.7500000  99.1680000
 172.1080000 156.8440000 100.0200000 172.2150000 157.9420000  98.3120000
 171.6890000 157.8290000  97.5050000 171.6780000 159.1900000  99.0460000
 172.0070000 159.1870000  99.9580000 172.0660000 160.5330000  98.4120000
 173.0240000 160.6680000  98.4790000 171.8140000 160.5420000  97.4750000
 171.6240000 161.2640000  98.8720000 170.1420000 159.1480000  99.0740000
 169.8370000 158.3130000  99.4610000 169.7960000 159.2140000  98.1700000
 169.8020000 159.8840000  99.6060000 173.6660000 158.1260000  97.8390000
 173.8880000 158.7220000  96.7890000 174.6520000 157.5760000  98.5510000
 174.4460000 157.0730000  99.2180000 176.0800000 157.6730000  98.2070000
 176.2610000 158.5790000  97.9100000 176.9130000 157.3990000  99.4650000
 176.8710000 156.4560000  99.6870000 176.5600000 157.9140000 100.2070000
 178.2570000 157.7820000  99.2550000 178.4190000 157.6710000  98.4380000
 176.5360000 156.7150000  97.0920000 177.6900000 156.7830000  96.6770000
 175.6900000 155.7600000  96.6950000 174.9320000 155.7240000  97.1000000
 176.0890000 154.5360000  95.9740000 177.0570000 154.5150000  95.9160000
 175.6530000 153.3460000  96.8530000 175.7550000 153.6290000  97.7750000
 174.7130000 153.1540000  96.7100000 176.4810000 152.0610000  96.6920000
 177.3900000 152.3010000  96.4540000 176.1160000 151.5280000  95.9690000
 176.5010000 151.2420000  98.0000000 177.6130000 150.8420000  98.4120000
 175.4490000 151.1920000  98.6850000 175.5700000 154.4760000  94.5150000
 175.6790000 153.4610000  93.8320000 175.0130000 155.5840000  94.0070000
 174.9840000 156.2700000  94.5240000 174.4350000 155.7150000  92.6580000
 173.9330000 154.9050000  92.4770000 173.4280000 156.8870000  92.6370000
 173.3010000 157.1940000  91.7260000 173.7880000 157.6340000  93.1400000
 172.0500000 156.5270000  93.1580000 171.1050000 155.9610000  92.2780000
 171.3350000 155.8070000  91.3900000 169.8250000 155.6050000  92.7450000
 169.2050000 155.2110000  92.1750000 169.4910000 155.8150000  94.0970000
 168.2800000 155.4240000  94.5730000 168.2290000 155.5880000  95.3950000
 170.4290000 156.4000000  94.9720000 170.2110000 156.5270000  95.8670000
 171.7090000 156.7520000  94.5040000 172.3390000 157.1100000  95.0870000
 175.4890000 155.8070000  91.5290000 175.5040000 156.7560000  90.7430000
 176.2480000 154.7300000  91.3190000 176.2220000 154.1070000  91.9110000
 176.9690000 154.4540000  90.0600000 176.9110000 155.2270000  89.4770000
 178.4680000 154.2130000  90.2940000 178.8660000 153.9410000  89.4530000
 179.1810000 155.4780000  90.7700000 180.1310000 155.2980000  90.8510000
 178.8340000 155.7500000  91.6340000 179.0460000 156.1930000  90.1280000
 178.6920000 153.2020000  91.2440000 178.1600000 152.5770000  91.0670000
 176.3280000 153.2560000  89.3400000 176.6210000 152.1140000  89.6990000
 175.3690000 153.4740000  88.4170000 174.9430000 154.7630000  87.8820000
 175.6980000 155.2680000  87.5430000 174.4830000 155.2680000  88.5700000
 173.9800000 154.4520000  86.7370000 173.2820000 155.1210000  86.6610000
 174.4740000 154.3850000  85.9050000 173.4170000 153.0820000  87.1190000
 173.1040000 152.5920000  86.3420000 172.6950000 153.1990000  87.7560000
 174.5950000 152.3890000  87.8150000 174.2520000 151.8020000  88.5060000
 175.4370000 151.5580000  86.8350000 175.9100000 152.0900000  85.8320000
 175.4840000 150.2380000  87.0460000 175.1510000 149.9220000  87.7730000
 175.9850000 149.2460000  86.0830000 175.9160000 149.6170000  85.1900000
 177.4810000 148.9070000  86.3300000 177.5800000 148.6100000  87.2480000
 177.9310000 147.7520000  85.4120000 178.8590000 147.5240000  85.5800000
 177.4120000 146.9520000  85.5900000 177.8220000 148.0020000  84.4810000
 178.3820000 150.1520000  86.1200000 178.2130000 150.5210000  85.2390000
 178.1400000 150.8220000  86.7780000 179.8950000 149.9290000  86.2630000
 180.3460000 150.7870000  86.2510000 180.2330000 149.4000000  85.5240000
 180.0880000 149.4830000  87.1030000 175.0880000 147.9990000  86.1220000
 174.8110000 147.4640000  87.1910000 174.5080000 147.7020000  84.9620000
 174.6770000 148.2540000  84.3250000 174.0690000 146.4220000  84.3970000
 173.2670000 146.6450000  83.8980000 175.0780000 145.9620000  83.3270000
 175.9100000 145.7210000  83.7640000 174.7290000 145.1670000  82.8940000
 175.3660000 147.0150000  82.2420000 174.7460000 148.1040000  82.2780000
 176.1620000 146.6990000  81.3340000 173.6660000 145.2430000  85.3090000
 174.3910000 144.7710000  86.1810000 172.6410000 144.5420000  84.8210000
 172.2580000 144.8670000  84.1230000 172.2250000 143.2010000  85.2420000
 171.9820000 143.2490000  86.1800000 171.0050000 142.8100000  84.4120000
 170.7410000 141.9060000  84.6440000 170.2760000 143.4220000  84.5960000
 171.3020000 142.8950000  83.0270000 170.6190000 142.6750000  82.5900000
 173.2680000 142.0900000  85.0250000 173.9110000 142.0840000  83.9800000
 173.0350000 140.9460000  85.6890000 172.3980000 140.9660000  86.2660000
 173.6380000 139.6210000  85.4220000 173.1220000 139.0080000  85.9690000
 173.3970000 139.1530000  83.9690000 173.6560000 138.2220000  83.8860000
 173.9690000 139.6640000  83.3750000 171.9610000 139.2750000  83.4980000
 171.0110000 139.1910000  84.2570000 171.7520000 139.3910000  82.2080000
 172.4200000 139.4590000  81.6710000 170.9340000 139.4910000  81.9630000
 175.0760000 139.3700000  85.9240000 175.7130000 138.4160000  85.4810000
 175.4330000 139.9620000  87.0670000 174.9240000 140.5860000  87.3680000
 176.3340000 139.3250000  88.0430000 176.7730000 138.5630000  87.6340000
 177.4590000 140.2860000  88.4970000 177.0620000 141.1130000  88.8120000
 178.2690000 139.6610000  89.6520000 177.7020000 139.5080000  90.4240000
 178.9760000 140.2600000  89.9380000 178.6570000 138.8180000  89.3690000
 178.3680000 140.5950000  87.2840000 178.7450000 139.7660000  86.9490000
 177.8330000 140.9850000  86.5750000 179.5150000 141.5690000  87.5740000
 179.9500000 141.8070000  86.7400000 180.1730000 141.1550000  88.1540000
 179.1670000 142.3720000  87.9920000 175.4930000 138.7910000  89.2100000
 174.8210000 139.5560000  89.8980000 175.5540000 137.4800000  89.4600000
 176.0600000 136.9960000  88.9600000 175.0690000 136.8840000  90.7030000
 174.2140000 137.2790000  90.9360000 174.8580000 135.3780000  90.4900000
 174.5230000 134.9760000  91.3070000 174.2120000 135.2300000  89.7820000
 175.6970000 134.9510000  90.2550000 176.0710000 137.1690000  91.8350000
 177.2500000 136.8280000  91.7230000 175.6240000 137.8120000  92.9170000
 174.7970000 138.0450000  92.9540000 176.4880000 138.1370000  94.0530000
 177.3280000 138.4770000  93.7060000 175.8620000 139.2610000  94.8910000
 175.5840000 139.9770000  94.2990000 175.0690000 138.9310000  95.3420000
 176.8260000 139.8320000  95.9130000 176.9300000 139.2610000  97.1970000
 176.3870000 138.5430000  97.4320000 177.8590000 139.7700000  98.1230000
 177.9250000 139.3910000  98.9700000 178.6850000 140.8520000  97.7700000
 179.2970000 141.1910000  98.3830000 178.5830000 141.4240000  96.4900000
 179.1250000 142.1430000  96.2570000 177.6570000 140.9140000  95.5630000
 177.5960000 141.2940000  94.7160000 176.7960000 136.8800000  94.8830000
 175.9690000 136.4080000  95.6630000 177.9570000 136.2710000  94.6470000
 178.4850000 136.6030000  94.0550000 178.3550000 134.9970000  95.2470000
 177.6060000 134.3860000  95.1680000 179.5030000 134.3840000  94.4310000
 179.8590000 133.6140000  94.9010000 179.1470000 134.0860000  93.5790000
 180.5400000 135.3150000  94.1770000 181.1440000 134.9370000  93.7320000
 178.6710000 135.1380000  96.7470000 179.8130000 135.3350000  97.1590000
 177.6590000 134.8560000  97.5760000 176.8830000 134.7990000  97.2100000
 177.6890000 134.9260000  99.0560000 177.8070000 135.8540000  99.3130000
 176.3280000 134.4460000  99.6130000 176.1460000 133.5580000  99.2670000
 176.2820000 134.3750000 101.1450000 176.8890000 133.6910000 101.4690000
 175.3880000 134.1370000 101.4370000 176.5270000 135.2320000 101.5280000
 175.1970000 135.3830000  99.1620000 175.1190000 135.3880000  98.1950000
 174.3510000 135.0750000  99.5230000 175.3650000 136.2860000  99.4730000
 178.8520000 134.1460000  99.6990000 179.4480000 134.6220000 100.6640000
 179.3370000 133.1020000  99.0200000 178.8560000 132.8180000  98.3660000
 180.5100000 132.2960000  99.3840000 180.3420000 131.8960000 100.2520000
 180.6500000 131.1580000  98.3430000 180.8130000 131.5460000  97.4690000
 181.4180000 130.6120000  98.5740000 179.4450000 130.2310000  98.2400000
 178.4530000 130.3680000  98.9290000 179.4310000 129.3390000  97.2780000
 178.7300000 128.8420000  97.2480000 180.1110000 129.2140000  96.7670000
 181.8390000 133.0850000  99.5010000 182.8460000 132.5090000  99.9110000
 181.8940000 134.3510000  99.0610000 181.1710000 134.6800000  98.7310000
 183.1320000 135.1030000  98.8310000 183.8750000 134.5010000  98.9910000
 183.2020000 135.4690000  97.3400000 184.0510000 135.8970000  97.1460000
 182.4800000 136.0730000  97.1080000 183.1300000 134.6640000  96.8030000
 183.4050000 136.2890000  99.7860000 184.2160000 137.1520000  99.4460000
 182.9090000 136.2760000 101.0370000 182.3700000 135.6420000 101.2550000
 183.5170000 137.1070000 102.1020000 184.4760000 137.1090000 101.9560000
 183.0710000 138.5750000 101.9990000 183.4680000 139.0730000 102.7310000
 183.3890000 138.9630000 101.1690000 181.6640000 138.6870000 102.0710000
 181.4700000 139.5020000 102.0120000 183.3290000 136.6310000 103.5480000
 184.3050000 136.7130000 104.2940000 182.1550000 136.1360000 103.9680000
 181.4980000 136.1450000 103.4140000 181.8790000 135.8250000 105.3890000
 182.2130000 136.5710000 105.9120000 180.3670000 135.7510000 105.6740000
 179.9760000 136.6090000 105.4460000 179.9820000 135.0650000 105.1060000
 180.0510000 135.4940000 107.1510000 181.0100000 135.4720000 107.9660000
 178.9740000 134.9060000 107.4080000 182.6310000 134.5700000 105.8930000
 182.0810000 133.4810000 106.0880000 183.8880000 134.7900000 106.2700000
 184.1990000 135.5650000 106.0630000 184.7650000 133.8710000 107.0030000
 184.5620000 132.9670000 106.7170000 186.2280000 134.1910000 106.6560000
 186.8140000 133.6630000 107.2210000 186.4060000 135.1280000 106.8320000
 186.5680000 133.8560000 105.1980000 186.3630000 132.9220000 105.0350000
 186.0430000 134.4080000 104.5970000 188.0610000 134.0950000 104.9420000
 188.5770000 133.6050000 105.6010000 188.2480000 135.0430000 105.0300000
 188.4280000 133.6090000 103.5370000 187.9130000 134.1160000 102.8900000
 188.1680000 132.6780000 103.4620000 189.8810000 133.7600000 103.2920000
 190.0830000 133.4950000 102.4670000 190.1200000 134.6120000 103.3910000
 190.3390000 133.2660000 103.8740000 184.5490000 133.8690000 108.5280000
 185.4320000 133.4130000 109.2470000 183.4370000 134.4000000 109.0470000
 182.8260000 134.7140000 108.5300000 183.0810000 134.1960000 110.4520000
 182.2400000 134.6370000 110.6500000 183.7780000 134.5620000 111.0180000
 182.9120000 132.7020000 110.7370000 182.1060000 132.0470000 110.0720000
 183.7680000 132.1430000 111.5900000 184.3680000 132.6270000 111.9710000
 183.7840000 130.7060000 111.8740000 183.8930000 130.2370000 111.0320000
 184.9990000 130.3580000 112.7500000 184.9270000 129.4410000 113.0580000
 185.0170000 130.9470000 113.5210000 186.2980000 130.5010000 111.9360000
 186.2770000 129.8550000 111.2130000 186.3370000 131.3850000 111.5390000
 187.5620000 130.2990000 112.7820000 188.5040000 129.6670000 112.2510000
 187.6470000 130.9300000 113.8590000 182.4600000 130.2310000 112.4970000
 181.7440000 131.0000000 113.1410000 182.1130000 128.9590000 112.2730000
 182.6970000 128.4450000 111.9060000 180.9870000 128.3180000 112.9540000
 180.1850000 128.8440000 112.8090000 180.7730000 126.9220000 112.3460000
 180.0040000 126.5030000 112.7630000 181.5570000 126.3740000 112.5080000
 180.6160000 126.9850000 111.3910000 181.2670000 128.2560000 114.4690000
 182.3890000 127.9420000 114.8790000 180.2650000 128.5040000 115.3200000
 179.4750000 128.6010000 114.9930000 180.4210000 128.3460000 116.7750000
 181.2280000 128.8100000 117.0490000 179.2620000 129.0240000 117.5340000
 178.8490000 129.7140000 116.9910000 179.6000000 129.4370000 118.3440000
 178.3050000 128.1130000 117.9810000 177.6880000 128.1620000 117.4130000
 180.6660000 126.8790000 117.1490000 180.2480000 125.9550000 116.4500000
 181.2610000 126.6480000 118.3210000 181.5780000 127.3190000 118.7560000
 181.4730000 125.3020000 118.8460000 182.0160000 124.8170000 118.2050000
 182.2720000 125.4440000 120.1460000 181.7250000 125.8680000 120.8250000
 183.0600000 125.9870000 119.9870000 182.8070000 123.8120000 120.7300000
 183.3790000 124.2120000 121.7060000 180.1530000 124.5150000 119.0290000
 180.1060000 123.3030000 118.8250000 179.0420000 125.2350000 119.1940000
 179.1090000 126.0920000 119.2290000 177.7000000 124.6710000 119.2560000
 177.7380000 123.8500000 119.7720000 176.7720000 125.6580000 119.9720000
 175.8770000 125.2850000 119.9930000 176.7340000 126.5010000 119.4940000
 177.3570000 125.9320000 121.6670000 176.5010000 126.7070000 121.9950000
 177.1080000 124.2810000 117.8920000 176.2360000 123.4170000 117.8420000
 177.5360000 124.8840000 116.7860000 178.1740000 125.4600000 116.8130000
 176.8480000 124.7130000 115.5040000 175.9020000 124.8350000 115.6780000
 177.2800000 125.7650000 114.4600000 178.2080000 125.5870000 114.2400000
 176.7250000 125.6730000 113.6700000 177.2600000 127.2560000 114.8130000
 176.9470000 127.5920000 115.9630000 177.7890000 128.0540000 114.0170000
 177.0370000 123.2720000 114.9290000 176.0080000 122.6460000 114.6570000
 178.2400000 122.6340000 114.9450000 179.5640000 123.1910000 115.2020000
 179.6610000 124.1000000 114.8790000 179.7510000 123.1520000 116.1530000
 180.5470000 122.3000000 114.4540000 181.4340000 122.3290000 114.8460000
 180.5760000 122.5590000 113.5200000 179.9080000 120.9280000 114.5880000
 180.1720000 120.3450000 113.8590000 180.1660000 120.5350000 115.4360000
 178.4030000 121.2270000 114.5510000 178.0810000 121.1260000 113.6420000
 177.6220000 120.2750000 115.4640000 177.0090000 119.3360000 114.9680000
 177.5480000 120.5720000 116.7640000 177.9410000 121.2880000 117.0340000
 176.7810000 119.7820000 117.7470000 177.0350000 118.8500000 117.6570000
 177.1090000 120.2210000 119.1910000 176.8940000 121.1600000 119.3010000
 176.3060000 119.4210000 120.2240000 175.3570000 119.5980000 120.1310000
 176.5680000 119.6820000 121.1210000 176.4670000 118.4710000 120.1110000
 178.5990000 120.0240000 119.4970000 179.1420000 120.5840000 118.9210000
 178.7850000 120.2810000 120.4140000 178.8490000 119.0950000 119.3710000
 175.2780000 119.8670000 117.4680000 174.6250000 118.8320000 117.3570000
 174.7670000 121.0620000 117.1560000 175.2810000 121.7480000 117.2260000
 173.3600000 121.2780000 116.7950000 172.8120000 120.9070000 117.5040000
 173.0620000 122.7830000 116.7050000 173.4370000 123.2370000 117.4760000
 172.1010000 122.9140000 116.7150000 173.5790000 123.3590000 115.5210000
 174.3440000 123.0480000 115.3700000 172.9690000 120.5550000 115.5000000
 171.9860000 119.8160000 115.4930000 173.8290000 120.5970000 114.4740000
 174.5170000 121.1070000 114.5450000 173.6150000 119.9130000 113.2020000
 172.7130000 120.1000000 112.8980000 174.5990000 120.4970000 112.1820000
 174.4460000 120.0970000 111.3120000 174.4680000 121.4560000 112.1130000
 175.5120000 120.3220000 112.4590000 173.7540000 118.3830000 113.3210000
 172.9860000 117.6460000 112.7000000 174.6420000 117.8860000 114.1890000
 175.1790000 118.4310000 114.5810000 174.7740000 116.4610000 114.4900000
 174.8060000 115.9700000 113.6540000 176.0990000 116.2370000 115.2290000
 176.2150000 115.2930000 115.4180000 176.1040000 116.7300000 116.0640000
 176.8380000 116.5420000 114.6800000 173.5840000 115.9140000 115.3010000
 173.1140000 114.8110000 115.0190000 173.0660000 116.6870000 116.2600000
 173.4620000 117.4310000 116.4300000 171.9310000 116.3220000 117.1130000
 172.0580000 115.4170000 117.4380000 171.9150000 117.2620000 118.3270000
 171.8990000 118.1810000 118.0170000 172.7370000 117.1430000 118.8290000
 170.7400000 117.0460000 119.2580000 169.6010000 117.8660000 119.1550000
 169.5670000 118.5490000 118.5250000 168.5160000 117.6730000 120.0240000
 167.7750000 118.2320000 119.9640000 168.5590000 116.6580000 120.9950000
 167.8470000 116.5460000 121.5820000 169.6900000 115.8290000 121.0920000
 169.7240000 115.1680000 121.7450000 170.7800000 116.0230000 120.2240000
 171.5350000 115.4860000 120.3030000 170.5910000 116.3550000 116.3630000
 169.9330000 115.3200000 116.2300000 170.3050000 117.4600000 115.6720000
 170.8330000 118.1350000 115.7420000 169.1470000 117.5990000 114.7820000
 168.3360000 117.4160000 115.2810000 169.0990000 119.0520000 114.2860000
 169.0870000 119.6450000 115.0540000 169.9040000 119.2320000 113.7760000
 167.8840000 119.3760000 113.4080000 167.0730000 119.2910000 113.9330000
 167.8330000 118.7480000 112.6700000 168.0140000 120.8010000 112.8550000
 168.7310000 120.9330000 111.8430000 167.7290000 121.7490000 113.6310000
 169.2210000 116.6070000 113.6120000 168.3000000 115.8170000 113.4070000
 170.4200000 116.4220000 113.0490000 171.0510000 116.9690000 113.2540000
 170.7330000 115.3880000 112.0660000 170.1190000 115.4720000 111.3200000
 171.6340000 115.5440000 111.7420000 170.6700000 113.9490000 112.5920000
 170.6210000 113.0190000 111.7850000 170.6290000 113.7180000 113.9070000
 170.6730000 114.3940000 114.4360000 170.3690000 112.4070000 114.5000000
 170.7280000 111.7220000 113.9150000 171.0960000 112.2940000 115.8460000
 170.6270000 112.8080000 116.5220000 171.9980000 112.6420000 115.7710000
 171.1660000 110.5450000 116.3260000 171.7540000 110.7090000 117.3590000
 168.8650000 112.1280000 114.6110000 168.3890000 111.1930000 113.9590000
 168.1090000 113.0740000 115.1860000 168.5130000 113.7510000 115.5290000
 166.6400000 113.0430000 115.2760000 166.3660000 112.2800000 115.8090000
 166.1430000 114.3230000 115.9820000 166.4440000 115.0910000 115.4720000
 165.1730000 114.3250000 115.9670000 166.6030000 114.5030000 117.4430000
 167.5690000 114.4350000 117.4940000 166.1900000 115.8890000 117.9330000
 165.2280000 116.0010000 117.8720000 166.4580000 115.9980000 118.8590000
 166.6330000 116.5730000 117.4070000 165.9890000 113.4630000 118.3810000
 166.2620000 112.5680000 118.1250000 166.2960000 113.6270000 119.2860000
 165.0210000 113.5270000 118.3690000 165.9830000 112.9010000 113.8900000
 165.2920000 111.9130000 113.6280000 166.4540000 113.7110000 112.9310000
 166.9760000 114.3430000 113.1920000 166.0310000 113.7320000 111.5200000
 165.0930000 113.9780000 111.4890000 166.8590000 114.8240000 110.8040000
 166.7480000 115.6500000 111.3010000 167.7970000 114.5770000 110.8320000
 166.4620000 115.1190000 109.3470000 166.6270000 114.3420000 108.7900000
 165.5120000 115.3110000 109.3240000 167.2040000 116.3460000 108.7740000
 167.1740000 117.0650000 109.4240000 166.7230000 116.6400000 107.9840000
 168.6110000 116.0660000 108.3980000 168.9150000 115.2830000 108.5840000
 169.4370000 116.8890000 107.7600000 169.1390000 118.1200000 107.4550000
 168.4600000 118.5030000 107.8180000 169.7280000 118.6190000 107.0750000
 170.5950000 116.4660000 107.3440000 170.9050000 115.6890000 107.5410000
 171.0910000 117.0340000 106.9310000 166.1490000 112.3690000 110.8350000
 165.3060000 112.0150000 110.0200000 167.1850000 111.5820000 111.1580000
 167.6890000 111.8530000 111.8000000 167.4020000 110.2400000 110.5810000
 167.0360000 110.2200000 109.6830000 168.9030000 109.9280000 110.5120000
 169.2820000 110.0370000 111.3980000 169.0180000 109.0030000 110.2440000
 169.6520000 110.8140000 109.5020000 169.2780000 110.6740000 108.6180000
 169.5350000 111.7490000 109.7320000 171.1530000 110.4850000 109.4650000
 171.5780000 111.0720000 108.8210000 171.2640000 109.5710000 109.1590000
 171.7800000 110.6950000 110.7860000 171.5890000 111.4470000 111.1560000
 172.4260000 109.8300000 111.5450000 172.7420000 108.6380000 111.1200000
 173.2300000 108.1250000 111.6080000 172.6240000 108.4670000 110.2850000
 172.7530000 110.1420000 112.7670000 173.1350000 109.5750000 113.2890000
 172.5930000 110.9340000 113.0620000 166.6750000 109.1300000 111.3390000
 166.2570000 108.1600000 110.7050000 166.6620000 109.1630000 112.6750000
 166.9810000 109.8520000 113.0780000 166.0700000 108.0780000 113.4680000
 166.3510000 107.2440000 113.0600000 166.6420000 108.0430000 114.9000000
 167.6060000 107.9960000 114.8070000 166.3620000 107.2170000 115.3230000
 166.3090000 109.2120000 115.8500000 166.3120000 110.0400000 115.3440000
 164.9630000 109.0600000 116.5630000 164.8480000 109.7800000 117.2020000
 164.2230000 109.1150000 115.9380000 164.9200000 108.2150000 117.0370000
 167.3840000 109.2970000 116.9340000 167.1980000 110.0440000 117.5240000
 168.2540000 109.4390000 116.5290000 167.3980000 108.4810000 117.4580000
 164.5370000 108.0630000 113.3790000 163.9940000 106.9900000 113.1110000
 163.8960000 109.2340000 113.2680000 164.3170000 109.9670000 113.4270000
 162.4560000 109.3050000 113.0060000 162.0170000 108.6820000 113.6060000
 161.9050000 110.7050000 113.3180000 160.9950000 110.7580000 112.9870000
 162.4290000 111.3680000 112.8420000 161.8670000 111.0420000 114.8010000
 161.1610000 110.2100000 115.6960000 160.7080000 109.4590000 115.3860000
 161.1190000 110.5150000 117.0680000 160.6510000 109.9650000 117.6540000
 161.7640000 111.6650000 117.5520000 161.7240000 111.8730000 118.4580000
 162.4450000 112.5130000 116.6620000 162.8460000 113.2870000 116.9850000
 162.4990000 112.2020000 115.2910000 162.9410000 112.7750000 114.7060000
 162.0970000 108.8310000 111.5930000 161.3280000 107.8770000 111.5000000
 162.8480000 109.2310000 110.5490000 163.3820000 109.8960000 110.6560000
 162.6920000 108.6740000 109.1850000 161.8210000 108.9310000 108.8440000
 163.7730000 109.2020000 108.2180000 164.6410000 109.1360000 108.6460000
 163.8520000 108.4730000 106.8730000 164.2280000 107.5870000 106.9910000
 162.9680000 108.3910000 106.4810000 164.4250000 108.9660000 106.2650000
 163.5420000 110.5440000 107.8980000 162.7370000 110.6140000 107.6680000
 162.7370000 107.1460000 109.1790000 161.8110000 106.5040000 108.6900000
 163.7600000 106.5450000 109.8020000 164.3460000 107.0420000 110.1890000
 163.9240000 105.0820000 109.8240000 163.8840000 104.7500000 108.9140000
 165.2760000 104.7130000 110.4460000 165.2810000 103.7610000 110.6300000
 165.3810000 105.1860000 111.2870000 166.4500000 105.0380000 109.5110000
 166.3940000 104.4850000 108.7160000 166.4030000 105.9660000 109.2340000
 167.7930000 104.8030000 110.2130000 168.5000000 105.1150000 109.6260000
 167.8130000 105.3440000 111.0180000 168.0170000 103.3700000 110.5130000
 167.8800000 102.8260000 109.8610000 168.3840000 102.8280000 111.6630000
 168.6020000 103.5330000 112.7370000 168.4560000 104.3800000 112.7160000
 168.8140000 103.1530000 113.4790000 168.5490000 101.5380000 111.7540000
 168.4080000 101.0300000 111.0740000 168.7870000 101.1840000 112.5010000
 162.7930000 104.3680000 110.5640000 162.3860000 103.2960000 110.1190000
 162.3410000 104.9010000 111.6990000 162.6680000 105.6490000 111.9680000
 161.2890000 104.2690000 112.4990000 161.4650000 103.3160000 112.5270000
 161.3380000 104.7880000 113.9400000 162.2530000 104.7360000 114.2580000
 161.0790000 105.7230000 113.9480000 160.4770000 104.0350000 114.9140000
 160.4220000 102.6870000 115.0390000 160.9050000 102.0800000 114.5260000
 159.5460000 102.3460000 116.0500000 159.3750000 101.5380000 116.2890000
 158.9950000 103.4600000 116.6410000 158.0810000 103.6270000 117.6920000
 157.7260000 102.8900000 118.1330000 157.7180000 104.9270000 118.0790000
 157.1190000 105.0570000 118.7780000 158.2680000 106.0350000 117.4090000
 158.0230000 106.8930000 117.6710000 159.1840000 105.8550000 116.3530000
 159.5360000 106.5990000 115.9210000 159.5740000 104.5620000 115.9400000
 159.8960000 104.4350000 111.8780000 159.2260000 103.4320000 111.6480000
 159.5880000 105.6060000 111.3140000 160.1190000 106.2720000 111.4300000
 158.3390000 105.8370000 110.5810000 157.5870000 105.5880000 111.1410000
 158.2640000 106.7850000 110.3920000 158.2450000 105.0610000 109.2600000
 157.2640000 104.3500000 109.0460000 159.3480000 104.9340000 108.5110000
 160.0260000 105.4370000 108.6770000 159.4190000 104.0430000 107.3390000
 158.6540000 104.2270000 106.7720000 160.6860000 104.3100000 106.5230000
 161.4610000 104.2390000 107.1020000 160.7630000 103.6500000 105.8160000
 160.6580000 105.5860000 105.9330000 160.0650000 105.6130000 105.3380000
 159.3740000 102.5470000 107.6820000 159.1270000 101.7430000 106.7800000
 159.6530000 102.1410000 108.9260000 159.8520000 102.7420000 109.5080000
 159.3680000 100.7910000 109.4370000 159.5290000 100.1400000 108.7360000
 160.3360000 100.4670000 110.5890000 161.2340000 100.4060000 110.2270000
 160.3450000 101.1980000 111.2260000 160.0300000  99.1950000 111.3620000
 159.1640000  99.2370000 112.4740000 158.7640000 100.0380000 112.7260000
 158.9140000  98.0710000 113.2210000 158.3530000  98.1090000 113.9620000
 159.5370000  96.8610000 112.8660000 159.3950000  96.0960000 113.3760000
 160.3950000  96.8140000 111.7530000 160.8140000  96.0150000 111.5260000
 160.6410000  97.9790000 111.0020000 161.2230000  97.9460000 110.2780000
 157.8930000 100.6430000 109.8550000 157.2260000  99.7080000 109.4200000
 157.3270000 101.6640000 110.4950000 157.8360000 102.3080000 110.7510000
 155.9320000 101.7150000 110.9320000 155.7640000 100.9610000 111.5190000
 155.7600000 103.0200000 111.7320000 155.2890000 103.6930000 111.2160000
 156.6240000 103.3800000 111.9870000 154.8680000 102.6770000 113.2610000
 154.0450000 103.5470000 113.1870000 154.9420000 101.6160000 109.7550000
 154.0960000 100.7200000 109.7210000 155.1930000 102.3730000 108.6800000
 155.8040000 102.9710000 108.7690000 154.3630000 102.4150000 107.4590000
 153.4370000 102.5160000 107.7280000 154.7430000 103.6640000 106.6260000
 155.7030000 103.6680000 106.4850000 154.0680000 103.7350000 105.2510000
 154.2350000 104.5970000 104.8390000 154.4360000 103.0480000 104.6730000
 153.1100000 103.6110000 105.3430000 154.3560000 104.9470000 107.3760000
 153.3950000 104.9880000 107.5050000 154.7830000 104.9820000 108.2460000
 154.6400000 105.7270000 106.8740000 154.4320000 101.1180000 106.6280000
 153.4870000 100.8120000 105.8940000 155.4750000 100.2860000 106.8020000
 156.0610000 100.5080000 107.3910000 155.5590000  98.9350000 106.1990000
 154.9170000  98.8980000 105.4730000 156.9360000  98.6840000 105.5510000
 156.8280000  98.0040000 104.8680000 157.2230000  99.4980000 105.1080000
 158.0220000  98.1950000 106.5280000 158.0970000  98.8290000 107.2580000
 157.7740000  97.3300000 106.8890000 159.3950000  98.0690000 105.8650000
 159.3170000  97.5160000 105.0720000 160.0010000  97.6430000 106.4910000
 159.9060000  99.4040000 105.5230000 159.4810000 100.0660000 105.8710000
 160.9040000  99.7380000 104.7360000 161.1240000 101.0000000 104.5110000
 160.5800000 101.5680000 104.8600000 161.7310000 101.2630000 103.9610000
 161.6800000  98.8510000 104.1800000 161.5160000  98.0200000 104.3260000
 162.3150000  99.0920000 103.6530000 155.1360000  97.7960000 107.1330000
 154.9770000  96.6770000 106.6580000 154.9330000  98.0670000 108.4240000
 155.0600000  98.8730000 108.6950000 154.5660000  97.0760000 109.4390000
 154.3540000  96.2440000 108.9890000 155.8030000  96.8220000 110.3210000
 156.5900000  96.7070000 109.7650000 155.9470000  97.5850000 110.9030000
 155.6570000  95.5730000 111.1680000 154.8310000  94.7130000 110.9210000
 156.5160000  95.3880000 112.1420000 156.4220000  94.6600000 112.5910000
 157.1070000  95.9880000 112.3170000 153.2910000  97.4620000 110.2340000
 153.3020000  97.4200000 111.4680000 152.1900000  97.8730000 109.5630000
 151.9590000  97.8090000 108.1250000 152.4080000  98.5520000 107.6930000
 152.2610000  96.9670000 107.7510000 150.4540000  97.9630000 107.9360000
 150.0170000  97.1020000 108.0350000 150.2420000  98.3610000 107.0770000
 150.0770000  98.8790000 109.0990000 149.1430000  98.7830000 109.3430000
 150.2670000  99.7990000 108.8570000 151.0150000  98.4410000 110.2300000
 151.2750000  99.2280000 110.7330000 150.3220000  97.4600000 111.1880000
 149.8730000  97.8700000 112.2530000 150.3220000  96.1580000 110.8710000
 150.6940000  95.9210000 110.1330000 149.6470000  95.1310000 111.6730000
 148.7130000  95.3700000 111.7790000 149.6930000  94.2830000 111.2050000
 150.2500000  94.9300000 113.0660000 149.5090000  94.8580000 114.0430000
 151.5800000  94.9830000 113.1950000 152.0770000  95.0550000 112.4970000
 152.2240000  94.8870000 114.5040000 151.8100000  94.1650000 115.0020000
 153.7110000  94.5540000 114.3370000 154.1400000  95.2230000 113.7810000
 154.1270000  94.5520000 115.2130000 153.8940000  92.9080000 113.5870000
 154.2390000  93.2650000 112.4940000 152.0300000  96.1580000 115.3400000
 151.6840000  96.0500000 116.5120000 152.1940000  97.3560000 114.7630000
 152.3920000  97.4020000 113.9270000 152.0590000  98.6000000 115.5440000
 152.5750000  98.4870000 116.3580000 152.6620000  99.8200000 114.8270000
 153.5980000  99.6320000 114.6570000 151.9940000 100.1290000 113.4890000
 152.0490000  99.3510000 112.9120000 151.0680000 100.3900000 113.6130000
 152.4720000 100.8610000 113.0680000 152.5790000 101.0680000 115.7100000
 151.6590000 101.3390000 115.8530000 153.0000000 100.9010000 116.5680000
 153.0430000 101.8060000 115.2850000 150.6240000  98.8620000 116.0000000
 150.4350000  99.1830000 117.1710000 149.6050000  98.5890000 115.1730000
 149.7650000  98.3490000 114.3630000 148.2090000  98.7730000 115.6010000
 148.1520000  99.6550000 116.0010000 147.2420000  98.7610000 114.3950000
 147.6330000  99.3170000 113.7030000 147.0230000  97.3530000 113.8120000
 146.5800000  97.4160000 112.9510000 147.8780000  96.9140000 113.6800000
 146.4800000  96.8170000 114.4100000 145.8970000  99.3990000 114.8040000
 146.0710000 100.2720000 115.1900000 145.4640000  98.8540000 115.4800000
 144.9260000  99.5950000 113.6330000 144.1650000 100.1170000 113.9320000
 144.6050000  98.7380000 113.3120000 145.3700000 100.0670000 112.9110000
 147.8170000  97.7710000 116.6970000 147.2250000  98.1750000 117.6930000
 148.3340000  96.5360000 116.6370000 148.7830000  96.3110000 115.9390000
 148.1550000  95.5370000 117.6930000 147.2070000  95.4630000 117.8860000
 148.6470000  94.1710000 117.1940000 149.5580000  94.2610000 116.8740000
 148.1010000  93.8980000 116.4400000 148.6010000  93.0750000 118.2440000
 147.3630000  92.6170000 118.7320000 146.5700000  92.9780000 118.4070000
 147.3190000  91.6270000 119.7300000 146.5000000  91.3350000 120.0600000
 148.5130000  91.0920000 120.2450000 148.4820000  90.4470000 120.9140000
 149.7510000  91.5450000 119.7580000 150.5410000  91.1990000 120.1070000
 149.7950000  92.5320000 118.7580000 150.6180000  92.8300000 118.4440000
 148.8360000  95.9390000 119.0110000 148.1650000  95.9980000 120.0360000
 150.1030000  96.3690000 118.9740000 150.5190000  96.3630000 118.2220000
 150.8190000  96.8450000 120.1680000 150.7680000  96.1650000 120.8570000
 152.3040000  97.0800000 119.8360000 152.3820000  97.4640000 118.9490000
 152.6450000  97.7440000 120.4550000 153.2020000  95.8520000 119.9310000
 152.9610000  94.7090000 119.1430000 152.2350000  94.6910000 118.5620000
 153.7990000  93.5830000 119.2360000 153.6240000  92.8290000 118.7200000
 154.8880000  93.5910000 120.1240000 155.4360000  92.8430000 120.1970000
 155.1350000  94.7250000 120.9160000 155.8470000  94.7290000 121.5140000
 154.2960000  95.8500000 120.8200000 154.4620000  96.5920000 121.3550000
 150.1850000  98.1150000 120.7640000 150.0720000  98.2140000 121.9820000
 149.6510000  99.0110000 119.9270000 149.7450000  98.8800000 119.0820000
 148.9430000 100.2240000 120.3680000 149.5020000 100.7060000 120.9980000
 148.6600000 101.1530000 119.1790000 148.2540000 101.9720000 119.5050000
 148.0430000 100.7240000 118.5660000 149.8510000 101.4710000 118.4860000
 150.0820000 100.7970000 118.0420000 147.6210000  99.8950000 121.0720000
 147.3820000 100.3640000 122.1800000 146.8260000  98.9810000 120.5040000
 147.0590000  98.6600000 119.7410000 145.5570000  98.5150000 121.0780000
 145.0110000  99.2900000 121.2840000 144.8470000  97.6770000 119.9920000
 145.0140000  98.1030000 119.1370000 145.2460000  96.7930000 119.9600000
 143.3160000  97.5510000 120.1030000 142.9230000  98.4370000 120.0840000
 142.8020000  96.7690000 118.8910000 143.0700000  97.2180000 118.0740000
 143.1610000  95.8680000 118.9010000 141.8330000  96.7300000 118.9180000
 142.8350000  96.8270000 121.3580000 141.8910000  96.6150000 121.2830000
 143.3400000  96.0110000 121.5000000 142.9310000  97.4150000 122.1230000
 145.7830000  97.7330000 122.3880000 145.1050000  97.9860000 123.3850000
 146.8380000  96.9120000 122.4460000 147.2880000  96.7880000 121.7240000
 147.2820000  96.2140000 123.6660000 146.5300000  95.7200000 124.0270000
 148.4010000  95.2020000 123.3380000 149.0560000  95.6270000 122.7620000
 149.1380000  94.6700000 124.5750000 149.7690000  93.9820000 124.3140000
 148.5030000  94.3000000 125.2090000 149.6350000  95.3840000 125.0030000
 147.8160000  93.9850000 122.6070000 148.5350000  93.4010000 122.3200000
 147.3210000  94.2670000 121.8220000 147.2190000  93.4970000 123.1950000
 147.7110000  97.1970000 124.7590000 147.2220000  97.0760000 125.8780000
 148.4910000  98.2320000 124.4290000 148.7930000  98.2830000 123.6250000
 148.8810000  99.2890000 125.3710000 149.3210000  98.8840000 126.1350000
 149.8880000 100.2300000 124.6840000 149.5610000 100.4590000 123.8000000
 150.7290000  99.7610000 124.5680000 150.1340000 101.5230000 125.4390000
 149.2890000 102.6250000 125.2150000 148.6080000 102.5750000 124.5830000
 149.4330000 103.7940000 125.9730000 148.8420000 104.5000000 125.8450000
 150.4470000 103.8840000 126.9410000 150.5300000 104.6550000 127.4540000
 151.3100000 102.7950000 127.1540000 151.9670000 102.8510000 127.8100000
 151.1490000 101.6110000 126.4100000 151.7010000 100.8820000 126.5770000
 147.6700000 100.0600000 125.9230000 147.4970000 100.1260000 127.1420000
 146.7580000 100.4910000 125.0390000 146.9310000 100.3910000 124.2030000
 145.5270000 101.2050000 125.4130000 145.7650000 102.0110000 125.8970000
 144.7310000 101.6090000 124.1440000 144.6720000 100.8310000 123.5680000
 143.2920000 102.0530000 124.4770000 142.8240000 102.3250000 123.6720000
 143.3060000 102.7970000 125.0990000 142.7840000 101.3240000 124.8660000
 145.4560000 102.7380000 123.3730000 146.4130000 102.5780000 123.3790000
 145.3030000 103.5870000 123.8170000 145.0350000 102.8480000 121.8990000
 145.2240000 102.0160000 121.4370000 145.5360000 103.5630000 121.4760000
 144.0880000 103.0450000 121.8210000 144.6860000 100.3440000 126.3610000
 144.2860000 100.8120000 127.4260000 144.5170000  99.0560000 126.0510000
 144.8560000  98.7760000 125.3120000 143.7170000  98.1200000 126.8610000
 142.8450000  98.5120000 127.0250000 143.5080000  96.7880000 126.1210000
 144.3570000  96.3250000 126.0400000 142.5090000  95.8760000 126.8340000
 142.3540000  95.0830000 126.2970000 141.6690000  96.3450000 126.9580000
 142.8550000  95.6050000 127.6990000 142.9970000  97.0070000 124.8290000
 143.6210000  97.3110000 124.3560000 144.3620000  97.8400000 128.2210000
 143.6880000  97.9040000 129.2490000 145.6760000  97.5970000 128.2490000
 146.1130000  97.6040000 127.5080000 146.4210000  97.2730000 129.4650000
 146.0080000  96.5060000 129.8920000 147.8510000  96.8930000 129.0600000
 148.3590000  96.6560000 129.8520000 147.8330000  96.1330000 128.4570000
 148.2810000  97.6430000 128.6200000 146.4250000  98.4150000 130.4940000
 146.4130000  98.1480000 131.6910000 146.3610000  99.6690000 130.0380000
 146.4290000  99.7980000 129.1900000 146.2970000 100.8360000 130.9160000
 146.7460000 100.6400000 131.7530000 147.0430000 101.9830000 130.2340000
 147.0400000 102.7600000 130.8150000 146.5800000 102.2040000 129.4110000
 148.7570000 101.5220000 129.8380000 148.4970000 100.9580000 128.8110000
 144.8540000 101.2420000 131.2590000 144.5070000 101.3580000 132.4320000
 143.9800000 101.3910000 130.2540000 144.2520000 101.2550000 129.4490000
 142.5980000 101.8700000 130.4540000 142.6360000 102.6990000 130.9570000
 141.9160000 102.1960000 129.1230000 141.0260000 102.5380000 129.3000000
 142.4220000 102.8800000 128.6570000 141.8180000 101.0460000 128.3070000
 142.5350000 101.0010000 127.8710000 141.7180000 100.9040000 131.2560000
 140.8830000 101.3600000 132.0330000 142.0150000  99.5990000 131.2470000
 142.6260000  99.3230000 130.7080000 141.3300000  98.6130000 132.1020000
 140.3760000  98.7190000 131.9650000 141.6860000  97.1830000 131.6830000
 141.2450000  96.5600000 132.2820000 141.3630000  97.0250000 130.7820000
 143.0780000  96.9520000 131.7200000 143.4000000  97.2240000 130.9930000
 141.5640000  98.8060000 133.6110000 140.6960000  98.4170000 134.3920000
 142.5510000  99.6180000 134.0170000 143.0970000  99.9270000 133.4290000
 142.7090000 100.0940000 135.3980000 143.5400000 100.5910000 135.4600000
 142.7690000  99.3290000 135.9910000 141.5730000 100.9990000 135.9050000
 141.4020000 101.1260000 137.1180000 140.6730000 101.4530000 135.0200000
 140.8230000 101.3030000 134.1870000 139.4120000 102.1350000 135.3510000
 139.6220000 102.9350000 135.8570000 138.7570000 102.5660000 134.0210000
 139.4070000 103.1190000 133.5590000 138.6020000 101.7830000 133.4690000
 137.4390000 103.3650000 134.1390000 137.4250000 103.8570000 134.9750000
 137.3400000 104.3720000 132.9900000 138.0790000 104.9980000 133.0380000
 136.5110000 104.8710000 133.0620000 137.3640000 103.9100000 132.1370000
 136.1980000 102.4690000 134.0420000 135.3990000 103.0150000 134.1160000
 136.1860000 101.8240000 134.7670000 136.1860000 101.9980000 133.1940000
 138.4630000 101.2920000 136.2270000 137.6760000 101.8610000 136.9740000
 138.6430000  99.9670000 136.3010000 139.2360000  99.6100000 135.7910000
 137.9200000  99.0960000 137.2540000 136.9710000  99.2420000 137.1150000
 138.2150000  97.6170000 136.9270000 138.1190000  97.5040000 135.9680000
 139.6400000  97.1960000 137.3110000 139.8350000  96.3250000 136.9320000
 139.7310000  97.1510000 138.2760000 140.2850000  97.8340000 136.9680000
 137.2300000  96.6470000 137.5910000 137.3790000  95.7490000 137.2560000
 136.3200000  96.9140000 137.3870000 137.3480000  96.6460000 138.5540000
 138.1890000  99.4270000 138.7360000 137.4200000  99.0200000 139.6010000
 139.2340000 100.2060000 139.0380000 139.7420000 100.4640000 138.3940000
 139.5340000 100.7260000 140.3800000 138.9710000 100.2730000 141.0270000
 141.0020000 100.4170000 140.7300000 141.5670000 100.8970000 140.1040000
 141.1910000 100.7680000 141.6140000 141.4290000  98.9560000 140.7430000
 140.5110000  97.9100000 140.9790000 139.6070000  98.0880000 141.1030000
 140.9510000  96.5760000 141.0140000 140.3370000  95.8920000 141.1550000
 142.3120000  96.2770000 140.8350000 142.6020000  95.3940000 140.8600000
 143.2350000  97.3160000 140.6220000 144.1380000  97.1230000 140.5120000
 142.7930000  98.6510000 140.5770000 143.4060000  99.3380000 140.4430000
 139.2000000 102.2200000 140.5640000 139.6750000 102.8270000 141.5300000
 138.4260000 102.8320000 139.6570000 138.1140000 102.3830000 138.9930000
 138.1300000 104.2700000 139.7250000 138.9890000 104.7190000 139.7530000
 137.4120000 104.7830000 138.4580000 137.9050000 104.4630000 137.6860000
 135.9590000 104.3110000 138.3330000 135.6050000 104.5680000 137.4670000
 135.4090000 104.7040000 139.0290000 135.9160000 103.3450000 138.4100000
 137.4240000 106.3170000 138.3880000 138.3350000 106.6440000 138.4470000
 137.0490000 106.6040000 137.5410000 136.8950000 106.7010000 139.1050000
 137.3880000 104.6170000 141.0190000 136.5220000 103.8830000 141.4920000
 137.7940000 105.7280000 141.6330000 138.3810000 106.2070000 141.2260000
 137.2280000 106.2930000 142.8630000 136.4090000 105.8320000 143.1030000
 138.2480000 106.1840000 144.0050000 139.0810000 106.5830000 143.7080000
 137.9290000 106.6860000 144.7710000 138.5080000 104.7370000 144.4380000
 138.6850000 104.1850000 143.6600000 137.7270000 104.3900000 144.8970000
 139.7250000 104.6930000 145.3680000 140.4840000 105.1060000 144.9270000
 139.5280000 105.2120000 146.1640000 140.0700000 103.3140000 145.7580000
 139.8170000 103.0710000 146.5430000 140.8200000 102.4700000 145.0690000
 141.1630000 101.3290000 145.5960000 141.6480000 100.7860000 145.1390000
 140.9010000 101.1280000 146.3900000 141.2370000 102.7120000 143.8610000
 140.8340000 103.3140000 143.3980000 141.6960000 102.1400000 143.4110000
 136.9010000 107.7510000 142.5970000 137.6540000 108.3900000 141.8640000
 135.9100000 108.3010000 143.2880000 135.4790000 107.8280000 143.8630000
 135.5980000 109.7360000 143.2330000 136.2180000 110.1480000 142.6110000
 134.1890000 110.0200000 142.6760000 134.0460000 110.9790000 142.6980000
 134.0920000 109.5730000 141.2100000 133.2270000 109.8270000 140.8510000
 134.7820000 110.0140000 140.6890000 134.1950000 108.6110000 141.1360000
 133.0690000 109.3510000 143.4800000 133.0970000 109.6510000 144.4020000
 132.2100000 109.6050000 143.1080000 133.1500000 108.3850000 143.4510000
 135.8410000 110.4140000 144.5780000 135.6830000 109.7910000 145.6250000
 136.2850000 111.6680000 144.5410000 136.4290000 112.0230000 143.7710000
 136.3970000 112.5530000 145.7120000 136.1640000 112.0670000 146.5190000
 137.8190000 113.1090000 145.8890000 137.7990000 113.8100000 146.5590000
 138.8170000 112.0520000 146.3430000 139.7000000 112.4490000 146.4010000
 138.8260000 111.3180000 145.7090000 138.5620000 111.7170000 147.2170000
 138.2750000 113.6620000 144.6770000 137.6480000 114.1590000 144.4210000
 135.4320000 113.7190000 145.5520000 135.5770000 114.4980000 144.6120000
 134.5280000 113.8860000 146.5150000 134.4120000 113.2480000 147.0800000
 133.5080000 114.9500000 146.5480000 133.6150000 115.5400000 145.7850000
 132.1100000 114.3170000 146.4700000 131.4390000 115.0160000 146.5140000
 131.8970000 113.5120000 145.1850000 130.9710000 113.2260000 145.1420000
 132.0880000 114.0630000 144.4100000 132.4650000 112.7260000 145.1740000
 131.9500000 113.4380000 147.5610000 131.3920000 113.8130000 148.0650000
 133.6220000 115.8190000 147.8070000 133.6040000 117.0420000 147.6920000
 134.0440000 115.2080000 148.9240000 133.9550000 114.3530000 148.9340000
 134.3270000 115.8640000 150.2030000 133.4810000 116.1520000 150.5800000
 134.9060000 114.8060000 151.1620000 134.2590000 114.0920000 151.2740000
 135.7160000 114.4340000 150.7800000 135.2410000 115.3560000 152.5400000
 135.0910000 116.5280000 152.8470000 135.8220000 114.5430000 153.3890000
 135.9800000 113.7250000 153.1770000 136.0110000 114.8630000 154.1640000
 135.2820000 117.0770000 150.0390000 136.4800000 116.8770000 149.7910000
 134.8250000 118.3190000 150.3090000 133.4340000 118.6810000 150.5720000
 132.8100000 118.1320000 150.0710000 133.2550000 118.6060000 151.5220000
 133.2850000 120.1300000 150.1230000 133.0910000 120.1580000 149.1730000
 132.6000000 120.5950000 150.6280000 134.6790000 120.6950000 150.3850000
 134.7670000 120.9060000 151.3280000 134.8560000 121.4780000 149.8410000
 135.5970000 119.5250000 150.0130000 135.7470000 119.5490000 149.0550000
 136.9600000 119.6400000 150.7130000 137.8830000 120.2110000 150.1300000
 137.1460000 119.0780000 151.9170000 136.5040000 118.6260000 152.2670000
 138.4280000 119.2170000 152.6450000 138.6800000 120.1520000 152.5950000
 138.2740000 118.8890000 154.1450000 137.4780000 119.3390000 154.4690000
 138.1330000 117.3930000 154.4450000 137.9320000 117.2670000 155.3850000
 137.4030000 117.0250000 153.9220000 138.9490000 116.9160000 154.2280000
 139.4630000 119.4210000 154.9560000 139.3000000 119.2810000 155.9020000
 139.5710000 120.3710000 154.7950000 140.2780000 118.9600000 154.7030000
 139.5830000 118.4530000 151.9840000 140.6800000 119.0000000 151.8970000
 139.2970000 117.3280000 151.3240000 138.4840000 117.0490000 151.3330000
 140.2720000 116.5580000 150.5310000 141.1650000 116.8240000 150.8010000
 140.1160000 115.0510000 150.8210000 139.1800000 114.8500000 150.9750000
 140.3970000 114.5430000 150.0440000 140.9490000 114.5720000 152.0210000
 141.8500000 115.3120000 152.4840000 140.6510000 113.4850000 152.5520000
 140.2520000 116.8630000 149.0260000 141.1740000 116.4660000 148.3140000
 139.3440000 117.7290000 148.5650000 138.7120000 117.9720000 149.0960000
 139.5190000 118.4450000 147.2980000 139.9490000 117.8570000 146.6570000
 138.1480000 118.8760000 146.7470000 137.6640000 119.3510000 147.4400000
 138.2950000 119.4990000 146.0180000 137.2740000 117.7240000 146.2200000
 137.0800000 117.0940000 146.9310000 135.9600000 118.2870000 145.6840000
 135.4870000 118.7470000 146.3950000 135.3960000 117.5620000 145.3730000
 136.1230000 118.9020000 144.9520000 137.9720000 116.9920000 145.0700000
 137.3330000 116.4230000 144.6140000 138.6870000 116.4380000 145.4210000
 138.3310000 117.6360000 144.4400000 140.4430000 119.6630000 147.4270000
 141.1750000 119.9660000 146.4840000 140.3900000 120.3830000 148.5530000
 139.8080000 120.1350000 149.1360000 140.8120000 121.7900000 148.6030000
 141.2410000 122.0220000 147.7650000 139.5380000 122.6420000 148.7080000
 139.1790000 122.5510000 149.6040000 138.8750000 122.2860000 148.0960000
 139.6770000 124.0970000 148.3890000 139.4390000 125.1100000 149.2490000
 139.1810000 124.9920000 150.1350000 139.6080000 126.3200000 148.6110000
 139.5380000 127.0760000 149.0150000 139.9190000 126.1450000 147.2770000
 140.1420000 127.0350000 146.2180000 140.0570000 127.9520000 146.3500000
 140.4620000 126.5310000 144.9470000 140.5930000 127.1150000 144.2350000
 140.5580000 125.1430000 144.7540000 140.7550000 124.8060000 143.9100000
 140.3350000 124.2530000 145.8250000 140.3910000 123.3350000 145.6860000
 140.0020000 124.7290000 147.1130000 141.8430000 122.1330000 149.6930000
 142.4210000 123.2180000 149.6550000 142.1770000 121.2010000 150.5960000
 141.7650000 120.4460000 150.5880000 143.1470000 121.4230000 151.6790000
 143.5550000 122.2960000 151.5650000 142.4300000 121.4350000 153.0290000
 141.5880000 121.9110000 152.9530000 142.2520000 120.5260000 153.3170000
 143.2400000 122.0820000 153.9860000 142.9530000 122.8690000 154.0440000
 144.2720000 120.3850000 151.6850000 144.0350000 119.1880000 151.5310000
 145.5140000 120.8200000 151.9100000 145.6350000 121.6580000 152.0630000
 146.6710000 119.9260000 151.9340000 146.6830000 119.4510000 151.0880000
 147.9500000 120.7670000 152.0360000 148.7260000 120.2170000 151.8440000
 147.9160000 121.5040000 151.4060000 148.0350000 121.1430000 152.9260000
 146.5830000 118.9110000 153.0980000 146.3610000 119.3380000 154.2340000
 147.0380000 117.6530000 152.9200000 147.5150000 117.0710000 151.6710000
 146.7610000 116.8990000 151.0860000 148.1590000 117.6470000 151.2310000
 148.1800000 115.7510000 152.0590000 149.1030000 115.9110000 152.3120000
 148.1280000 115.0960000 151.3450000 147.3780000 115.3230000 153.2860000
 146.5400000 114.9260000 153.0010000 147.8710000 114.6980000 153.8400000
 147.0980000 116.6520000 153.9980000 146.2340000 116.5970000 154.4360000
 148.1550000 116.9540000 155.0820000 148.2870000 116.2030000 156.0410000
 148.9380000 118.0270000 154.9200000 148.7900000 118.5100000 154.2240000
 149.9010000 118.5410000 155.9030000 149.5890000 118.2940000 156.7880000
 151.2650000 117.8620000 155.7040000 151.1570000 116.9000000 155.7710000
 151.6100000 118.0780000 154.8240000 152.1920000 118.2850000 156.6820000
 152.1420000 119.1230000 156.7110000 149.9670000 120.0820000 155.8850000
 151.0330000 120.6710000 156.0760000 148.8500000 120.7500000 155.5630000
 148.1320000 120.2880000 155.4610000 148.6690000 122.1800000 155.8750000
 149.3940000 122.6860000 155.4770000 147.3460000 122.6910000 155.2630000
 147.5400000 123.1950000 154.4570000 146.7890000 121.9370000 155.0130000
 146.5780000 123.4830000 156.1410000 146.9780000 124.2010000 156.3140000
 148.7540000 122.3840000 157.3930000 148.3960000 121.4880000 158.1600000
 149.2130000 123.5560000 157.8450000 149.3570000 124.1970000 157.2900000
 149.1920000 123.8430000 159.2800000 149.5780000 123.0810000 159.7400000
 150.0680000 125.0620000 159.6210000 149.7350000 125.8480000 159.1610000
 150.9690000 124.8990000 159.3010000 150.1240000 125.3770000 161.1270000
 150.5190000 126.2550000 161.2430000 149.2350000 125.4080000 161.5140000
 150.9710000 124.3650000 161.8880000 150.5350000 123.2910000 162.2520000
 152.2590000 124.5900000 162.0160000 152.7010000 123.9610000 162.4010000
 152.6190000 125.3050000 161.7030000 147.7460000 123.9420000 159.7790000
 147.3970000 123.1880000 160.6770000 146.8370000 124.5850000 159.0350000
 147.0940000 125.0120000 158.3340000 145.4030000 124.5570000 159.3440000
 145.2770000 124.9170000 160.2360000 144.6650000 125.4760000 158.3700000
 143.7180000 125.4670000 158.5790000 144.7910000 125.1620000 157.4610000
 145.0040000 126.3810000 158.4560000 144.7880000 123.1430000 159.3470000
 143.8870000 122.8880000 160.1460000 145.3200000 122.2040000 158.5490000
 145.9370000 122.4480000 158.0020000 144.9500000 120.7810000 158.6130000
 143.9820000 120.7230000 158.5920000 145.5260000 120.0220000 157.4000000
 146.4730000 119.8650000 157.5430000 145.4300000 120.5650000 156.6020000
 144.8560000 118.6620000 157.1480000 145.4320000 118.1360000 156.5720000
 144.7530000 118.1820000 157.9840000 143.4930000 118.8130000 156.4600000
 142.9240000 119.3830000 157.0010000 143.6220000 119.2440000 155.6000000
 142.8370000 117.5020000 156.3030000 142.5890000 117.1140000 157.0290000
 142.6230000 116.8400000 155.1750000 142.0690000 115.6670000 155.1920000
 141.8250000 115.2880000 155.9250000 141.9330000 115.2900000 154.4310000
 142.9330000 117.2870000 153.9920000 142.6830000 116.7990000 153.3290000
 143.2390000 118.0790000 153.8550000 145.3770000 120.1480000 159.9420000
 144.5240000 119.6070000 160.6330000 146.6180000 120.3580000 160.3900000
 147.1550000 120.8150000 159.8980000 147.0890000 119.8860000 161.7040000
 146.9070000 118.9360000 161.7700000 148.6080000 120.1090000 161.8310000
 148.7880000 121.0560000 161.7230000 148.8740000 119.8660000 162.7320000
 149.4860000 119.3230000 160.8380000 149.2360000 119.5450000 159.9270000
 150.9510000 119.7070000 161.0450000 151.5070000 119.2430000 160.4000000
 151.2310000 119.4750000 161.9440000 151.0530000 120.6630000 160.9200000
 149.3660000 117.8080000 161.0250000 148.4690000 117.5170000 160.7970000
 149.5570000 117.5700000 161.9460000 149.9910000 117.3550000 160.4370000
 146.3510000 120.5460000 162.8870000 145.9510000 119.8450000 163.8140000
 146.0540000 121.8480000 162.8000000 146.3920000 122.2840000 162.1410000
 145.2780000 122.5840000 163.8150000 145.7050000 122.4750000 164.6790000
 145.2340000 124.0990000 163.4980000 144.6090000 124.2470000 162.7710000
 144.8680000 124.5590000 164.2700000 146.5760000 124.7610000 163.1070000
 147.3050000 124.1390000 163.2560000 146.5360000 124.9800000 162.1630000
 146.9010000 126.0620000 163.8580000 147.6180000 125.9730000 164.8800000
 146.8600000 127.1350000 163.2040000 143.8460000 122.0230000 163.9380000
 143.3310000 121.8760000 165.0470000 143.2560000 121.5720000 162.8190000
 143.6790000 121.6640000 162.0760000 141.9820000 120.8420000 162.8010000
 141.3530000 121.3130000 163.3700000 141.4000000 120.8090000 161.3750000
 141.9980000 120.3220000 160.7860000 141.2990000 121.7140000 161.0400000
 140.0340000 120.1110000 161.3900000 140.1490000 119.2440000 161.8090000
 139.4130000 120.6260000 161.9290000 139.4400000 119.8790000 159.9950000
 140.0810000 119.3960000 159.4500000 139.2520000 120.7360000 159.5820000
 138.1410000 119.0640000 160.0900000 137.4800000 119.5990000 160.5570000
 137.8110000 118.8850000 159.1960000 138.3470000 117.7950000 160.8300000
 137.6020000 117.3370000 160.9960000 138.9760000 117.2660000 160.4880000
 138.5790000 117.9820000 161.6690000 142.1070000 119.4330000 163.3920000
 141.3300000 119.0910000 164.2740000 143.0440000 118.6060000 162.9220000
 143.5500000 118.8820000 162.2840000 143.1500000 117.2030000 163.3710000
 142.2840000 116.7790000 163.2650000 144.1700000 116.4240000 162.5180000
 144.2410000 115.5320000 162.8920000 145.0410000 116.8400000 162.6170000
 143.8670000 116.2740000 161.0100000 144.1500000 117.0860000 160.5620000
 144.4280000 115.5630000 160.6630000 142.3970000 115.9990000 160.6350000
 141.7610000 115.1690000 161.3220000 141.9450000 116.5310000 159.5860000
 143.4980000 117.0740000 164.8700000 143.0920000 116.1000000 165.5090000
 144.1210000 118.0950000 165.4780000 144.4250000 118.7370000 164.9930000
 144.1970000 118.2150000 166.9390000 144.4800000 117.3590000 167.2980000
 145.2500000 119.2620000 167.3430000 144.9520000 120.1420000 167.0650000
 146.0720000 119.0720000 166.8650000 145.5460000 119.2780000 168.8380000
 144.6930000 119.9550000 169.7350000 143.9450000 120.4060000 169.4160000
 144.9270000 119.9010000 171.1220000 144.3460000 120.3130000 171.7200000
 146.0140000 119.1560000 171.6220000 146.1620000 118.9920000 172.9630000
 145.8600000 118.2380000 173.1780000 146.8840000 118.4950000 170.7280000
 147.6100000 118.0180000 171.0600000 146.6490000 118.5600000 169.3410000
 147.2200000 118.1190000 168.7550000 142.8310000 118.5430000 167.5670000
 142.4560000 117.9190000 168.5610000 142.0930000 119.5180000 167.0210000
 142.3710000 119.8830000 166.2930000 140.7970000 119.9600000 167.5520000
 140.9230000 120.1980000 168.4840000 140.3210000 121.2190000 166.8100000
 140.2570000 121.0290000 165.8610000 140.9840000 121.9190000 166.9200000
 138.9750000 121.7340000 167.2920000 138.9060000 122.5880000 168.4090000
 139.6870000 122.8350000 168.8490000 137.6620000 123.0260000 168.8960000
 137.6180000 123.5660000 169.6520000 136.4770000 122.6010000 168.2710000
 135.6520000 122.8620000 168.6120000 136.5400000 121.7400000 167.1610000
 135.7560000 121.4180000 166.7790000 137.7860000 121.3100000 166.6690000
 137.8200000 120.7170000 165.9530000 139.7270000 118.8570000 167.5240000
 139.2230000 118.4970000 168.5890000 139.5250000 118.1900000 166.3800000
 139.9250000 118.4620000 165.6690000 138.5760000 117.0710000 166.2580000
 137.6840000 117.3970000 166.4550000 138.5780000 116.4870000 164.8330000
 138.1970000 115.5960000 164.8740000 139.4930000 116.3950000 164.5250000
 137.7740000 117.2840000 163.8010000 138.1270000 118.4540000 163.5330000
 137.1820000 116.6210000 162.9200000 138.8800000 115.9360000 167.2510000
 137.9660000 115.3790000 167.8560000 140.1640000 115.6710000 167.5070000
 140.7550000 116.1150000 167.0670000 140.6250000 114.6220000 168.4180000
 140.1000000 113.8250000 168.2480000 142.0840000 114.3230000 168.0460000
 142.0900000 114.1100000 167.1000000 142.6220000 115.1180000 168.1860000
 142.7250000 113.1540000 168.8120000 142.8020000 113.3850000 169.7510000
 142.1500000 112.3770000 168.7290000 144.1130000 112.7730000 168.2910000
 144.9650000 112.2850000 169.0150000 144.4400000 113.0130000 167.0380000
 145.2480000 112.8250000 166.8120000 143.8910000 113.4250000 166.5190000
 140.4530000 114.9560000 169.9140000 140.3470000 114.0330000 170.7200000
 140.4180000 116.2400000 170.2950000 140.4890000 116.8430000 169.6860000
 140.3060000 116.6780000 171.6990000 140.4240000 115.9080000 172.2780000
 141.4330000 117.6680000 172.0340000 141.2780000 118.0330000 172.9190000
 141.4060000 118.4030000 171.4020000 142.8100000 117.0550000 172.0170000
 143.5420000 116.7460000 170.8990000 143.3220000 116.9600000 170.0960000
 144.6870000 116.1660000 171.2920000 145.3630000 115.8860000 170.7190000
 144.7440000 116.0970000 172.6340000 145.4870000 115.7480000 173.2220000
 143.5340000 116.6310000 173.0990000 143.2620000 116.6840000 173.9870000
 138.9390000 117.2720000 172.0790000 138.6740000 117.4410000 173.2690000
 138.0870000 117.6100000 171.1050000 138.3800000 117.5850000 170.2970000
 136.7910000 118.2720000 171.3390000 136.5110000 118.1040000 172.2520000
 136.9510000 119.7910000 171.1640000 137.1090000 119.9810000 170.2260000
 136.1140000 120.2180000 171.4040000 138.0630000 120.4110000 171.9870000
 139.2830000 120.7440000 171.3730000 139.3970000 120.5790000 170.4650000
 140.3310000 121.2920000 172.1310000 141.1420000 121.4930000 171.7220000
 140.1580000 121.5120000 173.5080000 140.8560000 121.8680000 174.0090000
 138.9420000 121.1710000 174.1290000 138.8280000 121.2940000 175.0440000
 137.8970000 120.6150000 173.3700000 137.1010000 120.3710000 173.7840000
 135.6500000 117.7630000 170.4430000 134.5000000 118.1450000 170.6540000
 135.9430000 116.8790000 169.4860000 136.7620000 116.6370000 169.3840000
 135.0100000 116.4740000 168.4370000 134.1140000 116.3950000 168.8010000
 135.2850000 115.6010000 168.1160000 134.9650000 117.4540000 167.2500000
 135.4420000 118.5880000 167.3430000 134.4730000 117.0040000 166.0820000
 133.9520000 115.6730000 165.8310000 134.7010000 115.0670000 165.7130000
 133.3780000 115.3690000 166.5520000 133.1510000 115.7820000 164.5390000
 132.2420000 116.0380000 164.7610000 133.1690000 114.9560000 164.0310000
 133.8420000 116.9150000 163.7860000 134.6160000 116.5590000 163.3220000
 133.2470000 117.3480000 163.1540000 134.2910000 117.8540000 164.9090000
 135.1340000 118.2690000 164.6670000 133.2500000 118.9500000 165.1700000
 132.2820000 118.7530000 165.9030000 133.3620000 120.0620000 164.4410000
 134.0070000 120.1140000 163.8750000 132.3440000 121.1140000 164.4570000
 132.2100000 121.3760000 165.3810000 132.8500000 122.3390000 163.6860000
 133.0360000 122.0810000 162.7700000 133.6800000 122.6430000 164.0850000
 131.8630000 123.4870000 163.6890000 131.6730000 124.2460000 164.8590000
 132.1720000 124.0500000 165.6190000 130.6830000 125.2460000 164.8930000
 130.5070000 125.7160000 165.6760000 129.8960000 125.4990000 163.7570000
 129.2100000 126.1260000 163.7910000 130.0900000 124.7470000 162.5900000
 129.5280000 124.8640000 161.8590000 131.0630000 123.7340000 162.5590000
 131.1340000 123.1980000 161.8020000 130.9870000 120.6120000 163.9230000
 130.9390000 119.8490000 162.9560000 129.8970000 121.0320000 164.5730000
 129.9920000 121.6330000 165.1800000 128.5220000 120.6430000 164.2490000
 128.4850000 119.6750000 164.1990000 127.5860000 121.0830000 165.3910000
 127.7830000 120.5350000 166.1670000 126.6710000 120.8860000 165.1370000
 127.6620000 122.5470000 165.8070000 128.3880000 122.9290000 166.9540000
 128.8440000 122.2880000 167.4500000 128.3980000 124.2730000 167.3740000
 128.8650000 124.5170000 168.1400000 127.6770000 125.2420000 166.6530000
 127.6700000 126.1270000 166.9380000 126.9580000 124.8670000 165.5060000
 126.4760000 125.5030000 165.0280000 126.9560000 123.5250000 165.0830000
 126.4740000 123.2800000 164.3270000 128.0600000 121.1790000 162.8830000
 128.4320000 122.2760000 162.4780000 127.1650000 120.4440000 162.2190000
 126.8250000 119.7730000 162.6360000 126.4410000 120.9310000 161.0350000
 127.0670000 121.3170000 160.4030000 125.6970000 119.7720000 160.3700000
 125.1680000 119.3020000 161.0330000 125.0830000 120.1310000 159.7100000
 126.6330000 118.7930000 159.6610000 126.2200000 118.5910000 158.8070000
 127.4900000 119.2130000 159.4860000 126.8790000 117.4870000 160.4280000
 126.0780000 117.2250000 160.9080000 127.5820000 117.6320000 161.0810000
 127.2500000 116.4080000 159.4940000 128.0870000 116.2190000 159.4360000
 126.4180000 115.9000000 158.5990000 125.1400000 116.1160000 158.6590000
 124.8370000 116.6500000 159.2620000 124.6550000 115.9930000 157.9600000
 126.8410000 115.2430000 157.5610000 127.6850000 115.2140000 157.3980000
 126.2510000 115.0720000 156.9590000 125.4460000 122.0250000 161.4160000
 124.9540000 122.0400000 162.5460000 125.0950000 122.8930000 160.4680000
 125.4490000 122.8070000 159.6890000 124.0970000 123.9530000 160.6800000
 123.5710000 123.7300000 161.4640000 124.7380000 125.3260000 160.9540000
 124.0200000 125.9600000 161.1050000 125.6400000 125.3400000 162.1820000
 125.9370000 126.2480000 162.3520000 125.1400000 125.0100000 162.9450000
 126.4130000 124.7730000 162.0330000 125.4950000 125.7910000 159.8610000
 125.0190000 125.6310000 159.1870000 123.1090000 124.0450000 159.5230000
 123.2710000 124.8630000 158.6110000 121.9640000 123.4000000 159.7030000
 121.9150000 122.7930000 160.3110000 120.7830000 123.6230000 158.8790000
 121.0530000 123.6770000 157.9490000 119.8190000 122.4360000 159.0240000
 119.7040000 122.2320000 159.9650000 118.9540000 122.6930000 158.6690000
 120.2760000 121.1640000 158.2860000 119.6700000 120.4390000 158.5050000
 120.1750000 121.3330000 157.3360000 121.7270000 120.7280000 158.5770000
 122.0160000 120.3470000 159.7320000 122.5910000 121.0020000 157.7130000
 123.4481877 120.6828869 158.0045396 120.1380000 124.9600000 159.2770000
 119.8770000 125.2030000 160.4580000 119.9500000 125.8670000 158.3130000
 120.1210000 125.6300000 157.5040000 119.4790000 127.2390000 158.5480000
 119.2700000 127.3340000 159.4900000 120.5620000 128.2820000 158.2140000
 120.9870000 128.0630000 157.3700000 120.1150000 129.1360000 158.1050000
 121.6270000 128.4360000 159.3140000 122.2990000 127.7460000 159.2010000
 121.2150000 128.3140000 160.1830000 122.2990000 129.8130000 159.3250000
 121.7530000 130.8360000 158.9400000 123.4990000 129.9160000 159.8550000
 123.8820000 129.2230000 160.1910000 123.8120000 130.7150000 159.9060000
 118.1890000 127.5720000 157.7940000 118.0050000 127.1920000 156.6330000
 117.4290000 128.4950000 158.3880000 117.6550000 128.7270000 159.1840000
 116.2270000 129.1210000 157.8430000 116.2030000 128.9810000 156.8830000
 114.9900000 128.4700000 158.5070000 115.2630000 127.7310000 159.0730000
 114.5560000 129.1260000 159.0750000 113.9440000 127.9530000 157.5180000
 113.6950000 128.6740000 156.9180000 114.4550000 126.7660000 156.7070000
 113.7440000 126.4360000 156.1360000 114.7390000 126.0520000 157.3000000
 115.2100000 127.0350000 156.1610000 112.6970000 127.4880000 158.2670000
 112.0080000 127.2510000 157.6260000 112.3650000 128.1980000 158.8380000
 112.9060000 126.7170000 158.8180000 116.2810000 130.6340000 158.1060000
 116.2780000 131.0670000 159.2570000 116.2300000 131.4410000 157.0450000
 116.2100000 131.0770000 156.2660000 116.0840000 132.8990000 157.1290000
 116.2480000 133.1730000 158.0450000 117.1010000 133.6550000 156.2430000
 116.8160000 133.5870000 155.3180000 117.0650000 135.1450000 156.6400000
 116.2200000 135.5420000 156.3770000 117.7840000 135.6340000 156.2100000
 117.1710000 135.2420000 157.5990000 118.5420000 133.0950000 156.2920000
 118.5470000 132.1940000 155.9330000 119.1030000 133.6320000 155.7100000
 119.1850000 133.0660000 157.6820000 120.0980000 132.7480000 157.6050000
 118.6970000 132.4700000 158.2720000 119.1950000 133.9590000 158.0600000
 114.6430000 133.2720000 156.7780000 114.2300000 133.1720000 155.6180000
 113.8480000 133.6110000 157.7920000 114.2120000 133.7080000 158.5650000
 112.4250000 133.9380000 157.6550000 112.1070000 133.5710000 156.8150000
 111.6020000 133.2730000 158.7820000 111.9420000 133.5970000 159.6310000
 110.1160000 133.6680000 158.7010000 109.6030000 133.1620000 159.3500000
 110.0050000 134.6090000 158.9110000 109.7630000 133.4910000 157.8150000
 111.7520000 131.7310000 158.7930000 111.2680000 131.3770000 159.5560000
 112.6840000 131.4970000 158.9250000 111.2450000 131.0160000 157.5350000
 111.3480000 130.0570000 157.6420000 110.3040000 131.2040000 157.3910000
 111.7610000 131.2950000 156.7620000 112.2310000 135.4560000 157.5680000
 112.8800000 136.2310000 158.2680000 111.3460000 135.8840000 156.6640000
 110.9010000 135.2850000 156.2370000 111.0860000 137.2840000 156.2890000
 111.3370000 137.8800000 157.0120000 111.8860000 137.6310000 155.0200000
 111.6820000 138.5460000 154.7710000 111.5780000 137.0440000 154.3120000
 113.4110000 137.4830000 155.1270000 113.7300000 138.0990000 155.8050000
 113.6530000 136.5820000 155.3930000 114.1030000 137.8080000 153.7920000
 114.9980000 138.1100000 154.0140000 113.6380000 138.5380000 153.3540000
 114.2080000 136.6460000 152.8770000 113.7550000 135.9440000 153.0800000
 114.9980000 136.5320000 151.8170000 115.0230000 135.4200000 151.1350000
 114.5340000 134.7570000 151.3830000 115.5820000 135.2880000 150.4950000
 115.7420000 137.5170000 151.3930000 115.7450000 138.2620000 151.8230000
 116.2740000 137.3830000 150.7310000 109.5970000 137.4470000 155.9920000
 109.0480000 136.5650000 155.3320000 109.0060000 138.6020000 156.2990000
 109.4610000 139.2020000 156.7130000 107.5840000 138.8810000 156.0680000
 107.1760000 138.1450000 155.5860000 106.8820000 138.9340000 157.4280000
 107.2430000 139.6510000 157.9730000 106.9930000 138.0880000 157.8890000
 105.9360000 139.0930000 157.2860000 107.3800000 140.1890000 155.2670000
 107.6690000 141.2600000 155.7970000 106.9550000 140.1320000 153.9850000
 106.8860000 138.9200000 153.1750000 106.1210000 138.3780000 153.4230000
 107.7060000 138.4110000 153.2740000 106.7440000 139.3860000 151.7270000
 107.2080000 138.8110000 151.0980000 105.8030000 139.4370000 151.4960000
 107.3450000 140.7870000 151.7510000 108.3130000 140.7260000 151.7380000
 107.0300000 141.3280000 151.0100000 106.8790000 141.3120000 153.1120000
 107.4990000 141.9960000 153.4120000 105.4850000 141.9670000 153.0000000
 105.3490000 142.9520000 152.2790000 104.4280000 141.3610000 153.5590000
 104.5750000 140.6580000 154.0320000 103.0250000 141.8080000 153.4150000
 102.9850000 142.4280000 152.6700000 102.1140000 140.5920000 153.0860000
 102.4850000 139.7920000 153.4910000 101.2450000 140.7150000 153.4990000
 101.8310000 140.3160000 151.5960000 101.1890000 139.5900000 151.5570000
 101.2090000 141.5120000 150.8670000 100.8790000 141.2280000 150.0000000
 100.4700000 141.8610000 151.3890000 101.8650000 142.2140000 150.7360000
 103.0670000 139.8720000 150.8210000 102.8210000 139.6610000 149.9070000
 103.4260000 139.0720000 151.2360000 103.7300000 140.5800000 150.8200000
 102.5100000 142.6460000 154.6090000 101.3040000 142.7780000 154.8000000
 103.4090000 143.2050000 155.4180000 104.2410000 143.1560000 155.2080000
 103.1000000 143.9100000 156.6730000 102.2250000 144.3230000 156.6070000
 103.0470000 142.8990000 157.8370000 102.3090000 142.2890000 157.6850000
 104.3280000 142.0740000 157.9850000 104.3440000 141.3720000 157.3150000
 105.1080000 142.6390000 157.8700000 104.3650000 141.6740000 158.8680000
 102.8170000 143.5470000 159.0580000 102.6570000 142.9620000 159.6390000
 104.1190000 145.0300000 156.9240000 105.2640000 144.9300000 156.4720000
 103.7090000 146.1220000 157.5740000 102.9040000 146.1490000 157.8740000
 104.6010000 147.1850000 158.0430000 105.5010000 146.9600000 157.7600000
 104.2940000 148.5470000 157.3850000 104.9810000 149.1720000 157.6660000
 104.3820000 148.4460000 156.4240000 102.9230000 149.1760000 157.6710000
 101.9070000 148.4770000 157.4650000 102.9240000 150.4310000 157.6830000
 104.6620000 147.2650000 159.5790000 103.8360000 146.7120000 160.3010000
 105.7500000 147.8610000 160.0850000 106.2990000 148.2150000 159.5250000
 106.0660000 147.9250000 161.5210000 106.1570000 147.0120000 161.8370000
 107.4080000 148.6440000 161.7610000 108.1150000 148.1480000 161.3200000
 107.5940000 148.6560000 162.7130000 107.4110000 150.0940000 161.2620000
 106.7370000 150.6020000 161.7410000 107.1990000 150.1010000 160.3150000
 108.7540000 150.7960000 161.4870000 109.0250000 150.6790000 162.4110000
 109.4310000 150.4050000 160.9140000 108.6080000 152.2980000 161.2070000
 109.4780000 152.7170000 161.3000000 108.0230000 152.6720000 161.8840000
 108.0370000 152.5560000 159.8590000 108.4460000 152.0630000 159.2410000
 107.1640000 152.3810000 159.8540000 108.1480000 153.4140000 159.6500000
 104.9260000 148.5490000 162.3400000 104.4580000 149.6420000 162.0160000
 104.6550000 147.9710000 163.5070000 105.1170000 147.2790000 163.7260000
 103.7340000 148.5290000 164.5060000 103.2280000 149.2480000 164.0970000
 102.7140000 147.4510000 164.9090000 102.0290000 147.8590000 165.4610000
 102.2750000 147.1240000 164.1090000 103.2760000 146.2740000 165.6640000
 103.5750000 146.2730000 167.0240000 103.4980000 147.0370000 167.6800000
 103.9650000 145.0220000 167.3120000 104.2300000 144.7390000 168.1570000
 103.9480000 144.2540000 166.2090000 104.1650000 143.4230000 166.1770000
 103.5080000 145.0280000 165.1570000 103.3670000 144.7570000 164.2790000
 104.4930000 149.1640000 165.6850000 105.7180000 149.2910000 165.6400000
 103.7530000 149.7230000 166.6460000 102.9120000 149.5450000 166.6490000
 104.2770000 150.3400000 167.8740000 105.2440000 150.2670000 167.8960000
 103.8870000 151.8390000 167.9600000 102.9190000 151.8870000 167.9330000
 104.3230000 152.4510000 169.3030000 103.8140000 152.0670000 170.0340000
 105.2650000 152.2830000 169.4640000 104.1610000 153.4070000 169.3070000
 104.3930000 152.7080000 166.7840000 104.0900000 152.3210000 165.9480000
 103.9830000 153.5840000 166.8570000 105.9110000 152.9090000 166.7030000
 106.1210000 153.4570000 165.9310000 106.2420000 153.3550000 167.4980000
 106.3490000 152.0490000 166.6030000 103.7090000 149.5740000 169.0730000
 102.4880000 149.4970000 169.2080000 104.5700000 149.1850000 170.0150000
 105.4050000 149.3430000 169.8840000 104.1770000 148.8320000 171.3810000
 103.2300000 148.6240000 171.4010000 104.9350000 147.5700000 171.8290000
 104.6250000 146.8180000 171.3010000 105.8780000 147.6880000 171.6350000
 104.7750000 147.2290000 173.3010000 103.5250000 146.8110000 173.7960000
 102.8030000 146.7120000 173.2180000 103.3610000 146.5380000 175.1690000
 102.5310000 146.2660000 175.4890000 104.4540000 146.6800000 176.0500000
 104.3060000 146.4240000 177.3760000 105.0310000 146.5460000 177.7830000
 105.7120000 147.0800000 175.5540000 106.4290000 147.1710000 176.1400000
 105.8680000 147.3560000 174.1820000 106.6960000 147.6300000 173.8590000
 104.4130000 150.0220000 172.3250000 105.4890000 150.6260000 172.3140000
 103.4160000 150.3550000 173.1480000 102.6650000 149.9430000 173.0770000
 103.5060000 151.3830000 174.1890000 104.2800000 151.9420000 174.0180000
 102.2820000 152.3180000 174.1530000 101.4990000 151.8650000 174.5030000
 102.4720000 153.0620000 174.7460000 101.9660000 152.8930000 172.7600000
 101.5140000 153.7430000 172.8760000 102.7960000 153.0620000 172.2870000
 101.0760000 152.0050000 171.8900000 100.6690000 150.9090000 172.2370000
 100.7200000 152.4520000 170.7080000 100.3180000 151.8770000 170.2110000
 101.0630000 153.1850000 170.4170000 103.6340000 150.7220000 175.5760000
 102.7050000 150.0290000 176.0010000 104.7020000 150.9880000 176.3500000
 105.9670000 151.5630000 175.9220000 105.9400000 152.5260000 176.0360000
 106.1800000 151.3370000 175.0030000 107.0110000 150.9550000 176.8540000
 107.7880000 151.5280000 176.9450000 107.2640000 150.0770000 176.5280000
 106.2440000 150.8200000 178.1690000 106.6100000 150.1150000 178.7260000
 106.2780000 151.6690000 178.6360000 104.8090000 150.5000000 177.7240000
 104.6910000 149.5370000 177.7160000 103.7480000 151.1440000 178.6330000
 103.8270000 152.3310000 178.9430000 102.8300000 150.3280000 179.1640000
 102.8010000 149.5250000 178.8570000 101.7040000 150.7670000 180.0060000
 101.0980000 151.2670000 179.4370000 100.9360000 149.5250000 180.5070000
 101.5710000 148.8230000 180.7190000 100.3780000 149.1940000 179.7860000
 100.0650000 149.7640000 181.7320000  98.8780000 150.5140000 181.6190000
  98.6120000 150.8400000 180.7900000  98.1180000 150.8150000 182.7670000
  97.3450000 151.3260000 182.6880000  98.5500000 150.3690000 184.0350000
  97.8370000 150.6750000 185.1500000  98.0670000 150.1990000 185.8030000
  99.7290000 149.6030000 184.1460000 100.0020000 149.3090000 184.9850000
 100.4830000 149.2990000 182.9960000 101.2660000 148.8030000 183.0770000
 102.0550000 151.7310000 181.1690000 101.3420000 152.7240000 181.3150000
 103.0710000 151.4730000 182.0250000 103.9590000 150.3130000 182.0330000
 104.4690000 150.2520000 181.2100000 103.4460000 149.5010000 182.1680000
 104.9190000 150.5150000 183.2050000 105.1420000 149.6730000 183.6320000
 105.7240000 150.9580000 182.8950000 104.1460000 151.4400000 184.1460000
 104.7430000 151.9680000 184.6990000 103.5540000 150.9090000 184.7010000
 103.3120000 152.3130000 183.2010000 102.4710000 152.5280000 183.6340000
 104.0270000 153.6330000 182.8610000 103.7000000 154.6800000 183.4160000
 105.0540000 153.5650000 182.0110000 105.2170000 152.8040000 181.6450000
 105.9410000 154.6640000 181.6240000 105.4120000 155.3920000 181.2610000
 106.7500000 155.1730000 182.8360000 106.1530000 155.5620000 183.4950000
 107.3520000 155.8750000 182.5410000 107.5230000 154.1410000 183.4250000
 107.9420000 154.4690000 184.0750000 106.9320000 154.1760000 180.5640000
 107.4830000 153.0850000 180.7110000 107.3470000 155.0610000 179.6570000
 106.9280000 155.8070000 179.5730000 108.4470000 154.8170000 178.7190000
 108.4230000 153.8900000 178.4360000 109.3000000 154.9830000 179.1490000
 108.3510000 155.7000000 177.4770000 107.6200000 156.6910000 177.4640000
 109.0420000 155.2890000 176.4160000 109.4850000 154.5560000 176.4940000
 108.8100000 155.7560000 175.0500000 108.2890000 156.5740000 175.0680000
 110.1690000 156.0680000 174.4050000 110.0360000 156.4030000 173.5050000
 110.7090000 155.2630000 174.3610000 110.6350000 156.7390000 174.9280000
 108.0150000 154.7120000 174.2410000 108.0560000 153.5220000 174.5580000
 107.4400000 155.1340000 173.1130000 107.4720000 155.9720000 172.9230000
 107.0050000 154.2280000 172.0410000 106.3000000 153.6490000 172.3700000
 106.4730000 155.0510000 170.8510000 107.1510000 155.6940000 170.5920000
 106.3420000 154.4550000 170.0970000 105.1570000 155.7920000 171.1080000
 104.2680000 155.1980000 171.7550000 104.9660000 156.8380000 170.4470000
 108.1800000 153.3640000 171.5510000 109.2220000 153.9090000 171.1760000
 107.9800000 152.0470000 171.4040000 107.2350000 151.7060000 171.6660000
 108.9670000 151.1590000 170.7620000 109.7270000 151.7080000 170.5110000
 109.5710000 150.1130000 171.7220000 110.2700000 149.6500000 171.2330000
 110.2310000 150.7810000 172.9340000 110.8590000 151.4580000 172.6370000
 110.7050000 150.1210000 173.4630000 109.5580000 151.2030000 173.4900000
 108.6010000 149.0470000 172.2330000 109.0540000 148.4520000 172.8510000
 108.2620000 148.5160000 171.4950000 107.8610000 149.4760000 172.6910000
 108.3950000 150.5400000 169.4770000 107.3550000 149.8790000 169.5200000
 109.0280000 150.7510000 168.3060000 110.1780000 151.6120000 168.0640000
 109.9240000 152.5370000 168.2070000 110.9230000 151.3750000 168.6380000
 110.5710000 151.3990000 166.6030000 111.2400000 150.6980000 166.5530000
 110.9010000 152.2160000 166.1970000 109.2790000 150.9160000 165.9440000
 108.7310000 151.6810000 165.7100000 109.4550000 150.3710000 165.1610000
 108.5990000 150.1220000 167.0620000 107.6360000 150.1970000 166.9750000
 108.9650000 148.6360000 167.0310000 110.0450000 148.2540000 167.4760000
 108.1080000 147.8130000 166.4270000 107.3680000 148.1430000 166.1390000
 108.3410000 146.3810000 166.2050000 109.1960000 146.1310000 166.5890000
 107.2550000 145.5500000 166.9120000 106.4830000 146.1130000 167.0800000
 106.9720000 144.8440000 166.3110000 107.6820000 144.9080000 168.2230000
 108.4420000 145.6260000 169.1680000 108.6590000 146.5170000 169.0150000
 108.8890000 144.9980000 170.3420000 109.3980000 145.4780000 170.9550000
 108.5740000 143.6520000 170.5880000 108.8780000 143.2370000 171.3630000
 107.7800000 142.9420000 169.6710000 107.5570000 142.0550000 169.8380000
 107.3330000 143.5700000 168.4940000 106.8140000 143.0930000 167.8870000
 108.4160000 146.0680000 164.7070000 107.5170000 146.4190000 163.9420000
 109.4980000 145.4090000 164.2890000 110.0940000 145.2100000 164.8760000
 109.7590000 145.0250000 162.9040000 110.6380000 144.6190000 162.8410000
 109.7560000 145.8300000 162.3630000 108.7240000 144.0340000 162.3470000
 108.1340000 143.2650000 163.1080000 108.5300000 143.9910000 161.0140000
 109.2800000 144.7450000 160.0220000 108.9330000 145.6500000 159.9800000
 110.2290000 144.7550000 160.2230000 109.0340000 144.0380000 158.6940000
 109.6860000 143.3300000 158.5730000 109.0700000 144.6570000 157.9480000
 107.6380000 143.4430000 158.8650000 106.9830000 144.0900000 158.5620000
 107.5480000 142.6180000 158.3630000 107.4560000 143.2260000 160.3740000
 106.6150000 143.6370000 160.6270000 107.3350000 141.7310000 160.7530000
 106.2060000 141.2880000 160.9620000 108.4110000 140.9320000 160.9400000
 109.8160000 141.2010000 160.6520000 110.1320000 142.0140000 161.0770000
 109.9440000 141.2480000 159.6920000 110.5980000 140.0120000 161.2070000
 110.7860000 140.1490000 162.1490000 111.4170000 139.8540000 160.7110000
 109.5970000 138.8740000 161.0360000 109.5940000 138.5810000 160.1110000
 109.7850000 138.1280000 161.6270000 108.2610000 139.5380000 161.3690000
 107.5630000 139.1140000 160.8450000 107.8900000 139.3530000 162.8540000
 107.6890000 138.2160000 163.2720000 107.8350000 140.4230000 163.6620000
 107.9870000 141.1990000 163.3250000 107.4100000 140.3890000 165.0710000
 107.5600000 139.4910000 165.4070000 108.2750000 141.3500000 165.9140000
 108.0290000 141.2280000 166.8440000 108.0540000 142.2600000 165.6620000
 109.8030000 141.1750000 165.8100000 110.0910000 141.3400000 164.8990000
 110.4900000 142.1900000 166.7250000 110.1960000 143.0850000 166.4920000
 111.4520000 142.1430000 166.6120000 110.2670000 142.0170000 167.6530000
 110.2620000 139.7760000 166.2320000 111.2300000 139.7260000 166.1950000
 109.9670000 139.5890000 167.1370000 109.8940000 139.1130000 165.6270000
 105.8960000 140.6420000 165.2670000 105.4310000 140.8350000 166.3940000
 105.1140000 140.6790000 164.1880000 105.4880000 140.5800000 163.4200000
 103.6520000 140.5520000 164.2240000 103.2750000 141.2420000 164.7920000
 103.1230000 140.7750000 162.7950000 103.5750000 140.1460000 162.2110000
 103.3730000 141.6680000 162.5120000 101.6120000 140.5960000 162.5930000
 100.8960000 140.3330000 163.5870000 101.2080000 140.5340000 161.4120000
 103.2480000 139.1790000 164.8020000 103.7170000 138.1350000 164.3450000
 102.3200000 139.1680000 165.7590000 101.9680000 139.9210000 165.9770000
 101.7530000 137.9610000 166.3700000 102.4860000 137.4860000 166.7910000
 100.7570000 138.3870000 167.4730000 101.2090000 139.0260000 168.0460000
  99.5030000 139.0890000 166.9110000  98.9830000 139.4550000 167.6430000
  99.7540000 139.8160000 166.3190000  98.9520000 138.4560000 166.4250000
 100.2840000 137.2220000 168.3660000  99.6730000 137.5730000 169.0320000
  99.8040000 136.5700000 167.8320000 101.4210000 136.5150000 169.1110000
 101.9560000 135.9940000 168.4920000 101.0360000 135.9180000 169.7710000
 101.9840000 137.1640000 169.5620000 101.1110000 137.0060000 165.3480000
 101.3050000 135.7930000 165.4430000 100.5310000 137.5360000 164.2610000
 100.5480000 138.3910000 164.1710000  99.9880000 136.7340000 163.1550000
  99.3040000 136.1390000 163.5000000  99.3760000 137.6350000 162.0610000
 100.1030000 138.1320000 161.6540000  99.0020000 137.0750000 161.3630000
  98.3190000 138.6550000 162.5230000  98.3480000 139.4120000 161.9170000
  98.5380000 138.9950000 163.4050000  96.8910000 138.1180000 162.5170000
  96.3940000 137.5480000 161.5580000  96.1320000 138.3390000 163.5680000
  95.3330000 138.0240000 163.5290000  96.4610000 138.7300000 164.2600000
 101.0830000 135.8870000 162.4950000 100.8180000 134.7790000 162.0280000
 102.2850000 136.4540000 162.3760000 102.3990000 137.2150000 162.7610000
 103.4350000 135.8820000 161.6730000 103.1140000 135.2910000 160.9740000
 104.2230000 137.0260000 160.9960000 104.3470000 137.7420000 161.6380000
 105.6140000 136.5680000 160.5190000 106.1640000 136.3130000 161.2760000
 106.0680000 137.2940000 160.0630000 105.5250000 135.8140000 159.9160000
 103.4010000 137.5490000 159.7920000 102.4580000 137.5810000 160.0150000
 103.5010000 136.9370000 159.0460000 103.7850000 138.9590000 159.3390000
 103.3710000 139.6150000 159.9210000 103.4610000 139.1070000 158.4370000
 104.7460000 139.0860000 159.3650000 104.2910000 135.0230000 162.6090000
 104.6890000 133.9320000 162.2010000 104.4120000 135.3950000 163.8890000
 104.1160000 136.1720000 164.1090000 105.0900000 134.5950000 164.9150000
 105.9870000 134.4030000 164.6000000 105.2150000 135.3990000 166.2210000
 104.3380000 135.7360000 166.4640000 105.5060000 134.7970000 166.9240000
 106.2150000 136.5710000 166.1560000 105.9840000 137.1680000 165.4280000
 106.1520000 137.3580000 167.4640000 105.2520000 137.6950000 167.5920000
 106.3890000 136.7870000 168.2110000 106.7620000 138.1110000 167.4260000
 107.6610000 136.0970000 165.9660000 108.2630000 136.8550000 166.0270000
 107.8920000 135.4420000 166.6430000 107.7680000 135.7120000 165.0820000
 104.4140000 133.2320000 165.1470000 105.1020000 132.2130000 165.0930000
 103.0760000 133.1780000 165.1270000 102.6340000 133.9150000 165.1630000
 102.3260000 131.9120000 165.1030000 102.6000000 131.3590000 165.8510000
 100.8270000 132.2030000 165.2620000 100.5620000 132.9150000 164.6590000
 100.3280000 131.4060000 165.0260000 100.4390000 132.5580000 166.6730000
 100.6730000 131.7310000 167.7670000 101.2270000 130.8870000 167.7980000
 100.0420000 132.2970000 168.8030000 100.0170000 131.9400000 169.6610000
  99.4270000 133.4240000 168.4140000  98.8820000 133.8700000 168.9070000
  99.6720000 133.6140000 167.0720000  99.3460000 134.2990000 166.5350000
 102.5730000 131.0850000 163.8320000 102.7990000 129.8810000 163.9070000
 102.6480000 131.7240000 162.6630000 102.5580000 132.5790000 162.6610000
 102.8330000 131.0210000 161.3850000 102.2470000 130.2480000 161.3730000
 102.4380000 131.9460000 160.2320000 102.8580000 132.8130000 160.3490000
 102.7560000 131.5640000 159.3990000 100.9170000 132.1110000 160.1440000
 100.5610000 132.3780000 161.0060000 100.5110000 131.2620000 159.9070000
 100.5460000 133.1400000 159.0890000 100.9050000 133.0180000 157.9230000
  99.8370000 134.1850000 159.4520000  99.7030000 134.8130000 158.8800000
  99.7760000 134.3380000 160.2960000 104.2530000 130.4820000 161.1630000
 104.4140000 129.4670000 160.4820000 105.2850000 131.1360000 161.7060000
 105.1260000 131.8660000 162.1320000 106.6430000 130.5660000 161.7450000
 106.7790000 130.0830000 160.9150000 107.7290000 131.6570000 161.7860000
 107.5680000 132.2730000 161.0540000 107.7440000 132.4520000 163.0880000
 108.4320000 133.1350000 163.0600000 106.8830000 132.8860000 163.1970000
 107.9020000 131.8610000 163.8410000 109.1280000 131.0630000 161.5960000
 109.1580000 130.5500000 160.7730000 109.7820000 131.7780000 161.5550000
 109.3530000 130.4820000 162.3400000 106.7970000 129.5310000 162.8650000
 107.4870000 128.5380000 162.6480000 106.0260000 129.6230000 163.9560000
 105.5500000 130.3280000 164.0810000 105.9500000 128.5560000 164.9570000
 106.8620000 128.3250000 165.1950000 105.2450000 129.0740000 166.2250000
 105.7260000 129.8510000 166.5510000 104.3460000 129.3570000 165.9940000
 105.1410000 128.0380000 167.3600000 104.5950000 127.2910000 167.0680000
 106.5100000 127.5100000 167.7970000 106.3910000 126.8870000 168.5310000
 107.0830000 128.2410000 168.0770000 106.9280000 127.0190000 167.0720000
 104.4730000 128.6760000 168.5800000 104.3860000 128.0140000 169.2840000
 104.9980000 129.4270000 168.9000000 103.5880000 128.9890000 168.3350000
 105.3050000 127.2770000 164.3940000 105.9210000 126.2210000 164.4860000
 104.2460000 127.3880000 163.5890000 103.8140000 128.1310000 163.5910000
 103.6670000 126.2430000 162.8640000 103.5320000 125.5190000 163.4950000
 102.2950000 126.6230000 162.2820000 102.3730000 127.4620000 161.8010000
 102.0310000 125.9440000 161.6420000 101.1760000 126.7350000 163.3250000
 101.3570000 126.2110000 164.4510000 100.0620000 127.1090000 162.8990000
 104.5780000 125.6800000 161.7570000 104.5580000 124.4770000 161.4990000
 105.4610000 126.4960000 161.1650000 105.4540000 127.3230000 161.4010000
 106.5450000 126.0080000 160.2990000 106.1630000 125.4050000 159.6430000
 107.1670000 127.2150000 159.5630000 107.7190000 127.7170000 160.1820000
 106.4390000 127.7940000 159.2880000 108.0010000 126.9080000 158.3020000
 107.4600000 126.3970000 157.6800000 108.3880000 128.2340000 157.6380000
 108.9790000 128.7320000 158.2240000 107.5920000 128.7620000 157.4690000
 108.8390000 128.0590000 156.7970000 109.3050000 126.1500000 158.5530000
 109.8360000 126.1260000 157.7420000 109.8100000 126.5740000 159.2640000
 109.1180000 125.2290000 158.7920000 107.5790000 125.2080000 161.1170000
 107.9720000 124.1130000 160.7190000 107.9540000 125.7060000 162.2950000
 107.6160000 126.4590000 162.5370000 108.9640000 125.1060000 163.1660000
 109.7400000 124.9070000 162.6190000 109.3860000 126.1650000 164.1940000
 109.5510000 126.9950000 163.7190000 108.6650000 126.3150000 164.8250000
 110.6690000 125.8020000 164.9560000 110.4610000 125.1210000 165.6150000
 111.3300000 125.4510000 164.3390000 111.2580000 127.0100000 165.6770000
 112.4060000 127.4060000 165.4850000 110.4710000 127.7690000 166.3940000
 110.8490000 128.3520000 166.9000000 109.7020000 127.4570000 166.6190000
 108.4980000 123.7840000 163.8090000 109.1180000 122.7480000 163.5870000
 107.2530000 123.7250000 164.2870000 106.8080000 124.4570000 164.3620000
 106.6340000 122.4700000 164.7410000 107.2560000 122.0300000 165.3420000
 105.3440000 122.7760000 165.5420000 104.7350000 123.2510000 164.9560000
 104.6350000 121.4860000 165.9930000 103.8920000 121.7030000 166.5780000
 105.2580000 120.9130000 166.4670000 104.2880000 121.0080000 165.2240000
 105.5930000 123.6850000 166.7750000 104.7430000 123.8610000 167.2080000
 105.9350000 124.5430000 166.4790000 106.5670000 123.1470000 167.8340000
 106.6350000 123.7880000 168.5590000 106.2510000 122.3040000 168.1940000
 107.4500000 123.0270000 167.4500000 106.4130000 121.4890000 163.5670000
 106.5370000 120.2770000 163.7500000 106.2420000 121.9630000 162.3270000
 106.1640000 122.8120000 162.2120000 106.2080000 121.0890000 161.1500000
 105.6610000 120.3190000 161.3690000 105.5120000 121.8140000 159.9930000
 105.4400000 121.2110000 159.2370000 106.0180000 122.5990000 159.7300000
 104.6210000 122.0820000 160.2660000 107.5880000 120.5330000 160.7310000
 107.6420000 119.3850000 160.2930000 108.6950000 121.2760000 160.8870000
 108.6130000 122.0720000 161.2030000 110.0490000 120.7560000 160.5950000
 109.9630000 120.2000000 159.8050000 111.0350000 121.9000000 160.2350000
 110.5550000 122.5510000 159.7000000 111.6110000 122.6510000 161.4380000
 112.1510000 123.3920000 161.1220000 110.8900000 123.0250000 161.9680000
 112.1560000 122.0710000 161.9920000 112.2540000 121.4220000 159.4150000
 112.9320000 122.1160000 159.4030000 112.6430000 120.6290000 159.8160000
 111.8830000 121.1410000 157.9620000 111.4900000 121.9330000 157.5640000
 111.2460000 120.4090000 157.9420000 112.6680000 120.8880000 157.4520000
 110.5660000 119.8170000 161.7000000 111.1540000 118.7820000 161.3880000
 110.1340000 120.0240000 162.9490000 109.7360000 120.7660000 163.1220000
 110.3820000 119.1120000 164.0790000 111.3360000 118.9490000 164.1480000
 109.9180000 119.7700000 165.3960000 109.9240000 119.0990000 166.0960000
 109.0070000 120.0850000 165.2860000 110.8180000 120.9400000 165.8400000
 110.9670000 121.5380000 165.0910000 111.6820000 120.5810000 166.0950000
 110.2390000 121.7390000 167.0240000 109.6120000 121.1180000 167.9120000
 110.5310000 122.9560000 167.1120000 109.7250000 117.7260000 163.9060000
 110.2840000 116.7230000 164.3460000 108.6370000 117.6290000 163.1280000
 108.3170000 118.3580000 162.8040000 107.9930000 116.3550000 162.7810000
 107.9620000 115.8040000 163.5790000 106.5440000 116.6220000 162.3240000
 106.2370000 115.8750000 161.7870000 106.5100000 117.4140000 161.7660000
 105.5570000 116.7500000 163.4670000 105.0280000 115.7570000 163.9610000
 105.0700000 117.9220000 163.7630000 105.5150000 118.6260000 163.5490000
 104.5270000 117.9480000 164.4290000 108.7500000 115.5060000 161.7340000
 108.3150000 114.3840000 161.4600000 109.8200000 115.9900000 161.0840000
 110.1370000 116.7600000 161.3010000 110.5190000 115.1790000 160.0710000
 109.8390000 114.7850000 159.5030000 111.4230000 116.0150000 159.1320000
 112.0530000 116.5230000 159.6660000 112.2200000 115.1000000 158.1710000
 112.8490000 115.6270000 157.6540000 111.6170000 114.6340000 157.5710000
 112.7510000 114.4510000 158.6590000 110.5300000 116.9910000 158.3310000
 109.7750000 116.5070000 157.9600000 110.1810000 117.6640000 158.9360000
 111.2310000 117.7070000 157.1740000 110.6340000 118.3860000 156.8220000
 111.4330000 117.0850000 156.4580000 112.0490000 118.1210000 157.4900000
 111.2600000 114.0130000 160.7350000 112.2850000 114.1960000 161.3990000
 110.8840000 112.7990000 160.3250000 110.1290000 112.7300000 159.9180000
 111.6220000 111.5640000 160.6060000 112.4790000 111.8120000 160.9860000
 110.9130000 110.6830000 161.6530000 111.5150000 109.9620000 161.8950000
 110.5410000 111.4530000 162.9210000 110.3000000 110.8260000 163.6200000
 111.2940000 111.9910000 163.2110000 109.7880000 112.0400000 162.7470000
 109.7230000 110.1280000 161.1430000 109.8900000 109.9210000 160.3460000
 111.9030000 110.7980000 159.3100000 111.0190000 110.1270000 158.7710000
 113.0780000 111.0180000 158.7190000 113.6790000 111.4330000 159.1730000
 113.5050000 110.3100000 157.5110000 112.7780000 110.3360000 156.8690000
 114.7010000 111.0510000 156.8930000 115.4520000 111.0580000 157.5060000
 114.4530000 111.9650000 156.6850000 114.9750000 110.6130000 156.0720000
 113.8100000 108.8260000 157.8070000 114.1180000 108.4560000 158.9370000
 113.8080000 107.9760000 156.7780000 113.6910000 108.2920000 155.9870000
 114.2560000 106.5800000 156.8890000 114.5210000 106.4070000 157.8060000
 113.1140000 105.6060000 156.5830000 112.4050000 105.7330000 157.2330000
 112.7630000 105.7870000 155.6970000 113.5490000 104.2600000 156.6290000
 114.0410000 104.1710000 157.3040000 115.4940000 106.3330000 156.0320000
 115.6240000 106.8750000 154.9330000 116.4190000 105.5420000 156.5670000
 116.2350000 105.1640000 157.3170000 117.7260000 105.2420000 155.9910000
 117.6790000 105.3240000 155.0260000 118.7590000 106.2570000 156.5120000
 118.6190000 106.4030000 157.4610000 118.6240000 107.1060000 156.0640000
 120.1890000 105.8010000 156.3100000 120.8180000 105.0560000 157.3250000
 120.3830000 104.9040000 158.1330000 122.0730000 104.4690000 157.0960000
 122.4650000 103.9510000 157.7610000 122.7080000 104.6380000 155.8500000
 123.8840000 104.0060000 155.6070000 123.7700000 103.1750000 155.6540000
 122.0970000 105.4180000 154.8440000 122.5180000 105.5170000 154.0210000
 120.8360000 106.0030000 155.0760000 120.4190000 106.4960000 154.4060000
 118.1030000 103.7930000 156.3350000 117.9370000 103.3710000 157.4720000
 118.4390000 102.9940000 155.3180000 118.5850000 103.3670000 154.5570000
 118.7560000 101.5540000 155.4220000 118.6700000 101.2210000 154.5150000
 120.2340000 101.3540000 155.8240000 120.3100000 101.3630000 156.7910000
 120.7510000 102.1010000 155.4850000 120.8700000 100.0700000 155.2580000
 120.2960000  99.5070000 154.2930000 122.0780000  99.8850000 155.5330000
 117.7390000 100.7180000 156.2420000 118.0880000  99.7920000 156.9690000
 116.4490000 101.0790000 156.1350000 116.2980000 101.7900000 155.6750000
 115.3080000 100.5080000 156.8730000 114.5240000 100.9740000 156.5430000
 115.1440000  99.0250000 156.4580000 115.8500000  98.5020000 156.8690000
 115.2440000  98.9570000 155.4960000 113.8150000  98.3830000 156.8180000
 112.9540000  98.1500000 155.9740000 113.6630000  97.8900000 158.0170000
 112.8710000  97.6140000 158.2070000 114.1540000  98.2510000 158.6240000
 115.2870000 100.7890000 158.4020000 114.3710000 100.3390000 159.0880000
 116.1710000 101.6420000 158.9150000 116.7850000 101.9440000 158.3940000
 116.0220000 102.3630000 160.1930000 115.5480000 101.8000000 160.8250000
 117.4370000 102.6540000 160.7450000 117.9740000 101.8510000 160.6620000
 117.8430000 103.3290000 160.1790000 117.5640000 103.1480000 162.1980000
 116.9770000 103.9050000 162.3520000 118.4710000 103.4700000 162.3200000
 117.2820000 102.0550000 163.2370000 116.1560000 101.5070000 163.2100000
 118.1360000 101.8800000 164.1360000 115.2030000 103.6620000 159.9910000
 115.0580000 104.1390000 158.8580000 114.7340000 104.3020000 161.0690000
 114.9020000 103.9570000 161.8390000 114.1560000 105.6660000 161.0440000
 114.2140000 106.0220000 160.1440000 112.6620000 105.6630000 161.4100000
 112.5410000 105.2170000 162.2630000 112.0390000 107.0600000 161.4930000
 111.0870000 106.9920000 161.6660000 112.1800000 107.5370000 160.6600000
 112.4420000 107.5620000 162.2180000 111.9180000 104.9820000 160.4240000
 111.1140000 105.0050000 160.6660000 114.9410000 106.6140000 161.9540000
 114.9800000 106.4170000 163.1650000 115.4320000 107.7170000 161.3860000
 115.2280000 107.8530000 160.5620000 116.0600000 108.8480000 162.0880000
 116.3970000 108.5370000 162.9430000 117.2800000 109.3830000 161.3000000
 118.0080000 108.7640000 161.4670000 117.0820000 109.4600000 159.7790000
 116.3080000 110.0100000 159.5810000 116.9550000 108.5710000 159.4120000
 117.8660000 109.8480000 159.3590000 117.7350000 110.7750000 161.7580000
 117.0820000 111.4520000 161.5230000 118.5750000 111.0070000 161.3310000
 117.8700000 110.7750000 162.7190000 115.0280000 109.9400000 162.3750000
 114.2410000 110.3010000 161.5040000 115.1260000 110.5760000 163.5420000
 115.7720000 110.3430000 164.0590000 114.4030000 111.8100000 163.9050000
 113.8210000 112.0680000 163.1730000 113.5070000 111.5680000 165.1380000
 112.8070000 110.9410000 164.8980000 114.2410000 111.0060000 166.3550000
 113.6260000 110.9370000 167.1020000 114.9740000 111.5900000 166.6050000
 114.5880000 110.1210000 166.1610000 112.9040000 112.7700000 165.5620000
 112.4200000 112.6180000 166.2320000 115.3860000 112.9680000 164.1130000
 116.5360000 112.7380000 164.4770000 114.9080000 114.2150000 164.0270000
 114.0810000 114.3150000 163.8130000 115.6560000 115.4260000 164.4000000
 116.3590000 115.5690000 163.7470000 114.6620000 116.6070000 164.3310000
 113.9190000 116.4090000 164.9230000 114.3080000 116.6700000 163.4300000
 115.2390000 117.9790000 164.7320000 115.6890000 117.9120000 165.5880000
 116.2080000 118.5160000 163.6840000 115.7340000 118.6830000 162.8540000
 116.5860000 119.3560000 163.9890000 116.9260000 117.8850000 163.5200000
 114.1160000 119.0030000 164.8660000 114.4790000 119.8480000 165.1750000
 113.6860000 119.1370000 164.0070000 113.4650000 118.6940000 165.5150000
 116.3180000 115.3170000 165.7950000 117.4710000 115.7070000 165.9650000
 115.6450000 114.6560000 166.7430000 114.8630000 114.3650000 166.5360000
 116.1100000 114.4080000 168.1160000 116.4260000 115.2440000 168.4930000
 114.8680000 113.9630000 168.9110000 114.2180000 114.6820000 168.8800000
 114.4740000 113.1900000 168.4770000 115.1180000 113.6120000 170.3840000
 115.6530000 112.8050000 170.4450000 115.6090000 114.3350000 170.8050000
 113.8150000 113.3730000 171.1410000 112.8800000 112.7430000 170.6730000
 113.7030000 113.8160000 172.3690000 114.3510000 114.2590000 172.7210000
 112.9520000 113.6800000 172.7660000 117.2740000 113.3920000 168.2350000
 117.9810000 113.3890000 169.2370000 117.4770000 112.5280000 167.2340000
 116.9900000 112.6150000 166.5300000 118.5670000 111.5330000 167.1610000
 118.8240000 111.2630000 168.0560000 118.0130000 110.2830000 166.4390000
 117.4290000 110.5630000 165.7170000 117.4650000 109.7850000 167.0650000
 119.0700000 109.3430000 165.8440000 119.4640000 108.3900000 166.5520000
 119.0750000 109.2540000 164.5950000 119.8440000 112.1020000 166.5020000
 120.9370000 111.5740000 166.7070000 119.7330000 113.2420000 165.8050000
 118.9420000 113.5600000 165.6930000 120.8560000 113.9050000 165.1180000
 121.6490000 113.3580000 165.2300000 120.5940000 113.9840000 163.5980000
 121.3510000 114.4380000 163.1970000 120.5670000 112.5740000 162.9840000
 121.3880000 112.1060000 163.2010000 119.8220000 112.0690000 163.3450000
 120.4860000 112.6250000 162.0190000 119.3290000 114.8060000 163.2690000
 118.5400000 114.3110000 163.5410000 119.3480000 115.6400000 163.7640000
 119.1950000 115.1640000 161.7890000 118.4460000 115.7720000 161.6830000
 119.0300000 114.3630000 161.2680000 120.0020000 115.5990000 161.4740000
 121.2420000 115.2740000 165.7010000 122.3780000 115.6950000 165.5050000
 120.3590000 115.9900000 166.4030000 119.5660000 115.6770000 166.5160000
 120.7000000 117.2690000 167.0450000 121.3100000 117.7610000 166.4730000
 119.4500000 118.1260000 167.2270000 119.6740000 118.9110000 167.7510000
 118.7630000 117.6130000 167.6800000 118.8720000 118.6620000 165.6060000
 118.2260000 117.6740000 165.3890000 121.3900000 117.0780000 168.3960000
 120.8670000 116.3740000 169.2610000 122.3830000 117.9230000 168.6950000
 122.6500000 118.4870000 168.1030000 123.0250000 117.8860000 170.0090000
 123.1470000 116.9440000 170.2040000 124.4520000 118.4810000 169.9780000
 124.8660000 118.2570000 169.1300000 124.9570000 118.0240000 170.6690000
 124.6110000 119.9900000 170.2280000 124.2050000 120.2280000 171.0760000
 126.0980000 120.3470000 170.2880000 126.2000000 121.2970000 170.4540000
 126.5280000 120.1240000 169.4470000 126.5260000 119.8570000 171.0070000
 123.9930000 120.8290000 169.1200000 124.1120000 121.7700000 169.3220000
 123.0420000 120.6480000 169.0520000 124.4130000 120.6220000 168.2700000
 122.1120000 118.4410000 171.1180000 121.4620000 119.4810000 170.9640000
 122.1980000 117.8220000 172.2950000 122.6410000 117.0850000 172.3210000
 121.5670000 118.2630000 173.5360000 121.1860000 119.1460000 173.4110000
 120.3980000 117.3190000 173.8440000 119.9800000 117.5810000 174.6790000
 120.7130000 116.4040000 173.9120000 119.7400000 117.3700000 173.1330000
 122.6390000 118.3080000 174.6520000 123.0740000 117.2490000 175.1180000
 123.1840000 119.4970000 174.9950000 122.7240000 120.8060000 174.5450000
 122.8660000 120.8900000 173.5890000 121.7870000 120.9440000 174.7560000
 123.5800000 121.8330000 175.2820000 123.1850000 122.0370000 176.1440000
 123.6970000 122.6430000 174.7620000 124.8980000 121.0880000 175.4790000
 125.4210000 121.1450000 174.6640000 125.4060000 121.4450000 176.2240000
 124.4670000 119.6340000 175.7070000 125.1200000 119.0540000 175.2850000
 124.4460000 119.2640000 177.2050000 125.4830000 119.3160000 177.8620000
 123.2910000 118.8520000 177.7330000 122.6090000 118.8400000 177.2090000
 123.0800000 118.3470000 179.0970000 123.9400000 118.0520000 179.4350000
 122.5940000 119.4670000 180.0460000 122.4520000 119.0590000 180.9140000
 123.3050000 120.1190000 180.1470000 121.2930000 120.1980000 179.6670000
 120.6180000 119.5310000 179.4680000 120.7790000 121.0460000 180.8330000
 120.6570000 120.4910000 181.6190000 119.9260000 121.4430000 180.5960000
 121.4130000 121.7500000 181.0410000 121.4670000 121.1280000 178.4640000
 120.8590000 121.8820000 178.5210000 122.3710000 121.4790000 178.4390000
 121.2750000 120.6470000 177.6440000 122.2090000 117.0720000 179.0900000
 121.3600000 116.8530000 179.9550000 122.3380000 116.2780000 178.0260000
 122.9520000 116.4760000 177.4570000 121.7040000 114.9640000 177.8970000
 120.7800000 115.0590000 178.1770000 121.6720000 114.5260000 176.4260000
 121.3310000 113.6200000 176.3650000 121.0650000 115.1080000 175.9420000
 122.9510000 114.5830000 175.8210000 123.0830000 115.3730000 175.5670000
 122.3770000 113.9100000 178.8020000 123.5610000 114.0250000 179.1190000
 121.6320000 112.9010000 179.3030000 122.2070000 111.8180000 180.0880000
 122.6450000 112.1570000 180.8840000 122.8440000 111.3330000 179.5400000
 121.0460000 110.8990000 180.4680000 121.3210000 109.9700000 180.5060000
 120.6660000 111.1820000 181.3140000 120.0420000 111.1450000 179.3450000
 119.1380000 110.9120000 179.6080000 120.3010000 110.6350000 178.5610000
 120.2130000 112.6400000 179.0530000 120.0240000 112.7800000 178.1120000
 119.2320000 113.5030000 179.8830000 118.0230000 113.3130000 179.7700000
 119.7150000 114.3920000 180.7620000 120.5590000 114.5550000 180.7660000
 118.8700000 115.1620000 181.6910000 118.2740000 114.5420000 182.1410000
 119.7580000 115.8010000 182.7720000 120.5440000 116.1910000 182.3590000
 120.0700000 115.1060000 183.3720000 119.0650000 116.8790000 183.5810000
 118.1920000 116.5420000 184.6320000 118.0560000 115.6480000 184.8500000
 117.5030000 117.5560000 185.3260000 116.9180000 117.3360000 186.0140000
 117.6960000 118.9100000 184.9700000 117.0110000 119.8860000 185.6200000
 117.3370000 120.6430000 185.4570000 118.5760000 119.2460000 183.9220000
 118.6930000 120.1370000 183.6820000 119.2510000 118.2270000 183.2270000
 119.8230000 118.4380000 182.5250000 117.9510000 116.1930000 181.0000000
 116.7550000 116.2100000 181.2870000 118.4350000 116.8760000 179.9570000
 119.2780000 116.8160000 179.7990000 117.5950000 117.4300000 178.8890000
 116.6710000 117.1810000 179.0500000 117.6660000 118.9670000 178.8660000
 117.5250000 119.3010000 179.7660000 118.5410000 119.2520000 178.5590000
 116.6470000 119.6010000 177.9280000 116.3790000 119.1250000 176.8360000
 116.0380000 120.6880000 178.3310000 116.3140000 121.1000000 179.0340000
 115.5070000 121.0590000 177.7650000 118.0200000 116.8050000 177.5560000
 119.2010000 116.8200000 177.2110000 117.0560000 116.2570000 176.8170000
 116.2410000 116.3680000 177.0700000 117.2910000 115.5640000 175.5400000
 118.1500000 115.8510000 175.1920000 117.3700000 114.0310000 175.7160000
 116.4770000 113.6650000 175.8150000 118.0890000 113.3300000 174.5620000
 118.1520000 112.3810000 174.7510000 118.9820000 113.6930000 174.4560000
 117.6010000 113.4430000 173.7310000 118.1180000 113.6910000 176.8590000
 117.6170000 113.7360000 177.5320000 116.2540000 115.9820000 174.4930000
 115.6720000 115.1330000 173.8270000 115.8500000 117.2570000 174.4940000
 116.1590000 117.7920000 175.0920000 114.9200000 117.7960000 173.4980000
 114.2080000 117.1520000 173.3620000 114.2710000 119.0940000 174.0270000
 114.9500000 119.7050000 174.3540000 113.8020000 119.5220000 173.2940000
 113.2700000 118.8560000 175.1530000 113.3530000 117.9330000 175.9450000
 112.1790000 119.5880000 175.1570000 112.0590000 120.2000000 174.5640000
 111.6050000 119.3990000 175.7680000 115.6370000 117.9210000 172.1370000
 115.8020000 116.9290000 171.4370000 116.1560000 119.1040000 171.8090000
 115.9700000 119.7800000 172.3070000 117.1860000 119.3430000 170.7890000
 117.9600000 118.7910000 170.9820000 116.6820000 119.0000000 169.3720000
 116.6350000 118.0370000 169.2680000 117.3110000 119.3410000 168.7170000
 115.0500000 119.7130000 169.0270000 114.9510000 119.2880000 167.9090000
 117.6190000 120.8160000 170.8600000 116.8520000 121.6730000 171.3090000
 118.8390000 121.1330000 170.4210000 119.3630000 120.5150000 170.1320000
 119.2260000 122.5350000 170.2110000 118.9730000 123.0500000 170.9930000
 120.7450000 122.6970000 170.0380000 121.0410000 122.2250000 169.2440000
 121.1550000 124.1680000 169.9360000 122.1210000 124.2270000 169.8740000
 120.8580000 124.6490000 170.7240000 120.7670000 124.5730000 169.1450000
 121.4140000 122.1780000 171.1650000 121.4070000 121.3410000 171.0950000
 118.4790000 123.0940000 168.9960000 118.7330000 122.6700000 167.8730000
 117.6540000 124.1250000 169.2020000 117.4990000 124.3630000 170.0140000
 117.0770000 124.9530000 168.1310000 117.5580000 124.7850000 167.3050000
 115.5830000 124.6420000 167.8630000 115.0840000 124.7950000 168.6810000
 115.0390000 125.5960000 166.7770000 115.1170000 126.5240000 167.0490000
 115.5200000 125.4650000 165.9450000 114.0960000 125.4310000 166.6180000
 115.3860000 123.1680000 167.4450000 115.8650000 123.0060000 166.6170000
 115.7670000 122.5910000 168.1250000 113.9210000 122.7450000 167.2720000
 113.8820000 121.7970000 167.0700000 113.4990000 123.2260000 166.5430000
 113.4300000 122.9120000 168.0920000 117.2870000 126.4170000 168.5080000
 116.7850000 126.8830000 169.5370000 118.0710000 127.1370000 167.7090000
 118.3430000 126.7740000 166.9790000 118.3130000 128.5640000 167.9050000
 118.1860000 128.7920000 168.8390000 119.7700000 128.9130000 167.5370000
 119.8800000 128.8160000 166.5780000 119.9210000 129.8460000 167.7540000
 120.8470000 128.0570000 168.2330000 120.7500000 127.1300000 167.9630000
 122.2330000 128.5330000 167.7990000 122.9130000 127.9730000 168.2060000
 122.3680000 129.4550000 168.0690000 122.3100000 128.4690000 166.8340000
 120.7750000 128.1340000 169.7610000 121.4880000 127.6030000 170.1480000
 119.9310000 127.7730000 170.0740000 120.8670000 129.0540000 170.0550000
 117.2920000 129.3600000 167.0880000 117.4420000 129.4800000 165.8760000
 116.2480000 129.8760000 167.7410000 116.1520000 129.7010000 168.5780000
 115.2720000 130.8050000 167.1520000 115.7410000 131.3940000 166.5400000
 114.2220000 130.0490000 166.3330000 114.6770000 129.4780000 165.6950000
 113.6820000 130.6880000 165.8420000 113.3650000 129.2620000 167.1330000
 113.1280000 128.6140000 166.6540000 114.5970000 131.6640000 168.2280000
 114.5570000 131.2900000 169.4020000 114.0260000 132.8100000 167.8360000
 114.1280000 133.0530000 167.0170000 113.3840000 133.7630000 168.7680000
 114.0330000 133.9820000 169.4550000 113.0430000 135.0690000 168.0170000
 113.8230000 135.3350000 167.5060000 111.8660000 134.9230000 167.0480000
 111.7700000 135.7370000 166.5300000 111.0420000 134.7940000 167.5440000
 112.0110000 134.1810000 166.4410000 112.7030000 136.2180000 168.9680000
 112.4970000 137.0140000 168.4530000 113.4660000 136.4020000 169.5380000
 111.9340000 135.9970000 169.5170000 112.1600000 133.1800000 169.4990000
 111.9070000 133.5240000 170.6520000 111.4980000 132.1690000 168.9210000
 111.7680000 131.8920000 168.1530000 110.3800000 131.4600000 169.5590000
 109.7430000 132.1150000 169.8850000 109.6580000 130.5540000 168.5390000
 110.3290000 130.0560000 168.0460000 109.1360000 129.9120000 169.0450000
 108.6680000 131.1900000 167.5460000 108.3120000 130.4750000 166.9950000
 107.4980000 131.8600000 168.2660000 106.8340000 132.1330000 167.6140000
 107.7950000 132.6420000 168.7570000 107.0860000 131.2320000 168.8800000
 109.3180000 132.2120000 166.6210000 108.6570000 132.5320000 165.9880000
 110.0560000 131.8030000 166.1420000 109.6250000 132.9710000 167.1410000
 110.8200000 130.6290000 170.7810000 109.9840000 130.3570000 171.6430000
 112.1200000 130.3510000 170.9640000 112.6890000 130.6150000 170.3750000
 112.6110000 129.6740000 172.1700000 111.9600000 128.9810000 172.3650000
 113.9690000 128.9710000 171.9070000 114.2510000 129.1060000 170.9890000
 114.6510000 129.3390000 172.4910000 113.9000000 127.4690000 172.1410000
 113.1930000 126.9950000 173.0140000 114.7130000 126.6730000 171.4830000
 115.2490000 126.9740000 170.8810000 114.6040000 125.8270000 171.5900000
 112.6170000 130.5780000 173.4270000 112.4900000 130.0410000 174.5260000
 112.4660000 131.9080000 173.2980000 112.5210000 132.2670000 172.5180000
 112.0930000 132.7910000 174.4220000 112.6850000 132.6190000 175.1710000
 112.2430000 134.2590000 173.9930000 111.6260000 134.4230000 173.2630000
 111.9580000 134.8220000 174.7300000 113.6340000 134.7190000 173.5760000
 114.7760000 134.3530000 174.3210000 114.7050000 133.7770000 175.0480000
 116.0380000 134.8790000 173.9850000 116.7890000 134.6420000 174.4800000
 116.1710000 135.7570000 172.8900000 117.4010000 136.2030000 172.5240000
 117.9730000 135.6080000 172.6810000 115.0320000 136.1320000 172.1500000
 115.1280000 136.7290000 171.4430000 113.7680000 135.6150000 172.4960000
 113.0130000 135.8760000 172.0210000 110.6510000 132.5650000 174.9240000
 110.3520000 132.7960000 176.0980000 109.7880000 132.0290000 174.0560000
 110.0770000 131.8770000 173.2600000 108.4320000 131.5430000 174.3470000
 108.1570000 131.8900000 175.2100000 107.4590000 132.0950000 173.2890000
 107.6400000 131.6750000 172.4340000 106.5520000 131.8600000 173.5400000
 107.5490000 133.6020000 173.1290000 108.4270000 134.1640000 172.1810000
 108.9290000 133.6120000 171.6250000 108.5690000 135.5590000 172.0840000
 109.1490000 135.9250000 171.4560000 107.8340000 136.3980000 172.9390000
 107.9190000 137.3220000 172.8720000 106.9560000 135.8390000 173.8850000
 106.4590000 136.3900000 174.4450000 106.8080000 134.4450000 173.9770000
 106.2190000 134.0840000 174.6000000 108.3870000 130.0040000 174.4550000
 107.3250000 129.3890000 174.3700000 109.5640000 129.3700000 174.5420000
 110.2680000 129.8620000 174.5830000 109.7780000 127.9240000 174.6650000
 110.7240000 127.7760000 174.5070000 109.4940000 127.4780000 176.1180000
 109.6840000 126.5300000 176.2010000 108.5470000 127.5900000 176.2950000
 110.2890000 128.2860000 177.1780000 110.8350000 128.9610000 176.7450000
 109.6580000 128.7480000 177.7520000 111.2400000 127.4780000 178.0600000
 111.4900000 127.8110000 179.2050000 111.9140000 126.4770000 177.5380000
 111.8270000 126.2900000 176.7030000 112.5680000 126.1760000 178.0090000
 109.0590000 127.0930000 173.5780000 108.6280000 125.9720000 173.8430000
 108.8770000 127.6660000 172.3780000 109.1850000 128.4620000 172.2690000
 108.1120000 127.0970000 171.2570000 108.0070000 127.8120000 170.6100000
 108.9340000 125.9940000 170.5530000 108.4000000 125.5650000 169.8660000
 109.1840000 125.3110000 171.1950000 110.1770000 126.5500000 169.8840000
 110.1670000 127.6160000 169.2860000 111.3150000 125.9250000 170.0440000
 111.3020000 125.1270000 170.3640000 111.9650000 126.2100000 169.5580000
 106.6580000 126.7070000 171.6040000 106.0700000 125.8370000 170.9650000
 106.0350000 127.3790000 172.5790000 106.4680000 127.9850000 173.0080000
 104.6570000 127.0950000 172.9870000 104.3780000 126.2580000 172.5840000
 104.5930000 126.9060000 174.5080000 105.4840000 126.7980000 174.8760000
 104.1760000 127.6780000 174.9220000 103.8200000 125.7610000 174.8050000
 103.8050000 125.6840000 175.6410000 103.6780000 128.1770000 172.5170000
 103.6960000 129.2960000 173.0280000 102.6640000 127.7750000 171.7430000
 102.7100000 126.9840000 171.4090000 101.5190000 128.6210000 171.3510000
 101.8120000 129.3280000 170.7550000 100.5020000 127.7400000 170.6020000
 100.4830000 126.8450000 170.9760000  99.6180000 128.1190000 170.7300000
 100.7110000 127.6620000 169.1110000 100.1370000 128.5590000 168.2200000
  99.5920000 129.3810000 168.4380000 100.4990000 128.1560000 166.9940000
 100.2380000 128.5590000 166.1980000 101.2480000 127.0480000 167.0730000
 101.4790000 126.6030000 166.3740000 101.4010000 126.7150000 168.4050000
 101.8610000 125.9830000 168.7480000 100.8350000 129.2930000 172.5590000
 100.6130000 130.5010000 172.5660000 100.6650000 128.5520000 173.6600000
 100.9160000 127.7300000 173.6400000 100.0700000 129.0480000 174.9110000
  99.2980000 129.5910000 174.6870000  99.5750000 127.8620000 175.7490000
  99.2060000 128.1820000 176.5870000  98.8670000 127.4080000 175.2660000
 100.6150000 126.9350000 176.0100000 100.3150000 126.3000000 176.4700000
 100.9840000 129.9430000 175.7620000 100.5030000 130.4990000 176.7440000
 102.2820000 130.0310000 175.4520000 102.5500000 129.6310000 174.7400000
 103.2370000 130.9810000 176.0680000 102.8800000 131.2980000 176.9120000
 104.5760000 130.2730000 176.3730000 104.9060000 129.8730000 175.5530000
 105.6680000 131.1990000 176.9220000 106.4630000 130.6840000 177.1320000
 105.3520000 131.6410000 177.7260000 105.9030000 131.8700000 176.2620000
 104.3760000 129.1660000 177.4200000 105.2120000 128.6940000 177.5590000
 103.7070000 128.5280000 177.1270000 104.0930000 129.5600000 178.2600000
 103.4300000 132.2240000 175.1860000 103.7770000 133.2890000 175.6870000
 103.1230000 132.1180000 173.8870000 102.9370000 131.3370000 173.5790000
 103.1090000 133.2370000 172.9410000 103.8260000 133.8410000 173.1880000
 103.4170000 132.6710000 171.5400000 102.7040000 132.0610000 171.2930000
 104.2420000 132.1620000 171.5800000 103.5520000 133.7280000 170.4280000
 102.7280000 134.2360000 170.3660000 104.7250000 134.6870000 170.6540000
 104.7910000 135.3030000 169.9080000 104.5750000 135.2080000 171.4590000
 105.5530000 134.1900000 170.7410000 103.7830000 133.0270000 169.0910000
 103.7530000 133.6790000 168.3740000 103.0770000 132.3790000 168.9380000
 104.6380000 132.5680000 169.0920000 101.8010000 134.0660000 172.9790000
 101.8530000 135.2670000 172.7410000 100.6480000 133.4490000 173.2890000
 100.6670000 132.5900000 173.3260000  99.3150000 134.0990000 173.2840000
  99.4400000 135.0190000 173.0020000  98.4200000 133.4350000 172.2130000
  97.8500000 132.7750000 172.6370000  98.9790000 132.9610000 171.5770000
  97.5540000 134.4420000 171.4260000  97.6130000 134.4240000 170.1790000
  96.8500000 135.2710000 172.0430000  98.6180000 134.1710000 174.6720000
  97.4760000 134.6350000 174.7840000  99.2940000 133.7980000 175.7700000
 100.1210000 133.5890000 175.6590000  98.8950000 134.3600000 177.0750000
  97.9260000 134.3650000 177.1080000  99.3400000 133.5000000 178.2750000
  98.8500000 133.7990000 179.0570000  99.0850000 132.5780000 178.1130000
 100.8010000 133.5440000 178.6340000 101.5380000 134.7080000 178.8430000
 101.2390000 135.6680000 178.7440000 102.7710000 134.2970000 179.1640000
 103.4940000 134.8610000 179.3170000 102.8120000 132.9630000 179.2800000
 103.4860000 132.5210000 179.5820000 101.5710000 132.4680000 178.9610000
 101.3110000 131.5750000 178.9580000  99.3320000 135.8330000 177.1630000
 100.1220000 136.3070000 176.3530000  98.6370000 136.6100000 177.9970000
  98.0740000 136.2370000 178.5300000  98.8180000 138.0650000 178.1220000
  99.7680000 138.2540000 178.0690000  98.1540000 138.8010000 176.9420000
  98.6560000 138.5800000 176.1420000  98.2400000 139.7580000 177.0710000
  96.6710000 138.4590000 176.7090000  96.1460000 138.8120000 177.4450000
  96.5410000 137.4980000 176.6810000  96.1360000 139.0620000 175.3990000
  95.1790000 138.9110000 175.3490000  96.2800000 140.0210000 175.4100000
  96.7900000 138.4950000 174.1270000  96.4520000 138.9800000 173.3580000
  97.7490000 138.6410000 174.1510000  96.5040000 137.0540000 173.9460000
  96.7240000 136.7460000 173.1410000  96.9890000 136.5200000 174.4680000
  95.6460000 136.8360000 174.0360000  98.3340000 138.5360000 179.4900000
  97.3820000 137.9810000 180.0380000  99.0800000 139.4480000 180.1160000
  99.7350000 139.7870000 179.6740000  99.0590000 139.6980000 181.5740000
  98.6370000 138.9330000 181.9950000 100.5370000 139.7530000 182.0220000
 101.0000000 139.0060000 181.6120000 100.9290000 140.5660000 181.6670000
 100.8600000 139.7120000 183.5180000 101.8180000 139.5860000 183.6020000
 100.6380000 140.5650000 183.9230000 100.1490000 138.5950000 184.2790000
 100.3050000 137.7450000 183.8370000  99.1980000 138.7810000 184.3140000
 100.7240000 138.5600000 185.6950000 101.6750000 138.3790000 185.6350000
 100.6150000 139.4350000 186.0980000 100.0730000 137.5210000 186.5220000
 100.4200000 137.5340000 187.3420000 100.2240000 136.7210000 186.1630000
  99.1960000 137.6700000 186.5610000  98.2040000 140.9120000 181.9880000
  98.4310000 141.4870000 183.0490000  97.3340000 141.3790000 181.0910000
  97.2120000 140.9040000 180.3850000  96.5490000 142.6070000 181.2290000
  96.3480000 142.9330000 180.3380000  97.0710000 143.2810000 181.6920000
  95.2240000 142.4910000 181.9750000  94.9960000 141.5920000 182.7810000
  94.3690000 143.4520000 181.6500000  94.5820000 143.9770000 181.0030000
  93.0110000 143.6830000 182.1370000  92.5830000 142.8400000 182.3520000
  93.1350000 144.5310000 183.4090000  93.4620000 145.4110000 183.1650000
  93.7900000 144.1090000 183.9860000  91.8660000 144.6940000 184.2480000
  90.8190000 144.1060000 183.8850000  92.0360000 145.2540000 185.3590000
  92.2360000 144.4000000 181.0090000  92.7840000 144.5400000 179.9150000
  90.9680000 144.7690000 181.1830000  90.6050000 144.6130000 181.9470000
  90.1790000 145.2990000 180.0560000  90.2120000 144.5990000 179.3850000
  88.6920000 145.4610000 180.4260000  88.5780000 146.2290000 181.0070000
  88.4030000 144.6760000 180.9160000  87.7880000 145.6080000 179.1840000
  88.2760000 145.3990000 178.0470000  86.5830000 145.8920000 179.3700000
  90.7790000 146.5800000 179.3990000  91.3620000 147.4320000 180.0690000
  90.6660000 146.7000000 178.0670000  90.1030000 146.1520000 177.7170000
  91.1290000 147.8190000 177.2160000  91.1130000 147.4670000 176.3120000
  90.0940000 148.9680000 177.1940000  89.2820000 148.6260000 176.7890000
  90.4120000 149.6720000 176.6070000  89.7180000 149.5870000 178.5300000
  88.6050000 149.0960000 179.2390000  88.1160000 148.3830000 178.8960000
  88.2650000 149.6350000 180.4910000  87.5620000 149.2630000 180.9720000
  89.0200000 150.6900000 181.0300000  88.8130000 151.0270000 181.8720000
  90.1160000 151.2030000 180.3150000  90.6290000 151.8860000 180.6830000
  90.4700000 150.6480000 179.0690000  91.2190000 150.9590000 178.6140000
  92.6040000 148.2850000 177.3640000  92.9890000 149.2510000 176.7010000
  93.4830000 147.4810000 177.9780000  93.1690000 146.8080000 178.4110000
  94.9510000 147.6390000 177.9750000  95.2180000 148.1090000 177.1700000
  95.3860000 148.4700000 179.1980000  96.3510000 148.4300000 179.2870000
  95.0140000 148.0670000 179.9980000  95.0220000 149.9410000 179.1540000
  95.7360000 150.8160000 178.3110000  96.3990000 150.4850000 177.7490000
  95.4470000 152.1920000 178.3110000  95.9170000 152.7640000 177.7480000
  94.4510000 152.6990000 179.1650000  94.2620000 153.6100000 179.1680000
  93.7390000 151.8270000 180.0070000  93.0800000 152.1580000 180.5730000
  94.0140000 150.4480000 179.9940000  93.5310000 149.8680000 180.5370000
  95.6750000 146.2750000 177.9820000  95.0520000 145.2320000 178.1540000
  97.0170000 146.2670000 177.9570000  97.4400000 147.0100000 177.8620000
  97.8030000 145.0940000 178.3810000  97.2180000 144.5320000 178.9120000
  98.3050000 144.2240000 177.2040000  99.1050000 144.6210000 176.8250000
  98.6460000 142.8350000 177.7570000  97.8550000 142.4200000 178.1350000
  99.3360000 142.9110000 178.4340000  98.9780000 142.2730000 177.0400000
  97.2870000 144.0220000 176.0750000  97.6650000 143.4370000 175.4000000
  97.0850000 144.8720000 175.6540000  96.4710000 143.6300000 176.4230000
  98.9590000 145.5300000 179.2850000  99.7800000 146.3500000 178.8850000
  99.0060000 145.0300000 180.5250000  98.3600000 144.5320000 180.7980000
 100.0300000 145.4200000 181.5060000 100.1330000 146.3840000 181.4850000
  99.5700000 144.9910000 182.9090000 100.2490000 145.2920000 183.5330000
  99.5740000 144.0210000 182.9280000  98.2220000 145.4900000 183.4320000
  97.7950000 146.8160000 183.2030000  98.3120000 147.3950000 182.6920000
  96.5920000 147.2820000 183.7660000  96.3160000 148.1600000 183.6310000
  95.7930000 146.4340000 184.5670000  94.6620000 146.9380000 185.1500000
  94.0210000 146.3990000 185.2090000  96.2180000 145.1070000 184.7960000
  95.7060000 144.5450000 185.3310000  97.4220000 144.6400000 184.2240000
  97.6900000 143.7620000 184.3740000 101.4170000 144.8140000 181.2070000
 102.4350000 145.4600000 181.4410000 101.4530000 143.5850000 180.6790000
 100.7020000 143.1910000 180.5350000 102.6280000 142.9410000 180.0860000
 103.1410000 143.6150000 179.6130000 103.5260000 142.3370000 181.1770000
 103.9270000 143.0500000 181.6980000 103.0180000 141.7570000 181.7660000
 104.2410000 141.8250000 180.7670000 102.1870000 141.8820000 179.0570000
 101.1450000 141.2420000 179.2210000 102.9530000 141.7330000 177.9830000
 103.6690000 142.2060000 177.9260000 102.5680000 140.9950000 176.7730000
 101.9600000 140.2770000 177.0100000 101.8240000 141.9830000 175.8460000
 101.2870000 142.5790000 176.3910000 102.4800000 142.5370000 175.3940000
 100.8860000 141.3310000 174.8140000 100.9120000 140.0860000 174.6960000
 100.0110000 142.0530000 174.2890000 103.8090000 140.3580000 176.1090000
 104.9320000 140.4820000 176.6180000 103.6450000 139.6720000 174.9740000
 102.8440000 139.5790000 174.6760000 104.7490000 138.9830000 174.2930000
 105.1160000 138.3540000 174.9330000 104.2140000 138.1660000 173.1020000
 104.8460000 137.4540000 172.9160000 103.3840000 137.7330000 173.3560000
 104.0070000 138.9290000 171.8060000 105.0710000 139.0630000 170.8890000
 105.8980000 138.6850000 171.0820000 104.8840000 139.7660000 169.6830000
 105.5860000 139.8610000 169.0810000 103.6210000 140.3140000 169.3780000
 103.4390000 140.9950000 168.2140000 104.0920000 140.8830000 167.6980000
 102.5520000 140.1610000 170.2880000 101.7180000 140.5190000 170.0860000
 102.7490000 139.4800000 171.5050000 102.0470000 139.3870000 172.1080000
 105.8910000 139.9400000 173.8900000 107.0650000 139.5910000 174.0520000
 105.5720000 141.2090000 173.5970000 104.7380000 141.4030000 173.5180000
 106.5390000 142.2920000 173.3590000 107.1270000 142.0210000 172.6370000
 105.8240000 143.6020000 172.9570000 106.4160000 144.1370000 172.4060000
 105.6340000 144.1210000 173.7540000 104.5090000 143.4290000 172.2510000
 103.3270000 143.0880000 172.8960000 102.3920000 142.9980000 171.9420000
 101.5080000 142.7540000 172.0990000 102.9350000 143.2590000 170.7380000
 102.5250000 143.1740000 169.9870000 104.2780000 143.5220000 170.9130000
 104.9150000 143.7050000 170.2600000 107.4000000 142.5700000 174.5940000
 108.6220000 142.6520000 174.4870000 106.7740000 142.6200000 175.7740000
 105.9240000 142.4890000 175.7830000 107.4330000 142.8440000 177.0700000
 107.9540000 143.6610000 177.0270000 106.3950000 142.9600000 178.2040000
 106.1120000 142.0700000 178.4650000 106.9620000 143.6590000 179.4360000
 106.2760000 143.7240000 180.1190000 107.2700000 144.5490000 179.2040000
 107.7060000 143.1480000 179.7920000 105.2340000 143.6590000 177.8080000
 105.3900000 144.4840000 177.8150000 108.3760000 141.6890000 177.4100000
 109.5490000 141.9110000 177.7110000 107.9170000 140.4470000 177.1960000
 107.0990000 140.3610000 176.9470000 108.7170000 139.2430000 177.4500000
 109.0450000 139.2940000 178.3610000 107.8180000 138.0010000 177.3260000
 107.5580000 137.8770000 176.4000000 107.0090000 138.1470000 177.8400000
 108.4720000 136.7410000 177.8450000 108.9370000 136.5560000 179.1350000
 108.8740000 137.1310000 179.7710000 109.4310000 135.3010000 179.2180000
 109.7890000 134.9040000 179.9790000 109.2980000 134.6930000 178.0210000
 109.5470000 133.8920000 177.8320000 108.6950000 135.5820000 177.1480000
 108.4740000 135.4160000 176.2600000 109.9520000 139.1630000 176.5370000
 111.0510000 138.8940000 177.0240000 109.8060000 139.5410000 175.2610000
 109.0130000 139.7330000 174.9880000 110.9130000 139.7000000 174.3090000
 111.4150000 138.8710000 174.2690000 110.3330000 139.9470000 172.9050000
 109.6630000 140.6460000 172.9580000 109.8770000 139.1410000 172.6160000
 111.3370000 140.3450000 171.8350000 111.6020000 141.7080000 171.6010000
 111.1780000 142.3540000 172.1180000 112.4900000 142.1000000 170.5840000
 112.6580000 143.0020000 170.4330000 113.1110000 141.1270000 169.7830000
 113.6840000 141.3840000 169.0970000 112.8580000 139.7640000 170.0180000
 113.2750000 139.1230000 169.4890000 111.9760000 139.3710000 171.0430000
 111.8060000 138.4680000 171.1870000 111.9050000 140.7990000 174.7370000
 113.0830000 140.5010000 174.9140000 111.4210000 142.0000000 175.0820000
 110.5760000 142.1350000 174.9960000 112.2510000 143.1400000 175.5130000
 112.8560000 143.3790000 174.7930000 111.3370000 144.3400000 175.8430000
 110.4240000 144.0360000 175.9670000 111.6190000 144.7220000 176.6890000
 111.3630000 145.4840000 174.8200000 112.2410000 145.8960000 174.8320000
 111.0600000 145.0350000 173.3930000 111.7970000 144.5060000 173.0510000
 110.9570000 145.8150000 172.8260000 110.2400000 144.5170000 173.3760000
 110.3260000 146.5330000 175.2190000 110.4830000 146.8150000 176.1340000
 109.4330000 146.1620000 175.1460000 110.4060000 147.3090000 174.6420000
 113.1360000 142.8190000 176.7260000 114.3140000 143.1790000 176.7350000
 112.6120000 142.0880000 177.7110000 111.7700000 141.9140000 177.6900000
 113.4040000 141.6480000 178.8560000 113.8540000 142.4180000 179.2380000
 112.4700000 141.0770000 179.9290000 111.8850000 140.4190000 179.5230000
 111.9070000 141.7880000 180.2740000 113.2160000 140.4300000 181.0770000
 113.8430000 141.2210000 182.0600000 113.7620000 142.1470000 182.0260000
 114.5650000 140.6100000 183.1060000 114.9630000 141.1190000 183.7750000
 114.6510000 139.2040000 183.1680000 115.2670000 138.5950000 184.2160000
 115.1320000 137.7660000 184.1960000 114.0530000 138.4220000 182.1600000
 114.1220000 137.4950000 182.1860000 113.3330000 139.0310000 181.1200000
 112.9290000 138.5090000 180.4650000 114.5030000 140.6500000 178.4540000
 115.6850000 140.8890000 178.7160000 114.1470000 139.5660000 177.7590000
 113.3240000 139.4720000 177.5280000 115.0940000 138.4840000 177.4770000
 115.6080000 138.3300000 178.2850000 114.3400000 137.1810000 177.1930000
 114.9860000 136.4630000 177.0970000 113.7560000 136.9720000 177.9380000
 113.3700000 137.3000000 175.6720000 113.7260000 136.2570000 175.1970000
 116.1330000 138.8130000 176.3890000 117.2640000 138.3600000 176.5300000
 115.8920000 139.7580000 175.4690000 115.0900000 140.0540000 175.3710000
 116.9660000 140.2370000 174.5680000 117.4580000 139.4570000 174.2670000
 116.4480000 140.9250000 173.2910000 117.2180000 141.1230000 172.7360000
 115.5560000 139.9840000 172.4750000 116.0110000 139.1390000 172.3350000
 115.3640000 140.3840000 171.6120000 114.7210000 139.8150000 172.9380000
 115.7280000 142.2540000 173.5460000 116.3380000 142.8960000 173.9410000
 115.3980000 142.6150000 172.7080000 114.9790000 142.1200000 174.1480000
 117.9990000 141.1240000 175.2760000 119.1480000 141.1650000 174.8390000
 117.6570000 141.7420000 176.4210000 116.8440000 141.6660000 176.6900000
 118.6420000 142.3920000 177.3160000 119.3820000 142.7150000 176.7790000
 118.0320000 143.6110000 178.0360000 118.7150000 143.9840000 178.6150000
 117.2910000 143.3300000 178.5960000 117.5410000 144.7030000 177.0650000
 116.6150000 144.5250000 176.8380000 118.0630000 144.6780000 176.2480000
 117.6470000 146.1160000 177.6630000 117.0610000 146.7070000 177.1640000
 117.3240000 146.1030000 178.5780000 119.0290000 146.6410000 177.5810000
 119.3900000 146.6530000 176.8010000 119.7770000 147.1290000 178.5650000
 119.3680000 147.2540000 179.7890000 118.5520000 147.5140000 179.8610000
 119.9280000 147.6700000 180.2920000 121.0030000 147.4870000 178.3640000
 121.2820000 147.6140000 177.5600000 121.3510000 147.9330000 179.0110000
 119.2850000 141.4290000 178.3250000 120.4030000 141.6880000 178.7620000
 118.6380000 140.3060000 178.6490000 117.8410000 140.2120000 178.3410000
 119.1200000 139.3230000 179.6250000 120.0870000 139.3840000 179.6760000
 118.5690000 139.7180000 181.0050000 118.8610000 140.6150000 181.2320000
 118.9000000 139.1030000 181.6780000 117.5990000 139.6900000 180.9970000
 118.7830000 137.8630000 179.2220000 118.0250000 137.1890000 179.9260000
 119.4290000 137.2970000 178.1780000 120.4330000 137.9500000 177.3460000
 121.1660000 138.2990000 177.8770000 120.0190000 138.6630000 176.8360000
 120.9440000 136.8750000 176.3880000 121.6500000 136.3640000 176.8140000
 121.2510000 137.2570000 175.5510000 119.7140000 135.9930000 176.1940000
 119.9560000 135.1060000 175.8840000 119.1160000 136.4120000 175.5550000
 119.0610000 135.9970000 177.5860000 118.0980000 135.9690000 177.4700000
 119.4420000 134.7630000 178.4300000 119.4880000 133.6510000 177.9120000
 119.7900000 134.9520000 179.7050000 119.6660000 135.7420000 180.0220000
 120.2590000 133.9170000 180.6280000 120.2620000 133.0650000 180.1650000
 121.7130000 134.2390000 181.0030000 122.0720000 133.5280000 181.5570000
 122.2530000 134.3140000 180.2010000 121.7500000 135.0730000 181.4980000
 119.3510000 133.7290000 181.8650000 119.7590000 133.0770000 182.8270000
 118.1770000 134.3720000 181.9090000 117.9080000 134.8030000 181.2150000
 117.2730000 134.2840000 183.0620000 117.8250000 134.3550000 183.8560000
 116.3060000 135.4760000 183.1050000 116.2120000 135.7560000 184.0290000
 116.6640000 136.2240000 182.6010000 115.0220000 135.1360000 182.6220000
 114.4620000 135.4590000 183.1580000 116.5280000 132.9420000 183.1490000
 116.2050000 132.3130000 182.1410000 116.1430000 132.5640000 184.3740000
 116.4120000 133.0320000 185.0440000 115.2470000 131.4300000 184.6450000
 115.1020000 130.9450000 183.8180000 115.9120000 130.4440000 185.6260000
 115.2330000 129.8070000 185.8990000 116.2120000 130.9120000 186.4210000
 117.0780000 129.6520000 184.9910000 116.8280000 129.3780000 184.0940000
 118.3950000 130.4310000 184.9460000 119.1220000 129.8370000 184.7010000
 118.3570000 131.1250000 184.2700000 118.5730000 130.8300000 185.8120000
 117.3570000 128.3910000 185.8010000 118.0320000 127.8590000 185.3510000
 116.5530000 127.8540000 185.8770000 117.6900000 128.6410000 186.6770000
 113.8350000 131.8760000 185.0760000 112.9520000 131.0380000 185.2380000
 113.5900000 133.1880000 185.1190000 114.2530000 133.7210000 184.9920000
 112.2720000 133.8150000 185.1170000 111.6960000 133.3070000 184.5250000
 111.6340000 133.7780000 186.5210000 110.7170000 134.0830000 186.4370000
 111.6060000 132.8650000 186.8480000 112.2870000 134.6600000 187.5680000
 113.4850000 134.8640000 187.6180000 111.5030000 135.2140000 188.4680000
 110.6660000 135.0180000 188.5030000 111.9070000 135.6400000 189.0960000
 112.3470000 135.2480000 184.5630000 113.3880000 135.9110000 184.5880000
 111.2280000 135.7180000 184.0320000 110.6090000 135.1470000 183.8580000
 111.0600000 137.0430000 183.4300000 111.7750000 137.2040000 182.7950000
 109.7560000 136.9630000 182.6310000 109.1260000 136.3880000 183.0930000
 109.9620000 136.5450000 181.7800000 109.0420000 138.2810000 182.3910000
 108.4210000 138.6840000 183.4040000 108.6480000 138.4080000 181.2060000
 111.0950000 138.1930000 184.4540000 111.4560000 139.3140000 184.1070000
 110.7460000 137.8940000 185.7130000 110.5510000 137.0660000 185.8410000
 110.7140000 138.7700000 186.9070000 110.2270000 138.2570000 187.5710000
 112.1270000 138.9380000 187.5010000 112.5760000 138.0790000 187.4650000
 113.0260000 139.9730000 186.8250000 113.8550000 140.0510000 187.3230000
 112.5900000 140.8390000 186.7950000 113.2430000 139.6860000 185.9240000
 112.0440000 139.3140000 188.8550000 112.8200000 139.4000000 189.1640000
 109.9210000 140.0950000 186.7940000 109.4900000 140.6530000 187.8050000
 109.4490000 140.4360000 185.5980000 109.6590000 139.9300000 184.9350000
 108.8760000 141.7280000 185.2310000 109.0370000 142.3650000 185.9450000
 109.5800000 142.2630000 183.9740000 109.3490000 141.7140000 183.2080000
 109.2760000 143.1690000 183.8110000 110.9900000 142.2610000 184.1430000
 111.2520000 141.4640000 184.0950000 107.3630000 141.5980000 185.0370000
 106.8560000 141.5940000 183.9190000 106.6360000 141.4130000 186.1480000
 107.0810000 141.3970000 186.8840000 105.1760000 141.1950000 186.2270000
 104.9600000 141.1270000 187.1700000 104.4460000 142.4680000 185.7190000
 104.5760000 143.1790000 186.3660000 104.8650000 142.7600000 184.8940000
 102.9430000 142.3380000 185.4160000 102.8000000 141.5890000 184.8170000
 102.0860000 142.1570000 186.6700000 101.1540000 142.0810000 186.4140000
 102.1920000 142.9250000 187.2530000 102.3540000 141.3560000 187.1470000
 102.4450000 143.5900000 184.7000000 102.9760000 143.7550000 183.9050000
 101.5230000 143.4540000 184.4300000 102.5090000 144.3650000 185.2790000
 104.6560000 139.8660000 185.6220000 103.7020000 139.3120000 186.1750000
 105.2900000 139.2880000 184.5960000 105.9380000 139.7160000 184.2270000
 104.8890000 138.0010000 184.0050000 103.9290000 137.9060000 184.1080000
 105.1630000 138.0340000 182.4880000 106.0460000 138.4070000 182.3360000
 104.5230000 138.6290000 182.0660000 105.1020000 136.6580000 181.7990000
 105.7540000 136.0690000 182.2110000 103.7210000 136.0070000 181.9120000
 103.7800000 135.0890000 181.6040000 103.4230000 135.9750000 182.8350000
 103.0730000 136.4920000 181.3780000 105.4820000 136.7880000 180.3280000
 105.5620000 135.9070000 179.9300000 106.3380000 137.2390000 180.2600000
 104.8150000 137.3060000 179.8510000 105.5100000 136.7840000 184.7220000
 104.7630000 135.9260000 185.1850000 106.8360000 136.7650000 184.9060000
 107.2730000 137.3980000 184.5220000 107.6260000 135.7050000 185.5780000
 108.5350000 136.0420000 185.5960000 107.2370000 135.5160000 187.0660000
 107.7140000 134.7470000 187.4160000 106.2930000 135.3040000 187.1370000
 107.5430000 136.6570000 188.0070000 107.9540000 136.4840000 189.3320000
 108.0590000 135.6160000 189.8370000 108.1180000 137.7140000 189.8370000
 108.4210000 137.8940000 190.6980000 107.8500000 138.6400000 188.9050000
 108.0530000 139.4730000 188.9660000 107.4770000 137.9950000 187.7460000
 107.2530000 138.3930000 186.9360000 107.8050000 134.3480000 184.8590000
 108.5560000 133.5230000 185.3730000 107.4060000 134.1800000 183.5990000
 106.9190000 134.7860000 183.2300000 107.7810000 132.9860000 182.8100000
 107.5920000 132.2090000 183.3590000 106.9380000 132.8870000 181.5250000
 107.4510000 132.4190000 180.8480000 106.7620000 133.7770000 181.1820000
 105.6160000 132.1280000 181.6910000 105.3750000 131.5500000 182.7730000
 104.9440000 131.9730000 180.6500000 109.2870000 132.9190000 182.4540000
 109.9270000 133.9570000 182.2790000 109.8830000 131.7250000 182.2720000
 109.2880000 130.4290000 182.5590000 108.4080000 130.3410000 182.1600000
 109.2310000 130.3130000 183.5200000 110.2380000 129.3910000 181.9690000
 109.9990000 129.2250000 181.0440000 110.2320000 128.5670000 182.4810000
 111.5950000 130.0880000 182.0400000 111.9550000 129.9940000 182.9360000
 112.2160000 129.7190000 181.3930000 111.2570000 131.5630000 181.7780000
 111.8610000 132.1160000 182.2980000 111.4380000 131.9370000 180.2890000
 110.4920000 132.2750000 179.5740000 112.6920000 131.9100000 179.8200000
 113.3280000 131.7740000 180.3830000 113.0630000 132.1510000 178.4150000
 112.3420000 131.8350000 177.8490000 113.1990000 133.6690000 178.2000000
 113.4050000 133.8410000 177.2680000 112.3580000 134.1060000 178.4070000
 114.5310000 134.3600000 179.2320000 113.9780000 134.3340000 180.2970000
 114.3280000 131.3880000 177.9460000 114.7540000 131.5640000 176.8070000
 114.9020000 130.5070000 178.7800000 114.5250000 130.3880000 179.5440000
 116.2100000 129.8450000 178.5870000 116.8100000 130.5180000 178.2290000
 116.7300000 129.4140000 179.9800000 116.4600000 130.0750000 180.6370000
 116.2960000 128.5800000 180.2190000 118.2590000 129.2370000 180.0970000
 118.5950000 128.6770000 179.3800000 118.9980000 130.5740000 180.0550000
 119.9470000 130.4320000 180.1950000 118.8730000 131.0000000 179.1920000
 118.6530000 131.1570000 180.7490000 118.6080000 128.5620000 181.4230000
 118.1470000 127.7110000 181.4890000 118.3420000 129.1320000 182.1620000
 119.5630000 128.4000000 181.4690000 116.2180000 128.6910000 177.5510000
 116.9990000 127.7470000 177.6650000 115.2870000 128.7040000 176.5950000
 114.7980000 129.4100000 176.5390000 115.1350000 127.6860000 175.5560000
 114.4780000 128.0180000 174.9250000 115.9750000 127.5740000 175.0840000
 114.6760000 126.3060000 176.0590000 114.8560000 125.9160000 177.2120000
 114.0800000 125.5120000 175.1700000 113.9080000 125.8380000 174.3930000
 113.6440000 124.1270000 175.4380000 113.0930000 124.1200000 176.2360000
 112.8040000 123.5750000 174.2770000 112.6500000 122.6300000 174.4320000
 111.4440000 124.2610000 174.1900000 110.9140000 123.8560000 173.4860000
 110.9740000 124.1450000 175.0300000 111.5420000 125.2090000 174.0080000
 113.4730000 123.7210000 173.0430000 112.9780000 123.4060000 172.4420000
 114.7970000 123.1550000 175.6940000 114.5910000 122.1550000 176.3790000
 116.0130000 123.4640000 175.2320000 116.0860000 124.1620000 174.7350000
 117.2340000 122.7130000 175.5470000 117.0040000 121.7750000 175.6400000
 118.2260000 122.8200000 174.3770000 119.0180000 122.3030000 174.5930000
 117.8250000 122.3990000 173.6000000 118.6520000 124.2270000 173.9970000
 119.7950000 124.8020000 174.5840000 120.2930000 124.3230000 175.2070000
 120.1920000 126.1030000 174.2270000 120.9500000 126.4810000 174.6100000
 119.4440000 126.8360000 173.2900000 119.7060000 127.6990000 173.0640000
 118.3050000 126.2640000 172.6980000 117.8150000 126.7500000 172.0750000
 117.9120000 124.9580000 173.0450000 117.1660000 124.5750000 172.6430000
 117.9020000 123.1270000 176.8700000 118.6340000 122.3190000 177.4300000
 117.6100000 124.3130000 177.4250000 117.0300000 124.8210000 177.0450000
 118.2230000 124.8090000 178.6640000 118.3330000 124.0770000 179.2900000
 117.6280000 125.4640000 179.0620000 119.5890000 125.4770000 178.4660000
 120.5860000 125.0360000 179.0350000 119.6290000 126.5860000 177.7240000
 118.8860000 126.8940000 177.4190000 120.8120000 127.4390000 177.5740000
 121.1900000 127.5970000 178.4530000 121.4760000 126.9800000 177.0360000
 120.4950000 128.7960000 176.9230000 119.4360000 128.9540000 176.3150000
 121.3600000 129.8140000 177.0890000 122.6570000 129.7620000 177.7480000
 123.1850000 129.0110000 177.4340000 122.5280000 129.7070000 178.7080000
 123.3540000 131.0790000 177.3960000 123.9550000 131.3690000 178.1000000
 123.8320000 130.9830000 176.5580000 122.1820000 132.0450000 177.2170000
 122.4120000 132.7950000 176.6470000 121.8940000 132.3610000 178.0880000
 121.0880000 131.1640000 176.6030000 120.2210000 131.4530000 176.9290000
 121.0840000 131.2300000 175.0690000 122.1050000 130.9930000 174.4240000
 119.9630000 131.6600000 174.4840000 119.2860000 131.8340000 174.9850000
 119.8490000 131.9280000 173.0420000 120.5780000 131.4710000 172.5940000
 118.5650000 131.2980000 172.4570000 118.6010000 130.3460000 172.6420000
 117.2430000 131.8240000 173.0240000 116.5090000 131.2760000 172.7040000
 117.0920000 132.7340000 172.7230000 117.2480000 131.7970000 173.9940000
 118.5230000 131.4680000 170.9370000 119.3290000 131.1050000 170.5370000
 117.7550000 130.9950000 170.5800000 118.4490000 132.4080000 170.7090000
 120.0400000 133.4250000 172.7690000 119.1930000 134.2560000 173.0960000
 121.2460000 133.8000000 172.3390000 121.8500000 133.1960000 172.2330000
 121.6260000 135.2030000 172.1470000 121.3930000 135.6760000 172.9610000
 123.1440000 135.3140000 171.9520000 123.3740000 136.2560000 171.9260000
 123.3730000 134.9360000 171.0890000 123.9910000 134.6480000 173.0260000
 123.8730000 135.0450000 174.3720000 123.2780000 135.7190000 174.6080000
 124.6580000 134.4280000 175.3640000 124.5760000 134.6900000 176.2530000
 125.5680000 133.4160000 175.0130000 126.0890000 133.0070000 175.6660000
 125.6960000 133.0240000 173.6700000 126.2980000 132.3550000 173.4370000
 124.9100000 133.6390000 172.6790000 125.0050000 133.3770000 171.7920000
 120.8690000 135.8510000 170.9660000 120.7790000 135.2360000 169.9000000
 120.4250000 137.1210000 171.0750000 120.6200000 138.0220000 172.2020000
 120.0330000 137.7640000 172.9300000 121.5430000 138.0310000 172.5000000
 120.2230000 139.4040000 171.6880000 120.9760000 139.8100000 171.2300000
 119.9060000 139.9790000 172.4020000 119.1190000 139.0790000 170.6840000
 118.2840000 138.9490000 171.1600000 119.0170000 139.7770000 170.0190000
 119.5590000 137.7460000 170.0680000 118.7700000 137.1970000 169.9390000
 120.2350000 137.9340000 168.7000000 119.6270000 137.6310000 167.6740000
 121.5480000 138.1960000 168.6810000 121.9460000 138.3290000 169.4320000
 122.3590000 138.3080000 167.4570000 121.8980000 138.8970000 166.8400000
 123.7040000 138.9620000 167.8110000 124.1840000 139.1480000 166.9890000
 123.5300000 139.8180000 168.2320000 124.6030000 138.1660000 168.7120000
 125.4020000 137.1540000 168.3090000 125.4760000 136.8610000 167.4290000
 126.0800000 136.6280000 169.3900000 126.6560000 135.9930000 169.3220000
 125.7590000 137.2890000 170.5550000 126.1820000 137.1410000 171.8840000
 126.7970000 136.4820000 172.1110000 125.6500000 137.9920000 172.8670000
 125.9180000 137.9030000 173.7530000 124.7130000 138.9790000 172.5090000
 124.3740000 139.5490000 173.1610000 124.2960000 139.1210000 171.1700000
 123.6960000 139.7940000 170.9430000 124.8030000 138.2750000 170.1570000
 122.5770000 136.9780000 166.7010000 123.2520000 136.9680000 165.6730000
 122.0800000 135.8470000 167.2240000 121.6600000 135.9010000 167.9720000
 122.0730000 134.5430000 166.5430000 122.6620000 134.5790000 165.7730000
 122.5970000 133.4530000 167.4990000 121.9770000 133.3730000 168.2410000
 122.5930000 132.6070000 167.0240000 124.0110000 133.6830000 168.0640000
 124.0230000 134.4960000 168.5920000 124.3800000 132.5110000 168.9750000
 125.2670000 132.6460000 169.3430000 124.3660000 131.6810000 168.4730000
 123.7400000 132.4510000 169.7010000 125.0790000 133.7820000 166.9730000
 124.9080000 134.5550000 166.4130000 125.9550000 133.8850000 167.3770000
 125.0670000 132.9840000 166.4220000 120.6920000 134.1470000 165.9860000
 120.5930000 133.1330000 165.2980000 119.6280000 134.8930000 166.3120000
 119.7580000 135.5780000 166.8160000 118.2280000 134.5440000 165.9730000
 118.2450000 133.8370000 165.3090000 117.4770000 133.9550000 167.1800000
 116.6000000 133.6760000 166.8730000 118.1910000 132.7120000 167.7170000
 117.6200000 132.2740000 168.3680000 119.0290000 132.9570000 168.1410000
 118.3710000 132.1010000 166.9860000 117.2730000 134.9390000 168.3360000
 116.7970000 134.5020000 169.0600000 118.1330000 135.2450000 168.6660000
 116.7490000 135.6990000 168.0380000 117.4380000 135.6860000 165.3230000
 116.2940000 135.4950000 164.9070000 118.0770000 136.8400000 165.1250000
 118.8870000 136.8990000 165.4070000 117.5500000 138.0230000 164.4450000
 116.7260000 137.8020000 163.9840000 117.2730000 139.1390000 165.4710000
 116.9270000 139.9150000 165.0020000 118.1210000 139.3930000 165.8680000
 116.3010000 138.7750000 166.6070000 116.6250000 137.9910000 167.0780000
 116.2350000 139.9240000 167.6100000 115.6600000 139.6770000 168.3510000
 117.1240000 140.1010000 167.9550000 115.8860000 140.7210000 167.1800000
 114.8850000 138.5030000 166.1010000 114.3010000 138.3020000 166.8490000
 114.5430000 139.2760000 165.6250000 114.8940000 137.7380000 165.5050000
 118.5560000 138.5100000 163.3970000 119.7650000 138.3570000 163.5730000
 118.0660000 139.2230000 162.3870000 117.2130000 139.2870000 162.3030000
 118.8920000 139.8960000 161.3910000 119.7390000 140.1500000 161.7890000
 119.0770000 139.2860000 160.6600000 118.2320000 141.1530000 160.8270000
 117.0180000 141.3500000 160.9310000 119.0510000 142.0340000 160.2520000
 119.8840000 141.8250000 160.2030000 118.5870000 143.2820000 159.6420000
 117.9560000 143.0760000 158.9350000 119.3460000 143.7390000 159.2480000
 117.9160000 144.2420000 160.6330000 116.8210000 144.7270000 160.3510000
 118.4820000 144.3690000 161.8370000 119.2050000 143.9270000 161.9820000
 118.1870000 145.4190000 162.8190000 117.3800000 145.8920000 162.5600000
 117.9470000 144.7820000 164.1990000 117.1580000 144.2190000 164.1600000
 117.7560000 145.4960000 164.8270000 119.1010000 143.9610000 164.7500000
 119.1800000 142.5780000 164.4850000 118.5210000 142.1620000 163.9770000
 120.2700000 141.8270000 164.9670000 120.3460000 140.9200000 164.7760000
 121.2840000 142.4600000 165.7170000 122.3440000 141.7460000 166.1790000
 122.9570000 142.2630000 166.4300000 121.1930000 143.8390000 166.0010000
 121.8570000 144.2570000 166.5010000 120.1020000 144.5860000 165.5190000
 120.0550000 145.4990000 165.6920000 119.3360000 146.4460000 162.8880000
 120.4760000 146.1390000 162.5400000 119.0630000 147.6540000 163.3780000
 118.2420000 147.8790000 163.5010000 120.0520000 148.7220000 163.5630000
 120.6870000 148.6670000 162.8320000 119.4180000 150.1380000 163.4760000
 120.0760000 150.7370000 163.0900000 119.2440000 150.4720000 164.3700000
 118.0930000 150.2710000 162.7070000 117.8910000 151.3700000 162.1510000
 117.1450000 149.5410000 163.0860000 120.8400000 148.5240000 164.8760000
 120.3700000 148.9050000 165.9470000 121.9990000 147.8630000 164.7800000
 122.2390000 147.6920000 163.9720000 123.1060000 147.6840000 165.7480000
 123.6890000 147.0200000 165.3490000 123.9520000 148.9690000 165.8280000
 123.4110000 149.6780000 166.2080000 124.6960000 148.8080000 166.4300000
 124.5250000 149.4450000 164.4820000 124.3930000 148.7050000 163.4780000
 125.1860000 150.5080000 164.5000000 122.7980000 147.1240000 167.1550000
 123.4860000 146.2130000 167.6140000 121.7910000 147.6450000 167.8530000
 121.3710000 148.2840000 167.4600000 121.2850000 147.1940000 169.1590000
 121.6250000 146.3060000 169.3530000 121.7520000 148.1670000 170.2590000
 121.3320000 147.9210000 171.0980000 121.4460000 149.0590000 170.0300000
 123.2700000 148.2200000 170.4910000 123.7310000 148.4170000 169.6610000
 123.4580000 148.9430000 171.1100000 123.8160000 146.9320000 171.0970000
 123.8100000 146.7300000 172.3000000 124.3160000 146.0140000 170.3050000
 124.2270000 146.0870000 169.4530000 124.6090000 145.2960000 170.6760000
 119.7480000 147.0950000 169.2030000 119.1970000 146.4940000 170.1220000
 119.0420000 147.6990000 168.2410000 119.4680000 148.0930000 167.6060000
 117.5840000 147.8020000 168.2250000 117.2780000 147.9750000 169.1290000
 117.1680000 149.0000000 167.3480000 117.4440000 148.8340000 166.4330000
 116.2020000 149.0820000 167.3580000 117.7370000 150.3280000 167.8080000
 117.7990000 150.6430000 168.9840000 118.1680000 151.1610000 166.8940000
 118.2120000 150.9010000 166.0750000 118.5580000 151.8730000 167.1780000
 116.9240000 146.4900000 167.7680000 116.2930000 146.4500000 166.7150000
 117.0270000 145.4160000 168.5590000 117.5300000 145.4850000 169.2540000
 116.4430000 144.0980000 168.2470000 116.8870000 143.7420000 167.4610000
 116.6940000 143.1520000 169.4300000 116.3430000 142.2750000 169.2120000
 116.1910000 143.4760000 170.1930000 118.1510000 142.9960000 169.8250000
 119.0860000 142.4750000 168.9080000 118.8160000 142.2270000 168.0530000
 120.4380000 142.3420000 169.2780000 121.0610000 142.0010000 168.6770000
 120.8620000 142.7430000 170.5620000 122.1700000 142.6320000 170.9120000
 122.2910000 142.9070000 171.6960000 119.9260000 143.2570000 171.4830000
 120.1990000 143.5180000 172.3330000 118.5730000 143.3820000 171.1130000
 117.9630000 143.7370000 171.7190000 114.9340000 144.1480000 167.9400000
 114.4450000 143.3880000 167.1070000 114.2430000 145.1560000 168.4780000
 114.6600000 145.6500000 169.0460000 112.8620000 145.5360000 168.1820000
 112.2710000 144.8290000 168.4840000 112.5150000 146.8460000 168.9340000
 112.8080000 147.6060000 168.4080000 111.5480000 146.8940000 168.9900000
 113.0810000 147.0420000 170.3340000 114.2540000 146.8510000 170.6110000
 112.3060000 147.6010000 171.2310000 112.6740000 147.7920000 171.9840000
 111.5070000 147.8410000 171.0210000 112.6100000 145.7450000 166.6740000
 111.5710000 145.3450000 166.1620000 113.5770000 146.3080000 165.9450000
 114.3120000 146.5130000 166.3410000 113.4560000 146.6790000 164.5320000
 112.5610000 147.0220000 164.3840000 114.4630000 147.8100000 164.2200000
 115.3650000 147.5050000 164.4050000 114.4210000 148.0230000 163.2750000
 114.2320000 149.1070000 164.9780000 113.2990000 149.2810000 165.7400000
 115.0340000 150.1090000 164.7220000 115.6770000 149.9980000 164.1610000
 114.9090000 150.8490000 165.1420000 113.6440000 145.5010000 163.5550000
 113.5410000 145.7150000 162.3470000 113.9940000 144.3000000 164.0370000
 114.0290000 144.2020000 164.8910000 114.4900000 143.1950000 163.2100000
 115.3550000 143.4560000 162.8570000 114.7010000 141.9640000 164.1000000
 115.0330000 141.2260000 163.5650000 115.3460000 142.1660000 164.7950000
 113.8610000 141.7060000 164.5110000 113.5910000 142.8740000 162.0010000
 112.3930000 142.6230000 162.1310000 114.1980000 142.8440000 160.8110000
 115.0390000 143.0220000 160.7870000 113.4980000 142.6330000 159.5290000
 112.5490000 142.7770000 159.6680000 113.9520000 143.6520000 158.4760000
 113.5080000 143.4440000 157.6390000 113.5930000 145.0870000 158.8580000
 113.8310000 145.6860000 158.1330000 114.0710000 145.3530000 159.6590000
 112.6400000 145.1520000 159.0250000 115.3430000 143.6040000 158.2660000
 115.7060000 143.9610000 158.9340000 113.6250000 141.2090000 158.9800000
 112.7980000 140.8030000 158.1600000 114.5130000 140.3940000 159.5560000
 115.0510000 140.7260000 160.1390000 114.5910000 138.9520000 159.3440000
 113.7800000 138.6490000 158.9070000 115.7740000 138.6430000 158.4160000
 115.8070000 137.6900000 158.2360000 115.6710000 139.1220000 157.5790000
 116.6030000 138.9150000 158.8390000 114.6990000 138.2070000 160.6860000
 115.3500000 138.6760000 161.6210000 114.1320000 137.0010000 160.7440000
 113.7580000 136.7070000 160.0280000 114.3890000 136.0240000 161.8050000
 114.7990000 136.4670000 162.5650000 113.0820000 135.3690000 162.2860000
 112.7390000 134.8090000 161.5720000 113.2870000 134.7920000 163.0390000
 111.9710000 136.3490000 162.6960000 111.7330000 136.8870000 161.9250000
 110.7320000 135.5700000 163.1390000 110.4160000 135.0140000 162.4100000
 110.9410000 135.0110000 163.9040000 110.0250000 136.1870000 163.3840000
 112.4040000 137.2800000 163.8270000 111.6480000 137.8060000 164.1300000
 112.7580000 136.7610000 164.5660000 113.0900000 137.8880000 163.5100000
 115.3690000 134.9690000 161.2930000 115.2470000 134.5130000 160.1520000
 116.2640000 134.5140000 162.1640000 116.2350000 134.8130000 162.9700000
 117.1870000 133.4060000 161.8940000 117.1180000 133.1540000 160.9600000
 118.6550000 133.8170000 162.1390000 118.7730000 134.0390000 163.0760000
 119.6310000 132.6870000 161.7880000 120.5430000 132.9850000 161.9310000
 119.4790000 131.9210000 162.3640000 119.5260000 132.4210000 160.8610000
 119.0370000 135.0580000 161.3200000 119.9740000 135.2660000 161.4580000
 118.8730000 134.8970000 160.3780000 118.5160000 135.8230000 161.6100000
 116.7760000 132.1990000 162.7340000 116.5080000 132.3230000 163.9300000
 116.6980000 131.0350000 162.0940000 116.8380000 131.0270000 161.2450000
 116.4830000 129.7350000 162.7320000 116.4480000 129.8570000 163.6940000
 115.1440000 129.0950000 162.2980000 115.1990000 128.9170000 161.3460000
 114.9400000 127.7440000 163.0100000 114.1260000 127.3140000 162.7030000
 115.6740000 127.1390000 162.8200000 114.8800000 127.8640000 163.9710000
 113.9530000 130.0520000 162.5350000 113.8920000 130.2660000 163.4790000
 114.1070000 130.8800000 162.0530000 112.5960000 129.5180000 162.0660000
 111.9340000 130.2210000 162.1540000 112.3150000 128.7650000 162.6090000
 112.6510000 129.2510000 161.1350000 117.6830000 128.8510000 162.3810000
 118.0220000 128.7370000 161.2030000 118.2770000 128.1710000 163.3640000
 117.9790000 128.2750000 164.1640000 119.3420000 127.1740000 163.1470000
 119.3820000 126.9700000 162.1990000 120.7270000 127.7080000 163.5660000
 120.7560000 127.8070000 164.5300000 121.8810000 126.7830000 163.1510000
 122.7360000 127.1720000 163.3910000 121.8030000 125.9500000 163.6410000
 121.8580000 126.5840000 162.2020000 120.9790000 128.9730000 162.9970000
 121.7390000 129.2220000 163.2530000 119.0270000 125.8750000 163.8900000
 118.6340000 125.9320000 165.0580000 119.3560000 124.7300000 163.2810000
 119.5880000 124.7770000 162.4540000 119.3180000 123.3710000 163.8530000
 118.9680000 123.3910000 164.7570000 118.3550000 122.4890000 163.0240000
 118.2580000 121.6290000 163.4630000 118.7470000 122.3140000 162.1540000
 116.9760000 123.0840000 162.7980000 116.7490000 123.9750000 161.7290000
 117.4400000 124.1770000 161.1400000 115.4920000 124.5840000 161.5680000
 115.3530000 125.1860000 160.8720000 114.4570000 124.3010000 162.4750000
 113.6320000 124.7220000 162.3920000 114.6620000 123.3720000 163.5080000
 113.9660000 123.1600000 164.0870000 115.9190000 122.7640000 163.6690000
 116.0560000 122.1530000 164.3570000 120.7430000 122.7700000 163.8980000
 121.2510000 122.3440000 162.8610000 121.4820000 122.8920000 165.0190000
 121.2880000 123.8910000 166.0570000 120.7690000 124.6510000 165.7510000
 120.8650000 123.4790000 166.8270000 122.6950000 124.3460000 166.4310000
 123.0460000 124.9500000 165.7580000 122.7280000 124.7480000 167.3130000
 123.4360000 123.0160000 166.3780000 123.2110000 122.5210000 167.1810000
 124.3960000 123.1300000 166.3010000 122.8290000 122.3320000 165.1480000
 123.3430000 122.6080000 164.3730000 122.8390000 120.7910000 165.2360000
 122.5080000 120.2010000 166.2700000 123.3040000 120.1350000 164.1700000
 123.5280000 120.6070000 163.4870000 123.3470000 118.6670000 164.0350000
 122.7500000 118.2810000 164.6950000 122.7870000 118.2540000 162.6550000
 123.1220000 118.8660000 161.9810000 123.1650000 116.8300000 162.2290000
 122.7320000 116.6140000 161.3880000 122.8840000 116.2000000 162.9110000
 124.1250000 116.7510000 162.1160000 121.2580000 118.3560000 162.6570000
 120.9180000 118.1630000 161.7690000 120.8770000 117.7340000 163.2960000
 120.9890000 119.2590000 162.8860000 124.7430000 118.1020000 164.3430000
 125.7660000 118.6190000 163.8870000 124.8050000 116.9890000 165.0790000
 124.0640000 116.6250000 165.3190000 126.0410000 116.2760000 165.4000000
 126.6290000 116.8980000 165.8570000 125.7530000 115.0980000 166.3520000
 124.9130000 114.6710000 166.1200000 126.4560000 114.4360000 166.2620000
 125.7160000 115.5180000 167.8060000 124.6840000 115.6080000 168.4400000
 126.8550000 115.8100000 168.3930000 127.6020000 115.6960000 167.9830000
 126.8040000 116.0050000 169.2290000 126.7670000 115.7980000 164.1340000
 126.3510000 114.8590000 163.4570000 127.9690000 116.3340000 163.9420000
 128.2250000 116.9340000 164.5030000 129.0020000 115.7470000 163.0940000
 128.5740000 115.3310000 162.3290000 129.9170000 116.9010000 162.6280000
 129.4580000 117.7420000 162.7800000 130.7290000 116.9330000 163.1580000
 130.2790000 116.8940000 161.1530000 129.9790000 115.9680000 160.4110000
 130.6850000 118.0410000 160.6630000 130.6520000 118.1740000 159.8140000
 130.7640000 118.7120000 161.1950000 129.7460000 114.6510000 163.8920000
 129.8100000 114.7230000 165.1210000 130.3970000 113.6980000 163.2150000
 130.3870000 113.7290000 162.3560000 131.0690000 112.5550000 163.8600000
 131.1740000 112.7340000 164.8080000 130.2240000 111.2770000 163.7290000
 130.8030000 110.5260000 163.9320000 129.9710000 111.1710000 162.7990000
 128.9790000 111.1710000 164.5970000 129.0110000 110.3880000 165.7730000
 129.8000000 109.9740000 166.0370000 127.8440000 110.2030000 166.5300000
 127.8530000 109.6820000 167.3000000 126.6280000 110.8020000 166.1290000
 125.4970000 110.4870000 166.8380000 124.8270000 110.9620000 166.6610000
 126.6010000 111.6150000 164.9730000 125.8110000 112.0240000 164.7020000
 127.7790000 111.7960000 164.2130000 127.7520000 112.3280000 163.4500000
 132.4740000 112.3200000 163.2770000 132.6830000 112.3570000 162.0670000
 133.4270000 111.9730000 164.1470000 133.2070000 111.8920000 164.9740000
 134.8080000 111.6160000 163.7910000 135.0400000 112.0410000 162.9510000
 135.7390000 112.1690000 164.8820000 135.4530000 111.8240000 165.7420000
 135.6230000 113.1320000 164.9060000 137.2210000 111.9030000 164.7150000
 137.9850000 112.7270000 163.8650000 137.5770000 113.4060000 163.3790000
 139.3840000 112.5760000 163.7960000 139.8850000 113.1360000 163.2490000
 140.0250000 111.6020000 164.5920000 141.3750000 111.4610000 164.5320000
 141.6520000 110.9990000 165.1770000 139.2580000 110.7670000 165.4350000
 139.6920000 110.1370000 165.9640000 137.8580000 110.9160000 165.4920000
 137.3580000 110.3910000 166.0740000 134.9450000 110.0960000 163.6320000
 134.7230000 109.3580000 164.5900000 135.3640000 109.6320000 162.4470000
 135.5000000 110.2080000 161.8230000 135.5150000 108.2070000 162.1000000
 135.7010000 108.1790000 161.1480000 136.7580000 107.6110000 162.7950000
 136.7770000 106.6510000 162.6550000 136.7210000 107.7670000 163.7520000
 138.0530000 108.1570000 162.2270000 138.5460000 107.7050000 161.2090000
 138.6530000 109.1450000 162.8450000 138.3120000 109.5090000 163.5460000
 139.3710000 109.4490000 162.4830000 134.2280000 107.3500000 162.2350000
 134.3090000 106.1240000 162.2920000 133.0500000 107.9710000 162.1090000
 133.0700000 108.8180000 161.9620000 131.7780000 107.3030000 161.7800000
 131.8980000 106.3420000 161.8350000 130.7040000 107.6950000 162.8230000
 131.1310000 107.7570000 163.6920000 130.3630000 108.5730000 162.5920000
 129.5080000 106.7320000 162.9610000 129.0970000 106.1470000 161.9290000
 128.8960000 106.7230000 164.0580000 131.3920000 107.6370000 160.3210000
 131.9320000 108.5610000 159.7110000 130.4900000 106.8570000 159.7330000
 130.0720000 106.3220000 160.2600000 129.9580000 107.0610000 158.3750000
 130.0450000 108.0020000 158.1560000 130.7900000 106.2820000 157.3380000
 131.7130000 106.5750000 157.3970000 130.7470000 104.7620000 157.5080000
 131.3140000 104.3510000 156.8370000 129.8410000 104.4350000 157.3910000
 131.0720000 104.5140000 158.3880000 130.3270000 106.5290000 156.0310000
 130.7990000 106.0940000 155.4890000 128.4700000 106.7290000 158.2640000
 127.7570000 107.4610000 157.5800000 127.9470000 105.8250000 159.1030000
 128.4440000 105.4940000 159.7220000 126.5100000 105.5320000 159.1790000
 126.1870000 105.2970000 158.2950000 126.2830000 104.3290000 160.1130000
 126.7060000 104.4890000 160.9710000 126.7270000 103.5660000 159.7110000
 124.8040000 103.9460000 160.3190000 124.3530000 103.9870000 159.4610000
 124.7740000 103.0220000 160.6140000 124.0470000 104.8010000 161.3500000
 124.6410000 105.2180000 162.3670000 122.8150000 104.9590000 161.1950000
 125.7200000 106.7620000 159.6270000 124.8360000 107.2100000 158.8990000
 126.2320000 107.4750000 160.6360000 126.8580000 107.1090000 161.0990000
 125.6300000 108.7250000 161.1210000 124.6930000 108.5620000 161.3090000
 126.3330000 109.1840000 162.3980000 127.2730000 109.3340000 162.2110000
 125.9420000 110.0210000 162.6930000 126.2200000 108.1620000 163.5230000
 126.5360000 107.3010000 163.2090000 126.8110000 108.4630000 164.2310000
 124.8010000 107.9840000 164.0870000 124.1730000 107.7960000 163.3720000
 124.5230000 108.7940000 164.5430000 124.7720000 106.7940000 165.0490000
 124.8270000 105.9830000 164.5200000 123.9210000 106.7900000 165.5140000
 125.9120000 106.8470000 165.9940000 126.6460000 106.5080000 165.6210000
 126.0600000 107.6980000 166.2080000 125.7020000 106.4050000 166.7380000
 125.6740000 109.8570000 160.1080000 124.7690000 110.6840000 160.0930000
 126.7080000 109.9040000 159.2690000 127.2600000 109.2450000 159.2770000
 126.8150000 110.9180000 158.2220000 126.5450000 111.7720000 158.5930000
 128.2700000 111.0500000 157.7380000 128.7070000 110.1840000 157.7490000
 128.2530000 111.3620000 156.8200000 129.0910000 112.0680000 158.5570000
 128.6540000 112.9320000 158.5040000 129.2480000 111.7000000 160.0330000
 129.8320000 112.3440000 160.4640000 129.6370000 110.8150000 160.1160000
 128.3870000 111.7240000 160.4780000 130.4890000 112.2100000 157.9590000
 130.4260000 112.4600000 157.0240000 130.9710000 111.3720000 158.0400000
 130.9760000 112.9020000 158.4340000 125.8290000 110.6310000 157.0830000
 125.0560000 111.5280000 156.7680000 125.6640000 109.3730000 156.6570000
 126.1810000 108.7580000 156.9640000 124.6320000 109.0060000 155.6730000
 124.7080000 109.6100000 154.9180000 124.8580000 107.5770000 155.1540000
 124.1590000 107.4030000 154.5040000 124.7690000 106.9410000 155.8810000
 126.2210000 107.3820000 154.4620000 126.8800000 107.1260000 155.1260000
 126.5000000 108.2190000 154.0590000 126.2110000 106.3150000 153.3650000
 126.7700000 106.4830000 152.2950000 125.5190000 105.2080000 153.5220000
 125.0960000 105.0380000 154.2510000 125.5340000 104.6560000 152.8630000
 123.2000000 109.1570000 156.2240000 122.3370000 109.7130000 155.5440000
 122.9910000 108.8300000 157.5070000 123.6320000 108.4230000 157.9120000
 121.7500000 109.0560000 158.2640000 121.0180000 108.5990000 157.8210000
 121.9410000 108.4620000 159.6740000 122.6960000 108.9060000 160.0920000
 122.1470000 107.5170000 159.6000000 120.7220000 108.6360000 160.5860000
 120.3940000 109.5460000 160.5190000 120.0190000 108.0320000 160.3010000
 121.0480000 108.4000000 162.0650000 121.8110000 108.9410000 162.3220000
 120.2820000 108.7050000 162.5760000 121.3170000 106.9860000 162.3660000
 121.8660000 106.5560000 161.8620000 120.7250000 106.2280000 163.2670000
 119.8430000 106.6550000 164.1230000 119.6860000 107.4960000 164.2100000
 119.5580000 106.1590000 164.7650000 121.0230000 104.9660000 163.2740000
 121.5670000 104.7230000 162.6540000 120.5120000 104.3980000 163.6690000
 121.3850000 110.5440000 158.3230000 120.2770000 110.9190000 157.9430000
 122.3230000 111.3960000 158.7390000 123.0790000 111.0840000 159.0040000
 122.1150000 112.8390000 158.8070000 121.3040000 113.0100000 159.3110000
 123.2820000 113.4760000 159.5660000 123.3510000 113.0880000 160.4520000
 123.1220000 114.4280000 159.6570000 124.1130000 113.3300000 159.0870000
 121.9240000 113.4550000 157.4120000 120.9260000 114.1340000 157.2050000
 122.6640000 112.9890000 156.4000000 123.3210000 112.4660000 156.5850000
 122.5070000 113.4210000 155.0050000 122.5490000 114.3900000 154.9840000
 123.6660000 112.8680000 154.1580000 123.4590000 112.9760000 153.2170000
 123.7470000 111.9180000 154.3360000 125.0040000 113.5830000 154.4400000
 125.1190000 113.7120000 155.3940000 124.9820000 114.4640000 154.0350000
 126.2270000 112.8230000 153.9240000 126.2560000 111.6120000 153.7900000
 127.2870000 113.5110000 153.5580000 127.2780000 114.3700000 153.5280000
 127.9080000 113.0630000 153.1670000 121.1490000 113.0360000 154.3960000
 120.6100000 113.7950000 153.5860000 120.5450000 111.9250000 154.8310000
 120.9810000 111.4050000 155.3590000 119.1740000 111.5560000 154.4810000
 119.0610000 111.6620000 153.5230000 118.9670000 110.0740000 154.8200000
 118.0830000 109.7940000 154.5360000 119.6320000 109.5360000 154.3640000
 119.0490000 109.9320000 155.7760000 118.1220000 112.4560000 155.1640000
 117.1490000 112.8490000 154.5180000 118.3600000 112.9010000 156.4030000
 119.0740000 112.6420000 156.8060000 117.4950000 113.8810000 157.0710000
 116.5730000 113.6210000 156.9190000 117.7250000 113.8510000 158.5860000
 117.7050000 112.9300000 158.8910000 118.6050000 114.2090000 158.7830000
 116.7010000 114.6310000 159.3550000 115.6170000 114.1020000 159.9670000
 115.4210000 113.1940000 160.0080000 114.8290000 115.1160000 160.4740000
 114.0760000 114.9790000 160.8660000 115.3580000 116.3580000 160.1980000
 114.9190000 117.6640000 160.4550000 114.1040000 117.8130000 160.8780000
 115.7560000 118.7420000 160.1180000 115.5010000 119.6130000 160.3200000
 117.0080000 118.5000000 159.5250000 117.5690000 119.2150000 159.3300000
 117.4140000 117.1860000 159.2220000 118.2450000 117.0420000 158.8290000
 116.5940000 116.0790000 159.5390000 117.6420000 115.2990000 156.4900000
 116.6420000 115.8750000 156.0670000 118.8750000 115.7510000 156.2200000
 119.5350000 115.2870000 156.5190000 119.1920000 117.0140000 155.5220000
 118.9040000 117.7680000 156.0600000 120.7110000 117.1290000 155.2660000
 120.8610000 117.8790000 154.6690000 121.0060000 116.3290000 154.8030000
 121.5960000 117.3350000 156.5050000 121.4280000 118.2230000 156.8570000
 121.3570000 116.7000000 157.1980000 123.0890000 117.1900000 156.1490000
 123.5980000 118.0230000 155.3700000 123.6720000 116.1080000 156.4140000
 118.4910000 117.1010000 154.1570000 117.9860000 118.1560000 153.7660000
 118.4050000 115.9710000 153.4450000 118.7770000 115.2710000 153.7780000
 117.7310000 115.8550000 152.1500000 118.0470000 116.5740000 151.5810000
 118.1100000 114.4990000 151.5420000 119.0770000 114.4460000 151.4900000
 117.8050000 113.7910000 152.1300000 117.5360000 114.2300000 150.1480000
 116.5720000 114.1410000 150.2070000 117.8940000 113.3810000 149.8460000
 117.8640000 115.3370000 149.1320000 117.2660000 116.0860000 149.2820000
 118.7770000 115.6430000 149.2520000 117.6730000 114.8380000 147.6980000
 116.8310000 114.3590000 147.6500000 117.6210000 115.6090000 147.1120000
 118.8040000 113.9700000 147.2870000 118.7340000 113.7380000 146.4310000
 118.8190000 113.2340000 147.7870000 119.5740000 114.4020000 147.3980000
 116.2190000 116.0360000 152.2360000 115.6730000 116.7680000 151.4100000
 115.5490000 115.4680000 153.2330000 115.9610000 114.9550000 153.7870000
 114.1020000 115.6500000 153.3630000 113.7480000 115.7720000 152.4680000
 113.4630000 114.3810000 153.9310000 113.8380000 114.2190000 154.8110000
 112.5120000 114.5510000 154.0210000 113.6440000 113.1250000 153.0490000
 113.0370000 112.4420000 153.3760000 114.5560000 112.8100000 153.1480000
 113.4040000 113.3920000 151.5410000 112.4390000 114.1160000 151.2230000
 114.2320000 113.0090000 150.6840000 113.6750000 116.9190000 154.1240000
 112.6660000 117.5240000 153.7560000 114.5750000 117.4960000 154.9260000
 115.2520000 117.0240000 155.1680000 114.5380000 118.9000000 155.3650000
 113.7100000 119.0570000 155.8460000 115.7120000 119.1610000 156.3360000
 115.4920000 118.7480000 157.1860000 116.5060000 118.7120000 156.0060000
 116.0780000 120.6260000 156.5710000 115.4850000 121.3640000 157.6130000
 114.9010000 120.9400000 158.2000000 115.7870000 122.7280000 157.7910000
 115.3880000 123.2060000 158.4820000 116.7110000 123.3620000 156.9420000
 116.9290000 124.2570000 157.0690000 117.3360000 122.6230000 155.9250000
 117.9700000 123.0320000 155.3810000 117.0300000 121.2610000 155.7500000
 117.4710000 120.7690000 155.0950000 114.5640000 119.8680000 154.1710000
 113.6050000 120.6200000 153.9730000 115.5180000 119.6720000 153.2460000
 116.1400000 119.1100000 153.4370000 115.6150000 120.3960000 151.9660000
 115.6500000 121.3470000 152.1540000 116.9170000 120.0140000 151.2100000
 117.0770000 119.0650000 151.3300000 116.8370000 120.2720000 149.6920000
 117.6670000 120.0210000 149.2580000 116.1360000 119.7250000 149.3030000
 116.6660000 121.2150000 149.5430000 118.1140000 120.7950000 151.7950000
 118.0860000 120.7400000 152.7630000 118.0470000 121.7320000 151.5530000
 119.4810000 120.2550000 151.3560000 120.1790000 120.7890000 151.7670000
 119.5770000 119.3310000 151.6350000 119.5960000 120.3170000 150.3950000
 114.3680000 120.1940000 151.1030000 113.9260000 121.1400000 150.4490000
 113.7930000 118.9920000 151.0320000 114.1380000 118.3210000 151.4440000
 112.6180000 118.7690000 150.1970000 112.7610000 119.2240000 149.3520000
 112.4680000 117.2690000 149.9140000 112.4430000 116.8040000 150.7650000
 111.6200000 117.1070000 149.4720000 113.5570000 116.6370000 149.0410000
 114.2720000 117.2790000 148.2930000 113.7230000 115.3430000 149.0460000
 113.3530000 114.8600000 149.6540000 114.4100000 114.9830000 148.6750000
 111.3190000 119.3310000 150.7920000 110.5220000 119.8870000 150.0330000
 111.1130000 119.2760000 152.1120000 111.6680000 118.8440000 152.6070000
 109.9200000 119.8570000 152.7290000 109.1470000 119.5770000 152.2140000
 109.7090000 119.3420000 154.1550000 110.5220000 119.4970000 154.6610000
 109.5480000 118.3860000 154.1340000 108.5410000 120.0160000 154.8660000
 107.2280000 119.9360000 154.3570000 107.0600000 119.4460000 153.5850000
 106.1710000 120.5960000 155.0130000 105.3040000 120.5320000 154.6820000
 106.4150000 121.3210000 156.1940000 105.7180000 121.7390000 156.6460000
 107.7200000 121.4020000 156.7080000 107.8880000 121.8610000 157.4990000
 108.7740000 120.7610000 156.0350000 109.6390000 120.8240000 156.3710000
 109.9360000 121.3840000 152.7020000 108.9690000 121.9490000 152.2020000
 111.0540000 122.0580000 153.0030000 111.7310000 121.6260000 153.3100000
 111.1120000 123.5350000 152.9040000 110.3760000 123.8910000 153.4260000
 112.4110000 124.0980000 153.5140000 112.4990000 123.7490000 154.4150000
 113.6740000 123.7290000 152.7320000 114.4560000 123.9680000 153.2540000
 113.7050000 124.1930000 151.8810000 113.6980000 122.7720000 152.5740000
 112.3560000 125.6280000 153.5940000 111.6510000 125.8980000 154.2030000
 113.2060000 125.9640000 153.9170000 112.1970000 126.0190000 152.7210000
 110.9060000 124.0210000 151.4620000 110.0820000 124.9000000 151.2160000
 111.4450000 123.2800000 150.4880000 111.9720000 122.6470000 150.7350000
 111.2690000 123.5000000 149.0420000 111.4010000 124.4440000 148.8620000
 112.3870000 122.6950000 148.3640000 112.1890000 121.7500000 148.4600000
 113.1930000 122.8990000 148.8640000 112.7170000 122.9890000 146.8940000
 113.0140000 123.9090000 146.8100000 111.9210000 122.8680000 146.3530000
 113.8220000 122.0410000 146.3750000 113.4630000 121.1400000 146.3580000
 114.0440000 122.2970000 145.4660000 115.1000000 122.0540000 147.2380000
 115.4670000 122.9520000 147.2500000 114.8580000 121.8230000 148.1480000
 116.1310000 121.0920000 146.7640000 115.9580000 120.2800000 147.0850000
 116.9460000 121.3220000 147.0380000 116.1180000 121.0300000 145.8760000
 109.8540000 123.1470000 148.5460000 109.4570000 123.5870000 147.4640000
 109.0500000 122.4300000 149.3400000 109.3740000 122.1420000 150.0830000
 107.6320000 122.1810000 149.0720000 107.4660000 122.4670000 148.1600000
 107.3270000 120.6760000 149.1070000 108.1410000 120.1680000 148.9650000
 106.9690000 120.4230000 149.9730000 106.3360000 120.3070000 148.0120000
 105.2250000 120.8010000 147.9330000 106.8270000 119.7770000 146.9180000
 107.6420000 119.5030000 146.9050000 106.2600000 119.6020000 146.2960000
 106.6540000 122.9900000 149.9470000 105.5410000 123.2300000 149.4890000
 107.0790000 123.5900000 151.0550000 107.8710000 123.4110000 151.3400000
 106.2690000 124.5140000 151.8530000 105.4490000 124.0550000 152.0960000
 107.0290000 124.8200000 153.1520000 107.8260000 125.3290000 152.9370000
 107.3250000 123.9820000 153.5410000 106.2300000 125.5580000 154.2090000
 105.3340000 124.8510000 155.0380000 105.2310000 123.9330000 154.9310000
 104.6400000 125.5190000 156.0690000 104.0650000 125.0490000 156.6280000
 104.8470000 126.9010000 156.2710000 104.1890000 127.5780000 157.2490000
 104.5190000 128.3340000 157.4040000 105.7390000 127.6040000 155.4340000
 105.9000000 128.5040000 155.6020000 106.4290000 126.9370000 154.4060000
 107.0510000 127.3970000 153.8890000 105.8840000 125.7760000 151.0470000
 106.4930000 126.0750000 150.0140000 104.7310000 126.3880000 151.3690000
 104.3160000 126.0990000 152.0650000 104.0310000 127.3360000 150.4690000
 104.6470000 127.6200000 149.7750000 102.8160000 126.6510000 149.7920000
 102.2040000 126.3560000 150.4840000 102.3400000 127.2990000 149.2500000
 103.1220000 125.4620000 148.8750000 102.2800000 125.1160000 148.5400000
 103.5380000 124.7600000 149.4000000 103.9980000 125.8400000 147.6700000
 103.5250000 126.4910000 147.1280000 104.8260000 126.2480000 147.9670000
 104.3080000 124.6070000 146.8130000 104.0970000 124.7980000 145.8860000
 103.7450000 123.8760000 147.1120000 105.7270000 124.2070000 146.9460000
 105.9730000 123.6430000 146.3020000 106.2830000 124.9010000 146.9840000
 105.8050000 123.7640000 147.7140000 103.5750000 128.6590000 151.0900000
 102.9530000 129.4210000 150.3590000 103.7400000 128.8860000 152.4000000
 104.2130000 128.3330000 152.8590000 103.0880000 130.0060000 153.1070000
 102.1330000 129.8360000 153.1310000 103.5490000 130.0300000 154.5780000
 103.3760000 129.1650000 154.9820000 104.5000000 130.2180000 154.6200000
 102.8280000 131.0840000 155.4100000 102.1910000 131.9910000 154.8980000
 102.7880000 130.9170000 156.7080000 103.1830000 130.2550000 157.0890000
 102.3180000 131.4850000 157.1510000 103.3480000 131.3660000 152.4060000
 104.4620000 131.8800000 152.5140000 102.3400000 131.9920000 151.7550000
 101.0010000 131.4780000 151.4960000 100.9620000 130.5090000 151.4750000
 100.3900000 131.8210000 152.1670000 100.6330000 132.0210000 150.1200000
  99.6730000 132.0500000 149.9860000 101.0640000 131.4920000 149.4310000
 101.2530000 133.4140000 150.1630000 100.6610000 134.0110000 150.6460000
 101.4270000 133.7570000 149.2730000 102.5520000 133.2020000 150.9520000
 103.2740000 133.0300000 150.3280000 102.9110000 134.4550000 151.7590000
 103.3430000 135.4470000 151.1760000 102.7410000 134.4220000 153.0840000
 102.4490000 133.6990000 153.4470000 103.0960000 135.5260000 153.9740000
 102.8530000 136.3590000 153.5410000 102.2630000 135.4020000 155.2650000
 102.5190000 134.5920000 155.7330000 102.4550000 136.1540000 155.8470000
 100.7610000 135.3810000 155.0180000 100.2370000 135.9720000 154.0870000
 100.0120000 134.6450000 155.8020000 100.3730000 134.1480000 156.4040000
  99.1690000 134.6260000 155.6330000 104.6100000 135.6040000 154.2630000
 105.0530000 136.5660000 154.8880000 105.4030000 134.6120000 153.8240000
 105.0440000 133.9820000 153.3620000 106.8260000 134.4630000 154.1490000
 107.1120000 135.2510000 154.6380000 107.0290000 133.2310000 155.0550000
 107.9670000 133.1820000 155.2970000 106.8180000 132.4430000 154.5310000
 106.1870000 133.1750000 156.3450000 105.2430000 133.1860000 156.1220000
 106.4840000 131.8690000 157.0860000 105.9240000 131.8070000 157.8750000
 106.2890000 131.1130000 156.5100000 107.4150000 131.8380000 157.3560000
 106.4860000 134.3330000 157.2960000 105.9920000 134.2050000 158.1210000
 107.4350000 134.3790000 157.4930000 106.2040000 135.1730000 156.9010000
 107.7020000 134.3420000 152.8880000 107.3870000 133.5670000 151.9880000
 108.9210000 134.8950000 152.9200000 109.1010000 135.4230000 153.5750000
 109.9460000 134.6830000 151.8690000 109.5900000 134.0600000 151.2160000
 110.2720000 135.9510000 151.0600000 110.8710000 135.7030000 150.3380000
 109.0260000 136.5820000 150.4520000 109.2780000 137.3640000 149.9360000
 108.4240000 136.8450000 151.1660000 108.5770000 135.9420000 149.8770000
 110.9040000 136.9350000 151.8360000 111.5590000 136.5530000 152.1980000
 111.1950000 134.0030000 152.4300000 112.2230000 134.6380000 152.6860000
 111.0620000 132.7020000 152.6850000 110.3100000 132.3360000 152.4860000
 112.1020000 131.8330000 153.2500000 112.3520000 132.1850000 154.1190000
 111.5390000 130.4010000 153.4530000 111.3470000 130.0170000 152.5830000
 112.5910000 129.4970000 154.1200000 112.2130000 128.6250000 154.3140000
 112.9040000 129.9000000 154.9450000 113.3480000 129.3610000 153.5290000
 110.2350000 130.3870000 154.2950000 110.2490000 129.6430000 154.9170000
 110.1670000 131.2000000 154.8190000 108.9630000 130.2360000 153.4500000
 108.1900000 130.2050000 154.0350000 108.8630000 130.9850000 152.8420000
 109.0010000 129.4120000 152.9400000 113.3600000 131.8130000 152.3590000
 113.2540000 131.6200000 151.1500000 114.5450000 131.8970000 152.9670000
 114.5390000 132.0320000 153.8160000 115.8160000 131.4150000 152.3920000
 115.6550000 131.0530000 151.5070000 116.8200000 132.5680000 152.2690000
 116.3570000 133.4200000 152.2820000 117.4380000 132.5480000 153.0160000
 117.5410000 132.4580000 151.0610000 117.2880000 133.0540000 150.5260000
 116.3710000 130.2850000 153.2770000 116.0800000 130.2800000 154.4730000
 117.0650000 129.2810000 152.7280000 117.2850000 129.3170000 151.8970000
 117.3860000 128.0430000 153.4690000 117.5120000 128.2750000 154.4020000
 116.1920000 127.0730000 153.3900000 115.4060000 127.5230000 153.7380000
 116.3670000 126.3240000 153.9800000 115.8620000 126.5260000 152.0110000
 116.4750000 125.3440000 151.5520000 117.1020000 124.9090000 152.0830000
 116.1370000 124.8140000 150.2940000 116.5550000 124.0390000 149.9960000
 115.1930000 125.4690000 149.4840000 114.9850000 125.1300000 148.6440000
 114.5760000 126.6470000 149.9390000 113.9510000 127.0830000 149.4060000
 114.9080000 127.1730000 151.2010000 114.4940000 127.9510000 151.4990000
 118.6870000 127.3550000 153.0190000 119.1640000 127.5830000 151.9070000
 119.2510000 126.4900000 153.8740000 118.9020000 126.4100000 154.6560000
 120.4820000 125.7090000 153.6120000 120.4370000 125.3430000 152.7150000
 121.7030000 126.6470000 153.6880000 121.5140000 127.3600000 154.3180000
 123.0630000 126.0420000 154.0450000 123.7450000 126.7300000 153.9970000
 123.0480000 125.6950000 154.9510000 123.2930000 125.3360000 153.4210000
 121.8610000 127.1820000 152.4000000 122.0360000 127.9990000 152.4890000
 120.6360000 124.5230000 154.5710000 120.1660000 124.5900000 155.7030000
 121.3650000 123.4900000 154.1330000 121.7250000 123.5630000 153.3550000
 121.9280000 122.4120000 154.9550000 121.8480000 122.6380000 155.8950000
 121.1530000 121.1170000 154.6830000 121.4340000 120.4370000 155.3150000
 121.3560000 120.7960000 153.7910000 120.2000000 121.2670000 154.7800000
 123.4250000 122.2250000 154.6330000 123.8340000 122.5470000 153.5120000
 124.1940000 121.5930000 155.5210000 123.8160000 121.3390000 156.2500000
 125.6380000 121.3290000 155.3760000 126.1200000 122.1700000 155.4140000
 126.1080000 120.4580000 156.5610000 125.5550000 119.6610000 156.5720000
 125.9350000 120.9260000 157.3930000 127.5810000 119.9840000 156.5130000
 127.5920000 119.0500000 156.7750000 127.9250000 120.0130000 155.6070000
 128.5430000 120.7510000 157.4380000 128.2980000 121.9510000 157.6960000
 129.4810000 120.0920000 157.9520000 125.9770000 120.6550000 154.0350000
 126.7270000 121.2110000 153.2260000 125.3010000 119.5480000 153.6930000
 124.7780000 119.1980000 154.2790000 125.5540000 118.8140000 152.4400000
 126.5120000 118.6810000 152.3700000 124.8880000 117.4310000 152.4930000
 125.3080000 116.8850000 151.8100000 125.0760000 117.0210000 153.3520000
 123.3630000 117.4490000 152.2600000 122.9150000 117.9490000 152.9600000
 123.1580000 117.8900000 151.4210000 122.8050000 116.0230000 152.2090000
 121.8350000 116.0510000 152.2080000 123.0930000 115.5410000 153.0000000
 123.2730000 115.3360000 150.9940000 123.9950000 114.8740000 151.0620000
 122.8490000 115.5880000 149.7720000 123.5150000 115.1480000 148.7510000
 124.3080000 114.8290000 148.8500000 123.2580000 115.4090000 147.9730000
 121.7630000 116.2760000 149.5480000 121.3770000 116.6670000 150.2100000
 121.6090000 116.5670000 148.7530000 125.1520000 119.5660000 151.1730000
 125.4050000 119.0760000 150.0740000 124.4090000 120.6680000 151.2850000
 124.2860000 120.9930000 152.0720000 123.7760000 121.3050000 150.1260000
 123.2840000 120.6180000 149.6490000 122.7740000 122.3690000 150.5760000
 122.2350000 122.0190000 151.3030000 123.2420000 123.1610000 150.8830000
 121.9270000 122.7000000 149.4930000 122.0030000 123.5270000 149.3660000
 124.7850000 121.9020000 149.1360000 124.4580000 122.0550000 147.9620000
 126.0240000 122.1720000 149.5700000 126.2020000 122.0360000 150.4000000
 127.1280000 122.5320000 148.6680000 126.7810000 123.1630000 148.0180000
 128.2520000 123.2430000 149.4610000 127.8340000 123.9710000 149.9470000
 128.9490000 122.3290000 150.4880000 129.5440000 122.8510000 151.0500000
 128.2980000 121.9070000 151.0700000 129.4680000 121.6410000 150.0420000
 129.2890000 123.8550000 148.4930000 129.8640000 123.1580000 148.1400000
 128.8230000 124.2620000 147.7460000 130.1540000 124.9460000 149.1390000
 130.7280000 125.3400000 148.4630000 130.7100000 124.5670000 149.8380000
 129.5880000 125.6390000 149.5140000 127.6410000 121.3320000 147.8550000
 127.8620000 121.4610000 146.6560000 127.7110000 120.1410000 148.4530000
 127.4280000 120.0670000 149.2620000 128.0890000 118.9150000 147.7410000
 128.8940000 119.0940000 147.2310000 128.4160000 117.8210000 148.7730000
 129.0430000 118.1830000 149.4180000 127.6060000 117.5690000 149.2430000
 129.0520000 116.5670000 148.1550000 129.7950000 116.8340000 147.5910000
 128.4000000 116.1180000 147.5950000 129.5440000 115.5950000 149.2430000
 128.7550000 115.3040000 150.1710000 130.6920000 115.1010000 149.1050000
 126.9950000 118.4780000 146.7500000 127.3080000 118.1670000 145.6010000
 125.7210000 118.6530000 147.1320000 125.5930000 118.9110000 147.9420000
 124.5380000 118.3730000 146.3000000 124.5950000 117.4470000 146.0180000
 123.2370000 118.5500000 147.1340000 122.9040000 119.4550000 147.0290000
 123.4480000 118.4330000 148.0730000 122.0860000 117.5740000 146.7990000
 121.0000000 117.7960000 147.3860000 122.3810000 116.3680000 146.6400000
 124.5160000 119.2390000 145.0200000 124.4810000 118.6800000 143.9280000
 124.6820000 120.5670000 145.1150000 124.7590000 120.9190000 145.8960000
 124.6690000 121.4770000 143.9480000 123.9120000 121.2560000 143.3840000
 124.4870000 122.9390000 144.4060000 125.1920000 123.1390000 145.0420000
 124.6040000 123.5360000 143.6500000 123.1310000 123.2550000 145.0760000
 123.2440000 124.0780000 145.5760000 122.9120000 122.5610000 145.7170000
 121.9400000 123.4480000 144.1170000 121.9550000 122.9450000 142.9740000
 120.9960000 124.1920000 144.4740000 125.9220000 121.3490000 143.0530000
 125.7940000 121.3110000 141.8280000 127.1190000 121.1280000 143.6200000
 127.1820000 121.1340000 144.4780000 128.3310000 120.8990000 142.8110000
 128.3780000 121.5850000 142.1270000 129.6030000 120.9960000 143.6830000
 130.2710000 120.4100000 143.2930000 129.4250000 120.6710000 144.5790000
 130.2240000 122.4060000 143.7330000 130.3430000 122.7290000 142.8260000
 129.3930000 123.4270000 144.5090000 129.8150000 124.2990000 144.4640000
 129.3160000 123.1570000 145.4380000 128.5090000 123.5020000 144.1170000
 131.6050000 122.3380000 144.3930000 132.0070000 123.2210000 144.4020000
 131.5200000 122.0100000 145.3020000 132.1770000 121.7400000 143.8870000
 128.2870000 119.5550000 142.0580000 128.7730000 119.4670000 140.9250000
 127.6790000 118.5160000 142.6440000 127.3260000 118.6300000 143.4200000
 127.4570000 117.2410000 141.9460000 128.2630000 116.9980000 141.4630000
 127.1570000 116.1160000 142.9590000 126.7750000 115.3650000 142.4790000
 126.5050000 116.4200000 143.6100000 128.3870000 115.5940000 143.6920000
 128.6770000 114.4090000 143.6970000 129.2220000 116.4470000 144.2330000
 128.9370000 117.2480000 144.3630000 129.8650000 116.1050000 144.6900000
 126.3460000 117.3720000 140.8900000 126.5540000 116.9690000 139.7450000
 125.2650000 118.1080000 141.2050000 125.2000000 118.3900000 142.0150000
 124.1540000 118.4150000 140.2810000 123.7000000 117.5900000 140.0500000
 123.1740000 119.3770000 140.9790000 123.5730000 120.2600000 141.0170000
 123.0120000 119.0820000 141.8890000 121.8120000 119.4860000 140.2850000
 121.9120000 119.5040000 139.3200000 121.2840000 118.7080000 140.5250000
 121.0850000 120.7540000 140.7490000 120.1300000 120.5870000 140.7370000
 121.3430000 120.9610000 141.6610000 121.3660000 121.8890000 139.8530000
 121.8730000 121.7640000 139.1700000 120.7760000 123.0640000 139.8750000
 120.7640000 123.7480000 138.7800000 121.3790000 123.5230000 138.2230000
 120.4940000 124.5650000 138.7830000 120.2390000 123.5880000 140.9330000
 120.6170000 123.3280000 141.6600000 120.0110000 124.4150000 140.8680000
 124.6470000 119.0410000 138.9800000 124.1610000 118.6820000 137.9120000
 125.5630000 120.0020000 139.0760000 125.7860000 120.2740000 139.8610000
 126.0660000 120.7260000 137.9070000 125.3450000 120.7810000 137.2610000
 126.4790000 122.1480000 138.2910000 127.0510000 122.1290000 139.0740000
 126.9770000 122.5450000 137.5600000 125.2410000 123.0100000 138.5710000
 124.8170000 122.6990000 139.3860000 125.5440000 123.9210000 138.7080000
 124.2240000 122.9710000 137.4150000 124.6580000 122.9910000 136.2490000
 123.0010000 122.8330000 137.6680000 127.1790000 120.0200000 137.1410000
 127.1470000 120.0600000 135.9150000 127.9690000 119.1840000 137.8160000
 127.8770000 119.1210000 138.6690000 128.9460000 118.3300000 137.1490000
 129.5650000 118.8830000 136.6470000 129.7480000 117.5230000 138.1660000
 129.1330000 116.9620000 138.6640000 130.3640000 116.9550000 137.6770000
 130.4780000 118.3480000 139.0660000 129.9470000 118.6830000 139.6240000
 128.2740000 117.3740000 136.1420000 128.6080000 117.4070000 134.9600000
 127.1750000 116.7120000 136.5350000 126.9650000 116.7290000 137.3690000
 126.3790000 115.8720000 135.6310000 126.9840000 115.3710000 135.0620000
 125.5510000 114.8490000 136.4310000 124.8880000 114.4520000 135.8440000
 125.0710000 115.3100000 137.1370000 126.3570000 113.6920000 137.0550000
 127.5780000 113.5860000 136.7860000 125.6880000 112.7850000 137.6080000
 125.4690000 116.6710000 134.6740000 124.9420000 116.1060000 133.7080000
 125.2710000 117.9840000 134.8860000 125.7220000 118.3610000 135.5140000
 124.4150000 118.8260000 134.0210000 123.6950000 118.2710000 133.6820000
 123.7550000 119.9660000 134.8000000 124.4340000 120.4910000 135.2530000
 123.2770000 120.5390000 134.1800000 122.8110000 119.4470000 135.7400000
 123.2400000 119.2470000 136.4340000 125.1340000 119.4160000 132.8170000
 124.4840000 119.6250000 131.7870000 126.4520000 119.6600000 132.8840000
 126.8580000 119.5340000 133.6320000 127.2250000 120.2370000 131.7630000
 126.6230000 120.1840000 131.0040000 127.4190000 121.7810000 131.8620000
 126.5460000 122.1860000 131.9790000 127.7440000 122.0850000 131.0000000
 128.4120000 122.3300000 132.8760000 129.3750000 121.6690000 133.2190000
 128.3450000 123.5860000 133.0480000 128.3850000 119.3730000 131.1990000
 128.8620000 119.7740000 130.1390000 128.3360000 118.0470000 131.4440000
 128.0000000 117.7840000 132.1910000 128.8640000 117.0190000 130.4930000
 129.8060000 117.1970000 130.3420000 128.7540000 115.5670000 131.0400000
 129.1700000 114.9760000 130.3930000 129.5180000 115.3680000 132.3530000
 129.5680000 114.4250000 132.5750000 129.0560000 115.8310000 133.0690000
 130.4170000 115.7220000 132.2710000 127.3050000 115.0950000 131.2260000
 126.8500000 115.0650000 130.3700000 126.8420000 115.7040000 131.8220000
 127.2970000 114.2080000 131.6180000 128.1930000 117.0410000 129.1040000
 128.7340000 116.5670000 128.1010000 127.0110000 117.6520000 129.0040000
 126.6820000 117.9820000 129.7270000 126.3870000 117.9950000 127.7240000
 126.2590000 117.1810000 127.2120000 125.0000000 118.5880000 128.0160000
 124.4330000 117.8910000 128.3820000 125.0910000 119.2720000 128.6980000
 124.3000000 119.1910000 126.8120000 123.8450000 118.3650000 125.7660000
 123.9760000 117.4460000 125.8150000 123.2010000 118.9280000 124.6490000
 122.9030000 118.3800000 123.9590000 123.0100000 120.3210000 124.5770000
 122.5880000 120.6970000 123.8390000 123.4680000 121.1490000 125.6180000
 123.3470000 122.0700000 125.5740000 124.1110000 120.5840000 126.7330000
 124.4140000 121.1320000 127.4210000 127.2650000 118.9520000 126.8870000
 127.3300000 118.8290000 125.6630000 128.0220000 119.8400000 127.5350000
 128.0570000 119.7920000 128.3930000 128.8880000 120.8270000 126.8880000
 128.3960000 121.1530000 126.1180000 129.1180000 122.0550000 127.7930000
 128.4020000 122.1030000 128.4460000 130.4610000 122.1540000 128.5140000
 131.1860000 122.2950000 127.8860000 130.4350000 122.8890000 129.1460000
 130.6280000 121.3440000 129.0210000 129.0500000 123.2130000 126.9950000
 129.1760000 123.8670000 127.5070000 130.1820000 120.2310000 126.3320000
 130.4840000 120.5300000 125.1700000 130.8190000 119.2250000 126.9680000
 130.6730000 119.0780000 127.8030000 131.9190000 118.4970000 126.3000000
 132.5210000 119.1760000 125.9570000 132.7950000 117.6080000 127.2140000
 133.1180000 118.1420000 127.9560000 132.0890000 116.3550000 127.7360000
 132.6820000 115.8830000 128.3420000 131.8230000 115.7570000 127.0210000
 131.3160000 116.6270000 128.2540000 134.0530000 117.1420000 126.4630000
 133.8280000 116.5640000 125.7170000 134.5500000 117.9140000 126.1500000
 134.6130000 116.6470000 127.0810000 131.4320000 117.7040000 125.0940000
 132.0590000 117.8170000 124.0430000 130.2710000 117.0310000 125.1270000
 129.8470000 116.9770000 125.8730000 129.8430000 116.2310000 123.9570000
 130.6250000 115.7400000 123.6600000 128.7810000 115.1600000 124.2730000
 128.6180000 114.6650000 123.4550000 129.3100000 114.1560000 125.3050000
 130.1560000 113.7840000 125.0110000 128.6730000 113.4330000 125.4200000
 129.4390000 114.5910000 126.1620000 127.4420000 115.7120000 124.7540000
 126.8130000 114.9840000 124.8820000 127.0770000 116.3390000 124.1100000
 127.5770000 116.1600000 125.6040000 129.4290000 117.0950000 122.7600000
 129.7670000 116.7440000 121.6270000 128.8820000 118.2980000 122.9770000
 128.6700000 118.5120000 123.7830000 128.6330000 119.2660000 121.8890000
 128.3320000 118.7690000 121.1120000 127.4960000 120.2460000 122.2690000
 127.7620000 120.7200000 123.0720000 127.2590000 121.2930000 121.1630000
 128.0370000 121.8640000 121.0630000 127.0850000 120.8580000 120.3140000
 126.5060000 121.8560000 121.4010000 126.1570000 119.5260000 122.5710000
 125.4930000 120.1950000 122.8010000 126.2640000 118.9610000 123.3520000
 125.5840000 118.6440000 121.4510000 124.7320000 118.2820000 121.7400000
 126.1840000 117.9040000 121.2680000 125.4420000 119.1610000 120.6430000
 129.9200000 119.9910000 121.4430000 130.1330000 120.1590000 120.2390000
 130.8640000 120.2530000 122.3530000 130.6810000 120.1070000 123.1810000
 132.1920000 120.8090000 122.0270000 132.0730000 121.6150000 121.5010000
 132.9410000 121.2110000 123.2970000 133.0640000 120.4380000 123.8700000
 133.8110000 121.5670000 123.0560000 132.2250000 122.2110000 123.9840000
 131.6160000 121.8330000 124.4220000 133.0580000 119.8260000 121.2290000
 133.6620000 120.1850000 120.2170000 132.9890000 118.5400000 121.5720000
 132.5540000 118.3400000 122.2860000 133.5170000 117.4360000 120.7810000
 134.4560000 117.5910000 120.5930000 133.3740000 116.1150000 121.5570000
 132.5260000 116.1020000 122.0270000 133.3380000 115.3990000 120.9040000
 134.4880000 115.7450000 122.5270000 135.5160000 116.6430000 122.8880000
 135.4820000 117.5350000 122.6280000 136.6340000 116.1840000 123.6130000
 137.3370000 116.7580000 123.8170000 136.7110000 114.8350000 124.0100000
 137.8360000 114.3630000 124.6070000 137.7550000 113.5570000 124.8300000
 135.6310000 113.9670000 123.7530000 135.6550000 113.0870000 124.0520000
 134.5340000 114.4190000 122.9990000 133.8440000 113.8320000 122.7910000
 132.8180000 117.3380000 119.4270000 133.5180000 117.2330000 118.4280000
 131.4940000 117.5040000 119.3380000 131.0320000 117.5520000 120.0620000
 130.7850000 117.4480000 118.0590000 131.0130000 116.6070000 117.6330000
 129.2730000 117.4360000 118.3190000 128.8010000 117.3120000 117.4810000
 129.0470000 116.7060000 118.9170000 128.9920000 118.2740000 118.7190000
 131.1920000 118.5720000 117.0810000 131.4630000 118.2770000 115.9130000
 131.3470000 119.8230000 117.5410000 131.1490000 119.9830000 118.3620000
 131.8150000 120.9240000 116.6760000 131.3060000 120.8700000 115.8520000
 131.5240000 122.3180000 117.2810000 130.5730000 122.3660000 117.4660000
 132.2710000 122.5580000 118.6010000 133.2330000 122.5260000 118.4830000
 132.0650000 123.4350000 118.9610000 131.9900000 121.8940000 119.2500000
 131.8760000 123.4260000 116.2620000 131.5030000 123.1810000 115.4010000
 132.8390000 123.4910000 116.1660000 131.3280000 124.8120000 116.6260000
 131.4980000 125.4250000 115.8940000 130.3720000 124.7620000 116.7820000
 131.7660000 125.1560000 117.4200000 133.2880000 120.7670000 116.2790000
 133.6130000 120.9040000 115.0980000 134.1650000 120.3670000 117.2070000
 133.8980000 120.2720000 118.0190000 135.5860000 120.1660000 116.9050000
 135.9050000 120.9380000 116.4120000 136.4160000 120.0700000 118.1960000
 136.0400000 119.3970000 118.7850000 137.3200000 119.8070000 117.9630000
 136.4850000 121.4280000 118.9110000 135.6000000 121.6780000 119.2190000
 136.7740000 122.0950000 118.2680000 137.6310000 121.5020000 120.3130000
 136.7250000 120.5270000 121.5450000 135.8780000 120.9580000 121.7410000
 136.5610000 119.6340000 121.2040000 137.2490000 120.4670000 122.3590000
 135.8020000 118.9520000 115.9930000 136.4300000 119.0990000 114.9480000
 135.0820000 117.8480000 116.2200000 134.6020000 117.8230000 116.9330000
 135.0330000 116.6750000 115.3400000 135.9240000 116.2970000 115.2740000
 134.0870000 115.6250000 115.9510000 134.4610000 115.3220000 116.7930000
 133.2350000 116.0470000 116.1430000 133.8030000 114.4180000 115.0770000
 132.7780000 114.4680000 114.1120000 132.2640000 115.2370000 114.0190000
 132.5290000 113.3580000 113.2860000 131.8560000 113.3980000 112.6460000
 133.2930000 112.1880000 113.4350000 133.1270000 111.4540000 112.8880000
 134.2960000 112.1250000 114.4200000 134.7950000 111.3490000 114.5380000
 134.5460000 113.2360000 115.2410000 135.1990000 113.1820000 115.9010000
 134.5880000 117.0310000 113.9200000 135.2100000 116.5810000 112.9530000
 133.5560000 117.8700000 113.7850000 133.1480000 118.1340000 114.4950000
 133.0570000 118.3270000 112.4910000 132.9350000 117.5450000 111.9300000
 131.6880000 118.9960000 112.7060000 131.1000000 118.3650000 113.1490000
 131.8070000 119.7550000 113.2980000 131.0050000 119.4850000 111.4170000
 131.5840000 120.1120000 110.9560000 130.6640000 118.3310000 110.4700000
 131.4790000 117.9180000 110.1450000 130.1290000 117.6680000 110.9340000
 130.1670000 118.6670000 109.7080000 129.7060000 120.2090000 111.7710000
 129.9030000 120.9620000 112.3500000 129.2800000 120.5390000 110.9640000
 129.1030000 119.6050000 112.2320000 134.0620000 119.2450000 111.7770000
 134.3460000 119.0160000 110.6010000 134.7010000 120.1760000 112.4960000
 134.4870000 120.2760000 113.3230000 135.7700000 121.0160000 111.9420000
 135.4200000 121.4790000 111.1650000 136.2290000 122.0790000 112.9560000
 135.4760000 122.6470000 113.1850000 136.5240000 121.6440000 113.7710000
 137.3620000 122.9390000 112.4150000 138.7060000 122.5930000 112.6650000
 138.9110000 121.8770000 113.2220000 139.7520000 123.3120000 112.0520000
 140.6360000 123.0680000 112.2070000 139.4600000 124.3980000 111.2020000
 140.4610000 125.0830000 110.5860000 141.2200000 124.8150000 110.8280000
 138.1170000 124.7640000 110.9750000 137.9310000 125.4850000 110.4180000
 137.0710000 124.0330000 111.5750000 136.1850000 124.2630000 111.4090000
 136.9640000 120.1800000 111.4670000 137.3370000 120.2670000 110.3000000
 137.4510000 119.2600000 112.3050000 137.1080000 119.2260000 113.0930000
 138.5860000 118.3720000 112.0160000 139.3630000 118.9130000 111.8080000
 138.9010000 117.5160000 113.2670000 138.0670000 117.1170000 113.5590000
 139.8830000 116.3670000 112.9660000 139.4580000 115.6990000 112.4060000
 140.1560000 115.9290000 113.7870000 140.6740000 116.7080000 112.5200000
 139.4490000 118.3910000 114.4180000 140.4000000 118.5440000 114.3050000
 139.0160000 119.2590000 114.4160000 139.1970000 117.7590000 115.7910000
 138.2750000 117.4710000 115.8780000 139.7730000 116.9880000 115.9160000
 139.3740000 118.4210000 116.4780000 138.2890000 117.4960000 110.7960000
 139.0090000 117.5500000 109.8000000 137.1490000 116.8040000 110.8020000
 136.6500000 116.8510000 111.5010000 136.7690000 115.8610000 109.7430000
 137.4820000 115.2120000 109.6370000 135.5030000 115.1040000 110.1500000
 135.2820000 114.4560000 109.4620000 134.7640000 115.7250000 110.2480000
 135.7060000 114.4110000 111.3630000 135.6020000 114.9610000 111.9890000
 136.5580000 116.5320000 108.3790000 136.8070000 115.9050000 107.3500000
 136.1780000 117.8160000 108.3570000 136.0160000 118.2010000 109.1090000
 136.0950000 118.6240000 107.1380000 135.8280000 118.0540000 106.4000000
 135.0280000 119.7190000 107.3280000 135.2450000 120.2190000 108.1310000
 135.0730000 120.3330000 106.5790000 133.5850000 119.1900000 107.4440000
 133.5330000 118.4980000 108.1210000 132.6520000 120.3340000 107.8440000
 132.9370000 120.6910000 108.6990000 131.7460000 120.0010000 107.9390000
 132.6740000 121.0380000 107.1770000 133.0750000 118.6090000 106.1210000
 133.5960000 117.8260000 105.8830000 133.1440000 119.2710000 105.4160000
 132.1490000 118.3380000 106.2230000 137.4450000 119.2370000 106.7310000
 137.8310000 119.1380000 105.5700000 138.1780000 119.8630000 107.6550000
 137.8780000 119.8950000 108.4610000 139.4120000 120.5980000 107.3620000
 139.2650000 121.1130000 106.5530000 139.6610000 121.5990000 108.4990000
 140.4720000 122.1030000 108.3290000 138.9160000 122.2170000 108.5630000
 139.7430000 121.1370000 109.3480000 140.6310000 119.6930000 107.0780000
 141.5360000 120.1120000 106.3530000 140.5810000 118.4120000 107.4680000
 139.9550000 118.1840000 108.0110000 141.4790000 117.3550000 106.9740000
 142.3910000 117.6830000 106.9950000 141.3550000 116.1220000 107.8940000
 141.8340000 115.3840000 107.4860000 140.4200000 115.8690000 107.9380000
 141.8870000 116.2920000 109.3310000 141.4710000 117.0520000 109.7670000
 141.5860000 115.0250000 110.1320000 140.6250000 114.9010000 110.1770000
 141.9330000 115.1150000 111.0330000 141.9920000 114.2520000 109.7100000
 143.3940000 116.5000000 109.3580000 143.6190000 117.3400000 108.9290000
 143.7000000 116.5470000 110.2770000 143.8280000 115.7590000 108.9070000
 141.1940000 116.9390000 105.5120000 142.0350000 116.2930000 104.8800000
 139.9950000 117.2230000 104.9890000 139.4550000 117.7050000 105.4540000
 139.5380000 116.8140000 103.6610000 138.5930000 116.6010000 103.7160000
 140.0110000 116.0160000 103.3760000 139.7080000 117.9130000 102.6100000
 138.8810000 118.8180000 102.4970000 140.6470000 117.7360000 101.6750000
 141.2050000 117.0890000 101.7740000 140.7700000 118.6330000 100.5180000
 140.7490000 119.5430000 100.8530000 142.1190000 118.4490000  99.8050000
 142.0430000 118.7870000  98.8990000 142.3460000 117.5070000  99.7580000
 143.2290000 119.2140000 100.4790000 143.6390000 119.0260000 101.7940000
 144.5530000 119.9730000 102.0480000 144.9940000 120.0770000 102.8600000
 144.7950000 120.6870000 100.9350000 145.3960000 121.2990000 100.8660000
 143.9550000 120.2350000  99.9370000 143.8730000 120.5760000  99.0760000
 139.5780000 118.4790000  99.5620000 139.5980000 117.6550000  98.6520000
 138.6490000 119.4340000  99.6510000 138.6730000 119.8790000 100.3870000
 137.4380000 119.6110000  98.8320000 136.9510000 118.7720000  98.8310000
 136.5520000 120.6690000  99.5280000 135.8110000 120.9140000  98.9510000
 137.0810000 121.4670000  99.6810000 135.9740000 120.1930000 100.8710000
 136.4930000 119.4470000 101.2090000 136.0500000 120.9120000 101.5180000
 134.2330000 119.6900000 100.7890000 133.4300000 121.3180000 100.7900000
 132.4680000 121.2020000 100.7540000 133.7210000 121.8320000 100.0210000
 133.6610000 121.7940000 101.6030000 137.7080000 119.9670000  97.3460000
 137.1410000 120.9200000  96.8130000 138.5800000 119.2240000  96.6470000
 138.9500000 118.5680000  97.0630000 138.9860000 119.4930000  95.2510000
 139.3030000 120.4080000  95.1910000 140.1190000 118.5380000  94.8260000
 140.2830000 118.6710000  93.8790000 139.8360000 117.6190000  94.9560000
 141.4360000 118.7780000  95.5830000 141.3250000 118.5060000  96.5080000
 141.6490000 119.7240000  95.5560000 142.5980000 117.9880000  94.9570000
 142.6910000 118.2550000  94.0290000 142.3970000 117.0400000  94.9970000
 143.9050000 118.2810000  95.7110000 143.9950000 119.2430000  95.8010000
 143.8340000 117.9050000  96.6020000 145.1040000 117.7350000  95.0190000
 144.8920000 117.3780000  94.2320000 145.5100000 117.1220000  95.5200000
 145.6910000 118.3790000  94.8380000 137.8280000 119.3900000  94.2510000
 137.8320000 120.0860000  93.2400000 136.8670000 118.4970000  94.4920000
 136.9500000 118.0090000  95.1950000 135.6440000 118.3570000  93.6930000
 135.2950000 119.2410000  93.4980000 135.9560000 117.6560000  92.3650000
 136.5560000 118.2130000  91.8450000 136.3950000 116.8090000  92.5420000
 134.7740000 117.4210000  91.6150000 135.0120000 117.0400000  90.9060000
 134.5840000 117.5610000  94.4510000 134.8760000 116.4750000  94.9450000
 133.3160000 117.9660000  94.3270000 133.1710000 118.7130000  93.9260000
 132.1660000 117.2250000  94.8570000 132.2370000 117.1740000  95.8230000
 130.9040000 118.0360000  94.5160000 130.8460000 118.1850000  93.5590000
 130.9480000 118.8930000  94.9690000 129.4120000 117.1640000  95.0660000
 128.6000000 117.9690000  94.7010000 132.0940000 115.7680000  94.3420000
 131.8930000 114.8510000  95.1330000 132.5000000 115.5120000  93.0860000
 132.7760000 116.1730000  92.6100000 132.5640000 114.1450000  92.5270000
 131.7320000 113.6890000  92.7300000 132.7690000 114.1840000  91.0040000
 133.3520000 114.9190000  90.7590000 133.2000000 113.3590000  90.7310000
 131.4380000 114.2840000  90.2500000 131.0270000 115.1480000  90.4100000
 130.8450000 113.5870000  90.5700000 131.6750000 114.0810000  88.7490000
 132.2590000 113.3140000  88.6360000 132.1280000 114.8600000  88.3890000
 130.4030000 113.8630000  88.0300000 129.7480000 114.3740000  88.2530000
 130.1540000 112.9330000  87.1230000 131.0640000 112.1010000  86.6950000
 131.8650000 112.1610000  87.0020000 130.8840000 111.5000000  86.1070000
 128.9550000 112.8170000  86.6240000 128.3220000 113.3350000  86.8900000
 128.7890000 112.2040000  86.0440000 133.6330000 113.2460000  93.1550000
 133.4480000 112.0330000  93.1540000 134.7480000 113.8110000  93.6300000
 134.7840000 114.6700000  93.6550000 135.8500000 113.0570000  94.2560000
 135.7180000 112.1150000  94.0650000 137.1990000 113.4710000  93.6320000
 137.5800000 114.2090000  94.1330000 137.0510000 113.7650000  92.7200000
 138.1880000 112.2920000  93.5900000 138.3810000 111.9970000  94.4940000
 137.7780000 111.5580000  93.1060000 139.5030000 112.6610000  92.8910000
 139.2960000 112.9740000  91.9970000 139.9320000 113.3780000  93.3840000
 140.4200000 111.5030000  92.8120000 140.3080000 110.8890000  93.4040000
 141.5000000 111.4090000  92.0590000 141.9150000 112.4040000  91.3270000
 141.4610000 113.1340000  91.3500000 142.5680000 112.2950000  90.7780000
 142.1940000 110.3100000  91.9830000 142.8440000 110.2540000  91.4220000
 141.9010000 109.5750000  92.3200000 135.8420000 113.1450000  95.7850000
 136.6170000 112.4450000  96.4240000 134.8650000 113.8510000  96.3660000
 134.3550000 114.3110000  95.8490000 134.7780000 114.1440000  97.7980000
 135.5440000 114.6890000  98.0350000 133.5090000 114.9880000  98.0370000
 132.7170000 114.4800000  97.8020000 133.5620000 115.7380000  97.4250000
 133.3450000 115.5600000  99.4610000 134.2160000 115.7850000  99.8240000
 132.5030000 116.8370000  99.3900000 132.9590000 117.5040000  98.8530000
 132.3860000 117.2000000 100.2820000 131.6330000 116.6470000  99.0060000
 132.6270000 114.5980000 100.4090000 133.1610000 113.8020000 100.5580000
 132.4970000 115.0290000 101.2680000 131.7610000 114.3520000 100.0490000
 134.8600000 112.8810000  98.6650000 135.8010000 112.7580000  99.4330000
 134.0850000 111.8370000  98.3580000 133.4980000 111.9380000  97.7380000
 134.1050000 110.5740000  99.1170000 134.1250000 110.8040000 100.0590000
 132.7990000 109.7950000  98.8510000 132.7640000 109.5830000  97.9050000
 132.8330000 108.9620000  99.3460000 131.4940000 110.5160000  99.2430000
 131.4330000 111.3640000  98.7760000 130.3020000 109.6530000  98.8260000
 130.3250000 109.4970000  97.8690000 129.4740000 110.1080000  99.0460000
 130.3270000 108.8020000  99.2910000 131.3920000 110.7670000 100.7490000
 132.0890000 111.3760000 101.0380000 131.4760000 109.9320000 101.2360000
 130.5350000 111.1710000 100.9590000 135.3620000 109.6890000  98.9020000
 135.4120000 108.5800000  99.4340000 136.3520000 110.1360000  98.1170000
 136.2670000 110.9330000  97.8060000 137.6750000 109.4960000  97.9370000
 137.6970000 108.6600000  98.4280000 137.9600000 109.1800000  96.4510000
 137.9250000 110.0040000  95.9410000 139.3440000 108.5500000  96.2350000
 140.0400000 109.1770000  96.4860000 139.4330000 107.7470000  96.7720000
 139.4660000 108.3310000  95.2980000 136.9240000 108.2210000  95.8570000
 136.0440000 108.6270000  95.8950000 137.1340000 108.0450000  94.9270000
 136.9260000 107.3870000  96.3520000 138.7940000 110.3730000  98.5060000
 139.5560000 109.9040000  99.3520000 138.8240000 111.6550000  98.1250000
 138.2760000 111.9110000  97.5140000 139.7780000 112.6590000  98.6210000
 140.6740000 112.2970000  98.5360000 139.6940000 113.9430000  97.7670000
 140.2790000 114.6080000  98.1630000 138.7860000 114.2810000  97.8180000
 140.0820000 113.8180000  96.2810000 140.5310000 112.7340000  95.8430000
 139.9670000 114.8430000  95.5650000 139.5630000 113.0040000 100.1130000
 140.4920000 113.4520000 100.7880000 138.3700000 112.7080000 100.6410000
 137.7570000 112.4410000 100.1000000 138.0120000 112.7320000 102.0570000
 138.0700000 113.6450000 102.3780000 136.5580000 112.2810000 102.2410000
 135.9620000 112.9630000 101.8930000 136.4070000 111.4310000 101.7980000
 136.2130000 112.1770000 103.5920000 136.0220000 111.3730000 103.7430000
 138.9470000 111.8840000 102.9130000 139.3850000 110.7940000 102.5290000
 139.1230000 112.3810000 104.1360000 138.7000000 113.1070000 104.3180000
 139.8980000 111.7840000 105.2150000 140.1030000 110.8650000 104.9820000
 141.2270000 112.5550000 105.3580000 141.7270000 112.1950000 106.1070000
 141.0430000 113.4900000 105.5390000 142.1030000 112.4410000 104.0990000
 142.1560000 111.5110000 103.8270000 141.7100000 112.9580000 103.3780000
 143.5220000 112.9480000 104.3570000 143.4920000 113.8590000 104.6880000
 143.9490000 112.3760000 105.0140000 144.3090000 112.8890000 103.0480000
 143.8540000 113.4390000 102.3910000 144.3130000 111.9740000 102.7270000
 145.6940000 113.3660000 103.2530000 145.9190000 113.9790000 102.6480000
 145.7690000 113.7550000 104.0500000 146.2530000 112.6750000 103.2000000
 139.0650000 111.7170000 106.5030000 139.6120000 111.8320000 107.5910000
 137.7400000 111.5740000 106.3970000 137.4100000 111.4150000 105.6190000
 136.8280000 111.4950000 107.5500000 136.9880000 112.2610000 108.1240000
 135.3560000 111.5640000 107.0900000 135.2120000 110.9260000 106.3740000
 134.3640000 111.2490000 108.2140000 134.4360000 110.3170000 108.4730000
 133.4560000 111.4100000 107.9120000 134.5510000 111.8110000 108.9830000
 135.0090000 112.9700000 106.5820000 135.0050000 113.5990000 107.3200000
 135.6620000 113.2770000 105.9340000 134.1340000 112.9640000 106.1640000
 137.0950000 110.2310000 108.3780000 137.1490000 110.3230000 109.6000000
 137.4600000 109.1030000 107.7450000 137.4370000 109.0890000 106.8850000
 137.9300000 107.9000000 108.4670000 137.2650000 107.6700000 109.1340000
 138.0780000 106.6720000 107.5510000 137.2260000 106.4760000 107.1300000
 138.3120000 105.9120000 108.1070000 139.0660000 106.8130000 106.5500000
 138.6490000 106.9840000 105.8410000 139.2420000 108.1350000 109.2230000
 139.3460000 107.7570000 110.3890000 140.1770000 108.8880000 108.6340000
 140.0350000 109.1320000 107.8220000 141.4180000 109.3050000 109.2900000
 141.8030000 108.5240000 109.7180000 142.4030000 109.8090000 108.2190000
 142.0170000 110.6090000 107.8290000 142.4880000 109.1450000 107.5170000
 143.8070000 110.1640000 108.7510000 143.7270000 110.7250000 109.5380000
 144.6200000 108.9170000 109.1050000 144.1780000 108.4290000 109.8170000
 144.7130000 108.3450000 108.3270000 145.4980000 109.1800000 109.4210000
 144.5820000 110.9700000 107.7110000 144.0960000 111.7850000 107.5080000
 145.4470000 111.2120000 108.0770000 144.6990000 110.4500000 106.9010000
 141.1770000 110.3550000 110.3920000 141.8600000 110.3130000 111.4070000
 140.1710000 111.2240000 110.2590000 139.7550000 111.2420000 109.5060000
 139.7690000 112.1930000 111.2850000 139.1510000 112.8300000 110.8940000
 140.5490000 112.6730000 111.6040000 139.0790000 111.5440000 112.4860000
 139.5250000 111.7420000 113.6120000 138.2190000 110.5510000 112.2360000
 137.9660000 110.4370000 111.4220000 137.6750000 109.6530000 113.2660000
 137.2250000 110.1890000 113.9370000 136.6450000 108.6810000 112.6350000
 137.0560000 108.2700000 111.8580000 136.2500000 107.5570000 113.6110000
 137.0100000 106.9800000 113.7860000 135.9390000 107.9370000 114.4480000
 135.5470000 107.0050000 113.2350000 135.3690000 109.4250000 112.1770000
 134.7920000 109.5700000 112.9430000 135.6010000 110.2940000 111.8130000
 134.5710000 108.6720000 111.1040000 133.8150000 109.2150000 110.8310000
 135.1300000 108.5010000 110.3300000 134.2380000 107.8300000 111.4520000
 138.8110000 108.9010000 113.9770000 138.8700000 108.8960000 115.2050000
 139.7880000 108.3880000 113.2220000 139.6980000 108.4110000 112.3670000
 140.9580000 107.7050000 113.7720000 140.6450000 107.0160000 114.3780000
 141.6810000 107.0020000 112.6220000 142.3800000 106.4420000 112.9940000
 142.0770000 107.6540000 112.0230000 141.0590000 106.4430000 112.1300000
 141.9040000 108.6350000 114.5670000 142.4400000 108.2340000 115.5980000
 142.0390000 109.8940000 114.1420000 141.6580000 110.1030000 113.4000000
 142.8130000 110.9470000 114.8050000 143.6630000 110.5860000 115.1010000
 142.9870000 111.6540000 114.1640000 142.1210000 111.5800000 116.0150000
 142.7770000 112.2890000 116.7680000 140.8470000 111.2610000 116.2650000
 140.4190000 110.8340000 115.6540000 140.1060000 111.6940000 117.4610000
 140.6280000 112.3570000 117.9400000 138.7830000 112.3780000 117.0520000
 138.3090000 111.7860000 116.4470000 137.8790000 112.6440000 118.2730000
 137.6140000 111.8110000 118.6940000 137.0680000 113.1070000 118.0110000
 138.3530000 113.1850000 118.9240000 139.0930000 113.7050000 116.3190000
 139.8010000 113.5710000 115.6700000 139.4030000 114.3670000 116.9570000
 137.8900000 114.2580000 115.5550000 138.1670000 115.0220000 115.0250000
 137.5350000 113.5810000 114.9590000 137.2070000 114.5470000 116.1800000
 139.9020000 110.5330000 118.4400000 140.1560000 110.7020000 119.6280000
 139.6300000 109.3090000 117.9660000 139.4670000 109.2110000 117.1270000
 139.5390000 108.1390000 118.8540000 138.9240000 108.3730000 119.5660000
 138.9270000 106.9260000 118.1220000 138.6210000 106.2920000 118.7900000
 138.1390000 107.2460000 117.6560000 139.8300000 106.1750000 117.1190000
 140.3380000 106.8250000 116.6090000 140.8070000 105.1760000 117.7550000
 141.1770000 104.5890000 117.0770000 141.5520000 105.6410000 118.1660000
 140.3560000 104.6430000 118.4290000 138.9530000 105.3730000 116.1530000
 138.4530000 104.7010000 116.6420000 139.5060000 104.9420000 115.4830000
 138.3350000 105.9720000 115.7050000 140.8730000 107.8060000 119.5360000
 140.8630000 107.1640000 120.5850000 142.0060000 108.2390000 118.9680000
 141.9510000 108.6510000 118.2150000 143.3280000 108.1050000 119.5960000
 143.3770000 107.2000000 119.9420000 144.4480000 108.2540000 118.5410000
 144.1840000 107.7360000 117.7640000 144.6380000 109.7010000 118.0670000
 145.2170000 109.7220000 117.2890000 145.0330000 110.2440000 118.7670000
 143.7810000 110.0810000 117.8190000 145.8060000 107.6920000 119.0110000
 146.4600000 107.8420000 118.3100000 146.1070000 108.1570000 119.8070000
 145.7510000 106.1810000 119.2840000 145.2010000 105.7380000 118.6190000
 146.6440000 105.8060000 119.2350000 145.3850000 106.0180000 120.1670000
 143.4790000 109.0320000 120.8150000 143.6570000 108.4920000 121.9010000
 142.9630000 110.2680000 120.7280000 142.7810000 110.5750000 119.9460000
 142.8170000 111.1960000 121.8690000 143.6920000 111.3410000 122.2610000
 142.2620000 112.5690000 121.4250000 141.3850000 112.4470000 121.0300000
 142.0850000 113.5330000 122.6060000 141.6480000 114.3400000 122.2910000
 142.9480000 113.7590000 122.9880000 141.5160000 113.1520000 123.2930000
 143.1520000 113.2580000 120.3830000 142.7600000 114.1040000 120.1150000
 143.2530000 112.7020000 119.5950000 144.0300000 113.4260000 120.7600000
 141.9210000 110.6030000 122.9570000 142.3190000 110.5420000 124.1190000
 140.7560000 110.0570000 122.5840000 140.5320000 110.1200000 121.7560000
 139.8320000 109.4390000 123.5490000 139.6450000 110.0820000 124.2510000
 138.5050000 109.0480000 122.8680000 137.9070000 108.7410000 123.5670000
 138.6650000 108.2980000 122.2740000 137.7810000 110.1430000 122.0620000
 138.2370000 110.2760000 121.2160000 136.3530000 109.6910000 121.7510000
 135.9170000 110.3500000 121.1880000 135.8490000 109.5950000 122.5740000
 136.3730000 108.8410000 121.2840000 137.7100000 111.4790000 122.7930000
 138.5980000 111.8580000 122.8860000 137.3190000 111.3510000 123.6710000
 137.1770000 112.1040000 122.2770000 140.4510000 108.2080000 124.2330000
 140.3120000 108.0260000 125.4430000 141.2250000 107.4230000 123.4800000
 141.3360000 107.6410000 122.6560000 141.9900000 106.2930000 124.0090000
 141.3900000 105.7120000 124.5030000 142.6350000 105.4890000 122.8770000
 143.2850000 106.0230000 122.3950000 143.0930000 104.7290000 123.2690000
 141.6630000 105.0010000 121.9800000 141.3830000 105.6590000 121.5400000
 143.0900000 106.7380000 124.9690000 143.2430000 106.1370000 126.0260000
 143.7900000 107.8310000 124.6720000 143.6760000 108.1950000 123.9010000
 144.8620000 108.3920000 125.4960000 145.4710000 107.6780000 125.7410000
 145.6310000 109.4050000 124.6460000 145.0300000 110.1180000 124.3780000
 146.3700000 109.7770000 125.1520000 146.1450000 108.7730000 123.4880000
 146.0130000 109.2890000 122.8390000 144.3560000 109.0430000 126.7920000
 144.9440000 108.8150000 127.8510000 143.1500000 109.6220000 126.7770000
 142.7740000 109.7460000 126.0140000 142.4350000 110.0600000 127.9880000
 143.0290000 110.6140000 128.5180000 141.2010000 110.9050000 127.6190000
 140.6600000 110.4350000 126.9650000 140.3240000 111.2410000 128.8340000
 139.6150000 111.8490000 128.5730000 139.9100000 110.4380000 129.1870000
 140.8580000 111.6600000 129.5270000 141.6660000 112.2300000 127.0280000
 142.1850000 112.0880000 126.2210000 142.2220000 112.6840000 127.6800000
 140.8990000 112.7810000 126.8060000 142.0400000 108.8770000 128.8670000
 142.4890000 108.7940000 130.0090000 141.3550000 107.8780000 128.3020000
 141.1020000 107.9590000 127.4840000 140.9700000 106.6690000 129.0340000
 140.4480000 106.9300000 129.8090000 140.0840000 105.8210000 128.1140000
 139.7800000 105.0340000 128.5920000 139.3110000 106.3380000 127.8370000
 140.5820000 105.5470000 127.3280000 142.1870000 105.8690000 129.5440000
 142.1450000 105.2830000 130.6240000 143.3060000 105.9290000 128.8220000
 143.2620000 106.3200000 128.0570000 144.5880000 105.3540000 129.2090000
 144.4530000 104.4290000 129.4680000 145.4850000 105.3900000 127.9660000
 145.0400000 104.9310000 127.2370000 145.6450000 106.3100000 127.7050000
 147.0610000 104.5720000 128.2650000 147.3950000 104.4570000 127.1180000
 145.2210000 106.0750000 130.4130000 145.6460000 105.3960000 131.3460000
 145.2110000 107.4160000 130.4410000 144.8880000 107.8350000 129.7630000
 145.6970000 108.2220000 131.5780000 146.5980000 107.9380000 131.7960000
 145.7770000 109.7050000 131.1910000 144.8860000 110.0460000 131.0140000
 146.3180000 109.7990000 130.3920000 146.3690000 110.4400000 132.2450000
 146.2950000 111.2660000 132.1110000 144.8310000 108.0480000 132.8350000
 145.3440000 107.6650000 133.8870000 143.5010000 108.0700000 132.6690000
 143.1960000 108.2870000 131.8950000 142.5410000 107.7920000 133.7460000
 142.7000000 108.4090000 134.4780000 141.1030000 107.9860000 133.2220000
 140.9790000 107.4040000 132.4560000 140.4850000 107.6920000 133.9090000
 140.7280000 109.4260000 132.8170000 141.3750000 109.7730000 132.1830000
 139.3520000 109.4170000 132.1470000 138.6800000 109.0870000 132.7640000
 139.1130000 110.3170000 131.8760000 139.3700000 108.8520000 131.3580000
 140.6630000 110.3690000 134.0150000 140.3870000 111.2510000 133.7220000
 140.0230000 110.0350000 134.6630000 141.5380000 110.4400000 134.4290000
 142.7170000 106.3760000 134.3190000 142.8060000 106.2060000 135.5330000
 142.8740000 105.3650000 133.4590000 142.7960000 105.5250000 132.6180000
 143.0350000 103.9750000 133.8860000 142.3180000 103.7490000 134.4990000
 142.9630000 103.3970000 133.1100000 144.3720000 103.6810000 134.5730000
 144.3760000 103.0410000 135.6250000 145.4870000 104.2440000 134.0900000
 145.4400000 104.7180000 133.3740000 146.8000000 104.0350000 134.7270000
 146.8520000 103.0930000 134.9510000 147.9630000 104.3060000 133.7540000
 147.7680000 103.8520000 132.9190000 148.1870000 105.7860000 133.4480000
 147.3500000 106.1870000 133.1680000 148.5130000 106.2570000 134.2310000
 148.8250000 105.8730000 132.7230000 149.2860000 103.7410000 134.2850000
 149.1900000 102.7910000 134.4570000 149.9840000 103.8700000 133.6240000
 149.5410000 104.1910000 135.1060000 146.9440000 104.7950000 136.0490000
 147.4530000 104.2160000 137.0070000 146.3460000 105.9840000 136.1940000
 145.9840000 106.3660000 135.5140000 146.2940000 106.6650000 137.4940000
 147.1610000 106.5520000 137.9130000 146.0700000 108.1680000 137.3180000
 145.3780000 108.3210000 136.6560000 145.7470000 108.5290000 138.1580000
 147.3310000 108.9310000 136.9580000 148.4690000 108.8550000 137.7880000
 148.4530000 108.3300000 138.5560000 149.6280000 109.5900000 137.4830000
 150.3720000 109.5390000 138.0380000 149.6470000 110.4200000 136.3520000
 150.4040000 110.9220000 136.1510000 148.5080000 110.5110000 135.5360000
 148.5110000 111.0750000 134.7970000 147.3570000 109.7610000 135.8250000
 146.6090000 109.8270000 135.2760000 145.2900000 106.0540000 138.4790000
 145.6360000 105.9040000 139.6500000 144.2040000 105.4580000 137.9830000
 143.9960000 105.6160000 137.1640000 143.2960000 104.6110000 138.7710000
 142.9980000 105.1120000 139.5460000 142.0690000 104.3110000 137.9040000
 142.3530000 103.9490000 137.0500000 141.5890000 105.1380000 137.7450000
 141.2000000 103.3880000 138.5130000 141.1850000 102.6940000 138.0400000
 143.9710000 103.3230000 139.2830000 143.8100000 102.9640000 140.4500000
 144.8940000 102.7420000 138.5040000 144.9710000 103.0250000 137.6960000
 145.7930000 101.6690000 138.9540000 145.2600000 100.9960000 139.4060000
 146.4510000 100.9990000 137.7330000 145.8150000 100.3860000 137.3330000
 146.6490000 101.6770000 137.0680000 147.7350000 100.2480000 138.0470000
 147.7060000  99.1360000 138.9120000 146.8940000  98.8470000 139.2610000
 148.9060000  98.5200000 139.3150000 148.8840000  97.8100000 139.9150000
 150.1410000  99.0070000 138.8350000 151.3030000  98.4420000 139.2560000
 151.9450000  98.6900000 138.7740000 150.1700000 100.1040000 137.9480000
 150.9890000 100.4290000 137.6510000 148.9680000 100.7290000 137.5640000
 148.9900000 101.4820000 137.0190000 146.8450000 102.1350000 139.9820000
 147.0520000 101.4520000 140.9840000 147.4400000 103.3210000 139.7970000
 147.2760000 103.7390000 139.0640000 148.3430000 103.9600000 140.7800000
 149.0170000 103.3130000 141.0420000 149.0680000 105.1610000 140.1130000
 148.3920000 105.7100000 139.6860000 149.8200000 106.0670000 141.1070000
 150.2680000 106.7910000 140.6430000 150.4730000 105.5480000 141.6030000
 149.1990000 106.4680000 141.7360000 150.0600000 104.6600000 139.0330000
 149.6710000 103.9170000 138.5450000 150.8640000 104.3290000 139.4630000
 150.4480000 105.7230000 137.9940000 151.0370000 105.3240000 137.3340000
 150.9110000 106.4640000 138.4150000 149.6540000 106.0510000 137.5440000
 147.5960000 104.3470000 142.0760000 148.2140000 104.4450000 143.1350000
 146.2630000 104.4380000 142.0260000 145.8940000 104.3620000 141.2530000
 145.3790000 104.6970000 143.1630000 144.5710000 104.1730000 143.0450000
 145.8110000 104.4120000 143.9840000 144.9620000 106.1610000 143.3320000
 144.3180000 106.4800000 144.3290000 145.3000000 107.0460000 142.3850000
 145.6260000 106.7420000 141.6500000 144.8450000 108.4400000 142.4170000
 144.9680000 108.7670000 143.3220000 145.6940000 109.3280000 141.4900000
 145.5170000 109.0610000 140.5740000 145.3860000 110.2410000 141.5970000
 147.2190000 109.2950000 141.7110000 147.5640000 108.4430000 141.4020000
 147.8890000 110.4090000 140.9030000 148.8530000 110.3470000 140.9900000
 147.6560000 110.3270000 139.9650000 147.5930000 111.2760000 141.2230000
 147.6340000 109.4970000 143.1700000 148.6010000 109.5300000 143.2360000
 147.3200000 108.7550000 143.7090000 147.2590000 110.3240000 143.5110000
 143.3470000 108.5240000 142.0440000 142.9580000 107.9800000 141.0060000
 142.4940000 109.1550000 142.8740000 142.8140000 109.7600000 144.1620000
 143.1440000 109.0770000 144.7660000 143.4700000 110.4680000 144.0630000
 141.5030000 110.3300000 144.7050000 141.4040000 111.2540000 144.4260000
 141.4520000 110.2550000 145.6710000 140.4520000 109.4630000 144.0140000
 140.3900000 108.6090000 144.4710000 139.5810000 109.8880000 143.9760000
 141.0580000 109.2590000 142.6250000 140.7190000 108.4320000 142.2480000
 140.7030000 110.4100000 141.6640000 141.5540000 111.1890000 141.2420000
 139.4160000 110.5190000 141.3310000 138.8710000 109.9360000 141.6520000
 138.8590000 111.4480000 140.3540000 139.5900000 111.8930000 139.8970000
 138.0730000 110.5830000 139.3480000 138.6080000 109.8110000 139.1060000
 137.2790000 110.2490000 139.7940000 137.6510000 111.2940000 138.0580000
 137.2110000 112.1340000 138.2630000 138.8730000 111.5460000 137.1760000
 138.6090000 111.9960000 136.3580000 139.2960000 110.7010000 136.9570000
 139.5090000 112.1120000 137.6410000 136.6820000 110.3870000 137.3000000
 137.0930000 109.5250000 137.1280000 136.4320000 110.7930000 136.4550000
 135.8770000 110.2560000 137.8260000 137.9800000 112.5120000 141.0390000
 136.9770000 112.1780000 141.6610000 138.2260000 113.8010000 140.8040000
 138.9240000 114.0230000 140.3530000 137.4690000 114.8930000 141.4630000
 137.2660000 114.6150000 142.3700000 138.3160000 116.1690000 141.5690000
 137.8560000 116.8020000 142.1430000 139.7220000 115.9450000 142.1270000
 140.1590000 116.8000000 142.2620000 139.6710000 115.4740000 142.9740000
 140.2530000 115.4240000 141.5050000 138.4620000 116.7470000 140.2960000
 138.6720000 117.5500000 140.4250000 136.1120000 115.2270000 140.8190000
 135.5530000 116.2860000 141.0950000 135.6730000 114.4130000 139.8490000
 136.0980000 113.6690000 139.7770000 134.5690000 114.6280000 138.8930000
 134.5810000 113.8550000 138.3070000 133.2180000 114.5680000 139.6380000
 133.2000000 113.7650000 140.1820000 133.1570000 115.3310000 140.2330000
 131.9700000 114.5700000 138.7320000 131.9660000 115.3870000 138.2100000
 131.9300000 113.3780000 137.7730000 132.6390000 113.4500000 137.1140000
 132.0040000 112.5460000 138.2660000 131.0850000 113.3850000 137.2980000
 130.7120000 114.5220000 139.6000000 130.6810000 115.2980000 140.1820000
 129.9230000 114.5290000 139.0350000 130.6980000 113.7150000 140.1380000
 134.7320000 115.8460000 137.9500000 134.8790000 115.6490000 136.7480000
 135.0770000 117.0210000 138.4780000 135.0330000 117.0840000 139.3350000
 135.3940000 118.2360000 137.7030000 134.6120000 118.4850000 137.1860000
 135.7110000 119.3910000 138.6880000 136.3830000 119.0780000 139.3130000
 136.2830000 120.6300000 137.9710000 137.0990000 120.4140000 137.4930000
 135.6250000 120.9730000 137.3460000 136.4990000 121.3250000 138.6120000
 134.4380000 119.7650000 139.4880000 133.7660000 120.1100000 138.8800000
 134.0730000 118.9700000 139.9070000 134.6610000 120.7920000 140.6070000
 133.8490000 120.8730000 141.1320000 134.8690000 121.6630000 140.2350000
 135.3820000 120.5000000 141.1870000 136.5350000 118.0000000 136.6920000
 136.4720000 118.4720000 135.5560000 137.5530000 117.2010000 137.0450000
 137.5610000 116.8810000 137.8430000 138.6900000 116.9350000 136.1400000
 138.9410000 117.7820000 135.7400000 139.9500000 116.4410000 136.8710000
 140.6440000 116.3010000 136.2080000 140.4770000 117.5220000 137.8180000
 140.7490000 118.2980000 137.3040000 141.2300000 117.1800000 138.3250000
 139.7840000 117.8150000 138.4300000 139.7470000 115.1060000 137.5930000
 140.5550000 114.8680000 138.0740000 139.0040000 115.1630000 138.2140000
 139.5650000 114.4170000 136.9350000 138.3670000 116.0180000 134.9560000
 139.0180000 116.1730000 133.9250000 137.3880000 115.1040000 135.0430000
 136.8530000 115.1340000 135.7160000 137.0000000 114.2950000 133.8680000
 137.8200000 114.0520000 133.4100000 136.3220000 112.9500000 134.2350000
 137.0020000 112.4170000 134.6770000 135.1540000 113.1030000 135.2160000
 134.5300000 113.7750000 134.9000000 134.6720000 112.2700000 135.3360000
 135.5050000 113.3560000 136.0840000 135.8910000 112.1540000 132.9820000
 136.6120000 112.1860000 132.3340000 135.1080000 112.5660000 132.5850000
 135.5880000 110.6730000 133.2500000 135.4390000 110.2190000 132.4060000
 134.7850000 110.5790000 133.7860000 136.3340000 110.2560000 133.7080000
 136.2110000 115.1120000 132.8360000 136.3940000 114.8550000 131.6510000
 135.5510000 116.2010000 133.2430000 135.4470000 116.3400000 134.0850000
 134.9460000 117.1630000 132.3090000 134.6000000 116.6700000 131.5490000
 133.7570000 117.8680000 132.9920000 133.1380000 117.1940000 133.3140000
 134.0890000 118.3480000 133.7670000 132.9810000 118.8680000 132.1060000
 133.5810000 119.5870000 131.8550000 132.2760000 119.2550000 132.6490000
 132.3450000 118.2660000 130.8370000 132.3490000 117.0210000 130.7030000
 131.9800000 119.0500000 129.9270000 131.6043683 118.5460252 129.2013903
 135.9680000 118.1680000 131.7500000 136.0590000 118.3390000 130.5380000
 136.8570000 118.7510000 132.5710000 136.7540000 118.6430000 133.4180000
 137.7320000 119.8360000 132.0690000 137.2190000 120.2800000 131.3760000
 137.9500000 120.9300000 133.1320000 137.0980000 121.1010000 133.5630000
 138.9640000 120.5520000 134.2130000 139.0410000 121.2760000 134.8540000
 138.6420000 119.7650000 134.6790000 139.8330000 120.3700000 133.8230000
 138.4060000 122.2470000 132.4940000 138.3410000 122.9520000 133.1570000
 137.8230000 122.4730000 131.7520000 139.3210000 122.1770000 132.1800000
 139.0230000 119.3770000 131.3640000 139.5380000 120.1140000 130.5230000
 139.5060000 118.1430000 131.5710000 139.0930000 117.6430000 132.1360000
 140.6230000 117.5530000 130.7930000 141.3610000 118.1810000 130.8350000
 141.1180000 116.2300000 131.4430000 140.3430000 115.6900000 131.6640000
 142.0140000 115.3890000 130.5070000 142.3020000 114.5760000 130.9520000
 142.7930000 115.9030000 130.2430000 141.5210000 115.1150000 129.7180000
 141.8960000 116.5570000 132.7410000 142.7270000 117.0040000 132.5150000
 141.3720000 117.1700000 133.2800000 142.2170000 115.3380000 133.6160000
 142.8620000 114.7640000 133.1750000 142.5970000 115.6400000 134.4560000
 141.4090000 114.8340000 133.7980000 140.3260000 117.3850000 129.2800000
 141.1850000 117.7810000 128.4810000 139.2180000 116.7450000 128.8360000
 138.1720000 116.1320000 129.6380000 137.9170000 116.6620000 130.4100000
 138.4580000 115.2520000 129.9300000 136.9780000 115.9990000 128.7050000
 136.3500000 115.3210000 128.9980000 136.5380000 116.8560000 128.5960000
 137.6470000 115.6310000 127.3950000 137.7870000 114.6720000 127.3660000
 137.1000000 115.9240000 126.6490000 139.0030000 116.3480000 127.4370000
 139.6790000 115.6960000 127.1950000 139.0670000 117.4850000 126.4070000
 139.6320000 117.2840000 125.3290000 138.6810000 118.7140000 126.7680000
 138.2910000 118.8220000 127.5270000 138.8510000 119.8770000 125.8850000
 138.3610000 119.7160000 125.0640000 138.2860000 121.1430000 126.5520000
 138.3500000 121.8760000 125.9200000 138.8480000 121.3730000 127.3080000
 136.8510000 121.0620000 127.0390000 136.5920000 120.8260000 128.4020000
 137.2930000 120.6870000 128.9970000 135.2700000 120.7870000 128.8740000
 135.0890000 120.6100000 129.7690000 134.1990000 120.9810000 127.9920000
 133.3290000 120.9240000 128.3160000 134.4520000 121.2380000 126.6350000
 133.7310000 121.3880000 126.0670000 135.7750000 121.2720000 126.1530000
 135.9340000 121.4470000 125.2540000 140.3260000 120.1220000 125.5110000
 140.6270000 120.4650000 124.3700000 141.2470000 119.9330000 126.4620000
 140.9730000 119.6070000 127.2090000 142.6480000 120.3780000 126.3920000
 142.6850000 121.2290000 125.9290000 143.2130000 120.5690000 127.8180000
 143.4980000 119.7070000 128.1600000 143.9960000 121.1390000 127.7670000
 142.2280000 121.1500000 128.8420000 141.4720000 120.5480000 128.9180000
 142.8820000 121.2370000 130.2170000 143.1700000 120.3540000 130.4960000
 143.6470000 121.8330000 130.1880000 142.2340000 121.5650000 130.8600000
 141.7100000 122.5240000 128.4330000 140.9910000 122.7590000 129.0410000
 141.3410000 122.5070000 127.5360000 142.4220000 123.1820000 128.4770000
 143.5260000 119.3810000 125.6370000 144.3020000 119.7380000 124.7540000
 143.3390000 118.1060000 125.9590000 142.7710000 117.9410000 126.5830000
 144.0120000 116.9680000 125.3210000 144.9630000 117.1520000 125.2800000
 143.8110000 115.6970000 126.1610000 144.2510000 114.9520000 125.7210000
 144.4490000 115.8600000 127.5470000 145.3960000 116.0460000 127.4530000
 144.3400000 115.0390000 128.0520000 144.0270000 116.5820000 128.0380000
 142.3250000 115.3600000 126.3160000 141.7860000 116.1630000 126.3880000
 142.1790000 114.8620000 127.1360000 142.0170000 114.8470000 125.5530000
 143.5400000 116.7540000 123.8840000 144.3810000 116.5070000 123.0250000
 142.2780000 117.0780000 123.5630000 141.7190000 117.2650000 124.1890000
 141.8430000 117.2250000 122.1720000 142.1690000 116.4610000 121.6710000
 140.3020000 117.2200000 122.1030000 139.9950000 116.4510000 122.6090000
 139.9470000 118.0120000 122.5360000 139.7400000 117.1060000 120.6680000
 140.2800000 116.4840000 120.1560000 138.3080000 116.5710000 120.6930000
 138.2800000 115.7210000 121.1600000 137.9850000 116.4380000 119.7880000
 137.7320000 117.2040000 121.1500000 139.6800000 118.4490000 119.9390000
 139.2390000 119.1060000 120.5000000 139.1910000 118.3550000 119.1060000
 140.5720000 118.7650000 119.7280000 142.4890000 118.4510000 121.5240000
 143.1220000 118.3060000 120.4830000 142.4720000 119.6100000 122.1870000
 142.0230000 119.6620000 122.9190000 143.0530000 120.8460000 121.6660000
 142.5940000 121.0660000 120.8400000 142.7630000 121.9610000 122.6780000
 143.1970000 122.7880000 122.4170000 143.0930000 121.7170000 123.5570000
 141.8070000 122.1160000 122.7270000 144.5550000 120.7440000 121.3180000
 144.9670000 121.3620000 120.3380000 145.3480000 119.9510000 122.0510000
 145.0140000 119.6070000 122.7650000 146.7580000 119.6490000 121.7170000
 147.1470000 120.4120000 121.2620000 147.5910000 119.4120000 122.9940000
 147.1840000 118.7000000 123.5110000 149.0350000 119.0100000 122.6660000
 149.0630000 118.1210000 122.2790000 149.5810000 119.0150000 123.4680000
 149.4210000 119.6420000 122.0400000 147.6480000 120.6760000 123.8630000
 148.1570000 120.4930000 124.6680000 148.0820000 121.3890000 123.3690000
 146.7540000 120.9510000 124.1210000 146.8940000 118.4590000 120.7560000
 147.6200000 118.5470000 119.7700000 146.1010000 117.3940000 120.9090000
 145.5690000 117.3520000 121.5830000 146.1480000 116.2440000 119.9970000
 147.0260000 115.8340000 120.0440000 145.4900000 115.5920000 120.2830000
 145.8540000 116.6170000 118.5360000 146.4980000 116.1030000 117.6180000
 145.0010000 117.6200000 118.3160000 144.5900000 117.9470000 118.9970000
 144.6110000 118.0840000 116.9760000 144.6540000 117.3110000 116.3920000
 143.1470000 118.5500000 116.9450000 142.8950000 118.7120000 116.0220000
 142.2300000 117.4260000 117.4530000 142.5030000 117.0980000 118.3240000
 142.2470000 116.6840000 116.8290000 141.3220000 117.7560000 117.5440000
 142.9350000 119.8680000 117.7010000 141.9960000 119.9890000 117.9140000
 143.2370000 120.6090000 117.1530000 143.4450000 119.8760000 118.5260000
 145.5530000 119.1290000 116.3650000 145.4790000 119.3480000 115.1590000
 146.5200000 119.6630000 117.1150000 146.5780000 119.4240000 117.9390000
 147.6790000 120.3750000 116.5500000 147.3800000 121.0820000 115.9570000
 148.4860000 121.0170000 117.7020000 148.6040000 120.3800000 118.4240000
 147.9950000 121.7760000 118.0540000 149.8720000 121.4720000 117.2520000
 149.8490000 122.2480000 116.2750000 150.8340000 120.7030000 117.4800000
 151.6450464 121.0984964 117.1522995 148.5620000 119.4140000 115.7280000
 148.6460000 119.4970000 114.4950000 148.9800000 118.3360000 116.3950000
 148.8470000 118.3570000 117.2440000 149.9550000 117.3690000 115.8990000
 150.7690000 117.8500000 115.6820000 150.2380000 116.4270000 117.0820000
 150.4950000 116.9570000 117.8530000 149.4190000 115.9600000 117.3100000
 151.3440000 115.4090000 116.8610000 152.3660000 115.6410000 116.2340000
 151.2270000 114.2580000 117.4730000 151.8490000 113.6770000 117.3510000
 150.4460000 114.0490000 117.7660000 149.4880000 116.6320000 114.6260000
 150.2240000 116.5880000 113.6320000 148.2080000 116.2240000 114.5570000
 147.7250000 116.2770000 115.2670000 147.6480000 115.6230000 113.3300000
 148.2650000 114.9250000 113.0580000 146.2710000 114.9370000 113.5390000
 146.0980000 114.4260000 112.7330000 146.3370000 113.9160000 114.6830000
 145.5570000 113.3400000 114.6760000 147.1220000 113.3560000 114.5820000
 146.3810000 114.3700000 115.5390000 145.0970000 115.9320000 113.6750000
 144.9790000 116.3850000 112.8260000 145.3270000 116.6000000 114.3400000
 143.7410000 115.3110000 114.0380000 143.0550000 115.9950000 113.9920000
 143.5240000 114.6010000 113.4140000 143.7620000 114.9570000 114.9410000
 147.5890000 116.6230000 112.1680000 147.9030000 116.2400000 111.0380000
 147.2410000 117.8950000 112.4160000 147.1380000 118.1440000 113.2330000
 147.1410000 118.9180000 111.3680000 146.6590000 118.5350000 110.6190000
 146.3340000 120.1360000 111.8440000 146.4180000 120.2430000 112.8040000
 146.7020000 120.9380000 111.4410000 144.8710000 120.0510000 111.4520000
 143.9680000 119.3110000 112.2350000 144.2570000 118.8940000 113.0150000
 142.6260000 119.1920000 111.8450000 142.0350000 118.7130000 112.3790000
 142.1810000 119.7920000 110.6570000 141.2930000 119.6910000 110.3980000
 143.0770000 120.5330000 109.8670000 142.7800000 120.9350000 109.0830000
 144.4200000 120.6650000 110.2670000 145.0120000 121.1550000 109.7440000
 148.5100000 119.3420000 110.8340000 148.6600000 119.4560000 109.6150000
 149.5400000 119.4200000 111.6800000 149.3860000 119.3400000 112.5220000
 150.9180000 119.6390000 111.2210000 150.9400000 120.4420000 110.6770000
 151.8740000 119.8330000 112.4100000 151.7170000 119.1100000 113.0370000
 153.3510000 119.7820000 111.9740000 153.5830000 118.8820000 111.6970000
 153.9300000 120.0180000 112.7160000 153.5090000 120.4030000 111.2460000
 151.6030000 121.1770000 113.1030000 150.6610000 121.4040000 113.0720000
 152.1060000 121.8900000 112.6790000 151.9990000 121.0670000 114.5670000
 152.8980000 120.7180000 114.6680000 151.3880000 120.4560000 115.0070000
 151.9450000 121.9460000 114.9730000 151.3760000 118.4810000 110.3400000
 151.7700000 118.7120000 109.1950000 151.2740000 117.2390000 110.8230000
 150.9830000 117.1330000 111.6250000 151.7930000 116.0730000 110.1090000
 152.7310000 116.2320000 109.9200000 151.6770000 114.8440000 111.0280000
 152.1810000 115.0090000 111.8400000 150.7470000 114.7340000 111.2810000
 152.1690000 113.5320000 110.3880000 151.6330000 113.3340000 109.6040000
 153.6450000 113.5850000 109.9740000 153.9290000 112.7120000 109.6600000
 154.1900000 113.8540000 110.7300000 153.7610000 114.2220000 109.2520000
 151.9900000 112.3830000 111.3760000 152.1960000 111.5430000 110.9380000
 151.0690000 112.3610000 111.6810000 152.5680000 112.5080000 112.1450000
 151.0810000 115.8520000 108.7670000 151.7330000 115.6470000 107.7380000
 149.7490000 115.9560000 108.7490000 149.3370000 116.1150000 109.4870000
 148.9620000 115.7330000 107.5310000 149.3130000 114.9310000 107.1120000
 147.4890000 115.4530000 107.8710000 147.4660000 114.8430000 108.6250000
 146.7280000 116.7250000 108.2460000 147.3110000 117.3310000 108.7290000
 146.0130000 116.4870000 108.8570000 146.3700000 117.1770000 107.4660000
 146.7590000 114.7690000 106.7070000 147.2040000 113.9340000 106.4940000
 145.8460000 114.5780000 106.9740000 146.7540000 115.3470000 105.9280000
 149.1270000 116.8680000 106.5200000 149.3300000 116.5670000 105.3480000
 149.2190000 118.1390000 106.9410000 149.1230000 118.3110000 107.7780000
 149.4910000 119.2590000 106.0260000 148.9260000 119.1630000 105.2430000
 149.1610000 120.6120000 106.6790000 149.4450000 121.3290000 106.0910000
 149.6820000 120.6880000 107.4940000 147.6730000 120.8190000 107.0250000
 147.2830000 119.9930000 107.3510000 147.6320000 121.4610000 107.7510000
 146.8050000 121.3440000 105.8790000 146.9350000 120.9960000 104.7140000
 145.8570000 122.2130000 106.1670000 145.7440000 122.4680000 106.9810000
 145.2690000 122.3630000 105.5580000 150.9480000 119.2590000 105.5380000
 151.1970000 119.6010000 104.3820000 151.9000000 118.7920000 106.3560000
 151.6890000 118.5920000 107.1650000 153.2920000 118.6000000 105.9540000
 153.6180000 119.4340000 105.5800000 154.1430000 118.2730000 107.1870000
 155.0700000 118.1640000 106.9240000 153.8330000 117.4530000 107.6020000
 154.0830000 118.9970000 107.8300000 153.4370000 117.5260000 104.8640000
 154.1220000 117.7770000 103.8760000 152.6710000 116.4290000 104.9350000
 152.2150000 116.2910000 105.6510000 152.5440000 115.4880000 103.8160000
 153.4320000 115.2520000 103.5040000 151.8460000 114.1990000 104.2850000
 152.4350000 113.7200000 104.8890000 151.0410000 114.4270000 104.7750000
 151.4770000 113.3000000 103.1200000 152.4900000 112.5900000 102.4480000
 153.3640000 112.6140000 102.7650000 152.2000000 111.9140000 101.2490000
 152.8750000 111.4700000 100.7890000 150.8970000 111.9540000 100.7140000
 150.6410000 111.3520000  99.5240000 149.8140000 111.2750000  99.4010000
 149.8710000 112.6360000 101.4040000 149.0190000 112.6670000 101.0320000
 150.1630000 113.3100000 102.6060000 149.5040000 113.8120000 103.0280000
 151.8070000 116.1030000 102.6120000 152.3090000 116.0830000 101.4940000
 150.6500000 116.7290000 102.8380000 150.3520000 116.7260000 103.6450000
 149.7370000 117.1940000 101.7860000 149.5650000 116.4490000 101.1890000
 148.4210000 117.5760000 102.4840000 148.5700000 118.4130000 102.9510000
 148.1980000 116.9040000 103.1480000 147.1810000 117.7430000 101.6000000
 147.3970000 118.2010000 100.7720000 146.5810000 118.3160000 102.1030000
 146.4100000 116.4540000 101.2960000 146.8210000 115.3280000 101.5480000
 145.1640000 116.5750000 100.8920000 144.7090000 115.8510000 100.8040000
 144.7770000 117.3380000 100.9780000 150.3130000 118.3480000 100.9280000
 149.7970000 118.6250000  99.8430000 151.3780000 119.0180000 101.3970000
 151.6390000 118.8100000 102.1890000 152.1610000 120.0320000 100.6570000
 151.6160000 120.3550000  99.9230000 152.4520000 121.2280000 101.5900000
 151.6330000 121.4670000 102.0520000 152.7240000 121.9870000 101.0510000
 153.5570000 120.9360000 102.6240000 154.4200000 120.9010000 102.1830000
 153.3880000 120.0660000 103.0180000 153.6120000 121.9600000 103.7670000
 154.2510000 121.6530000 104.4290000 152.7420000 121.9900000 104.1950000
 153.9710000 123.3110000 103.2930000 153.3210000 123.7920000 103.0010000
 155.1650000 123.8780000 103.2890000 156.2420000 123.3060000 103.7450000
 156.9790000 123.7480000 103.7540000 156.1840000 122.5300000 104.1120000
 155.3170000 125.0560000 102.7660000 154.6360000 125.4870000 102.4660000
 156.0980000 125.4160000 102.7910000 153.4470000 119.5000000  99.9970000
 154.1540000 120.2860000  99.3680000 153.8460000 118.2600000 100.2740000
 153.3080000 117.7350000 100.6920000 155.0860000 117.6560000  99.7760000
 155.7330000 118.3570000  99.6010000 155.6870000 116.7530000 100.8620000
 155.8430000 117.2740000 101.6650000 155.0660000 116.0400000 101.0780000
 157.0110000 116.1440000 100.4100000 157.0520000 114.9140000 100.1840000
 158.0480000 116.8520000 100.4510000 154.8550000 116.8850000  98.4640000
 154.0850000 115.9280000  98.4160000 155.5710000 117.2570000  97.4010000
 156.1520000 117.8840000  97.4950000 155.6110000 116.4600000  96.1690000
 154.7510000 116.0190000  96.0810000 155.8270000 117.3410000  94.9220000
 156.3900000 118.0960000  95.1540000 156.2960000 116.8340000  94.2410000
 154.5140000 117.8610000  94.3060000 154.7380000 118.4870000  93.5990000
 154.0300000 118.3480000  94.9910000 153.6060000 116.7600000  93.7200000
 153.9510000 115.5610000  93.8500000 152.6220000 117.1070000  93.0160000
 156.6570000 115.3380000  96.2400000 157.7860000 115.5290000  96.6980000
 156.3020000 114.1770000  95.6820000 155.5230000 114.1530000  95.3170000
 157.1430000 112.9680000  95.6640000 157.4670000 112.8600000  96.5720000
 156.3020000 111.7140000  95.3370000 155.5310000 111.7010000  95.9250000
 156.8350000 110.9350000  95.5600000 155.8130000 111.5350000  93.8830000
 155.3090000 110.7070000  93.8430000 156.5800000 111.4420000  93.2970000
 154.9190000 112.6770000  93.3740000 154.2020000 112.8180000  94.0120000
 155.4490000 113.4870000  93.3140000 154.3540000 112.4030000  92.0370000
 154.7490000 111.7970000  91.5730000 153.3540000 113.0660000  91.4720000
 152.6940000 114.0060000  92.0760000 153.0470000 114.3540000  92.7790000
 152.1130000 114.5170000  91.7000000 152.9900000 112.7910000  90.2500000
 153.4470000 112.2240000  89.7920000 152.3840000 113.2800000  89.8850000
 158.3880000 113.1190000  94.7740000 158.2920000 113.5050000  93.6110000
 159.5480000 112.7150000  95.2960000 159.5360000 112.4210000  96.1040000
 160.8330000 112.7010000  94.5840000 160.9060000 113.5240000  94.0760000
 161.9840000 112.6600000  95.6160000 162.7590000 112.2350000  95.2160000
 161.7220000 112.1080000  96.3700000 162.4410000 114.0400000  96.1280000
 162.8110000 114.5430000  95.3860000 161.3250000 114.8660000  96.7600000
 161.6840000 115.6580000  97.1900000 160.6900000 115.1500000  96.0840000
 160.8540000 114.3280000  97.4160000 163.5430000 113.8440000  97.1710000
 163.8480000 114.7050000  97.4970000 163.2010000 113.3220000  97.9140000
 164.2940000 113.3770000  96.7730000 160.9290000 111.5480000  93.5600000
 160.1720000 110.5820000  93.6020000 161.9850000 111.5940000  92.7380000
 162.4870000 112.2880000  92.8170000 162.2310000 110.7620000  91.5430000
 161.5550000 110.9790000  90.8820000 163.6180000 111.1220000  90.9640000
 163.6980000 110.6900000  90.0990000 164.3030000 110.7490000  91.5410000
 163.9150000 112.6220000  90.7830000 163.1960000 113.0370000  90.2810000
 163.9750000 113.0510000  91.6510000 165.2220000 112.8480000  90.0210000
 165.3980000 112.4170000  88.8970000 166.1980000 113.5180000  90.5980000
 166.9200000 113.6010000  90.1380000 166.1440000 113.8050000  91.4070000
 162.1940000 109.2250000  91.7290000 162.2550000 108.5010000  90.7390000
 162.2300000 108.7180000  92.9640000 162.1210000 109.2640000  93.6190000
 162.3410000 107.2860000  93.2700000 163.2730000 107.0210000  93.2290000
 161.8540000 106.7840000  92.5980000 161.7660000 106.8910000  94.6360000
 162.2630000 105.9580000  95.2650000 160.8130000 107.6690000  95.1570000
 160.4770000 108.2770000  94.6500000 160.0110000 107.2560000  96.3170000
 160.6050000 107.0150000  97.0450000 159.0890000 108.3990000  96.8010000
 158.6630000 108.1300000  97.6300000 158.3820000 108.5060000  96.1460000
 159.7260000 109.7910000  96.9880000 159.0140000 110.4450000  96.9060000
 160.3610000 109.9670000  96.2760000 160.4230000 110.0350000  98.3300000
 160.9460000 109.0720000  98.9320000 160.4310000 111.2210000  98.7500000
 159.1430000 106.0350000  95.9390000 158.6680000 105.9430000  94.8080000
 158.8110000 105.1670000  96.9020000 159.1880000 105.2390000  97.6710000
 157.5620000 104.3800000  96.8350000 157.3250000 104.2330000  95.9060000
 157.6840000 102.9870000  97.4970000 156.8010000 102.5870000  97.5200000
 158.5900000 102.0670000  96.6780000 158.6050000 101.1830000  97.0760000
 158.2430000 101.9960000  95.7750000 159.4910000 102.4250000  96.6400000
 158.1770000 103.0580000  98.8310000 157.6100000 102.7160000  99.3480000
 156.4210000 105.2100000  97.4290000 155.8500000 106.0630000  96.7600000
 156.2710000 105.1200000  98.7490000 156.7710000 104.5370000  99.1360000
 155.4110000 105.9490000  99.5890000 155.4630000 106.8680000  99.2820000
 153.9680000 105.4350000  99.4540000 153.7090000 105.4230000  98.5190000
 153.9360000 104.5220000  99.7810000 152.9600000 106.2880000 100.2370000
 153.2910000 106.4410000 101.1360000 152.7140000 107.6360000  99.5620000
 152.1270000 108.1730000 100.1170000 152.3100000 107.5020000  98.6900000
 153.5440000 108.1260000  99.4510000 151.6490000 105.5270000 100.3720000
 151.8220000 104.6650000 100.7820000 151.0360000 106.0290000 100.9310000
 151.2540000 105.3910000  99.4960000 155.8810000 105.9040000 101.0490000
 156.1210000 106.9410000 101.6560000 156.3200000 104.7260000 101.4970000
 156.1680000 104.0290000 101.0170000 157.0050000 104.5020000 102.7800000
 156.4050000 104.7650000 103.4950000 157.3350000 103.0030000 102.9540000
 158.2450000 102.8320000 102.6640000 157.2790000 102.7740000 103.8950000
 156.4570000 102.0620000 102.1390000 155.5180000 101.5370000 102.7540000
 156.5910000 102.0190000 100.8930000 158.2970000 105.3270000 102.9220000
 158.7370000 105.6190000 104.0360000 158.8990000 105.6820000 101.7820000
 158.5090000 105.4410000 101.0540000 160.0900000 106.5210000 101.6750000
 160.6580000 106.3340000 102.4390000 160.8490000 106.1210000 100.4000000
 160.7450000 105.1710000 100.2330000 160.4670000 106.5880000  99.6400000
 162.3480000 106.4390000 100.5000000 162.4950000 107.2620000 100.9910000
 162.6990000 106.5640000  99.6050000 163.1110000 105.2930000 101.1570000
 163.3090000 105.2220000 102.3600000 163.4090000 104.2410000 100.4270000
 163.2510000 104.2490000  99.5820000 163.8420000 103.6110000 100.8210000
 159.7630000 108.0290000 101.7020000 160.3030000 108.7270000 102.5590000
 158.7000000 108.4600000 101.0000000 158.3220000 107.9160000 100.4510000
 158.2080000 109.8460000 101.0250000 158.9430000 110.4360000 100.7950000
 157.0790000 110.0430000  99.9890000 156.2890000 109.5630000 100.2820000
 157.3500000 109.6910000  99.1270000 156.7530000 111.5410000  99.8240000
 156.7660000 111.9840000 100.6870000 157.4450000 111.9350000  99.2700000
 155.4090000 111.8800000  99.1890000 154.6150000 111.0300000  98.8140000
 155.1170000 113.1560000  99.0880000 155.6550000 113.7470000  99.4060000
 154.3550000 113.4110000  98.7800000 157.7200000 110.2400000 102.4220000
 158.2220000 111.2030000 103.0030000 156.8810000 109.3900000 103.0260000
 156.5960000 108.7190000 102.5710000 156.3960000 109.5510000 104.3980000
 155.9550000 110.4110000 104.4740000 155.3730000 108.4440000 104.7360000
 155.3920000 108.2870000 105.6930000 155.6450000 107.6150000 104.3130000
 153.9090000 108.7480000 104.3520000 153.3960000 107.9390000 104.5040000
 153.3070000 109.8500000 105.2280000 153.3920000 109.6130000 106.1650000
 152.3650000 109.9510000 105.0210000 153.7470000 110.7000000 105.0690000
 153.7300000 109.1490000 102.8890000 152.7850000 109.2340000 102.6880000
 154.1600000 110.0000000 102.7090000 154.1060000 108.4700000 102.3070000
 157.5650000 109.5700000 105.3870000 157.6660000 110.5150000 106.1600000
 158.5580000 108.6910000 105.2090000 158.4750000 108.1100000 104.5800000
 159.8100000 108.7040000 105.9700000 159.6400000 108.4870000 106.9000000
 160.3940000 108.0280000 105.5920000 160.5810000 110.0220000 105.8860000
 161.0630000 110.5250000 106.9050000 160.7140000 110.5880000 104.6830000
 160.3630000 110.1810000 104.0110000 161.4460000 111.8360000 104.4350000
 162.3190000 111.7670000 104.8530000 161.6360000 112.0200000 102.9210000
 162.1080000 111.2510000 102.5650000 160.7620000 112.0600000 102.5020000
 162.4250000 113.3000000 102.5820000 161.9370000 114.0770000 102.8960000
 163.2810000 113.2760000 103.0380000 162.6790000 113.4650000 101.0770000
 163.3150000 112.7890000 100.7940000 163.0710000 114.3370000 100.9100000
 161.4520000 113.3080000 100.2830000 161.3470000 112.5700000  99.8540000
 160.3820000 114.0790000 100.2450000 160.2550000 115.2230000 100.8520000
 159.5280000 115.6640000 100.7230000 160.8760000 115.5500000 101.3500000
 159.3730000 113.6580000  99.5730000 159.4310000 112.8810000  99.2090000
 158.6290000 114.0840000  99.6420000 160.7580000 113.0400000 105.0760000
 161.4560000 113.7970000 105.7500000 159.4370000 113.1860000 104.9160000
 159.0220000 112.6130000 104.4270000 158.6750000 114.3050000 105.5050000
 159.1960000 115.1120000 105.3710000 157.3280000 114.5400000 104.7870000
 157.5110000 114.6660000 103.8430000 156.3150000 113.3980000 104.9250000
 155.5350000 113.5910000 104.3820000 156.7150000 112.5760000 104.6020000
 156.0330000 113.2840000 105.8460000 156.6440000 115.8050000 105.3100000
 157.2450000 116.5630000 105.2360000 155.8580000 115.9810000 104.7690000
 156.3700000 115.6980000 106.2340000 158.4990000 114.1600000 107.0160000
 158.8260000 115.0980000 107.7420000 158.2060000 112.9550000 107.5250000
 158.0190000 112.3070000 106.9910000 158.0610000 112.7440000 108.9680000
 157.4750000 113.4460000 109.2920000 157.3190000 111.4310000 109.2940000
 156.9760000 111.4900000 110.1990000 156.5460000 111.3930000 108.7090000
 158.1130000 110.1200000 109.1610000 158.7500000 110.2000000 108.4340000
 158.8880000 109.7540000 110.4260000 158.2810000 109.6480000 111.1750000
 159.5410000 110.4370000 110.6460000 159.3580000 108.9200000 110.2700000
 157.1700000 108.9450000 108.8740000 156.6310000 108.7490000 109.6570000
 157.6870000 108.1660000 108.6140000 156.5740000 109.1670000 108.1420000
 159.3950000 112.9360000 109.7020000 159.4090000 113.5890000 110.7350000
 160.5400000 112.6070000 109.0890000 160.5040000 112.2040000 108.3300000
 161.8550000 112.9530000 109.6500000 161.8870000 112.6800000 110.5800000
 162.5450000 112.4720000 109.1660000 162.2150000 114.4420000 109.5810000
 163.0680000 114.8780000 110.3480000 161.6000000 115.2170000 108.6850000
 160.9850000 114.8660000 108.1970000 161.8070000 116.6680000 108.6020000
 162.7290000 116.8560000 108.8370000 161.5830000 117.1280000 107.1450000
 160.6410000 117.2870000 106.9780000 161.8560000 116.4080000 106.5550000
 162.3920000 118.3760000 106.7470000 161.9380000 119.1590000 107.0960000
 163.2670000 118.3150000 107.1620000 162.5760000 118.4810000 105.2090000
 161.5610000 118.4560000 104.4780000 163.7290000 118.3070000 104.7370000
 160.9350000 117.4340000 109.6150000 161.4330000 118.3460000 110.2700000
 159.7080000 116.9640000 109.8930000 159.4090000 116.3250000 109.4020000
 158.7480000 117.6300000 110.8060000 159.0250000 118.5560000 110.8910000
 157.3460000 117.6550000 110.1560000 157.4600000 117.8800000 109.2190000
 156.6180000 116.3100000 110.2300000 155.8070000 116.3480000 109.6990000
 156.3810000 116.0950000 111.1460000 157.1950000 115.6170000 109.8740000
 156.4440000 118.7250000 110.7700000 156.8680000 119.5950000 110.7060000
 155.6060000 118.7510000 110.2820000 156.2620000 118.5230000 111.7010000
 158.7180000 117.0750000 112.2470000 158.5700000 117.8500000 113.1950000
 159.0250000 115.7870000 112.4630000 159.1670000 115.2820000 111.7820000
 158.9960000 115.1430000 113.7850000 158.0780000 115.1730000 114.0960000
 159.3950000 113.6660000 113.6830000 159.4220000 113.2760000 114.5710000
 158.7360000 113.1830000 113.1600000 160.2710000 113.5840000 113.2750000
 159.8290000 115.8240000 114.8840000 159.2840000 115.9670000 115.9760000
 161.0660000 116.3320000 114.6650000 161.8830000 116.3090000 113.4530000
 162.2720000 115.4280000 113.3380000 161.3930000 116.5620000 112.6550000
 162.9860000 117.3390000 113.6810000 162.6640000 118.2200000 113.4340000
 163.7930000 117.1200000 113.1900000 163.1970000 117.2710000 115.1910000
 163.7670000 116.5140000 115.4000000 163.5920000 118.0870000 115.5360000
 161.7870000 117.0150000 115.7410000 161.8510000 116.4290000 116.5120000
 161.0940000 118.3090000 116.2030000 161.5470000 118.9050000 117.1800000
 160.1750000 118.8760000 115.4110000 159.9500000 118.4660000 114.6890000
 159.3890000 120.0790000 115.7420000 159.9040000 120.6710000 116.3120000
 159.0240000 120.8550000 114.4700000 158.6520000 121.7180000 114.7120000
 158.3540000 120.3630000 113.9700000 160.1690000 121.0370000 113.6500000
 159.9200000 121.4630000 112.9700000 158.1030000 119.7280000 116.4950000
 157.8760000 120.2610000 117.5730000 157.4020000 118.6720000 116.0680000
 157.6330000 118.2990000 115.3290000 156.2290000 118.1380000 116.7840000
 155.5960000 118.8570000 116.9350000 155.5320000 117.0600000 115.9360000
 156.0820000 116.2610000 115.9240000 154.6850000 116.8450000 116.3580000
 155.2750000 117.5040000 114.4860000 156.1320000 117.6090000 114.0430000
 154.8450000 118.3730000 114.5090000 154.2590000 116.4250000 113.4360000
 154.8540000 114.7680000 113.8610000 154.3700000 114.1110000 113.3370000
 154.6880000 114.5950000 114.8010000 155.8020000 114.6970000 113.6700000
 156.6100000 117.5680000 118.1640000 156.0160000 117.9350000 119.1720000
 157.7640000 116.8940000 118.2390000 158.1590000 116.6880000 117.5030000
 158.3850000 116.4460000 119.4900000 157.7280000 115.9430000 119.9970000
 159.5580000 115.5050000 119.1350000 159.2440000 114.8640000 118.4790000
 160.2550000 116.0270000 118.7070000 160.1830000 114.7210000 120.2830000
 161.0500000 115.3590000 121.1850000 161.2200000 116.2680000 121.0910000
 161.6270000 114.6560000 122.2560000 162.1630000 115.1030000 122.8710000
 161.3550000 113.2890000 122.4210000 161.7160000 112.8300000 123.1440000
 160.5150000 112.6290000 121.5060000 160.3250000 111.7260000 121.6240000
 159.9350000 113.3420000 120.4390000 159.3760000 112.8970000 119.8440000
 158.8340000 117.6220000 120.3810000 158.7790000 117.4950000 121.5970000
 159.2270000 118.7780000 119.8210000 159.1340000 118.8730000 118.9710000
 159.5150000 119.9830000 120.6180000 160.0330000 119.7190000 121.3940000
 160.3530000 120.9940000 119.7990000 159.9050000 121.1470000 118.9520000
 161.2160000 120.5940000 119.6100000 160.5700000 122.3760000 120.4600000
 159.7100000 122.7910000 120.6300000 161.3590000 122.3190000 121.7680000
 161.3710000 123.2000000 122.1730000 162.2680000 122.0240000 121.6040000
 160.9310000 121.7200000 122.3990000 161.3540000 123.2950000 119.5180000
 162.2470000 122.9450000 119.3720000 161.4150000 124.1760000 119.9190000
 160.8780000 123.3770000 118.6770000 158.2560000 120.6130000 121.2140000
 158.3450000 121.1470000 122.3130000 157.1060000 120.5090000 120.5500000
 157.0940000 120.0920000 119.7980000 155.8300000 120.9500000 121.1210000
 155.9470000 121.8420000 121.4820000 154.7520000 121.0050000 120.0240000
 155.1640000 120.9360000 119.1490000 154.0940000 120.3000000 120.1310000
 154.1150000 122.2480000 120.0860000 153.6090000 122.2090000 120.7550000
 155.4210000 120.0520000 122.2960000 155.7170000 120.3920000 123.4430000
 155.1970000 118.7620000 122.0120000 155.1200000 118.5440000 121.1840000
 154.7100000 117.8150000 123.0260000 153.8870000 118.1650000 123.4020000
 154.3720000 116.4820000 122.3660000 153.6360000 116.6000000 121.7450000
 155.1480000 116.1610000 121.8800000 154.0200000 115.5330000 123.3520000
 154.6300000 114.9570000 123.3980000 155.6760000 117.5960000 124.1930000
 155.2540000 117.6120000 125.3490000 156.9880000 117.4870000 123.9570000
 157.2830000 117.5150000 123.1500000 157.9300000 117.3070000 125.0680000
 157.5930000 116.5810000 125.6160000 159.3070000 116.8720000 124.5520000
 159.7760000 117.6390000 124.1880000 159.1810000 116.2300000 123.8360000
 160.1560000 116.2060000 125.6200000 160.8640000 116.9770000 126.5630000
 160.8220000 117.9050000 126.5300000 161.5680000 116.3470000 127.6050000
 161.9940000 116.8610000 128.2520000 161.5770000 114.9440000 127.7010000
 162.0180000 114.5310000 128.4080000 160.8840000 114.1700000 126.7550000
 160.8660000 113.2430000 126.8330000 160.1710000 114.8010000 125.7190000
 159.6800000 114.2910000 125.1160000 158.0220000 118.5550000 125.9670000
 158.2150000 118.4310000 127.1720000 157.7870000 119.7490000 125.4190000
 157.5270000 119.7780000 124.6000000 157.6780000 120.9880000 126.1980000
 158.3700000 121.0090000 126.8770000 157.9010000 122.1970000 125.2850000
 157.8630000 123.0170000 125.8020000 157.1990000 122.2210000 124.6160000
 159.1480000 122.1290000 124.6170000 158.9780000 121.7390000 123.8930000
 156.3290000 121.1170000 126.9160000 156.3060000 121.4650000 128.0930000
 155.2200000 120.7360000 126.2790000 155.2750000 120.5240000 125.4470000
 153.8820000 120.7810000 126.8880000 153.7340000 121.6570000 127.2780000
 152.8220000 120.5590000 125.8010000 153.0390000 119.7330000 125.3420000
 151.9450000 120.4520000 126.2010000 152.7460000 121.7360000 124.8010000
 153.5240000 122.3040000 124.9180000 151.9850000 122.2980000 125.0150000
 152.6630000 121.3210000 123.3180000 152.4530000 120.1230000 123.0280000
 153.1330000 122.1350000 122.4840000 153.0309004 121.7805631 121.5976878
 153.6990000 119.7500000 128.0090000 153.3540000 120.1180000 129.1270000
 154.1380000 118.5070000 127.7940000 154.4100000 118.3180000 127.0000000
 154.1550000 117.4350000 128.8110000 153.2490000 117.2730000 129.1170000
 154.7190000 116.1230000 128.2390000 154.7910000 115.4750000 128.9570000
 153.8640000 115.5180000 127.1370000 153.1360000 115.0420000 127.5670000
 153.4940000 116.2010000 126.5560000 154.3860000 114.8960000 126.6060000
 155.9950000 116.3050000 127.6830000 155.8740000 116.7510000 126.9820000
 154.9840000 117.8120000 130.0410000 154.5110000 117.6630000 131.1690000
 156.1630000 118.4140000 129.8380000 156.4520000 118.4730000 129.0300000
 157.0070000 118.9300000 130.9230000 157.0990000 118.2340000 131.5930000
 158.4170000 119.2710000 130.4020000 158.3400000 119.7680000 129.5720000
 159.2550000 120.1070000 131.3770000 160.1460000 120.2350000 131.0160000
 158.8510000 120.9800000 131.4990000 159.3150000 119.6590000 132.2350000
 159.1870000 117.9660000 130.1480000 158.6900000 117.3960000 129.5410000
 160.0450000 118.1650000 129.7420000 159.3240000 117.4880000 130.9810000
 156.3470000 120.1100000 131.6320000 156.2750000 120.0780000 132.8520000
 155.7410000 121.0650000 130.9260000 155.7690000 121.0360000 130.0670000
 155.0440000 122.1880000 131.5610000 155.6570000 122.6370000 132.1640000
 154.6340000 123.1770000 130.4710000 154.1980000 123.9420000 130.8770000
 155.4200000 123.4780000 129.9890000 154.0240000 122.7470000 129.8510000
 153.8210000 121.7560000 132.3930000 153.5530000 122.3550000 133.4330000
 153.1080000 120.7040000 131.9760000 153.3090000 120.3530000 131.2170000
 151.9580000 120.1670000 132.7110000 151.4030000 120.8990000 133.0220000
 151.1050000 119.2700000 131.7910000 151.6860000 118.5990000 131.3990000
 150.4770000 118.8010000 132.3630000 150.2920000 119.8990000 130.6540000
 150.6520000 121.1060000 130.0140000 151.3950000 121.5920000 130.2910000
 149.9200000 121.5790000 128.9100000 150.1760000 122.3660000 128.4860000
 148.7910000 120.8780000 128.4570000 148.3000000 121.2000000 127.7360000
 148.4050000 119.6920000 129.1010000 147.6600000 119.2220000 128.8030000
 149.1580000 119.2060000 130.1850000 148.9060000 118.4080000 130.5900000
 152.4230000 119.3910000 133.9590000 151.9960000 119.7020000 135.0700000
 153.4260000 118.5110000 133.8280000 153.7340000 118.3440000 133.0430000
 154.0060000 117.7980000 134.9760000 153.2810000 117.4090000 135.4900000
 154.9360000 116.6740000 134.4930000 155.5630000 117.0460000 133.8530000
 155.4540000 116.3660000 135.2530000 154.2710000 115.4410000 133.8990000
 153.2150000 114.7970000 134.5760000 152.8680000 115.1600000 135.3590000
 152.6960000 113.5830000 134.0920000 151.9980000 113.1650000 134.5430000
 153.2430000 112.9970000 132.9380000 152.9150000 112.1830000 132.6290000
 154.2800000 113.6430000 132.2460000 154.6320000 113.2610000 131.4750000
 154.7940000 114.8590000 132.7280000 155.4940000 115.2740000 132.2780000
 154.7630000 118.7130000 135.9540000 154.6910000 118.4890000 137.1560000
 155.4010000 119.7900000 135.4910000 155.4430000 119.9050000 134.6400000
 156.0430000 120.8000000 136.3470000 156.3100000 120.3660000 137.1720000
 157.3300000 121.3420000 135.6810000 157.1440000 121.5510000 134.7520000
 157.5640000 122.1850000 136.0990000 158.5850000 120.4420000 135.7610000
 159.2620000 120.8470000 135.1960000 159.1520000 120.3890000 137.1830000
 159.3040000 121.2900000 137.5090000 159.9950000 119.9090000 137.1830000
 158.5320000 119.9400000 137.7780000 158.4100000 118.9920000 135.2960000
 159.2710000 118.5460000 135.2790000 158.0320000 118.9760000 134.4030000
 157.8200000 118.5140000 135.8990000 155.0670000 121.9050000 136.8060000
 155.4960000 122.8530000 137.4580000 153.7570000 121.7140000 136.6030000
 153.5240000 121.0830000 136.0670000 152.6930000 122.3040000 137.4250000
 153.0160000 123.1080000 137.8620000 151.9550000 122.5440000 136.8440000
 152.1450000 121.3600000 138.5080000 151.5390000 121.8230000 139.4730000
 152.4460000 120.0570000 138.4380000 152.9490000 119.7880000 137.7940000
 152.0280000 119.0410000 139.4110000 151.1300000 119.2640000 139.7020000
 151.9540000 117.6780000 138.7090000 152.8460000 117.3290000 138.5540000
 151.4890000 117.7500000 137.8610000 151.4790000 117.0650000 139.2910000
 152.9020000 119.0260000 140.6870000 153.5530000 118.0260000 141.0040000
 153.0370000 120.1950000 141.3230000 152.6240000 120.8680000 140.9830000
 153.8640000 120.4050000 142.5180000 153.8680000 119.5640000 143.0020000
 155.3260000 120.6850000 142.0990000 155.5560000 120.0960000 141.3640000
 155.8910000 120.4370000 142.8470000 155.6890000 122.1350000 141.7150000
 155.6180000 122.7060000 142.4960000 157.1370000 122.1730000 141.2140000
 157.3920000 123.0940000 141.0490000 157.2140000 121.6710000 140.3880000
 157.7260000 121.7940000 141.8850000 154.8060000 122.6920000 140.6000000
 153.9180000 122.8800000 140.9410000 155.1760000 123.5270000 140.2730000
 154.7550000 122.0570000 139.8680000 153.3180000 121.4410000 143.5240000
 153.8010000 121.4610000 144.6560000 152.2600000 122.2000000 143.1940000
 151.9340000 122.1510000 142.4000000 151.5190000 122.9900000 144.1960000
 152.1400000 123.5770000 144.6540000 150.4160000 123.8540000 143.5820000
 149.7970000 123.2840000 143.1000000 149.9340000 124.3130000 144.2880000
 150.9360000 124.8110000 142.6940000 151.2750000 125.4400000 143.1350000
 150.8570000 122.0710000 145.2200000 150.2120000 121.0820000 144.8640000
 150.8880000 122.4690000 146.4890000 151.2980000 123.2070000 146.6540000
 150.4640000 121.6420000 147.6330000 150.6960000 120.7240000 147.4220000
 151.2620000 122.0140000 148.9020000 150.9250000 121.4940000 149.6480000
 152.7400000 121.6420000 148.7350000 152.8170000 120.6970000 148.5310000
 153.1420000 122.1530000 148.0150000 153.2190000 121.8250000 149.5580000
 151.1650000 123.5030000 149.2700000 151.6190000 123.6620000 150.1120000
 151.5760000 124.0550000 148.5870000 150.2360000 123.7640000 149.3670000
 148.9410000 121.6180000 147.8590000 148.4750000 121.7360000 148.9870000
 148.1410000 121.4000000 146.8120000 148.5120000 121.2590000 146.0490000
 146.6760000 121.2970000 146.9050000 146.4520000 121.1280000 147.8340000
 146.0600000 122.6680000 146.5620000 146.4710000 123.3330000 147.1360000
 146.2670000 122.9100000 145.6460000 144.5460000 122.7440000 146.7830000
 144.2920000 123.6790000 146.8350000 144.3320000 122.3470000 147.6420000
 143.5480000 121.9610000 145.4890000 143.5280000 123.3040000 144.2830000
 143.1260000 124.0890000 144.6880000 144.4360000 123.5160000 144.0170000
 143.0100000 123.0380000 143.5070000 146.1470000 120.1030000 146.0720000
 146.5520000 119.9340000 144.9180000 145.3560000 119.1790000 146.6580000
 144.7640000 119.2520000 147.9870000 145.4550000 119.1580000 148.6610000
 144.2740000 120.0790000 148.1200000 143.8060000 118.0730000 148.0730000
 142.9510000 118.3300000 147.6940000 143.6970000 117.7590000 148.9840000
 144.4560000 117.0210000 147.1780000 145.1090000 116.5220000 147.6930000
 143.7950000 116.4170000 146.8060000 145.1780000 117.8350000 146.0960000
 146.0540000 117.4410000 145.9610000 144.4540000 117.7860000 144.7400000
 144.9060000 117.0560000 143.8510000 143.4420000 118.6290000 144.4980000
 143.1290000 119.1120000 145.1370000 142.7570000 118.6630000 143.2020000
 142.4950000 117.7580000 142.9720000 141.4800000 119.5020000 143.3280000
 140.8840000 119.0960000 143.9770000 141.6910000 120.4060000 143.6090000
 141.0250000 119.5360000 142.4720000 143.6550000 119.1770000 142.0580000
 143.6800000 118.5680000 140.9850000 144.4540000 120.2300000 142.2880000
 144.4520000 120.5800000 143.0730000 145.3320000 120.7960000 141.2430000
 144.8060000 120.8490000 140.4300000 145.7780000 122.2300000 141.5840000
 144.9980000 122.7270000 141.8750000 146.8710000 122.3650000 142.6480000
 147.0580000 123.3020000 142.8140000 147.6930000 121.9370000 142.3630000
 146.5670000 121.9630000 143.4770000 146.3030000 122.9210000 140.3380000
 147.1040000 122.4860000 140.0060000 145.6140000 122.9020000 139.6550000
 146.5130000 123.8430000 140.5550000 146.5260000 119.8960000 140.9240000
 146.8520000 119.6990000 139.7500000 147.0580000 119.2160000 141.9420000
 146.7960000 119.4060000 142.7390000 148.1000000 118.2010000 141.7930000
 148.8710000 118.5870000 141.3480000 148.5260000 117.7620000 143.1990000
 148.7900000 118.5440000 143.7090000 147.7810000 117.3430000 143.6570000
 149.6900000 116.8150000 143.1780000 150.9760000 117.1690000 142.7860000
 151.3000000 118.0690000 142.4610000 151.7200000 116.0660000 142.9170000
 152.6300000 116.0280000 142.7290000 150.9650000 115.0430000 143.3600000
 151.2500000 114.2480000 143.5210000 149.6730000 115.4960000 143.5230000
 148.9330000 115.0150000 143.8150000 147.6180000 117.0130000 140.9500000
 148.2040000 116.7030000 139.9110000 146.4190000 116.5120000 141.2650000
 146.0340000 116.8170000 141.9710000 145.7770000 115.3880000 140.5630000
 146.3910000 114.6370000 140.5550000 144.5110000 114.9470000 141.3160000
 143.8680000 115.6730000 141.3270000 143.8490000 113.7130000 140.7100000
 143.0750000 113.4700000 141.2420000 143.5550000 113.8910000 139.8030000
 144.4720000 112.9700000 140.7070000 144.8490000 114.6180000 142.6440000
 144.8860000 115.3360000 143.0790000 145.4500000 115.7220000 139.1030000
 145.8840000 115.0010000 138.2040000 144.8730000 116.9020000 138.8410000
 144.6330000 117.3970000 139.5020000 144.6240000 117.4010000 137.4820000
 144.0140000 116.7990000 137.0260000 143.9770000 118.7920000 137.5640000
 143.0880000 118.7160000 137.9440000 144.4930000 119.3390000 138.1770000
 143.8970000 119.5210000 136.2330000 144.8340000 120.5280000 135.9370000
 145.4970000 120.7370000 136.5550000 144.7900000 121.2030000 134.7060000
 145.4120000 121.8680000 134.5170000 143.8110000 120.8660000 133.7570000
 143.7830000 121.3170000 132.9440000 142.8870000 119.8440000 134.0340000
 142.2480000 119.6130000 133.3990000 142.9310000 119.1690000 135.2690000
 142.3270000 118.4840000 135.4410000 145.9040000 117.4810000 136.6400000
 145.9410000 116.9750000 135.5180000 146.9630000 118.0710000 137.1980000
 146.8800000 118.3840000 137.9950000 148.2060000 118.3520000 136.4700000
 147.9870000 118.8110000 135.6440000 149.0900000 119.2840000 137.3030000
 149.3560000 118.8320000 138.1190000 149.8790000 119.5210000 136.7910000
 148.3870000 120.4620000 137.6440000 147.8990000 120.2890000 138.3050000
 148.9680000 117.0720000 136.1030000 149.4080000 116.9290000 134.9590000
 148.9280000 116.0550000 136.9760000 148.5660000 116.1950000 137.7430000
 149.3890000 114.6990000 136.6600000 150.2990000 114.7500000 136.3290000
 149.3550000 113.8200000 137.9280000 148.4640000 113.8600000 138.3090000
 149.5160000 112.9000000 137.6650000 150.3690000 114.1790000 139.0280000
 150.2070000 115.0840000 139.3370000 150.1890000 113.2300000 140.2130000
 149.2910000 113.3280000 140.5670000 150.3320000 112.3120000 139.9340000
 150.8220000 113.4620000 140.9110000 151.8200000 114.0620000 138.5540000
 152.4180000 114.2460000 139.2950000 151.9930000 113.1720000 138.2080000
 151.9970000 114.7230000 137.8660000 148.5580000 114.0490000 135.5410000
 149.1270000 113.5800000 134.5510000 147.2250000 114.0480000 135.6680000
 146.8830000 114.4120000 136.3680000 146.3170000 113.3680000 134.7320000
 146.5620000 112.4320000 134.6610000 144.8650000 113.4450000 135.2360000
 144.6690000 114.3600000 135.4920000 144.2940000 113.2280000 134.4830000
 144.4400000 112.5290000 136.3750000 145.3440000 112.0630000 137.3510000
 146.2420000 112.3020000 137.3310000 144.8920000 111.2530000 138.4040000
 145.4900000 110.9800000 139.0610000 143.5450000 110.8710000 138.4820000
 143.2480000 110.3400000 139.1850000 142.6420000 111.3200000 137.5080000
 141.7480000 111.0720000 137.5680000 143.0830000 112.1560000 136.4670000
 142.4710000 112.4680000 135.8400000 146.4020000 113.9690000 133.3230000
 146.5130000 113.2280000 132.3380000 146.4380000 115.3010000 133.2330000
 146.3600000 115.7580000 133.9580000 146.5960000 116.0370000 131.9860000
 145.9320000 115.7210000 131.3530000 146.3300000 117.5230000 132.2640000
 145.4450000 117.6360000 132.6450000 146.3820000 118.0270000 131.4370000
 146.9850000 117.8700000 132.8900000 147.9820000 115.8100000 131.3600000
 148.0570000 115.4410000 130.1870000 149.0620000 115.9150000 132.1490000
 148.9520000 116.1440000 132.9710000 150.4430000 115.7600000 131.6730000
 151.0460000 115.9150000 132.4170000 150.6270000 116.4200000 130.9860000
 150.7460000 114.3730000 131.1020000 151.3040000 114.2570000 130.0070000
 150.1950000 113.3240000 131.7210000 149.7990000 113.4520000 132.4740000
 150.3250000 111.9630000 131.2040000 151.2400000 111.8600000 130.9000000
 150.0710000 110.9680000 132.3440000 149.1320000 111.0270000 132.5800000
 150.5980000 111.2280000 133.1160000 150.3850000 109.5020000 131.9990000
 149.7770000 109.2070000 131.3030000 151.8280000 109.2770000 131.5330000
 151.9810000 108.3300000 131.3910000 152.4470000 109.6030000 132.2050000
 151.9830000 109.7340000 130.6920000 150.1680000 108.6250000 133.2290000
 150.3980000 107.7050000 133.0270000 150.7180000 108.9340000 133.9660000
 149.2350000 108.6650000 133.4910000 149.4240000 111.6960000 129.9900000
 149.8650000 111.0270000 129.0580000 148.2330000 112.3000000 129.9230000
 147.9830000 112.8010000 130.5760000 147.3480000 112.1680000 128.7650000
 147.2080000 111.2240000 128.5900000 145.9890000 112.7940000 129.0990000
 146.0950000 113.7390000 129.2920000 145.5970000 112.3560000 129.8710000
 145.3910000 112.6870000 128.3430000 147.9570000 112.7760000 127.4870000
 147.9940000 112.0970000 126.4600000 148.5650000 113.9680000 127.5720000
 148.5300000 114.3920000 128.3190000 149.2520000 114.5970000 126.4240000
 148.6690000 114.4960000 125.6550000 149.4180000 116.1210000 126.6310000
 148.5340000 116.4950000 126.7730000 150.2870000 116.5290000 127.8220000
 150.2940000 117.4950000 127.9130000 149.9340000 116.1480000 128.6410000
 151.2000000 116.2240000 127.7000000 150.0140000 116.8000000 125.3950000
 149.4760000 116.5940000 124.6150000 150.0240000 117.7610000 125.5270000
 150.9250000 116.5030000 125.2420000 150.5590000 113.8830000 126.0400000
 150.8350000 113.7310000 124.8490000 151.2630000 113.2610000 126.9970000
 151.0410000 113.3810000 127.8190000 152.4340000 112.4200000 126.6950000
 153.0350000 112.9130000 126.1140000 153.1850000 112.0590000 127.9900000
 152.5840000 111.5870000 128.5870000 153.4650000 112.8670000 128.4470000
 154.4070000 111.1930000 127.7380000 154.3060000 109.7890000 127.7950000
 153.4970000 109.3910000 128.0210000 155.4170000 108.9860000 127.4780000
 155.3400000 108.0600000 127.5060000 156.6350000 109.5860000 127.1110000
 157.3690000 109.0560000 126.8970000 156.7420000 110.9870000 127.0640000
 157.5440000 111.3890000 126.8200000 155.6290000 111.7890000 127.3750000
 155.6990000 112.7150000 127.3290000 152.0430000 111.1430000 125.9450000
 152.6640000 110.7750000 124.9440000 151.0060000 110.4640000 126.4410000
 150.6110000 110.7750000 127.1390000 150.5000000 109.2280000 125.8550000
 151.2450000 108.6180000 125.7390000 149.4800000 108.5590000 126.8030000
 148.8520000 109.2290000 127.1170000 148.6800000 107.4580000 126.0840000
 148.0680000 107.0240000 126.6990000 148.1440000 107.8370000 125.3700000
 149.2920000 106.8080000 125.7050000 150.2550000 107.9750000 128.0100000
 150.8010000 108.6700000 128.4090000 150.8570000 107.2800000 127.7010000
 149.3690000 107.4020000 129.1180000 149.9150000 107.1990000 129.8940000
 148.9610000 106.5740000 128.8190000 148.6800000 108.0400000 129.3620000
 149.9490000 109.4890000 124.4550000 150.3360000 108.7710000 123.5340000
 149.1950000 110.5720000 124.2390000 148.9480000 111.0640000 124.9000000
 148.6140000 110.8190000 122.9180000 148.2090000 109.9850000 122.6320000
 147.5160000 111.8890000 122.9590000 147.9120000 112.7740000 122.9590000
 146.9810000 111.7930000 123.7630000 146.5890000 111.7090000 121.7530000
 146.5580000 112.6000000 120.8800000 146.0570000 110.5860000 121.6070000
 149.6470000 111.1710000 121.8490000 149.6310000 110.5650000 120.7800000
 150.6930000 111.9270000 122.1950000 150.6960000 112.3080000 122.9660000
 151.8030000 112.1550000 121.2670000 151.4450000 112.5540000 120.4580000
 152.7960000 113.1410000 121.8820000 152.3650000 114.0080000 121.9420000
 153.0140000 112.8570000 122.7830000 154.0790000 113.2680000 121.0780000
 154.0960000 114.0210000 119.8890000 153.3350000 114.4880000 119.6270000
 155.2560000 114.0650000 119.0970000 155.2560000 114.5650000 118.3130000
 156.4020000 113.3530000 119.4910000 157.1640000 113.3780000 118.9580000
 156.3950000 112.6100000 120.6850000 157.1520000 112.1440000 120.9580000
 155.2340000 112.5700000 121.4790000 155.2240000 112.0760000 122.2670000
 152.5090000 110.8540000 120.8550000 152.7450000 110.6300000 119.6630000
 152.7760000 109.9530000 121.8080000 152.5510000 110.1400000 122.6170000
 153.4060000 108.6580000 121.5340000 154.2160000 108.8230000 121.0260000
 153.7990000 108.0160000 122.8780000 154.4050000 108.6130000 123.3430000
 153.0010000 107.9280000 123.4220000 154.4550000 106.6270000 122.7580000
 153.8390000 106.0080000 122.3360000 155.7510000 106.6600000 121.9410000
 156.1630000 105.7820000 121.9480000 156.3620000 107.3110000 122.3200000
 155.5530000 106.8980000 121.0220000 154.7850000 106.0890000 124.1500000
 155.1720000 105.2020000 124.0800000 153.9700000 106.0310000 124.6730000
 155.4060000 106.6830000 124.5990000 152.5050000 107.7370000 120.6900000
 152.9720000 107.0880000 119.7480000 151.2130000 107.6840000 121.0130000
 150.9440000 108.1570000 121.6790000 150.2410000 106.8050000 120.3640000
 150.6740000 105.9550000 120.1900000 149.0720000 106.5500000 121.3390000
 148.2630000 106.3840000 120.8300000 148.8970000 107.3510000 121.8570000
 149.2760000 105.3560000 122.3010000 148.5920000 105.4050000 122.9870000
 149.0970000 104.0220000 121.5650000 149.1830000 103.2890000 122.1950000
 149.7660000 103.9200000 120.8700000 148.2110000 103.9900000 121.1700000
 150.6430000 105.3220000 122.9930000 150.6820000 104.5790000 123.6160000
 150.7740000 106.1460000 123.4890000 151.3560000 105.2150000 122.3440000
 149.8020000 107.3370000 118.9900000 149.7400000 106.5490000 118.0460000
 149.8150000 108.6530000 118.7760000 149.8740000 109.1700000 119.4610000
 149.7690000 109.2710000 117.4490000 149.0040000 108.9200000 116.9670000
 149.6060000 110.7940000 117.5480000 150.2570000 111.1680000 118.1630000
 149.7990000 111.1500000 116.6660000 148.1950000 111.2610000 117.9410000
 148.0170000 111.0850000 118.8780000 147.5370000 110.7800000 117.4160000
 147.9890000 112.7460000 117.6590000 148.6210000 113.3330000 116.7950000
 147.0900000 113.4090000 118.3290000 146.9880000 114.2450000 118.1540000
 146.7690000 113.0770000 119.0550000 151.0250000 108.9700000 116.6190000
 150.9210000 108.4220000 115.5180000 152.2270000 109.2900000 117.1170000
 152.2710000 109.6660000 117.8890000 153.4540000 109.2010000 116.3030000
 153.2440000 109.6320000 115.4600000 154.6130000 110.0060000 116.9430000
 154.2360000 110.8180000 117.3170000 155.3030000 109.2300000 118.0760000
 155.8690000 109.8280000 118.5890000 155.8300000 108.4970000 117.7220000
 154.6270000 108.8770000 118.6760000 155.6260000 110.4330000 115.8550000
 156.0600000 109.6500000 115.4820000 155.1440000 110.8800000 115.1410000
 156.7110000 111.3980000 116.3500000 157.2570000 111.6790000 115.5990000
 156.2980000 112.1800000 116.7490000 157.2820000 110.9610000 117.0010000
 153.8380000 107.7510000 115.9490000 154.5590000 107.5360000 114.9740000
 153.2680000 106.7520000 116.6370000 152.8160000 106.9600000 117.3390000
 153.3610000 105.3380000 116.2410000 154.1090000 105.2540000 115.6290000
 153.7310000 104.4780000 117.4680000 154.2860000 105.0110000 118.0580000
 152.5600000 103.9380000 118.2900000 152.9000000 103.5010000 119.0860000
 152.0440000 103.2960000 117.7780000 151.9870000 104.6710000 118.5640000
 154.5060000 103.3770000 117.0540000 154.6900000 102.9340000 117.7440000
 152.1380000 104.8430000 115.4480000 152.2990000 104.3450000 114.3320000
 150.9070000 105.0800000 115.9170000 150.8160000 105.4980000 116.6630000
 149.7060000 104.5000000 115.3130000 149.9500000 103.6540000 114.9060000
 148.6850000 104.1860000 116.4180000 148.2800000 105.0070000 116.7380000
 149.1230000 103.7510000 117.1660000 147.3780000 103.0970000 115.7740000
 146.7620000 103.0250000 116.8010000 149.0960000 105.3720000 114.2070000
 148.9210000 104.8880000 113.0890000 148.9200000 106.6800000 114.4350000
 149.1820000 107.0040000 115.1870000 148.3910000 107.6090000 113.4240000
 147.5500000 107.2520000 113.0990000 148.0710000 108.9810000 114.0450000
 148.8870000 109.3940000 114.3690000 147.4830000 108.8550000 114.8060000
 147.4130000 109.9630000 113.0890000 148.1980000 110.8920000 112.3740000
 149.1200000 110.9080000 112.4960000 147.5890000 111.8120000 111.5000000
 148.1070000 112.4390000 111.0500000 146.1930000 111.8090000 111.3430000
 145.7860000 112.4300000 110.7830000 145.4070000 110.8900000 112.0600000
 144.4810000 110.9050000 111.9770000 146.0140000 109.9660000 112.9270000
 145.4880000 109.3710000 113.4110000 149.3150000 107.7470000 112.2030000
 148.8270000 107.6940000 111.0770000 150.6380000 107.6240000 112.3830000
 150.9280000 107.6360000 113.1930000 151.6090000 107.5110000 111.2710000
 151.5070000 108.2870000 110.6980000 153.0550000 107.5010000 111.8150000
 153.1030000 106.8910000 112.5680000 154.1090000 107.0650000 110.7830000
 153.9820000 106.1320000 110.5510000 154.9950000 107.1600000 111.1660000
 154.0390000 107.6110000 109.9840000 153.4370000 108.9100000 112.2810000
 153.4450000 109.5210000 111.5280000 152.8050000 109.2250000 112.9460000
 154.3190000 108.8950000 112.6840000 151.3480000 106.2880000 110.3800000
 151.3880000 106.3990000 109.1530000 151.0140000 105.1330000 110.9600000
 150.9670000 105.1000000 111.8180000 150.6850000 103.9200000 110.1980000
 151.2480000 103.8920000 109.4090000 151.0080000 102.6770000 111.0220000
 150.6430000 102.7630000 111.9160000 150.6320000 101.8920000 110.5930000
 152.4140000 102.5510000 111.0740000 152.6780000 102.7400000 111.8490000
 149.2430000 103.8670000 109.6920000 149.0130000 103.2490000 108.6550000
 148.3050000 104.5880000 110.3110000 148.5180000 104.9700000 111.0510000
 146.9380000 104.7710000 109.8090000 146.6100000 103.9200000 109.4790000
 146.0270000 105.2310000 110.9610000 145.1690000 105.5050000 110.6000000
 146.4290000 106.0120000 111.3740000 145.7920000 104.1450000 112.0310000
 146.6260000 103.7010000 112.2510000 145.2390000 104.7740000 113.3060000
 145.8880000 105.3920000 113.6770000 144.4180000 105.2520000 113.1090000
 145.0580000 104.0860000 113.9660000 144.7950000 103.0900000 111.5440000
 145.1570000 102.6130000 110.7810000 144.6260000 102.4530000 112.2550000
 143.9570000 103.5120000 111.2970000 146.8850000 105.7450000 108.6220000
 146.3810000 105.3640000 107.5720000 147.6650000 106.8290000 108.6600000
 148.0170000 107.0370000 109.4160000 147.9980000 107.6760000 107.5050000
 147.1760000 108.0130000 107.1160000 148.8210000 108.8640000 108.0440000
 148.2910000 109.3350000 108.7060000 149.6010000 108.5070000 108.4970000
 149.3090000 109.8760000 106.9920000 149.7900000 109.4100000 106.2900000
 148.1570000 110.6690000 106.3740000 147.5490000 110.0710000 105.9130000
 148.5060000 111.3130000 105.7390000 147.6760000 111.1410000 107.0720000
 150.2710000 110.8690000 107.6480000 151.0300000 110.3930000 108.0180000
 149.8200000 111.3470000 108.3610000 150.5920000 111.5040000 106.9890000
 148.7570000 106.8820000 106.4210000 148.4140000 106.9290000 105.2390000
 149.6430000 105.9800000 106.8550000 149.8620000 106.0170000 107.6860000
 150.3250000 104.9910000 106.0180000 151.0020000 104.5560000 106.5600000
 150.7630000 105.4530000 105.2860000 149.4320000 103.8920000 105.4210000
 149.9030000 103.1690000 104.5430000 148.1590000 103.7910000 105.8220000
 147.9090000 104.3080000 106.4620000 147.1190000 102.9600000 105.1980000
 147.5290000 102.3490000 104.5660000 146.3990000 102.1310000 106.2790000
 146.1340000 102.7270000 106.9970000 145.5850000 101.7640000 105.9000000
 147.2200000 100.9710000 106.8730000 148.1000000 101.2790000 107.1410000
 146.4950000 100.4230000 108.1040000 146.4460000 101.1170000 108.7800000
 146.9800000  99.6690000 108.4730000 145.5960000 100.1440000 107.8700000
 147.3930000  99.8220000 105.8740000 147.9240000 100.1220000 105.1190000
 146.5250000  99.5200000 105.5640000 147.8530000  99.0840000 106.3040000
 146.1020000 103.7960000 104.3990000 145.7280000 103.3770000 103.3060000
 145.7630000 105.0030000 104.8630000 146.0480000 105.2190000 105.6450000
 144.8990000 105.9860000 104.1910000 144.0140000 105.6110000 104.0620000
 144.7760000 107.2480000 105.0690000 144.3060000 107.0190000 105.8860000
 145.6640000 107.5580000 105.3050000 144.0260000 108.3860000 104.3600000
 142.9970000 108.0660000 103.7260000 144.5970000 109.4990000 104.2670000
 145.4460000 106.3810000 102.8190000 144.7990000 106.1590000 101.7980000
 146.7370000 106.7020000 102.7390000 147.1740000 106.8350000 103.4680000
 147.3310000 107.0630000 101.4510000 146.7160000 107.6660000 101.0050000
 148.6430000 107.8420000 101.6510000 149.2870000 107.2480000 102.0670000
 149.1560000 108.2880000 100.2710000 148.4700000 108.7920000  99.8070000
 149.9290000 108.8660000 100.3720000 149.4100000 107.5260000  99.7260000
 148.4630000 109.0870000 102.5560000 148.0760000 109.8150000 102.0440000
 147.8620000 108.8980000 103.2930000 149.7880000 109.5380000 103.1780000
 149.6370000 110.3210000 103.7300000 150.1550000 108.8270000 103.7260000
 150.4230000 109.7690000 102.4820000 147.4750000 105.8240000 100.5450000
 147.0380000 105.8700000  99.3960000 147.7190000 104.6390000 101.1320000
 147.8640000 104.6520000 101.9800000 147.6460000 103.3230000 100.4540000
 148.0730000 103.4300000  99.5890000 148.4300000 102.2550000 101.2460000
 148.3390000 101.4010000 100.7950000 148.0480000 102.1760000 102.1340000
 149.9260000 102.5870000 101.3490000 150.2800000 102.7080000 100.4540000
 150.0210000 103.4210000 101.8350000 150.7430000 101.4950000 102.0620000
 150.7940000 100.7110000 101.4920000 150.3060000 101.2470000 102.8920000
 152.1580000 102.0090000 102.3500000 152.5970000 102.1810000 101.5020000
 152.1030000 102.8420000 102.8450000 152.9790000 101.0530000 103.1250000
 152.8610000 101.2400000 103.9870000 152.7360000 100.2000000 103.0490000
 153.8560000 101.1470000 103.0040000 146.2130000 102.8550000 100.1280000
 146.0430000 101.7570000  99.5830000 145.1890000 103.6570000 100.4290000
 145.3840000 104.3530000 100.8950000 143.7880000 103.5320000  99.9930000
 143.6560000 102.6710000  99.5650000 142.8960000 103.6020000 101.2550000
 143.0990000 102.8500000 101.8330000 143.1120000 104.4080000 101.7500000
 141.3870000 103.6290000 100.9800000 141.2330000 104.1500000 100.1770000
 141.0710000 102.7250000 100.8250000 140.5730000 104.2830000 102.1140000
 141.1630000 104.6140000 102.8090000 139.9940000 103.6150000 102.5140000
 139.7480000 105.3750000 101.5630000 139.0620000 105.1360000 101.1020000
 139.9040000 106.6840000 101.6950000 140.6560000 107.2420000 102.5930000
 141.1630000 106.7990000 103.1280000 140.7460000 108.0950000 102.6610000
 139.2770000 107.4630000 100.8640000 138.9280000 107.1140000 100.1600000
 139.3900000 108.3150000 100.9060000 143.4560000 104.6070000  98.9420000
 142.9010000 104.2520000  97.8980000 143.9010000 105.8520000  99.1400000
 144.2860000 106.0200000  99.8900000 143.7230000 106.9760000  98.2080000
 142.7820000 107.0300000  97.9800000 144.1080000 108.3120000  98.8840000
 145.0190000 108.2670000  99.2150000 144.0720000 109.0030000  98.2040000
 143.1580000 108.7260000 100.0310000 143.3620000 108.2150000 100.8300000
 142.2480000 108.5130000  99.7700000 143.2130000 110.2210000 100.3840000
 144.2260000 110.8950000 100.2580000 142.0960000 110.8280000 100.7300000
 141.3460000 110.4100000 100.7720000 142.1090000 111.6760000 100.8700000
 144.4790000 106.7850000  96.8740000 143.8380000 106.9040000  95.8300000
 145.6780000 106.1760000  96.8910000 146.0720000 106.0980000  97.6510000
 146.4170000 105.6870000  95.6990000 146.8150000 106.4230000  95.2080000
 147.4990000 104.6720000  96.1300000 147.0860000 104.0960000  96.7930000
 147.7190000 104.1230000  95.3610000 148.8450000 105.1510000  96.6830000
 149.3040000 105.6490000  95.9890000 148.7030000 105.7570000  97.4270000
 149.6970000 103.9360000  97.1370000 150.9340000 104.0860000  97.2150000
 149.1280000 102.8410000  97.4160000 145.5290000 104.8810000  94.7380000
 145.7250000 104.8770000  93.5250000 144.6660000 104.0440000  95.3240000
 144.5730000 104.1310000  96.1750000 143.9230000 102.9690000  94.6570000
 144.3510000 102.7870000  93.8060000 144.0110000 101.6940000  95.5240000
 143.6230000 101.8760000  96.3940000 143.5140000 100.9740000  95.1050000
 145.4810000 101.2580000  95.6900000 146.0050000 102.0190000  95.9860000
 145.8310000 100.9660000  94.8340000 145.6940000 100.1550000  96.7280000
 145.1870000 100.3770000  97.5250000 145.3880000  99.3010000  96.3830000
 147.1980000 100.1100000  97.0490000 147.5630000 101.0050000  96.9620000
 147.6520000  99.5470000  96.4030000 147.4540000  99.6620000  98.4330000
 147.0740000 100.2320000  99.0010000 148.3240000  99.5750000  98.6000000
 147.0450000  98.8790000  98.5390000 142.4970000 103.4020000  94.3050000
 141.6600000 102.5440000  94.0250000 142.2150000 104.7070000  94.4130000
 142.8660000 105.2220000  94.6390000 140.9250000 105.3520000  94.1680000
 140.9920000 106.2550000  94.5160000 140.6660000 105.4700000  92.6530000
 140.6830000 104.5880000  92.2490000 139.7870000 105.8510000  92.4980000
 141.6650000 106.3790000  91.9690000 141.7560000 107.5620000  92.2670000
 142.4610000 105.8580000  91.0660000 142.4190000 105.0160000  90.8980000
 143.0760000 106.3560000  90.7290000 139.7690000 104.7030000  94.9440000
 138.7670000 104.3130000  94.3490000 139.9330000 104.4570000  96.2490000
 140.6560000 104.7290000  96.6270000 138.8860000 103.8270000  97.0770000
 138.2360000 103.4080000  96.4910000 139.4750000 102.7150000  97.9390000
 138.7970000 102.4130000  98.5630000 140.2300000 103.0670000  98.4360000
 139.9400000 101.5200000  97.1010000 139.1780000 101.1400000  96.6360000
 140.6080000 101.8010000  96.4570000 140.5520000 100.4850000  98.0420000
 139.9470000 100.3720000  98.7910000 141.3900000 100.8310000  98.3870000
 140.7850000  99.1950000  97.3680000 141.1090000  99.2370000  96.5730000
 140.5490000  97.9930000  97.8690000 140.0050000  97.8000000  99.0380000
 139.6650000  98.4710000  99.4560000 139.8540000  97.0090000  99.3410000
 140.8950000  96.9290000  97.1980000 141.2280000  97.0070000  96.4090000
 140.7140000  96.1510000  97.5170000 138.0910000 104.8280000  97.9150000
 138.6600000 105.7580000  98.4840000 136.8020000 104.5480000  98.0880000
 136.4980000 103.8240000  97.7380000 135.9140000 105.3370000  98.9480000
 135.9940000 106.2620000  98.6680000 134.4480000 104.8940000  98.7940000
 133.9140000 105.3580000  99.4580000 134.3940000 103.9450000  98.9850000
 133.8460000 105.1710000  97.4060000 134.3890000 104.7440000  96.7250000
 132.4290000 104.6120000  97.3250000 132.4280000 103.6700000  97.5580000
 131.8440000 105.0800000  97.9410000 132.0900000 104.7130000  96.4220000
 133.7200000 106.6610000  97.0910000 134.5840000 107.0980000  97.1420000
 133.1230000 107.0840000  97.7280000 133.3690000 106.7810000  96.1950000
 136.3570000 105.2950000 100.4220000 137.0740000 104.3870000 100.8380000
 135.9900000 106.3280000 101.1800000 135.5860000 106.9830000 100.7970000
 136.4570000 106.5950000 102.5530000 137.4230000 106.5150000 102.5870000
 136.1390000 108.0660000 102.8650000 136.3920000 108.6070000 102.1010000
 135.1830000 108.1870000 102.9760000 136.8640000 108.6630000 104.0880000
 137.5780000 107.9840000 104.8130000 136.5780000 109.8500000 104.3550000
 135.9390000 105.5710000 103.5830000 136.5620000 104.5250000 103.7480000
 134.6760000 105.7020000 104.0070000 134.2730000 106.4370000 103.8140000
 134.0080000 104.7780000 104.9520000 134.5560000 104.6860000 105.7470000
 132.6450000 105.3900000 105.3650000 132.1540000 105.5950000 104.5540000
 131.7920000 104.4050000 106.1870000 131.5750000 103.6170000 105.6650000
 132.2750000 104.1340000 106.9830000 130.9520000 104.8120000 106.4500000
 132.8560000 106.7060000 106.1560000 133.2050000 106.5010000 107.0370000
 133.5110000 107.2610000 105.7050000 131.5870000 107.5550000 106.3020000
 131.8170000 108.4060000 106.7070000 130.9400000 107.1100000 106.8720000
 131.1950000 107.7200000 105.4300000 133.8520000 103.3610000 104.3640000
 134.0150000 102.3600000 105.0560000 133.5930000 103.2580000 103.0590000
 133.5710000 103.9860000 102.6010000 133.4020000 101.9800000 102.3650000
 133.1910000 101.3040000 103.0280000 132.1840000 102.0710000 101.4340000
 132.3180000 102.7850000 100.7920000 132.1030000 101.2400000 100.9410000
 130.8870000 102.2930000 102.1910000 130.3180000 101.2330000 102.9250000
 130.7240000 100.3960000 102.9300000 129.1470000 101.4400000 103.6750000
 128.7800000 100.7430000 104.1690000 128.5410000 102.7080000 103.6940000
 127.7710000 102.8460000 104.1970000 129.1030000 103.7670000 102.9600000
 128.7020000 104.6060000 102.9790000 130.2760000 103.5610000 102.2110000
 130.6500000 104.2680000 101.7360000 134.6910000 101.5090000 101.6800000
 134.7290000 101.3260000 100.4620000 135.7170000 101.1940000 102.4780000
 135.6260000 101.3720000 103.3140000 137.0940000 100.9490000 102.0180000
 137.3910000 101.7550000 101.5680000 138.0090000 100.7130000 103.2340000
 137.9390000  99.7850000 103.5080000 138.9290000 100.8830000 102.9780000
 137.5950000 101.7360000 104.6780000 137.2110000 102.7320000 104.1290000
 137.2690000  99.7780000 101.0220000 138.3490000  99.6010000 100.4500000
 136.2600000  98.9210000 100.8440000 135.5440000  99.0590000 101.2990000
 136.2350000  97.8790000  99.8110000 137.0980000  97.4370000  99.7800000
 135.1800000  96.8290000 100.1910000 134.3120000  97.2510000 100.2930000
 135.1200000  96.1610000  99.4900000 135.6640000  96.0250000 101.7450000
 134.7300000  95.2770000 101.8410000 135.9570000  98.4270000  98.3990000
 136.4180000  97.8390000  97.4210000 135.1750000  99.5040000  98.2820000
 134.9630000  99.9360000  98.9940000 134.6610000 100.0270000  97.0080000
 134.4870000  99.2750000  96.4210000 133.3230000 100.7660000  97.2140000
 133.4700000 101.5170000  97.8100000 132.7500000 101.2890000  95.8890000
 133.3250000 101.9760000  95.5180000 131.8770000 101.6850000  96.0370000
 132.6580000 100.5670000  95.2480000 132.2630000  99.8530000  97.8470000
 132.5490000  99.5630000  98.7270000 131.4310000 100.3410000  97.9510000
 132.1070000  99.0780000  97.2850000 135.6900000 100.9300000  96.3260000
 136.1840000 101.8940000  96.9130000 135.9520000 100.6590000  95.0440000
 135.5100000 100.0170000  94.6810000 136.7180000 101.5330000  94.1460000
 137.3740000 102.0200000  94.6680000 137.4580000 100.6680000  93.1120000
 136.8720000 100.4780000  92.3630000 137.6990000  99.8250000  93.5270000
 138.7540000 101.3260000  92.6180000 139.3320000 101.4690000  93.3840000
 138.5630000 102.1790000  92.1980000 139.4630000 100.3900000  91.6290000
 139.4540000  99.4910000  91.9920000 138.9760000 100.3960000  90.7900000
 140.8620000 100.7780000  91.3830000 141.1180000 101.5600000  91.6320000
 141.7630000 100.0970000  90.6980000 141.5030000  98.9370000  90.1500000
 140.6730000  98.7180000  90.0900000 142.0730000  98.6230000  89.5870000
 142.9670000 100.5580000  90.5770000 142.9750000 101.4160000  90.6390000
 143.3900000 100.2950000  89.8760000 135.7910000 102.5580000  93.4800000
 134.7000000 102.1990000  93.0450000 136.2200000 103.8130000  93.4200000
 137.0160000 103.9640000  93.7090000 135.6140000 104.8670000  92.6090000
 135.8930000 105.7270000  92.9600000 134.6470000 104.8120000  92.6620000
 136.0350000 104.7920000  91.1380000 136.6900000 103.8420000  90.7070000
 135.7060000 105.8390000  90.3790000 135.3350000 106.5160000  90.7570000
 136.2570000 106.0440000  89.0410000 136.1800000 105.2140000  88.5460000
 135.4340000 107.1140000  88.3130000 135.7680000 107.2220000  87.4090000
 134.5010000 106.8500000  88.2760000 135.5130000 107.9650000  88.7720000
 137.7500000 106.4200000  89.1090000 138.1830000 107.1450000  90.0050000
 138.5290000 105.9510000  88.1350000 138.1690000 105.4780000  87.5130000
 139.9750000 106.1920000  88.0500000 140.3000000 106.4680000  88.9220000
 140.7210000 104.8850000  87.7250000 140.4520000 104.5260000  86.8650000
 141.6730000 105.0710000  87.6960000 140.4600000 103.8470000  88.8300000
 139.7530000 103.2500000  88.5400000 140.1350000 104.2880000  89.6310000
 141.7190000 103.0460000  89.1750000 142.1940000 103.1740000  90.3350000
 141.9370000 102.0080000  88.5140000 140.2980000 107.3610000  87.1110000
 140.9010000 107.1850000  86.0530000 139.8430000 108.5590000  87.4880000
 139.3610000 108.6060000  88.1980000 140.1560000 109.8080000  86.7860000
 139.8350000 109.7360000  85.8730000 139.4240000 110.9940000  87.4480000
 139.6860000 111.0390000  88.3810000 139.7220000 111.8120000  87.0210000
 137.8870000 110.9450000  87.3740000 137.3460000 110.2050000  86.5220000
 137.2550000 111.7450000  88.1020000 141.6830000 110.0360000  86.7520000
 142.2960000 110.4310000  87.7460000 142.3070000 109.7470000  85.6010000
 141.8090000 109.3720000  85.0080000 143.7610000 109.5650000  85.4320000
 143.9270000 109.2320000  84.5360000 144.0540000 108.8840000  86.0570000
 144.6560000 110.7960000  85.6420000 145.8350000 110.7670000  85.2940000
 144.1270000 111.8940000  86.1800000 143.3320000 111.8170000  86.4980000
 144.9270000 113.0320000  86.6480000 145.5190000 113.3190000  85.9350000
 144.0240000 114.2120000  87.0380000 144.5760000 114.9160000  87.4130000
 143.2510000 114.7790000  85.8480000 142.7320000 115.5450000  86.1390000
 143.8710000 115.0600000  85.1570000 142.6490000 114.1090000  85.4880000
 143.0900000 113.8000000  88.0080000 143.4530000 113.1590000  88.4110000
 145.7660000 112.6220000  87.8630000 145.2050000 112.2450000  88.8960000
 147.0900000 112.8050000  87.7980000 147.4320000 113.0920000  87.0630000
 147.9550000 112.6070000  88.9740000 147.7440000 111.7320000  89.3360000
 149.4470000 112.5770000  88.6070000 149.9420000 112.2610000  89.3790000
 149.5890000 111.9460000  87.8840000 149.9770000 113.8390000  88.2400000
 150.7920000 113.7610000  88.0530000 147.6540000 113.6320000  90.0780000
 147.1670000 114.7320000  89.8070000 147.8610000 113.2410000  91.3400000
 148.1920000 112.4610000  91.4850000 147.5220000 114.0640000  92.5110000
 146.6480000 114.4570000  92.3620000 147.4260000 113.2160000  93.8000000
 148.2890000 112.8180000  93.9920000 146.9860000 114.0680000  95.0020000
 147.6410000 114.7590000  95.1870000 146.1180000 114.4670000  94.8330000
 146.9270000 113.5060000  95.7900000 146.3980000 112.0860000  93.6420000
 146.6730000 111.4700000  92.9450000 145.5260000 112.4510000  93.4260000
 146.3340000 111.5870000  94.4710000 148.5220000 115.2120000  92.6570000
 149.5310000 115.0870000  93.3390000 148.2810000 116.3060000  91.9390000
 147.6580000 116.2680000  91.3470000 149.1090000 117.5100000  92.0050000
 150.0370000 117.2350000  91.9410000 148.7700000 118.4160000  90.8030000
 148.3060000 117.8920000  90.1320000 148.1770000 119.1330000  91.0780000
 150.0220000 119.0070000  90.1350000 150.4290000 119.6660000  90.7200000
 150.6620000 118.2940000  89.9860000 149.7210000 119.6550000  88.7840000
 148.5990000 119.9880000  88.4420000 150.7100000 119.8310000  87.9360000
 150.5030000 120.1960000  87.1850000 151.5150000 119.6140000  88.1480000
 148.9200000 118.2280000  93.3560000 147.7800000 118.4020000  93.8230000
 150.0230000 118.6930000  93.9500000 150.7830000 118.4440000  93.6330000
 150.0400000 119.4470000  95.2080000 149.4650000 118.9930000  95.8440000
 151.4570000 119.4050000  95.7840000 151.4750000 119.8600000  96.6400000
 152.0730000 119.8450000  95.1780000 151.7300000 118.4840000  95.9160000
 149.5060000 120.8890000  95.0540000 150.2460000 121.8640000  94.9380000
 148.1810000 121.0260000  95.0480000 147.7130000 120.3050000  95.0870000
 147.4740000 122.3110000  95.0790000 147.8100000 122.8750000  94.3650000
 145.9750000 122.0670000  94.8450000 145.8360000 121.7090000  93.9540000
 145.4980000 122.9070000  94.9280000 145.4870000 121.1350000  95.7990000
 145.8880000 121.3310000  96.5110000 147.6690000 123.0330000  96.4230000
 147.2100000 122.5220000  97.4480000 148.0880000 124.3040000  96.3840000
 148.3810000 124.6180000  95.6390000 148.0790000 125.2080000  97.5490000
 148.7000000 124.8710000  98.2130000 148.5130000 126.6360000  97.1510000
 148.4000000 127.2080000  97.9260000 147.9260000 126.9600000  96.4510000
 149.9710000 126.7570000  96.6790000 150.0740000 126.2810000  95.8400000
 150.5420000 126.3300000  97.3370000 150.4270000 128.2200000  96.4930000
 151.6480000 128.4740000  96.6390000 149.5820000 129.0950000  96.1870000
 146.6820000 125.2870000  98.1900000 145.6890000 125.5210000  97.4960000
 146.6010000 125.2030000  99.5240000 147.3230000 125.1130000  99.9820000
 145.3670000 125.5440000 100.2420000 144.6300000 125.1160000  99.7790000
 145.3760000 124.9970000 101.6780000 145.6980000 124.0820000 101.6700000
 144.4700000 124.9980000 102.0240000 146.1830000 125.7750000 102.5390000
 146.1570000 125.4420000 103.3100000 145.1240000 127.0590000 100.2060000
 146.0620000 127.8540000 100.1200000 143.8640000 127.4830000 100.3460000
 143.2310000 126.9020000 100.3820000 143.5180000 128.9090000 100.3600000
 143.8360000 129.3150000  99.5380000 141.9860000 129.0270000 100.4020000
 141.5940000 128.4980000  99.6900000 141.6530000 128.7110000 101.2560000
 141.5040000 130.7610000 100.1740000 140.3160000 130.6050000 100.2400000
 144.1970000 129.6650000 101.5230000 144.7810000 130.7260000 101.3130000
 144.3170000 129.0080000 102.6840000 143.9570000 128.2290000 102.7460000
 145.0130000 129.5330000 103.8630000 144.7220000 130.4470000 104.0090000
 144.6190000 128.6960000 105.0990000 144.8840000 127.7760000 104.9450000
 145.1140000 129.0200000 105.8680000 143.1090000 128.7370000 105.4280000
 142.6020000 128.4770000 104.6430000 142.7670000 127.7500000 106.5400000
 141.8050000 127.7140000 106.6610000 143.1700000 128.0350000 107.3750000
 143.0780000 126.8610000 106.3090000 142.6500000 130.1260000 105.8740000
 142.7420000 130.7650000 105.1500000 141.7160000 130.0930000 106.1330000
 143.1750000 130.4220000 106.6340000 146.5390000 129.6020000 103.6730000
 147.1150000 130.6580000 103.9270000 147.1510000 128.6190000 103.0010000
 146.7070000 127.9130000 102.7910000 148.5700000 128.6760000 102.6230000
 149.1000000 128.8400000 103.4180000 149.0040000 127.3330000 102.0110000
 148.4700000 127.1500000 101.2220000 148.8300000 126.6250000 102.6510000
 150.4710000 127.2780000 101.6320000 150.8790000 127.4410000 100.2950000
 150.2470000 127.5850000  99.6280000 152.2460000 127.4150000  99.9640000
 152.5030000 127.5220000  99.0770000 153.2150000 127.2660000 100.9730000
 154.1200000 127.2950000 100.7600000 152.8050000 127.1170000 102.3100000
 153.4240000 127.0760000 103.0030000 151.4400000 127.1040000 102.6330000
 151.1830000 127.0170000 103.5220000 148.8630000 129.8290000 101.6640000
 149.7300000 130.6630000 101.9290000 148.0130000 129.9920000 100.6460000
 147.4000000 129.3980000 100.5430000 148.1160000 131.0730000  99.6630000
 149.0230000 131.0780000  99.3190000 147.1610000 130.7460000  98.5090000
 147.2660000 129.8100000  98.2780000 146.2440000 130.8920000  98.7880000
 147.4680000 131.5780000  97.2610000 148.4080000 131.4880000  97.0380000
 147.2660000 132.5120000  97.4300000 146.6240000 131.0650000  96.0920000
 146.8390000 130.1310000  95.9440000 145.6870000 131.1440000  96.3300000
 146.8970000 131.8280000  94.8610000 147.6090000 132.3100000  94.8740000
 146.2290000 131.7400000  93.7260000 145.2020000 130.9490000  93.5910000
 145.0000000 130.4370000  94.2520000 144.7850000 130.8800000  92.8420000
 146.5750000 132.4610000  92.6970000 146.1380000 132.3970000  91.9590000
 147.2580000 132.9810000  92.7480000 147.8750000 132.4580000 100.2760000
 148.5580000 133.4020000  99.8920000 147.0200000 132.5780000 101.2940000
 146.5510000 131.8900000 101.5080000 146.8450000 133.8090000 102.0760000
 146.7270000 134.5530000 101.4650000 145.5690000 133.6890000 102.9240000
 144.8040000 133.6230000 102.3310000 145.6030000 132.8680000 103.4390000
 145.3500000 134.8450000 103.8830000 145.7730000 134.7390000 105.2230000
 146.1780000 133.9590000 105.5280000 145.5800000 135.8090000 106.1130000
 145.8540000 135.7310000 106.9980000 144.9600000 136.9890000 105.6680000
 144.8190000 137.6890000 106.2630000 144.5340000 137.0990000 104.3330000
 144.1050000 137.8730000 104.0480000 144.7300000 136.0290000 103.4400000
 144.4350000 136.0990000 102.5610000 148.0700000 134.1420000 102.9480000
 148.5950000 135.2570000 102.8650000 148.6010000 133.1580000 103.6860000
 148.2110000 132.3920000 103.6930000 149.7780000 133.3390000 104.5450000
 149.5970000 134.0790000 105.1450000 150.0080000 132.0940000 105.4190000
 150.9610000 131.9560000 105.5380000 149.6540000 131.3020000 104.9840000
 149.3800000 132.2620000 106.7870000 150.1650000 132.7230000 107.8610000
 151.0790000 132.8530000 107.7520000 149.5640000 133.0180000 109.0980000
 150.0790000 133.3320000 109.8060000 148.1770000 132.8690000 109.2570000
 147.7770000 133.0850000 110.0680000 147.3930000 132.3890000 108.1940000
 146.4750000 132.2880000 108.3070000 147.9950000 132.0800000 106.9630000
 147.4690000 131.7800000 106.2570000 151.0340000 133.7110000 103.7480000
 151.7140000 134.6870000 104.0790000 151.2380000 133.0360000 102.6150000
 150.7180000 132.3680000 102.4630000 152.3360000 133.2580000 101.6700000
 153.1720000 133.2990000 102.1590000 152.3570000 132.0370000 100.7390000
 152.4400000 131.2380000 101.2830000 151.5080000 131.9930000 100.2720000
 153.4850000 132.0290000  99.7010000 153.4230000 132.8150000  99.1350000
 154.3470000 132.0270000 100.1450000 153.3350000 130.7620000  98.8490000
 153.5540000 129.9910000  99.3950000 152.4160000 130.6820000  98.5490000
 154.2410000 130.8040000  97.6200000 155.1620000 130.9130000  97.9040000
 153.9900000 131.5770000  97.0910000 154.0790000 129.5670000  96.8200000
 154.5910000 128.9170000  97.1470000 154.3680000 129.6800000  95.9860000
 153.2380000 129.2770000  96.8120000 152.2140000 134.5820000 100.9060000
 153.1540000 135.3690000 100.9080000 151.0710000 134.8480000 100.2680000
 150.4520000 134.2510000 100.2820000 150.9650000 135.9280000  99.2750000
 151.8460000 136.0830000  98.9010000 150.0380000 135.5090000  98.1130000
 150.0370000 136.2300000  97.4640000 149.1300000 135.4230000  98.4430000
 150.4080000 134.2300000  97.3730000 151.2800000 133.4580000  97.7230000
 149.8660000 134.0460000  96.1920000 149.3850000 134.6740000  95.8540000
 150.2140000 133.3940000  95.7520000 150.5040000 137.2800000  99.8520000
 150.5100000 138.2650000  99.1170000 149.9850000 137.3220000 101.0850000
 149.9450000 136.5890000 101.5330000 149.3330000 138.5180000 101.6480000
 149.5510000 139.2930000 101.1070000 147.8100000 138.3440000 101.5940000
 147.5520000 137.5670000 102.1150000 147.5320000 138.2100000 100.6740000
 147.1570000 139.4820000 102.1180000 146.3260000 139.3650000 102.0770000
 149.8010000 138.8420000 103.0670000 150.4110000 139.8860000 103.2910000
 149.6590000 137.8910000 103.9930000 149.2740000 137.1550000 103.7700000
 149.9080000 138.1290000 105.4170000 149.4300000 138.9280000 105.6880000
 149.3280000 136.9440000 106.1900000 149.8010000 136.1470000 105.9050000
 148.3940000 136.8370000 105.9520000 149.4330000 137.0360000 107.6940000
 150.4430000 136.3240000 108.3700000 151.0600000 135.8140000 107.8970000
 150.4980000 136.3550000 109.7750000 151.1400000 135.8670000 110.2380000
 149.5510000 137.1030000 110.4990000 149.6080000 137.1240000 111.8490000
 150.3890000 136.9780000 112.1230000 148.5480000 137.8250000 109.8230000
 147.9280000 138.3090000 110.3190000 148.4880000 137.7900000 108.4170000
 147.8160000 138.2520000 107.9710000 151.3930000 138.3560000 105.7450000
 151.7550000 139.4130000 106.2630000 152.2800000 137.4600000 105.2950000
 151.9890000 136.7460000 104.9150000 153.7220000 137.5620000 105.5840000
 153.8080000 137.7110000 106.5390000 154.4650000 136.2490000 105.2750000
 155.3410000 136.2800000 105.6900000 154.5880000 136.1300000 104.3200000
 153.7540000 135.1370000 105.7840000 153.1100000 134.9770000 105.2690000
 154.4020000 138.7770000 104.9190000 155.0520000 139.5400000 105.6410000
 154.0970000 139.1200000 103.6440000 153.4820000 138.2730000 102.6280000
 152.5280000 138.4430000 102.5960000 153.6390000 137.3270000 102.7730000
 154.1150000 138.6980000 101.3100000 154.9860000 138.2820000 101.2150000
 153.5460000 138.4900000 100.5530000 154.2700000 140.2020000 101.5150000
 154.9740000 140.5670000 100.9570000 153.4250000 140.6360000 101.3200000
 154.6040000 140.3440000 103.0070000 155.5680000 140.3630000 103.1120000
 154.0310000 141.6570000 103.5720000 154.5860000 142.7290000 103.3130000
 152.8920000 141.6110000 104.2750000 152.4990000 140.8520000 104.3730000
 152.3220000 142.7660000 104.9750000 152.5190000 143.5630000 104.4590000
 150.7920000 142.6030000 105.0430000 150.5880000 141.7720000 105.5000000
 150.4460000 142.5320000 104.1400000 150.0550000 143.7430000 105.7710000
 150.3810000 143.8180000 106.6820000 150.2390000 145.0920000 105.0660000
 151.1700000 145.3610000 105.1130000 149.9580000 145.0190000 104.1410000
 149.7030000 145.7650000 105.5150000 148.5610000 143.4300000 105.8230000
 148.0900000 144.1350000 106.2950000 148.2020000 143.3430000 104.9260000
 148.4220000 142.5970000 106.3000000 152.9470000 142.9620000 106.3640000
 153.3910000 144.0670000 106.6780000 153.0420000 141.8910000 107.1600000
 152.7170000 141.1470000 106.8750000 153.5560000 141.9270000 108.5330000
 153.0320000 142.5660000 109.0410000 153.3750000 140.5290000 109.1580000
 153.8410000 139.8800000 108.6090000 152.4330000 140.2960000 109.1540000
 153.9140000 140.4240000 110.5990000 154.8470000 140.6890000 110.6200000
 153.1230000 141.3120000 111.5550000 153.2650000 142.2480000 111.3430000
 153.4250000 141.1600000 112.4640000 152.1790000 141.1000000 111.4860000
 153.8420000 138.9810000 111.0830000 154.1640000 138.9200000 111.9960000
 152.9290000 138.6560000 111.0460000 154.4090000 138.4290000 110.5220000
 155.0250000 142.3670000 108.5930000 155.3970000 143.2520000 109.3630000
 155.8560000 141.7790000 107.7330000 155.5310000 141.1780000 107.2110000
 157.3090000 141.9740000 107.7270000 157.5880000 142.1840000 108.6320000
 157.9760000 140.6520000 107.3240000 157.6470000 140.4000000 106.4470000
 158.9360000 140.7760000 107.2560000 157.6880000 139.5170000 108.3270000
 156.7440000 139.4780000 108.5470000 158.0620000 138.1950000 107.6860000
 157.5160000 138.0530000 106.8970000 158.9970000 138.2150000 107.4300000
 157.9020000 137.4690000 108.3090000 158.4900000 139.6830000 109.6200000
 158.2070000 140.4820000 110.0920000 158.3390000 138.9170000 110.1960000
 159.4360000 139.7410000 109.4130000 157.7570000 143.1740000 106.8760000
 158.9360000 143.3330000 106.5680000 156.8310000 144.0760000 106.5480000
 156.0320000 143.9390000 106.8350000 157.1150000 145.3280000 105.8470000
 157.7430000 145.1270000 105.1350000 155.7870000 145.8020000 105.2380000
 155.2440000 146.2380000 105.9130000 155.3060000 145.0130000 104.9430000
 155.9560000 146.7200000 104.0230000 156.1570000 147.6220000 104.3170000
 156.6830000 146.3950000 103.4690000 154.6600000 146.6930000 103.1970000
 153.9270000 147.0340000 103.7330000 154.4680000 145.7720000 102.9620000
 154.8060000 147.5090000 101.9100000 155.6300000 147.2410000 101.4730000
 154.8810000 148.4490000 102.1380000 153.6580000 147.2720000 100.9980000
 153.7430000 147.7470000 100.2500000 153.6220000 146.4100000 100.7780000
 152.8880000 147.4840000 101.3920000 157.7660000 146.3310000 106.8050000
 157.2240000 146.5850000 107.8770000 158.8030000 147.0440000 106.3620000
 159.1730000 146.7670000 105.6370000 159.6200000 147.9380000 107.2170000
 159.9340000 147.4130000 107.9700000 160.8740000 148.4110000 106.4390000
 161.2310000 149.2100000 106.8570000 160.6120000 148.6670000 105.5410000
 162.0280000 147.3970000 106.3640000 161.9950000 146.4070000 107.1270000
 163.0500000 147.7380000 105.7190000 158.8960000 149.1420000 107.8710000
 159.4870000 149.7890000 108.7300000 157.6180000 149.4120000 107.5640000
 157.2300000 148.8930000 106.9990000 156.7760000 150.3490000 108.3370000
 157.3460000 150.9100000 108.8860000 156.0210000 151.2800000 107.3790000
 155.6660000 152.0160000 107.9020000 156.6500000 151.6630000 106.7470000
 154.8730000 150.6690000 106.6300000 154.9120000 150.2430000 105.3490000
 155.6620000 150.3010000 104.8020000 153.6720000 149.7530000 104.9880000
 153.4640000 149.5130000 104.1890000 152.7670000 149.8350000 106.0240000
 151.4130000 149.4890000 106.1340000 150.9570000 149.1050000 105.4200000
 150.7420000 149.7430000 107.3420000 149.8420000 149.5290000 107.4370000
 151.4340000 150.3310000 108.4150000 150.9850000 150.5030000 109.2110000
 152.7960000 150.6700000 108.2920000 153.2340000 151.0650000 109.0120000
 153.5020000 150.4300000 107.0920000 155.7970000 149.6640000 109.3060000
 155.4500000 150.2520000 110.3270000 155.4160000 148.4090000 109.0490000
 155.7830000 148.0010000 108.3870000 154.6020000 147.5960000 109.9590000
 153.8930000 148.1480000 110.3240000 153.9520000 146.4500000 109.1650000
 154.6450000 145.8950000 108.7740000 153.4260000 146.8230000 108.4400000
 153.0520000 145.5570000 110.0300000 153.5920000 145.1350000 110.7160000
 152.6950000 144.8540000 109.4660000 151.6580000 146.3960000 110.8340000
 150.6130000 146.7470000 109.3960000 150.3710000 145.9160000 108.9580000
 151.0930000 147.3130000 108.7720000 149.8080000 147.2040000 109.6870000
 155.4410000 147.0690000 111.1320000 155.1060000 147.3100000 112.2900000
 156.6570000 146.5880000 110.8320000 156.8370000 146.4970000 109.9960000
 157.6410000 146.0850000 111.8090000 157.2820000 145.2710000 112.1950000
 158.9580000 145.7350000 111.0950000 159.2590000 146.4990000 110.5790000
 159.6280000 145.5370000 111.7680000 158.8400000 144.5150000 110.1680000
 158.1220000 144.6570000 109.5320000 158.6280000 143.7260000 110.6910000
 160.1400000 144.2880000 109.3830000 160.0050000 143.5500000 108.7690000
 160.3460000 145.0850000 108.8700000 161.2610000 143.9230000 110.2570000
 161.1060000 143.3250000 110.8550000 162.5380000 144.1880000 110.0820000
 163.0180000 144.9360000 109.1300000 162.5060000 145.3030000 108.5440000
 163.8640000 145.0650000 109.0440000 163.3730000 143.6080000 110.8870000
 163.0460000 143.0320000 111.4360000 164.2160000 143.5740000 110.7220000
 157.9050000 147.0150000 113.0100000 158.0250000 146.4770000 114.1080000
 158.0770000 148.3490000 112.8780000 158.3790000 149.0800000 111.6570000
 157.7410000 148.9020000 110.9480000 159.2730000 148.8500000 111.3600000
 158.3420000 150.5570000 112.0400000 157.4280000 150.8810000 112.0380000
 158.8940000 151.0980000 111.4540000 158.8730000 150.5260000 113.4690000
 159.8400000 150.4450000 113.4570000 158.6090000 151.3130000 113.9710000
 158.2610000 149.2380000 114.0310000 158.8950000 148.8460000 114.6520000
 156.9710000 149.5340000 114.8110000 157.0240000 149.5870000 116.0360000
 155.8100000 149.6860000 114.1620000 155.7790000 149.5940000 113.3070000
 154.5630000 149.9850000 114.8940000 154.7770000 150.6290000 115.5870000
 153.4890000 150.6560000 114.0040000 152.7840000 150.9460000 114.6030000
 154.0670000 151.9210000 113.3430000 153.3510000 152.4570000 112.9680000
 154.5300000 152.4580000 114.0050000 154.6850000 151.6810000 112.6350000
 152.8390000 149.7090000 112.9700000 152.4940000 148.9220000 113.4210000
 153.5110000 149.4300000 112.3290000 151.6640000 150.3290000 112.2060000
 151.2410000 149.6440000 111.6650000 151.9760000 151.0380000 111.6220000
 151.0110000 150.6820000 112.8310000 154.0230000 148.7540000 115.6320000
 153.5630000 148.8790000 116.7640000 154.1830000 147.5550000 115.0600000
 154.4990000 147.5270000 114.2610000 153.6090000 146.3230000 115.6200000
 152.7380000 146.5560000 115.9770000 153.3460000 145.3060000 114.5000000
 152.9700000 145.7840000 113.7440000 154.6090000 144.5860000 114.0270000
 154.4070000 144.1210000 113.2000000 154.9010000 143.9460000 114.6950000
 155.3200000 145.2250000 113.8650000 152.3230000 144.2550000 114.9280000
 152.1060000 143.6910000 114.1690000 151.5110000 144.6870000 115.2350000
 152.6800000 143.7100000 115.6470000 154.4210000 145.7490000 116.7890000
 153.8340000 145.2630000 117.7490000 155.7390000 145.9940000 116.8380000
 156.1140000 146.3810000 116.1680000 156.5180000 145.7740000 118.0680000
 156.2390000 144.9230000 118.4400000 158.0310000 145.6530000 117.7690000
 158.1320000 144.9850000 117.0730000 158.6510000 146.9600000 117.2560000
 158.1000000 147.3290000 116.5490000 158.7300000 147.6100000 117.9720000
 159.5310000 146.7830000 116.8880000 158.7960000 145.1550000 119.0140000
 158.3740000 144.3400000 119.3270000 158.7380000 145.8140000 119.7230000
 160.2770000 144.8410000 118.7560000 160.6590000 144.4300000 119.5470000
 160.3610000 144.2290000 118.0080000 160.7680000 145.6560000 118.5680000
 156.1860000 146.8320000 119.1350000 155.8960000 146.4620000 120.2690000
 156.0630000 148.1110000 118.7550000 156.2380000 148.3240000 117.9400000
 155.8120000 149.2040000 119.6960000 156.4790000 149.1580000 120.3990000
 156.0010000 150.5370000 118.9660000 155.8570000 151.2630000 119.5930000
 156.9040000 150.5970000 118.6160000 155.3640000 150.6140000 118.2380000
 154.4330000 149.1410000 120.3790000 154.3410000 149.4590000 121.5650000
 153.3790000 148.6920000 119.6840000 153.4720000 148.5360000 118.8430000
 152.0660000 148.4730000 120.3110000 151.8740000 149.2530000 120.8540000
 150.9270000 148.3690000 119.2680000 150.9830000 149.1520000 118.6980000
 151.0490000 147.1250000 118.3740000 150.4760000 147.2130000 117.5970000
 151.9650000 147.0390000 118.0680000 150.8010000 146.3220000 118.8580000
 149.5550000 148.3910000 119.9790000 149.4660000 147.6130000 120.5520000
 149.5100000 149.1810000 120.5400000 148.3540000 148.4210000 119.0250000
 147.5400000 148.5370000 119.5400000 148.2900000 147.5860000 118.5350000
 148.4420000 149.1600000 118.4030000 152.0910000 147.2790000 121.2720000
 151.6750000 147.4330000 122.4130000 152.6880000 146.1410000 120.9000000
 152.9980000 146.0670000 120.1010000 152.6560000 144.9480000 121.7530000
 151.7570000 144.8460000 122.1020000 152.9970000 143.7000000 120.9330000
 153.8560000 143.8390000 120.5040000 153.0920000 142.9530000 121.5450000
 151.9760000 143.2620000 119.8970000 150.5880000 143.3220000 120.1500000
 150.2620000 143.6820000 120.9430000 149.6740000 142.7990000 119.2180000
 148.7620000 142.8340000 119.3940000 150.1400000 142.1840000 118.0450000
 149.5360000 141.8160000 117.4420000 151.5200000 142.1110000 117.7990000
 151.8460000 141.6900000 117.0360000 152.4300000 142.6590000 118.7130000
 153.3420000 142.6050000 118.5390000 153.5500000 145.0480000 122.9950000
 153.0980000 144.6720000 124.0740000 154.7120000 145.7090000 122.9210000
 154.9980000 145.9790000 122.1560000 155.4690000 146.0480000 124.1440000
 155.4890000 145.2560000 124.7030000 156.9410000 146.4070000 123.8710000
 157.3940000 146.4760000 124.7260000 157.6570000 145.3060000 123.0750000
 158.6020000 145.5150000 123.0100000 157.2870000 145.2310000 122.1810000
 157.5570000 144.4580000 123.5350000 157.1000000 147.7540000 123.1640000
 156.4950000 147.8140000 122.4080000 156.9110000 148.4750000 123.7850000
 158.0150000 147.8440000 122.8560000 154.7780000 147.1400000 124.9740000
 154.9310000 147.1500000 126.1880000 153.8900000 147.9390000 124.3700000
 153.7830000 147.8620000 123.5200000 152.9830000 148.8450000 125.0820000
 152.5920000 149.4610000 124.4430000 153.4820000 149.3570000 125.7380000
 151.8370000 148.1350000 125.8070000 151.5700000 148.4530000 126.9610000
 151.2880000 147.0660000 125.2200000 151.5170000 146.9000000 124.4080000
 150.3200000 146.1650000 125.8760000 149.6090000 146.7020000 126.2590000
 149.6780000 145.2000000 124.8540000 150.3770000 144.7280000 124.3750000
 148.7560000 144.1620000 125.5020000 148.3380000 143.6130000 124.8210000
 149.2660000 143.5780000 126.0850000 148.0690000 144.6030000 126.0260000
 148.8270000 145.9710000 123.8310000 148.0920000 146.4150000 124.2820000
 148.4700000 145.3580000 123.1690000 149.3610000 146.6400000 123.3740000
 150.9700000 145.4090000 127.0410000 150.4380000 145.4570000 128.1470000
 152.2250000 144.9700000 126.8770000 152.5620000 144.9870000 126.0860000
 153.0280000 144.4060000 127.9680000 152.5210000 143.6810000 128.3660000
 154.3290000 143.8220000 127.3810000 154.0990000 143.1240000 126.7480000
 154.7920000 144.5270000 126.9020000 155.2990000 143.2460000 128.4290000
 155.5320000 143.9340000 129.0720000 154.6920000 142.0590000 129.1710000
 154.3990000 141.3770000 128.5470000 153.9260000 142.3590000 129.6850000
 155.3450000 141.6840000 129.7820000 156.5910000 142.7860000 127.7540000
 157.0020000 143.5330000 127.2920000 157.2060000 142.4540000 128.4260000
 156.4020000 142.0770000 127.1200000 153.2940000 145.4270000 129.0880000
 153.0570000 145.1140000 130.2530000 153.6660000 146.6650000 128.7340000
 153.8550000 146.7990000 127.9060000 153.8530000 147.7840000 129.6760000
 154.5000000 147.5180000 130.3480000 154.3950000 149.0310000 128.9610000
 153.9800000 149.8290000 129.3230000 154.2020000 148.9960000 128.0110000
 155.7900000 149.1380000 129.1610000 156.0520000 149.8260000 128.7570000
 152.5680000 148.1680000 130.4150000 152.6360000 148.4540000 131.6040000
 151.3990000 148.1030000 129.7700000 151.4020000 147.9040000 128.9330000
 150.1050000 148.2370000 130.4430000 150.1070000 149.0450000 130.9790000
 148.9790000 148.3490000 129.4000000 149.1210000 147.6910000 128.7020000
 149.0210000 149.2240000 128.9840000 147.5850000 148.1300000 129.9710000
 147.0090000 146.8430000 129.9530000 147.4650000 146.1320000 129.5640000
 145.7670000 146.6140000 130.5730000 145.4040000 145.7580000 130.5880000
 145.0890000 147.6720000 131.2020000 144.2770000 147.5150000 131.6280000
 145.6540000 148.9590000 131.2120000 145.2130000 149.6530000 131.6460000
 146.9020000 149.1880000 130.6020000 147.2870000 150.0340000 130.6400000
 149.8410000 147.0730000 131.4040000 149.4720000 147.2970000 132.5510000
 150.1100000 145.8380000 130.9850000 150.3620000 145.7240000 130.1710000
 149.7480000 144.6640000 131.7750000 148.8180000 144.7550000 132.0330000
 149.8650000 143.4170000 130.9040000 150.7910000 143.1410000 130.8200000
 149.5000000 143.5940000 130.0230000 149.0940000 142.4150000 131.5110000
 149.5900000 141.8050000 131.8070000 150.5660000 144.5390000 133.0680000
 149.9950000 144.4710000 134.1560000 151.8730000 144.8210000 133.0010000
 152.2230000 144.9540000 132.2270000 152.7250000 144.9570000 134.1960000
 152.5190000 144.2020000 134.7700000 154.2160000 144.8420000 133.7960000
 154.3110000 144.0770000 133.2070000 154.6800000 146.0820000 133.0260000
 155.5740000 145.9480000 132.6740000 154.0760000 146.2620000 132.2890000
 154.6790000 146.8510000 133.6180000 155.1970000 144.6480000 134.9740000
 156.0990000 144.6110000 134.6190000 155.1510000 145.4070000 135.5760000
 154.9620000 143.3620000 135.7710000 155.6750000 143.2540000 136.4200000
 154.1180000 143.4120000 136.2460000 154.9580000 142.5970000 135.1740000
 152.4190000 146.2230000 135.0270000 152.7100000 146.2390000 136.2200000
 151.7310000 147.2310000 134.4700000 151.4920000 147.1670000 133.6460000
 151.2390000 148.3860000 135.2340000 151.9660000 148.6890000 135.8000000
 150.8650000 149.5370000 134.2910000 149.9940000 149.3810000 133.8940000
 151.5210000 149.6270000 133.5830000 150.8220000 150.3610000 134.8000000
 150.0390000 148.0680000 136.1430000 149.6760000 148.9020000 136.9720000
 149.3530000 146.9460000 135.8920000 149.6120000 146.4720000 135.2220000
 148.0850000 146.5620000 136.5380000 147.8900000 147.2000000 137.2420000
 146.9230000 146.6340000 135.5190000 147.0590000 145.9590000 134.8360000
 145.5570000 146.3970000 136.1730000 144.8510000 146.5570000 135.5280000
 145.4780000 145.4780000 136.4720000 145.4340000 146.9920000 136.9300000
 146.8380000 148.0060000 134.8300000 147.6360000 148.1690000 134.3040000
 146.7430000 148.7070000 135.4940000 146.0790000 148.0270000 134.2260000
 148.1700000 145.1890000 137.2270000 147.3730000 144.9090000 138.1150000
 149.2440000 144.4230000 136.9990000 149.7490000 144.6560000 136.3430000
 149.4630000 143.0850000 137.5670000 148.7960000 142.4880000 137.1920000
 150.8540000 142.6050000 137.1010000 150.8510000 142.6400000 136.1320000
 151.5340000 143.2230000 137.4110000 151.2290000 141.1690000 137.5310000
 150.4290000 140.6220000 137.5600000 152.1900000 140.5550000 136.5090000
 151.7760000 140.5500000 135.6320000 152.3840000 139.6380000 136.7590000
 153.0160000 141.0630000 136.4800000 151.9380000 141.1110000 138.8900000
 152.2170000 140.2000000 139.0710000 152.7160000 141.6900000 138.8940000
 151.3360000 141.3740000 139.6040000 149.3070000 143.0170000 139.0970000
 148.6750000 142.0940000 139.6000000 149.7610000 144.0300000 139.8420000
 150.1150000 144.7060000 139.4440000 149.6070000 144.0950000 141.3010000
 149.6830000 143.1880000 141.6350000 150.7750000 144.8890000 141.9130000
 151.6170000 144.5500000 141.5710000 150.7710000 144.7510000 142.8730000
 150.7020000 146.3770000 141.6230000 150.7390000 146.8160000 140.4880000
 150.6610000 147.2090000 142.6380000 150.5060000 146.8920000 143.4220000
 150.5400000 148.0370000 142.4400000 148.2140000 144.5750000 141.7780000
 148.1070000 145.1430000 142.8660000 147.1720000 144.4120000 140.9500000
 147.3420000 144.1150000 140.1610000 145.7540000 144.6630000 141.2680000
 145.6860000 144.8720000 142.2130000 145.2170000 145.8610000 140.4440000
 145.8970000 146.1760000 139.8280000 144.4770000 145.5680000 139.8890000
 144.7230000 147.0240000 141.3210000 144.1160000 147.5740000 140.8020000
 144.2290000 146.6670000 142.0750000 145.8790000 147.8950000 141.8320000
 146.5500000 147.3200000 142.2310000 145.5560000 148.4940000 142.5230000
 146.5330000 148.7000000 140.6980000 146.5010000 148.1900000 139.8740000
 147.4670000 148.8450000 140.9140000 145.8950000 150.0190000 140.4930000
 146.1210000 150.4220000 139.7320000 145.0110000 149.9560000 140.5790000
 146.0710000 150.5350000 141.1960000 144.8490000 143.4290000 141.0970000
 143.6380000 143.5890000 141.1900000 145.3930000 142.2520000 140.7610000
 146.2490000 142.1870000 140.7170000 144.5960000 141.0100000 140.7030000
 143.8240000 141.1780000 140.1400000 145.3600000 139.8200000 140.0790000
 144.7640000 139.0540000 140.0760000 145.7270000 140.1040000 138.6160000
 144.9190000 140.2870000 138.1120000 146.1550000 139.3250000 138.2270000
 146.3280000 140.8630000 138.5550000 146.6340000 139.4070000 140.8310000
 146.4040000 139.1040000 141.7230000 147.2510000 140.1530000 140.8970000
 147.0660000 138.6720000 140.3680000 144.0580000 140.6320000 142.0860000
 144.7850000 140.6830000 143.0790000 142.7930000 140.2300000 142.1310000
 142.2890000 140.3590000 141.4460000 142.1120000 139.7250000 143.3240000
 142.2450000 140.3700000 144.0360000 140.5990000 139.6450000 143.0520000
 140.4160000 138.8740000 142.4930000 140.1290000 139.5180000 143.8910000
 140.0690000 140.8960000 142.3390000 139.8350000 141.8810000 143.0770000
 140.2700000 140.9560000 141.1000000 142.6810000 138.3690000 143.7810000
 143.3540000 137.6750000 143.0170000 142.4090000 137.9750000 145.0300000
 141.8720000 138.4590000 145.4970000 142.9320000 136.7400000 145.6350000
 143.3970000 136.2330000 144.9510000 143.9590000 137.0560000 146.7530000
 143.5220000 137.6410000 147.3920000 144.3970000 135.7940000 147.5250000
 143.6500000 135.4290000 148.0250000 145.1020000 136.0150000 148.1540000
 144.7200000 135.1180000 146.9090000 145.2050000 137.8080000 146.2290000
 145.7200000 138.1190000 146.9900000 144.9220000 138.5960000 145.7390000
 146.1410000 136.9900000 145.3280000 146.8110000 137.5800000 144.9490000
 146.5870000 136.2970000 145.8400000 145.6420000 136.5840000 144.6020000
 141.7960000 135.8440000 146.1330000 140.9680000 136.2490000 146.9560000
 141.9140000 134.5520000 145.8330000 142.5260000 134.3340000 145.2690000
 141.0280000 133.5050000 146.3310000 141.5100000 132.6650000 146.2790000
 140.8060000 133.6660000 147.2610000 139.7520000 133.3430000 145.5070000
 139.8370000 133.2080000 144.2840000 138.6040000 133.1430000 146.1570000
 138.5710000 133.2760000 147.0060000 137.3610000 132.7610000 145.4780000
 137.3640000 133.1710000 144.5990000 137.3380000 131.2240000 145.3210000
 137.2060000 130.8310000 146.1980000 138.2040000 130.9290000 144.9990000
 136.2610000 130.6680000 144.3710000 135.3800000 130.8840000 144.7150000
 136.4070000 131.2110000 142.9490000 137.3120000 131.0730000 142.6280000
 136.2020000 132.1590000 142.9220000 135.7900000 130.7570000 142.3540000
 136.3940000 129.1460000 144.2910000 135.6950000 128.7880000 143.7210000
 137.2590000 128.9010000 143.9270000 136.2960000 128.7590000 145.1750000
 136.1230000 133.2880000 146.2110000 136.0560000 133.2580000 147.4360000
 135.1260000 133.7230000 145.4490000 135.2710000 133.7880000 144.6040000
 133.9190000 134.4240000 145.9060000 134.1940000 135.0340000 146.6080000
 133.2840000 135.2880000 144.7810000 132.9440000 136.0950000 145.1990000
 132.5040000 134.8260000 144.4350000 134.1460000 135.6890000 143.5620000
 133.8100000 136.7400000 142.9830000 134.9750000 134.8700000 143.0920000
 132.8640000 133.4880000 146.5310000 131.8480000 133.9520000 147.0450000
 133.1110000 132.1720000 146.5000000 133.8510000 131.9530000 146.1200000
 132.3580000 131.0820000 147.1470000 132.8390000 130.2650000 146.9410000
 132.4590000 131.2780000 148.6730000 131.9030000 132.0260000 148.9400000
 133.3790000 131.5030000 148.8830000 132.0790000 130.0570000 149.5210000
 132.5100000 129.2640000 149.1640000 131.1180000 129.9250000 149.5010000
 132.5480000 130.2540000 150.9610000 133.6760000 129.9510000 151.3240000
 131.8200000 131.0020000 151.7600000 131.0630000 131.3140000 151.4960000
 132.1710000 131.2100000 152.5170000 130.9190000 130.8420000 146.6350000
 130.4910000 129.6930000 146.5740000 130.2270000 131.8750000 146.1480000
 130.5720000 132.6530000 146.2700000 128.8720000 131.7940000 145.5770000
 128.3480000 131.1670000 146.0990000 128.2080000 133.1710000 145.6990000
 128.2590000 133.4710000 146.6200000 128.6810000 133.8060000 145.1380000
 126.8520000 133.1180000 145.3080000 126.5130000 133.8830000 145.3860000
 128.8460000 131.3010000 144.1190000 128.0870000 130.3950000 143.7960000
 129.8200000 131.7190000 143.2980000 130.3690000 132.3040000 143.6080000
 129.9870000 131.3470000 141.8740000 129.1370000 131.5000000 141.4330000
 131.0250000 132.2890000 141.2250000 130.8470000 133.2010000 141.5050000
 130.8810000 132.2530000 140.2660000 132.5100000 131.9470000 141.4890000
 132.7250000 131.0740000 141.1260000 133.4140000 132.9600000 140.7880000
 133.2450000 132.9480000 139.8330000 134.3450000 132.7370000 140.9410000
 133.2510000 133.8520000 141.1330000 132.8340000 131.9420000 142.9840000
 133.7950000 131.9620000 143.1120000 132.4580000 132.7340000 143.4000000
 132.4820000 131.1380000 143.3970000 130.3420000 129.8670000 141.5950000
 130.6510000 129.5070000 140.4610000 130.4350000 129.0410000 142.6370000
 130.2400000 129.3590000 143.4120000 130.4950000 127.5790000 142.5070000
 131.0210000 127.3470000 141.7250000 131.1690000 126.9720000 143.7410000
 130.5950000 127.1000000 144.5130000 131.2930000 126.0210000 143.5930000
 132.4330000 127.5620000 144.0000000 132.7500000 127.1920000 144.6840000
 129.1020000 126.9480000 142.3300000 129.0020000 125.7420000 142.1220000
 128.0340000 127.7230000 142.5560000 128.1680000 128.5580000 142.7120000
 126.6340000 127.3180000 142.4100000 126.5710000 126.3600000 142.5480000
 125.7730000 128.0330000 143.4680000 125.7880000 128.9850000 143.2830000
 124.8530000 127.7330000 143.3950000 126.2430000 127.8190000 144.9130000
 127.1710000 128.0890000 144.9950000 125.7190000 128.4020000 145.4840000
 126.0690000 126.1240000 145.5250000 126.7230000 126.3390000 147.1990000
 126.2120000 127.0190000 147.6650000 126.6470000 125.5020000 147.6830000
 127.6540000 126.6060000 147.1530000 126.1010000 127.6710000 141.0080000
 126.4970000 128.6980000 140.4480000 125.0740000 126.9610000 140.5050000
 124.5220000 125.7240000 141.0400000 124.2780000 125.8130000 141.9750000
 125.1690000 125.0090000 140.9350000 123.2790000 125.4240000 140.2040000
 123.1900000 124.4700000 140.0540000 122.4870000 125.7690000 140.6450000
 123.4950000 126.1920000 138.8990000 122.6560000 126.4510000 138.4870000
 124.0140000 125.6610000 138.2750000 124.3240000 127.3980000 139.3320000
 124.9420000 127.6280000 138.6210000 123.4430000 128.6200000 139.6330000
 122.8710000 128.7490000 140.7170000 123.1590000 129.3860000 138.5780000
 123.5660000 129.2010000 137.8430000 122.3840000 130.6430000 138.5970000
 122.8100000 131.2480000 139.2250000 122.4620000 131.2430000 137.1770000
 121.7330000 130.8970000 136.6400000 123.2890000 130.9600000 136.7570000
 122.4590000 132.7750000 137.1490000 123.3190000 133.3180000 137.8800000
 122.0310000 133.3000000 136.0950000 120.9040000 130.4880000 139.0270000
 120.2070000 131.4740000 139.2570000 120.4090000 129.2490000 139.0990000
 120.9560000 128.6020000 138.9530000 119.0330000 128.8670000 139.4440000
 118.5040000 129.6740000 139.5450000 118.4360000 128.0670000 138.2590000
 118.3600000 128.6660000 137.5000000 117.5380000 127.7800000 138.4890000
 119.2670000 126.8420000 137.8360000 120.0100000 126.3190000 138.6960000
 119.1860000 126.4020000 136.6600000 118.9320000 128.1290000 140.8070000
 117.8460000 127.6930000 141.2000000 120.0340000 128.0260000 141.5650000
 120.7590000 128.3720000 141.2580000 120.0650000 127.4510000 142.9200000
 119.6040000 126.5980000 142.8970000 121.5130000 127.1870000 143.3420000
 121.9250000 126.5530000 142.7340000 122.0130000 128.0180000 143.3200000
 121.5530000 126.6550000 144.6490000 121.1980000 125.8940000 144.6260000
 119.3760000 128.3390000 143.9720000 119.5410000 129.5570000 143.9870000
 118.8170000 127.7230000 145.0190000 118.8720000 126.8650000 145.0480000
 118.4200000 128.4320000 146.2470000 117.9370000 129.2350000 145.9950000
 117.4650000 127.5510000 147.0650000 116.6440000 127.4430000 146.5590000
 117.2330000 128.0150000 147.8850000 118.0010000 126.1730000 147.4090000
 118.7110000 125.9600000 148.6090000 118.8530000 126.6600000 149.2040000
 119.2100000 124.6790000 148.9140000 119.6790000 124.5380000 149.7040000
 119.0100000 123.6140000 148.0110000 119.4480000 122.3670000 148.3120000
 120.1980000 122.4090000 148.6880000 118.3210000 123.8330000 146.8010000
 118.2730000 123.1470000 146.1750000 117.8110000 125.1100000 146.5050000
 117.3850000 125.2620000 145.6920000 119.6160000 128.8920000 147.1050000
 119.4980000 129.8880000 147.8220000 120.8000000 128.2920000 146.9330000
 120.8570000 127.6510000 146.3620000 122.0240000 128.6730000 147.6480000
 121.8540000 128.6260000 148.6020000 123.1720000 127.7070000 147.3130000
 123.9710000 128.0100000 147.7710000 123.3520000 127.7440000 146.3610000
 122.9010000 126.2470000 147.7040000 122.1210000 125.9320000 147.2220000
 123.6560000 125.7100000 147.4160000 122.6320000 125.9330000 149.4680000
 124.2520000 126.3590000 150.1660000 124.2380000 126.2020000 151.1230000
 124.4460000 127.2960000 150.0080000 124.9390000 125.8060000 149.7620000
 122.4710000 130.1050000 147.3270000 122.9190000 130.8140000 148.2270000
 122.2320000 130.5970000 146.1020000 121.8780000 130.0870000 145.5070000
 122.5510000 131.9940000 145.7570000 123.4140000 132.1880000 146.1540000
 122.7360000 132.2410000 144.2410000 123.2400000 133.0650000 144.1500000
 123.5590000 131.1350000 143.5710000 123.7720000 131.3880000 142.6590000
 124.3890000 131.0030000 144.0560000 123.0590000 130.3040000 143.5440000
 121.4330000 132.4430000 143.4600000 120.9700000 133.2390000 143.7650000
 120.8550000 131.6710000 143.5660000 121.6290000 132.5480000 142.5160000
 121.5690000 132.9870000 146.3880000 121.9620000 134.1220000 146.6530000
 120.3430000 132.5770000 146.7550000 120.1360000 131.7500000 146.6450000
 119.4950000 133.3960000 147.6350000 119.5970000 134.3170000 147.3490000
 117.9970000 133.0810000 147.5290000 117.7770000 132.3010000 148.0620000
 117.7740000 132.8950000 146.6030000 117.1850000 134.3040000 147.9920000
 116.7730000 134.3510000 149.1810000 117.2260000 135.3050000 147.2300000
 119.9590000 133.3840000 149.0860000 120.1350000 134.4570000 149.6600000
 120.3890000 132.2300000 149.5910000 120.2640000 131.5110000 149.1360000
 120.9140000 132.1130000 150.9480000 120.2530000 132.4740000 151.5600000
 121.0770000 130.6290000 151.2740000 121.6350000 130.2130000 150.5980000
 120.2070000 130.2020000 151.2320000 121.6810000 130.3660000 152.6350000
 120.9020000 130.5200000 153.7980000 120.0200000 130.8070000 153.7340000
 121.4560000 130.2200000 155.0570000 120.9580000 130.3170000 155.8360000
 122.7790000 129.7370000 155.1450000 123.2940000 129.3820000 156.3490000
 124.0820000 129.0970000 156.2910000 123.5630000 129.6050000 153.9790000
 124.4340000 129.2850000 154.0370000 123.0190000 129.9410000 152.7270000
 123.5250000 129.8240000 151.9560000 122.2110000 132.9140000 151.1660000
 122.2780000 133.7080000 152.1030000 123.1350000 132.9310000 150.1970000
 123.0580000 132.3620000 149.5570000 124.3530000 133.7520000 150.2720000
 124.7470000 133.6220000 151.1490000 125.3640000 133.2840000 149.2110000
 124.9450000 133.3540000 148.3390000 126.1150000 133.8980000 149.2190000
 125.9320000 131.8780000 149.3740000 126.2570000 131.3580000 150.6460000
 126.0970000 131.8530000 151.4170000 126.8420000 130.0850000 150.7680000
 127.0460000 129.7450000 151.6100000 127.1320000 129.3300000 149.6190000
 127.5300000 128.4930000 149.6990000 126.8250000 129.8470000 148.3500000
 127.0290000 129.3580000 147.5860000 126.2200000 131.1100000 148.2290000
 126.0190000 131.4400000 147.3830000 124.1010000 135.2700000 150.1600000
 124.7060000 136.0350000 150.9220000 123.1130000 135.7130000 149.3630000
 122.6820000 135.1350000 148.8950000 122.6120000 137.1040000 149.4240000
 123.3480000 137.7250000 149.3110000 121.5450000 137.3750000 148.3520000
 121.1200000 138.2240000 148.5490000 120.8710000 136.6840000 148.4490000
 122.0450000 137.4400000 146.8950000 122.6410000 138.2000000 146.8040000
 122.5530000 136.6410000 146.6840000 120.8870000 137.5950000 145.8830000
 120.4130000 138.4200000 146.0730000 121.2530000 137.6390000 144.9860000
 119.9250000 136.4050000 145.9920000 119.6780000 136.3090000 146.9250000
 120.3900000 135.5950000 145.7310000 118.6540000 136.5310000 145.2500000
 118.0230000 136.1740000 145.7660000 118.6800000 136.0970000 144.4740000
 118.4260000 137.3850000 145.1460000 121.9820000 137.3960000 150.7880000
 122.2410000 138.4440000 151.3600000 121.1640000 136.4780000 151.2990000
 121.0180000 135.7740000 150.8270000 120.3840000 136.6390000 152.5260000
 119.9030000 137.4790000 152.4660000 119.3490000 135.5070000 152.6060000
 119.7880000 134.6590000 152.7780000 118.8790000 135.4490000 151.7600000
 118.3860000 135.7600000 153.6050000 118.3350000 136.5910000 153.7190000
 121.2640000 136.7020000 153.7840000 121.0530000 137.5820000 154.6130000
 122.3820000 135.9670000 153.8260000 122.4880000 135.3550000 153.2310000
 123.4550000 136.1810000 154.8130000 123.0850000 136.0980000 155.7060000
 124.5800000 135.1270000 154.6550000 124.8360000 135.0880000 153.7200000
 125.8290000 135.5130000 155.4810000 126.5320000 134.8510000 155.3860000
 125.5970000 135.5950000 156.4190000 126.2060000 136.3530000 155.1770000
 124.0760000 133.7320000 155.0850000 123.2060000 133.5570000 154.6930000
 123.9650000 133.7120000 156.0480000 125.0040000 132.5830000 154.6720000
 125.9190000 132.7370000 154.9530000 124.9730000 132.4660000 153.7100000
 124.7030000 131.7720000 155.1100000 124.0090000 137.6050000 154.6910000
 123.9210000 138.3880000 155.6350000 124.4400000 137.9790000 153.4820000
 124.4030000 137.4000000 152.8470000 125.0510000 139.2830000 153.1850000
 125.7760000 139.4230000 153.8140000 125.6320000 139.2590000 151.7680000
 125.8830000 140.1560000 151.4990000 124.9730000 138.9240000 151.1400000
 126.7840000 138.4410000 151.7460000 127.0860000 138.4400000 150.9620000
 124.1200000 140.4950000 153.3240000 124.5950000 141.6260000 153.2330000
 122.8130000 140.2770000 153.4890000 122.5410000 139.4630000 153.4410000
 121.8050000 141.3240000 153.6470000 122.1960000 142.1720000 153.3860000
 120.6450000 141.0250000 152.6770000 121.0140000 140.8560000 151.7960000
 120.1710000 140.2320000 152.9710000 119.6630000 142.2000000 152.5620000
 120.1600000 142.9990000 152.3280000 119.2350000 142.3540000 153.4190000
 118.5630000 142.0070000 151.5220000 118.4500000 141.0190000 150.8140000
 117.7020000 142.9890000 151.3640000 117.1230000 142.8850000 150.7360000
 117.7890000 143.7090000 151.8260000 121.3260000 141.4960000 155.1010000
 120.8170000 142.5680000 155.4300000 121.4730000 140.4810000 155.9690000
 121.8260000 139.7490000 155.6870000 120.8260000 140.4860000 157.2920000
 120.5690000 141.3950000 157.5110000 119.5410000 139.6400000 157.2580000
 119.8010000 138.7060000 157.2360000 119.0600000 139.7790000 158.0890000
 118.5750000 139.8990000 156.1170000 117.9250000 141.1410000 155.9770000
 118.1050000 141.8260000 156.5800000 117.0070000 141.3440000 154.9270000
 116.5710000 142.1620000 154.8550000 116.7620000 140.3080000 153.9970000
 115.8640000 140.4750000 152.9880000 116.2480000 140.3880000 152.2460000
 117.4320000 139.0760000 154.1290000 117.2910000 138.3890000 153.5180000
 118.3050000 138.8670000 155.2050000 118.7140000 138.0390000 155.3110000
 121.6730000 140.0040000 158.4780000 121.3290000 140.3700000 159.5980000
 122.6180000 139.0690000 158.3100000 122.8770000 138.8580000 157.5180000
 123.2770000 138.4310000 159.4620000 122.6090000 138.2820000 160.1490000
 123.8650000 137.0550000 159.0790000 124.0530000 137.0190000 158.1280000
 124.7100000 136.9440000 159.5410000 122.9670000 135.8750000 159.4910000
 122.7490000 135.9600000 160.4320000 121.6630000 135.8150000 158.6960000
 121.1520000 135.0470000 158.9950000 121.1390000 136.6150000 158.8560000
 121.8470000 135.7260000 157.7480000 123.7160000 134.5560000 159.3020000
 124.5030000 134.5470000 159.8690000 123.1440000 133.8130000 159.5510000
 123.9880000 134.4570000 158.3760000 124.3430000 139.3500000 160.0810000
 125.4210000 139.5250000 159.5210000 124.1310000 139.7340000 161.3420000
 123.3280000 139.6800000 161.6450000 125.1170000 140.4510000 162.1640000
 125.5280000 141.1440000 161.6240000 124.3800000 141.1300000 163.3310000
 123.8130000 140.4850000 163.7820000 125.0320000 141.4490000 163.9740000
 123.5350000 142.3030000 162.8970000 122.3830000 142.2320000 162.1070000
 121.9170000 141.4120000 161.7460000 121.9950000 143.5020000 161.9250000
 121.2590000 143.7690000 161.4230000 122.8200000 144.3500000 162.5560000
 122.7040000 145.2010000 162.5920000 123.8060000 143.6140000 163.1710000
 124.5250000 143.9410000 163.6620000 126.2680000 139.5670000 162.6780000
 127.3360000 140.0840000 163.0050000 126.0910000 138.2420000 162.7230000
 125.3400000 137.9260000 162.4460000 127.1020000 137.2880000 163.1820000
 127.8400000 137.7790000 163.5750000 126.5000000 136.4280000 164.3000000
 127.1730000 135.8260000 164.6540000 126.1820000 137.0030000 165.0130000
 125.7550000 135.9090000 163.9580000 127.6820000 136.4440000 162.0320000
 126.9620000 135.9690000 161.1550000 128.9910000 136.1880000 162.0920000
 129.4240000 136.4960000 162.7680000 129.7140000 135.2390000 161.2410000
 129.1720000 135.0080000 160.4700000 130.5260000 135.6650000 160.9260000
 130.0910000 133.9410000 161.9770000 129.7010000 133.7400000 163.1270000
 130.9040000 133.0600000 161.3590000 131.4180000 133.1740000 160.0020000
 132.2350000 133.6970000 160.0140000 130.7720000 133.5750000 159.4000000
 131.7190000 131.7430000 159.5590000 132.4370000 131.7130000 158.9080000
 130.9140000 131.3380000 159.2000000 132.1020000 131.0490000 160.8670000
 131.9390000 130.0940000 160.8260000 133.0360000 131.2210000 161.0640000
 131.2060000 131.7340000 161.9070000 130.3650000 131.2530000 161.9580000
 131.8710000 131.7610000 163.3000000 132.7000000 132.6420000 163.5560000
 131.6480000 130.7410000 164.1510000 130.7100000 129.6430000 163.9630000
 129.8040000 129.9760000 164.0590000 130.8230000 129.2170000 163.0990000
 131.0090000 128.6430000 165.0780000 131.6940000 128.0230000 164.7830000
 130.2080000 128.1710000 165.3560000 131.5590000 129.5170000 166.2000000
 130.8220000 129.9140000 166.6900000 132.1310000 129.0150000 166.8020000
 132.3140000 130.6150000 165.4460000 132.2110000 131.4430000 165.9400000
 133.8180000 130.3190000 165.3270000 134.3190000 129.8400000 164.3020000
 134.5400000 130.6130000 166.4060000 134.1230000 130.9870000 167.0580000
 135.9970000 130.5420000 166.5500000 136.3540000 129.9650000 165.8560000
 136.6670000 131.9300000 166.4500000 136.5010000 132.4300000 167.2650000
 138.1880000 131.8000000 166.2730000 138.5890000 132.6810000 166.2130000
 138.5750000 131.3500000 167.0400000 138.3880000 131.2910000 165.4720000
 136.1210000 132.7580000 165.2890000 135.2020000 133.0100000 165.4710000
 136.6390000 133.5720000 165.1890000 136.1520000 132.2190000 164.4830000
 136.3190000 129.9530000 167.9150000 135.8600000 130.4710000 168.9300000
 137.2280000 128.9880000 167.9470000 137.5380000 128.7010000 167.1980000
 137.6880000 128.3170000 169.1560000 137.1900000 128.6360000 169.9250000
 137.4150000 126.8110000 169.0110000 137.6850000 126.3600000 169.8260000
 137.9540000 126.4540000 168.2880000 135.9540000 126.5040000 168.7340000
 135.0320000 126.5030000 169.7960000 135.3280000 126.6340000 170.6680000
 133.6620000 126.3080000 169.5470000 133.0500000 126.2970000 170.2470000
 133.2080000 126.1080000 168.2290000 131.8820000 125.9320000 168.0000000
 131.7320000 125.6120000 167.2380000 134.1290000 126.1040000 167.1580000
 133.8290000 125.9850000 166.2860000 135.5010000 126.3030000 167.4130000
 136.1080000 126.3160000 166.7090000 139.1660000 128.6430000 169.3680000
 140.0180000 128.1620000 168.6210000 139.4760000 129.5480000 170.2990000
 138.8480000 129.8660000 170.7930000 140.8540000 129.7800000 170.7370000
 141.4450000 129.7730000 169.9680000 140.9870000 131.1510000 171.4120000
 140.2820000 131.2680000 172.0680000 141.8300000 131.1790000 171.8900000
 140.9620000 132.2990000 170.4230000 139.7390000 132.8710000 170.0280000
 138.9420000 132.5600000 170.3920000 139.7240000 133.9140000 169.0840000
 138.9140000 134.2940000 168.8310000 140.9310000 134.3840000 168.5350000
 140.9220000 135.0800000 167.9180000 142.1540000 133.8120000 168.9270000
 142.9530000 134.1210000 168.5650000 142.1680000 132.7700000 169.8710000
 142.9770000 132.3910000 170.1300000 141.2750000 128.6340000 171.6540000
 140.9420000 128.6240000 172.8390000 141.8430000 127.5930000 171.0490000
 142.0600000 127.6830000 170.2220000 142.3620000 126.4080000 171.7320000
 141.7060000 126.1060000 172.3790000 142.6290000 125.2570000 170.7410000
 143.3470000 125.5130000 170.1420000 143.0400000 123.9780000 171.4840000
 143.8940000 124.1060000 171.9250000 142.3690000 123.7440000 172.1440000
 143.1390000 123.2470000 170.8540000 141.3990000 124.9280000 169.8850000
 141.1430000 125.6950000 169.3490000 140.6560000 124.6620000 170.4490000
 141.6230000 124.2070000 169.2760000 143.6480000 126.7770000 172.4610000
 144.5950000 127.2940000 171.8610000 143.7030000 126.4570000 173.7500000
 143.0100000 126.1000000 174.1130000 144.9430000 126.3790000 174.5030000
 145.6290000 126.8850000 174.0410000 144.7110000 127.0460000 175.8690000
 144.3570000 127.9330000 175.7010000 144.0450000 126.5530000 176.3740000
 146.0060000 127.1770000 176.6830000 146.7650000 127.2310000 176.0820000
 145.9910000 128.4430000 177.5440000 145.9380000 129.2230000 176.9700000
 146.8050000 128.4930000 178.0690000 145.2220000 128.4300000 178.1350000
 146.1970000 125.9970000 177.6250000 145.5530000 126.0400000 178.3490000
 147.1070000 126.0060000 177.9600000 146.0620000 125.1590000 177.1550000
 145.3960000 124.9090000 174.5510000 144.6610000 124.0470000 175.0330000
 146.5460000 124.6240000 173.9380000 146.9890000 125.2670000 173.5760000
 147.1620000 123.2910000 173.8470000 146.5080000 122.6720000 173.4870000
 148.3130000 123.4080000 172.8320000 148.9570000 124.0350000 173.1970000
 147.9510000 123.7920000 172.0180000 149.0500000 122.1190000 172.4430000
 149.4730000 121.7470000 173.2320000 148.3990000 121.4820000 172.1090000
 150.1220000 122.3920000 171.3700000 150.3520000 121.5120000 170.5140000
 150.7090000 123.5020000 171.3900000 147.6110000 122.7530000 175.2260000
 147.8340000 123.5090000 176.1750000 147.6670000 121.4270000 175.3670000
 147.5660000 120.9410000 174.6650000 147.9460000 120.7350000 176.6340000
 147.2640000 121.0090000 177.2670000 147.7950000 119.2150000 176.4130000
 147.1660000 119.0630000 175.6910000 148.6380000 118.8160000 176.1460000
 147.2140000 118.4720000 177.6260000 146.7880000 117.6570000 177.3170000
 146.5350000 119.0220000 178.0480000 148.2750000 118.0800000 178.6590000
 148.5910000 116.8740000 178.7300000 148.5140000 118.8490000 179.6220000
 149.3220000 121.1140000 177.2340000 150.2770000 121.3660000 176.5100000
 149.4600000 121.1170000 178.5630000 148.8570000 120.6940000 179.0060000
 150.7230000 121.3340000 179.2800000 150.8760000 120.5810000 179.8720000
 151.4610000 121.3760000 178.6520000 150.7570000 122.6110000 180.1270000
 151.6910000 122.8090000 180.9070000 149.7210000 123.4530000 180.0460000
 149.1010000 123.2510000 179.4850000 149.5450000 124.5990000 180.9490000
 150.4250000 124.9830000 181.0860000 148.6780000 125.6620000 180.2660000
 149.0190000 125.7910000 179.3670000 147.7750000 125.3170000 180.1810000
 148.6660000 127.0090000 180.9480000 149.7040000 127.9200000 180.9320000
 149.3340000 129.0000000 181.6510000 149.8380000 129.7740000 181.7600000
 148.0950000 128.7900000 182.1410000 147.6740000 129.3090000 182.6830000
 147.6560000 127.5530000 181.6960000 146.8230000 127.1740000 181.8620000
 149.0220000 124.1660000 182.3380000 148.2780000 123.2080000 182.4740000
 149.3630000 124.9450000 183.3670000 149.8940000 125.5960000 183.1820000
 149.2390000 124.6040000 184.7990000 149.6580000 123.7430000 184.9540000
 150.0660000 125.6840000 185.5230000 150.9900000 125.5850000 185.2440000
 149.7680000 126.5510000 185.2050000 150.0520000 125.7160000 187.0550000
 149.3180000 124.9250000 187.6670000 150.5350000 126.7500000 187.5720000
 147.7890000 124.4720000 185.3400000 147.4210000 123.4340000 185.8940000
 146.9740000 125.5330000 185.2240000 147.3000000 126.2210000 184.8250000
 145.6100000 125.6660000 185.7850000 145.2930000 126.5550000 185.5630000
 144.6170000 124.6740000 185.1260000 143.7900000 124.7310000 185.6300000
 144.9360000 123.7650000 185.2360000 144.2570000 124.8790000 183.6570000
 145.2510000 125.0090000 182.6670000 146.1510000 124.9230000 182.8860000
 144.8920000 125.2080000 181.3220000 145.5330000 125.2930000 180.6540000
 143.5460000 125.1960000 180.9310000 143.2530000 125.4360000 179.6290000
 143.0620000 126.2350000 179.4520000 142.5510000 124.9510000 181.8960000
 141.6680000 124.8440000 181.6240000 142.9040000 124.8300000 183.2560000
 142.2380000 124.6770000 183.8870000 145.5060000 125.5800000 187.3310000
 144.5280000 126.0760000 187.8920000 146.5450000 125.1310000 188.0420000
 147.2510000 124.8800000 187.6190000 146.4810000 124.7010000 189.4510000
 145.6380000 125.0020000 189.8240000 146.4970000 123.1660000 189.5610000
 147.4100000 122.8420000 189.5030000 145.8620000 122.6860000 190.8710000
 145.8330000 121.7170000 190.8980000 144.9590000 123.0320000 190.9420000
 146.3780000 123.0010000 191.6300000 145.7570000 122.5850000 188.5040000
 145.1410000 122.1420000 188.8650000 147.5730000 125.3690000 190.2970000
 148.2000000 124.7770000 191.1760000 147.7850000 126.6560000 190.0230000
 147.3510000 126.9810000 189.3560000 148.4410000 127.6190000 190.9050000
 148.1960000 127.4120000 191.8200000 149.9690000 127.5460000 190.7800000
 150.3570000 127.9450000 191.5750000 150.2540000 126.6200000 190.7400000
 150.4600000 128.2490000 189.6530000 150.2590000 127.7960000 188.9750000
 147.9330000 129.0200000 190.5650000 147.5420000 129.2710000 189.4190000
 148.0970000 129.9850000 191.4780000 148.3070000 129.7590000 192.2810000
 147.6980000 131.3790000 191.2140000 146.7370000 131.4090000 191.0830000
 148.0440000 132.2890000 192.3960000 147.8020000 133.2020000 192.1730000
 148.9970000 132.2520000 192.5730000 147.3380000 131.9110000 193.5550000
 147.5430000 131.1240000 193.7670000 148.3570000 131.9520000 189.9520000
 147.6700000 132.4790000 189.0820000 149.6550000 131.6900000 189.7230000
 150.0740000 131.1860000 190.2800000 150.3300000 132.1550000 188.4970000
 150.0300000 133.0630000 188.3330000 151.8520000 132.2270000 188.6750000
 152.0570000 132.7880000 189.4390000 152.2040000 132.6750000 187.8900000
 152.5450000 130.8630000 188.8560000 152.1280000 130.1900000 188.2950000
 152.4490000 130.5850000 189.7800000 154.0360000 130.9210000 188.4940000
 154.4540000 130.1000000 188.7970000 154.4480000 131.6710000 188.9510000
 154.2090000 131.0510000 186.9700000 153.7700000 130.2960000 186.5490000
 153.7560000 131.8530000 186.6670000 155.6360000 131.1000000 186.5690000
 155.7020000 131.1800000 185.6850000 156.0410000 131.7990000 186.9440000
 156.0520000 130.3530000 186.8160000 149.9340000 131.3820000 187.2310000
 150.0370000 131.9370000 186.1420000 149.5010000 130.1260000 187.3530000
 149.4590000 129.7780000 188.1380000 148.9730000 129.3380000 186.2370000
 149.5870000 129.3740000 185.4870000 148.8840000 128.4180000 186.5320000
 147.5920000 129.8100000 185.7830000 147.3450000 129.9180000 184.5790000
 146.7550000 130.2130000 186.7420000 147.0000000 130.0990000 187.5580000
 145.4360000 130.8140000 186.5240000 144.9620000 130.3050000 185.8480000
 144.6330000 130.7290000 187.8380000 143.7950000 131.2070000 187.7340000
 145.1400000 131.1550000 188.5470000 144.3250000 129.2690000 188.2310000
 143.7040000 128.8950000 187.5860000 145.1380000 128.7410000 188.1950000
 143.7380000 129.0870000 189.6310000 143.5300000 130.0200000 190.3900000
 143.4290000 127.8650000 190.0030000 142.9990000 127.7650000 190.7410000
 143.5270000 127.2150000 189.4480000 145.5340000 132.2640000 186.0150000
 144.8700000 132.6090000 185.0390000 146.4970000 133.0500000 186.5070000
 146.8880000 132.7850000 187.2260000 146.6280000 134.4720000 186.1620000
 145.7610000 134.8830000 186.3040000 147.6460000 135.1300000 187.1080000
 147.9010000 135.9900000 186.7390000 148.4470000 134.5860000 187.1690000
 147.0970000 135.3790000 188.5030000 145.9610000 135.0740000 188.8200000
 147.7600000 136.2420000 189.2350000 148.4450000 136.6400000 188.9010000
 147.2600000 136.6580000 189.7970000 146.9870000 134.7720000 184.6970000
 146.6010000 135.8200000 184.1870000 147.6130000 133.8240000 183.9960000
 147.8500000 133.1120000 184.4150000 147.9090000 133.9210000 182.5580000
 148.2640000 134.8030000 182.3680000 148.9860000 132.8780000 182.2090000
 148.6820000 132.0050000 182.5030000 149.1170000 132.8490000 181.2480000
 150.3370000 133.1920000 182.8630000 150.2050000 133.4320000 183.7940000
 150.7190000 133.9590000 182.4090000 151.5280000 131.8230000 182.8080000
 153.0390000 132.7570000 183.1570000 153.8000000 132.1550000 183.1530000
 152.9610000 133.1890000 184.0220000 153.1690000 133.4310000 182.4720000
 146.6710000 133.7410000 181.6510000 146.7830000 133.8810000 180.4340000
 145.5190000 133.3300000 182.2010000 145.4830000 133.2500000 183.0570000
 144.3350000 132.9310000 181.4150000 144.4260000 133.3080000 180.5260000
 144.3040000 131.3970000 181.2290000 145.1210000 131.1450000 180.7710000
 144.2510000 130.5960000 182.5380000 145.0360000 130.7840000 183.0760000
 143.4520000 130.8190000 183.0410000 144.2340000 129.6470000 182.3400000
 143.1340000 130.9460000 180.3530000 143.1220000 131.4610000 179.5310000
 143.2340000 130.0070000 180.1310000 142.2890000 131.0750000 180.8120000
 143.0100000 133.4970000 181.9370000 142.2360000 133.9850000 181.1240000
 142.8120000 133.5650000 183.2560000 143.4330000 133.2610000 183.7680000
 141.6210000 134.1180000 183.9160000 140.8410000 133.5970000 183.6690000
 141.8560000 133.9640000 185.4310000 141.8600000 133.0190000 185.6510000
 142.7240000 134.3370000 185.6500000 140.6080000 134.8110000 186.4480000
 139.6580000 134.5380000 185.7670000 141.3490000 135.5780000 183.5050000
 142.2330000 136.4260000 183.6500000 140.1120000 135.8860000 183.1040000
 139.5140000 135.2680000 183.1010000 139.6360000 137.2490000 182.8630000
 138.9820000 137.2340000 182.1470000 140.3690000 137.8250000 182.5950000
 138.9480000 137.8220000 184.0980000 137.7670000 137.5740000 184.3260000
 139.6670000 138.6030000 184.9060000 140.4890000 138.7680000 184.7140000
 139.1150000 139.1640000 186.1380000 138.7610000 138.4370000 186.6730000
 138.3780000 139.7540000 185.9150000 140.1220000 139.9550000 186.9720000
 140.9490000 140.6820000 186.4360000 139.9810000 139.8560000 188.2980000
 139.3330000 139.3650000 188.5790000 140.6360000 140.7250000 189.2850000
 140.5270000 141.6430000 188.9930000 139.9210000 140.5730000 190.6390000
 139.8510000 139.6320000 190.8650000 140.4480000 141.0110000 191.3260000
 138.5170000 141.1840000 190.6270000 138.0330000 140.8700000 191.4070000
 138.0370000 140.8840000 189.8400000 138.5260000 142.9930000 190.6550000
 138.9490000 143.2580000 192.3970000 139.8180000 142.8760000 192.5960000
 138.9780000 144.2110000 192.5760000 138.2800000 142.8410000 192.9630000
 142.1570000 140.5210000 189.4210000 142.9430000 141.2720000 188.8580000
 142.5980000 139.5760000 190.2610000 142.0090000 139.1270000 190.6970000
 144.0030000 139.4440000 190.6810000 144.3470000 140.3270000 190.8870000
 144.0450000 138.9130000 191.4920000 144.9510000 138.8140000 189.6500000
 145.9010000 138.1420000 190.0480000 144.5980000 138.8630000 188.3650000
 143.9730000 139.4170000 188.1590000 145.2660000 138.2090000 187.2380000
 146.0500000 137.7400000 187.5640000 144.3060000 137.1610000 186.6430000
 144.2450000 136.4110000 187.2550000 144.6430000 136.8450000 185.7900000
 142.6390000 137.8180000 186.3900000 142.0700000 136.7620000 186.4250000
 145.8000000 139.2310000 186.2170000 145.8230000 140.4320000 186.4840000
 146.4590000 138.7610000 185.1520000 146.4730000 137.9180000 184.9810000
 147.1140000 139.6600000 184.2060000 147.6780000 140.2720000 184.7040000
 147.9950000 138.8850000 183.2190000 148.3180000 139.5500000 182.5910000
 147.4630000 138.2440000 182.7220000 149.2130000 138.1630000 183.7670000
 149.2710000 137.6730000 184.8880000 150.2330000 138.0540000 182.9520000
 150.9580000 137.6820000 183.2260000 150.1820000 138.4390000 182.1850000
 146.0920000 140.4940000 183.4110000 145.1920000 139.9340000 182.7820000
 146.4430000 141.7520000 183.1380000 147.1520000 142.0750000 183.5020000
 145.7890000 142.5740000 182.1140000 144.8350000 142.4080000 182.1720000
 146.0070000 144.0660000 182.4340000 145.5820000 144.2670000 183.2820000
 145.5650000 144.5930000 181.7500000 147.4580000 144.5170000 182.5220000
 148.3900000 143.7480000 182.6830000 147.6890000 145.8080000 182.5680000
 148.5110000 146.0390000 182.6720000 147.0390000 146.3680000 182.5180000
 146.1820000 142.2070000 180.6640000 145.4790000 142.6110000 179.7380000
 147.2050000 141.3650000 180.4630000 147.7100000 141.1640000 181.1290000
 147.5140000 140.6990000 179.1850000 146.9920000 141.1350000 178.4930000
 148.9900000 140.9040000 178.7980000 149.2390000 141.8220000 178.9860000
 149.0660000 140.7770000 177.8390000 149.9940000 139.9660000 179.4850000
 149.7420000 139.5300000 180.6320000 151.0670000 139.7490000 178.8830000
 147.1010000 139.2110000 179.1370000 147.5160000 138.4820000 178.2320000
 146.2470000 138.7600000 180.0630000 145.9420000 139.3210000 180.6390000
 145.6750000 137.4050000 180.0610000 146.4060000 136.7730000 180.1450000
 144.7360000 137.2130000 181.2600000 145.2410000 137.2810000 182.0850000
 144.3350000 136.3310000 181.2200000 143.7120000 138.1880000 181.2610000
 144.0000000 138.8380000 181.7080000 144.9210000 137.0910000 178.7600000
 144.3130000 137.9720000 178.1510000 144.8700000 135.8060000 178.3790000
 145.3340000 135.2410000 178.8320000 144.2220000 135.3400000 177.1370000
 144.7410000 135.6630000 176.3840000 144.2410000 133.7960000 177.1320000
 145.1620000 133.5010000 177.0540000 143.9070000 133.4920000 177.9900000
 143.3890000 133.1050000 176.0410000 142.4560000 133.3410000 176.1620000
 143.8040000 133.4650000 174.6150000 143.2390000 132.9920000 173.9840000
 143.6970000 134.4170000 174.4640000 144.7240000 133.2040000 174.4520000
 143.5140000 131.5880000 176.1730000 143.1760000 131.3070000 177.0380000
 142.9820000 131.1550000 175.4870000 144.4400000 131.3160000 176.0790000
 142.7900000 135.8790000 176.9610000 142.4520000 136.3980000 175.8970000
 141.9800000 135.8210000 178.0200000 142.2790000 135.4760000 178.7490000
 140.5840000 136.2760000 178.0010000 140.1310000 135.8590000 177.2520000
 139.8850000 135.8130000 179.2950000 140.4330000 136.0610000 180.0560000
 138.4960000 136.4270000 179.4890000 138.0820000 136.0600000 180.2860000
 138.5590000 137.3880000 179.6060000 137.9360000 136.2360000 178.7200000
 139.7310000 134.2850000 179.2610000 140.5940000 133.8550000 179.1570000
 139.3440000 133.9770000 180.0960000 139.1720000 134.0160000 178.5160000
 140.4780000 137.7890000 177.7800000 139.7490000 138.2160000 176.8800000
 141.3380000 138.5850000 178.4250000 141.9030000 138.2440000 178.9760000
 141.3800000 140.0290000 178.1910000 140.4620000 140.3420000 178.1950000
 142.1220000 140.7400000 179.3370000 141.7700000 140.4290000 180.1860000
 143.0650000 140.5160000 179.3000000 141.9660000 142.2740000 179.2740000
 142.4420000 142.6690000 180.0210000 142.3740000 142.6080000 178.4600000
 140.5080000 142.7340000 179.3410000 139.6980000 142.2070000 180.0820000
 140.0820000 143.6870000 178.5420000 139.2440000 143.8750000 178.5870000
 140.5780000 144.0220000 177.9250000 141.9680000 140.3930000 176.8180000
 141.4630000 141.3160000 176.1840000 142.9230000 139.6290000 176.2740000
 143.2580000 138.9940000 176.7470000 143.4200000 139.8490000 174.9070000
 143.6560000 140.7860000 174.8210000 144.6840000 139.0240000 174.6120000
 144.5190000 138.0820000 174.7720000 144.8870000 139.1370000 173.6700000
 145.8940000 139.4870000 175.4390000 145.8370000 140.4410000 175.6040000
 145.8650000 139.0380000 176.2980000 147.2400000 139.2250000 174.7620000
 147.4450000 139.4830000 173.5840000 148.2460000 138.8330000 175.5090000
 148.1300000 138.6960000 176.3500000 149.0220000 138.7760000 175.1430000
 142.3540000 139.5780000 173.8380000 142.1930000 140.4050000 172.9400000
 141.5390000 138.5250000 173.9850000 141.6780000 137.9810000 174.6370000
 140.4130000 138.2740000 173.0690000 140.7500000 138.3150000 172.1600000
 139.8000000 136.8690000 173.2760000 139.5250000 136.7860000 174.2020000
 138.5620000 136.6980000 172.3720000 138.2050000 135.7990000 172.4380000
 137.8550000 137.3090000 172.6330000 138.7980000 136.8670000 171.4470000
 140.8150000 135.7480000 172.9500000 141.6720000 135.9540000 173.3540000
 140.9500000 135.6980000 171.9910000 140.3840000 134.3700000 173.4740000
 141.0720000 133.7190000 173.2640000 140.2590000 134.4040000 174.4350000
 139.5620000 134.0760000 173.0510000 139.3530000 139.3810000 173.1910000
 138.9200000 139.9120000 172.1700000 139.0280000 139.8320000 174.4080000
 139.3620000 139.4420000 175.0980000 138.0740000 140.9280000 174.6170000
 137.2660000 140.7130000 174.1260000 137.7140000 140.9990000 176.1100000
 137.3150000 140.1540000 176.3710000 138.5380000 141.0970000 176.6120000
 136.7690000 142.1140000 176.5370000 135.7960000 142.6470000 175.6620000
 135.7010000 142.3210000 174.7960000 134.9630000 143.6990000 176.0830000
 134.3360000 144.0590000 175.4980000 135.0790000 144.2120000 177.3860000
 134.5250000 144.9060000 177.6620000 136.0200000 143.6630000 178.2730000
 136.0850000 143.9880000 179.1420000 136.8580000 142.6150000 177.8500000
 137.4690000 142.2480000 178.4480000 138.5780000 142.2800000 174.0710000
 137.8730000 142.9060000 173.2790000 139.8590000 142.6130000 174.2680000
 140.3210000 142.1280000 174.8070000 140.5050000 143.7830000 173.6570000
 140.0340000 144.5840000 173.9340000 141.9760000 143.8750000 174.1130000
 142.4150000 144.5780000 173.6090000 142.4200000 143.0380000 173.9040000
 142.1920000 144.1860000 175.5830000 141.3780000 144.7850000 176.2630000
 143.3750000 143.9220000 176.0880000 143.9510000 143.4750000 175.6310000
 143.4900000 144.0970000 176.9220000 140.4680000 143.7340000 172.1190000
 140.3530000 144.7730000 171.4700000 140.6200000 142.5430000 171.5340000
 140.7460000 141.8540000 172.0340000 140.6040000 142.3440000 170.0910000
 141.1190000 143.0550000 169.6790000 141.3060000 141.0160000 169.7930000
 142.1440000 140.9650000 170.2790000 141.5090000 140.9690000 168.8460000
 140.7410000 140.2700000 170.0470000 139.1820000 142.4090000 169.4990000
 138.9820000 143.0990000 168.5010000 138.1800000 141.8660000 170.2000000
 138.3720000 141.4050000 170.9010000 136.7660000 142.0080000 169.8440000
 136.6560000 141.7320000 168.9210000 135.9360000 141.0790000 170.7410000
 135.0010000 141.1400000 170.4910000 136.0310000 141.3370000 171.6710000
 136.2290000 140.1610000 170.6320000 136.2750000 143.4630000 169.9490000
 135.6290000 143.9720000 169.0360000 136.7990000 144.2170000 170.9210000
 137.2540000 143.8200000 171.5330000 136.5430000 145.6510000 171.0790000
 135.5790000 145.7550000 171.0820000 137.0820000 146.0770000 172.4630000
 136.7530000 145.4500000 173.1260000 138.0500000 146.0120000 172.4550000
 136.7060000 147.4870000 172.9500000 137.0830000 148.1540000 172.3550000
 137.0910000 147.6220000 173.8300000 135.2030000 147.7130000 173.0480000
 134.6040000 147.6490000 174.1060000 134.5400000 148.0390000 171.9630000
 134.9460000 148.0370000 171.2050000 133.6840000 148.0480000 172.0420000
 137.0830000 146.5200000 169.9130000 136.7350000 147.7020000 169.8380000
 137.8540000 145.9410000 168.9770000 138.0210000 145.1030000 169.0770000
 138.3690000 146.5690000 167.7500000 138.1990000 147.5230000 167.7950000
 139.8930000 146.3370000 167.6790000 140.2140000 146.6100000 166.8050000
 140.0580000 145.3840000 167.7560000 140.7310000 147.0750000 168.7350000
 140.3860000 146.9050000 169.6250000 142.1760000 146.5770000 168.6540000
 142.1930000 145.6220000 168.8260000 142.7110000 147.0170000 169.3330000
 142.5470000 146.7560000 167.7760000 140.7510000 148.5840000 168.4760000
 141.3880000 149.0090000 169.0720000 139.8710000 148.9560000 168.6430000
 141.0100000 148.7570000 167.5580000 137.7090000 146.0950000 166.4300000
 138.0910000 146.6260000 165.3850000 136.8440000 145.0700000 166.4520000
 136.6590000 144.7460000 167.2270000 136.0140000 144.5080000 165.3560000
 135.9940000 143.5480000 165.4910000 134.5560000 144.9630000 165.5380000
 134.2030000 144.5950000 166.3630000 134.5270000 145.9300000 165.6090000
 133.6710000 144.5100000 164.3700000 133.5880000 143.2800000 164.1600000
 133.5160000 145.3590000 163.4650000 136.5010000 144.7050000 163.8950000
 137.0870000 143.8050000 163.2990000 136.3780000 145.9020000 163.3160000
 135.9420000 146.5040000 163.7490000 136.8230000 146.1680000 161.9440000
 136.3230000 145.6020000 161.3350000 136.5300000 147.6370000 161.6030000
 136.7550000 148.2060000 162.3560000 137.0970000 147.9010000 160.8620000
 135.1100000 147.9550000 161.1420000 134.9200000 148.8540000 160.3400000
 134.0770000 147.2670000 161.5660000 134.1210000 146.6210000 162.1310000
 133.3020000 147.4970000 161.2740000 138.3190000 145.8700000 161.7150000
 138.7080000 145.4560000 160.6250000 139.1770000 146.0650000 162.7220000
 138.8520000 146.3080000 163.4800000 140.5950000 145.6890000 162.6320000
 140.8740000 145.7800000 161.7070000 141.4540000 146.6740000 163.4360000
 141.1440000 146.6990000 164.3550000 141.3220000 147.5510000 163.0440000
 142.9500000 146.3880000 163.4160000 143.7060000 146.7040000 162.2690000
 143.2950000 147.1180000 161.5450000 145.0810000 146.4060000 162.2260000
 145.5900000 146.6220000 161.4790000 145.7050000 145.7940000 163.3330000
 147.0290000 145.4990000 163.2800000 147.3240000 145.2490000 164.0260000
 144.9520000 145.4840000 164.4850000 145.3580000 145.0770000 165.2160000
 143.5760000 145.7830000 164.5260000 143.0790000 145.5760000 165.2840000
 140.8770000 144.2280000 163.0180000 141.8970000 143.6820000 162.6010000
 139.9660000 143.5480000 163.7120000 139.2210000 143.9390000 163.8900000
 140.0170000 142.1050000 164.0030000 140.5460000 141.6430000 163.3340000
 140.6390000 141.8330000 165.3810000 140.2210000 142.4060000 166.0420000
 140.5100000 140.3750000 165.8260000 140.7030000 140.3460000 166.7760000
 139.6050000 140.0360000 165.7380000 141.1190000 139.8050000 165.3310000
 142.0200000 142.1110000 165.3130000 142.3340000 141.9560000 166.0770000
 138.6000000 141.5520000 163.9670000 137.8810000 141.6920000 164.9490000
 138.2250000 140.8910000 162.8600000 138.7790000 140.8990000 162.2020000
 136.8540000 140.4230000 162.5790000 136.2620000 141.1800000 162.7100000
 136.7490000 139.9800000 161.0970000 137.5170000 139.4360000 160.8600000
 135.9710000 139.4080000 161.0080000 136.6040000 141.1410000 160.0810000
 137.4820000 141.4360000 159.7940000 136.1410000 141.8870000 160.4920000
 135.7800000 140.6530000 158.8710000 134.9150000 140.3670000 159.2030000
 136.2260000 139.8830000 158.4850000 135.5730000 141.6530000 157.8020000
 136.1540000 141.6820000 157.1690000 134.4730000 142.3360000 157.5190000
 133.3780000 142.2810000 158.2210000 133.2330000 141.5710000 158.6840000
 132.6830000 142.7150000 157.9600000 134.4420000 143.0560000 156.4390000
 133.6840000 143.3500000 156.1600000 134.9920000 142.7850000 155.8360000
 136.3540000 139.3500000 163.5710000 136.2330000 138.1730000 163.2250000
 136.0450000 139.7550000 164.7980000 136.2150000 140.5810000 164.9660000
 135.5580000 138.9890000 165.9550000 135.0380000 138.2220000 165.6690000
 136.7240000 138.4990000 166.8560000 137.2300000 139.2720000 167.1510000
 136.1580000 137.7930000 168.1040000 135.5820000 138.3880000 168.6100000
 136.8720000 137.5290000 168.7050000 135.6560000 137.0050000 167.8430000
 137.6890000 137.5540000 166.0980000 137.2070000 136.7650000 165.8040000
 138.0310000 138.0110000 165.3140000 138.9150000 137.1130000 166.9090000
 139.5390000 136.6540000 166.3250000 138.6500000 136.5060000 167.6180000
 139.3540000 137.8870000 167.2960000 134.6440000 139.9500000 166.7230000
 135.1080000 140.9960000 167.1540000 133.3410000 139.6690000 166.7850000
 133.0590000 138.9040000 166.5110000 132.3560000 140.6700000 167.2270000
 131.5200000 140.5100000 166.7610000 132.6590000 141.5580000 166.9790000
 132.0570000 140.6760000 168.7320000 131.3420000 141.5530000 169.2040000
 132.4670000 139.6300000 169.4620000 132.9910000 139.0600000 169.0890000
 131.8380000 139.2450000 170.7330000 131.4250000 140.0320000 171.1210000
 130.7190000 138.2210000 170.4580000 130.2520000 138.0420000 171.2890000
 131.1230000 137.3880000 170.1680000 129.6940000 138.6490000 169.4160000
 128.5640000 139.3990000 169.7930000 128.4240000 139.6250000 170.6840000
 127.6440000 139.8260000 168.8180000 126.9000000 140.3240000 169.0700000
 127.8390000 139.4980000 167.4660000 127.2280000 139.7820000 166.8250000
 128.9640000 138.7500000 167.0840000 129.0990000 138.5440000 166.1870000
 129.8910000 138.3340000 168.0560000 130.6520000 137.8680000 167.7950000
 132.8440000 138.7030000 171.7640000 133.9140000 138.2120000 171.4070000
 132.4840000 138.7880000 173.0480000 131.7070000 139.1110000 173.2270000
 133.3160000 138.3830000 174.1840000 134.1820000 138.8040000 174.0680000
 132.6680000 138.9640000 175.4500000 131.7800000 138.5910000 175.5670000
 132.6000000 139.9290000 175.3770000 133.1990000 138.7530000 176.2340000
 133.5260000 136.8450000 174.2920000 132.6230000 136.0870000 173.9430000
 134.6330000 136.3710000 174.9070000 135.7170000 137.2070000 175.4090000
 136.1910000 137.6070000 174.6630000 135.3980000 137.8930000 176.0160000
 136.6470000 136.2590000 176.1500000 136.2870000 136.0950000 177.0360000
 137.5550000 136.5980000 176.1910000 136.5420000 134.9840000 175.3250000
 137.1030000 135.0610000 174.5370000 136.8130000 134.2080000 175.8400000
 135.0620000 134.9560000 174.9110000 135.0210000 134.6220000 174.0010000
 134.2580000 133.9390000 175.7510000 134.6600000 132.7780000 175.8180000
 133.2080000 134.3700000 176.4630000 132.9620000 135.1800000 176.3090000
 132.2930000 133.5240000 177.2700000 131.8060000 134.1170000 177.8640000
 131.2670000 132.8600000 176.3410000 130.8270000 133.5300000 175.7940000
 131.7120000 132.2220000 175.7610000 130.2790000 132.2050000 177.1080000
 130.6890000 131.7840000 177.7080000 132.9870000 132.4770000 178.1780000
 132.7330000 131.2730000 178.0900000 134.0040000 132.9180000 178.9180000
 134.1840000 133.7580000 178.8750000 135.0100000 132.0730000 179.5750000
 135.4400000 131.5320000 178.8940000 136.0950000 132.9600000 180.1960000
 136.8110000 132.4090000 180.5480000 135.7250000 133.4860000 180.9220000
 136.6300000 133.8430000 179.2350000 136.3550000 134.6050000 179.4580000
 134.4600000 131.1410000 180.6640000 134.2030000 131.5650000 181.7910000
 134.6720000 129.8400000 180.4440000 134.8640000 129.6100000 179.6380000
 134.3210000 128.7690000 181.3860000 133.3620000 128.8010000 181.5280000
 134.6720000 127.4090000 180.7520000 134.2610000 126.7150000 181.2920000
 134.2870000 127.3590000 179.8630000 136.1330000 127.0930000 180.6460000
 136.9060000 127.2780000 179.5500000 136.6060000 127.5760000 178.7220000
 138.2230000 127.0180000 179.8680000 138.8650000 127.0970000 179.3010000
 138.3640000 126.6790000 181.1950000 139.4780000 126.4520000 182.0090000
 140.3290000 126.5970000 181.6640000 139.2870000 126.0580000 183.3450000
 140.0180000 125.9030000 183.8980000 137.9840000 125.9230000 183.8560000
 137.8540000 125.6780000 184.7440000 136.8700000 126.2120000 183.0420000
 136.0140000 126.1690000 183.4020000 137.0320000 126.6160000 181.6970000
 134.9930000 128.9050000 182.7640000 134.3940000 128.5330000 183.7700000
 136.2360000 129.4060000 182.8210000 136.6160000 129.6180000 182.0790000
 137.0190000 129.5080000 184.0660000 136.8840000 128.6850000 184.5610000
 138.5310000 129.6190000 183.7520000 138.7510000 128.8980000 183.1420000
 138.9190000 130.9350000 183.0520000 139.8240000 130.8820000 182.7070000
 138.3220000 131.1210000 182.3100000 138.8670000 131.6740000 183.6790000
 139.3560000 129.4100000 185.0430000 139.2110000 130.1570000 185.6450000
 139.0420000 128.6050000 185.4840000 140.8660000 129.2590000 184.8160000
 141.2940000 129.0370000 185.6580000 141.2420000 130.0910000 184.4880000
 141.0370000 128.5500000 184.1770000 136.5340000 130.6460000 184.9690000
 136.5520000 130.5230000 186.1920000 136.0280000 131.7150000 184.3620000
 135.9840000 131.7170000 183.5030000 135.5450000 132.8990000 185.0650000
 136.0700000 133.0090000 185.8730000 135.8330000 134.1290000 184.1840000
 135.5890000 134.9290000 184.6740000 135.2840000 134.0850000 183.3850000
 137.3230000 134.2310000 183.7810000 138.1980000 134.0780000 184.6670000
 137.6290000 134.2460000 182.5650000 134.0750000 132.7350000 185.5110000
 133.8000000 132.9450000 186.6920000 133.2550000 132.0110000 184.7280000
 133.5130000 131.8350000 183.9270000 131.9950000 131.4010000 185.2030000
 131.4040000 132.0980000 185.5280000 131.2900000 130.6490000 184.0590000
 130.7150000 129.9750000 184.4540000 131.9460000 130.1780000 183.5220000
 130.3950000 131.5210000 183.1750000 129.2110000 131.6100000 183.5700000
 130.5610000 131.4040000 181.9400000 132.2110000 130.4100000 186.3640000
 131.4760000 130.4450000 187.3520000 133.2390000 129.5550000 186.2930000
 133.6940000 129.5240000 185.5640000 133.5630000 128.6090000 187.3680000
 132.7760000 128.0730000 187.5500000 134.6910000 127.6650000 186.9220000
 134.3480000 127.0530000 186.2520000 135.3900000 128.1860000 186.4960000
 135.3150000 126.8590000 188.0510000 134.5460000 125.9030000 188.7410000
 133.6580000 125.7750000 188.4970000 135.1010000 125.1770000 189.8120000
 134.5820000 124.5550000 190.2680000 136.4340000 125.4260000 190.2050000
 136.9980000 124.7250000 191.2230000 137.4450000 124.0770000 190.9300000
 137.1940000 126.4030000 189.5340000 138.0670000 126.5680000 189.8100000
 136.6390000 127.1170000 188.4550000 137.1380000 127.7690000 188.0180000
 133.9410000 129.3160000 188.6770000 133.4680000 128.9230000 189.7480000
 134.7240000 130.3990000 188.6080000 135.0280000 130.6430000 187.8420000
 135.0350000 131.2060000 189.7880000 135.3310000 130.5990000 190.4840000
 136.1860000 132.1810000 189.4920000 135.9590000 132.6920000 188.6990000
 136.2460000 132.8070000 190.2300000 137.5690000 131.5590000 189.3190000
 138.0360000 130.5570000 190.1990000 137.4870000 130.2330000 190.8760000
 139.3350000 130.0340000 190.0620000 139.6340000 129.3640000 190.6340000
 140.1840000 130.5210000 189.0550000 141.0420000 130.1750000 188.9630000
 139.7310000 131.5230000 188.1810000 140.2810000 131.8340000 187.4990000
 138.4280000 132.0380000 188.3090000 138.1270000 132.6810000 187.7080000
 133.8050000 131.9290000 190.3640000 133.6700000 131.9890000 191.5890000
 132.8460000 132.3380000 189.5290000 132.9830000 132.2930000 188.6810000
 131.5870000 132.9370000 189.9950000 131.8140000 133.5530000 190.7090000
 130.9430000 133.7450000 188.8520000 130.2820000 133.2060000 188.3900000
 131.6210000 133.9980000 188.2070000 130.3120000 135.0350000 189.3800000
 131.0670000 135.8050000 190.0240000 129.0900000 135.0190000 189.6530000
 130.6030000 131.9070000 190.5900000 129.9510000 132.1770000 191.6000000
 130.6440000 130.6560000 190.1220000 131.0850000 130.5220000 189.3960000
 129.9040000 129.5300000 190.7070000 128.9970000 129.8190000 190.8920000
 129.8290000 128.4120000 189.6590000 129.3470000 128.7460000 188.8860000
 130.7280000 128.2030000 189.3620000 129.1900000 127.1280000 190.0990000
 127.8830000 126.8090000 189.9610000 127.2320000 127.3540000 189.5820000
 127.6670000 125.5300000 190.4350000 126.9090000 125.1260000 190.3960000
 128.8340000 124.9440000 190.8630000 129.1370000 123.6600000 191.3330000
 128.4680000 123.0150000 191.3580000 130.4540000 123.3640000 191.7200000
 130.6690000 122.5120000 192.0260000 131.4510000 124.3520000 191.6180000
 132.3270000 124.1490000 191.8550000 131.1390000 125.6300000 191.1060000
 131.8100000 126.2630000 190.9890000 129.8220000 125.9600000 190.7150000
 130.4970000 129.0320000 192.0390000 129.7510000 128.7320000 192.9770000
 131.8310000 128.9900000 192.1680000 132.3000000 129.1810000 191.4730000
 132.5170000 128.4390000 193.3560000 131.9630000 127.7090000 193.6740000
 133.8700000 127.8010000 192.9640000 133.7710000 127.3990000 192.0870000
 135.0160000 128.8140000 192.8950000 135.7680000 128.4180000 192.4270000
 135.2860000 129.0890000 193.7850000 134.7100000 129.5940000 192.4070000
 134.2820000 126.6700000 193.9170000 135.0820000 126.2370000 193.5800000
 133.5700000 126.0130000 193.9700000 134.4580000 127.0200000 194.8040000
 132.6360000 129.4310000 194.5310000 133.0120000 129.0330000 195.6380000
 132.3350000 130.7260000 194.3330000 132.1100000 130.9710000 193.5400000
 132.4560000 131.7440000 195.3960000 133.3650000 131.6650000 195.7240000
 132.3250000 133.1740000 194.8230000 132.8900000 133.2370000 194.0370000
 132.6590000 133.8080000 195.4770000 130.8910000 133.5780000 194.4480000
 130.3790000 133.7300000 195.2580000 130.4830000 132.8420000 193.9650000
 130.8340000 134.8490000 193.5880000 131.0710000 135.6220000 194.1240000
 131.4660000 134.7660000 192.8570000 129.4270000 135.0170000 192.9990000
 128.7690000 135.1240000 193.7040000 129.2180000 134.2060000 192.5090000
 129.3640000 136.1420000 192.0420000 128.9160000 135.8980000 191.3130000
 129.0860000 136.9200000 192.3720000 130.1550000 136.2450000 191.6460000
 131.4910000 131.4580000 196.5680000 130.3010000 131.2250000 196.3270000
 131.8840000 131.7060000 197.8370000 133.2480000 131.9460000 198.2950000
 133.4590000 132.8880000 198.1950000 133.8930000 131.4050000 197.8130000
 133.2710000 131.5530000 199.7720000 133.9140000 132.0770000 200.2740000
 133.4630000 130.6060000 199.8580000 131.8400000 131.8240000 200.2260000
 131.5960000 131.2690000 200.9830000 131.7470000 132.7630000 200.4490000
 130.9990000 131.4880000 198.9890000 130.7670000 130.5470000 199.0150000
 129.6950000 132.3050000 198.9720000 128.6910000 131.8450000 199.5090000
 129.6710000 133.4680000 198.3090000 130.3940000 133.7370000 197.9290000
 128.4580000 134.2880000 198.1460000 128.0240000 134.3900000 199.0070000
 128.8270000 135.6800000 197.6100000 129.2310000 135.5620000 196.7360000
 128.0170000 136.1990000 197.4860000 129.7810000 136.4860000 198.5060000
 129.2740000 137.1180000 199.0390000 130.2590000 135.9010000 199.1140000
 130.8150000 137.2150000 197.6620000 131.8590000 136.6630000 197.3620000
 130.5040000 138.3770000 197.1280000 129.7530000 138.7600000 197.2990000
 131.1000000 138.7530000 196.6350000 127.4240000 133.6700000 197.1910000
 126.2490000 133.9980000 197.2890000 127.8610000 132.8430000 196.2340000
 128.6890000 132.6100000 196.2390000 126.9620000 132.0810000 195.3630000
 126.2330000 132.6490000 195.0690000 127.7260000 131.6060000 194.1200000
 128.5240000 131.1200000 194.3820000 127.9870000 132.3800000 193.5960000
 126.9250000 130.7620000 193.3260000 127.1320000 129.9700000 193.5150000
 126.3510000 130.9070000 196.1300000 125.1350000 130.7520000 196.1610000
 127.1740000 130.1350000 196.8570000 128.0160000 130.3000000 196.8050000
 126.7320000 129.0010000 197.6980000 127.5340000 128.5250000 197.9650000
 126.0640000 129.5070000 198.9890000 125.4670000 128.8270000 199.3390000
 125.5400000 130.3030000 198.8100000 127.0440000 129.7730000 199.9800000
 127.5010000 130.4330000 199.7330000 125.8720000 127.9330000 196.9860000
 125.4020000 126.9900000 197.6330000 125.7840000 127.9770000 195.6530000
 126.0200000 128.7050000 195.2600000 125.2270000 126.9210000 194.8070000
 124.3240000 126.7160000 195.0950000 125.1830000 127.4330000 193.3600000
 124.7600000 126.7690000 192.7930000 126.0800000 127.5920000 193.0260000
 124.2310000 128.9760000 193.2880000 125.1480000 129.7490000 193.2570000
 126.0620000 125.6380000 194.8910000 125.5180000 124.5490000 195.0540000
 127.3840000 125.8010000 194.9820000 127.7010000 126.5970000 194.9060000
 128.3310000 124.7370000 195.2610000 128.0930000 123.9830000 194.7000000
 129.7280000 125.2090000 194.8270000 130.3830000 124.5330000 195.0630000
 129.7400000 125.3100000 193.8620000 130.1770000 126.8010000 195.5920000
 129.9560000 127.4930000 194.6370000 128.2540000 124.2600000 196.7280000
 128.7100000 124.9220000 197.6700000 127.7510000 123.0340000 196.9150000
 127.4080000 122.6290000 196.2380000 127.5930000 122.3810000 198.2220000
 128.1930000 122.8070000 198.8540000 126.1400000 122.5990000 198.6790000
 125.5870000 121.8560000 198.3910000 125.7980000 123.3890000 198.2310000
 125.9870000 122.7940000 200.1940000 126.6060000 123.4800000 200.4900000
 126.1830000 121.9590000 200.6470000 124.5630000 123.2370000 200.5480000
 123.9520000 122.5460000 200.2480000 124.4790000 123.3200000 201.5110000
 124.2160000 124.5100000 199.8780000 124.8610000 125.0500000 199.7010000
 123.0610000 124.8100000 199.3100000 121.9920000 124.0880000 199.4240000
 122.0040000 123.4340000 199.9820000 121.2060000 124.3660000 199.2150000
 122.9910000 125.8350000 198.5230000 123.7330000 126.1950000 198.2800000
 122.2800000 125.9480000 198.0520000 128.0000000 120.9090000 198.1380000
 127.9060000 120.2940000 197.0760000 128.4750000 120.3430000 199.2440000
 128.5560000 120.8300000 199.9480000 129.0590000 118.9950000 199.3000000
 128.7180000 118.4870000 198.5470000 130.5920000 119.0800000 199.1390000
 130.7880000 119.6580000 198.3850000 131.3310000 119.6430000 200.3620000
 132.2760000 119.7360000 200.1630000 130.9750000 120.5140000 200.5990000
 131.2340000 119.0440000 201.1190000 131.1850000 117.7120000 198.8210000
 132.1420000 117.7830000 198.6820000 130.7850000 117.3700000 198.0060000
 131.0190000 117.0950000 199.5510000 128.6400000 118.2660000 200.5760000
 128.5040000 118.8900000 201.6280000 128.3500000 116.9690000 200.4930000
 128.4270000 116.5700000 199.7350000 128.0620000 116.1720000 201.6870000
 127.3790000 116.6340000 202.1980000 127.4760000 114.8100000 201.3120000
 126.6630000 114.9380000 200.7980000 128.1120000 114.3260000 200.7630000
 127.1580000 114.0200000 202.5880000 128.0600000 113.2300000 202.9470000
 126.3990000 114.5840000 203.4050000 129.2960000 116.0230000 202.5980000
 130.4010000 115.7310000 202.1370000 129.0860000 116.1910000 203.9060000
 128.2750000 116.3230000 204.1610000 130.1370000 116.2700000 204.9220000
 130.8820000 116.7380000 204.5140000 129.5980000 117.1540000 206.0650000
 129.1630000 117.9340000 205.6870000 128.9370000 116.6580000 206.5730000
 130.6760000 117.6750000 207.0030000 131.3140000 118.6880000 206.7720000
 130.8590000 117.0590000 208.1470000 130.5800000 116.2470000 208.1880000
 131.5440000 117.3310000 208.5900000 130.7010000 114.9010000 205.3820000
 131.3960000 114.8340000 206.3990000 130.3840000 113.7990000 204.6910000
 129.7910000 113.8700000 204.0720000 131.0000000 112.4790000 204.9180000
 131.8900000 112.6510000 205.2640000 130.2260000 111.7030000 206.0130000
 130.1640000 112.2730000 206.7950000 128.7920000 111.3530000 205.5790000
 128.3280000 110.8950000 206.2970000 128.2970000 112.1640000 205.3830000
 128.7980000 110.7900000 204.7890000 130.9140000 110.3920000 206.4560000
 130.9580000 109.7710000 205.7120000 130.3730000 109.9810000 207.1490000
 132.3220000 110.5930000 207.0320000 132.6520000 109.7480000 207.3750000
 132.9300000 110.8980000 206.3410000 132.2980000 111.2440000 207.7510000
 131.2110000 111.6430000 203.6410000 132.1480000 110.8440000 203.6150000
 130.4540000 111.8680000 202.5550000 129.7580000 112.3650000 202.6450000
 130.6420000 111.1570000 201.2680000 131.3030000 110.4650000 201.4270000
 129.3750000 110.4090000 200.8300000 129.0390000 109.8860000 201.5750000
 128.2460000 111.2760000 200.2750000 127.6080000 110.7200000 199.8020000
 128.5870000 111.9750000 199.6950000 127.7790000 111.6810000 201.0220000
 129.7300000 109.5100000 199.8120000 130.1780000 109.9760000 199.2760000
 131.2300000 111.9910000 200.1210000 131.2790000 111.5190000 198.9840000
 131.5990000 113.2440000 200.3800000 131.4100000 113.5560000 201.1590000
 132.2800000 114.1510000 199.4340000 132.3340000 115.0010000 199.8980000
 133.7330000 113.7000000 199.1820000 134.1110000 114.2630000 198.4880000
 133.7340000 112.7970000 198.8280000 134.6870000 113.7750000 200.3820000
 134.9410000 114.9550000 200.7630000 135.6280000 112.9740000 200.3210000
 131.5250000 114.4420000 198.1140000 132.0770000 115.0580000 197.2010000
 130.2560000 114.0360000 198.0070000 129.9120000 113.6430000 198.6900000
 129.4530000 114.1770000 196.7920000 130.0590000 114.1320000 196.0360000
 128.4460000 113.0270000 196.6410000 127.8540000 112.9900000 197.4080000
 127.9100000 113.2170000 195.8550000 129.1380000 111.6700000 196.4270000
 129.2910000 111.2430000 197.2850000 129.9970000 111.8050000 195.9960000
 128.3200000 110.7310000 195.5490000 128.7370000 110.3040000 194.4890000
 127.0620000 110.5010000 195.8550000 126.6180000 110.0540000 195.2690000
 126.7110000 110.8540000 196.5560000 128.7470000 115.5310000 196.7100000
 128.3260000 116.0940000 197.7230000 128.4840000 115.9630000 195.4760000
 128.8040000 115.5150000 194.8150000 127.7650000 117.1980000 195.1690000
 128.2650000 117.9290000 195.5650000 127.7060000 117.4090000 193.6460000
 128.5820000 117.2670000 193.2540000 127.1150000 116.7450000 193.2570000
 127.2340000 118.7970000 193.2510000 126.0780000 118.9750000 192.4650000
 125.6050000 118.2370000 192.1530000 125.6470000 120.2710000 192.1260000
 124.9050000 120.3980000 191.5800000 126.3570000 121.3910000 192.5900000
 126.0730000 122.2490000 192.3720000 127.5210000 121.2130000 193.3540000
 128.0180000 121.9520000 193.6210000 127.9600000 119.9220000 193.6830000
 128.7350000 119.8190000 194.1860000 126.3400000 117.2280000 195.7410000
 125.5590000 116.2980000 195.5390000 125.9400000 118.3910000 196.2550000
 126.5160000 119.0280000 196.3020000 124.5640000 118.7170000 196.6220000
 123.9820000 117.9740000 196.3970000 124.4830000 118.9090000 198.1430000
 125.1740000 119.5220000 198.4380000 123.6170000 119.2730000 198.3840000
 124.7080000 117.2990000 198.9540000 124.0900000 117.5490000 199.9520000
 124.0950000 119.9380000 195.8150000 124.5770000 121.0490000 196.0080000
 123.1580000 119.6960000 194.8940000 122.8870000 118.8830000 194.8230000
 122.5670000 120.6760000 193.9760000 123.2620000 121.0180000 193.3920000
 121.5240000 119.8800000 193.1500000 121.9440000 119.0600000 192.8450000
 120.7790000 119.6350000 193.7210000 120.9570000 120.5550000 191.9110000
 120.8970000 121.7630000 191.7750000 120.3590000 119.7940000 191.0260000
 120.3700000 118.9380000 191.1070000 120.0620000 120.1780000 190.3160000
 121.9590000 121.8730000 194.7430000 121.3440000 121.6710000 195.7850000
 121.8080000 123.0300000 194.0940000 122.1720000 123.1010000 193.3180000
 121.0130000 124.1710000 194.5730000 121.3400000 124.3970000 195.4580000
 121.3120000 125.3560000 193.6440000 122.2680000 125.5200000 193.6160000
 120.8750000 126.1570000 193.9740000 120.9970000 125.1670000 192.7460000
 119.4840000 123.9040000 194.7230000 118.6870000 124.8330000 194.8250000
 119.0290000 122.6510000 194.6080000 119.6450000 122.0520000 194.5710000
 117.6980000 122.1700000 195.0070000 117.3030000 122.7970000 195.6330000
 116.7350000 122.0010000 193.8160000 117.1390000 121.4230000 193.1500000
 115.9260000 121.5740000 194.1380000 116.3650000 123.2260000 193.2060000
 115.6300000 123.0980000 192.8200000 117.8590000 120.8190000 195.7180000
 117.8530000 119.7730000 195.0730000 118.0180000 120.8460000 197.0410000
 118.0200000 121.6110000 197.4350000 118.1040000 119.6720000 197.9310000
 117.6710000 118.9170000 197.5030000 119.5710000 119.2680000 198.2290000
 119.5580000 118.5580000 198.8890000 120.2710000 118.6750000 197.0030000
 121.1630000 118.3800000 197.2450000 119.7650000 117.9180000 196.6690000
 120.3370000 119.3410000 196.3010000 120.4000000 120.4110000 198.8240000
 121.2670000 120.0840000 199.1120000 119.9510000 120.8030000 199.5890000
 120.5350000 121.1150000 198.1700000 117.3370000 119.9390000 199.2330000
 116.7560000 121.0050000 199.4140000 117.2840000 118.9420000 200.1200000
 117.6900000 118.2110000 199.9200000 116.6980000 119.0370000 201.4730000
 115.9940000 119.7040000 201.4450000 116.0200000 117.6830000 201.8050000
 115.5220000 117.4090000 201.0190000 117.0330000 116.5710000 202.1090000
 116.5720000 115.7230000 202.2030000 117.6810000 116.4960000 201.3910000
 117.4920000 116.7690000 202.9410000 115.0040000 117.7520000 202.9510000
 114.5070000 116.9210000 203.0010000 115.4570000 117.8930000 203.7970000
 114.3870000 118.4840000 202.7970000 117.7010000 119.5420000 202.5400000
 117.4110000 119.4710000 203.7270000 118.9220000 119.9100000 202.1250000
 119.0200000 120.0120000 201.2770000 120.0410000 120.3970000 202.9610000
 120.8490000 120.1950000 202.4640000 119.9850000 121.9360000 203.0720000
 119.0720000 122.2230000 203.2290000 120.5250000 122.2330000 203.8210000
 120.5560000 122.6080000 201.8220000 121.7110000 122.2790000 201.4570000
 119.7960000 123.2620000 201.0750000 120.2380000 119.6570000 204.3130000
 120.2130000 120.2700000 205.3810000 120.3920000 118.3150000 204.3090000
 120.5900000 117.4700000 203.1400000 119.7840000 117.4630000 202.6000000
 121.3430000 117.7740000 202.6090000 120.8530000 116.0650000 203.6760000
 121.8050000 115.9380000 203.8140000 120.5030000 115.3860000 203.0790000
 120.1260000 116.0690000 205.0230000 120.4970000 115.4120000 205.6330000
 119.1820000 115.8960000 204.8810000 120.3080000 117.5060000 205.5290000
 119.5300000 117.7670000 206.0460000 121.5420000 117.6260000 206.4380000
 121.4260000 117.4740000 207.6530000 122.7320000 117.7510000 205.8390000
 122.7250000 117.7880000 204.9800000 124.0310000 117.8340000 206.5230000
 123.9390000 118.4430000 207.2720000 124.3960000 116.4380000 207.0580000
 125.2300000 116.4880000 207.5510000 123.7050000 116.1150000 207.6580000
 124.5020000 115.8170000 206.3200000 125.1710000 118.3800000 205.6270000
 126.3380000 118.3530000 206.0190000 124.8680000 118.7600000 204.3820000
 124.0410000 118.8480000 204.1610000 125.8470000 119.2170000 203.3990000
 126.6400000 118.6650000 203.4830000 125.2810000 119.0060000 201.9870000
 125.8440000 119.4520000 201.3350000 125.2960000 118.0560000 201.7920000
 123.5630000 119.5860000 201.8290000 123.4210000 119.5150000 200.6400000
 126.2930000 120.6670000 203.6490000 125.5120000 121.5140000 204.0800000
 127.5360000 120.9760000 203.2800000 128.0000000 120.3600000 202.9000000
 128.2220000 122.2400000 203.5800000 127.5690000 122.8540000 203.9510000
 129.2820000 122.0000000 204.6800000 128.8370000 121.5680000 205.4260000
 130.4290000 121.0880000 204.2270000 131.0310000 120.9280000 204.9700000
 130.0800000 120.2300000 203.9380000 130.9240000 121.4930000 203.4970000
 129.8820000 123.3070000 205.2160000 130.4260000 123.1070000 205.9930000
 130.4450000 123.7240000 204.5450000 129.1720000 123.9100000 205.4850000
 128.7810000 122.8920000 202.3080000 129.0130000 122.2310000 201.2980000
 128.8830000 124.2250000 202.3030000 128.6720000 124.6310000 203.0310000
 129.4360000 125.0380000 201.1980000 128.8720000 124.9210000 200.4170000
 129.4000000 126.5290000 201.5900000 128.4710000 126.7940000 201.6780000
 129.7970000 127.0590000 200.8810000 130.1250000 126.8260000 202.9160000
 129.7720000 126.2450000 203.6080000 131.0730000 126.6380000 202.8320000
 129.9450000 128.2800000 203.3640000 129.1970000 128.6810000 202.8950000
 130.7440000 128.7760000 203.1270000 129.7280000 128.3390000 204.8230000
 130.3940000 128.1220000 205.3220000 128.5760000 128.4800000 205.4580000
 127.4450000 128.7370000 204.8710000 127.3990000 128.9150000 204.0310000
 126.7900000 128.9210000 205.3970000 128.5320000 128.3550000 206.7450000
 129.2370000 128.4260000 207.2320000 127.8140000 128.6580000 207.1080000
 130.8490000 124.5900000 200.7920000 131.6890000 124.3560000 201.6580000
 131.1410000 124.5720000 199.4890000 130.5050000 124.7240000 198.9310000
 132.3990000 124.0210000 198.9580000 132.5400000 123.1470000 199.3530000
 132.2570000 123.8450000 197.4420000 133.1250000 123.6470000 197.0570000
 131.9260000 124.6650000 197.0440000 131.1150000 122.4770000 197.0890000
 131.9420000 121.6420000 196.8460000 133.6720000 124.8300000 199.2800000
 134.7490000 124.2430000 199.3710000 133.5680000 126.1440000 199.5170000
 132.7830000 126.4930000 199.4760000 134.6560000 126.9810000 200.0580000
 135.4290000 126.4170000 200.2180000 135.0580000 128.0780000 199.0520000
 135.5930000 128.7430000 199.5140000 134.2520000 128.5170000 198.7370000
 135.8480000 127.5800000 197.8240000 135.3820000 126.8210000 197.4410000
 135.8490000 128.2830000 197.1560000 137.3110000 127.1780000 198.1050000
 137.6590000 126.7330000 197.3160000 137.3310000 126.5410000 198.8360000
 138.1760000 128.3440000 198.4030000 137.8500000 129.1260000 198.2530000
 139.3090000 128.3430000 199.0910000 139.8550000 129.4690000 199.4340000
 139.5590000 130.2140000 199.1220000 140.3870000 129.4840000 200.1090000
 139.9300000 127.2690000 199.4950000 140.6350000 127.3960000 199.9710000
 139.8510000 126.5180000 199.0840000 134.2340000 127.5730000 201.4130000
 133.0610000 127.9270000 201.5720000 135.1320000 127.6370000 202.4150000
 136.5490000 127.2940000 202.3490000 136.6440000 126.3290000 202.3240000
 136.9770000 127.6930000 201.5750000 137.1780000 127.8380000 203.6310000
 137.9130000 127.2820000 203.9320000 137.4810000 128.7490000 203.4930000
 136.0140000 127.8260000 204.6230000 136.1330000 128.4910000 205.3190000
 135.9410000 126.9420000 205.0160000 134.7780000 128.0970000 203.7560000
 134.0400000 127.5640000 204.0900000 134.3480000 129.5730000 203.7530000
 134.8550000 130.3870000 202.9870000 133.4120000 129.9420000 204.6330000
 133.1020000 129.3560000 205.1810000 132.9810000 131.3360000 204.7820000
 133.0670000 131.7580000 203.9130000 131.4840000 131.3840000 205.1430000
 131.0060000 130.8650000 204.4770000 131.3520000 130.9680000 206.0090000
 130.8540000 132.7910000 205.1720000 131.2160000 133.2870000 205.9230000
 131.0980000 133.5870000 203.8840000 130.6010000 134.4190000 203.9220000
 130.8000000 133.0760000 203.1150000 132.0400000 133.8020000 203.7970000
 129.3420000 132.6530000 205.3530000 128.9290000 133.5300000 205.3970000
 128.9520000 132.1680000 204.6090000 129.1460000 132.1820000 206.1780000
 133.9280000 132.0900000 205.7330000 133.7240000 132.1360000 206.9450000
 135.0810000 132.4730000 205.1920000 135.2050000 132.2840000 204.3620000
 136.2070000 133.1520000 205.8590000 135.8810000 133.6190000 206.6440000
 137.2970000 132.1390000 206.2840000 138.0140000 132.6110000 206.7350000
 136.7900000 131.0560000 207.2350000 137.5320000 130.5050000 207.5290000
 136.3750000 131.4700000 208.0080000 136.1350000 130.4980000 206.7880000
 137.8380000 131.5220000 205.1410000 138.5880000 131.1750000 205.2940000
 136.8010000 134.1870000 204.8860000 136.4750000 134.1480000 203.6980000
 137.6560000 135.1340000 205.3270000 137.9530000 135.5070000 206.7020000
 138.0690000 134.7420000 207.2870000 137.2400000 136.0730000 207.0360000
 139.2500000 136.3100000 206.6270000 139.3200000 136.9460000 207.3560000
 140.0090000 135.7060000 206.6230000 139.1420000 137.0120000 205.2720000
 140.0160000 137.2140000 204.9030000 138.6290000 137.8290000 205.3740000
 138.3540000 136.0290000 204.3960000 137.7010000 136.5330000 203.8860000
 139.2510000 135.2800000 203.3890000 139.1710000 135.5640000 202.2020000
 139.9420000 134.2140000 203.8120000 139.9090000 134.0070000 204.6460000
 140.7040000 133.3290000 202.9090000 141.2760000 133.8710000 202.3430000
 141.6080000 132.4110000 203.7600000 141.1360000 132.1440000 204.5640000
 142.3650000 132.9420000 204.0530000 142.1530000 131.1530000 203.0470000
 142.9160000 130.8320000 203.5530000 142.4710000 131.4100000 202.1670000
 141.1260000 130.0040000 202.9400000 140.3190000 129.8560000 203.8920000
 141.0810000 129.3430000 201.8710000 139.8020000 132.5340000 201.9510000
 140.0990000 132.4280000 200.7660000 138.6630000 132.0310000 202.4270000
 138.5250000 132.0690000 203.2750000 137.8240000 131.1080000 201.6660000
 138.3590000 130.3470000 201.3910000 137.1320000 130.7800000 202.2610000
 137.1500000 131.7320000 200.4410000 136.9050000 131.0350000 199.4550000
 137.0170000 133.0670000 200.4370000 137.2830000 133.4750000 201.1460000
 136.6210000 133.8930000 199.2810000 135.7830000 133.5710000 198.9130000
 136.4680000 135.3560000 199.7330000 137.3210000 135.6460000 200.0910000
 136.2720000 135.9120000 198.9630000 135.3700000 135.5850000 200.7830000
 135.4030000 134.8860000 201.4550000 134.4990000 135.5550000 200.3570000
 135.5780000 136.9450000 201.4700000 136.5060000 137.0190000 201.7410000
 135.3980000 137.6640000 200.8440000 134.7120000 137.0920000 202.7260000
 134.8290000 136.3000000 203.2740000 135.0400000 137.8540000 203.2280000
 133.2840000 137.2960000 202.3870000 132.7900000 137.3810000 203.1220000
 133.1990000 138.0300000 201.8910000 132.9820000 136.6070000 201.9110000
 137.6460000 133.8510000 198.1420000 137.2610000 133.9660000 196.9810000
 138.9350000 133.7270000 198.4650000 139.1410000 133.5900000 199.2890000
 140.0170000 133.6800000 197.4850000 139.9060000 134.4470000 196.9010000
 141.3730000 133.8250000 198.2020000 141.2820000 134.4790000 198.9130000
 141.6250000 132.9760000 198.5980000 142.4950000 134.3000000 197.2670000
 142.2050000 135.1010000 196.8030000 142.6880000 133.6150000 196.6080000
 143.7800000 134.6060000 198.0330000 144.5470000 133.7220000 198.3860000
 144.1020000 135.8570000 198.2620000 143.5750000 136.4920000 198.0190000
 144.8280000 136.0290000 198.6890000 139.9280000 132.4050000 196.6270000
 139.4180000 131.3700000 197.0740000 140.3960000 132.4940000 195.3720000
 140.7920000 133.2250000 195.1510000 140.2600000 131.4260000 194.3660000
 139.3110000 131.3070000 194.2020000 140.9630000 131.7970000 193.0420000
 141.0910000 130.9770000 192.5390000 141.8470000 132.1530000 193.2240000
 140.1910000 132.7490000 192.1140000 139.2590000 132.4820000 192.0810000
 140.5600000 132.6380000 191.2240000 140.2780000 134.2380000 192.4800000
 141.2040000 134.4850000 192.6280000 139.7890000 134.3880000 193.3040000
 139.6910000 135.0740000 191.4080000 138.8700000 135.3070000 191.5150000
 140.2420000 135.3840000 190.2420000 139.5360000 135.9550000 189.3080000
 138.6860000 136.0390000 189.4060000 139.8570000 135.9830000 188.5110000
 141.4900000 135.1280000 189.9610000 141.8070000 135.3290000 189.1870000
 141.9840000 134.7360000 190.5450000 140.8300000 130.0870000 194.8750000
 141.9450000 130.0770000 195.4030000 140.2150000 128.9420000 194.5160000
 138.9020000 128.8120000 193.8910000 138.8010000 129.4120000 193.1350000
 138.2140000 128.9890000 194.5520000 138.7930000 127.3670000 193.4110000
 137.8840000 127.0340000 193.4660000 139.1260000 127.2970000 192.5030000
 139.7250000 126.6190000 194.3600000 140.0690000 125.8130000 193.9440000
 139.2450000 126.3990000 195.1740000 140.8340000 127.6300000 194.6840000
 141.1100000 127.5080000 195.6060000 142.0650000 127.4940000 193.7680000
 141.9450000 127.2030000 192.5800000 143.2610000 127.7380000 194.3120000
 143.2710000 128.1150000 195.0850000 144.5330000 127.5740000 193.5890000
 144.3560000 127.6150000 192.6360000 145.4810000 128.7440000 193.9050000
 145.0290000 129.5860000 193.7380000 146.2100000 128.6760000 193.2690000
 146.0510000 128.7470000 195.3410000 145.4610000 129.2660000 195.9090000
 146.0750000 127.8460000 195.7000000 147.4730000 129.2980000 195.4550000
 148.1810000 129.5740000 194.4900000 147.9550000 129.5020000 196.6600000
 147.4460000 129.3970000 197.3450000 148.7280000 129.8750000 196.7110000
 145.2140000 126.2150000 193.8340000 146.2840000 125.9730000 193.2840000
 144.7290000 125.4370000 194.8060000 143.9830000 125.6660000 195.1680000
 145.2840000 124.1350000 195.1780000 146.2360000 124.1110000 194.9940000
 145.1550000 124.0030000 196.1300000 144.6220000 122.9730000 194.4350000
 143.8540000 123.1700000 193.4930000 144.7470000 121.7710000 195.0080000
 145.2360000 121.7060000 195.7120000 143.9750000 120.5930000 194.5890000
 144.2340000 119.8330000 195.1330000 144.1830000 120.3920000 193.6630000
 142.4510000 120.7650000 194.7070000 141.7230000 120.1040000 193.9720000
 141.9850000 121.7820000 195.4430000 142.5270000 122.2000000 195.9630000
 140.6240000 122.3260000 195.4060000 140.0270000 121.7060000 195.8530000
 140.5500000 123.6910000 196.1320000 140.9810000 124.3430000 195.5580000
 139.6160000 123.9420000 196.2130000 141.2320000 123.8600000 197.4940000
 142.4250000 123.4740000 197.5670000 140.7380000 124.7590000 198.2200000
 140.1070000 122.5560000 193.9740000 138.9720000 122.1970000 193.6720000
 140.9470000 123.0680000 193.0680000 141.7580000 123.2310000 193.3030000
 140.5540000 123.3800000 191.6920000 139.8000000 123.9900000 191.7070000
 141.7330000 124.0800000 190.9990000 142.4550000 123.4460000 190.8710000
 142.0750000 124.7750000 191.5830000 141.3910000 124.7120000 189.6640000
 140.8440000 126.0080000 189.6240000 140.6850000 126.4690000 190.4160000
 140.5360000 126.6120000 188.3920000 140.1730000 127.4680000 188.3700000
 140.7560000 125.9120000 187.1960000 140.5370000 126.3080000 186.3830000
 141.2950000 124.6140000 187.2330000 141.4330000 124.1460000 186.4410000
 141.6210000 124.0150000 188.4630000 141.9870000 123.1600000 188.4790000
 140.1200000 122.1140000 190.9400000 138.9470000 121.9580000 190.6060000
 140.9860000 121.0950000 190.9560000 141.7450000 121.2310000 191.3360000
 140.7180000 119.7610000 190.4040000 140.4280000 119.8560000 189.4830000
 142.0080000 118.9220000 190.4300000 141.8290000 118.0680000 190.0060000
 142.2550000 118.7570000 191.3530000 143.2070000 119.5630000 189.7180000
 143.3660000 120.4540000 190.0670000 142.9990000 119.6430000 188.7740000
 144.7300000 118.5930000 189.9110000 145.8240000 119.4350000 188.7450000
 146.4780000 118.8010000 188.4120000 145.3070000 119.7960000 188.0080000
 146.2880000 120.1570000 189.1980000 139.6080000 119.0080000 191.1600000
 138.9610000 118.1350000 190.5860000 139.3770000 119.3240000 192.4420000
 139.8970000 119.9080000 192.8000000 138.3430000 118.7030000 193.2880000
 138.3430000 117.7500000 193.1090000 138.6840000 118.9640000 194.7690000
 139.6110000 118.7280000 194.9300000 138.5870000 119.9120000 194.9490000
 137.8070000 118.2060000 195.7760000 137.9660000 118.5840000 196.6550000
 136.8680000 118.3250000 195.5640000 138.1570000 116.7110000 195.7870000
 139.0950000 116.5980000 196.0050000 138.0100000 116.3520000 194.8980000
 137.3360000 115.9300000 196.7260000 136.7650000 115.3880000 196.3800000
 137.3710000 115.9280000 198.0450000 138.0820000 116.7570000 198.7520000
 138.5080000 117.3880000 198.3520000 138.0090000 116.7120000 199.6080000
 136.7000000 115.0340000 198.6830000 136.4890000 115.0930000 199.5150000
 136.2320000 114.4310000 198.2860000 136.9350000 119.2010000 192.9590000
 136.0120000 118.3940000 192.8940000 136.7490000 120.5190000 192.8670000
 137.4320000 121.0270000 192.9870000 135.4290000 121.1440000 192.7150000
 134.7560000 120.5320000 193.0520000 135.3620000 122.4140000 193.5850000
 134.5130000 122.8570000 193.4270000 136.0700000 123.0220000 193.3200000
 135.4720000 122.1360000 195.0780000 136.6260000 122.4820000 195.8040000
 137.3200000 122.9370000 195.3840000 136.7330000 122.1680000 197.1710000
 137.4920000 122.4160000 197.6480000 135.6840000 121.5020000 197.8260000
 135.7470000 121.3100000 198.7340000 134.5200000 121.1750000 197.1130000
 133.8170000 120.7510000 197.5500000 134.4090000 121.5110000 195.7520000
 133.6190000 121.3360000 195.2940000 135.0470000 121.4070000 191.2490000
 133.8590000 121.4010000 190.9310000 136.0190000 121.5200000 190.3320000
 136.8400000 121.4820000 190.5850000 135.7640000 121.7410000 188.9000000
 135.2320000 122.5490000 188.8270000 137.1050000 122.0210000 188.1910000
 137.4980000 122.8140000 188.5890000 137.7100000 121.2810000 188.3550000
 137.0350000 122.2400000 186.6700000 136.6390000 121.4620000 186.2470000
 136.2280000 123.4870000 186.3120000 136.6110000 124.2680000 186.7410000
 136.2300000 123.6140000 185.3500000 135.3090000 123.3850000 186.6050000
 138.4540000 122.4080000 186.1260000 138.9730000 121.6090000 186.3080000
 138.4250000 122.5490000 185.1670000 138.8780000 123.1720000 186.5470000
 134.9240000 120.6330000 188.2200000 133.9290000 120.9910000 187.5930000
 135.1180000 119.3210000 188.4820000 136.2580000 118.7020000 189.1410000
 137.0880000 119.1710000 188.9620000 136.0950000 118.6580000 190.0960000
 136.3400000 117.2880000 188.5730000 136.7640000 116.6740000 189.1930000
 136.8090000 117.3000000 187.7240000 134.8690000 116.9460000 188.3480000
 134.4750000 116.6630000 189.1880000 134.7590000 116.2580000 187.6730000
 134.2630000 118.2790000 187.8980000 134.3170000 118.3390000 186.9310000
 132.7840000 118.3710000 188.3030000 131.9180000 117.9270000 187.5540000
 132.4800000 118.9830000 189.4540000 133.1160000 119.3420000 189.9080000
 131.1000000 119.2100000 189.8970000 130.5690000 118.4390000 189.6450000
 131.0440000 119.3150000 191.4310000 131.5170000 120.1090000 191.7270000
 130.1140000 119.3880000 191.6980000 131.6600000 118.0750000 192.1030000
 131.3510000 117.2890000 191.6250000 132.6250000 118.1140000 192.0130000
 131.2600000 117.8180000 193.8550000 132.0500000 119.2540000 194.6050000
 131.9010000 119.2400000 195.5630000 133.0030000 119.2180000 194.4260000
 131.6740000 120.0680000 194.2340000 130.4500000 120.4210000 189.2060000
 129.2900000 120.3260000 188.8220000 131.2280000 121.4360000 188.8100000
 132.0620000 121.4200000 189.0210000 130.7630000 122.5200000 187.9270000
 129.9440000 122.8910000 188.2910000 131.8160000 123.6330000 187.8990000
 132.6890000 123.2450000 187.7300000 131.8530000 124.0400000 188.7790000
 131.5810000 124.7250000 186.8710000 130.5840000 125.6940000 187.0860000
 130.0350000 125.6400000 187.8350000 130.4260000 126.7580000 186.1800000
 129.7830000 127.4110000 186.3360000 131.2540000 126.8450000 185.0480000
 131.1650000 127.5590000 184.4590000 132.2280000 125.8610000 184.8110000
 132.7840000 125.9320000 184.0690000 132.3940000 124.8040000 185.7230000
 133.0590000 124.1710000 185.5730000 130.4450000 122.0380000 186.5030000
 129.3630000 122.3330000 185.9950000 131.2430000 121.1080000 185.9580000
 131.9680000 120.9020000 186.3720000 130.9170000 120.3970000 184.7090000
 130.6010000 121.0570000 184.0730000 132.1690000 119.7110000 184.1050000
 132.5580000 119.1160000 184.7650000 131.8650000 119.1470000 183.3770000
 133.2810000 120.5940000 183.4970000 133.7620000 120.0460000 182.8570000
 132.7400000 121.8110000 182.7460000 132.0380000 121.5230000 182.1420000
 132.3740000 122.4620000 183.3650000 133.4520000 122.2200000 182.2300000
 134.2950000 121.0870000 184.5170000 135.0220000 121.5320000 184.0550000
 133.8720000 121.7110000 185.1270000 134.6510000 120.3280000 185.0060000
 129.7410000 119.4020000 184.8390000 129.3930000 118.7540000 183.8540000
 129.0680000 119.3440000 185.9940000 129.3700000 119.8120000 186.6490000
 127.8410000 118.5730000 186.2520000 127.5240000 118.1980000 185.4150000
 128.2100000 117.4020000 187.1740000 129.0160000 116.9770000 186.8430000
 128.3880000 117.7350000 188.0670000 127.1870000 116.4250000 187.2330000
 127.4440000 115.8130000 187.7480000 126.6840000 119.4300000 186.8190000
 125.5390000 118.9750000 186.8820000 126.9250000 120.7160000 187.1050000
 127.7210000 121.0240000 186.9990000 125.9040000 121.6500000 187.5850000
 125.3830000 121.1880000 188.2600000 126.5530000 122.8510000 188.2820000
 126.9950000 123.4120000 187.6250000 127.2250000 122.5310000 188.9040000
 125.5130000 123.6770000 189.0550000 124.8480000 124.5250000 188.4280000
 125.5750000 123.6720000 190.3030000 124.9560000 122.0820000 186.4560000
 125.3860000 122.5920000 185.4170000 123.6810000 121.7360000 186.6320000
 123.4650000 121.4430000 187.4110000 122.5860000 121.9330000 185.6840000
 122.9550000 122.0190000 184.7910000 121.6950000 120.6780000 185.7410000
 121.5950000 120.3670000 186.6540000 120.8090000 120.8910000 185.4070000
 122.2410000 119.5660000 184.8680000 122.0000000 119.5420000 183.6790000
 123.0460000 118.6610000 185.3740000 123.4600000 118.7990000 186.1150000
 123.3690000 118.1050000 184.8030000 121.7930000 123.2220000 185.9960000
 121.6800000 123.5700000 187.1740000 121.1050000 123.8320000 185.0040000
 121.0270000 123.3800000 183.6200000 120.8130000 122.4360000 183.5590000
 121.8680000 123.5630000 183.1740000 119.9150000 124.2040000 182.9770000
 120.0400000 124.2940000 182.0190000 119.0530000 123.8070000 183.1770000
 120.0450000 125.5420000 183.6990000 120.7590000 126.0570000 183.2910000
 119.2190000 126.0500000 183.6690000 120.4470000 125.1400000 185.1270000
 121.1060000 125.7760000 185.4460000 119.2630000 125.1510000 186.1120000
 118.0990000 124.9640000 185.7560000 119.5680000 125.3260000 187.3960000
 120.4070000 125.3480000 187.5830000 118.6070000 125.3380000 188.4920000
 117.8930000 124.7200000 188.2710000 119.3370000 124.8000000 189.7360000
 119.7540000 123.9570000 189.5000000 120.0490000 125.4090000 189.9870000
 118.4770000 124.5800000 190.9650000 117.5670000 125.3190000 191.3180000
 118.7920000 123.5780000 191.7410000 119.4840000 123.1060000 191.5450000
 118.5710000 123.6530000 192.5690000 118.0440000 126.7630000 188.6900000
 118.8430000 127.6750000 188.9150000 116.7250000 126.9340000 188.9240000
 115.6880000 125.9920000 188.5210000 115.9260000 125.5230000 187.7060000
 115.5250000 125.3600000 189.2390000 114.4410000 126.8320000 188.2670000
 114.4650000 127.1940000 187.3670000 113.6280000 126.3220000 188.4090000
 114.5940000 127.9600000 189.2840000 114.2930000 127.6530000 190.1530000
 114.1020000 128.7510000 189.0140000 116.1050000 128.2160000 189.3080000
 116.3090000 128.8600000 188.6120000 116.5550000 128.8480000 190.6460000
 115.9500000 129.8170000 191.0920000 117.5470000 128.2720000 191.3410000
 117.8770000 127.5550000 190.9990000 118.2560000 128.8470000 192.5070000
 118.0400000 129.7910000 192.5660000 117.7740000 128.1740000 193.8060000
 117.8760000 127.2150000 193.7000000 118.3290000 128.4520000 194.5510000
 116.3180000 128.5410000 194.1500000 115.7490000 128.4210000 193.3740000
 116.2820000 129.4780000 194.3960000 115.7370000 127.7060000 195.3010000
 116.2230000 127.9100000 196.1150000 114.8120000 127.9670000 195.4330000
 115.8040000 126.1900000 195.0620000 115.2720000 125.7380000 195.7350000
 116.7250000 125.9120000 195.1850000 115.3630000 125.8020000 193.6980000
 114.4980000 125.9860000 193.5990000 115.4320000 124.9210000 193.5930000
 115.8410000 126.2140000 193.0710000 119.7940000 128.8090000 192.3550000
 120.5050000 128.8740000 193.3490000 120.2890000 128.6200000 191.1280000
 119.7200000 128.5600000 190.4860000 121.7040000 128.7260000 190.7420000
 122.2210000 129.0520000 191.4950000 122.2260000 127.3330000 190.3320000
 122.1610000 126.7250000 191.0850000 121.6890000 126.9980000 189.5970000
 123.9570000 127.3860000 189.7660000 124.0560000 126.2720000 189.3310000
 121.9070000 129.7390000 189.6060000 122.7620000 130.6150000 189.6960000
 121.0750000 129.6610000 188.5630000 120.5060000 129.0160000 188.5490000
 121.3600000 130.2880000 187.2740000 122.1260000 130.8780000 187.3470000
 120.6010000 130.8220000 186.9920000 121.6460000 129.2230000 186.2130000
 121.0050000 128.1750000 186.1970000 122.6230000 129.4890000 185.3390000
 123.0260000 130.2440000 185.4270000 123.0110000 128.6410000 184.1930000
 122.2280000 128.4600000 183.6500000 124.0290000 129.4520000 183.3680000
 123.6310000 130.3070000 183.1420000 124.7980000 129.6170000 183.9350000
 124.4980000 128.7830000 182.0610000 124.8820000 127.9130000 182.2500000
 123.7280000 128.6530000 181.4850000 125.5480000 129.6190000 181.3080000
 125.7780000 129.1550000 180.4880000 125.1600000 130.4780000 181.0790000
 126.8250000 129.8320000 182.1400000 127.2130000 128.9700000 182.3580000
 126.5900000 130.2580000 182.9790000 127.8220000 130.6900000 181.4540000
 128.4250000 130.1770000 181.0470000 128.3010000 131.1790000 182.0220000
 127.4740000 131.2070000 180.8190000 123.5950000 127.2710000 184.5830000
 123.4120000 126.3050000 183.8480000 124.3820000 127.2200000 185.6590000
 124.4780000 127.9380000 186.1230000 125.3270000 126.1240000 185.8970000
 124.8540000 125.2780000 185.8700000 125.7120000 126.2230000 186.7820000
 126.4770000 126.0850000 184.8780000 126.6890000 127.0400000 184.1240000
 127.2710000 125.0100000 184.9050000 127.0680000 124.3800000 185.4540000
 128.4490000 124.8250000 184.0410000 128.6600000 125.6480000 183.5720000
 129.2070000 124.6100000 184.6070000 128.3250000 123.7010000 183.0060000
 128.9090000 123.7950000 181.9240000 127.4900000 122.6910000 183.2710000
 127.0620000 122.7070000 184.0170000 127.3930000 121.4640000 182.4710000
 128.3610000 120.9720000 182.3780000 126.4300000 120.5180000 183.2040000
 126.8670000 120.3350000 184.1860000 125.4390000 120.9550000 183.3240000
 126.2320000 119.1710000 182.5630000 127.2100000 118.2650000 182.2290000
 126.6120000 117.1640000 181.7450000 127.2360000 116.3340000 181.4140000
 125.2790000 117.3090000 181.7650000 124.5670000 116.6500000 181.4830000
 125.0320000 118.5900000 182.2670000 124.0080000 118.9510000 182.3590000
 126.9630000 121.7250000 181.0170000 127.7440000 121.4770000 180.0970000
 125.7360000 122.2180000 180.8360000 125.0670000 122.6700000 181.4430000
 129.3570000 121.0430000 182.4430000 128.2670000 121.0430000 182.4430000
 130.5200000 121.7310000 181.7360000 130.5080000 121.4710000 180.6780000
 130.4250000 122.8110000 181.8460000 131.8900000 121.3630000 182.2560000
 133.0510000 121.9050000 181.7170000 133.1000000 122.5690000 180.9580000
 134.0790000 121.3980000 182.3720000 135.0940000 121.6930000 182.1060000
 133.6360000 120.5720000 183.2880000 132.2780000 120.5210000 183.2500000
 131.7370000 119.8810000 183.9470000 129.4390000 121.3920000 183.9220000
 128.5000000 121.9520000 184.4840000 130.5680000 121.0600000 184.5530000
 131.3120000 120.6010000 184.0480000 130.7690000 121.3390000 185.9610000
 130.7010000 122.4130000 186.1320000 129.7150000 120.6410000 186.8140000
 125.5630000 120.9460000 183.2790000 126.7650000 120.3750000 184.1030000
 130.1220000 119.2900000 187.3530000 129.2740000 118.5280000 188.1470000
 128.3400000 118.7840000 188.4350000 129.9030000 117.4100000 188.4600000
 127.0510000 116.3900000 181.4760000 131.0920000 117.4230000 187.9120000
 131.7770000 116.6840000 187.9960000 131.2710000 118.5750000 187.2130000
 124.1970000 118.9680000 182.4240000 131.1070000 120.4190000 184.7960000
 130.9630000 120.8020000 183.6370000 131.5590000 119.2020000 185.1070000
 131.6610000 118.9330000 186.0750000 131.9160000 118.2340000 184.0890000
 131.0450000 118.0200000 183.4700000 133.0320000 118.7640000 183.1950000
 132.7010000 119.6800000 182.7050000 133.9140000 118.9750000 183.8000000
 133.4740000 117.8230000 182.1000000 134.4800000 118.1590000 181.2020000
 128.0410000 118.3340000 182.4380000 134.6410000 117.1450000 180.3720000
 135.0760000 117.4210000 179.4110000 133.7980000 116.1940000 180.6920000
 134.1290000 115.2860000 180.3980000 134.0790000 117.2060000 183.1500000
 133.5370000 116.7650000 183.9860000 132.4000000 116.9340000 184.7150000
 132.4480000 116.8100000 185.9370000 125.8750000 122.4850000 180.8470000
 125.4380000 122.7040000 181.5550000 125.2440000 122.8030000 179.5600000
 125.0480000 121.9720000 179.0990000 123.9270000 123.5210000 179.8780000
 123.4330000 123.6850000 179.0590000 124.1040000 124.3720000 180.3090000
 123.3860000 122.9730000 180.4680000 126.0830000 123.6670000 178.5970000
 125.6850000 123.8490000 177.4480000 127.1730000 124.2750000 179.0730000
 127.4000000 124.1060000 179.8850000 128.0210000 125.1690000 178.2810000
 127.6720000 125.2410000 177.3790000 127.9580000 126.5640000 178.9160000
 128.4950000 127.1800000 178.3930000 127.0400000 126.8770000 178.9280000
 128.3010000 126.5330000 179.8230000 129.4670000 124.6670000 178.1470000
 130.0860000 124.8590000 177.1020000 130.0100000 124.0090000 179.1800000
 129.5430000 123.9390000 179.8990000 131.4580000 123.7950000 179.3050000
 131.8860000 124.0720000 178.4800000 132.0010000 124.7040000 180.4170000
 132.9700000 124.6560000 180.4170000 131.6890000 124.3670000 181.2710000
 131.5860000 126.1610000 180.2710000 131.7680000 126.8300000 179.0420000
 132.1640000 126.3910000 178.3240000 131.3200000 128.1530000 178.8800000
 131.4270000 128.5920000 178.0670000 130.6980000 128.8220000 179.9530000
 130.2240000 130.0830000 179.7860000 130.5840000 130.6020000 180.3390000
 130.5380000 128.1640000 181.1920000 130.1360000 128.6090000 181.9030000
 130.9720000 126.8330000 181.3450000 130.8370000 126.3900000 182.1510000
 131.8780000 122.3340000 179.4790000 133.0720000 122.0430000 179.3870000
 130.9170000 121.4020000 179.5140000 130.0980000 121.6620000 179.5530000
 131.1840000 119.9550000 179.4500000 131.6890000 119.6890000 180.2340000
 129.8400000 119.2120000 179.4750000 129.2900000 119.5230000 178.7390000
 129.3810000 119.3990000 180.3090000 130.0190000 117.8180000 179.3550000
 129.2620000 117.4540000 179.3750000 132.0070000 119.5740000 178.2050000
 133.0920000 119.0130000 178.3330000 131.6660000 120.1560000 177.0440000
 130.9430000 120.6210000 177.0300000 132.3980000 119.9710000 175.7740000
 132.7240000 119.0580000 175.7570000 131.4320000 120.1230000 174.5870000
 130.5700000 119.7420000 174.8160000 131.3090000 121.0650000 174.3890000
 131.9230000 119.4520000 173.4430000 132.7330000 119.6400000 173.3260000
 133.6310000 120.8840000 175.5920000 134.1290000 121.0020000 174.4700000
 134.0350000 121.6450000 176.6200000 133.6260000 121.5510000 177.3710000
 135.1260000 122.6340000 176.5630000 135.4800000 122.6790000 175.6610000
 134.5550000 124.0210000 176.9000000 135.2350000 124.6980000 176.7610000
 133.7960000 124.2200000 176.3290000 134.2780000 124.0530000 177.8290000
 136.3190000 122.3000000 177.4810000 137.4360000 122.7460000 177.2060000
 136.1050000 121.5290000 178.5570000 135.3030000 121.2570000 178.7060000
 137.1130000 121.2570000 179.5980000 137.9200000 121.7530000 179.3900000
 136.6400000 121.7670000 180.9780000 135.8500000 121.2750000 181.2520000
 137.7310000 121.5870000 182.0450000 137.4100000 121.9230000 182.8970000
 138.5300000 122.0740000 181.7890000 137.9480000 120.6480000 182.1540000
 136.2880000 123.2610000 180.9450000 136.0420000 123.5630000 181.8340000
 137.0470000 123.7760000 180.6300000 135.5320000 123.4150000 180.3570000
 137.4930000 119.7720000 179.6280000 136.8650000 118.9750000 180.3190000
 138.6030000 119.4100000 178.9780000 139.0240000 119.9990000 178.5140000
 139.2000000 118.0780000 179.1250000 138.5140000 117.4140000 178.9520000
 140.3310000 117.8950000 178.1010000 140.9090000 117.1710000 178.3880000
 140.8670000 118.7010000 178.0370000 139.7950000 117.4950000 176.7440000
 139.3950000 116.3620000 176.5600000 139.8280000 118.3680000 175.7670000
 140.1010000 119.1730000 175.8990000 139.4650000 118.1220000 175.0270000
 139.7190000 117.8410000 180.5520000 140.3880000 118.7050000 181.1180000
 139.6390000 116.5940000 181.0300000 139.2130000 116.0080000 180.5660000
 140.1750000 116.1710000 182.3330000 140.7590000 116.8700000 182.6660000
 139.0640000 115.9530000 183.3950000 138.6980000 115.0610000 183.2870000
 139.7150000 116.0110000 184.7900000 140.4450000 115.3750000 184.8530000
 139.0580000 115.7920000 185.4690000 140.0570000 116.9030000 184.9580000
 137.8820000 116.9540000 183.3490000 138.1880000 117.8250000 183.0530000
 137.5150000 117.0610000 184.2400000 136.7280000 116.4720000 182.4560000
 136.0050000 117.1180000 182.4860000 136.3950000 115.6190000 182.7750000
 137.0160000 116.3740000 181.5350000 141.0250000 114.9060000 182.1600000
 140.5120000 113.8440000 181.8080000 142.3270000 114.9970000 182.4330000
 142.6220000 115.7360000 182.7590000 143.2270000 113.8470000 182.4790000
 142.9510000 113.2170000 181.7950000 144.6490000 114.3240000 182.1140000
 144.8490000 115.1490000 182.5830000 144.6270000 114.5400000 181.1690000
 145.7990000 113.3260000 182.3600000 145.4850000 112.4160000 182.2440000
 146.9360000 113.5820000 181.3680000 146.6200000 113.4020000 180.4690000
 147.6850000 112.9950000 181.5540000 147.2100000 114.5110000 181.4130000
 146.4110000 113.4850000 183.7560000 147.1650000 112.8840000 183.8640000
 146.6890000 114.4040000 183.8940000 145.7550000 113.2530000 184.4320000
 143.0990000 113.1410000 183.8370000 143.2600000 113.7510000 184.8930000
 142.8550000 111.8290000 183.8140000 142.7370000 111.4530000 183.0490000
 142.7700000 110.9980000 185.0170000 142.3670000 111.5260000 185.7240000
 141.8770000 109.7650000 184.7550000 142.0840000 109.4080000 183.8770000
 142.1110000 109.0760000 185.3960000 140.3510000 109.9780000 184.8550000
 139.9300000 109.1390000 184.6110000 139.9160000 110.3080000 186.2860000
 138.9470000 110.3150000 186.3310000 140.2500000 109.6340000 186.8990000
 140.2400000 111.1830000 186.5510000 139.8060000 111.0560000 183.9200000
 138.8360000 111.0560000 183.9480000 140.0860000 110.8820000 183.0080000
 140.1200000 111.9340000 184.1860000 144.1700000 110.5890000 185.5020000
 144.9960000 110.1010000 184.7300000 144.3750000 110.6170000 186.8220000
 143.7720000 110.9880000 187.3100000 145.6650000 110.2910000 187.4380000
 146.0090000 109.4750000 187.0420000 145.5360000 110.1370000 188.3870000
 146.7160000 111.3940000 187.2640000 146.4040000 112.5110000 186.8650000
 147.9380000 111.1450000 187.7460000 148.1320000 110.2630000 188.1990000
 149.0140000 112.1100000 187.6410000 149.2060000 112.3280000 186.5910000
 148.6550000 113.4110000 188.3510000 147.7600000 113.8370000 187.9000000
 148.4690000 113.2100000 189.4060000 149.7190000 114.4820000 188.2970000
 149.5440000 115.7240000 188.8960000 150.6340000 116.4370000 188.6800000
 150.7060000 117.4530000 189.0680000 151.4810000 115.7220000 187.9830000
 152.3940000 116.0330000 187.6830000 150.9510000 114.4960000 187.7220000
 151.5220000 113.7660000 187.1490000 150.2930000 111.5750000 188.2680000
 150.3180000 110.4560000 188.7760000 151.3580000 112.3790000 188.2320000
 151.8040000 113.2500000 187.9830000 149.0750000 112.0880000 187.6810000
 148.9670000 111.2290000 187.0190000 148.2350000 111.8480000 188.9310000
 148.5870000 110.9510000 189.4400000 148.3250000 112.7040000 189.6000000
 146.7590000 111.6510000 188.6790000 145.8590000 111.4220000 189.7140000
 146.0870000 111.3660000 190.6970000 144.6560000 111.2910000 189.1870000
 143.7970000 111.1030000 189.8310000 144.7440000 111.4220000 187.8870000
 146.0360000 111.6480000 187.5280000 146.2940000 111.7820000 186.4770000
 148.5210000 113.3180000 186.9760000 149.2390000 114.2920000 186.7630000
 150.8010000 114.8680000 188.1780000 150.1430000 115.6350000 188.1780000
 150.2790000 113.5160000 188.1780000 150.6270000 112.9920000 187.2880000
 150.7450000 112.7480000 189.4100000 151.8340000 112.7010000 189.4190000
 150.3960000 113.2560000 190.3090000 150.2510000 111.3240000 189.4990000
 150.5870000 110.4920000 190.5610000 151.1700000 110.7400000 191.3480000
 150.0110000 109.3210000 190.3600000 150.1470000 108.5160000 191.0830000
 149.3340000 109.3650000 189.2400000 148.8010000 108.5990000 188.8550000
 149.4560000 110.5940000 188.6700000 148.9560000 110.8100000 187.7270000
 148.7570000 113.5160000 188.1780000 148.1330000 114.5750000 188.1780000
 150.2680000 116.9520000 187.5730000 150.5080000 117.7520000 187.0050000
 151.1680000 115.8160000 187.5730000 151.7970000 115.8500000 186.6830000
 149.7210000 112.0500000 186.2850000 150.1290000 111.8200000 185.3010000
 150.0280000 111.2810000 186.9940000 148.2190000 111.9510000 186.1630000
 147.5890000 110.7820000 185.7530000 148.0460000 109.9170000 185.5040000
 146.2870000 111.0020000 185.7450000 145.6020000 110.2070000 185.4500000
 146.0610000 112.2350000 186.1240000 147.2370000 112.8620000 186.3950000
 147.2370000 113.9010000 186.7260000 150.3960000 114.5050000 187.5730000
 149.1670000 114.5050000 187.5730000 151.1210000 113.3840000 187.5730000
 152.1300000 113.4350000 187.5730000 150.5040000 112.0730000 187.5730000
 149.8840000 111.9630000 188.4630000 149.6270000 111.8790000 186.3410000
 148.5780000 111.8710000 186.6380000 149.7990000 112.6960000 185.6400000
 150.0020000 110.6530000 185.7870000 149.4030000 110.1490000 184.6390000
 149.9630000 108.9860000 184.3630000 149.6360000 108.4160000 183.4930000
 150.8760000 108.7280000 185.2650000 151.4530000 107.8990000 185.2860000
 150.9340000 109.7400000 186.1720000 151.6430000 109.6920000 186.9980000
 151.9570000 112.0300000 187.1210000 152.7050000 112.9810000 187.3350000
 152.3550000 110.9200000 186.4940000 151.7020000 110.1650000 186.3410000
 153.7130000 110.7560000 186.0150000 153.9410000 111.5400000 185.2930000
 154.7140000 110.8450000 187.1620000 154.6290000 111.8190000 187.6440000
 154.5040000 110.0610000 187.8890000 156.1600000 110.6860000 186.7600000
 157.1930000 110.7410000 187.6890000 157.0910000 110.8870000 188.6830000
 158.3320000 110.5700000 187.0430000 159.2750000 110.5790000 187.5900000
 158.0790000 110.4100000 185.7680000 149.8140000 110.2100000 184.5110000
 149.4190000 110.0830000 183.5030000 153.8960000 109.4050000 185.3400000
 152.9580000 108.6160000 185.2580000 155.1120000 109.1380000 184.8570000
 148.1220000 110.3310000 187.9560000 155.4140000 107.8860000 184.1930000
 155.6810000 108.0810000 183.1540000 156.5800000 107.1730000 184.8700000
 157.4650000 107.8080000 184.8360000 156.3240000 106.9640000 185.9090000
 150.0220000 110.6830000 185.8320000 150.5270000 109.6100000 186.5570000
 150.6260000 108.5600000 185.7280000 151.0080000 107.6200000 186.1260000
 150.2100000 108.8910000 184.4930000 150.1920000 108.2650000 183.7010000
 149.8170000 110.1930000 184.4680000 149.4470000 110.6330000 183.5420000
 154.2160000 106.9480000 184.2200000 153.1660000 107.2930000 184.7580000
 154.3750000 105.7580000 183.6360000 153.9060000 104.8670000 183.5670000
 150.8400000 111.7520000 188.2910000 149.7500000 111.7520000 188.2910000
 150.5260000 112.9860000 187.4510000 149.1290000 112.4900000 185.6550000
 150.0290000 113.7320000 188.0720000 151.7290000 113.6640000 186.8400000
 151.6100000 114.8010000 186.0490000 150.7480000 115.2710000 185.8100000
 152.8210000 115.1580000 185.6640000 152.9550000 116.0340000 185.0290000
 153.6930000 114.3180000 186.1640000 153.0550000 113.3710000 186.9030000
 153.6290000 112.5870000 187.3960000 151.7920000 112.1740000 189.4010000
 151.4890000 112.0050000 190.5800000 152.9460000 112.7270000 189.0210000
 153.1500000 112.8450000 188.0390000 153.9360000 113.1700000 189.9820000
 153.5010000 113.9340000 190.6260000 154.4130000 112.0130000 190.8520000
 154.1760000 112.2200000 191.8960000 150.5570000 112.5410000 186.3070000
 155.8970000 111.7400000 190.7930000 156.4880000 110.7190000 191.5280000
 156.0110000 110.0820000 192.1500000 157.7830000 110.7280000 191.2700000
 158.4390000 110.0000000 191.7490000 158.0420000 111.6900000 190.4200000
 158.9590000 111.9120000 190.0580000 156.8960000 112.3460000 190.0960000
 156.9250000 113.1810000 189.3960000 154.3290000 112.8640000 188.5440000
 153.4740000 112.8030000 187.6630000 155.6290000 112.6710000 188.3070000
 156.2940000 112.7320000 189.0650000 156.1300000 112.3720000 186.9810000
 155.6770000 111.4490000 186.6200000 155.7960000 113.4930000 186.0030000
 154.7150000 113.6180000 185.9470000 156.2510000 114.4230000 186.3460000
 156.2790000 113.2720000 184.5890000 156.0550000 114.2010000 183.5800000
 155.5680000 115.0800000 183.6800000 156.5890000 113.7320000 182.4680000
 156.5250000 114.3110000 181.5460000 157.1350000 112.5670000 182.7150000
 157.6130000 111.9950000 182.0330000 156.9650000 112.2430000 184.0250000
 149.4800000 110.7070000 183.7990000 157.6420000 112.2000000 186.9930000
 158.2750000 112.3170000 188.0390000 158.2210000 111.9200000 185.8220000
 157.6580000 111.8340000 184.9880000 159.6520000 111.7330000 185.7020000
 160.1660000 112.6410000 186.0170000 160.1300000 110.5750000 186.5720000
 159.8930000 110.7830000 187.6160000 159.6310000 109.6570000 186.2620000
 161.6140000 110.3020000 186.5130000 162.2050000 109.2810000 187.2480000
 163.5000000 109.2900000 186.9910000 150.9380000 107.7210000 185.9790000
 163.7590000 110.2520000 186.1400000 150.1860000 108.3650000 183.8130000
 162.6120000 110.9080000 185.8160000 162.6410000 111.7430000 185.1160000
 160.0450000 111.4260000 184.2640000 159.1910000 111.3650000 183.3830000
 147.9570000 113.6100000 189.2470000 147.6620000 112.8740000 189.5790000
 147.4410000 114.8560000 189.8330000 147.5750000 114.8330000 190.7930000
 147.9400000 115.6110000 189.4830000 145.9520000 115.1220000 189.5680000
 145.2550000 115.4650000 190.5140000 145.4080000 114.5690000 188.4790000
 145.9380000 114.1260000 187.9670000 144.0840000 114.8780000 187.8860000
 143.9490000 114.1890000 187.2160000 142.8900000 114.7300000 188.8520000
 142.7740000 115.5490000 189.3590000 141.5920000 114.4130000 188.1100000
 140.8650000 114.3390000 188.7470000 141.3860000 115.1260000 187.4850000
 141.6830000 113.5790000 187.6220000 143.1300000 113.6800000 189.7630000
 142.4360000 113.6820000 190.2370000 144.0750000 116.1980000 187.1030000
 143.2960000 117.1100000 187.3700000 145.1140000 116.3810000 186.2780000
 145.5960000 115.6900000 186.1060000 145.3640000 117.6110000 185.5140000
 145.3970000 118.3490000 186.1430000 146.7130000 117.4930000 184.7810000
 146.5680000 117.5410000 183.8230000 147.1210000 116.6360000 184.9790000
 147.7000000 118.5980000 185.1680000 147.7220000 118.6970000 186.1330000
 147.4060000 119.4360000 184.7780000 149.1180000 118.2890000 184.6670000
 149.6680000 119.0630000 184.8660000 149.4850000 117.5440000 185.1680000
 149.1710000 118.0380000 183.2040000 149.0930000 118.7230000 182.6900000
 149.2790000 116.8930000 182.5500000 149.2940000 115.7530000 183.1670000
 149.1750000 115.7600000 184.0190000 149.3200000 115.0260000 182.7090000
 149.4270000 116.8650000 181.2650000 149.2480000 117.5630000 180.7960000
 149.3260000 116.1820000 180.7520000 144.2110000 117.9320000 184.5550000
 143.6240000 117.0330000 183.9600000 143.9820000 119.2190000 184.3040000
 144.4740000 119.8080000 184.6920000 143.1560000 119.6670000 183.1710000
 142.3470000 119.1310000 183.1530000 142.7330000 121.1450000 183.3140000
 143.4890000 121.7190000 183.1140000 141.5800000 121.4890000 182.3630000
 141.8560000 121.3750000 181.4400000 140.8180000 120.9170000 182.5440000
 141.3080000 122.4120000 182.4820000 142.2540000 121.4590000 184.7410000
 141.8660000 122.3480000 184.7700000 141.5830000 120.8140000 185.0150000
 143.0000000 121.4360000 185.3610000 143.9200000 119.4210000 181.8630000
 145.1510000 119.4680000 181.8540000 143.2120000 119.0150000 180.8090000
 142.3560000 119.0030000 180.8900000 143.7660000 118.8770000 179.4600000
 144.6820000 118.5630000 179.5130000 143.2510000 118.2130000 178.9750000
 143.7420000 120.1930000 178.6710000 143.5570000 121.2700000 179.2350000
 143.7900000 120.0950000 177.3400000 143.8820000 119.3200000 176.9790000
 143.5020000 121.2240000 176.4550000 144.1120000 121.9470000 176.6680000
 143.7590000 120.7910000 175.0040000 143.6030000 121.5400000 174.4070000
 144.6800000 120.5040000 174.9040000 143.1650000 120.0640000 174.7600000
 142.0590000 121.7370000 176.6510000 141.1170000 120.9410000 176.7280000
 141.8640000 123.0570000 176.5810000 142.5490000 123.5570000 176.4390000
 140.5380000 123.7100000 176.6270000 139.8600000 123.0580000 176.3920000
 140.1700000 124.2660000 178.0220000 139.2250000 124.4830000 178.0180000
 140.4390000 123.2920000 179.1680000 140.0010000 123.6100000 179.9730000
 141.3920000 123.2090000 179.3260000 140.0930000 122.4150000 178.9400000
 140.8790000 125.4510000 178.3290000 141.5750000 125.2250000 178.7420000
 140.4650000 124.8330000 175.5990000 141.4750000 125.5000000 175.3690000
 139.2660000 125.1960000 175.1420000 138.5670000 124.7630000 175.3940000
 139.0670000 126.3820000 174.3000000 139.9360000 126.7660000 174.1050000
 138.4650000 125.9860000 172.9420000 138.3920000 126.7770000 172.3860000
 139.0910000 125.3910000 172.5000000 137.1080000 125.3110000 173.0040000
 137.0090000 123.9290000 172.7600000 137.7700000 123.4330000 172.5600000
 135.7610000 123.2840000 172.8330000 135.6980000 122.3680000 172.6820000
 134.6030000 124.0200000 173.1480000 133.4110000 123.3860000 173.2790000
 133.5300000 122.6320000 173.6290000 134.6960000 125.4050000 173.3800000
 133.9250000 125.8760000 173.5990000 135.9450000 126.0490000 173.3100000
 135.9980000 126.9620000 173.4810000 138.2780000 127.4990000 174.9940000
 137.5330000 127.2760000 175.9480000 138.3690000 128.6900000 174.4060000
 138.9410000 128.7690000 173.7690000 137.5790000 129.8820000 174.7200000
 136.8620000 129.6510000 175.3310000 138.4850000 130.9240000 175.4000000
 137.9390000 131.6790000 175.6710000 139.1310000 131.2490000 174.7540000
 139.2390000 130.3910000 176.6100000 140.4500000 129.6890000 176.4370000
 140.8060000 129.5820000 175.5840000 141.1000000 129.1080000 177.5400000
 141.8870000 128.6290000 177.4150000 140.5530000 129.2470000 178.8270000
 140.9780000 128.8600000 179.5580000 139.3630000 129.9750000 179.0100000
 139.0040000 130.0700000 179.8630000 138.7040000 130.5400000 177.9030000
 137.9090000 131.0070000 178.0260000 136.9690000 130.3900000 173.4070000
 137.6850000 130.4690000 172.4020000 135.6360000 130.4640000 173.3290000
 135.1720000 130.4820000 174.0530000 134.9220000 130.5920000 172.0500000
 135.5690000 130.4190000 171.3480000 133.8590000 129.4880000 171.8800000
 133.7880000 129.2760000 170.9360000 134.1700000 128.6840000 172.3240000
 132.4570000 129.8270000 172.4060000 132.5420000 130.3530000 173.2160000
 132.0130000 128.9980000 172.6440000 131.3810000 130.7090000 171.2330000
 130.9590000 129.3700000 170.0800000 130.3200000 129.6960000 169.4270000
 130.5610000 128.6320000 170.5670000 131.7560000 129.0610000 169.6210000
 134.4060000 132.0130000 171.8030000 134.0070000 132.7150000 172.7250000
 134.4120000 132.4360000 170.5410000 134.6700000 131.8810000 169.9370000
 133.8550000 133.7190000 170.0750000 133.1730000 134.0180000 170.6970000
 134.9280000 134.8140000 169.9630000 134.5340000 135.5840000 169.5240000
 135.4630000 135.2840000 171.3040000 136.0320000 136.0570000 171.1620000
 135.9640000 134.5780000 171.7410000 134.7150000 135.5550000 171.8590000
 136.0230000 134.3700000 169.1950000 136.5640000 135.0120000 169.1740000
 133.2010000 133.5410000 168.7110000 133.5540000 132.6290000 167.9690000
 132.3250000 134.4590000 168.3080000 132.1380000 135.1140000 168.8330000
 131.8430000 134.5390000 166.9280000 131.9580000 133.6820000 166.4890000
 130.3340000 134.8280000 166.9110000 130.0730000 135.0760000 166.0100000
 130.1410000 135.5820000 167.4900000 129.4870000 133.6490000 167.3620000
 129.3900000 133.3150000 168.7280000 129.8310000 133.8220000 169.3710000
 128.6370000 132.1960000 169.1320000 128.5810000 131.9610000 170.0300000
 127.9610000 131.4160000 168.1730000 127.2330000 130.3410000 168.5700000
 126.8690000 129.9460000 167.9240000 128.0420000 131.7560000 166.8060000
 127.5870000 131.2520000 166.1710000 128.8060000 132.8690000 166.4050000
 128.8510000 133.0950000 165.5040000 132.6740000 135.5560000 166.1350000
 132.9320000 136.6700000 166.6060000 133.0250000 135.2250000 164.8840000
 133.0800000 134.2560000 164.6060000 133.4130000 136.2510000 163.9100000
 134.2800000 136.7970000 164.2820000 133.7750000 135.6160000 162.5510000
 133.0150000 134.8810000 162.2860000 133.8080000 136.3950000 161.7890000
 135.1080000 134.9000000 162.4960000 136.3550000 135.4450000 162.7700000
 137.2630000 134.5000000 162.6100000 138.3170000 134.7240000 162.7790000
 136.6670000 133.3910000 162.2510000 137.1350000 132.5150000 162.0650000
 135.3240000 133.5910000 162.1670000 134.6680000 132.7700000 161.8790000
 132.2720000 137.2740000 163.7730000 131.1010000 136.9070000 163.8190000
 132.6290000 138.5490000 163.6060000 133.6070000 138.8000000 163.5750000
 131.6490000 139.6070000 163.4640000 131.0270000 139.4120000 162.5910000
 130.7520000 139.6920000 164.6940000 130.2270000 138.7460000 164.8270000
 131.3600000 139.8960000 165.5760000 129.6940000 140.7680000 164.6400000
 136.3450000 135.4820000 162.6940000 136.7230000 134.7390000 163.2640000
 128.0050000 141.9740000 165.3470000 127.2210000 142.3010000 166.0310000
 128.3460000 142.4100000 164.1600000 127.8970000 143.1700000 163.6700000
 129.3950000 141.6870000 163.6830000 129.8120000 141.9140000 162.7020000
 132.3240000 140.9600000 163.2880000 133.5500000 141.0490000 163.2780000
 131.5200000 142.0160000 163.1470000 130.5170000 141.8920000 163.1610000
 132.0400000 143.3570000 162.9710000 132.6480000 143.6270000 163.8350000
 132.9030000 143.4510000 161.7180000 133.7420000 142.7600000 161.8010000
 132.3050000 143.1920000 160.8440000 133.4920000 144.8150000 161.4500000
 134.3010000 145.0640000 160.3470000 134.5680000 144.3920000 159.6430000
 137.2970000 134.5450000 162.5010000 138.0430000 134.0520000 161.8780000
 136.6240000 134.1140000 163.5390000 136.2720000 133.5260000 164.2810000
 133.7480000 143.5380000 161.8400000 132.9990000 144.0030000 162.4800000
 130.9110000 144.3690000 162.8360000 129.7380000 144.0050000 162.8820000
 131.2680000 145.6440000 162.6690000 132.2460000 145.8940000 162.6380000
 130.2880000 146.7020000 162.5270000 129.6660000 146.5060000 161.6540000
 129.3910000 146.7860000 163.7570000 128.8660000 145.8400000 163.8900000
 129.9990000 146.9900000 164.6380000 128.3330000 147.8630000 163.7030000
 127.4370000 148.0680000 164.7450000 127.3990000 147.5440000 165.6080000
 136.7310000 132.8470000 163.3580000 137.1710000 131.9130000 163.7080000
 136.6930000 133.3850000 162.1640000 128.0340000 148.7810000 162.7460000
 127.9060000 149.3690000 161.8370000 130.9630000 148.0540000 162.3510000
 132.1890000 148.1430000 162.3410000 130.1590000 149.1100000 162.2100000
 132.7900000 134.4530000 164.5860000 135.2840000 136.7190000 164.2440000
 134.1940000 136.7190000 164.2440000 136.1390000 136.6790000 165.5060000
 133.0650000 135.0110000 162.2840000 133.8120000 136.3190000 161.8830000
 137.3440000 137.5900000 165.4900000 138.2220000 137.6690000 166.5640000
 139.1650000 138.5400000 166.2570000 138.2140000 134.6730000 162.5890000
 138.9340000 139.0140000 165.0570000 139.5060000 139.6980000 164.5840000
 137.8090000 138.4490000 164.5430000 134.6660000 132.9540000 162.0050000
 136.1740000 136.3470000 163.0670000 135.8940000 135.3880000 162.3510000
 137.2510000 137.1110000 162.8670000 137.4390000 137.8890000 163.4820000
 138.1760000 136.8600000 161.7800000 138.6010000 135.8620000 161.8870000
 137.4740000 136.9490000 160.4300000 136.6760000 136.2080000 160.3850000
 137.0510000 137.9460000 160.3040000 138.3600000 136.7020000 159.2320000
 137.8700000 136.7470000 157.9320000 136.4640000 136.3080000 162.9010000
 138.8710000 136.4920000 157.1100000 138.6340000 136.2510000 156.0740000
 139.9590000 136.2910000 157.8120000 139.7120000 136.8180000 159.1430000
 140.4880000 136.7580000 159.9060000 139.3110000 137.8750000 161.7820000
 139.3550000 138.7590000 162.6340000 132.6120000 138.5280000 163.4860000
 133.4500000 138.7160000 163.4310000 131.6760000 139.4360000 162.7930000
 130.8380000 139.4710000 163.2800000 132.2550000 140.8570000 162.7780000
 132.5630000 141.0600000 163.6750000 133.4050000 141.0170000 161.7900000
 133.0750000 140.9620000 160.8800000 134.0520000 140.3120000 161.9470000
 133.8270000 141.8810000 161.9220000 131.2900000 141.7970000 162.4090000
 131.6900000 142.5360000 162.4290000 131.3790000 138.8950000 161.3830000
 132.0590000 137.9650000 160.9320000 130.3590000 139.4020000 160.6910000
 129.9240000 140.0630000 161.0280000 129.9780000 138.8940000 159.3590000
 129.7610000 137.9560000 159.4770000 128.6900000 139.5750000 158.8570000
 128.0530000 139.5510000 159.5880000 128.8960000 141.0400000 158.4550000
 128.0360000 141.4340000 158.2380000 129.2810000 141.5360000 159.1950000
 129.4760000 141.1080000 157.6800000 128.0780000 138.8150000 157.6730000
 127.2280000 139.2210000 157.4410000 128.6590000 138.8480000 156.8970000
 127.9070000 137.8940000 157.9260000 131.1430000 138.9620000 158.3510000
 131.9880000 139.8590000 158.4140000 131.2480000 137.9440000 157.4890000
 130.6040000 137.3750000 157.4690000 132.3140000 137.7590000 156.4920000
 132.8920000 138.5380000 156.4750000 133.1560000 136.5030000 156.8280000
 132.6000000 135.7230000 156.6720000 133.8970000 136.4600000 156.2030000
 133.7050000 136.3850000 158.2610000 132.9680000 136.3690000 158.8910000
 134.4950000 135.0870000 158.4280000 134.8020000 135.0080000 159.3450000
 133.9260000 134.3310000 158.2140000 135.2570000 135.0880000 157.8280000
 134.6530000 137.5220000 158.6150000 134.9580000 137.4260000 159.5310000
 135.4090000 137.5280000 158.0070000 134.1650000 138.3560000 158.5370000
 131.6680000 137.6020000 155.1100000 130.8600000 136.6900000 154.9310000
 131.9560000 138.5010000 154.1630000 132.4920000 139.1440000 154.3580000
 131.1310000 138.6490000 152.9500000 130.3920000 138.0210000 152.9840000
 130.5160000 140.0560000 152.9220000 129.9530000 140.1230000 152.1350000
 131.2160000 140.7230000 152.8530000 129.6630000 140.3360000 154.1700000
 130.2390000 140.5180000 154.9290000 129.1260000 139.5530000 154.3690000
 128.7130000 141.5080000 153.9730000 128.8910000 142.5800000 154.5230000
 127.6970000 141.3520000 153.1550000 127.5720000 140.5950000 152.7660000
 127.0970000 141.9680000 153.1580000 131.8560000 138.3470000 151.6310000
 131.2250000 138.3100000 150.5780000 133.1820000 138.2050000 151.6300000
 133.5900000 138.2600000 152.3850000 134.0070000 138.0160000 150.4160000
 133.5450000 137.4210000 149.8050000 134.2150000 139.3740000 149.7070000
 134.5830000 140.0080000 150.3420000 135.1190000 139.3470000 148.4720000
 135.0750000 140.2060000 148.0230000 134.8170000 138.6630000 147.8540000
 136.0420000 139.1920000 148.7250000 132.9890000 139.8690000 149.2300000
 132.3800000 139.3340000 149.4500000 135.3460000 137.3710000 150.7930000
 135.7790000 137.4990000 151.9360000 136.0560000 136.7580000 149.8350000
 135.6860000 136.6810000 149.0630000 137.3550000 136.0730000 150.0230000
 137.1870000 135.2000000 150.4110000 137.9930000 135.8650000 148.6400000
 138.1430000 136.7290000 148.2260000 137.3880000 135.3610000 148.0740000
 139.2270000 135.1840000 148.7270000 139.7480000 135.5200000 148.1600000
 138.3530000 136.8070000 150.9390000 138.8520000 136.2290000 151.9050000
 138.4900000 138.1270000 150.7670000 138.0720000 138.4940000 150.1110000
 139.3630000 138.9780000 151.5770000 140.2710000 138.6450000 151.5010000
 139.3190000 140.3880000 150.9720000 139.9220000 140.9690000 151.4620000
 138.4200000 140.7480000 151.0310000 139.5950000 140.3610000 150.0430000
 139.0100000 139.0110000 153.0820000 139.9170000 138.9680000 153.9150000
 137.7200000 138.9570000 153.4370000 137.1300000 138.8570000 152.8190000
 137.2670000 138.8820000 154.8330000 137.6960000 139.5880000 155.3410000
 135.7450000 139.0590000 154.9480000 135.2910000 138.4050000 154.3940000
 135.4880000 138.8830000 155.8670000 135.2460000 140.4540000 154.6020000
 135.9830000 141.4120000 154.9390000 134.0030000 140.5510000 154.5130000
 137.6320000 137.5560000 155.4900000 138.1370000 137.5550000 156.6090000
 137.4520000 136.4320000 154.7900000 137.1240000 136.4930000 153.9970000
 137.8480000 135.1130000 155.2950000 137.4490000 134.9860000 156.1700000
 137.3110000 134.0180000 154.3600000 137.6250000 133.1570000 154.6780000
 137.6830000 134.1550000 153.4750000 135.7960000 133.9630000 154.2590000
 135.1380000 134.4810000 153.1280000 135.6330000 134.8350000 152.4250000
 133.7330000 134.4670000 153.0530000 133.3010000 134.8200000 152.3090000
 132.9790000 133.9200000 154.1050000 132.0500000 133.9260000 154.0620000
 133.6310000 133.3740000 155.2240000 133.1320000 133.0080000 155.9180000
 135.0360000 133.4000000 155.3010000 135.4620000 133.0470000 156.0480000
 139.3730000 135.0070000 155.4660000 139.8480000 134.5390000 156.5040000
 140.1440000 135.6020000 154.5480000 139.7560000 135.9390000 153.8580000
 141.6090000 135.6730000 154.6410000 141.9460000 134.7730000 154.7720000
 142.2100000 136.2160000 153.3220000 141.7610000 137.0450000 153.0930000
 143.7140000 136.5130000 153.4770000 144.1030000 136.7720000 152.6270000
 143.8370000 137.2540000 154.0910000 144.1700000 135.7250000 153.8110000
 141.9950000 135.2010000 152.1790000 142.5790000 134.4400000 152.3200000
 141.0820000 134.8750000 152.2010000 142.2310000 135.7820000 150.7780000
 141.7070000 136.5900000 150.6610000 143.1710000 135.9820000 150.6440000
 141.9550000 135.1350000 150.1100000 142.0530000 136.4810000 155.8680000
 142.8530000 135.9820000 156.6640000 141.5470000 137.7000000 156.0700000
 140.9960000 138.0370000 155.5020000 141.9860000 138.5160000 157.2070000
 142.9390000 138.3590000 157.2950000 141.8020000 140.0140000 156.9160000
 141.9030000 140.1610000 155.9620000 140.9070000 140.2800000 157.1790000
 142.8520000 140.8750000 157.6470000 144.0310000 140.4480000 157.7440000
 142.4990000 141.9550000 158.1700000 141.3660000 138.0950000 158.5500000
 142.0620000 138.0940000 159.5650000 140.1940000 137.4560000 158.5360000
 139.7420000 137.4400000 157.8040000 139.6210000 136.8060000 159.7120000
 139.5670000 137.4600000 160.4260000 138.2000000 136.3480000 159.3750000
 137.8020000 135.9050000 160.1410000 138.2180000 135.7310000 158.6270000
 137.6570000 137.1180000 159.1440000 140.4760000 135.6320000 160.2220000
 140.5680000 135.4490000 161.4380000 141.1910000 134.9220000 159.3360000
 141.0670000 135.0770000 158.4990000 142.2450000 133.9740000 159.7170000
 141.9170000 133.4330000 160.4520000 142.5400000 133.0360000 158.5250000
 141.7530000 132.4970000 158.3480000 142.7020000 133.5810000 157.7390000
 143.7600000 132.1070000 158.7110000 144.5480000 132.6370000 158.9090000
 143.5620000 131.0890000 159.8310000 144.3600000 130.5470000 159.9340000
 143.3750000 131.5340000 160.6720000 142.8180000 130.5080000 159.6080000
 144.0350000 131.3390000 157.4200000 144.1770000 131.9620000 156.6900000
 143.2820000 130.7670000 157.2020000 144.8300000 130.7930000 157.5290000
 143.5130000 134.6920000 160.2150000 144.0320000 134.3560000 161.2810000
 144.0230000 135.6820000 159.4660000 143.6110000 135.8770000 158.7370000
 145.2900000 136.3810000 159.7830000 146.0030000 135.7260000 159.8460000
 145.6340000 137.3920000 158.6750000 146.3830000 137.9360000 158.9640000
 144.8740000 137.9830000 158.5560000 146.0000000 136.7290000 157.3350000
 146.8810000 136.3290000 157.4010000 145.3720000 136.0150000 157.1430000
 145.9570000 137.7230000 156.1610000 145.1190000 138.2110000 156.1940000
 145.9720000 137.2270000 155.3270000 147.1060000 138.7370000 156.1670000
 147.2160000 139.0810000 157.0670000 146.8520000 139.4830000 155.6020000
 148.3640000 138.1280000 155.6630000 149.0220000 138.7270000 155.6520000
 148.6040000 137.4420000 156.1770000 148.2440000 137.8250000 154.8350000
 145.2410000 137.0920000 161.1400000 146.1600000 136.9330000 161.9420000
 144.1520000 137.8070000 161.4330000 143.5500000 137.8710000 160.8220000
 143.9430000 138.5410000 162.6920000 144.7550000 139.0210000 162.9170000
 142.8060000 139.5650000 162.5130000 141.9870000 139.0930000 162.2940000
 142.6670000 140.0270000 163.3550000 143.0610000 140.6230000 161.4220000
 142.2430000 141.1320000 161.3060000 143.2590000 140.1900000 160.5770000
 144.2080000 141.5900000 161.7600000 143.9940000 142.0760000 162.5720000
 145.0200000 141.0860000 161.9220000 144.5060000 142.5780000 160.6220000
 144.8230000 142.0920000 159.8450000 145.2050000 143.1810000 160.9190000
 143.3130000 143.3670000 160.2530000 142.8290000 142.9820000 159.6130000
 143.5300000 144.2050000 160.0460000 142.7720000 143.3830000 160.9600000
 143.6830000 137.6100000 163.8810000 144.3290000 137.7800000 164.9100000
 142.9680000 136.4980000 163.6740000 142.5770000 136.3860000 162.9160000
 142.8320000 135.4550000 164.6950000 142.4900000 135.8610000 165.5070000
 141.8100000 134.4150000 164.2240000 141.6990000 133.7390000 164.9100000
 140.9540000 134.8450000 164.0700000 142.1090000 133.9930000 163.4030000
 144.1820000 134.8030000 165.0510000 144.5100000 134.6740000 166.2320000
 145.0180000 134.4890000 164.0480000 144.7430000 134.5890000 163.2390000
 146.3690000 133.9500000 164.2830000 146.3000000 133.2300000 164.9290000
 146.9770000 133.3780000 162.9920000 146.7730000 133.9510000 162.2370000
 147.9410000 133.3560000 163.1010000 146.4940000 131.9420000 162.7250000
 145.5580000 131.9450000 162.4700000 146.5990000 131.4180000 163.5350000
 147.3320000 131.3000000 161.6150000 147.0740000 131.6980000 160.7690000
 148.2680000 131.4950000 161.7760000 147.1820000 129.8310000 161.5730000
 146.8820000 129.4110000 162.2610000 147.5150000 129.0430000 160.5710000
 148.0170000 129.4940000 159.4600000 148.1870000 128.9030000 158.8590000
 148.1520000 130.3350000 159.3420000 147.3660000 127.7650000 160.6560000
 147.5610000 127.2870000 159.9680000 147.1630000 127.4210000 161.4180000
 147.3140000 134.9530000 164.9520000 148.0200000 134.5410000 165.8630000
 147.2120000 136.2530000 164.6610000 146.6980000 136.4880000 164.0130000
 147.9900000 137.2880000 165.3630000 148.9300000 137.0610000 165.2880000
 147.7560000 138.6640000 164.7090000 146.8180000 138.7440000 164.4740000
 147.9510000 139.3610000 165.3550000 148.6250000 138.9050000 163.4610000
 148.6240000 138.1140000 162.8990000 148.0650000 140.0730000 162.6460000
 148.6450000 140.2560000 161.8900000 148.0030000 140.8650000 163.2020000
 147.1850000 139.8350000 162.3140000 150.0680000 139.2480000 163.8390000
 150.5930000 139.4140000 163.0400000 150.4720000 138.5120000 164.3240000
 150.0890000 140.0360000 164.4040000 147.6980000 137.3400000 166.8740000
 148.6400000 137.3400000 167.6570000 146.4400000 137.1930000 167.3020000
 145.8080000 137.1700000 166.7200000 146.0940000 137.1300000 168.7390000
 146.4580000 137.9100000 169.1870000 144.5630000 137.1180000 168.9350000
 144.2260000 136.3330000 168.4760000 144.1620000 137.0070000 170.4190000
 144.4680000 136.1680000 170.7980000 143.1970000 137.0350000 170.5120000
 144.5460000 137.7410000 170.9240000 143.8960000 138.3640000 168.3220000
 144.3430000 138.6250000 167.5020000 143.9480000 139.1150000 168.9340000
 142.4390000 138.0780000 167.9650000 142.3600000 137.2310000 167.4990000
 141.8830000 138.0710000 168.7600000 142.1440000 138.7790000 167.3620000
 146.7090000 135.8890000 169.3990000 147.3200000 135.9780000 170.4620000
 146.6290000 134.7410000 168.7230000 146.2230000 134.7380000 167.9650000
 147.2180000 133.4990000 169.2060000 146.8930000 133.3370000 170.1050000
 146.7160000 132.3680000 168.3070000 147.0460000 131.5200000 168.6440000
 145.7460000 132.3530000 168.3130000 147.0320000 132.4940000 167.3990000
 148.7600000 133.5610000 169.2820000 149.3320000 133.0790000 170.2610000
 149.4200000 134.2720000 168.3590000 148.9740000 134.5770000 167.6900000
 150.8560000 134.5910000 168.4180000 151.3510000 133.7670000 168.5450000
 151.3340000 135.2300000 167.1060000 152.2520000 135.5280000 167.2070000
 150.7860000 136.0020000 166.8940000 151.2680000 134.3000000 166.0380000
 151.5350000 134.6860000 165.3410000 151.2120000 135.5130000 169.5900000
 152.0490000 135.1260000 170.4010000 150.4640000 136.6040000 169.7970000
 149.8870000 136.8220000 169.1980000 150.6770000 137.5460000 170.9040000
 151.5680000 137.9230000 170.8360000 149.6450000 138.6860000 170.8200000
 149.6600000 139.1640000 171.6640000 148.7520000 138.3250000 170.7090000
 149.8880000 139.7070000 169.7220000 150.5700000 139.5030000 168.7350000
 149.3700000 140.8990000 169.9010000 148.9420000 141.0640000 170.6290000
 149.5930000 141.4970000 169.3250000 150.5680000 136.8670000 172.2790000
 151.4490000 137.0190000 173.1270000 149.5360000 136.0380000 172.4740000
 148.9350000 135.9820000 171.8620000 149.3780000 135.2610000 173.7120000
 149.4690000 135.8670000 174.4640000 147.9800000 134.6220000 173.8120000
 147.8210000 134.0680000 173.0320000 147.8590000 133.7530000 175.0730000
 148.4520000 132.9870000 175.0160000 148.0900000 134.2750000 175.8570000
 146.9520000 133.4240000 175.1710000 146.8940000 135.7040000 173.8890000
 146.9580000 136.3090000 173.1340000 146.0150000 135.2940000 173.8690000
 146.9920000 136.2150000 174.7080000 150.4820000 134.2100000 173.8490000
 151.0250000 134.0410000 174.9370000 150.8790000 133.5510000 172.7550000
 150.5100000 133.7470000 172.0040000 151.9530000 132.5420000 172.7700000
 151.7460000 131.8940000 173.4620000 152.0200000 131.7720000 171.4360000
 152.1350000 132.3990000 170.7050000 153.1400000 130.7340000 171.3570000
 153.0630000 130.2340000 170.5290000 154.0020000 131.1780000 171.3680000
 153.0870000 130.1250000 172.1100000 150.8170000 131.0590000 171.2360000
 150.2730000 131.6190000 170.9260000 153.3180000 133.1380000 173.1400000
 154.0480000 132.4940000 173.8900000 153.6450000 134.3740000 172.7400000
 153.1230000 134.8020000 172.2080000 154.9260000 134.9860000 173.1260000
 155.5860000 134.2750000 173.1300000 155.4360000 135.9760000 172.0580000
 156.3890000 136.0800000 172.2060000 155.3230000 135.5660000 171.1860000
 154.8220000 137.3850000 172.0280000 154.8420000 137.7580000 172.9230000
 153.8970000 137.3240000 171.7440000 155.5950000 138.3270000 171.0810000
 155.7440000 139.5180000 171.4410000 156.1040000 137.8440000 170.0420000
 154.9370000 135.5350000 174.5660000 155.8340000 135.1640000 175.3270000
 153.8610000 136.1870000 175.0370000 153.2290000 136.3950000 174.4930000
 153.8040000 136.6750000 176.4380000 154.6580000 137.0940000 176.6260000
 152.7440000 137.7710000 176.6400000 152.7890000 138.3990000 175.9020000
 151.3140000 137.2420000 176.7570000 150.6980000 137.9910000 176.7730000
 151.1140000 136.6810000 175.9910000 151.2050000 136.7310000 177.5740000
 153.0660000 138.4460000 177.8310000 152.3680000 138.7440000 178.1900000
 153.6490000 135.5500000 177.4780000 154.2160000 135.6160000 178.5700000
 153.1060000 134.3960000 177.0640000 152.7420000 134.3840000 176.2850000
 153.0900000 133.1550000 177.8540000 152.6390000 133.3380000 178.6930000
 152.2670000 132.1160000 177.0730000 152.7140000 131.9550000 176.2270000
 151.3960000 132.4970000 176.8780000 152.0370000 130.7600000 177.7520000
 151.7310000 130.1460000 177.0660000 152.8830000 130.4190000 178.0820000
 150.8170000 130.7160000 179.1000000 149.2960000 131.1460000 178.1990000
 148.5300000 131.0640000 178.7880000 149.1810000 130.5520000 177.4410000
 149.3430000 132.0620000 177.8830000 154.5020000 132.6350000 178.2020000
 154.6460000 131.8670000 179.1570000 155.5490000 133.0870000 177.4940000
 155.3880000 133.6610000 176.8740000 156.9410000 132.9790000 177.9420000
 157.5020000 133.4290000 177.2920000 157.0350000 133.4340000 178.7940000
 157.4500000 131.5430000 178.0930000 158.1190000 131.2240000 179.0800000
 157.0030000 130.6370000 177.2160000 156.5230000 130.9190000 176.5600000
 157.2940000 129.2030000 177.3160000 156.9790000 128.9130000 178.1860000
 156.5230000 128.3860000 176.2460000 156.8290000 128.6580000 175.3670000
 156.8030000 126.8770000 176.3900000 156.2840000 126.3950000 175.7270000
 156.5460000 126.5700000 177.2740000 157.7410000 126.6870000 176.2300000
 154.9890000 128.5930000 176.3380000 154.5250000 127.7620000 176.1520000
 154.7400000 128.8670000 177.2350000 154.4710000 129.6170000 175.3240000
 154.7370000 129.3600000 174.4270000 154.8230000 130.4980000 175.5260000
 153.5020000 129.6450000 175.3590000 158.8130000 128.9560000 177.2740000
 159.5500000 129.5440000 176.4830000 159.2920000 128.0380000 178.1180000
 158.7320000 127.6660000 178.6550000 160.6890000 127.5980000 178.1620000
 161.2610000 128.3780000 178.0910000 160.9340000 126.9500000 179.5360000
 160.7240000 127.5890000 180.2350000 160.3530000 126.1800000 179.6350000
 162.3780000 126.5210000 179.7230000 163.3100000 127.2870000 179.5580000
 162.6160000 125.3000000 180.1370000 161.9750000 124.7270000 180.1510000
 163.4460000 125.0780000 180.1730000 161.0310000 126.6750000 176.9690000
 161.1210000 125.4570000 177.1240000 161.0360000 127.2390000 175.7580000
 160.8000000 128.0650000 175.7280000 160.9980000 126.5150000 174.4840000
 161.6920000 126.8580000 173.9000000 161.1640000 125.5710000 174.6320000
 159.6480000 126.6900000 173.7800000 159.0020000 127.7180000 173.9270000
 159.1780000 125.6570000 173.0780000 159.6580000 124.9450000 173.0280000
 157.8720000 125.6370000 172.3930000 157.3240000 126.3710000 172.7130000
 158.0660000 125.8480000 170.8850000 158.4620000 126.7200000 170.7330000
 158.6630000 125.1680000 170.5370000 156.8350000 125.7770000 170.1990000
 156.9920000 125.8990000 169.3830000 157.1110000 124.3490000 172.7270000
 156.9300000 123.4920000 171.8660000 156.9420000 124.0950000 174.0280000
 157.1510000 124.7140000 174.5880000 156.3270000 122.8700000 174.5510000
 156.6980000 122.1070000 174.0820000 156.6910000 122.7500000 176.0370000
 156.3340000 121.9180000 176.3850000 157.6550000 122.7460000 176.1450000
 156.3080000 123.4880000 176.5370000 154.7990000 122.8080000 174.3540000
 154.2500000 121.7140000 174.3260000 154.1460000 123.9690000 174.2410000
 154.6000000 124.6990000 174.2780000 152.7510000 124.1510000 173.8350000
 152.5550000 123.5370000 173.1100000 151.7940000 123.8400000 175.0050000
 151.9910000 122.9450000 175.3240000 150.8860000 123.8120000 174.6640000
 151.8280000 124.8090000 176.1790000 151.1740000 126.0550000 176.0900000
 150.6930000 126.2670000 175.3230000 151.2560000 126.9790000 177.1470000
 150.8360000 127.8050000 177.0670000 151.9590000 126.6400000 178.3200000
 152.0740000 127.5610000 179.3170000 151.3480000 127.6060000 179.7370000
 152.5480000 125.3630000 178.4470000 152.9820000 125.1250000 179.2340000
 152.4910000 124.4560000 177.3700000 152.8780000 123.6130000 177.4380000
 152.5680000 125.5900000 173.3170000 153.4050000 126.4610000 173.5890000
 151.4530000 125.8630000 172.6350000 150.9840000 125.1830000 172.3960000
 151.0820000 127.1650000 172.0500000 151.4550000 127.8720000 172.5990000
 151.6970000 127.2850000 170.6380000 151.2930000 128.0400000 170.1820000
 152.6440000 127.4710000 170.7340000 151.5460000 126.0120000 169.7820000
 152.0940000 125.3100000 170.1670000 150.6210000 125.7210000 169.7770000
 152.0300000 126.2010000 168.3450000 152.9110000 126.6060000 168.3650000
 152.1100000 125.3300000 167.9260000 151.1220000 127.0540000 167.5600000
 151.2300000 127.9050000 167.6220000 150.1570000 126.6510000 166.7550000
 149.7940000 125.4120000 166.6140000 150.0730000 124.8070000 167.1580000
 149.1120000 125.2660000 166.1100000 149.5070000 127.5240000 166.0500000
 149.5430000 128.3590000 166.2540000 148.8490000 127.2110000 165.5940000
 149.5600000 127.3710000 172.0400000 148.7870000 126.4390000 172.2350000
 149.1080000 128.6130000 171.8660000 149.6820000 129.2300000 171.6940000
 147.6860000 128.9030000 171.5950000 147.1350000 128.2120000 171.9950000
 147.2660000 130.2450000 172.2320000 147.8600000 130.9470000 171.9230000
 145.8250000 130.6630000 171.9020000 145.6050000 131.4850000 172.3670000
 145.7280000 130.8220000 170.9500000 145.2050000 129.9690000 172.1770000
 147.3700000 130.1490000 173.7620000 147.0630000 130.9740000 174.1680000
 146.8230000 129.4160000 174.0850000 148.2920000 130.0000000 174.0250000
 147.4390000 128.8520000 170.0840000 148.2940000 129.2880000 169.3060000
 146.2580000 128.3990000 169.6520000 145.6980000 128.0710000 170.2170000
 145.8520000 128.4610000 168.2450000 146.3090000 129.2220000 167.8540000
 146.3570000 127.2280000 167.4900000 146.2650000 127.4120000 166.5420000
 147.3030000 127.1170000 167.6720000 145.6650000 125.9110000 167.7820000
 144.5380000 125.5280000 167.0290000 144.1910000 126.0980000 166.3810000
 143.9580000 124.2640000 167.2230000 143.2280000 123.9980000 166.7120000
 144.5080000 123.3780000 168.1630000 144.1370000 122.5310000 168.2650000
 145.6220000 123.7610000 168.9300000 145.9890000 123.1690000 169.5460000
 146.1990000 125.0290000 168.7420000 146.9470000 125.2720000 169.2380000
 144.3380000 128.6710000 168.0550000 143.5460000 128.2290000 168.8850000
 143.8990000 129.3640000 166.9850000 144.6980000 130.1540000 166.0550000
 145.3740000 130.6630000 166.5290000 145.1150000 129.5770000 165.3960000
 143.7310000 131.1260000 165.3720000 143.6150000 130.8800000 164.4410000
 144.0570000 132.0370000 165.4390000 142.4120000 130.9660000 166.1350000
 142.3960000 131.5860000 166.8810000 141.6370000 131.1080000 165.5690000
 142.4870000 129.5380000 166.6760000 141.9390000 129.4750000 167.4740000
 142.0260000 128.4890000 165.6500000 142.5110000 128.4800000 164.5180000
 140.9570000 127.7540000 165.9510000 140.6350000 127.8100000 166.7460000
 140.2110000 126.9620000 164.9650000 140.7390000 126.9010000 164.1530000
 140.0240000 125.5230000 165.4640000 140.8960000 125.1250000 165.6160000
 139.5550000 125.5400000 166.3130000 139.2630000 124.6520000 164.4810000
 139.8020000 124.3960000 163.2030000 140.6510000 124.7040000 162.9820000
 139.0650000 123.6500000 162.2630000 139.4130000 123.4710000 161.4190000
 137.8020000 123.1280000 162.6100000 137.1120000 122.3710000 161.7180000
 136.3850000 122.1080000 162.0470000 137.2680000 123.3750000 163.8920000
 136.4450000 123.0160000 164.1330000 137.9950000 124.1430000 164.8220000
 137.6490000 124.2810000 165.6740000 138.8830000 127.6360000 164.5780000
 138.2510000 128.3090000 165.3900000 138.4840000 127.5130000 163.3120000
 138.9620000 127.0250000 162.7900000 137.2000000 127.9630000 162.7550000
 136.4830000 127.6990000 163.3530000 137.1810000 129.4870000 162.5920000
 137.4450000 129.9110000 163.4240000 137.8200000 129.7210000 161.9010000
 135.9150000 129.9880000 162.2080000 135.3560000 129.7560000 162.7900000
 137.0060000 127.2880000 161.3940000 137.9840000 127.0690000 160.6770000
 135.7650000 126.9470000 161.0370000 135.1350000 127.1500000 161.5860000
 135.4450000 125.9290000 160.0130000 135.7330000 125.0640000 160.3430000
 133.9210000 125.8660000 159.7720000 133.6460000 126.6700000 159.3040000
 133.5330000 124.6550000 158.9160000 132.5720000 124.6350000 158.7850000
 133.9530000 124.7000000 158.0430000 133.8020000 123.8330000 159.3560000
 133.1280000 125.8050000 161.0820000 132.1860000 125.6960000 160.8770000
 133.2190000 126.6260000 161.5910000 133.4270000 125.0520000 161.6150000
 136.1530000 126.1550000 158.6710000 136.7890000 125.2540000 158.1340000
 136.1460000 127.3930000 158.1740000 135.7450000 128.0090000 158.6210000
 136.6950000 127.7260000 156.8580000 136.4500000 127.0120000 156.2480000
 136.0290000 129.0160000 156.3540000 136.3200000 129.1830000 155.4440000
 135.0700000 128.8750000 156.3160000 136.3110000 130.2510000 157.1900000
 137.4670000 131.0180000 156.9510000 138.0590000 130.7720000 156.2780000
 137.7220000 132.1660000 157.7200000 138.4900000 132.6650000 157.5620000
 136.8180000 132.5630000 158.7190000 136.9780000 133.3380000 159.2070000
 135.6660000 131.7980000 158.9630000 135.0590000 132.0610000 159.6170000
 135.4130000 130.6430000 158.2020000 134.6420000 130.1470000 158.3580000
 138.2320000 127.8190000 156.8090000 138.7920000 127.9570000 155.7210000
 138.9490000 127.7600000 157.9380000 138.5460000 127.6150000 158.6840000
 140.4030000 127.9830000 157.9570000 140.5880000 128.8500000 157.5640000
 140.9200000 127.9950000 159.4050000 140.6420000 127.1710000 159.8350000
 141.8890000 127.9820000 159.3710000 140.5190000 129.1700000 160.2990000
 139.8760000 130.3240000 159.7960000 139.6380000 130.3810000 158.8990000
 139.5980000 131.4150000 160.6410000 139.1830000 132.1750000 160.3020000
 139.9400000 131.3570000 162.0060000 139.5830000 132.3720000 162.8360000
 139.8040000 132.1980000 163.6270000 140.5900000 130.2150000 162.5120000
 140.8200000 130.1600000 163.4120000 140.8900000 129.1370000 161.6560000
 141.3460000 128.3980000 161.9900000 141.1820000 126.9720000 157.0980000
 142.0460000 127.3940000 156.3290000 140.7320000 125.7130000 157.0260000
 140.0700000 125.4880000 157.5270000 141.3160000 124.6840000 156.1380000
 142.2720000 124.6530000 156.3010000 140.7510000 123.2790000 156.4410000
 141.0880000 122.6660000 155.7690000 141.2460000 122.7710000 157.7980000
 140.9530000 121.8560000 157.9290000 140.9050000 123.3220000 158.5200000
 142.2160000 122.7840000 157.8150000 139.2190000 123.2060000 156.4040000
 138.9340000 122.2880000 156.5350000 138.8290000 123.7470000 157.1080000
 138.8830000 123.5070000 155.5450000 141.1620000 124.9870000 154.6400000
 141.9830000 124.5200000 153.8520000 140.1770000 125.7980000 154.2370000
 139.6520000 126.1270000 154.8330000 139.9320000 126.1710000 152.8360000
 140.2280000 125.4490000 152.2600000 138.4190000 126.3820000 152.6340000
 138.1560000 127.1680000 153.1380000 138.2520000 126.5860000 151.7010000
 137.5010000 125.2380000 153.0400000 137.8200000 123.8980000 152.7370000
 138.6090000 123.6860000 152.2920000 136.9370000 122.8640000 153.0980000
 137.1400000 121.9810000 152.8870000 135.7360000 123.1580000 153.7660000
 135.1530000 122.4730000 154.0010000 135.4100000 124.4910000 154.0620000
 134.6070000 124.6840000 154.4890000 136.2850000 125.5280000 153.6910000
 136.0460000 126.4090000 153.8680000 140.6980000 127.4290000 152.3890000
 141.0450000 127.5550000 151.2130000 140.9390000 128.3670000 153.3130000
 140.6510000 128.2190000 154.1100000 141.5190000 129.6870000 153.0210000
 141.4930000 129.8340000 152.0630000 140.6450000 130.7860000 153.6600000
 141.1420000 131.6190000 153.6570000 140.4730000 130.5620000 154.5880000
 139.3200000 131.0280000 152.9440000 138.2090000 130.1960000 153.1820000
 138.2750000 129.5080000 153.8040000 137.0020000 130.3870000 152.4810000
 136.2700000 129.8350000 152.6370000 136.9010000 131.4180000 151.5250000
 135.7550000 131.6070000 150.8250000 135.1530000 131.0580000 151.0300000
 138.0060000 132.2590000 151.2900000 137.9330000 132.9350000 150.6550000
 139.2010000 132.0790000 152.0130000 139.9140000 132.6580000 151.8640000
 143.0030000 129.8260000 153.4110000 143.6450000 130.7760000 152.9650000
 143.6000000 128.8730000 154.1420000 143.1150000 128.2540000 154.4910000
 144.9940000 129.0020000 154.6060000 145.0460000 129.8070000 155.1440000
 145.3910000 127.7960000 155.4780000 144.6460000 127.5270000 156.0380000
 145.6300000 127.0570000 154.8970000 146.5610000 128.1680000 156.4080000
 146.1940000 128.6380000 157.1730000 147.1610000 128.7880000 155.9650000
 147.4270000 127.0100000 156.9150000 147.3510000 125.8640000 156.4220000
 148.0180000 127.2210000 157.9970000 146.0240000 129.1490000 153.4720000
 146.9200000 129.9860000 153.5630000 145.7990000 128.4730000 152.3400000
 145.1320000 127.9300000 152.3290000 146.6550000 128.5340000 151.1460000
 147.5330000 128.1960000 151.3830000 146.0650000 127.6110000 150.0570000
 146.6210000 127.6840000 149.2650000 146.1130000 126.6930000 150.3650000
 144.6000000 127.9310000 149.6870000 144.5010000 128.8820000 149.5230000
 144.0270000 127.6960000 150.4340000 144.0990000 127.2070000 148.4380000
 144.7610000 127.1300000 147.4150000 142.8440000 126.8240000 148.4160000
 142.5680000 126.4090000 147.7150000 142.3530000 126.8730000 149.1210000
 146.8650000 129.9630000 150.6040000 147.9340000 130.2840000 150.0850000
 145.9240000 130.8820000 150.8380000 145.2260000 130.6560000 151.2870000
 146.0360000 132.2710000 150.3890000 146.3890000 132.2670000 149.4860000
 144.6420000 132.9010000 150.3420000 144.7190000 133.7890000 149.9600000
 144.3310000 132.9980000 151.2560000 143.5920000 132.1360000 149.5470000
 143.9160000 131.4460000 148.3580000 144.7900000 131.4340000 148.0400000
 142.9150000 130.7580000 147.6460000 143.1230000 130.2950000 146.8670000
 141.5790000 130.7920000 148.0970000 140.5880000 130.2550000 147.3450000
 139.8450000 130.3130000 147.7320000 141.2530000 131.4840000 149.2770000
 140.3690000 131.5190000 149.5630000 142.2630000 132.1370000 150.0040000
 142.0490000 132.5890000 150.7880000 147.0140000 133.1200000 151.2210000
 147.3780000 134.2150000 150.7950000 147.5390000 132.5980000 152.3360000
 147.2720000 131.8210000 152.5900000 148.6700000 133.2020000 153.0520000
 148.5590000 134.1660000 153.0540000 148.6910000 132.7170000 154.5190000
 149.5840000 132.8600000 154.8690000 148.5320000 131.7610000 154.5460000
 147.7130000 133.4400000 155.4690000 147.9910000 134.3660000 155.5450000
 146.2480000 133.4250000 155.0300000 145.6840000 133.8200000 155.7130000
 145.9640000 132.5120000 154.8660000 146.1400000 133.9380000 154.2140000
 147.7870000 132.8090000 156.8620000 147.2180000 133.2970000 157.4780000
 147.4900000 131.8870000 156.8140000 148.7020000 132.8330000 157.1830000
 150.0200000 132.9390000 152.3530000 150.9710000 133.6670000 152.6290000
 150.0950000 131.9780000 151.4210000 149.4130000 131.4630000 151.3230000
 151.3400000 131.5650000 150.7350000 152.0330000 132.2190000 150.9160000
 151.8430000 130.2140000 151.2740000 152.6340000 129.9480000 150.7790000
 152.2110000 130.2800000 152.7560000 152.6060000 129.4350000 153.0230000
 151.4210000 130.4440000 153.2940000 152.8560000 130.9890000 152.9010000
 150.8530000 129.2200000 151.1300000 151.1550000 128.4960000 151.4300000
 151.2310000 131.4870000 149.2080000 152.2570000 131.3910000 148.5420000
 150.0380000 131.6470000 148.6220000 149.3480000 131.6100000 149.1340000
 149.8060000 131.4930000 147.1710000 150.0650000 130.5880000 146.9380000
 148.2980000 131.6420000 146.8650000 147.8160000 131.0630000 147.4750000
 147.7920000 133.0860000 147.0750000 146.8230000 133.1100000 147.0340000
 148.1400000 133.6710000 146.3840000 148.0630000 133.4220000 147.9440000
 148.0050000 131.1460000 145.4340000 148.4030000 131.7450000 144.7830000
 148.3990000 130.2670000 145.3190000 146.5150000 131.0290000 145.1210000
 146.4170000 130.6280000 144.2430000 146.0750000 130.4700000 145.7800000
 146.1070000 131.9090000 145.1090000 150.6480000 132.4290000 146.2830000
 150.9970000 132.0620000 145.1630000 151.0390000 133.6030000 146.7930000
 150.7920000 133.7880000 147.5960000 151.9260000 134.5430000 146.0890000
 151.5990000 134.6380000 145.1810000 151.8590000 135.9360000 146.7620000
 151.9590000 135.8080000 147.7180000 152.9910000 136.8850000 146.3250000
 152.8420000 137.7750000 146.6800000 153.0430000 136.9280000 145.3570000
 153.8420000 136.5630000 146.6630000 150.4860000 136.6160000 146.5260000
 149.7850000 136.0510000 146.8870000 150.4680000 137.4460000 147.0280000
 150.1380000 136.9390000 145.0630000 149.3120000 137.4460000 145.0370000
 150.0130000 136.1250000 144.5510000 150.8340000 137.4760000 144.6530000
 153.3630000 134.0100000 145.9480000 154.0190000 134.3330000 144.9620000
 153.8210000 133.1240000 146.8340000 153.2960000 132.8380000 147.4520000
 155.0970000 132.4190000 146.6570000 155.7170000 133.0220000 146.2190000
 155.6820000 132.0550000 148.0350000 155.4440000 132.7490000 148.6700000
 155.2890000 131.2250000 148.3470000 157.2160000 131.9430000 148.0440000
 157.7190000 131.3210000 149.0070000 157.8620000 132.7280000 147.3100000
 154.9440000 131.1810000 145.7510000 155.6890000 131.0480000 144.7850000
 153.8370000 130.4310000 145.8760000 153.3160000 130.5980000 146.5400000
 153.5250000 129.2640000 145.0220000 154.2660000 128.6410000 145.0860000
 152.2720000 128.5430000 145.5730000 152.3770000 128.4380000 146.5320000
 151.4960000 129.1060000 145.4260000 151.9960000 127.1520000 144.9590000
 151.7040000 127.0900000 143.7440000 151.7250000 126.2110000 145.7390000
 153.3860000 129.6380000 143.5300000 154.0950000 129.0810000 142.6910000
 152.7460000 130.7750000 143.2120000 152.3100000 131.1820000 143.8320000
 152.7000000 131.2820000 141.8270000 152.4350000 130.5330000 141.2700000
 151.6490000 132.3890000 141.6270000 150.7870000 132.0670000 141.9320000
 151.9610000 133.7040000 142.3300000 151.1810000 134.2800000 142.3010000
 152.1810000 133.5190000 143.2560000 152.7080000 134.1550000 141.9070000
 151.5640000 132.7170000 140.2560000 150.9830000 133.3200000 140.1840000
 154.0530000 131.7550000 141.2930000 154.2680000 131.6780000 140.0810000
 154.9200000 132.3340000 142.1290000 154.7420000 132.3250000 142.9700000
 156.2420000 132.8210000 141.7040000 156.1590000 133.2310000 140.8290000
 156.7570000 133.8910000 142.6980000 156.6290000 133.5510000 143.5970000
 158.2610000 134.1780000 142.5380000 158.5120000 134.9250000 143.1040000
 158.7750000 133.4070000 142.8250000 158.4750000 134.3780000 141.6130000
 155.9510000 135.2090000 142.5830000 156.1960000 135.7820000 143.3260000
 155.0060000 135.0100000 142.6780000 156.1220000 136.0120000 141.2840000
 155.5630000 136.8030000 141.3280000 157.0440000 136.2920000 141.1750000
 155.8480000 135.4840000 140.5180000 157.2150000 131.6500000 141.5280000
 157.8910000 131.5700000 140.4990000 157.1550000 130.6610000 142.4210000
 156.6390000 130.7610000 143.1020000 157.9090000 129.4160000 142.3320000
 158.8490000 129.6330000 142.2280000 157.7430000 128.6320000 143.6400000
 158.0350000 129.1880000 144.3800000 156.8030000 128.4370000 143.7800000
 158.5300000 127.3370000 143.6710000 159.9200000 127.3670000 143.8960000
 160.3450000 128.1820000 144.0380000 160.6600000 126.1710000 143.9210000
 161.5760000 126.1960000 144.0780000 160.0090000 124.9400000 143.7260000
 160.4920000 124.1460000 143.7520000 158.6210000 124.9080000 143.4980000
 158.1830000 124.0960000 143.3780000 157.8830000 126.1040000 143.4650000
 156.9650000 126.0760000 143.3170000 157.4950000 128.5830000 141.1150000
 158.3330000 128.3390000 140.2500000 156.1970000 128.3510000 140.9080000
 155.6460000 128.5490000 141.5380000 155.6940000 127.5490000 139.7910000
 156.1340000 126.6850000 139.8000000 154.1850000 127.3310000 139.9590000
 153.7450000 128.1580000 140.2090000 153.8220000 127.0420000 139.1070000
 153.8480000 126.2660000 140.9820000 154.6900000 125.7600000 141.7040000
 152.7120000 125.6530000 140.7670000 152.4580000 125.1360000 141.4050000
 152.1030000 126.0470000 140.3050000 155.9740000 128.1770000 138.4240000
 156.5000000 127.5080000 137.5320000 155.6580000 129.4650000 138.2430000
 155.3170000 129.9080000 138.8960000 155.9180000 130.1420000 136.9710000
 155.6090000 129.5670000 136.2540000 155.1340000 131.4670000 136.8930000
 155.3810000 131.9260000 136.0750000 155.4040000 132.0260000 137.6380000
 153.5970000 131.3010000 136.9160000 153.3320000 130.7790000 137.6900000
 152.9250000 132.6710000 137.0050000 153.2450000 133.1390000 137.7920000
 151.9650000 132.5570000 137.0860000 153.1270000 133.1990000 136.2170000
 153.0580000 130.6120000 135.6570000 153.2890000 131.1240000 134.8660000
 153.4280000 129.7190000 135.5790000 152.0930000 130.5320000 135.7210000
 157.4260000 130.3280000 136.7290000 157.8720000 130.1250000 135.6030000
 158.2390000 130.5000000 137.7770000 157.8940000 130.5980000 138.5590000
 159.7010000 130.5200000 137.6730000 160.0610000 130.7830000 138.5340000
 159.9680000 131.1770000 137.0110000 160.3160000 129.1650000 137.2960000
 161.1120000 129.0870000 136.3590000 159.8860000 128.0830000 137.9490000
 159.3160000 128.2000000 138.5820000 160.3560000 126.7080000 137.7070000
 161.3260000 126.7120000 137.6950000 159.9000000 125.7710000 138.8490000
 158.9570000 125.9140000 139.0250000 160.1010000 124.2810000 138.5320000
 159.8770000 123.7500000 139.3120000 161.0220000 124.1110000 138.2790000
 159.5080000 124.0090000 137.8140000 160.7040000 126.0700000 140.1210000
 160.3680000 125.5260000 140.8510000 161.6450000 125.8790000 139.9820000
 160.6030000 127.0010000 140.3750000 159.9040000 126.1900000 136.3440000
 160.7390000 125.6930000 135.5870000 158.6530000 126.4410000 135.9500000
 158.1070000 126.7980000 136.5100000 158.1380000 126.0330000 134.6380000
 158.3530000 125.0960000 134.5110000 156.6120000 126.1490000 134.6100000
 156.2380000 125.6660000 135.3640000 156.3490000 127.0810000 134.6670000
 156.1260000 125.5790000 133.4120000 155.7300000 126.1750000 132.9720000
 158.7830000 126.8090000 133.4800000 159.2520000 126.1900000 132.5250000
 159.0910000 128.1030000 133.6590000 158.7920000 128.5090000 134.3560000
 159.8810000 128.8750000 132.6830000 159.5390000 128.6720000 131.7980000
 159.6920000 130.3840000 132.9280000 159.6810000 130.5510000 133.8840000
 160.4700000 130.8540000 132.5890000 158.4370000 131.0170000 132.2800000
 158.2470000 131.8430000 132.7520000 158.7070000 131.3860000 130.8170000
 157.9470000 131.8750000 130.4640000 159.4900000 131.9550000 130.7590000
 158.8480000 130.5830000 130.2910000 157.1660000 130.1610000 132.2990000
 156.4350000 130.6510000 131.8920000 156.9190000 129.9480000 133.2120000
 157.2910000 129.3350000 131.8060000 161.3710000 128.4800000 132.6630000
 161.9930000 128.5030000 131.5990000 161.9180000 127.9720000 133.7700000
 161.4610000 127.9990000 134.4980000 163.2310000 127.3210000 133.7930000
 163.4710000 127.1480000 134.7170000 163.8930000 127.9120000 133.4010000
 163.2510000 125.9850000 133.0380000 164.1570000 125.7360000 132.2370000
 162.1930000 125.1840000 133.1820000 161.5870000 125.4150000 133.7470000
 162.0270000 123.9070000 132.4950000 162.8400000 123.3900000 132.6110000
 160.8790000 123.1400000 133.1660000 160.8100000 122.2530000 132.7790000
 161.0460000 123.0540000 134.1180000 160.0390000 123.6070000 133.0360000
 161.8000000 124.0830000 130.9810000 162.5530000 123.5050000 130.1920000
 160.9090000 125.0040000 130.5780000 160.4290000 125.3810000 131.1830000
 160.6140000 125.3170000 129.1680000 160.3850000 124.4770000 128.7400000
 159.3780000 126.2560000 129.0400000 158.8010000 126.1090000 129.8060000
 159.7150000 127.7570000 129.0160000 158.8980000 128.2720000 129.1090000
 160.1490000 128.0030000 128.1840000 160.3010000 127.9730000 129.7580000
 158.5430000 125.9660000 127.7730000 157.9510000 126.7140000 127.5990000
 159.1220000 125.8560000 127.0020000 157.6490000 124.7350000 127.9420000
 157.1170000 124.8240000 128.7480000 158.1910000 123.9330000 128.0020000
 157.0500000 124.6670000 127.1820000 161.8560000 125.8640000 128.4510000
 162.1690000 125.4070000 127.3490000 162.6780000 126.6690000 129.1400000
 162.4240000 126.9460000 129.9130000 163.9740000 127.1270000 128.6390000
 163.8420000 127.5500000 127.7760000 164.5810000 128.1590000 129.6050000
 164.0420000 128.9650000 129.5960000 164.5450000 127.8060000 130.5080000
 166.0230000 128.5160000 129.2850000 167.0740000 127.9090000 130.0010000
 166.8810000 127.3180000 130.6920000 168.4110000 128.1840000 129.6640000
 169.1000000 127.7810000 130.1420000 168.7040000 129.0670000 128.6100000
 169.5890000 129.2520000 128.3910000 167.6580000 129.6740000 127.8920000
 167.8500000 130.2560000 127.1930000 166.3210000 129.4010000 128.2320000
 165.6300000 129.8000000 127.7550000 164.9480000 125.9710000 128.4080000
 165.5300000 125.8730000 127.3250000 165.1170000 125.0910000 129.4000000
 164.6690000 125.2020000 130.1260000 166.0990000 124.0090000 129.3450000
 166.9580000 124.4030000 129.1250000 166.2100000 123.3730000 130.7440000
 166.3310000 124.0990000 131.3760000 165.3810000 122.9260000 130.9740000
 167.3950000 122.3970000 130.9060000 168.1560000 122.7310000 130.4060000
 167.8000000 122.3180000 132.3800000 168.5580000 121.7210000 132.4850000
 167.0560000 121.9910000 132.9100000 168.0530000 123.1980000 132.7000000
 167.0810000 120.9700000 130.4450000 167.8330000 120.3890000 130.6430000
 166.9290000 120.9450000 129.4870000 166.2930000 120.6390000 130.9040000
 165.7710000 123.0010000 128.2360000 166.6320000 122.7370000 127.3920000
 164.5170000 122.5410000 128.1480000 163.9400000 122.7970000 128.7320000
 164.1020000 121.5930000 127.0960000 164.7530000 120.8740000 127.0840000
 162.7320000 120.9350000 127.3680000 162.5980000 120.2550000 126.6900000
 162.7190000 120.2230000 128.7250000 161.8900000 119.7280000 128.8210000
 163.4630000 119.6030000 128.7820000 162.7800000 120.8660000 129.4490000
 161.5410000 121.8940000 127.2880000 161.4170000 122.2130000 126.3800000
 161.6770000 122.6500000 127.8800000 160.7290000 121.4330000 127.5520000
 164.1460000 122.2290000 125.7060000 164.7350000 121.6370000 124.8040000
 163.7780000 123.5100000 125.5780000 163.4100000 123.8960000 126.2520000
 163.8590000 124.2500000 124.3060000 163.3960000 123.7400000 123.6230000
 163.1600000 125.6160000 124.4270000 163.5550000 126.1220000 125.1550000
 163.2210000 126.4620000 123.1590000 162.6670000 127.2500000 123.2740000
 162.8920000 125.9470000 122.4060000 164.1350000 126.7450000 122.9980000
 161.7930000 125.4380000 124.6750000 161.6990000 125.4000000 125.5090000
 165.3070000 124.4330000 123.8400000 165.6290000 124.1480000 122.6860000
 166.2070000 124.8400000 124.7400000 165.9370000 124.9860000 125.5430000
 167.6220000 125.0900000 124.4420000 167.6740000 125.7050000 123.6940000
 168.2560000 125.7750000 125.6660000 168.1260000 125.2210000 126.4520000
 167.7870000 126.6110000 125.8160000 169.7470000 126.1010000 125.5100000
 169.9510000 126.8520000 126.0890000 169.9110000 126.3830000 124.5960000
 170.9100000 124.7680000 125.9220000 170.6690000 124.6490000 127.7180000
 171.2860000 123.9950000 128.0830000 170.8380000 125.5110000 128.1290000
 169.7620000 124.3680000 127.9170000 168.3710000 123.8200000 124.0100000
 169.0280000 123.8330000 122.9660000 168.1110000 122.6950000 124.6860000
 167.6080000 122.7490000 125.3820000 168.6480000 121.3720000 124.3220000
 169.6050000 121.4480000 124.1840000 168.4010000 120.3710000 125.4730000
 167.4650000 120.4060000 125.7250000 168.7340000 118.9190000 125.0990000
 168.6250000 118.3470000 125.8750000 168.1320000 118.6020000 124.4080000
 169.6480000 118.8590000 124.7800000 169.2520000 120.7330000 126.6990000
 169.0590000 121.6390000 126.9880000 169.0450000 120.1320000 127.4320000
 170.1950000 120.6670000 126.4820000 168.0490000 120.8600000 123.0080000
 168.7720000 120.3990000 122.1290000 166.7340000 120.9820000 122.8160000
 166.2570000 121.3110000 123.4520000 166.0280000 120.3680000 121.6860000
 166.4950000 119.5430000 121.4800000 164.6350000 119.9720000 122.1880000
 164.7460000 119.4500000 122.9980000 164.1590000 120.7830000 122.4250000
 163.7570000 119.1660000 121.2230000 163.4940000 119.7290000 120.4780000
 164.4200000 117.8940000 120.6840000 163.7750000 117.3840000 120.1690000
 165.1610000 118.1270000 120.1040000 164.7420000 117.3530000 121.4220000
 162.5080000 118.7400000 121.9800000 162.7080000 118.0350000 122.6160000
 162.1380000 119.4910000 122.4690000 161.8480000 118.4330000 121.3380000
 166.0450000 121.2080000 120.3880000 165.6830000 120.7160000 119.3170000
 166.6080000 122.4180000 120.4210000 166.7640000 122.7550000 121.1970000
 167.1310000 123.1270000 119.2380000 166.6180000 122.8640000 118.4580000
 166.9260000 124.6390000 119.4550000 167.4720000 125.1400000 118.8290000
 167.2200000 124.8660000 120.3510000 165.4500000 125.0490000 119.2640000
 164.8650000 124.3310000 119.5510000 165.1100000 126.2950000 120.0720000
 165.6900000 127.0290000 119.8150000 164.1800000 126.5350000 119.9390000
 165.2530000 126.1060000 121.0130000 165.1600000 125.3590000 117.7910000
 165.6080000 126.1810000 117.5380000 164.2050000 125.4680000 117.6630000
 165.5030000 124.6490000 117.2260000 168.5980000 122.7580000 118.9060000
 169.1070000 123.1190000 117.8410000 169.2530000 121.9650000 119.7610000
 168.8450000 121.7210000 120.4780000 170.6390000 121.5120000 119.6470000
 171.0020000 121.7560000 118.7810000 170.6670000 120.5470000 119.7400000
 171.5050000 122.1210000 120.7470000 171.8360000 121.4500000 121.7160000
 171.9170000 123.3750000 120.5430000 171.6740000 123.7360000 119.8010000
 172.5590000 124.2500000 121.5420000 172.1080000 124.1340000 122.3930000
 174.0440000 123.8530000 121.7090000 174.3870000 123.4720000 120.8850000
 174.5720000 124.6360000 121.9310000 174.2700000 122.6790000 123.0760000
 173.3470000 121.9620000 122.8050000 172.4220000 125.7510000 121.1790000
 173.1370000 126.5990000 121.7140000 171.5850000 126.1040000 120.1940000
 171.0390000 125.5150000 119.8860000 171.4190000 127.4820000 119.7060000
 172.2890000 127.9100000 119.7480000 171.0360000 127.5120000 118.2100000
 171.8230000 127.2090000 117.7310000 170.8730000 128.4300000 117.9440000
 169.8410000 126.6380000 117.7700000 169.9170000 125.7710000 118.1980000
 169.0180000 127.0500000 118.0760000 169.8010000 126.3960000 116.2430000
 168.6960000 126.1840000 115.6860000 170.8540000 126.0710000 115.6510000
 170.5270000 128.3130000 120.6460000 169.4200000 128.7410000 120.3110000
 171.0890000 128.6160000 121.8250000 171.8380000 128.2280000 121.9910000
 170.4600000 129.3390000 122.9390000 169.7760000 128.7650000 123.3190000
 171.5310000 129.5960000 124.0270000 171.0870000 129.8980000 124.8350000
 171.9360000 128.7400000 124.2370000 172.6470000 130.6090000 123.6600000
 172.7810000 130.6120000 122.6990000 172.3390000 132.0400000 124.1190000
 171.4950000 132.3540000 123.7580000 172.2930000 132.0760000 125.0870000
 173.0410000 132.6370000 123.8160000 173.9750000 130.2190000 124.3080000
 174.6660000 130.8490000 124.0500000 173.8900000 130.2180000 125.2740000
 174.2400000 129.3350000 124.0110000 169.7720000 130.6470000 122.5250000
 168.7450000 131.0100000 123.0930000 170.2860000 131.3190000 121.4910000
 170.9870000 130.9970000 121.1110000 169.7460000 132.5900000 121.0140000
 169.5850000 133.1490000 121.7900000 170.7980000 133.3080000 120.1640000
 170.8550000 132.8860000 119.2920000 171.6630000 133.2320000 120.5960000
 170.4980000 134.7620000 120.0100000 169.8950000 135.3280000 118.9420000
 169.6180000 134.8670000 118.1830000 169.6230000 136.6500000 119.2130000
 169.0940000 137.1190000 118.7230000 169.9910000 136.9980000 120.4940000
 169.8460000 138.1710000 121.2440000 169.4390000 138.9190000 120.8710000
 170.3030000 138.1910000 122.5740000 170.2070000 138.9580000 123.0910000
 170.8930000 137.0400000 123.1270000 171.1840000 137.0530000 124.0100000
 171.0280000 135.8640000 122.3630000 171.4000000 135.1030000 122.7470000
 170.5790000 135.8110000 121.0240000 168.3940000 132.4630000 120.2870000
 167.6800000 133.4490000 120.1510000 167.9760000 131.2510000 119.9050000
 168.4960000 130.5780000 120.0310000 166.5840000 130.9870000 119.5050000
 166.2180000 131.7880000 119.0990000 166.5510000 129.8780000 118.4430000
 166.2220000 129.0500000 118.8270000 167.4470000 129.7200000 118.1070000
 165.7350000 130.2640000 117.3540000 164.9290000 130.0930000 117.5180000
 165.6990000 130.6520000 120.7200000 164.5920000 131.1750000 120.8360000
 166.2440000 129.9480000 121.7210000 167.0540000 129.6730000 121.6320000
 165.5250000 129.5500000 122.9380000 164.6950000 129.1250000 122.6720000
 166.3730000 128.5150000 123.6860000 167.1990000 128.9150000 123.9990000
 165.8790000 128.1850000 124.4530000 166.5760000 127.7710000 123.0970000
 165.1490000 130.7240000 123.8640000 163.9970000 130.8130000 124.2920000
 166.0470000 131.6970000 124.0770000 166.8440000 131.5910000 123.7710000
 165.7470000 132.8930000 124.9000000 165.4320000 132.5910000 125.7660000
 166.9840000 133.7840000 125.1440000 166.7020000 134.5420000 125.6800000
 168.0520000 133.0420000 125.9540000 167.6710000 132.7480000 126.7960000
 168.3870000 132.2760000 125.4630000 168.7890000 133.6420000 126.1490000
 167.6080000 134.3410000 123.8580000 168.4260000 134.8190000 124.0660000
 166.9990000 134.9650000 123.4330000 167.8070000 133.6200000 123.2410000
 164.6210000 133.7450000 124.3090000 163.8000000 134.2680000 125.0560000
 164.4860000 133.7700000 122.9780000 165.0560000 133.3340000 122.5050000
 163.4070000 134.4860000 122.2860000 163.3130000 135.3620000 122.6930000
 163.7740000 134.6900000 120.7940000 163.8930000 133.8170000 120.3890000
 162.6580000 135.4050000 120.0130000 162.4330000 136.2400000 120.4520000
 162.9440000 135.5850000 119.1040000 161.8580000 134.8570000 119.9800000
 165.1000000 135.4680000 120.6140000 165.8160000 134.9680000 121.0360000
 165.3060000 135.5160000 119.6670000 165.1370000 136.8930000 121.1860000
 165.0160000 136.8740000 122.1480000 166.0020000 137.2870000 120.9930000
 164.4470000 137.4410000 120.7810000 162.0530000 133.7840000 122.4780000
 161.0400000 134.4700000 122.6260000 162.0290000 132.4500000 122.6150000
 162.7660000 132.0110000 122.5550000 160.8040000 131.7210000 122.9790000
 160.0730000 132.0270000 122.4200000 160.9400000 130.2010000 122.7940000
 161.6230000 129.8530000 123.3890000 160.0980000 129.7910000 123.0460000
 161.2660000 129.7550000 121.3690000 161.1630000 128.7910000 121.3360000
 162.1960000 129.9530000 121.1750000 160.2230000 130.4650000 120.0660000
 161.1730000 131.9450000 119.6540000 162.1200000 131.7860000 119.7900000
 161.0260000 132.1710000 118.7220000 160.8700000 132.6810000 120.2080000
 160.4020000 132.0120000 124.4180000 159.3040000 132.4970000 124.6510000
 161.3550000 131.9510000 125.3470000 162.1290000 131.6560000 125.1160000
 161.0880000 132.1650000 126.7690000 160.3570000 131.5870000 127.0390000
 162.3320000 131.7580000 127.5620000 163.0740000 132.3480000 127.3570000
 162.1370000 131.8130000 128.5110000 162.7600000 130.0430000 127.1440000
 163.2950000 130.2460000 126.0890000 160.6520000 133.6070000 127.0780000
 159.6630000 133.8010000 127.7770000 161.2210000 134.5950000 126.3790000
 161.9030000 134.4130000 125.8880000 160.7520000 135.9800000 126.4180000
 160.7100000 136.2670000 127.3440000 161.7810000 136.8480000 125.6850000
 161.5080000 137.7780000 125.7280000 161.8440000 136.5770000 124.7560000
 162.6500000 136.7550000 126.1060000 159.3440000 136.1600000 125.8150000
 158.5440000 136.9250000 126.3480000 159.0060000 135.4180000 124.7540000
 159.5800000 134.8530000 124.4520000 157.6630000 135.4400000 124.1450000
 157.3950000 136.3650000 124.0280000 157.6730000 134.7830000 122.7530000
 157.9270000 133.8500000 122.8310000 156.3230000 134.8640000 122.0400000
 156.4080000 134.5000000 121.1450000 155.6580000 134.3460000 122.5210000
 156.0350000 135.7890000 121.9870000 158.6010000 135.4390000 121.9160000
 159.3620000 135.1510000 122.1240000 156.6130000 134.7800000 125.0470000
 155.5660000 135.3750000 125.2800000 156.9410000 133.6490000 125.6790000
 157.7000000 133.2930000 125.4870000 156.0790000 132.9240000 126.6300000
 155.2060000 132.7940000 126.2280000 156.6820000 131.5230000 126.9140000
 157.6110000 131.6370000 127.1670000 155.9700000 130.8230000 128.0880000
 156.0830000 131.3220000 128.9120000 155.0210000 130.7460000 127.9020000
 156.3330000 129.9360000 128.2350000 156.6350000 130.6630000 125.6240000
 157.0940000 131.1280000 124.9070000 155.7150000 130.5500000 125.3380000
 157.2800000 129.2780000 125.7460000 157.3650000 128.8910000 124.8610000
 158.1620000 129.3530000 126.1440000 156.7220000 128.6940000 126.2830000
 155.8600000 133.7380000 127.9160000 154.7200000 133.9500000 128.3230000
 156.9110000 134.3760000 128.4400000 157.6950000 134.2100000 128.1270000
 156.8030000 135.3070000 129.5640000 156.3660000 134.8530000 130.3010000
 158.2170000 135.6960000 130.0080000 158.1640000 136.2870000 130.7750000
 158.6810000 136.1490000 129.2870000 158.7130000 134.9010000 130.2600000
 155.9590000 136.5520000 129.2230000 155.1510000 136.9860000 130.0380000
 156.0440000 137.0640000 127.9910000 156.6360000 136.7470000 127.4540000
 155.2010000 138.1690000 127.5220000 155.2060000 138.8620000 128.2010000
 155.8300000 138.7560000 126.2540000 155.9620000 138.0580000 125.5930000
 156.6950000 139.1270000 126.4870000 154.9800000 139.8590000 125.6260000
 154.2030000 139.4550000 125.2090000 154.6650000 140.4610000 126.3190000
 155.8840000 140.8230000 124.3930000 154.5020000 141.7300000 123.6740000
 154.0170000 142.1970000 124.3720000 153.9040000 141.1100000 123.2280000
 154.8490000 142.3690000 123.0320000 153.7280000 137.7660000 127.3230000
 152.8440000 138.5280000 127.7160000 153.4540000 136.5400000 126.8570000
 154.1110000 136.0450000 126.6050000 152.0960000 135.9600000 126.8380000
 151.5100000 136.5610000 126.3520000 152.0680000 134.5900000 126.1190000
 152.7800000 134.0290000 126.4650000 150.7400000 133.8390000 126.2900000
 150.7490000 133.0260000 125.7600000 149.9990000 134.3970000 126.0080000
 150.6140000 133.5840000 127.2170000 152.2760000 134.7630000 124.6090000
 151.5180000 135.2300000 124.2250000 153.0840000 135.2710000 124.4350000
 152.3650000 133.8930000 124.1900000 151.5350000 135.8520000 128.2580000
 150.4480000 136.3670000 128.5040000 152.3290000 135.3720000 129.2230000
 153.0890000 135.0420000 128.9930000 151.9270000 135.2720000 130.6310000
 151.0880000 134.7870000 130.6770000 152.9980000 134.5260000 131.4360000
 153.8700000 134.8660000 131.1810000 152.8720000 134.7260000 132.3770000
 152.9870000 133.0030000 131.2810000 153.0080000 132.7570000 130.3430000
 154.2450000 132.4820000 131.9730000 154.3700000 132.9210000 132.8290000
 155.0140000 132.6550000 131.4070000 154.1710000 131.5300000 132.1420000
 151.7530000 132.3780000 131.9360000 150.9360000 132.7250000 131.5460000
 151.7520000 132.5480000 132.8910000 151.7600000 131.4200000 131.7860000
 151.6760000 136.6230000 131.3020000 150.6450000 136.7950000 131.9430000
 152.5630000 137.6080000 131.1490000 153.2950000 137.4500000 130.7260000
 152.3460000 138.9190000 131.7840000 152.1280000 138.7680000 132.7170000
 153.6130000 139.7890000 131.7510000 153.9270000 139.8490000 130.8350000
 153.3670000 141.2050000 132.2940000 154.2010000 141.7000000 132.3030000
 152.7360000 141.6820000 131.7330000 153.0140000 141.1590000 133.1960000
 154.7180000 139.1740000 132.6200000 155.5250000 139.7080000 132.5530000
 154.9210000 138.2720000 132.3250000 154.4320000 139.1380000 133.5460000
 151.1310000 139.6270000 131.1790000 150.3550000 140.2080000 131.9330000
 150.8300000 139.4170000 129.8910000 151.3780000 138.9620000 129.4090000
 149.5560000 139.8270000 129.2840000 149.3640000 140.7400000 129.5500000
 149.7140000 139.8190000 127.7520000 148.8460000 139.9560000 127.3420000
 150.0610000 138.9610000 127.4630000 150.6260000 140.9360000 127.2640000
 150.6830000 142.0180000 127.8170000 151.2960000 140.7870000 126.1470000
 151.3560000 140.0220000 125.7600000 151.8050000 141.4440000 125.9260000
 148.3420000 139.0010000 129.7640000 147.2490000 139.5520000 129.8950000
 148.5470000 137.7410000 130.1590000 149.3260000 137.4000000 130.0270000
 147.5220000 136.8630000 130.7360000 146.7590000 136.8720000 130.1370000
 148.0470000 135.4170000 130.7580000 148.6950000 135.3120000 131.4720000
 148.4760000 135.2110000 129.9130000 146.9500000 134.3850000 130.9890000
 147.3780000 133.5190000 131.0750000 146.4930000 134.5840000 131.8210000
 145.7280000 134.2450000 129.6680000 144.8160000 132.8660000 130.3930000
 144.5910000 133.0680000 131.3150000 145.3530000 132.0590000 130.3600000
 143.9990000 132.7300000 129.8880000 147.0370000 137.3310000 132.1260000
 145.8320000 137.4110000 132.3480000 147.9320000 137.8680000 132.9660000
 148.7650000 137.8110000 132.7590000 147.5590000 138.5260000 134.2350000
 147.0120000 137.9190000 134.7580000 148.8230000 138.8560000 135.0500000
 148.6170000 139.5980000 135.6390000 149.5230000 139.1630000 134.4530000
 149.3700000 137.7270000 135.9110000 149.9970000 136.6100000 135.3260000
 150.0490000 136.5360000 134.4000000 150.5390000 135.5930000 136.1310000
 150.9440000 134.8530000 135.7380000 150.4510000 135.6800000 137.5310000
 150.7950000 135.0020000 138.0670000 149.8180000 136.7860000 138.1220000
 149.7510000 136.8400000 139.0480000 149.2790000 137.8050000 137.3160000
 148.8600000 138.5310000 137.7190000 146.7230000 139.8070000 134.0250000
 145.7780000 140.0600000 134.7710000 146.9850000 140.5820000 132.9670000
 147.6450000 140.3790000 132.4540000 146.2180000 141.8020000 132.6780000
 146.6630000 142.3070000 131.9800000 146.1730000 142.3520000 133.4750000
 144.7980000 141.5260000 132.1910000 143.8630000 142.2150000 132.5960000
 144.6090000 140.4780000 131.3810000 145.2970000 140.0250000 131.1350000
 143.2710000 140.0400000 130.9480000 142.7470000 140.8420000 130.7960000
 143.3310000 139.3130000 129.5920000 143.8100000 139.8870000 128.9740000
 144.0770000 137.9890000 129.6630000 144.1940000 137.6370000 128.7670000
 144.9560000 138.1530000 130.0380000 143.6040000 137.3460000 130.2150000
 141.9520000 139.0460000 128.9810000 142.0540000 138.6650000 128.0950000
 141.4620000 139.8800000 128.9120000 141.4560000 138.4200000 129.5320000
 142.5150000 139.2580000 132.0310000 141.2960000 139.3910000 132.0820000
 143.2010000 138.6570000 133.0150000 144.0540000 138.5780000 132.9440000
 142.5590000 138.1920000 134.2550000 141.8500000 137.5730000 134.0210000
 143.5520000 137.4750000 135.1800000 143.1880000 137.4560000 136.0790000
 144.3910000 137.9600000 135.2140000 143.8260000 136.0340000 134.7710000
 142.9950000 135.5380000 134.8330000 144.1450000 135.9990000 133.8560000
 145.0530000 135.2710000 135.8570000 144.5580000 133.5460000 135.6780000
 143.6230000 133.4490000 135.9160000 144.6940000 133.2650000 134.7600000
 145.0960000 132.9930000 136.2660000 141.9040000 139.3430000 135.0240000
 140.6840000 139.3380000 135.1860000 142.6640000 140.4080000 135.3090000
 143.5090000 140.3640000 135.1560000 142.1350000 141.5990000 135.9820000
 141.7670000 141.3400000 136.8410000 143.2760000 142.5950000 136.2340000
 143.9190000 142.1990000 136.8430000 143.7340000 142.7750000 135.3980000
 142.8140000 143.8980000 136.8020000 142.5250000 144.1120000 138.1050000
 142.6080000 143.4790000 138.7810000 141.9940000 145.3730000 138.2650000
 141.6580000 145.6260000 139.0150000 141.8750000 146.0320000 137.0570000
 141.3610000 147.2830000 136.6910000 141.0090000 147.8490000 137.3390000
 141.3500000 147.6500000 135.3320000 140.9930000 148.4690000 135.0740000
 141.8550000 146.7640000 134.3620000 141.8330000 147.0010000 133.4630000
 142.3690000 145.5080000 134.7420000 142.6930000 144.9210000 134.0980000
 142.3930000 145.1080000 136.0990000 140.9920000 142.2630000 135.1960000
 139.9150000 142.4930000 135.7410000 141.1500000 142.4030000 133.8750000
 141.9170000 142.1980000 133.5440000 140.1650000 143.0600000 133.0060000
 139.9910000 143.9390000 133.3780000 140.8160000 143.2320000 131.6190000
 141.7200000 143.5500000 131.7720000 140.8790000 142.3680000 131.1830000
 140.1220000 144.2420000 130.6820000 139.6780000 144.9270000 131.2050000
 141.1740000 144.9260000 129.7990000 140.7450000 145.5730000 129.2180000
 141.8160000 145.3910000 130.3580000 141.6380000 144.2630000 129.2640000
 139.1200000 143.5900000 129.7240000 138.7270000 144.2680000 129.1520000
 139.5580000 142.9140000 129.1830000 138.4020000 143.1720000 130.2240000
 138.8060000 142.3270000 132.9480000 137.7870000 142.9600000 132.6820000
 138.7810000 141.0190000 133.2300000 139.5280000 140.6420000 133.4280000
 137.5710000 140.1850000 133.2930000 136.8280000 140.6830000 132.9170000
 137.7830000 138.9390000 132.4210000 137.1420000 138.2560000 132.6740000
 138.6620000 138.5700000 132.6010000 137.6190000 139.1440000 130.9480000
 138.6040000 139.4950000 130.0960000 139.4810000 139.6580000 130.3600000
 138.1150000 139.5410000 128.8070000 138.6030000 139.7290000 128.1240000
 136.7710000 139.2340000 128.7660000 135.8460000 139.1160000 127.7180000
 136.1140000 139.2450000 126.8370000 134.5080000 138.8030000 128.0210000
 133.8820000 138.7180000 127.3390000 134.1130000 138.6380000 129.3600000
 133.2250000 138.4480000 129.5590000 135.0510000 138.7630000 130.4030000
 134.7780000 138.6650000 131.2870000 136.4110000 139.0330000 130.1330000
 137.1240000 139.8060000 134.7180000 136.1930000 139.0050000 134.8460000
 137.7610000 140.3430000 135.7670000 138.3980000 140.9030000 135.6230000
 137.4430000 140.0330000 137.1690000 136.4970000 140.1740000 137.3280000
 137.9410000 140.6380000 137.7410000 137.7970000 138.6000000 137.5930000
 136.9880000 137.9300000 138.2260000 138.8810000 138.0390000 137.0490000
 139.3990000 138.5390000 136.5790000 139.3130000 136.6600000 137.3250000
 138.5450000 136.1380000 137.6060000 139.8670000 135.9900000 136.0470000
 140.6060000 136.5290000 135.7250000 140.4110000 134.5770000 136.3360000
 140.7550000 134.1690000 135.5260000 139.7110000 134.0180000 136.7080000
 141.1430000 134.6190000 136.9710000 138.7760000 135.9510000 134.9510000
 138.4220000 136.8440000 134.8180000 138.0460000 135.3810000 135.2390000
 139.2780000 135.4720000 133.5860000 138.6100000 135.6910000 132.9180000
 139.4140000 134.5120000 133.5940000 140.1050000 135.9230000 133.3530000
 140.3160000 136.6680000 138.4840000 141.5000000 136.9480000 138.2930000
 139.8380000 136.3040000 139.6750000 138.9880000 136.1910000 139.7430000
 140.6440000 136.1880000 140.8960000 141.0670000 137.0440000 141.0650000
 139.7170000 135.8700000 142.0730000 139.1190000 136.6180000 142.2260000
 139.1860000 135.0860000 141.8610000 140.4520000 135.6180000 143.2490000
 140.2950000 134.8240000 143.4730000 141.7530000 135.1340000 140.7800000
 141.5440000 134.0340000 140.2560000 142.9230000 135.4200000 141.3570000
 142.9930000 136.1700000 141.7720000 144.0330000 134.4820000 141.4740000
 144.0540000 133.9530000 140.6610000 145.3520000 135.2780000 141.5240000
 145.3310000 135.8580000 142.3020000 145.3980000 135.8480000 140.7400000
 146.6310000 134.4210000 141.5860000 146.6040000 133.8450000 142.3660000
 146.8130000 133.5510000 140.3360000 147.6700000 133.0980000 140.3750000
 146.1160000 132.8780000 140.2910000 146.7850000 134.1050000 139.5400000
 147.8500000 135.3370000 141.7030000 147.7740000 135.8750000 142.5060000
 147.9010000 135.9220000 140.9310000 148.6580000 134.8030000 141.7570000
 143.8170000 133.5270000 142.6650000 144.0680000 133.8530000 143.8260000
 143.4620000 132.2850000 142.3410000 143.2800000 132.1370000 141.5140000
 143.5570000 131.1130000 143.2160000 144.1020000 131.3410000 143.9860000
 142.1620000 130.7530000 143.7480000 142.2200000 130.0380000 144.4010000
 141.8070000 131.5320000 144.2040000 141.1920000 130.3250000 142.6690000
 141.4810000 129.4640000 141.8550000 139.9860000 130.8220000 142.6960000
 139.8080000 131.4860000 143.2130000 139.4480000 130.5860000 142.0680000
 144.2570000 129.9520000 142.4800000 144.6980000 130.1190000 141.3440000
 144.3130000 128.7600000 143.0800000 143.9940000 128.6800000 143.8750000
 144.9730000 127.5860000 142.5000000 145.9140000 127.7920000 142.3830000
 144.8680000 126.4550000 143.5270000 145.3410000 125.6750000 143.1970000
 145.2680000 126.7290000 144.3670000 143.9360000 126.2300000 143.6770000
 144.4200000 127.1430000 141.1200000 145.1830000 126.6620000 140.2830000
 143.1330000 127.3770000 140.8320000 142.6610000 127.8090000 141.4070000
 142.4980000 127.0750000 139.5310000 142.7970000 126.2000000 139.2390000
 140.9590000 127.0280000 139.6660000 140.6250000 127.9070000 139.9040000
 140.2950000 126.6170000 138.3490000 140.4590000 127.2800000 137.6610000
 140.6560000 125.7630000 138.0640000 139.3360000 126.5320000 138.4710000
 140.5200000 126.0300000 140.7470000 139.5520000 125.9820000 140.7810000
 140.8330000 126.3180000 141.6190000 140.8750000 125.1480000 140.5530000
 142.9110000 128.0850000 138.4540000 143.3090000 127.7090000 137.3510000
 142.9980000 129.3620000 138.8240000 142.7100000 129.5800000 139.6040000
 143.6030000 130.4070000 137.9870000 143.1880000 130.3950000 137.1100000
 143.3260000 131.7740000 138.6130000 143.6330000 131.7840000 139.5330000
 143.7890000 132.4750000 138.1280000 141.9340000 132.0120000 138.5620000
 141.7490000 132.6870000 139.0270000 145.1050000 130.1860000 137.7710000
 145.5750000 130.2580000 136.6360000 145.8280000 129.7270000 138.7970000
 145.4460000 129.6740000 139.5660000 147.2570000 129.4260000 138.7190000
 147.6940000 130.2000000 138.3300000 147.8160000 129.2320000 140.1390000
 147.6720000 130.0500000 140.6390000 147.3220000 128.5200000 140.5750000
 149.3140000 128.8670000 140.1940000 149.4490000 127.9800000 139.8250000
 150.1780000 129.8600000 139.4150000 150.0020000 129.8010000 138.4630000
 149.9760000 130.7600000 139.7150000 151.1170000 129.6610000 139.5520000
 149.7790000 128.8670000 141.6480000 149.2750000 128.2140000 142.1580000
 150.7140000 128.6150000 141.7010000 149.6630000 129.7430000 142.0490000
 147.5730000 128.2330000 137.8080000 148.4380000 128.3540000 136.9430000
 146.8250000 127.1290000 137.8810000 146.2380000 127.0560000 138.5050000
 147.0850000 125.9870000 136.9850000 148.0370000 125.8080000 137.0270000
 146.3720000 124.7170000 137.4570000 146.4720000 124.7040000 138.4220000
 144.8760000 124.6300000 137.1300000 144.5010000 123.8230000 137.5150000
 144.4180000 125.3920000 137.5180000 144.7270000 124.6120000 136.1720000
 147.0680000 123.4800000 136.8870000 146.9820000 123.4510000 135.9210000
 148.0080000 123.4870000 137.1270000 146.6710000 122.6830000 137.2730000
 146.7630000 126.3040000 135.5300000 147.5510000 125.9680000 134.6490000
 145.7570000 127.1480000 135.2900000 145.2470000 127.3820000 135.9420000
 145.4760000 127.6630000 133.9570000 145.4890000 126.9160000 133.3390000
 144.0660000 128.2660000 133.9390000 143.9730000 128.8780000 134.6860000
 143.9380000 128.7600000 133.1140000 142.9750000 127.2110000 134.0140000
 143.1570000 126.0590000 133.6590000 141.7640000 127.6080000 134.3170000
 141.6420000 128.4040000 134.6180000 141.1620000 126.9950000 134.3490000
 146.5510000 128.6440000 133.4560000 146.8540000 128.6050000 132.2670000
 147.2530000 129.3810000 134.3290000 146.9960000 129.3780000 135.1500000
 148.4600000 130.1480000 133.9720000 148.2760000 130.6520000 133.1640000
 148.8330000 131.1430000 135.0900000 149.7150000 131.5040000 134.9070000
 148.8930000 130.6670000 135.9330000 147.8610000 132.3190000 135.2550000
 146.9480000 131.9930000 135.2280000 148.1120000 133.0060000 136.5940000
 149.0530000 133.2210000 136.6900000 147.5920000 133.8220000 136.6580000
 147.8460000 132.4160000 137.3170000 148.0350000 133.3410000 134.1300000
 148.9440000 133.6800000 134.1150000 147.8250000 132.9190000 133.2820000
 147.4210000 134.0790000 134.2660000 149.6650000 129.2490000 133.6550000
 150.2920000 129.4180000 132.6090000 149.9590000 128.2490000 134.4910000
 149.4830000 128.1650000 135.2020000 151.0840000 127.3170000 134.2770000
 151.8950000 127.8350000 134.1550000 151.2880000 126.4060000 135.5080000
 150.4600000 125.9390000 135.6980000 152.3960000 125.3710000 135.2730000
 152.5770000 124.8930000 136.0970000 152.1220000 124.7220000 134.6070000
 153.2110000 125.8100000 134.9840000 151.6960000 127.2110000 136.7510000
 151.7120000 126.6250000 137.5230000 151.0590000 127.9220000 136.9260000
 152.5770000 127.5970000 136.6290000 150.8830000 126.4900000 133.0000000
 151.7680000 126.4550000 132.1430000 149.6570000 126.0290000 132.7510000
 149.0640000 126.1020000 133.3690000 149.2790000 125.3380000 131.5170000
 149.9530000 124.6640000 131.3390000 147.9470000 124.6110000 131.7580000
 147.2350000 125.2550000 131.8950000 148.0350000 124.0840000 132.5680000
 147.5790000 123.6460000 130.6250000 147.0200000 122.9450000 130.9950000
 148.3950000 123.2250000 130.3110000 146.7040000 124.3510000 129.2020000
 145.1150000 124.7170000 129.9890000 144.8080000 123.9470000 130.4930000
 145.2100000 125.4690000 130.5940000 144.4610000 124.9320000 129.3050000
 149.2450000 126.2730000 130.2940000 149.8170000 125.9170000 129.2630000
 148.8480000 127.5440000 130.4700000 148.4820000 127.7570000 131.2190000
 148.9700000 128.5890000 129.4340000 148.4860000 128.2930000 128.6470000
 148.3430000 129.9230000 129.8510000 148.5380000 130.5900000 129.1740000
 148.7110000 130.2220000 130.6970000 146.9430000 129.8050000 129.9530000
 146.7990000 129.2250000 130.5440000 150.4200000 128.8600000 129.0260000
 150.6800000 129.0880000 127.8450000 151.3850000 128.7790000 129.9500000
 151.1690000 128.6250000 130.7680000 152.7980000 128.9190000 129.5920000
 152.8740000 129.7180000 129.0480000 153.6540000 129.1560000 130.8490000
 154.3300000 129.8120000 130.6180000 153.1000000 129.5140000 131.5600000
 154.5310000 127.7020000 131.4870000 153.5590000 127.0660000 131.7870000
 153.2790000 127.7540000 128.7140000 153.7750000 128.0020000 127.6140000
 152.8720000 126.5280000 129.0620000 152.4330000 126.4480000 129.7970000
 153.1900000 125.3110000 128.3220000 154.1520000 125.2080000 128.2590000
 152.8200000 124.5510000 128.7990000 152.6020000 125.3120000 126.9180000
 153.3440000 125.3680000 125.9480000 151.2880000 125.4930000 126.7990000
 150.8220000 125.5560000 127.5190000 150.5760000 125.4920000 125.5100000
 150.8760000 124.7140000 125.0140000 149.0700000 125.3180000 125.7960000
 148.9850000 124.6850000 126.5260000 148.4600000 126.6460000 126.2570000
 148.3400000 127.2510000 125.5080000 147.6130000 126.4840000 126.7010000
 149.0590000 127.0630000 126.8960000 148.3020000 124.7210000 124.6000000
 148.3060000 125.3450000 123.8570000 148.7530000 123.9100000 124.3180000
 146.8530000 124.3580000 124.9640000 146.4630000 123.8060000 124.2680000
 146.8360000 123.8580000 125.7950000 146.3200000 125.1620000 125.0650000
 150.8910000 126.7220000 124.6300000 150.6620000 126.6930000 123.4250000
 151.4990000 127.7850000 125.1750000 151.6200000 127.7930000 126.0260000
 152.0470000 128.8870000 124.3650000 151.4200000 129.0600000 123.6450000
 152.1300000 130.1790000 125.1820000 152.2370000 130.9250000 124.5710000
 151.3030000 130.3090000 125.6710000 153.2220000 130.1840000 126.0700000
 153.2750000 129.4450000 126.4660000 153.3880000 128.5560000 123.6860000
 153.7380000 129.2080000 122.6950000 154.0520000 127.4530000 124.0660000
 153.7580000 126.9930000 124.7310000 155.1960000 126.9140000 123.3130000
 155.8300000 127.6430000 123.2220000 155.9150000 125.7890000 124.0860000
 155.8840000 126.0020000 125.0320000 155.3250000 124.3910000 123.8670000
 155.5880000 123.8170000 124.6030000 154.3560000 124.4200000 123.8560000
 155.6200000 124.0050000 123.0270000 157.3910000 125.7200000 123.6760000
 157.8250000 126.5690000 123.8530000 157.4680000 125.5110000 122.7320000
 157.8380000 125.0310000 124.1920000 154.7920000 126.4570000 121.9100000
 155.5040000 126.7500000 120.9540000 153.5570000 125.9840000 121.7580000
 153.1010000 125.8450000 122.4740000 152.9950000 125.4200000 120.5310000
 153.5380000 124.6680000 120.2470000 151.5980000 124.9110000 120.9190000
 151.6390000 124.4720000 121.7830000 151.0310000 125.6920000 121.0200000
 150.9300000 123.9410000 119.9430000 151.3200000 123.0580000 120.0350000
 151.0730000 124.2490000 119.0340000 149.4260000 123.9120000 120.2310000
 148.7940000 124.9760000 120.0170000 148.9450000 123.0790000 121.0350000
 152.9580000 126.4420000 119.3790000 153.6260000 126.2730000 118.3550000
 152.4600000 127.6490000 119.6710000 152.0570000 127.7340000 120.4260000
 152.4490000 128.7710000 118.7280000 152.0260000 128.4730000 117.9080000
 151.6200000 129.9190000 119.3260000 151.7580000 130.7090000 118.7800000
 151.9590000 130.1250000 120.2110000 150.1210000 129.6960000 119.3950000
 149.3570000 129.7350000 118.2130000 149.7800000 129.8290000 117.3900000
 147.9560000 129.6460000 118.2740000 147.4550000 129.6710000 117.4910000
 147.3100000 129.5280000 119.5160000 146.3820000 129.4790000 119.5560000
 148.0690000 129.4710000 120.6980000 147.6450000 129.3850000 121.5210000
 149.4730000 129.5470000 120.6370000 149.9700000 129.5130000 121.4220000
 153.8490000 129.2990000 118.3510000 154.0100000 129.8610000 117.2630000
 154.8340000 129.2380000 119.2570000 154.6800000 128.8150000 119.9900000
 156.1590000 129.8440000 119.0480000 156.0600000 130.5490000 118.3890000
 156.6060000 130.5330000 120.3520000 155.8730000 131.0520000 120.7180000
 157.3420000 131.1330000 120.1550000 157.1970000 129.3750000 121.6120000
 156.5290000 128.4380000 121.2720000 157.2100000 128.8700000 118.4670000
 157.9730000 129.2520000 117.5700000 157.1150000 127.5840000 118.8220000
 156.5270000 127.3990000 119.4220000 158.0210000 126.4870000 118.4500000
 158.8980000 126.6620000 118.8250000 157.4690000 125.1850000 119.0630000
 156.5240000 125.1130000 118.8550000 157.5650000 125.2160000 120.0280000
 158.1240000 124.0260000 118.5790000 157.7590000 123.3770000 118.9670000
 158.1610000 126.3340000 116.9370000 159.2520000 126.4810000 116.3750000
 157.0250000 126.2380000 116.2440000 156.2960000 126.1490000 116.6920000
 156.9850000 126.0130000 114.7990000 157.5650000 125.2650000 114.5890000
 155.5550000 125.6040000 114.4280000 154.9320000 126.2740000 114.7490000
 155.4670000 125.5430000 113.4640000 155.1860000 124.2620000 115.0090000
 155.7650000 123.0390000 114.6470000 155.1450000 122.1210000 115.4120000
 155.2830000 121.2030000 115.3540000 154.2420000 122.6990000 116.2250000
 153.6830000 122.2920000 116.7370000 154.2470000 124.0490000 115.9740000
 153.7020000 124.6840000 116.3800000 157.5040000 127.2050000 113.9810000
 158.2260000 127.0040000 113.0020000 157.2990000 128.4390000 114.4560000
 156.8740000 128.5160000 115.2000000 157.8170000 129.6580000 113.8130000
 157.7240000 129.5570000 112.8530000 156.9720000 130.8810000 114.2480000
 156.8850000 130.8530000 115.2140000 157.6380000 132.2250000 113.9020000
 158.4480000 132.3380000 114.4230000 157.0360000 132.9510000 114.1290000
 157.8580000 132.2650000 112.9580000 155.5400000 130.8300000 113.6580000
 155.0350000 131.5750000 114.0190000 155.1000000 130.0210000 113.9630000
 155.4310000 130.8890000 112.1240000 154.4940000 130.8850000 111.8750000
 155.8390000 131.7000000 111.7830000 155.8560000 130.1180000 111.7170000
 159.3250000 129.8430000 114.0490000 160.0560000 130.0810000 113.0840000
 159.8400000 129.6280000 115.2680000 159.3140000 129.4190000 115.9150000
 161.2940000 129.7390000 115.5100000 161.5890000 130.5740000 115.1150000
 161.6390000 129.7970000 117.0030000 161.0130000 130.4170000 117.4090000
 161.6000000 128.4750000 117.7730000 161.9070000 128.6180000 118.6820000
 160.6860000 128.1540000 117.8110000 162.1760000 127.8050000 117.3730000
 162.9480000 130.3050000 117.1600000 163.0670000 130.4450000 117.9800000
 162.0890000 128.6330000 114.8280000 163.1290000 128.8990000 114.2200000
 161.5420000 127.4130000 114.8010000 160.8140000 127.2790000 115.2380000
 162.2120000 126.2680000 114.1920000 163.1330000 126.2730000 114.4980000
 161.5480000 124.9820000 114.6890000 160.6240000 124.9710000 114.3950000
 161.5540000 124.9660000 115.6590000 162.2410000 123.7220000 114.1630000
 161.6600000 122.9820000 114.3970000 162.2740000 123.7530000 113.1940000
 163.6680000 123.4570000 114.6930000 164.1100000 122.8480000 114.0810000
 164.1800000 124.2810000 114.6850000 163.7080000 122.8610000 116.0500000
 164.0800000 123.3210000 116.6740000 163.2850000 121.6540000 116.3850000
 163.4820000 121.1290000 117.5570000 164.0930000 121.4140000 118.0910000
 163.1180000 120.3700000 117.7340000 162.6150000 120.9090000 115.5660000
 162.3140000 121.2390000 114.8310000 162.2010000 120.2440000 115.9210000
 162.2480000 126.3790000 112.6670000 163.3010000 126.1360000 112.0840000
 161.1860000 126.8950000 112.0450000 160.4730000 127.0610000 112.4970000
 161.2060000 127.2330000 110.6240000 161.5030000 126.4540000 110.1280000
 159.7750000 127.5550000 110.1780000 159.1970000 126.7970000 110.3600000
 159.7680000 127.7290000 109.2240000 159.4400000 128.3290000 110.6570000
 162.2020000 128.3690000 110.3050000 163.0000000 128.2180000 109.3890000
 162.3240000 129.3880000 111.1650000 161.7530000 129.4570000 111.8050000
 163.3100000 130.4650000 110.9830000 163.2030000 130.8270000 110.0900000
 163.0060000 131.5860000 111.9910000 163.0100000 131.2180000 112.8880000
 162.1090000 131.9150000 111.8260000 163.9720000 132.7590000 111.9650000
 165.1660000 132.7050000 112.7100000 165.3700000 131.9440000 113.2050000
 166.0550000 133.7930000 112.7000000 166.8510000 133.7450000 113.1780000
 165.7370000 134.9530000 111.9770000 166.3080000 135.6870000 112.0070000
 164.5520000 135.0120000 111.2240000 164.3430000 135.7790000 110.7420000
 163.6740000 133.9120000 111.2130000 162.8870000 133.9500000 110.7190000
 164.7740000 129.9960000 111.0840000 165.6070000 130.4270000 110.2850000
 165.1140000 129.1420000 112.0580000 164.5140000 128.8950000 112.6220000
 166.5050000 128.7130000 112.2640000 167.0650000 129.4990000 112.1710000
 166.7440000 128.2260000 113.6990000 166.3760000 128.8790000 114.3140000
 166.1210000 126.8760000 114.0260000 166.1570000 126.7260000 114.9840000
 165.1950000 126.8770000 113.7380000 166.6170000 126.1710000 113.5810000
 168.1310000 128.1360000 113.9090000 168.2730000 127.5040000 114.4440000
 166.9930000 127.7160000 111.2070000 168.0590000 127.9440000 110.6310000
 166.1370000 126.7710000 110.7800000 165.3710000 126.7220000 111.1680000
 166.4340000 125.7680000 109.7230000 167.3940000 125.6270000 109.7340000
 165.8010000 124.3790000 110.0370000 164.8580000 124.4000000 109.8130000
 166.4670000 123.2160000 109.2780000 166.0690000 122.3720000 109.5440000
 166.3450000 123.3040000 108.3200000 167.4150000 123.1890000 109.4820000
 165.9310000 123.9910000 111.5210000 165.5890000 123.0950000 111.6670000
 165.4140000 124.5920000 112.0790000 166.8620000 124.0150000 111.7910000
 166.1320000 126.2810000 108.2910000 166.2790000 125.5480000 107.3150000
 165.8980000 127.5870000 108.1280000 165.8840000 128.0770000 108.8350000
 165.8720000 128.2760000 106.8240000 165.5960000 127.6500000 106.1360000
 164.8630000 129.4320000 106.8540000 165.2310000 130.2080000 106.4030000
 164.6550000 129.6760000 107.7690000 163.6840000 129.0630000 106.1810000
 163.7020000 129.4310000 105.4260000 167.2640000 128.7960000 106.4520000
 167.9820000 129.3040000 107.3130000 167.5800000 128.8460000 105.1530000
 167.0190000 128.5120000 104.5930000 168.9040000 129.2680000 104.6420000
 169.4370000 129.5920000 105.3850000 169.6700000 128.0640000 104.0540000
 170.5720000 128.3410000 103.8310000 169.2330000 127.7750000 103.2380000
 169.7580000 126.8680000 105.0150000 168.8620000 126.5340000 105.1780000
 170.2590000 126.1600000 104.5800000 170.5500000 127.2240000 106.6120000
 169.7510000 125.9810000 107.6530000 169.9450000 125.0920000 107.3170000
 170.0710000 126.0680000 108.5650000 168.7920000 126.1290000 107.6400000
 168.8540000 130.4540000 103.6590000 169.8900000 130.8810000 103.1560000
 167.6680000 131.0370000 103.4350000 166.9750000 130.6870000 103.8040000
 167.4620000 132.2490000 102.6240000 167.8150000 132.0700000 101.7390000
 165.9450000 132.4810000 102.5230000 165.5070000 131.6170000 102.4750000
 165.6370000 132.9280000 103.3270000 165.5010000 133.2630000 101.2820000
 165.9160000 134.1400000 101.2840000 165.7790000 132.7880000 100.4830000
 163.9670000 133.3860000 101.2830000 163.6660000 133.6910000 102.1530000
 163.5750000 132.5110000 101.1340000 163.4910000 134.3610000 100.1980000
 164.1150000 135.1000000 100.1280000 163.4750000 133.8930000  99.3480000
 162.1520000 134.9060000 100.5040000 162.1480000 135.6130000 101.0440000
 161.5780000 134.3220000 100.8540000 161.7030000 135.1560000  99.7770000
 168.2300000 133.4550000 103.2050000 168.3990000 133.5520000 104.4190000
 168.6950000 134.3620000 102.3420000 168.5190000 134.2240000 101.5120000
 169.8360000 135.2480000 102.6290000 170.6290000 134.6970000 102.7220000
 169.9710000 135.8310000 101.8660000 169.7440000 136.1360000 103.8810000
 170.6750000 136.1240000 104.6860000 168.6870000 136.9420000 104.0490000
 168.1220000 137.0180000 103.4050000 168.5950000 137.9280000 105.1430000
 169.4550000 137.9320000 105.5910000 168.4560000 139.3630000 104.5980000
 168.5920000 139.3830000 103.6380000 169.1550000 139.9040000 104.9970000
 167.2220000 139.9760000 104.9150000 166.7960000 140.0030000 104.1920000
 167.5940000 137.6000000 106.2620000 166.7400000 136.7140000 106.1810000
 167.6850000 138.3870000 107.3430000 168.2440000 139.0380000 107.2820000
 166.8040000 138.3370000 108.5200000 166.8650000 137.4570000 108.9230000
 167.2480000 139.4170000 109.5240000 166.5260000 139.5810000 110.1500000
 167.4100000 140.2440000 109.0430000 168.5010000 139.0530000 110.3320000
 169.1690000 138.6560000 109.7510000 168.8680000 139.8670000 110.7100000
 168.1500000 138.0860000 111.4720000 167.7620000 137.2870000 111.0820000
 167.4880000 138.4890000 112.0550000 169.3340000 137.6890000 112.2540000
 169.5120000 136.8480000 112.2680000 170.0280000 138.4320000 113.0990000
 169.6920000 139.6480000 113.4310000 168.8920000 139.9200000 113.2700000
 170.1260000 140.0590000 114.0500000 171.1060000 137.9440000 113.6440000
 171.2440000 137.0990000 113.5630000 171.4850000 138.3760000 114.2840000
 165.3190000 138.5320000 108.2000000 164.4980000 137.9950000 108.9410000
 164.9660000 139.3330000 107.1870000 165.5810000 139.6260000 106.6620000
 163.5530000 139.5030000 106.7920000 163.0090000 139.3840000 107.5860000
 163.2160000 140.9200000 106.2850000 162.2730000 140.9330000 106.0600000
 163.4330000 141.9520000 107.3990000 162.8960000 141.7130000 108.1710000
 164.3690000 141.9860000 107.6510000 163.1510000 142.8260000 107.0870000
 163.9910000 141.3710000 105.0470000 163.6990000 142.2570000 104.7830000
 163.8200000 140.7650000 104.3090000 164.9430000 141.3990000 105.2310000
 163.0880000 138.4050000 105.8320000 162.0730000 137.7860000 106.1370000
 163.9560000 137.9340000 104.9290000 164.6230000 138.4270000 104.7000000
 163.6850000 136.7680000 104.0770000 162.9040000 136.9590000 103.5340000
 164.8710000 136.4860000 103.1460000 165.7030000 136.5100000 103.6450000
 164.7830000 135.5750000 102.8240000 164.9530000 137.3950000 101.9160000
 164.0780000 137.7480000 101.6910000 165.2510000 136.8600000 101.1630000
 165.9660000 138.5110000 102.1670000 167.1570000 138.1630000 102.0170000
 165.6460000 139.3650000 103.0290000 163.3760000 135.4860000 104.8550000
 162.3710000 134.8350000 104.5720000 164.1760000 135.1350000 105.8730000
 164.8890000 135.5960000 106.0070000 163.9120000 133.9310000 106.6880000
 163.7330000 133.1880000 106.0910000 165.1220000 133.5570000 107.5560000
 165.3270000 134.2820000 108.1670000 164.8800000 132.7760000 108.0780000
 166.3650000 133.2210000 106.7200000 166.8320000 134.0380000 106.4840000
 166.0910000 132.7770000 105.9020000 167.3120000 132.2710000 107.4590000
 168.0790000 132.0910000 106.8930000 166.8240000 131.4450000 107.6030000
 167.7580000 132.7740000 108.7710000 167.5970000 133.6010000 108.9450000
 168.2940000 132.0350000 109.7300000 168.6270000 130.7860000 109.5670000
 168.7130000 130.2670000 110.2470000 168.3930000 130.3980000 108.8360000
 168.6100000 132.5820000 110.8680000 168.4150000 133.4030000 111.0350000
 169.1650000 132.1680000 111.3780000 162.6630000 134.0570000 107.5630000
 162.0210000 133.0520000 107.8510000 162.2920000 135.2740000 107.9660000
 162.7370000 135.9500000 107.6760000 161.0370000 135.5170000 108.6780000
 160.9370000 134.8410000 109.3660000 161.1250000 136.8820000 109.3740000
 160.3170000 137.0340000 109.8890000 161.2230000 137.5900000 108.7180000
 161.8850000 136.8990000 109.9760000 159.8120000 135.4000000 107.7420000
 158.8070000 134.8030000 108.1300000 159.9340000 135.8640000 106.4900000
 160.6660000 136.2640000 106.2790000 158.9430000 135.6650000 105.4180000
 158.0750000 135.9650000 105.7290000 159.3180000 136.5150000 104.1660000
 158.6810000 137.2420000 104.0870000 160.1900000 136.9200000 104.2960000
 159.3200000 135.7490000 102.8250000 159.8510000 134.9420000 102.9140000
 158.4100000 135.4880000 102.6130000 159.9380000 136.5070000 101.6470000
 159.6090000 136.0530000 100.5270000 161.1120000 136.9050000 101.8160000
 158.7790000 134.1680000 105.1260000 157.6580000 133.6660000 105.0820000
 159.8950000 133.4420000 105.0450000 160.6450000 133.8630000 105.0540000
 159.9230000 132.0290000 104.6960000 159.3880000 131.9000000 103.8970000
 161.3730000 131.6420000 104.3680000 161.9210000 131.6880000 105.1670000
 161.7180000 132.2710000 103.7150000 161.4520000 130.2430000 103.7610000
 160.7750000 130.1820000 103.0690000 161.2600000 129.5820000 104.4440000
 162.8170000 129.9620000 103.1320000 163.8440000 130.0970000 103.8430000
 162.8060000 129.5410000 101.9560000 159.3040000 131.1610000 105.7980000
 158.3480000 130.4320000 105.5320000 159.6570000 131.4190000 107.0600000
 160.3070000 131.9640000 107.2000000 159.0790000 130.7330000 108.2120000
 159.2530000 129.7830000 108.1180000 159.7940000 131.2470000 109.4670000
 159.6660000 132.2040000 109.5570000 160.7430000 131.0630000 109.3930000
 159.4420000 130.8050000 110.2550000 157.5540000 130.9190000 108.3160000
 156.8110000 129.9420000 108.4560000 157.0660000 132.1550000 108.1560000
 157.6170000 132.8000000 108.0180000 155.6420000 132.4640000 108.2920000
 155.3170000 131.9780000 109.0660000 155.5040000 133.9700000 108.5640000
 156.1780000 134.2310000 109.2110000 155.6870000 134.4510000 107.7420000
 154.1280000 134.3980000 109.1100000 153.4220000 134.1180000 108.5060000
 153.8460000 133.8100000 110.4950000 153.0270000 134.1800000 110.8610000
 154.5810000 134.0090000 111.0960000 153.7350000 132.8480000 110.4340000
 154.1110000 135.9220000 109.2200000 153.4360000 136.2170000 109.8510000
 154.9760000 136.2510000 109.5100000 153.9000000 136.2920000 108.3490000
 154.8070000 132.0000000 107.0840000 153.7190000 131.4540000 107.2750000
 155.3760000 132.0410000 105.8750000 156.1410000 132.4250000 105.7950000
 154.7490000 131.5180000 104.6630000 153.8340000 131.8380000 104.6260000
 155.5000000 132.0650000 103.4440000 156.4280000 131.7820000 103.4710000
 155.4640000 133.0340000 103.4430000 155.0910000 131.7270000 102.6320000
 154.6980000 129.9800000 104.6290000 153.6690000 129.4190000 104.2530000
 155.7770000 129.2820000 105.0100000 156.4800000 129.7140000 105.2520000
 155.7970000 127.8120000 105.0570000 155.4220000 127.4710000 104.2300000
 157.2270000 127.2620000 105.1840000 157.7380000 127.8070000 105.8020000
 157.1830000 126.3720000 105.5680000 157.9810000 127.1290000 103.8820000
 158.0570000 125.9730000 103.0920000 158.9870000 126.2420000 102.1540000
 159.3030000 125.6310000 101.5280000 159.4520000 127.4960000 102.2860000
 160.1280000 127.8310000 101.8740000 158.8170000 128.0660000 103.3620000
 158.9910000 128.9020000 103.7310000 154.9320000 127.2530000 106.1850000
 154.1920000 126.3010000 105.9420000 155.0860000 127.7790000 107.4070000
 155.6450000 128.4260000 107.4990000 154.6220000 127.1150000 108.6310000
 154.3200000 126.2220000 108.4040000 155.8190000 126.9670000 109.5860000
 156.6020000 126.6810000 109.0910000 156.0140000 127.8240000 109.9960000
 155.5410000 125.9460000 110.6890000 154.7110000 126.1760000 111.1360000
 156.2570000 126.0110000 111.3410000 155.4450000 124.2220000 110.1300000
 157.2100000 123.8110000 110.1110000 157.3230000 122.8890000 109.8330000
 157.6790000 124.3950000 109.4940000 157.5750000 123.9220000 111.0030000
 153.4380000 127.8170000 109.3130000 152.4960000 127.1420000 109.7290000
 153.3620000 129.1520000 109.2400000 154.0080000 129.5780000 108.8640000
 152.2540000 129.9420000 109.8060000 152.2280000 129.8170000 110.7680000
 152.4190000 130.8810000 109.6260000 150.8740000 129.5960000 109.2290000
 149.9010000 129.5100000 109.9730000 150.8490000 129.1080000 107.9850000
 151.5830000 129.1560000 107.5400000 149.6840000 128.4710000 107.3550000
 148.9810000 129.1300000 107.2470000 150.1080000 127.9730000 105.9720000
 150.9160000 127.4440000 106.0560000 150.3030000 128.7360000 105.4060000
 149.1020000 127.1730000 105.3760000 149.4730000 126.6120000 104.8730000
 149.1150000 127.2930000 108.1600000 147.8980000 127.1780000 108.3190000
 149.9640000 126.3390000 108.5520000 150.8090000 126.4730000 108.4680000
 149.5430000 125.1750000 109.3460000 148.7630000 124.7660000 108.9380000
 150.6410000 124.1070000 109.3850000 151.4480000 124.4700000 109.7810000
 150.3390000 123.3590000 109.9230000 150.9190000 123.6550000 108.0710000
 151.5230000 123.0740000 108.1290000 149.1690000 125.5880000 110.7690000
 148.0690000 125.2690000 111.2110000 149.9370000 126.5170000 111.3530000
 150.6640000 126.7450000 110.9540000 149.7240000 127.0110000 112.7240000
 149.6840000 126.2230000 113.2890000 150.9400000 127.8410000 113.1910000
 151.0800000 128.5610000 112.5560000 150.7840000 128.4660000 114.5850000
 151.5620000 129.0070000 114.7920000 150.7090000 127.7720000 115.2590000
 149.9980000 129.0320000 114.6270000 152.2100000 126.9770000 113.2350000
 152.9700000 127.5210000 113.4940000 152.0990000 126.2630000 113.8820000
 152.3940000 126.5820000 112.3680000 148.3930000 127.7710000 112.8910000
 147.6800000 127.6180000 113.8840000 147.9470000 128.4820000 111.8540000
 148.4780000 128.6220000 111.1920000 146.6150000 129.0860000 111.8390000
 146.4400000 129.4760000 112.7100000 146.6110000 130.2310000 110.8260000
 147.3300000 130.8400000 111.0580000 146.7950000 129.8790000 109.9410000
 145.3090000 131.0040000 110.8060000 144.3260000 130.7150000 109.8400000
 144.4770000 130.0490000 109.2090000 143.1030000 131.4080000 109.8520000
 142.4460000 131.2060000 109.2260000 142.8580000 132.3870000 110.8320000
 142.0420000 132.8330000 110.8530000 143.8380000 132.6750000 111.7980000
 143.6700000 133.3100000 112.4560000 145.0620000 131.9830000 111.7860000
 145.6980000 132.1590000 112.4410000 145.4860000 128.0730000 111.5670000
 144.4300000 128.1400000 112.1950000 145.6730000 127.1700000 110.5950000
 146.4510000 127.1250000 110.2310000 144.5990000 126.2940000 110.0920000
 143.7800000 126.8130000 110.0800000 144.8710000 125.8740000 108.6430000
 144.1300000 125.3320000 108.3310000 144.9240000 126.6720000 108.0940000
 146.0740000 125.1540000 108.4760000 146.6930000 125.7210000 108.4320000
 144.2940000 125.0680000 110.9650000 143.1410000 124.6370000 110.9870000
 145.2700000 124.5650000 111.7280000 146.0590000 124.8960000 111.6460000
 145.0540000 123.5780000 112.7900000 145.8700000 123.0740000 112.9360000
 144.3550000 122.9550000 112.5360000 144.6470000 124.2540000 114.0990000
 143.4600000 124.4900000 114.3410000 145.6490000 124.6790000 114.8740000
 146.4470000 124.4760000 114.6270000 145.5150000 125.2030000 116.2420000
 145.2510000 124.4740000 116.8250000 146.8700000 125.7540000 116.7490000
 147.1030000 126.5370000 116.2260000 146.7470000 126.2520000 118.1910000
 147.5970000 126.6250000 118.4730000 146.5330000 125.4980000 118.7630000
 146.0750000 126.9460000 118.2800000 148.0210000 124.7340000 116.6260000
 147.6760000 123.8280000 116.5890000 148.6170000 124.7990000 117.3880000
 148.8570000 125.0360000 115.3840000 149.6610000 124.4940000 115.3510000
 148.3410000 124.8760000 114.5780000 149.1450000 125.9610000 115.4280000
 144.4570000 126.3000000 116.3560000 143.4840000 126.1530000 117.0940000
 144.6870000 127.4320000 115.6800000 145.3870000 127.4490000 115.1810000
 144.0130000 128.6970000 116.0200000 144.1770000 128.8960000 116.9550000
 144.5500000 129.8680000 115.1790000 144.3160000 129.7330000 114.2470000
 143.9760000 131.2110000 115.6330000 144.3950000 131.9310000 115.1370000
 143.0200000 131.2390000 115.4720000 144.1400000 131.3360000 116.5810000
 145.9560000 129.9750000 115.2790000 146.2210000 130.6200000 114.8100000
 142.4990000 128.5830000 115.8380000 141.7370000 128.9260000 116.7390000
 142.0710000 127.9890000 114.7200000 142.6580000 127.7250000 114.1500000
 140.6580000 127.7580000 114.4260000 140.1590000 128.5440000 114.6970000
 140.4900000 127.5590000 112.9100000 139.6370000 127.1310000 112.7350000
 141.1890000 126.9640000 112.5960000 140.5470000 128.8830000 112.1240000
 141.3000000 129.4150000 112.4260000 140.7270000 128.6030000 110.6330000
 140.7200000 129.4380000 110.1390000 141.5780000 128.1580000 110.4960000
 140.0120000 128.0280000 110.3180000 139.2590000 129.6970000 112.2970000
 139.3090000 130.5110000 111.7720000 138.4940000 129.1730000 112.0110000
 139.1390000 129.9440000 113.2270000 140.0450000 126.5960000 115.2180000
 138.9230000 126.7540000 115.6960000 140.7620000 125.4880000 115.4480000
 141.5550000 125.4160000 115.1220000 140.1730000 124.3460000 116.1770000
 139.2990000 124.1690000 115.7940000 140.9960000 123.0510000 116.0600000
 141.7940000 123.1130000 116.6080000 140.1690000 121.8390000 116.4930000
 139.3030000 121.8470000 116.0560000 140.0400000 121.8490000 117.4540000
 140.6310000 121.0230000 116.2440000 141.3830000 122.8120000 114.7300000
 142.0320000 123.3200000 114.5670000 139.9570000 124.6700000 117.6550000
 138.8540000 124.4790000 118.1630000 140.9300000 125.3360000 118.2980000
 141.6610000 125.5050000 117.8770000 140.8170000 125.7660000 119.7010000
 140.5180000 125.0090000 120.2290000 142.1870000 126.2160000 120.2450000
 142.5400000 126.9400000 119.7050000 142.0580000 126.5360000 121.1510000
 143.1920000 125.0530000 120.2850000 143.4110000 124.7770000 119.3810000
 142.7660000 124.3020000 120.7280000 144.4930000 125.4100000 121.0240000
 144.9290000 126.1450000 120.5660000 144.2900000 125.6790000 121.9330000
 145.4180000 124.1830000 121.0460000 145.0060000 123.4750000 121.5650000
 145.5230000 123.8420000 120.1440000 146.7570000 124.4630000 121.6020000
 146.7380000 125.0530000 122.2680000 147.2380000 123.7480000 121.8270000
 147.2420000 124.9590000 121.0450000 139.7390000 126.8380000 119.8870000
 138.8530000 126.6540000 120.7170000 139.6620000 127.8260000 118.9900000
 140.2710000 127.8860000 118.3860000 138.5660000 128.8060000 118.9890000
 138.5430000 129.2430000 119.8550000 138.8570000 129.8720000 117.9230000
 139.7200000 130.2730000 118.1120000 138.9170000 129.4430000 117.0550000
 137.8250000 130.9810000 117.8540000 137.8580000 132.0330000 118.7910000
 138.5120000 132.0470000 119.4520000 136.8930000 133.0540000 118.7420000
 136.9080000 133.7380000 119.3720000 135.8900000 133.0270000 117.7550000
 135.2440000 133.6960000 117.7330000 135.8550000 131.9790000 116.8180000
 135.1830000 131.9540000 116.1750000 136.8200000 130.9570000 116.8680000
 136.7840000 130.2570000 116.2570000 137.1820000 128.1570000 118.7820000
 136.2450000 128.4770000 119.5110000 137.0970000 127.1370000 117.9190000
 137.7920000 126.9390000 117.4530000 135.8800000 126.3620000 117.6580000
 136.0530000 125.7680000 116.9110000 135.1650000 126.9680000 117.4090000
 135.3860000 125.4990000 118.8260000 134.1840000 125.2800000 118.9280000
 136.2600000 125.1110000 119.7590000 137.0960000 125.2600000 119.6220000
 135.8590000 124.4920000 121.0280000 136.6170000 124.0070000 121.3910000
 135.1340000 123.8650000 120.8790000 135.4180000 125.5130000 122.0800000
 134.3240000 125.4150000 122.6350000 136.2140000 126.5670000 122.2840000
 136.9510000 126.6110000 121.8430000 135.9660000 127.5540000 123.3500000
 135.7920000 127.0690000 124.1720000 137.2290000 128.4190000 123.5680000
 137.4370000 128.8660000 122.7320000 137.0110000 129.5170000 124.6220000
 137.8310000 130.0200000 124.7510000 136.3280000 130.1410000 124.3300000
 136.7460000 129.1280000 125.4700000 138.4640000 127.5770000 123.9700000
 139.1820000 128.1780000 124.2230000 138.7820000 127.0830000 123.1980000
 138.2390000 126.5570000 125.0970000 137.6510000 125.8470000 124.7970000
 139.0880000 126.1570000 125.3420000 137.8500000 126.9890000 125.8730000
 134.7000000 128.3910000 123.1090000 133.9910000 128.6990000 124.0640000
 134.2940000 128.5990000 121.8510000 134.8100000 128.3550000 121.2080000
 133.0100000 129.2480000 121.5190000 132.9500000 130.0470000 122.0660000
 133.0130000 129.7120000 120.0470000 133.8670000 130.1390000 119.8750000
 132.8570000 128.5530000 119.0560000 132.9660000 128.8790000 118.1490000
 133.5380000 127.8850000 119.2310000 131.9830000 128.1420000 119.1460000
 131.9320000 130.7570000 119.7430000 131.9840000 131.4780000 120.3900000
 131.0490000 130.3570000 119.7880000 132.0670000 131.1200000 118.8540000
 131.7670000 128.4080000 121.8820000 130.6720000 128.9600000 121.9220000
 131.9130000 127.1170000 122.2180000 132.7020000 126.7760000 122.1950000
 130.8290000 126.2780000 122.7760000 129.9780000 126.7070000 122.5960000
 130.7790000 124.9010000 122.0850000 131.6490000 124.4750000 122.1390000
 129.7340000 123.9600000 122.6980000 128.8460000 124.3430000 122.6240000
 129.9300000 123.7950000 123.6340000 129.7650000 123.1040000 122.2420000
 130.4070000 125.0870000 120.6060000 129.6030000 125.6240000 120.5280000
 130.2410000 124.2240000 120.1950000 131.1330000 125.5290000 120.1380000
 130.9060000 126.1540000 124.3020000 129.8950000 126.3830000 124.9610000
 132.1150000 126.0830000 124.8740000 132.7920000 125.9350000 124.3640000
 132.3450000 126.1440000 126.3340000 131.8110000 125.4450000 126.7440000
 133.8390000 125.8350000 126.5910000 134.1460000 125.2600000 125.8720000
 134.3560000 126.6550000 126.5460000 134.1550000 125.0850000 127.9050000
 133.5780000 124.3080000 127.9760000 135.6090000 124.6060000 127.8650000
 135.7470000 124.0480000 127.0840000 135.7880000 124.0650000 128.6500000
 136.2140000 125.3640000 127.8440000 134.0140000 125.9320000 129.1700000
 134.3850000 125.4540000 129.9280000 133.0750000 126.0830000 129.3630000
 134.4710000 126.7810000 129.0690000 131.8870000 127.4900000 126.9540000
 131.4620000 127.5340000 128.1050000 131.7180000 128.5240000 126.1210000
 132.0120000 128.4280000 125.3180000 131.0210000 129.7750000 126.4400000
 131.5470000 130.2710000 127.0870000 130.9310000 130.5870000 125.1410000
 130.3140000 130.1580000 124.5270000 131.8010000 130.6500000 124.7170000
 130.6060000 131.4790000 125.3410000 129.6030000 129.5990000 127.0320000
 129.1180000 130.5030000 127.7120000 128.9340000 128.4710000 126.7670000
 129.3190000 127.8820000 126.2730000 127.5660000 128.1730000 127.2070000
 127.1880000 128.9890000 127.5720000 126.7000000 127.8080000 125.9880000
 126.9890000 126.9480000 125.6440000 125.7790000 127.7090000 126.2750000
 126.7340000 128.8330000 124.8660000 127.4820000 128.5800000 123.7020000
 127.9560000 127.7840000 123.6230000 127.5350000 129.5360000 122.6720000
 128.0480000 129.3670000 121.9150000 126.8410000 130.7510000 122.8030000
 126.8860000 131.3860000 122.1250000 126.0970000 131.0110000 123.9670000
 125.6500000 131.8210000 124.0640000 126.0450000 130.0550000 124.9980000
 125.5670000 130.2340000 125.7750000 127.4880000 127.1300000 128.3470000
 126.4770000 126.4410000 128.4720000 128.5540000 126.9560000 129.1420000
 129.2640000 127.4160000 128.9890000 128.5340000 126.1440000 130.3670000
 128.2800000 125.2360000 130.1390000 129.9470000 126.1230000 130.9560000
 129.9640000 125.5350000 131.7280000 130.5730000 125.7800000 130.2990000
 130.2020000 127.0210000 131.2200000 127.5280000 126.6790000 131.4110000
 127.2560000 127.8830000 131.4560000 127.0460000 125.8070000 132.3040000
 127.4060000 125.0270000 132.3360000 126.0820000 126.1190000 133.3710000
 125.6250000 126.9510000 133.1700000 125.0520000 124.9830000 133.4330000
 125.5160000 124.1610000 133.6560000 124.6420000 124.8640000 132.5620000
 123.9620000 125.2000000 134.4950000 123.5430000 124.3360000 134.6290000
 124.3620000 125.4560000 135.3410000 122.8540000 126.2030000 134.1620000
 123.2210000 126.9570000 133.6740000 122.4700000 126.5280000 134.9910000
 121.7560000 125.5070000 133.3500000 122.1670000 125.1000000 132.5710000
 121.1230000 126.1770000 133.0490000 121.0600000 124.4830000 134.1810000
 121.1740000 123.6630000 133.8540000 121.3820000 124.5000000 135.0110000
 120.1900000 124.6630000 134.2400000 126.7380000 126.3170000 134.7360000
 126.3670000 127.2630000 135.4260000 127.7860000 125.5540000 135.0510000
 127.9770000 124.9300000 134.4900000 128.3820000 125.4280000 136.3950000
 127.6770000 125.1720000 137.0100000 129.3760000 124.2520000 136.3100000
 130.1000000 124.4940000 135.7110000 128.9280000 123.4790000 135.9320000
 129.9220000 123.8920000 137.5590000 129.9550000 124.5770000 138.0440000
 129.0270000 126.7240000 136.9620000 129.6390000 126.7060000 138.0220000
 128.9420000 127.8560000 136.2440000 128.3470000 127.8400000 135.6230000
 129.5960000 129.1570000 136.4790000 129.3850000 129.7080000 135.7090000
 129.0090000 129.8950000 137.7010000 129.6400000 130.5950000 137.9310000
 128.9470000 129.2920000 138.4590000 127.6280000 130.5380000 137.4440000
 126.9390000 129.8670000 137.5680000 127.5840000 130.8480000 136.5260000
 127.3210000 131.7570000 138.3280000 128.1960000 132.4100000 138.8790000
 126.1150000 132.2840000 138.2650000 125.9630000 133.0050000 138.7090000
 125.4590000 131.9360000 137.8310000 131.1370000 129.1270000 136.5060000
 131.7440000 129.7990000 135.6720000 131.7830000 128.2170000 137.2390000
 131.3060000 127.7500000 137.7820000 133.2490000 128.0510000 137.2860000
 133.6130000 128.8840000 137.6250000 133.6120000 126.9270000 138.2930000
 133.2260000 127.1690000 139.1490000 133.0420000 125.5510000 137.9020000
 132.0840000 125.6040000 137.7620000 133.4640000 125.2020000 137.1020000
 133.1850000 124.9210000 138.6250000 135.1310000 126.7430000 138.4980000
 135.2720000 126.0100000 139.1180000 135.5590000 126.5100000 137.6590000
 135.8140000 127.9780000 139.0880000 136.7370000 127.7610000 139.2940000
 135.7930000 128.7060000 138.4480000 135.3640000 128.2510000 139.9030000
 133.8730000 127.8210000 135.8960000 134.8480000 128.4850000 135.5240000
 133.2130000 127.0280000 135.0460000 132.5450000 126.5830000 135.3540000
 133.6210000 126.8070000 133.6550000 134.5750000 126.6350000 133.6350000
 132.8980000 125.5670000 133.1090000 131.9430000 125.7220000 133.1830000
 133.1060000 125.4800000 132.1660000 133.2140000 124.2290000 133.7660000
 134.4780000 123.9500000 134.3300000 135.1500000 124.5930000 134.3350000
 134.7540000 122.6880000 134.8860000 135.5880000 122.5120000 135.2570000
 133.7720000 121.6830000 134.8690000 133.9470000 120.8420000 135.2260000
 132.5170000 121.9500000 134.2990000 131.8610000 121.2910000 134.2740000
 132.2400000 123.2130000 133.7510000 131.4040000 123.3590000 133.3700000
 133.3970000 128.0320000 132.7500000 134.2710000 128.3530000 131.9430000
 132.3240000 128.8020000 132.9600000 131.8060000 128.6050000 133.6180000
 132.0200000 130.0080000 132.1750000 132.1920000 129.8100000 131.2410000
 130.5240000 130.3360000 132.3290000 129.9990000 129.5220000 132.2860000
 130.3840000 130.7360000 133.2020000 130.0240000 131.2930000 131.2310000
 129.6730000 130.7710000 130.4920000 130.7530000 131.8330000 130.8870000
 128.9640000 132.2590000 131.7400000 129.2760000 133.2800000 132.3420000
 127.7110000 132.0460000 131.4030000 127.4960000 131.3240000 130.9880000
 127.1210000 132.5710000 131.7440000 132.8880000 131.2210000 132.5710000
 133.2430000 132.0470000 131.7270000 133.2280000 131.3620000 133.8550000
 132.9030000 130.8010000 134.4200000 133.9820000 132.5100000 134.3720000
 133.7670000 133.2820000 133.8260000 133.5700000 132.8620000 135.8210000
 133.7590000 132.0980000 136.3880000 134.3760000 134.0740000 136.3350000
 134.1100000 134.8820000 135.8690000 134.2270000 134.1950000 137.2860000
 135.3300000 133.9500000 136.2140000 132.0570000 133.1820000 135.8900000
 131.8700000 133.9810000 135.3730000 131.5450000 132.4580000 135.4970000
 131.5250000 133.3820000 137.3110000 130.5650000 133.5150000 137.2790000
 131.9290000 134.1610000 137.7240000 131.7150000 132.5920000 137.8420000
 135.4860000 132.2820000 134.2240000 136.1660000 133.1090000 133.6250000
 136.0270000 131.1660000 134.7170000 135.5250000 130.5860000 135.1070000
 137.4720000 130.9280000 134.6690000 137.9440000 131.7750000 134.6920000
 137.9100000 130.1300000 135.9080000 138.8120000 129.7990000 135.7730000
 137.3470000 129.3450000 135.9920000 137.8890000 130.8730000 137.2380000
 137.5470000 132.2390000 137.3480000 137.3520000 132.7490000 136.5950000
 137.4880000 132.8640000 138.6050000 137.2380000 133.7570000 138.6730000
 137.7790000 132.1320000 139.7660000 137.7180000 132.5460000 140.5970000
 138.1440000 130.7780000 139.6620000 138.3150000 130.2740000 140.4250000
 138.2180000 130.1600000 138.4040000 138.4550000 129.2630000 138.3460000
 137.8910000 130.2850000 133.3480000 138.6240000 130.8990000 132.5710000
 137.4280000 129.0660000 133.0750000 136.8860000 128.7000000 133.6340000
 137.9850000 128.2490000 131.9960000 138.9520000 128.2610000 132.0770000
 137.5400000 126.7980000 132.1880000 136.5770000 126.7580000 132.2950000
 137.7570000 126.3000000 131.3840000 138.2240000 126.1130000 133.3610000
 139.5180000 125.6000000 133.1740000 139.9500000 125.7490000 132.3640000
 140.1530000 124.8510000 134.1800000 140.9960000 124.4890000 134.0290000
 139.4880000 124.6220000 135.4000000 140.0680000 123.8410000 136.3460000
 139.5890000 123.7720000 137.0320000 138.2230000 125.2090000 135.6280000
 137.8000000 125.0690000 136.4440000 137.5980000 125.9650000 134.6140000
 136.7620000 126.3400000 134.7710000 137.6790000 128.7910000 130.5890000
 138.6180000 129.0320000 129.8340000 136.4410000 129.2110000 130.3010000
 135.8080000 129.0340000 130.8560000 136.0970000 129.8650000 129.0300000
 136.3100000 129.2600000 128.3020000 134.5870000 130.1610000 128.9740000
 134.1050000 129.3400000 128.7890000 134.2990000 130.4770000 129.8450000
 134.2150000 131.2050000 127.9330000 134.3380000 130.9070000 126.5650000
 134.5710000 130.0460000 126.3010000 134.1090000 131.9020000 125.5980000
 134.1850000 131.6920000 124.6950000 133.7380000 133.1970000 125.9950000
 133.5710000 133.8520000 125.3560000 133.6030000 133.4990000 127.3610000
 133.3530000 134.3540000 127.6290000 133.8430000 132.5040000 128.3260000
 133.7590000 132.7100000 129.2290000 136.9120000 131.1470000 128.7860000
 137.5540000 131.2780000 127.7400000 136.9410000 132.0740000 129.7560000
 136.5090000 131.9130000 130.4820000 137.6030000 133.3800000 129.5880000
 137.3030000 133.7750000 128.7540000 137.2500000 134.3360000 130.7390000
 137.6970000 135.1820000 130.5810000 137.5890000 133.9600000 131.5660000
 135.7440000 134.5990000 130.8840000 135.3000000 133.7630000 131.0980000
 135.3900000 134.9350000 130.0460000 135.4520000 135.6160000 131.9980000
 135.9790000 135.3990000 132.7830000 135.7260000 136.4950000 131.6930000
 134.0200000 135.6100000 132.3560000 133.5450000 134.9930000 131.9910000
 133.4290000 136.3090000 133.3110000 134.0490000 137.2070000 134.0280000
 134.8940000 137.3470000 133.9460000 133.6620000 137.6070000 134.6830000
 132.1660000 136.1080000 133.5680000 131.7920000 136.5160000 134.2260000
 131.7260000 135.4880000 133.1650000 139.1190000 133.2370000 129.4720000
 139.7080000 133.8180000 128.5600000 139.7330000 132.3670000 130.2790000
 139.2700000 131.9560000 130.8760000 141.1640000 132.0770000 130.1740000
 141.6380000 132.9230000 130.1520000 141.6650000 131.2910000 131.3920000
 141.0770000 130.5440000 131.5840000 142.5470000 130.9370000 131.1960000
 141.7880000 132.2120000 132.6100000 140.9080000 132.5220000 132.8750000
 142.3160000 132.9860000 132.3590000 142.6020000 131.4340000 134.0230000
 141.1490000 130.8440000 134.9130000 140.6230000 131.6000000 135.2170000
 141.4160000 130.3200000 135.6840000 140.6150000 130.2940000 134.3180000
 141.5270000 131.3470000 128.8800000 142.5000000 131.7250000 128.2350000
 140.7160000 130.4080000 128.3960000 140.0490000 130.1320000 128.8630000
 141.0240000 129.7260000 127.1380000 141.9750000 129.5370000 127.1170000
 140.3220000 128.3700000 127.0970000 139.3640000 128.5200000 127.1250000
 140.5460000 127.9530000 126.2500000 140.7050000 127.3810000 128.1950000
 141.9220000 127.4890000 128.9070000 142.5210000 128.1820000 128.7460000
 142.2600000 126.5380000 129.8840000 143.0500000 126.6160000 130.3690000
 141.4110000 125.4440000 130.1280000 141.7910000 124.4910000 131.0170000
 141.3420000 124.5150000 131.7270000 140.1740000 125.3520000 129.4530000
 139.5920000 124.6500000 129.6360000 139.8280000 126.3170000 128.4890000
 139.0150000 126.2470000 128.0430000 140.7710000 130.5970000 125.8990000
 141.6160000 130.6120000 125.0040000 139.8070000 131.5230000 125.9420000
 139.2480000 131.5070000 126.5960000 139.6740000 132.5760000 124.9280000
 139.6380000 132.1520000 124.0560000 138.3520000 133.3310000 125.1680000
 137.6160000 132.7020000 125.1110000 138.3630000 133.6880000 126.0700000
 138.0980000 134.4940000 124.1900000 138.8250000 135.1340000 124.2460000
 137.9700000 134.0180000 122.7400000 137.7400000 134.7680000 122.1690000
 138.8160000 133.6510000 122.4370000 137.2790000 133.3400000 122.6740000
 136.8070000 135.2180000 124.5710000 136.6600000 135.9700000 123.9760000
 136.8760000 135.5490000 125.4800000 136.0560000 134.6070000 124.5150000
 140.8900000 133.5200000 124.9300000 141.4560000 133.8080000 123.8700000
 141.3510000 133.9120000 126.1210000 140.9110000 133.6820000 126.8230000
 142.5250000 134.7530000 126.3090000 142.4100000 135.5630000 125.7880000
 142.6180000 135.1530000 127.7840000 141.8740000 135.7290000 128.0220000
 142.6040000 134.3670000 128.3530000 143.4550000 135.6190000 127.9330000
 143.8200000 134.0850000 125.8210000 144.4750000 134.6370000 124.9400000
 144.1530000 132.8720000 126.2710000 143.6620000 132.5140000 126.8800000
 145.3950000 132.1920000 125.8780000 146.1200000 132.8280000 125.9850000
 145.7080000 131.0140000 126.8170000 146.5800000 130.6570000 126.5860000
 145.7680000 131.3480000 127.7260000 144.6780000 129.8770000 126.7820000
 144.2670000 129.8370000 127.6600000 143.9800000 130.0860000 126.1410000
 145.3050000 128.2180000 126.4070000 145.7720000 128.3800000 124.6650000
 146.3870000 129.1220000 124.5530000 146.2070000 127.5640000 124.3730000
 144.9770000 128.5230000 124.1280000 145.4080000 131.7630000 124.4020000
 146.4650000 131.8390000 123.7780000 144.2540000 131.4750000 123.7800000
 143.5300000 131.4360000 124.2430000 144.1800000 131.2300000 122.3260000
 144.8770000 130.5970000 122.0900000 142.8270000 130.6080000 121.9130000
 142.1040000 131.1330000 122.2910000 142.6300000 130.5470000 120.3890000
 142.5640000 131.4410000 120.0190000 141.8070000 130.0770000 120.1810000
 143.3740000 130.0820000 119.9750000 142.7200000 129.1610000 122.4100000
 142.8410000 129.1240000 123.3720000 143.3970000 128.6080000 121.9890000
 141.8370000 128.8130000 122.2120000 144.4780000 132.5070000 121.5350000
 145.3170000 132.4750000 120.6360000 143.8710000 133.6470000 121.8830000
 143.3150000 133.6380000 122.5390000 144.0880000 134.9060000 121.1550000
 144.1330000 134.7010000 120.2080000 142.8990000 135.8540000 121.3920000
 142.7210000 135.8980000 122.3450000 143.1430000 136.7460000 121.0980000
 141.6140000 135.4300000 120.6510000 141.4080000 134.5030000 120.8480000
 140.4410000 136.2950000 121.1090000 139.6330000 136.0240000 120.6460000
 140.6200000 137.2310000 120.9270000 140.3050000 136.1710000 122.0610000
 141.7440000 135.6000000 119.1310000 140.8980000 135.3900000 118.7060000
 141.9900000 136.5140000 118.9180000 142.4140000 134.9930000 118.7790000
 145.4310000 135.5790000 121.4830000 146.1050000 136.0600000 120.5680000
 145.8980000 135.5290000 122.7320000 145.4040000 135.1710000 123.3380000
 147.2420000 135.9760000 123.1080000 147.3840000 136.8650000 122.7460000
 147.3970000 136.0540000 124.6410000 147.1570000 135.1950000 125.0220000
 148.3320000 136.2110000 124.8460000 146.5670000 137.1580000 125.3290000
 145.6280000 137.0570000 125.1050000 146.7240000 137.0460000 126.8450000
 146.3730000 136.1940000 127.1480000 147.6580000 137.1100000 127.0970000
 146.2290000 137.7550000 127.2850000 147.0140000 138.5650000 124.9180000
 146.8450000 138.7090000 123.9740000 146.5050000 139.2220000 125.4180000
 147.9580000 138.6820000 125.1100000 148.3160000 135.0790000 122.4800000
 149.1550000 135.5970000 121.7500000 148.1670000 133.7540000 122.5380000
 147.5220000 133.4240000 123.0020000 149.0900000 132.8070000 121.9080000
 148.7950000 131.9070000 122.1180000 149.9790000 132.9320000 122.2740000
 149.1640000 132.9460000 120.3840000 150.2510000 133.1740000 119.8480000
 148.0150000 133.0810000 119.7120000 147.2770000 132.9240000 120.1250000
 147.9600000 133.2980000 118.2670000 148.4930000 132.6100000 117.8390000
 146.5110000 133.1380000 117.7930000 146.4680000 133.2440000 116.8300000
 145.9450000 133.8020000 118.2160000 146.1900000 132.2520000 118.0230000
 148.5420000 134.6580000 117.8430000 149.3560000 134.7130000 116.9220000
 148.2150000 135.7560000 118.5360000 147.6740000 135.6760000 119.2000000
 148.7830000 137.0840000 118.2230000 148.6790000 137.2420000 117.2720000
 148.0670000 138.2270000 118.9600000 148.5680000 139.0440000 118.8120000
 146.6430000 138.4620000 118.4570000 146.2210000 139.1510000 118.9930000
 146.1180000 137.6480000 118.5120000 146.6640000 138.7540000 117.5320000
 148.0140000 138.0000000 120.3470000 147.4440000 137.3950000 120.4700000
 150.2830000 137.1650000 118.5150000 151.0400000 137.6940000 117.6970000
 150.7610000 136.5320000 119.5860000 150.2130000 136.1450000 120.1240000
 152.1800000 136.5470000 119.9310000 152.4990000 137.4530000 119.7940000
 152.3750000 136.2400000 121.4210000 153.3190000 136.0940000 121.5880000
 151.9040000 135.4240000 121.6500000 151.9060000 137.3680000 122.3170000
 150.6270000 137.8700000 122.3990000 150.6270000 138.9040000 123.2510000
 149.6880000 139.4200000 123.4510000 151.8650000 139.1160000 123.7220000
 152.1770000 139.8160000 124.3800000 152.6870000 138.1500000 123.1260000
 153.6040000 138.0590000 123.2510000 153.0080000 135.6360000 119.0100000
 154.0030000 136.1020000 118.4580000 152.5810000 134.3790000 118.8710000
 151.7520000 134.0710000 119.3600000 153.2740000 133.4230000 118.0320000
 153.2940000 133.7880000 117.0050000 154.7090000 133.2160000 118.5040000
 155.2440000 134.1650000 118.4670000 154.7040000 132.8420000 119.5280000
 155.5140000 132.2330000 117.6880000 156.8380000 131.9350000 117.9900000
 149.9360000 137.5270000 122.0180000 157.2680000 131.0520000 117.1080000
 149.8770000 139.4000000 123.4870000 156.2990000 130.7770000 116.2720000
 155.2070000 131.5390000 116.5600000 154.3010000 131.4420000 115.9610000
 152.5780000 132.0690000 118.0530000 151.5630000 131.9000000 118.7250000
 152.5060000 134.4500000 118.6500000 151.7880000 134.1750000 119.0360000
 153.1810000 133.5290000 117.7270000 154.1130000 133.4410000 117.9810000
 152.7660000 132.6560000 117.8070000 153.1150000 133.9320000 116.2480000
 154.1110000 133.8000000 115.5370000 151.9930000 134.5020000 115.7860000
 151.3180000 134.5530000 116.3160000 151.7750000 134.8290000 114.3670000
 152.4130000 134.3270000 113.8360000 150.3620000 134.3910000 113.9230000
 149.7080000 134.9290000 114.3970000 150.2610000 134.5920000 112.9800000
 150.0280000 132.8990000 114.1230000 150.1650000 132.6440000 115.0490000
 148.5610000 132.6490000 113.7690000 147.9950000 133.1900000 114.3420000
 148.3940000 132.8760000 112.8410000 148.3400000 131.7170000 113.9230000
 150.8920000 132.0130000 113.2210000 151.8180000 132.0580000 113.5070000
 150.8160000 132.2960000 112.2960000 150.5950000 131.0920000 113.2940000
 152.0120000 136.3050000 114.0040000 152.0750000 136.6030000 112.8100000
 152.0900000 137.2320000 114.9700000 151.9580000 136.9810000 115.7820000
 152.2610000 138.6780000 114.7070000 152.3940000 138.8030000 113.7540000
 151.0080000 139.5150000 115.0850000 150.9820000 139.6060000 116.0500000
 151.1310000 140.9290000 114.4870000 152.0190000 141.2910000 114.6350000
 150.9560000 140.9000000 113.5330000 150.4900000 141.5270000 114.9020000
 149.6650000 138.9010000 114.6340000 149.6200000 138.9230000 113.6650000
 149.6060000 137.9790000 114.9300000 148.4350000 139.6330000 115.1850000
 147.6370000 139.1290000 114.9620000 148.3600000 140.5170000 114.7920000
 148.5050000 139.7120000 116.1490000 153.5240000 139.2330000 115.3850000
 154.3950000 139.7730000 114.7020000 153.6690000 139.0720000 116.7060000
 153.0440000 138.6750000 117.1420000 154.8220000 139.6100000 117.4480000
 154.9570000 140.5340000 117.1860000 154.5240000 139.5830000 118.9540000
 154.2990000 138.6720000 119.2010000 153.7470000 140.1320000 119.1420000
 155.6680000 140.0280000 119.8470000 156.3410000 139.0810000 120.6440000
 156.0960000 138.1840000 120.6190000 157.3710000 139.4890000 121.5060000
 157.7930000 138.8650000 122.0520000 157.7390000 140.8440000 121.5720000
 158.4010000 141.1160000 122.1660000 157.0720000 141.7920000 120.7770000
 157.2950000 142.6920000 120.8490000 156.0420000 141.3840000 119.9110000
 155.5970000 142.0180000 119.3960000 156.1280000 138.8630000 117.1390000
 157.1070000 139.4690000 116.7020000 156.1240000 137.5340000 117.2650000
 155.4120000 137.1610000 117.5710000 157.3200000 136.7020000 117.1640000
 157.9590000 137.0660000 117.7970000 156.9720000 135.2760000 117.6270000
 156.7020000 135.3070000 118.5580000 156.2170000 134.9480000 117.1130000
 158.1270000 134.2740000 117.4760000 158.4330000 134.2570000 116.5560000
 159.3040000 134.6250000 118.3850000 159.5680000 135.5520000 118.2750000
 160.0660000 134.0760000 118.1410000 159.0650000 134.4730000 119.3130000
 157.6270000 132.8770000 117.8180000 156.9370000 132.6150000 117.1880000
 158.3530000 132.2350000 117.7780000 157.2480000 132.8890000 118.7110000
 158.0110000 136.7240000 115.7840000 159.2340000 136.8780000 115.7660000
 157.3070000 136.6970000 114.6310000 155.8830000 136.4620000 114.4540000
 155.5320000 135.8340000 115.1050000 155.4070000 137.3050000 114.5160000
 155.7380000 135.8970000 113.0460000 154.8620000 136.0850000 112.6730000
 155.9110000 134.9430000 113.0580000 156.8470000 136.6190000 112.2820000
 156.5170000 137.4820000 111.9880000 157.1510000 136.1000000 111.5210000
 157.9600000 136.8010000 113.3240000 158.6070000 136.0830000 113.2350000
 158.6700000 138.1480000 113.1510000 159.7850000 138.2120000 112.6310000
 158.0890000 139.2170000 113.7060000 157.3490000 139.1030000 114.1290000
 158.6840000 140.5570000 113.7180000 159.0310000 140.7390000 112.8310000
 157.6110000 141.6200000 114.0200000 157.1420000 141.3900000 114.8370000
 158.2050000 143.0240000 114.1860000 158.7620000 143.0570000 114.9790000
 157.4900000 143.6680000 114.3040000 158.7310000 143.2640000 113.4070000
 156.6040000 141.6520000 112.8650000 156.2000000 140.7780000 112.7500000
 155.8870000 142.2710000 113.0740000 157.0330000 141.9230000 112.0380000
 159.8680000 140.6370000 114.6820000 160.9270000 141.1110000 114.2710000
 159.7880000 140.0190000 115.8630000 159.0310000 139.6870000 116.1010000
 160.9000000 139.9550000 116.8150000 161.1960000 140.8640000 116.9770000
 160.3830000 139.3620000 118.1400000 160.1580000 138.4300000 117.9930000
 159.5700000 139.8230000 118.4010000 161.3910000 139.4480000 119.3020000
 162.2260000 139.0290000 119.0410000 161.6580000 140.9010000 119.7110000
 162.1430000 141.3670000 119.0120000 162.1910000 140.9210000 120.5210000
 160.8180000 141.3540000 119.8830000 160.8490000 138.7150000 120.5260000
 161.5300000 138.6710000 121.2150000 160.5790000 137.8140000 120.2900000
 160.0770000 139.1840000 120.8790000 162.1040000 139.1760000 116.2500000
 163.2070000 139.7230000 116.1980000 161.8600000 138.0300000 115.6030000
 161.0570000 137.7230000 115.6280000 162.8760000 137.2470000 114.8840000
 163.6100000 137.0690000 115.4930000 162.2720000 135.9040000 114.4290000
 161.4490000 136.0870000 113.9490000 162.8830000 135.4790000 113.8070000
 161.9790000 134.9090000 115.5700000 161.4880000 135.3560000 116.2770000
 161.1290000 133.7540000 115.0420000 160.2990000 134.1060000 114.6840000
 160.9150000 133.1430000 115.7640000 161.6010000 133.2790000 114.3400000
 163.2600000 134.3140000 116.1630000 163.7960000 135.0140000 116.5660000
 163.7720000 133.8670000 115.4710000 163.0310000 133.6770000 116.8580000
 163.4720000 138.0030000 113.6830000 164.6940000 138.0080000 113.5190000
 162.6680000 138.8010000 112.9690000 161.8210000 138.7400000 113.1030000
 163.1500000 139.6340000 111.8550000 163.5970000 139.0500000 111.2230000
 161.9710000 140.2910000 111.1280000 162.2530000 140.5200000 110.2290000
 161.2370000 139.6610000 111.0590000 161.5390000 141.4800000 111.7750000
 161.6350000 141.3730000 112.6030000 164.1660000 140.7070000 112.2810000
 164.9180000 141.2090000 111.4450000 164.1310000 141.1450000 113.5460000
 163.5660000 140.7770000 114.0800000 165.1600000 142.0050000 114.1320000
 165.5790000 142.5330000 113.4340000 164.5370000 142.9830000 115.1440000
 165.2590000 143.4490000 115.5940000 164.0610000 142.4790000 115.8220000
 163.6060000 144.0420000 114.5770000 164.1360000 145.1350000 113.8620000
 165.0500000 145.1820000 113.6970000 163.2920000 146.1860000 113.4470000
 163.6370000 146.9250000 113.0000000 161.9170000 146.1500000 113.7620000
 161.1090000 147.1900000 113.4330000 161.3950000 147.5710000 112.7410000
 161.3820000 145.0480000 114.4590000 160.4780000 145.0300000 114.6770000
 162.2280000 143.9990000 114.8660000 161.8790000 143.2930000 115.3600000
 166.2700000 141.1660000 114.7830000 167.4080000 141.1630000 114.3060000
 165.9350000 140.4420000 115.8560000 165.1040000 140.4180000 116.0740000
 166.8870000 139.8790000 116.8270000 167.7790000 140.1430000 116.5520000
 166.6780000 140.4800000 118.2400000 167.3990000 140.1460000 118.7960000
 166.8190000 142.0130000 118.2180000 166.9070000 142.3480000 119.1240000
 167.6140000 142.2670000 117.7240000 166.0380000 142.4200000 117.8120000
 165.3490000 140.0380000 118.8940000 165.2510000 139.0760000 118.8130000
 164.6040000 140.4560000 118.4350000 165.2680000 140.3860000 120.3860000
 165.2160000 141.3470000 120.5080000 166.0460000 140.0390000 120.8500000
 164.4740000 139.9820000 120.7690000 166.9310000 138.3460000 116.8550000
 167.5890000 137.7910000 117.7270000 166.3370000 137.6450000 115.8850000
 165.9140000 138.0660000 115.2650000 166.5480000 136.2010000 115.7170000
 166.2880000 135.7520000 116.5360000 165.9890000 135.8730000 114.9950000
 168.0140000 135.8450000 115.4040000 168.8080000 136.7300000 115.0780000
 168.4150000 134.5630000 115.4820000 167.6210000 133.4410000 115.9660000
 166.7280000 133.4340000 115.5880000 167.5680000 133.4770000 116.9340000
 168.3870000 132.1900000 115.5410000 168.1450000 131.9480000 114.6330000
 168.2280000 131.4490000 116.1460000 169.8440000 132.6500000 115.5810000
 170.1790000 132.5650000 116.4870000 170.3960000 132.1300000 114.9760000
 169.7900000 134.1390000 115.2030000 170.3860000 134.6190000 115.7990000
 170.2820000 134.4100000 113.7640000 169.5420000 134.8180000 112.8600000
 171.5990000 134.3000000 113.5780000 172.0630000 133.9830000 114.2290000
 172.2600000 134.1850000 112.2670000 172.0110000 134.9350000 111.7040000
 173.7820000 134.2230000 112.4890000 174.2470000 134.0250000 111.6610000
 174.0440000 135.1080000 112.7880000 174.1390000 133.2790000 113.4790000
 174.9700000 133.2940000 113.6030000 171.8650000 132.8870000 111.5370000
 171.0910000 132.0750000 112.0510000 172.3140000 132.7230000 110.2880000
 172.8580000 133.3040000 109.9620000 172.2290000 131.4310000 109.5900000
 171.3330000 131.0730000 109.6880000 172.5100000 131.5800000 108.0800000
 173.4010000 131.9420000 107.9530000 172.4200000 130.2300000 107.3600000
 173.1030000 129.6200000 107.6810000 171.5440000 129.8400000 107.5040000
 172.5520000 130.3530000 106.4070000 171.5000000 132.5300000 107.4220000
 171.6860000 132.6010000 106.4730000 171.5610000 133.4190000 107.8050000
 170.5980000 132.1900000 107.5330000 173.2090000 130.4510000 110.2440000
 174.4030000 130.7390000 110.3300000 172.7140000 129.3100000 110.7280000
 171.8750000 129.1480000 110.6340000 173.5560000 128.2440000 111.2720000
 174.2100000 128.6300000 111.8750000 172.6620000 127.2910000 112.0930000
 171.9690000 126.9180000 111.5260000 172.2320000 127.8000000 112.7980000
 173.4300000 126.1460000 112.7390000 174.3380000 125.5660000 112.1560000
 173.0350000 125.7240000 113.9150000 172.3620000 126.0580000 114.3330000
 173.4260000 125.0430000 114.2660000 174.3130000 127.5620000 110.1140000
 173.7460000 126.7490000 109.3780000 175.5840000 127.9420000 109.9130000
 175.8890000 128.5670000 110.4190000 176.3950000 127.5160000 108.7550000
 175.9200000 127.7610000 107.9460000 177.7630000 128.2400000 108.7560000
 178.2860000 127.8890000 108.0190000 178.2290000 128.0330000 109.5810000
 177.6570000 129.7760000 108.6000000 177.1180000 129.9660000 107.8160000
 177.2060000 130.1410000 109.3770000 179.0250000 130.4770000 108.4490000
 179.5780000 130.2800000 109.2210000 179.4720000 130.1410000 107.6560000
 178.8680000 131.9990000 108.3210000 178.4270000 132.3340000 109.1170000
 178.3100000 132.2120000 107.5560000 180.1630000 132.7060000 108.1720000
 180.1760000 133.5420000 108.4780000 180.5180000 132.6590000 107.3570000
 180.7480000 132.3080000 108.7110000 176.5660000 125.9880000 108.6850000
 176.5390000 125.4250000 107.5900000 176.5680000 125.2920000 109.8270000
 176.4820000 125.7210000 110.5680000 176.6140000 123.8290000 109.8780000
 177.3090000 123.5230000 109.2740000 177.0020000 123.4020000 111.2990000
 177.1050000 122.4380000 111.3320000 177.8420000 123.8160000 111.5510000
 176.3140000 123.6670000 111.9290000 175.2960000 123.1710000 109.4200000
 175.3220000 122.2990000 108.5470000 174.1380000 123.6750000 109.8780000
 174.1750000 124.3070000 110.4610000 172.8120000 123.2150000 109.4130000
 172.7780000 122.2480000 109.4830000 171.6830000 123.7920000 110.2890000
 170.8330000 123.5730000 109.8770000 171.7610000 124.7580000 110.3180000
 171.6740000 123.2220000 111.7210000 171.5970000 122.2560000 111.6740000
 172.5100000 123.4380000 112.1630000 170.4960000 123.7730000 112.5440000
 170.5080000 124.7430000 112.5270000 169.6670000 123.4660000 112.1440000
 170.5690000 123.2960000 114.0030000 171.3340000 123.7130000 114.4290000
 170.6900000 122.3340000 114.0020000 169.3390000 123.6300000 114.7610000
 169.1040000 124.4820000 114.6540000 168.6400000 123.1570000 114.4800000
 169.4870000 123.4960000 115.6280000 172.5600000 123.5320000 107.9310000
 171.9330000 122.7160000 107.2520000 173.1710000 124.5990000 107.4010000
 173.5370000 125.1540000 107.9460000 173.1590000 124.9290000 105.9670000
 172.2360000 124.9750000 105.6720000 173.7930000 126.3050000 105.7190000
 173.3950000 126.9580000 106.3160000 174.7470000 126.2740000 105.8930000
 173.5770000 126.7170000 104.3840000 173.9210000 127.4700000 104.2440000
 173.8560000 123.8640000 105.1180000 173.2060000 123.2160000 104.2990000
 175.1140000 123.5350000 105.4350000 175.5180000 123.9890000 106.0430000
 175.8840000 122.5120000 104.7110000 175.9190000 122.7450000 103.7700000
 177.3210000 122.4780000 105.2530000 177.3230000 122.1800000 106.1760000
 177.8330000 121.8480000 104.7230000 178.1200000 124.1080000 105.1420000
 177.5330000 124.6470000 106.0390000 175.2370000 121.1180000 104.8200000
 174.9420000 120.4880000 103.8060000 174.7520000 120.7640000 106.0170000
 174.9150000 121.2810000 106.6850000 174.0000000 119.5320000 106.2860000
 174.4860000 118.8050000 105.8670000 174.0080000 119.2970000 107.8030000
 173.6150000 118.4340000 108.0080000 173.5010000 119.9950000 108.2460000
 174.9210000 119.3090000 108.1310000 172.5670000 119.4990000 105.6930000
 171.7780000 118.6000000 106.0210000 172.2210000 120.4580000 104.8310000
 172.8130000 121.0590000 104.6630000 170.9450000 120.5650000 104.1070000
 170.4630000 119.7270000 104.1870000 170.0660000 121.6540000 104.7390000
 170.5180000 122.5110000 104.6870000 168.6950000 121.7770000 104.0760000
 168.1590000 122.4210000 104.5650000 168.2470000 120.9170000 104.0770000
 168.7960000 122.0920000 103.1640000 169.8490000 121.3240000 106.0950000
 170.4590000 121.7190000 106.5160000 171.1540000 120.8040000 102.6050000
 170.5330000 120.0950000 101.8180000 172.1940000 121.5480000 102.2140000
 172.6130000 122.0110000 102.8050000 172.7250000 121.6010000 100.8390000
 172.0380000 121.9340000 100.2410000 173.9200000 122.5750000 100.7960000
 173.6220000 123.4540000 101.0780000 174.5710000 122.2700000 101.4470000
 174.6020000 122.6870000  99.4100000 174.2840000 121.9830000  98.8240000
 174.3270000 123.5250000  99.0070000 176.1450000 122.6070000  99.4840000
 176.7340000 121.6850000  98.8510000 176.7130000 123.3900000 100.2790000
 173.1390000 120.2070000 100.3420000 172.5190000 119.6750000  99.4200000
 173.9530000 119.4950000 101.1280000 174.3330000 119.8900000 101.7900000
 174.3630000 118.1170000 100.8250000 174.7310000 118.0940000  99.9280000
 175.4600000 117.6670000 101.8000000 175.1650000 117.7830000 102.7170000
 175.6160000 116.7210000 101.6520000 176.7840000 118.4130000 101.5710000
 176.7910000 119.2340000 102.0880000 176.8550000 118.6530000 100.6340000
 177.9930000 117.5430000 101.9400000 178.7920000 117.2890000 101.0050000
 177.9800000 116.9680000 103.0550000 173.2060000 117.1040000 100.8440000
 173.3140000 116.0320000 100.2490000 172.0640000 117.4500000 101.4560000
 172.0140000 118.2580000 101.7460000 170.8450000 116.6230000 101.4260000
 171.1210000 115.6930000 101.4280000 170.0010000 116.9090000 102.6790000
 170.5870000 117.0370000 103.4410000 169.5000000 117.7280000 102.5390000
 169.0320000 115.7570000 102.9950000 169.5420000 114.9920000 103.3050000
 168.5420000 115.5020000 102.1980000 168.0200000 116.1920000 104.0590000
 168.5000000 116.4740000 104.8540000 167.5350000 116.9530000 103.7030000
 167.0820000 115.1030000 104.4170000 167.3080000 114.3050000 104.1890000
 165.8730000 115.2540000 104.9340000 165.4200000 116.4200000 105.2490000
 165.8260000 117.1240000 104.9680000 164.5780000 116.5840000 105.3040000
 165.1190000 114.2230000 105.1920000 165.4040000 113.4240000 105.0500000
 164.3500000 114.3500000 105.5550000 170.0200000 116.8160000 100.1460000
 169.2500000 115.9230000  99.7980000 170.0980000 117.9870000  99.5110000
 170.6320000 118.5810000  99.8290000 169.3470000 118.3210000  98.2930000
 168.6760000 117.6350000  98.1520000 168.6110000 119.6540000  98.4910000
 169.2440000 120.3260000  98.7900000 168.2570000 119.9470000  97.6370000
 167.4480000 119.5510000  99.4660000 166.3990000 118.6530000  99.1880000
 166.4230000 118.1420000  98.4110000 165.3210000 118.5240000 100.0810000
 164.6310000 117.9270000  99.8990000 165.2730000 119.3060000 101.2530000
 164.1640000 119.2100000 102.0340000 164.2710000 118.9100000 102.8110000
 166.3120000 120.2220000 101.5290000 166.2660000 120.7660000 102.2820000
 167.4030000 120.3340000 100.6380000 168.0920000 120.9330000 100.8150000
 170.1820000 118.2960000  97.0070000 169.5910000 118.2560000  95.9260000
 171.5020000 118.1290000  97.1230000 171.8270000 118.2270000  97.9130000
 172.4770000 117.9130000  96.0440000 172.5900000 118.7500000  95.5670000
 173.8050000 117.5500000  96.7360000 173.8450000 116.5960000  96.9070000
 173.8150000 117.9960000  97.5970000 175.0700000 118.0030000  95.9930000
 175.2170000 117.4530000  95.2080000 174.9570000 118.9280000  95.7220000
 176.2720000 117.9260000  96.9500000 176.5380000 117.0010000  97.0730000
 176.0050000 118.2870000  97.8100000 177.4560000 118.7600000  96.4560000
 177.1080000 119.5270000  95.9750000 177.9740000 118.2280000  95.8320000
 178.2790000 119.2400000  97.6040000 179.0770000 119.5220000  97.3290000
 178.3890000 118.6080000  98.2210000 177.8860000 119.9360000  97.9960000
 172.0200000 116.8370000  95.0430000 171.6750000 115.7250000  95.4420000
 171.9360000 117.1710000  93.7530000 172.1700000 117.9640000  93.5160000
 171.4120000 116.2870000  92.7010000 171.7330000 116.6190000  91.8480000
 171.7640000 115.3930000  92.8330000 169.8780000 116.1830000  92.6070000
 169.3680000 115.3740000  91.8280000 169.1190000 116.9840000  93.3610000
 169.5250000 117.5490000  93.8670000 167.6510000 117.1120000  93.2370000
 167.3290000 116.4540000  92.6010000 166.9120000 116.8620000  94.5660000
 165.9730000 116.7350000  94.3580000 167.3900000 115.6310000  95.3340000
 166.8360000 115.5050000  96.1200000 167.3250000 114.8470000  94.7670000
 168.3120000 115.7420000  95.6140000 166.9980000 117.9720000  95.4270000
 167.8170000 118.1480000  95.4920000 167.2750000 118.4890000  92.6920000
 168.0100000 119.4470000  92.8760000 166.0500000 118.6860000  92.2030000
 165.5260000 118.0190000  92.0620000 165.6260000 120.0260000  91.7580000
 166.3510000 120.4080000  91.2400000 164.4300000 119.9090000  90.8070000
 163.6930000 119.4500000  91.2400000 164.1430000 120.8040000  90.5680000
 164.8470000 119.1590000  89.5310000 164.7210000 118.2060000  89.6580000
 165.7900000 119.3070000  89.3610000 164.0690000 119.6680000  88.3170000
 164.6780000 120.4600000  87.5540000 162.8920000 119.2780000  88.1750000
 165.3950000 121.0460000  92.8930000 165.4370000 122.2480000  92.6280000
 165.4240000 120.6230000  94.1710000 165.5570000 119.7850000  94.3130000
 165.6000000 121.5560000  95.3020000 165.0290000 122.3250000  95.1500000
 165.1860000 120.9200000  96.6480000 165.6600000 121.3700000  97.3650000
 165.4400000 119.9840000  96.6610000 163.6740000 121.0590000  96.9260000
 163.4370000 121.9990000  96.8940000 163.1820000 120.5910000  96.2330000
 163.2790000 120.4940000  98.3050000 163.5340000 119.5590000  98.3290000
 163.7710000 120.9710000  98.9920000 161.8220000 120.5980000  98.5630000
 161.3510000 120.9510000  97.9360000 161.1510000 120.1450000  99.6170000
 161.7190000 119.6610000 100.6840000 162.5730000 119.6830000 100.7820000
 161.2620000 119.4400000 101.3780000 159.8470000 120.1510000  99.6190000
 159.4100000 120.4000000  98.9220000 159.4340000 119.7070000 100.2290000
 167.0100000 122.1630000  95.3740000 167.1050000 123.3120000  95.7700000
 168.0450000 121.5410000  94.8010000 167.9200000 120.7700000  94.4420000
 169.3740000 122.1600000  94.6160000 169.7270000 122.4320000  95.4780000
 170.3250000 121.1250000  93.9910000 169.9890000 120.9220000  93.1040000
 170.3020000 120.3180000  94.5280000 171.7930000 121.5410000  93.8290000
 171.8440000 122.3280000  93.2640000 172.1510000 121.7670000  94.7020000
 172.6190000 120.4070000  93.1860000 173.6860000 120.0780000  93.7430000
 172.0500000 119.6440000  92.3700000 169.3090000 123.4020000  93.7160000
 169.8650000 124.4440000  94.0540000 168.5140000 123.3440000  92.6370000
 168.0900000 122.6080000  92.5010000 168.2870000 124.4840000  91.7310000
 169.1420000 124.8810000  91.5020000 167.5820000 124.0210000  90.4420000
 167.4090000 124.7990000  89.8890000 166.7300000 123.6130000  90.6640000
 168.4280000 123.0260000  89.6320000 169.2530000 123.4620000  89.3670000
 168.6460000 122.2560000  90.1800000 167.6820000 122.5390000  88.3800000
 166.8800000 122.0660000  88.6510000 167.4250000 123.3070000  87.8460000
 168.5470000 121.6610000  87.5710000 169.3850000 121.6760000  87.7630000
 168.1800000 120.8980000  86.5560000 166.9460000 120.7350000  86.1780000
 166.2990000 120.9390000  86.7060000 166.7270000 120.1650000  85.5720000
 169.0940000 120.2720000  85.8670000 169.9220000 120.3440000  86.0900000
 168.8580000 119.7750000  85.2060000 167.4900000 125.5960000  92.4140000
 167.9040000 126.7470000  92.3740000 166.4470000 125.2300000  93.1610000
 166.2450000 124.3940000  93.1750000 165.6230000 126.1580000  93.9520000
 165.4830000 126.9590000  93.4240000 164.2510000 125.5110000  94.2220000
 164.3970000 124.7080000  94.7460000 163.7210000 126.1200000  94.7600000
 163.4380000 125.1500000  92.9620000 163.9620000 124.5800000  92.3780000
 162.1820000 124.3790000  93.3750000 162.4420000 123.5680000  93.8390000
 161.6750000 124.1370000  92.5840000 161.6340000 124.9280000  93.9570000
 163.0020000 126.3860000  92.1730000 163.7810000 126.8430000  91.8190000
 162.4410000 126.1220000  91.4270000 162.5120000 126.9960000  92.7470000
 166.2900000 126.6560000  95.2560000 165.6470000 127.3640000  96.0260000
 167.5500000 126.2850000  95.5090000 167.9040000 125.7020000  94.9850000
 168.4150000 126.8280000  96.5670000 167.9110000 127.4680000  97.0930000
 168.8620000 125.6750000  97.4930000 169.2550000 124.9840000  96.9370000
 169.5560000 125.9960000  98.0900000 167.7380000 125.0590000  98.3520000
 166.9480000 124.8990000  97.8120000 168.2020000 123.7190000  98.9350000
 168.4310000 123.1160000  98.2100000 168.9820000 123.8560000  99.4950000
 167.4870000 123.3240000  99.4580000 167.3400000 125.9640000  99.5190000
 166.9830000 126.7980000  99.1760000 166.6520000 125.5340000 100.0500000
 168.1120000 126.1540000 100.0750000 169.6200000 127.6150000  96.0000000
 170.4740000 128.0570000  96.7630000 169.7010000 127.7850000  94.6740000
 169.0630000 127.4660000  94.1930000 170.7570000 128.5170000  93.9590000
 171.2930000 129.0040000  94.6040000 171.6860000 127.5100000  93.2440000
 172.2330000 127.9810000  92.5960000 171.1520000 126.8600000  92.7610000
 172.6520000 126.8080000  94.1820000 173.7470000 127.2840000  94.4320000
 172.4130000 125.5570000  94.4980000 172.9960000 125.1730000  95.0010000
 171.6380000 125.2190000  94.3390000 170.1690000 129.5990000  93.0180000
 170.6930000 129.8290000  91.9270000 169.0510000 130.2160000  93.4200000
 168.7530000 130.0560000  94.2110000 168.3080000 131.2620000  92.7020000
 168.9260000 131.8070000  92.1910000 167.2850000 130.6150000  91.7480000
 167.0240000 129.7450000  92.0880000 166.4830000 131.1610000  91.7380000
 167.7550000 130.4940000  90.3110000 167.8960000 131.6600000  89.5370000
 167.7350000 132.4880000  89.9300000 168.2920000 131.5730000  88.1890000
 168.3940000 132.3500000  87.6880000 168.5420000 130.3150000  87.6120000
 168.8100000 130.2580000  86.7230000 168.4040000 129.1470000  88.3850000
 168.5830000 128.3150000  88.0090000 168.0140000 129.2380000  89.7340000
 167.9360000 128.4720000  90.2550000 167.6100000 132.2180000  93.6830000
 167.3510000 133.3660000  93.2590000 167.2740000 131.7550000  94.7970000
