
 Significant contributions to pK of each site from neighbouring groups. 
 The site of interest is listed first, list of neighbours with strong contributions follow. 
 The first number is the background contribution from non-titratable groups; 
 The last one is the interaction with other titratable groups. 

SITE:  CYS-  25
  23   GLN   -0.831632   0
  24   SER   -0.307988   0
  26   VAL   0.45535   0
  27   TRP   0.276607   0
  28   TYR   -0.279424   0.560182
  29   GLY   0.0889193   0
  30   GLU   0.000955253   0.214363
  31   CYS   -0.00944714   0.109063
  41   ASN   0.163274   0
  42   CYS   0.158185   0.218453
  43   GLU   -0.177622   0.19805
  44   TYR   0.15869   0.404144
  46   GLY   0.440724   0
  48   PRO   -0.70959   0
  49   LYS   0.083056   -0.210197
  63   CYS   0.109392   0.380943
  72   SER   0.193719   0
  73   LEU   -0.446513   0
  74   CYS   -0.436073   4.69174
  75   CYS   -0.071615   0.864733
  76   ASP   -0.0247021   0.289848
 109   CYS   0.2377   0.429017
 110   GLU   0.258625   0.421906
 111   LEU   0.236152   0
 112   THR   0.13244   0
 113   CYS   -0.294901   1.19322
 114   SER   2.07096   0
 115   PRO   -0.088846   0
 116   ARG   -0.429554   -0.435921
 117   GLN   -0.233888   0
 118   SER   -0.693534   0
 146   TYR   -0.0286226   0.392891
 147   TYR   0.0607898   0.131085
 218   GLU   0.0451248   0.11298
SITE:  TYR-  28
  25   CYS   -0.160522   0.560182
  26   VAL   0.21106   0
  27   TRP   0.188126   0
  29   GLY   -0.17782   0
  30   GLU   0.104097   0.454898
  31   CYS   -0.00821043   0.211177
  42   CYS   0.129056   0.363724
  43   GLU   -0.058286   0.106877
  44   TYR   0.0523212   0.337856
  47   PRO   0.154136   0
  48   PRO   -0.3129   0
  49   LYS   0.64115   -0.368858
  50   PRO   0.139939   0
  51   LEU   -0.334133   0
  52   PRO   -0.153014   0
  54   ASP   -0.134739   0.165639
  56   TYR   0.0483056   0.11682
  63   CYS   0.0773507   0.28031
  73   LEU   0.290872   0
  74   CYS   0.0853818   1.03139
  75   CYS   1.8651   1.18788
  76   ASP   -0.635417   1.48678
  78   ARG   -0.170397   -0.132779
  79   GLN   -0.402274   0
 109   CYS   0.0679742   0.209341
 110   GLU   0.051742   0.120239
 112   THR   0.0951807   0
 113   CYS   0.000790947   0.648706
 131   ASP   0.00899857   0.107503
 138   LYS   -0.0192903   -0.192662
 146   TYR   -0.00567435   0.113366
SITE:  GLU-  30
  25   CYS   -0.0835056   0.214363
  27   TRP   0.21103   0
  28   TYR   -0.224092   0.454898
  29   GLY   -0.397592   0
  31   CYS   -0.155584   0.579708
  32   GLY   0.222888   0
  37   ASP   0.0748207   0.243461
  38   LYS   -0.0844804   -0.238504
  39   ARG   -0.422037   -0.450726
  40   TYR   0.191487   0.123659
  41   ASN   -0.11964   0
  42   CYS   0.18357   0.785735
  43   GLU   -0.0467758   0.112495
  44   TYR   0.0409081   0.113666
  54   ASP   -0.0553072   0.102747
  63   CYS   0.043148   0.170403
  74   CYS   0.0656702   0.364158
  75   CYS   -0.0775764   0.56815
  76   ASP   -0.176482   0.892807
  78   ARG   -0.722523   -0.508956
  82   THR   -0.291352   0
  85   ASP   -0.109228   0.227343
 109   CYS   0.0359627   0.180391
 110   GLU   0.0182722   0.115807
 113   CYS   -0.0257558   0.410944
 129   TYR   -0.000176385   0.268952
 131   ASP   -0.00221362   0.187399
 138   LYS   -7.93073e-05   -0.280102
 140   ASN   0.0591276   0
 146   TYR   -0.0118102   0.139821
 202   PRO   -0.116119   0
SITE:  CYS-  31
  25   CYS   -0.0346656   0.109063
  28   TYR   0.110477   0.211177
  29   GLY   0.116515   0
  30   GLU   -0.660323   0.579708
  32   GLY   -0.172362   0
  38   LYS   0.0340332   -0.101915
  39   ARG   -0.464812   -0.271303
  40   TYR   0.587948   0.186176
  42   CYS   -1.13763   3.10803
  43   GLU   -0.0276881   0.246739
  44   TYR   0.032731   0.121889
  74   CYS   0.0253341   0.150645
  75   CYS   -0.00522991   0.146773
  76   ASP   -0.0128976   0.249831
  78   ARG   -0.0673631   -0.143827
 113   CYS   -0.0136972   0.124065
 127   GLU   0.199692   0.275988
 128   ASP   -0.25024   0.170631
 129   TYR   0.479365   1.34351
 130   VAL   0.114606   0
 131   ASP   0.176152   0.99776
 136   GLN   0.0286475   0
 137   THR   -0.244912   0
 138   LYS   0.0710941   -1.30669
 139   THR   0.168092   0
 140   ASN   1.41516   0
 142   LYS   -0.00383154   -0.100225
SITE:  TYR-  35
  37   ASP   -0.0104412   0.172333
  38   LYS   -0.045319   -0.286489
  40   TYR   0.0227686   0.327046
 142   LYS   0.0268172   -0.168445
 143   GLU   0.00705323   0.103992
 196   LYS   0.340242   -2.20036
 197   ASP   0.0317846   0.223111
 199   GLY   0.0242342   0
 201   ALA   0.177384   0
 202   PRO   0.1361   0
SITE:  ASP-  37
  30   GLU   -0.0727329   0.243461
  34   ALA   -0.158828   0
  35   TYR   0.37472   0.172333
  36   GLY   -0.132763   0
  38   LYS   -0.567065   -1.77432
  39   ARG   0.140622   -0.420964
  40   TYR   0.0469331   0.135309
  75   CYS   -0.0164271   0.120988
  78   ARG   0.142305   -0.285918
  85   ASP   -0.0163268   0.49675
 113   CYS   -0.00724594   0.118724
 196   LYS   0.0252521   -0.257305
 199   GLY   0.102924   0
 200   GLN   0.285048   0
 202   PRO   -0.0561093   0
SITE:  LYS-  38
  30   GLU   -0.10989   0.238504
  31   CYS   0.00259987   0.101915
  32   GLY   0.132268   0
  34   ALA   -0.193999   0
  35   TYR   0.407212   0.286489
  36   GLY   -0.18919   0
  37   ASP   0.514662   1.77432
  39   ARG   0.267374   -0.495449
  40   TYR   0.040089   0.196696
  42   CYS   0.0230302   0.108189
  75   CYS   -0.0209232   0.148793
  78   ARG   0.0850905   -0.191973
  85   ASP   -0.0504619   0.441639
  86   ASN   -0.156489   0
  88   GLN   -0.180953   0
 109   CYS   0.000204686   0.112612
 113   CYS   -0.0117781   0.154367
 146   TYR   -0.00907885   0.116263
 192   TYR   0.0261968   0.137506
 196   LYS   0.0564409   -0.461199
 199   GLY   0.471355   0
 200   GLN   0.835448   0
 202   PRO   -0.0421556   0
SITE:  ARG-  39
  30   GLU   0.0654545   0.450726
  31   CYS   0.0823266   0.271303
  32   GLY   0.301814   0
  33   ILE   -0.207533   0
  37   ASP   0.205568   0.420964
  38   LYS   0.533715   -0.495449
  40   TYR   0.0160654   0.146039
  42   CYS   0.0186433   0.195811
  75   CYS   -0.00977704   0.113503
  76   ASP   0.00110638   0.159381
  78   ARG   0.174216   -0.535354
  85   ASP   -0.0532922   0.243678
 113   CYS   -0.00427743   0.100425
 129   TYR   -0.0021002   0.325329
 131   ASP   -0.0191422   0.14618
 138   LYS   0.0185633   -0.144139
 196   LYS   -0.00502019   -0.115296
SITE:  TYR-  40
  30   GLU   -0.0914295   0.123659
  31   CYS   -0.0357736   0.186176
  34   ALA   -0.278542   0
  35   TYR   0.0761204   0.327046
  37   ASP   -0.00743902   0.135309
  38   LYS   0.160583   -0.196696
  39   ARG   -0.0183792   -0.146039
  42   CYS   -0.0106011   0.158474
 127   GLU   0.24438   0.593592
 129   TYR   -0.0229388   0.147505
 140   ASN   -0.192646   0
 141   VAL   0.144133   0
 142   LYS   -0.0549578   -0.937526
 143   GLU   0.0281046   0.295495
 196   LYS   -0.122039   -0.679002
 197   ASP   -0.0334077   0.111954
 202   PRO   0.51838   0
 203   PHE   -0.183152   0
 204   THR   0.151971   0
SITE:  CYS-  42
  25   CYS   -0.0723166   0.218453
  28   TYR   0.570374   0.363724
  29   GLY   0.576645   0
  30   GLU   -0.723168   0.785735
  31   CYS   0.0927542   3.10803
  32   GLY   -0.0718419   0
  38   LYS   -0.00481299   -0.108189
  39   ARG   -0.31827   -0.195811
  40   TYR   0.483708   0.158474
  41   ASN   -0.453682   0
  43   GLU   -0.246708   0.472607
  44   TYR   0.105995   0.212775
  74   CYS   0.04704   0.304173
  75   CYS   -0.0127861   0.264742
  76   ASP   -0.0411956   0.371142
  78   ARG   -0.0963318   -0.137102
  79   GLN   0.251836   0
 113   CYS   -0.034581   0.230776
 126   THR   -0.219866   0
 127   GLU   0.147648   0.22046
 128   ASP   -0.13701   0.126755
 129   TYR   0.0605519   0.439776
 131   ASP   0.0499085   0.414518
 138   LYS   -0.104483   -0.778677
 139   THR   0.457304   0
 140   ASN   0.722234   0
 141   VAL   -0.0114987   0
SITE:  GLU-  43
  25   CYS   -0.0493786   0.19805
  26   VAL   -0.249532   0
  27   TRP   -0.300332   0
  28   TYR   0.0328199   0.106877
  29   GLY   0.144537   0
  30   GLU   -0.0545326   0.112495
  31   CYS   -0.00551254   0.246739
  42   CYS   -0.22828   0.472607
  44   TYR   -0.207584   0.156494
  74   CYS   0.00542913   0.183021
  75   CYS   -0.0105012   0.102304
 113   CYS   -0.0241458   0.111223
 123   VAL   -0.154786   0
 126   THR   -1.07673   0
 127   GLU   0.0733595   0.224396
 128   ASP   -0.052412   0.191315
 138   LYS   -0.0771338   -0.164138
 139   THR   0.0334764   0
 141   VAL   -0.0874076   0
 143   GLU   0.0478235   0.112528
SITE:  TYR-  44
  23   GLN   -0.183631   0
  24   SER   -0.199839   0
  25   CYS   0.0524419   0.404144
  28   TYR   -0.0527264   0.337856
  30   GLU   0.00451459   0.113666
  31   CYS   -0.00430462   0.121889
  42   CYS   0.0415474   0.212775
  43   GLU   -0.0748232   0.156494
  45   SER   -0.262536   0
  46   GLY   -0.966942   0
  47   PRO   1.29231   0
  48   PRO   -0.0591889   0
  49   LYS   -0.116535   -0.304987
  74   CYS   -0.0560759   0.426867
  75   CYS   0.0219083   0.181255
  76   ASP   -0.0219897   0.159182
 113   CYS   -0.025177   0.162492
 138   LYS   -0.0428786   -0.149464
SITE:  LYS-  49
  25   CYS   -0.00792599   0.210197
  28   TYR   -0.010964   0.368858
  44   TYR   -0.0201582   0.304987
  47   PRO   0.0833604   0
  50   PRO   -0.313796   0
  56   TYR   0.0253442   0.121396
  73   LEU   0.290133   0
  74   CYS   -0.0576621   0.283482
  75   CYS   0.0768513   0.170014
  76   ASP   -0.0200947   0.166495
 113   CYS   0.0191709   0.131626
SITE:  LYS-  53
  54   ASP   -0.392966   0.283951
  56   TYR   -0.0606292   0.412023
  57   ASP   -0.0105624   0.101757
SITE:  ASP-  54
  28   TYR   -0.0165847   0.165639
  30   GLU   0.0215168   0.102747
  52   PRO   -0.0451768   0
  53   LYS   0.266146   -0.283951
  55   GLY   -0.409118   0
  56   TYR   -0.0275782   0.171601
  57   ASP   -0.103944   0.250719
  61   GLU   -0.0317854   0.135156
  75   CYS   0.0214992   0.178074
  76   ASP   -0.0216354   0.230913
  78   ARG   -0.0238212   -0.117827
  84   LYS   -0.0218893   -0.105118
 113   CYS   0.0204692   0.108015
 973   ASP   0.0137333   0.102617
 978   ARG   0.0216196   -0.162294
SITE:  TYR-  56
  28   TYR   -0.021849   0.11682
  49   LYS   0.0219998   -0.121396
  51   LEU   0.10855   0
  53   LYS   -0.383196   -0.412023
  54   ASP   0.0136002   0.171601
  57   ASP   -0.0352052   0.175072
  63   CYS   0.0294562   0.128282
  69   GLY   -0.0782076   0
  71   VAL   -0.156431   0
  74   CYS   -0.00314842   0.100208
  75   CYS   0.0121016   0.156619
 113   CYS   0.0351804   0.122319
 978   ARG   0.022173   -0.126347
SITE:  ASP-  57
  53   LYS   0.0418791   -0.101757
  54   ASP   0.150795   0.250719
  55   GLY   0.0380128   0
  56   TYR   0.0832186   0.175072
  58   LEU   -0.235764   0
  60   GLN   -0.457095   0
  61   GLU   -0.264406   0.546629
  63   CYS   -0.013449   0.220974
  75   CYS   -0.00636735   0.172977
  84   LYS   -0.0209658   -0.299983
 109   CYS   -0.00799663   0.123308
 113   CYS   0.0278265   0.135419
 951   LYS   0.0102824   -0.103975
 952   PRO   0.0694734   0
 956   CYS   0.00934308   0.150995
 957   CYS   0.0582592   0.193114
 958   ARG   -0.0145611   -0.316681
 973   ASP   0.0191613   0.216346
 976   CYS   0.050416   0.194666
 978   ARG   0.249466   -1.72677
 979   CYS   -0.0185308   0.152288
 982   LEU   -0.0134629   0
 987   LYS   0.0023828   -0.226788
SITE:  GLU-  61
  54   ASP   0.0163016   0.135156
  55   GLY   0.118039   0
  57   ASP   0.240339   0.546629
  58   LEU   0.320206   0
  59   VAL   0.0606784   0
  62   LEU   -0.433758   0
  63   CYS   -0.0424892   0.474568
  64   PRO   -0.0515225   0
  74   CYS   0.00501142   0.110515
  75   CYS   -0.0321308   0.310458
  76   ASP   0.0373516   0.108802
  78   ARG   0.0438517   -0.100682
  80   LEU   0.0873254   0
  84   LYS   -0.234285   -1.76685
  85   ASP   -0.0323966   0.176865
  96   ARG   0.00748041   -0.106177
  97   CYS   -0.0032197   0.12776
 100   CYS   0.00424726   0.16821
 102   TYR   0.0387454   0.174727
 109   CYS   -0.0530417   0.325511
 110   GLU   -0.0159282   0.133353
 113   CYS   0.0356432   0.275897
 160   CYS   0.00131253   0.117705
 232   ASP   -0.00115288   0.208988
 238   CYS   -0.0135515   0.105854
 515   TYR   0.00748544   0.103351
 948   ASP   0.0453727   0.158576
 951   LYS   0.0266491   -0.256251
 952   PRO   0.0966981   0
 956   CYS   0.00425419   0.29277
 957   CYS   0.0650456   0.218078
 958   ARG   0.0563584   -0.367612
 973   ASP   0.0270104   0.22504
 976   CYS   0.0365911   0.139864
 978   ARG   -0.201562   -0.325273
 979   CYS   -0.0282222   0.136767
 987   LYS   0.00837193   -0.371358
1010   LYS   0.0326938   -0.114985
1011   CYS   0.0120797   0.195921
SITE:  CYS-  63
  25   CYS   -0.0730192   0.380943
  28   TYR   -0.144064   0.28031
  30   GLU   0.00369116   0.170403
  51   LEU   -0.180641   0
  55   GLY   0.228434   0
  56   TYR   0.205874   0.128282
  57   ASP   0.119575   0.220974
  58   LEU   0.341392   0
  59   VAL   0.799259   0
  61   GLU   -0.30232   0.474568
  62   LEU   -0.562715   0
  64   PRO   -0.227342   0
  65   GLY   -0.43694   0
  66   PHE   -0.403351   0
  73   LEU   -0.251522   0
  74   CYS   0.00652461   0.644892
  75   CYS   -0.327414   1.54355
  76   ASP   0.0916015   0.26982
  79   GLN   -0.219354   0
  80   LEU   -0.084443   0
  84   LYS   -0.0184361   -0.246282
  85   ASP   -0.0466553   0.107758
  97   CYS   0.0144953   0.133561
 100   CYS   0.0432438   0.210935
 102   TYR   0.224934   0.492097
 105   LEU   0.169848   0
 106   ASN   0.434226   0
 109   CYS   0.0210632   2.64676
 110   GLU   -0.0689255   0.720176
 112   THR   -0.33579   0
 113   CYS   0.332286   1.83191
 115   PRO   -0.0405019   0
 116   ARG   -0.107641   -0.150538
 146   TYR   -0.0106776   0.417761
 160   CYS   -0.00721148   0.169872
 225   LYS   0.00713707   -0.125225
 232   ASP   -0.00668759   0.28226
 238   CYS   -0.00451843   0.11317
 951   LYS   -0.00922597   -0.14421
 978   ARG   -0.058205   -0.106702
 987   LYS   -0.00739517   -0.340396
SITE:  CYS-  74
  23   GLN   -0.420422   0
  24   SER   -0.251314   0
  25   CYS   -1.64245   4.69174
  26   VAL   0.773778   0
  27   TRP   0.620952   0
  28   TYR   -0.551882   1.03139
  29   GLY   0.0830452   0
  30   GLU   0.0348038   0.364158
  31   CYS   -0.00838495   0.150645
  41   ASN   0.178769   0
  42   CYS   0.24092   0.304173
  43   GLU   -0.174546   0.183021
  44   TYR   0.112428   0.426867
  46   GLY   0.230364   0
  47   PRO   0.124898   0
  48   PRO   -0.873492   0
  49   LYS   0.213505   -0.283482
  56   TYR   0.0604722   0.100208
  61   GLU   -0.0619104   0.110515
  63   CYS   0.198717   0.644892
  72   SER   0.0709998   0
  73   LEU   -0.562132   0
  75   CYS   -0.336612   1.77265
  76   ASP   -0.0202838   0.516255
  79   GLN   -0.183877   0
 102   TYR   0.0431804   0.100731
 107   LEU   0.126614   0
 108   PHE   0.15337   0
 109   CYS   0.371025   0.648699
 110   GLU   0.348494   0.470351
 111   LEU   0.25406   0
 112   THR   0.297431   0
 113   CYS   -0.527866   2.32859
 114   SER   1.44312   0
 115   PRO   -0.0268881   0
 116   ARG   -0.249504   -0.279508
 117   GLN   -0.331514   0
 118   SER   -0.239308   0
 146   TYR   -0.0314243   0.426407
 147   TYR   0.0605077   0.103063
SITE:  CYS-  75
  23   GLN   -0.165237   0
  25   CYS   -0.263108   0.864733
  26   VAL   0.295206   0
  27   TRP   0.422618   0
  28   TYR   -0.744476   1.18788
  30   GLU   0.0280463   0.56815
  31   CYS   -0.00496644   0.146773
  37   ASP   0.0226821   0.120988
  38   LYS   -0.0664964   -0.148793
  39   ARG   -0.0109079   -0.113503
  41   ASN   0.126588   0
  42   CYS   0.140725   0.264742
  43   GLU   -0.0815999   0.102304
  44   TYR   0.0608086   0.181255
  48   PRO   -0.236632   0
  49   LYS   0.245518   -0.170014
  51   LEU   -0.373578   0
  52   PRO   -0.132018   0
  54   ASP   -0.137893   0.178074
  55   GLY   0.236819   0
  56   TYR   0.151022   0.156619
  57   ASP   -0.0013869   0.172977
  59   VAL   -0.0800056   0
  61   GLU   -0.198913   0.310458
  62   LEU   -0.346434   0
  63   CYS   0.531274   1.54355
  66   PHE   -0.249581   0
  73   LEU   -0.397344   0
  74   CYS   0.0609998   1.77265
  76   ASP   0.0983478   1.23709
  77   VAL   0.257128   0
  78   ARG   -0.055215   -0.237374
  79   GLN   -1.81224   0
  80   LEU   -0.441918   0
  82   THR   -0.202525   0
  83   LEU   -0.257958   0
  84   LYS   -0.0753763   -0.20315
  85   ASP   -0.109641   0.160031
 100   CYS   0.0257364   0.10522
 102   TYR   0.0693112   0.143486
 105   LEU   0.138832   0
 106   ASN   0.208322   0
 108   PHE   0.138137   0
 109   CYS   0.315037   1.01733
 110   GLU   0.15381   0.459166
 112   THR   -0.398362   0
 113   CYS   0.908454   4.2866
 114   SER   0.158753   0
 115   PRO   -0.0170814   0
 116   ARG   -0.104098   -0.13002
 117   GLN   -0.26622   0
 146   TYR   -0.0152627   0.380183
 160   CYS   0.000709678   0.102808
 202   PRO   -0.102616   0
 987   LYS   -0.000131595   -0.123061
SITE:  ASP-  76
  25   CYS   -0.100471   0.289848
  26   VAL   0.129088   0
  27   TRP   0.17011   0
  28   TYR   -0.44749   1.48678
  29   GLY   -0.245922   0
  30   GLU   0.278452   0.892807
  31   CYS   -0.0174575   0.249831
  39   ARG   -0.0523499   -0.159381
  42   CYS   0.108119   0.371142
  44   TYR   0.0372688   0.159182
  49   LYS   0.138832   -0.166495
  51   LEU   -0.229302   0
  52   PRO   -0.179068   0
  54   ASP   -0.160884   0.230913
  61   GLU   -0.0415396   0.108802
  63   CYS   0.0783774   0.26982
  74   CYS   0.0687469   0.516255
  75   CYS   -0.0459551   1.23709
  77   VAL   -0.639864   0
  78   ARG   -0.674518   -0.27098
  79   GLN   -0.954419   0
  80   LEU   -0.273478   0
 109   CYS   0.046453   0.201684
 110   GLU   0.0323862   0.104614
 113   CYS   0.0252552   0.580299
 129   TYR   -0.00799289   0.130737
 131   ASP   0.00743266   0.12492
 138   LYS   -0.011798   -0.202851
 146   TYR   -0.00692848   0.104695
SITE:  ARG-  78
  28   TYR   -0.0344449   0.132779
  30   GLU   0.047304   0.508956
  31   CYS   0.0101206   0.143827
  37   ASP   0.0100715   0.285918
  38   LYS   -0.040656   -0.191973
  39   ARG   0.037092   -0.535354
  42   CYS   0.0270726   0.137102
  54   ASP   -0.0229219   0.117827
  61   GLU   -0.00948478   0.100682
  75   CYS   -0.0120164   0.237374
  76   ASP   0.0373483   0.27098
  81   GLN   0.320332   0
  82   THR   -0.165919   0
  84   LYS   -0.0565463   -0.121011
  85   ASP   -0.0816647   0.35055
 113   CYS   0.00448402   0.155479
 129   TYR   -0.0056797   0.123031
SITE:  LYS-  84
  54   ASP   0.0149876   0.105118
  57   ASP   -0.0310854   0.299983
  61   GLU   0.685776   1.76685
  63   CYS   -0.00782458   0.246282
  75   CYS   -0.0192274   0.20315
  78   ARG   0.0557957   -0.121011
  80   LEU   0.20785   0
  81   GLN   0.0052357   0
  85   ASP   -0.491463   0.410094
  96   ARG   0.00205559   -0.11001
  97   CYS   -0.0027273   0.11491
 100   CYS   0.00387987   0.148928
 102   TYR   0.0283869   0.110953
 109   CYS   -0.0400414   0.211123
 113   CYS   0.01341   0.182017
 160   CYS   0.0028289   0.108529
 232   ASP   0.000440203   0.131926
 515   TYR   0.00873763   0.122768
 948   ASP   0.0408454   0.146086
 951   LYS   0.0312226   -0.225518
 952   PRO   0.0691428   0
 956   CYS   0.0154949   0.294268
 957   CYS   0.0454196   0.177495
 958   ARG   0.058592   -0.335446
 973   ASP   0.029323   0.231454
 976   CYS   0.0302402   0.122729
 978   ARG   -0.131979   -0.217798
 979   CYS   -0.0207818   0.106699
 987   LYS   0.0135266   -0.215497
1010   LYS   0.030377   -0.148158
1011   CYS   0.0129977   0.216242
SITE:  ASP-  85
  30   GLU   -0.0463443   0.227343
  37   ASP   0.00148356   0.49675
  38   LYS   -0.0753145   -0.441639
  39   ARG   0.0110932   -0.243678
  61   GLU   0.0029512   0.176865
  63   CYS   0.0111861   0.107758
  75   CYS   -0.0163839   0.160031
  78   ARG   0.181074   -0.35055
  81   GLN   0.29457   0
  82   THR   0.398408   0
  83   LEU   0.174387   0
  84   LYS   0.265132   -0.410094
  86   ASN   -0.437064   0
  88   GLN   -0.285766   0
 109   CYS   -0.00997996   0.123039
 113   CYS   -0.00307095   0.153684
 202   PRO   -0.07256   0
 530   HIS   -0.00473048   -0.103198
SITE:  ARG-  96
  61   GLU   0.0167903   0.106177
  84   LYS   0.0205632   -0.11001
  93   PHE   0.166823   0
  94   LEU   0.119674   0
  97   CYS   -0.20768   0.518161
  98   PRO   -0.0225978   0
 100   CYS   -0.0633186   0.389368
 160   CYS   0.0487036   0.252704
 162   ASP   -0.0597007   0.157126
 163   VAL   -0.175527   0
 164   GLU   0.0886829   0.939659
 166   PRO   -0.160841   0
 168   SER   0.173567   0
 170   ASP   0.076025   0.119466
 171   LYS   -0.0511047   -0.127259
 227   CYS   0.0256882   0.150237
 238   CYS   -0.150978   0.379886
 240   CYS   -0.0250046   0.181896
 241   GLN   0.106572   0
 242   ASP   0.424848   1.46675
 243   CYS   -0.0117836   0.18731
 247   CYS   -0.00596337   0.102322
 487   TYR   -0.00151171   0.203615
 512   HIS   0.0415482   -0.13438
 515   TYR   0.179976   0.519794
 516   CYS   0.0252206   0.243989
 518   ARG   -0.0601811   -0.599732
 520   PRO   -0.028718   0
 525   ASP   0.0392427   0.172214
 533   CYS   0.0198987   0.205929
 550   TYR   -0.016684   0.122942
 555   TYR   -0.0223282   0.247998
 909   CYS   -0.00507081   0.130779
 914   CYS   -0.00205719   0.103507
 944   ASP   -0.0380968   0.22998
 945   ASP   0.0348916   0.316557
 948   ASP   0.00998507   0.343876
 951   LYS   0.0060166   -0.322659
 956   CYS   -0.0292848   0.189678
 989   ARG   -0.0524128   -0.106181
1005   ASP   0.0168905   0.108503
1011   CYS   0.04255   0.213795
1013   LYS   -0.0426029   -0.27685
1016   HID   0.0297896   -0.208859
1019   TYR   -0.0187677   0.24548
1041   TYR   0.0118289   0.108601
SITE:  CYS-  97
  61   GLU   0.0232882   0.12776
  63   CYS   -0.0295246   0.133561
  84   LYS   0.0211845   -0.11491
  90   PRO   0.160646   0
  91   LEU   0.145366   0
  93   PHE   0.146265   0
  94   LEU   0.859671   0
  96   ARG   -0.653694   -0.518161
  98   PRO   -0.130476   0
  99   SER   -0.779802   0
 100   CYS   -1.45131   3.69797
 101   PHE   -0.282   0
 102   TYR   -0.218836   0.215241
 103   ASN   -0.522497   0
 109   CYS   -0.0367419   0.16016
 110   GLU   -0.0160095   0.147443
 146   TYR   -0.015845   0.140913
 156   MET   0.307704   0
 157   TYR   0.2504   0.173258
 159   ALA   0.42138   0
 160   CYS   0.0250721   1.73564
 161   ARG   -0.119926   -0.328368
 162   ASP   -0.706006   0.58974
 163   VAL   -0.398289   0
 164   GLU   0.0760121   0.36552
 170   ASP   0.0435217   0.103708
 171   LYS   -0.129422   -0.225617
 177   CYS   -0.00254296   0.212725
 184   CYS   0.0111651   0.169033
 224   THR   -0.193869   0
 225   LYS   0.228216   -0.157768
 226   GLY   0.114756   0
 227   CYS   0.209386   1.25672
 228   ASP   -0.0423159   0.208431
 229   GLU   0.196918   0.16039
 232   ASP   0.0114348   0.170893
 236   ALA   0.201396   0
 237   PRO   -0.193806   0
 238   CYS   -1.46378   4.0583
 239   SER   0.403196   0
 240   CYS   0.0179086   0.217109
 242   ASP   0.00469423   1.29053
 243   CYS   -0.204221   1.10211
 247   CYS   0.0212344   0.160075
 515   TYR   0.0353984   0.180563
 518   ARG   -0.0144436   -0.167944
 909   CYS   0.000317007   0.10462
 944   ASP   -0.0117599   0.153647
 945   ASP   0.0153009   0.160416
 948   ASP   0.0243742   0.251875
 951   LYS   -0.00107505   -0.284423
 956   CYS   -0.0192649   0.129358
 987   LYS   0.0219581   -0.130902
1011   CYS   0.0227678   0.123847
1013   LYS   -0.0214672   -0.120399
1016   HID   0.01758   -0.103862
1019   TYR   -0.0144891   0.116311
SITE:  CYS- 100
  61   GLU   0.0294766   0.16821
  63   CYS   -0.0447494   0.210935
  75   CYS   -0.0176857   0.10522
  84   LYS   0.0271134   -0.148928
  90   PRO   0.33844   0
  91   LEU   0.240156   0
  94   LEU   1.35088   0
  95   SER   0.0691408   0
  96   ARG   -0.655426   -0.389368
  97   CYS   1.69731   3.69797
  98   PRO   0.378911   0
  99   SER   -0.108347   0
 101   PHE   -0.658058   0
 102   TYR   -0.330026   0.286427
 103   ASN   -0.933036   0
 104   LEU   -0.401462   0
 106   ASN   -0.226272   0
 109   CYS   -0.0700732   0.278337
 110   GLU   -0.0298852   0.273639
 113   CYS   -0.0116658   0.139119
 146   TYR   -0.040371   0.278768
 156   MET   0.534834   0
 157   TYR   0.306021   0.243329
 160   CYS   -0.61791   4.17435
 161   ARG   -0.0848237   -0.348055
 162   ASP   -0.520816   0.471961
 163   VAL   -0.295302   0
 164   GLU   0.1043   0.304503
 170   ASP   0.0401238   0.108032
 171   LYS   -0.144415   -0.215853
 172   ALA   -0.177694   0
 177   CYS   -0.00309773   0.367605
 184   CYS   0.0146574   0.259831
 192   TYR   -0.0475286   0.110152
 224   THR   -0.269472   0
 225   LYS   0.296696   -0.175739
 226   GLY   0.108085   0
 227   CYS   0.175236   0.904514
 228   ASP   -0.0269402   0.156653
 229   GLU   0.154246   0.143191
 232   ASP   0.00247401   0.184627
 238   CYS   -0.25601   1.63744
 239   SER   0.175197   0
 240   CYS   0.0238186   0.129797
 242   ASP   0.147112   0.754091
 243   CYS   -0.150141   0.707459
 247   CYS   0.0116903   0.101573
 515   TYR   0.0269138   0.168859
 518   ARG   -0.0239049   -0.124259
 944   ASP   -0.0045105   0.103234
 945   ASP   0.0129359   0.115842
 948   ASP   0.0255462   0.183584
 951   LYS   -0.00221714   -0.241796
 956   CYS   -0.0145976   0.12256
 987   LYS   0.0100488   -0.15277
1011   CYS   0.0241774   0.111624
SITE:  TYR- 102
  60   GLN   0.168994   0
  61   GLU   0.0300947   0.174727
  62   LEU   0.135417   0
  63   CYS   -0.152293   0.492097
  64   PRO   -0.109372   0
  65   GLY   -0.117881   0
  74   CYS   0.00287043   0.100731
  75   CYS   -0.0284802   0.143486
  84   LYS   0.00716302   -0.110953
  97   CYS   0.0254025   0.215241
  98   PRO   0.110845   0
  99   SER   0.253352   0
 100   CYS   0.0689722   0.286427
 103   ASN   0.478756   0
 106   ASN   -0.304942   0
 109   CYS   -0.041703   0.551176
 110   GLU   -0.0340757   0.409053
 113   CYS   -0.00517349   0.206845
 146   TYR   -0.0169534   0.218996
 160   CYS   -0.0194865   0.211629
 222   ASN   -0.222304   0
 223   ALA   0.66483   0
 224   THR   -0.213056   0
 225   LYS   -0.136357   -0.555058
 227   CYS   0.0361691   0.134188
 229   GLU   0.0532977   0.178094
 231   VAL   0.0470214   0
 232   ASP   -0.031542   0.486648
 233   GLU   -0.0710796   0.148424
 238   CYS   0.018569   0.226261
 951   LYS   -0.0209026   -0.15185
 987   LYS   -0.0127039   -0.359502
SITE:  CYS- 109
  25   CYS   -0.096327   0.429017
  28   TYR   -0.123468   0.209341
  30   GLU   -0.016941   0.180391
  38   LYS   -0.0487811   -0.112612
  55   GLY   0.108969   0
  57   ASP   0.059275   0.123308
  58   LEU   0.114014   0
  59   VAL   0.160582   0
  61   GLU   -0.101637   0.325511
  62   LEU   0.0173933   0
  63   CYS   0.407343   2.64676
  64   PRO   -0.0390562   0
  65   GLY   -0.289832   0
  73   LEU   -0.168447   0
  74   CYS   0.0245781   0.648699
  75   CYS   -0.218229   1.01733
  76   ASP   0.0565676   0.201684
  84   LYS   -0.0115567   -0.211123
  85   ASP   -0.0540616   0.123039
  97   CYS   0.0353852   0.16016
 100   CYS   0.0931618   0.278337
 101   PHE   0.149062   0
 102   TYR   0.331705   0.551176
 103   ASN   0.276298   0
 104   LEU   0.230928   0
 105   LEU   1.17267   0
 106   ASN   2.08308   0
 107   LEU   0.335747   0
 110   GLU   -1.14143   1.60804
 111   LEU   -0.159007   0
 112   THR   -0.744071   0
 113   CYS   -0.312962   1.8252
 115   PRO   -0.084344   0
 116   ARG   -0.153541   -0.191137
 117   GLN   -0.193353   0
 146   TYR   -0.0310147   0.858731
 160   CYS   -0.0103474   0.254865
 177   CYS   -0.00638541   0.100573
 221   ASN   -0.174501   0
 223   ALA   0.174714   0
 225   LYS   0.0192151   -0.137654
 232   ASP   -0.00441836   0.247262
 238   CYS   -0.00476778   0.131842
 951   LYS   -0.00631248   -0.124718
 987   LYS   -0.00616422   -0.254788
SITE:  GLU- 110
  23   GLN   -0.180047   0
  25   CYS   -0.0774842   0.421906
  28   TYR   -0.0701698   0.120239
  30   GLU   -0.0142758   0.115807
  61   GLU   -0.0197525   0.133353
  63   CYS   0.0748546   0.720176
  74   CYS   0.0174238   0.470351
  75   CYS   -0.0983994   0.459166
  76   ASP   0.0228262   0.104614
  97   CYS   0.0365828   0.147443
 100   CYS   0.129516   0.273639
 102   TYR   0.134918   0.409053
 103   ASN   0.446922   0
 104   LEU   0.247096   0
 105   LEU   0.266396   0
 106   ASN   0.345546   0
 107   LEU   0.560794   0
 109   CYS   -0.222833   1.60804
 111   LEU   -0.421372   0
 112   THR   -0.368594   0
 113   CYS   -0.311134   0.830693
 114   SER   -0.410182   0
 115   PRO   -0.0673624   0
 116   ARG   -0.227164   -0.286758
 117   GLN   -0.149259   0
 120   PHE   0.209953   0
 146   TYR   -0.0329394   2.8546
 147   TYR   0.30854   0.157684
 148   VAL   -0.247945   0
 149   GLY   0.0727557   0
 156   MET   -0.170473   0
 160   CYS   -0.0296297   0.302827
 177   CYS   -0.00605142   0.121409
 208   VAL   0.106881   0
 210   SER   0.169883   0
 211   ASP   0.0232372   0.185574
 218   GLU   0.00554646   0.212888
 219   PRO   -0.308358   0
 220   MET   0.0237636   0
 221   ASN   -0.754266   0
 222   ASN   0.328263   0
 223   ALA   0.260082   0
 225   LYS   0.0325133   -0.136936
 232   ASP   -0.00345394   0.145761
 238   CYS   -0.00623072   0.121931
 987   LYS   -0.00356679   -0.13956
SITE:  CYS- 113
  23   GLN   -0.228386   0
  25   CYS   -0.330988   1.19322
  26   VAL   0.314797   0
  27   TRP   0.449526   0
  28   TYR   -0.427822   0.648706
  30   GLU   -0.00663471   0.410944
  31   CYS   -0.00892918   0.124065
  37   ASP   0.0297418   0.118724
  38   LYS   -0.062012   -0.154367
  39   ARG   0.0283661   -0.100425
  41   ASN   0.148491   0
  42   CYS   0.139506   0.230776
  43   GLU   -0.0963372   0.111223
  44   TYR   0.0752628   0.162492
  48   PRO   -0.19937   0
  49   LYS   0.137169   -0.131626
  51   LEU   -0.200312   0
  54   ASP   -0.0585754   0.108015
  55   GLY   0.183099   0
  56   TYR   0.140133   0.122319
  57   ASP   0.0223887   0.135419
  59   VAL   -0.00206198   0
  61   GLU   -0.15998   0.275897
  62   LEU   -0.272464   0
  63   CYS   0.644298   1.83191
  64   PRO   0.0158983   0
  66   PHE   -0.324112   0
  73   LEU   -0.461622   0
  74   CYS   0.197053   2.32859
  75   CYS   -1.45863   4.2866
  76   ASP   0.13588   0.580299
  77   VAL   0.109578   0
  78   ARG   -0.000973242   -0.155479
  79   GLN   -0.647944   0
  80   LEU   -0.141318   0
  83   LEU   -0.20534   0
  84   LYS   -0.0494582   -0.182017
  85   ASP   -0.0795052   0.153684
 100   CYS   0.0379889   0.139119
 102   TYR   0.102146   0.206845
 104   LEU   0.121143   0
 105   LEU   0.234186   0
 106   ASN   0.36114   0
 107   LEU   0.214417   0
 108   PHE   0.374324   0
 109   CYS   2.0811   1.8252
 110   GLU   0.560583   0.830693
 111   LEU   0.0351196   0
 112   THR   -1.28073   0
 114   SER   0.060364   0
 115   PRO   0.00466139   0
 116   ARG   -0.198189   -0.199175
 117   GLN   -0.540942   0
 146   TYR   -0.0130364   0.64377
 160   CYS   -0.00333806   0.139057
 202   PRO   -0.109551   0
 232   ASP   -0.00174695   0.110006
 987   LYS   -0.00500833   -0.135299
SITE:  ARG- 116
  23   GLN   -0.586258   0
  25   CYS   0.0475422   0.435921
  63   CYS   0.0246212   0.150538
  74   CYS   -0.00487343   0.279508
  75   CYS   -0.0265324   0.13002
 109   CYS   0.0293652   0.191137
 110   GLU   0.0187869   0.286758
 113   CYS   -0.0223974   0.199175
 115   PRO   -0.0916398   0
 146   TYR   -0.00855118   0.219461
 218   GLU   0.0871457   0.396053
SITE:  GLU- 127
  31   CYS   -0.0421728   0.275988
  32   GLY   -0.140593   0
  40   TYR   -0.164894   0.593592
  41   ASN   0.159604   0
  42   CYS   -0.0881348   0.22046
  43   GLU   -0.0623866   0.224396
 126   THR   -0.70746   0
 128   ASP   -0.300904   0.391541
 129   TYR   -0.00630688   0.173088
 131   ASP   -0.00354647   0.103655
 138   LYS   0.195228   -0.108893
 139   THR   -0.361448   0
 140   ASN   -0.0521583   0
 142   LYS   -0.418782   -0.780723
 143   GLU   0.0343065   0.225464
 196   LYS   -0.0306486   -0.143511
SITE:  ASP- 128
  31   CYS   -0.0182473   0.170631
  42   CYS   -0.0676819   0.126755
  43   GLU   0.00266394   0.191315
 127   GLU   -0.384258   0.391541
 131   ASP   -0.0317774   0.14142
 137   THR   -0.990612   0
 138   LYS   0.242928   -0.15748
SITE:  TYR- 129
  30   GLU   -0.0702704   0.268952
  31   CYS   0.113241   1.34351
  32   GLY   -0.051636   0
  33   ILE   0.094511   0
  39   ARG   -0.269654   -0.325329
  40   TYR   0.1132   0.147505
  42   CYS   -0.0705798   0.439776
  76   ASP   0.00256917   0.130737
  78   ARG   -0.0437902   -0.123031
 127   GLU   0.0592056   0.173088
 130   VAL   0.29061   0
 131   ASP   -0.250606   0.917433
 132   PRO   -0.215722   0
 136   GLN   0.0728633   0
 138   LYS   0.0950805   -0.544284
SITE:  ASP- 131
  28   TYR   0.0469916   0.107503
  30   GLU   -0.0301778   0.187399
  31   CYS   -0.165745   0.99776
  39   ARG   -0.102516   -0.14618
  42   CYS   -0.080925   0.414518
  76   ASP   -0.00282816   0.12492
 127   GLU   0.0400942   0.103655
 128   ASP   -0.160136   0.14142
 129   TYR   0.283718   0.917433
 130   VAL   -0.251652   0
 132   PRO   -0.347648   0
 133   VAL   -0.472065   0
 134   THR   -0.662049   0
 135   ASN   -0.514234   0
 136   GLN   -0.420006   0
 137   THR   -0.195537   0
 138   LYS   0.0135271   -2.41045
SITE:  LYS- 138
  28   TYR   0.0990477   0.192662
  30   GLU   -0.049425   0.280102
  31   CYS   -0.0841962   1.30669
  39   ARG   -0.121328   -0.144139
  42   CYS   -0.160207   0.778677
  43   GLU   0.0313336   0.164138
  44   TYR   0.0153216   0.149464
  76   ASP   -0.0102978   0.202851
 127   GLU   0.0758902   0.108893
 128   ASP   -0.19356   0.15748
 129   TYR   0.0947157   0.544284
 131   ASP   0.832776   2.41045
 136   GLN   -0.712775   0
 137   THR   -0.199347   0
 140   ASN   0.199615   0
SITE:  LYS- 142
  31   CYS   -0.0146085   0.100225
  35   TYR   -0.00392358   0.168445
  40   TYR   -0.144922   0.937526
 125   ALA   0.201196   0
 127   GLU   0.272135   0.780723
 143   GLU   -0.298292   0.445457
 196   LYS   -0.0618268   -0.273239
SITE:  GLU- 143
  35   TYR   0.00596082   0.103992
  40   TYR   0.00158562   0.295495
  43   GLU   -0.0440598   0.112528
 123   VAL   -0.219022   0
 124   THR   -0.450278   0
 125   ALA   0.188787   0
 127   GLU   0.0839362   0.225464
 142   LYS   0.211245   -0.445457
 144   LEU   0.208324   0
 146   TYR   0.0149504   0.161976
 147   TYR   0.0230946   0.149733
 191   GLU   0.108161   0.275732
 196   LYS   -0.093902   -0.204416
 197   ASP   -0.0654637   0.121007
 203   PHE   -0.247262   0
 204   THR   0.0249882   0
 205   ILE   -0.35893   0
 206   THR   -0.159551   0
 207   PRO   0.0113397   0
SITE:  TYR- 146
  23   GLN   -0.171192   0
  25   CYS   -0.0934858   0.392891
  28   TYR   -0.0715824   0.113366
  30   GLU   -0.0320112   0.139821
  38   LYS   -0.0451098   -0.116263
  63   CYS   0.0468246   0.417761
  74   CYS   0.0115925   0.426407
  75   CYS   -0.079157   0.380183
  76   ASP   0.010085   0.104695
  97   CYS   0.04083   0.140913
 100   CYS   0.108372   0.278768
 102   TYR   0.0775867   0.218996
 103   ASN   0.2556   0
 104   LEU   0.254784   0
 105   LEU   0.212714   0
 107   LEU   0.538555   0
 108   PHE   0.135797   0
 109   CYS   -0.129382   0.858731
 110   GLU   -0.807684   2.8546
 111   LEU   -0.574655   0
 112   THR   -0.178331   0
 113   CYS   -0.206382   0.64377
 114   SER   -0.292542   0
 116   ARG   -0.123749   -0.219461
 117   GLN   -0.0926412   0
 119   GLN   -0.164893   0
 120   PHE   0.631762   0
 121   LEU   -0.135535   0
 143   GLU   -0.0712926   0.161976
 147   TYR   0.749846   0.330607
 148   VAL   -0.40067   0
 149   GLY   0.197166   0
 156   MET   -0.278522   0
 160   CYS   -0.0271142   0.358659
 177   CYS   -0.0127452   0.183732
 184   CYS   -0.00874624   0.110059
 191   GLU   0.0516978   0.182523
 206   THR   0.205129   0
 207   PRO   -0.347084   0
 208   VAL   0.25425   0
 209   PHE   -0.208298   0
 210   SER   0.304304   0
 211   ASP   0.0447367   0.258038
 218   GLU   0.0122741   0.253103
 219   PRO   -0.616304   0
 220   MET   0.684398   0
 221   ASN   -0.448892   0
 222   ASN   0.233572   0
 238   CYS   -0.0054202   0.10623
SITE:  TYR- 147
  25   CYS   -0.033389   0.131085
  74   CYS   -0.0018001   0.103063
 110   GLU   -0.0104887   0.157684
 119   GLN   0.114588   0
 121   LEU   -0.329816   0
 122   ASN   -0.524205   0
 143   GLU   -0.0488363   0.149733
 145   GLN   -0.26325   0
 146   TYR   -0.0457905   0.330607
 206   THR   0.190213   0
 208   VAL   0.0446983   0
 211   ASP   -0.0271245   0.111376
 213   PRO   -0.192548   0
 214   VAL   0.533673   0
 215   HIS   0.0781507   -1.43473
 217   MET   0.116373   0
 218   GLU   -0.0114768   0.208429
 219   PRO   -0.0891048   0
SITE:  TYR- 157
  97   CYS   0.0477604   0.173258
 100   CYS   0.0154836   0.243329
 160   CYS   -0.0710351   0.44769
 161   ARG   -0.30133   -0.514485
 162   ASP   -0.0183635   0.331297
 170   ASP   -0.0475076   0.115947
 171   LYS   -0.12829   -0.36964
 173   LEU   -0.157716   0
 177   CYS   0.0822307   0.626014
 179   LYS   0.0252077   -0.109401
 180   ASP   0.0819434   0.171267
 181   ALA   0.340224   0
 182   ASP   0.135363   0.309725
 184   CYS   0.949568   1.1398
 185   ASN   0.0560626   0
 227   CYS   -0.0057153   0.174633
 238   CYS   -0.0202904   0.122095
 242   ASP   0.0242984   0.110734
 243   CYS   -0.0301618   0.177789
SITE:  CYS- 160
  61   GLU   0.0153718   0.117705
  63   CYS   -0.0239612   0.169872
  75   CYS   -0.0174159   0.102808
  84   LYS   0.0193826   -0.108529
  90   PRO   0.226055   0
  91   LEU   0.163606   0
  94   LEU   0.0206252   0
  96   ARG   -0.358614   -0.252704
  97   CYS   0.543218   1.73564
  98   PRO   0.188542   0
 100   CYS   0.461565   4.17435
 102   TYR   -0.158618   0.211629
 103   ASN   -0.818911   0
 104   LEU   -0.354808   0
 106   ASN   -0.206832   0
 107   LEU   -0.172925   0
 109   CYS   -0.064566   0.254865
 110   GLU   -0.0364174   0.302827
 113   CYS   -0.017667   0.139057
 146   TYR   -0.0604063   0.358659
 152   PHE   0.158948   0
 153   ALA   0.216905   0
 155   ALA   0.152111   0
 156   MET   1.33005   0
 157   TYR   0.811618   0.44769
 158   ASN   0.12824   0
 159   ALA   -0.236743   0
 161   ARG   -0.276282   -0.643219
 162   ASP   -0.624097   0.606837
 163   VAL   -0.148884   0
 164   GLU   0.0767959   0.280193
 170   ASP   0.0258337   0.130419
 171   LYS   -0.178439   -0.287868
 172   ALA   -0.209663   0
 173   LEU   -0.188645   0
 176   LEU   -0.181859   0
 177   CYS   0.0340008   0.659813
 184   CYS   0.0222588   0.483818
 191   GLU   0.00462801   0.101547
 192   TYR   -0.0758783   0.15001
 224   THR   -0.242004   0
 225   LYS   0.24751   -0.141054
 226   GLY   0.0447202   0
 227   CYS   0.132697   0.833135
 228   ASP   -0.0407093   0.145089
 229   GLU   0.0990897   0.116963
 232   ASP   0.00624655   0.118388
 238   CYS   -0.163004   1.04065
 239   SER   0.156193   0
 240   CYS   0.0220676   0.11441
 242   ASP   0.195651   0.563496
 243   CYS   -0.152858   0.70552
 515   TYR   0.0176538   0.124686
 518   ARG   -0.0307497   -0.102274
 948   ASP   0.0173591   0.113627
 951   LYS   0.000532779   -0.144923
SITE:  ARG- 161
  97   CYS   0.0882034   0.328368
 100   CYS   -0.0149975   0.348055
 156   MET   0.157788   0
 157   TYR   0.134054   0.514485
 158   ASN   0.196873   0
 160   CYS   -0.0387856   0.643219
 162   ASP   -0.359023   0.86326
 164   GLU   -0.00573761   0.122689
 171   LYS   -0.0832896   -0.389354
 177   CYS   0.00928103   0.164697
 182   ASP   0.0480197   0.148465
 184   CYS   0.0917462   0.240089
 227   CYS   -0.048872   0.499319
 228   ASP   0.000955468   0.151761
 238   CYS   -0.0468247   0.256391
 242   ASP   0.0662685   0.19198
 243   CYS   -0.0705746   0.547681
 244   SER   -0.218828   0
 247   CYS   0.0350972   0.12459
SITE:  ASP- 162
  96   ARG   -0.163812   -0.157126
  97   CYS   0.131531   0.58974
 100   CYS   -0.0552171   0.471961
 157   TYR   0.2501   0.331297
 158   ASN   0.252524   0
 160   CYS   0.12896   0.606837
 161   ARG   -0.442712   -0.86326
 163   VAL   -0.0691502   0
 164   GLU   -0.0392392   0.374584
 170   ASP   0.026921   0.182603
 171   LYS   -0.238154   -1.28785
 177   CYS   0.0127552   0.205897
 182   ASP   0.00818732   0.147219
 184   CYS   0.0677578   0.255195
 227   CYS   -0.0355184   0.694258
 228   ASP   -0.0117787   0.152604
 238   CYS   -0.110938   0.472144
 239   SER   0.182987   0
 240   CYS   0.165608   0.272159
 242   ASP   0.142123   0.55298
 243   CYS   -0.484731   1.15488
 244   SER   -1.59748   0
 247   CYS   0.0770412   0.265829
 518   ARG   -0.0213197   -0.138854
SITE:  GLU- 164
  96   ARG   -0.970741   -0.939659
  97   CYS   -0.00457483   0.36552
 100   CYS   -0.0268292   0.304503
 160   CYS   0.111875   0.280193
 161   ARG   -0.0383648   -0.122689
 162   ASP   0.0860147   0.374584
 163   VAL   -0.232613   0
 165   ALA   0.635684   0
 166   PRO   -0.0527239   0
 167   SER   -0.166506   0
 168   SER   0.854803   0
 169   ASN   0.153408   0
 170   ASP   0.422804   0.356965
 171   LYS   -0.152168   -0.422129
 172   ALA   -0.150331   0
 177   CYS   -0.00489167   0.123207
 184   CYS   0.0156262   0.115964
 227   CYS   0.00469206   0.16401
 238   CYS   -0.087647   0.255721
 240   CYS   0.0839375   0.272545
 241   GLN   -1.5909   0
 242   ASP   0.176595   1.27281
 243   CYS   -0.0513351   0.262551
 247   CYS   0.0252438   0.169031
 420   TYR   0.00118371   0.122332
 487   TYR   0.00338166   0.175724
 512   HIS   0.0411676   -0.123797
 515   TYR   0.123045   0.308057
 516   CYS   0.00941227   0.214657
 518   ARG   -1.46979   -1.61201
 525   ASP   0.0442969   0.156161
 533   CYS   0.0135232   0.15033
 550   TYR   -0.029029   0.142391
 555   TYR   -0.0641658   0.307143
 944   ASP   -0.020307   0.103377
 945   ASP   0.0154445   0.134057
 948   ASP   0.00215788   0.133849
 951   LYS   0.0042582   -0.120546
1013   LYS   -0.0157218   -0.124141
1019   TYR   -0.00564097   0.115004
SITE:  ASP- 170
  96   ARG   -0.100275   -0.119466
  97   CYS   0.00920237   0.103708
 100   CYS   -0.000556953   0.108032
 157   TYR   0.031839   0.115947
 160   CYS   0.0413004   0.130419
 162   ASP   0.0331186   0.182603
 164   GLU   -0.329014   0.356965
 166   PRO   0.14474   0
 168   SER   -0.428848   0
 169   ASN   -0.327324   0
 171   LYS   0.0251986   -0.422895
 174   GLY   -0.176197   0
 177   CYS   -0.0360935   0.191986
 180   ASP   -0.199795   0.226491
 182   ASP   -0.064595   0.205215
 184   CYS   0.0166319   0.197561
 242   ASP   -0.00334096   0.183801
 420   TYR   0.00250522   0.284998
 422   PRO   -0.0845264   0
 425   SER   0.182972   0
 426   GLY   -0.188713   0
 428   ASP   0.0175502   0.115153
 512   HIS   0.0276586   -0.118943
 515   TYR   -0.000887683   0.130237
 516   CYS   -0.0177653   0.135151
 518   ARG   -0.138739   -0.197439
 525   ASP   0.0601706   0.180155
 555   TYR   -0.0359538   0.105741
SITE:  LYS- 171
  96   ARG   -0.136956   -0.127259
  97   CYS   0.0331397   0.225617
 100   CYS   -0.00829906   0.215853
 157   TYR   0.118203   0.36964
 160   CYS   0.075343   0.287868
 161   ARG   -0.0052279   -0.389354
 162   ASP   0.481388   1.28785
 163   VAL   0.283174   0
 164   GLU   -0.206234   0.422129
 170   ASP   -0.176859   0.422895
 172   ALA   -0.213768   0
 177   CYS   0.00856616   0.243359
 180   ASP   -0.0821269   0.138086
 182   ASP   -0.0144505   0.261798
 184   CYS   0.0899493   0.342525
 227   CYS   -0.0116421   0.201149
 238   CYS   -0.0444761   0.165404
 240   CYS   0.115786   0.183321
 242   ASP   -0.0471549   0.340096
 243   CYS   -0.104945   0.318659
 247   CYS   0.0430402   0.158672
 518   ARG   -0.0438322   -0.161549
SITE:  CYS- 177
  90   PRO   -0.00162141   0
  97   CYS   0.0474778   0.212725
 100   CYS   0.0604238   0.367605
 109   CYS   -0.0180703   0.100573
 110   GLU   -0.0183776   0.121409
 146   TYR   -0.0206926   0.183732
 157   TYR   0.0567599   0.626014
 160   CYS   0.0717402   0.659813
 161   ARG   -0.128473   -0.164697
 162   ASP   -0.0666609   0.205897
 163   VAL   0.114236   0
 164   GLU   -0.0141055   0.123207
 170   ASP   -0.0571498   0.191986
 171   LYS   0.0120363   -0.243359
 173   LEU   1.10891   0
 174   GLY   0.168478   0
 175   LEU   -0.289644   0
 176   LEU   -0.624665   0
 178   GLY   -0.217152   0
 179   LYS   0.477564   -0.457046
 180   ASP   0.355218   0.417505
 182   ASP   -0.0808726   0.193811
 183   ALA   -0.190584   0
 184   CYS   -1.28809   3.6164
 185   ASN   0.515451   0
 188   ASN   -0.26831   0
 189   TRP   0.314459   0
 190   ILE   0.0763781   0
 191   GLU   -0.143764   0.242852
 192   TYR   -0.298075   0.537125
 197   ASP   -0.046864   0.130151
 227   CYS   0.00541955   0.120944
 238   CYS   -0.0250104   0.131602
 242   ASP   0.0332586   0.139897
 243   CYS   -0.0230626   0.124247
SITE:  LYS- 179
 157   TYR   0.00728243   0.109401
 177   CYS   0.0510862   0.457046
 180   ASP   -0.0326793   0.642664
 182   ASP   -0.0967601   0.114516
 184   CYS   -0.171708   0.461357
 191   GLU   -0.0813449   0.145082
 192   TYR   -0.0133705   0.256064
 197   ASP   -0.0173075   0.144383
SITE:  ASP- 180
 157   TYR   0.028926   0.171267
 170   ASP   -0.0763633   0.226491
 171   LYS   0.0380344   -0.138086
 174   GLY   0.0131675   0
 177   CYS   -0.0582598   0.417505
 179   LYS   0.133808   -0.642664
 181   ALA   -0.318789   0
 182   ASP   -0.720176   0.478486
 183   ALA   -0.530942   0
 184   CYS   0.010301   0.641666
 192   TYR   -0.0193846   0.127938
SITE:  ASP- 182
 157   TYR   0.0358096   0.309725
 161   ARG   0.0102421   -0.148465
 162   ASP   0.022757   0.147219
 170   ASP   -0.0911066   0.205215
 171   LYS   -0.025653   -0.261798
 177   CYS   0.00178398   0.193811
 179   LYS   -0.0137188   -0.114516
 180   ASP   -0.0305255   0.478486
 183   ALA   -0.265693   0
 184   CYS   0.0879499   0.406137
SITE:  CYS- 184
  97   CYS   0.0392454   0.169033
 100   CYS   0.0251329   0.259831
 146   TYR   -0.00993914   0.110059
 157   TYR   0.221256   1.1398
 160   CYS   0.0430238   0.483818
 161   ARG   -0.0915737   -0.240089
 162   ASP   -0.0507562   0.255195
 163   VAL   0.130332   0
 164   GLU   -0.0239493   0.115964
 170   ASP   -0.0748428   0.197561
 171   LYS   -0.0438177   -0.342525
 173   LEU   -0.0330877   0
 174   GLY   0.0873079   0
 175   LEU   -0.173888   0
 176   LEU   -0.336506   0
 177   CYS   0.75134   3.6164
 179   LYS   0.205816   -0.461357
 180   ASP   1.02663   0.641666
 181   ALA   -0.342532   0
 182   ASP   -0.139016   0.406137
 183   ALA   -0.446292   0
 185   ASN   0.444842   0
 188   ASN   -0.314214   0
 189   TRP   -0.0680799   0
 191   GLU   -0.138978   0.170187
 192   TYR   -0.130979   0.243797
 227   CYS   0.00459893   0.124203
 238   CYS   -0.0181128   0.111856
 242   ASP   0.0260646   0.124317
 243   CYS   -0.0267064   0.130867
SITE:  GLU- 191
 143   GLU   0.0181648   0.275732
 146   TYR   0.027812   0.182523
 160   CYS   -0.00259943   0.101547
 177   CYS   0.0252962   0.242852
 179   LYS   -0.000380718   -0.145082
 184   CYS   -0.0787809   0.170187
 187   THR   0.392646   0
 190   ILE   0.0248971   0
 192   TYR   -0.260878   0.146927
 194   PHE   -0.241694   0
 195   ASN   -0.261078   0
 197   ASP   -0.088477   0.171824
 205   ILE   0.226761   0
 207   PRO   -0.123672   0
SITE:  TYR- 192
  38   LYS   -0.0225246   -0.137506
 100   CYS   0.0172069   0.110152
 160   CYS   0.0208513   0.15001
 175   LEU   0.131663   0
 176   LEU   0.197878   0
 177   CYS   -0.219752   0.537125
 178   GLY   -0.102859   0
 179   LYS   0.104575   -0.256064
 180   ASP   0.028809   0.127938
 184   CYS   -0.088991   0.243797
 191   GLU   -0.0518794   0.146927
 196   LYS   0.026993   -0.12568
 197   ASP   -0.109015   0.310203
 198   ASN   0.406484   0
 200   GLN   -0.228986   0
 423   TYR   -0.0281843   0.129491
SITE:  LYS- 196
  34   ALA   -0.306324   0
  35   TYR   0.697912   2.20036
  37   ASP   -0.024112   0.257305
  38   LYS   -0.158967   -0.461199
  39   ARG   0.0613898   -0.115296
  40   TYR   0.0901665   0.679002
 127   GLU   0.0433143   0.143511
 142   LYS   0.0643273   -0.273239
 143   GLU   0.0074962   0.204416
 192   TYR   0.072975   0.12568
 195   ASN   0.141785   0
 197   ASP   -0.487974   0.396944
 198   ASN   -0.152647   0
 199   GLY   -0.00794631   0
 201   ALA   0.797614   0
 202   PRO   0.771324   0
 204   THR   0.228212   0
SITE:  ASP- 197
  35   TYR   0.0173854   0.223111
  40   TYR   0.0102243   0.111954
 143   GLU   0.00958918   0.121007
 177   CYS   0.0219888   0.130151
 179   LYS   0.0150423   -0.144383
 191   GLU   0.00367441   0.171824
 192   TYR   0.122534   0.310203
 195   ASN   0.204341   0
 196   LYS   0.359482   -0.396944
 198   ASN   -0.424848   0
SITE:  ASP- 211
 110   GLU   0.00107055   0.185574
 146   TYR   0.0126082   0.258038
 147   TYR   -0.0492101   0.111376
 148   VAL   0.0528126   0
 149   GLY   -0.901066   0
 150   GLN   -0.433175   0
 151   SER   -0.727985   0
 152   PHE   -0.168895   0
 210   SER   0.242726   0
 218   GLU   -0.188326   0.234546
 219   PRO   -0.10706   0
 221   ASN   -0.168251   0
SITE:  HIS- 215
 122   ASN   -0.165007   0
 147   TYR   -0.479196   1.43473
 214   VAL   0.0953059   0
 216   GLY   -0.283508   0
 217   MET   -0.084707   0
SITE:  GLU- 218
  23   GLN   -0.238022   0
  25   CYS   -0.00278282   0.11298
 110   GLU   -0.00633087   0.212888
 116   ARG   -0.0305431   -0.396053
 119   GLN   -0.377697   0
 146   TYR   -0.0352108   0.253103
 147   TYR   0.0897163   0.208429
 211   ASP   0.0537614   0.234546
 213   PRO   -0.223124   0
 217   MET   -0.174675   0
 219   PRO   0.22463   0
SITE:  LYS- 225
  63   CYS   -0.0316496   0.125225
  97   CYS   0.0228148   0.157768
 100   CYS   0.0108834   0.175739
 102   TYR   -0.141866   0.555058
 109   CYS   -0.0096196   0.137654
 110   GLU   -0.001949   0.136936
 160   CYS   -0.021758   0.141054
 226   GLY   0.0762699   0
 227   CYS   0.0409286   0.189672
 228   ASP   -0.0579016   0.127456
 229   GLU   0.234901   0.722056
 230   SER   0.339202   0
 231   VAL   0.104183   0
 232   ASP   -0.0194966   0.266716
 233   GLU   -0.0593625   0.137425
 238   CYS   0.0209434   0.196402
 243   CYS   -0.00660228   0.104585
 987   LYS   -0.0151906   -0.132703
SITE:  CYS- 227
  96   ARG   -0.137025   -0.150237
  97   CYS   0.311241   1.25672
  99   SER   -0.449711   0
 100   CYS   -0.214296   0.904514
 102   TYR   -0.136937   0.134188
 103   ASN   -0.381722   0
 155   ALA   0.169492   0
 156   MET   0.265856   0
 157   TYR   0.218965   0.174633
 158   ASN   0.357142   0
 159   ALA   0.503811   0
 160   CYS   -0.0249819   0.833135
 161   ARG   -0.116668   -0.499319
 162   ASP   -0.572892   0.694258
 164   GLU   0.00325482   0.16401
 171   LYS   -0.0709201   -0.201149
 177   CYS   0.00524544   0.120944
 184   CYS   0.0298428   0.124203
 224   THR   -0.167048   0
 225   LYS   0.18948   -0.189672
 226   GLY   -0.0669474   0
 228   ASP   -0.29166   0.699196
 229   GLU   0.195551   0.259825
 237   PRO   -0.293426   0
 238   CYS   -0.106721   1.61855
 239   SER   0.299793   0
 240   CYS   -0.000956846   0.233374
 242   ASP   0.178552   0.454944
 243   CYS   -0.583872   2.97187
 244   SER   -0.251914   0
 245   ILE   -0.438111   0
 246   VAL   -0.177978   0
 247   CYS   0.0427712   0.262303
SITE:  ASP- 228
  97   CYS   0.0325732   0.208431
 100   CYS   -0.0243498   0.156653
 160   CYS   -0.0138569   0.145089
 161   ARG   0.00459155   -0.151761
 162   ASP   -0.0665075   0.152604
 225   LYS   -0.0486009   -0.127456
 226   GLY   -0.144584   0
 227   CYS   -0.31399   0.699196
 229   GLU   -0.296902   0.375213
 238   CYS   0.0623749   0.301935
 240   CYS   -0.0321312   0.118093
 242   ASP   0.00217267   0.103008
 243   CYS   0.0666966   0.448347
 245   ILE   -0.228172   0
 247   CYS   0.0103854   0.186094
SITE:  GLU- 229
  97   CYS   0.0129768   0.16039
 100   CYS   -0.0100806   0.143191
 102   TYR   -0.0564068   0.178094
 160   CYS   -0.0172375   0.116963
 225   LYS   -0.25614   -0.722056
 226   GLY   0.186744   0
 227   CYS   0.0395335   0.259825
 228   ASP   -0.366346   0.375213
 230   SER   0.140998   0
 232   ASP   0.0106794   0.140502
 238   CYS   0.0465626   0.242182
 243   CYS   -0.00190274   0.13919
SITE:  ASP- 232
  60   GLN   0.240288   0
  61   GLU   0.0357263   0.208988
  63   CYS   -0.0906984   0.28226
  64   PRO   -0.0956353   0
  84   LYS   0.00707993   -0.131926
  97   CYS   -0.0113889   0.170893
  98   PRO   0.0125288   0
 100   CYS   -0.00119677   0.184627
 102   TYR   0.0451239   0.486648
 109   CYS   -0.0251076   0.247262
 110   GLU   -0.0137517   0.145761
 113   CYS   0.00339248   0.110006
 160   CYS   -0.00611915   0.118388
 225   LYS   -0.0332946   -0.266716
 229   GLU   0.00453558   0.140502
 231   VAL   -0.202456   0
 233   GLU   -0.739464   0.570897
 234   VAL   -0.424468   0
 235   THR   0.020224   0
 238   CYS   0.0155653   0.189601
 909   CYS   -0.00236871   0.14008
 914   CYS   0.0111557   0.112172
 944   ASP   0.022906   0.13078
 946   TYR   0.0235538   0.101924
 948   ASP   0.0295796   0.214083
 951   LYS   -0.0890851   -0.284995
 952   PRO   -0.0704833   0
 956   CYS   -0.0223822   0.11657
 957   CYS   0.028729   0.129166
 980   ARG   -0.0647853   -0.129431
 984   PRO   0.152636   0
 985   GLU   0.0381392   0.122044
 987   LYS   -0.114469   -0.718821
 989   ARG   -0.0515562   -0.228593
SITE:  GLU- 233
 102   TYR   0.00410912   0.148424
 225   LYS   -0.00873989   -0.137425
 232   ASP   -0.220638   0.570897
 234   VAL   -0.288806   0
 909   CYS   -0.00117989   0.214492
 912   MET   -0.188919   0
 914   CYS   0.0286652   0.202313
 944   ASP   0.0224342   0.111177
 948   ASP   0.00966377   0.117337
 951   LYS   -0.048087   -0.125393
 980   ARG   -0.0766165   -0.138761
 984   PRO   0.17053   0
 985   GLU   0.0453234   0.17269
 987   LYS   -0.109469   -0.27065
 988   GLN   -0.578988   0
 989   ARG   0.0754331   -0.423131
SITE:  CYS- 238
  61   GLU   0.0167607   0.105854
  63   CYS   -0.0290057   0.11317
  94   LEU   0.267912   0
  96   ARG   -0.250974   -0.379886
  97   CYS   0.0897121   4.0583
  98   PRO   -0.110409   0
  99   SER   -1.56276   0
 100   CYS   -0.62542   1.63744
 102   TYR   -0.249848   0.226261
 103   ASN   -0.421046   0
 109   CYS   -0.0255978   0.131842
 110   GLU   -0.0108337   0.121931
 146   TYR   -0.0137847   0.10623
 156   MET   0.251797   0
 157   TYR   0.189891   0.122095
 158   ASN   0.161807   0
 159   ALA   0.466263   0
 160   CYS   -0.00847922   1.04065
 161   ARG   -0.0977055   -0.256391
 162   ASP   -0.507162   0.472144
 163   VAL   -0.200717   0
 164   GLU   0.0289145   0.255721
 171   LYS   -0.0789884   -0.165404
 177   CYS   0.000477156   0.131602
 184   CYS   0.0183158   0.111856
 224   THR   -0.201214   0
 225   LYS   0.20857   -0.196402
 226   GLY   0.342206   0
 227   CYS   0.183295   1.61855
 228   ASP   -0.0548091   0.301935
 229   GLU   0.44327   0.242182
 230   SER   -0.294289   0
 231   VAL   -0.198431   0
 232   ASP   0.0312015   0.189601
 236   ALA   0.336796   0
 237   PRO   -0.705128   0
 239   SER   0.478862   0
 240   CYS   -0.000158016   0.264818
 242   ASP   -0.0326101   0.883432
 243   CYS   -0.206727   1.22376
 247   CYS   0.0196138   0.195598
 515   TYR   0.031243   0.134999
 518   ARG   0.00283085   -0.137767
 909   CYS   0.002295   0.124551
 914   CYS   0.0108401   0.115527
 944   ASP   -0.0142672   0.174271
 945   ASP   0.0145096   0.16021
 948   ASP   0.0227424   0.261383
 951   LYS   -0.0116977   -0.279079
 956   CYS   -0.0189087   0.110065
 987   LYS   0.0232648   -0.125445
 989   ARG   -0.0665351   -0.114782
1011   CYS   0.0232514   0.108783
1013   LYS   -0.0210794   -0.114429
1019   TYR   -0.0125363   0.117132
SITE:  CYS- 240
  96   ARG   -0.0048336   -0.181896
  97   CYS   -0.00597796   0.217109
 100   CYS   -0.0252978   0.129797
 160   CYS   0.0157048   0.11441
 162   ASP   0.0216894   0.272159
 164   GLU   -0.00497934   0.272545
 171   LYS   -0.0180688   -0.183321
 227   CYS   -0.0181625   0.233374
 228   ASP   0.00238237   0.118093
 238   CYS   0.0199763   0.264818
 241   GLN   -0.238998   0
 242   ASP   -0.269398   0.389134
 243   CYS   0.6255   0.521229
 246   VAL   -0.187011   0
 247   CYS   0.509272   1.79684
 248   GLY   0.155425   0
 250   LYS   -0.0802869   -0.177384
 518   ARG   0.0591128   -0.220786
 550   TYR   -0.0186813   0.106311
 555   TYR   -0.0170481   0.172267
 930   ASP   -0.0226412   0.119216
 944   ASP   -0.019336   0.105636
SITE:  ASP- 242
  93   PHE   0.231056   0
  94   LEU   0.159869   0
  96   ARG   -0.99422   -1.46675
  97   CYS   -0.124946   1.29053
  98   PRO   0.00180764   0
 100   CYS   -0.114685   0.754091
 157   TYR   0.103631   0.110734
 160   CYS   0.170524   0.563496
 161   ARG   -0.100045   -0.19198
 162   ASP   -0.236825   0.55298
 163   VAL   -1.0192   0
 164   GLU   -0.492864   1.27281
 166   PRO   -0.0233602   0
 168   SER   0.173133   0
 170   ASP   0.147051   0.183801
 171   LYS   -0.152229   -0.340096
 172   ALA   -0.156858   0
 177   CYS   -0.000148237   0.139897
 184   CYS   0.0167237   0.124317
 227   CYS   0.0336007   0.454944
 228   ASP   -0.00573076   0.103008
 238   CYS   -0.477911   0.883432
 239   SER   0.525286   0
 240   CYS   0.0176565   0.389134
 241   GLN   -0.692705   0
 243   CYS   -0.149109   0.744259
 247   CYS   0.0308264   0.216974
 487   TYR   -0.000595769   0.127291
 515   TYR   0.0830492   0.277174
 516   CYS   0.0120189   0.146996
 518   ARG   -0.0888264   -0.435367
 525   ASP   0.0276406   0.111098
 533   CYS   0.0116814   0.119238
 555   TYR   -0.023951   0.185381
 909   CYS   -0.00274022   0.106794
 944   ASP   -0.0320134   0.179893
 945   ASP   0.0236051   0.201493
 948   ASP   0.0110006   0.249967
 951   LYS   0.00215015   -0.24105
 956   CYS   -0.0188759   0.117924
1011   CYS   0.0231238   0.128449
1013   LYS   -0.0283496   -0.162306
1016   HID   0.0194857   -0.124929
1019   TYR   -0.0156425   0.155044
SITE:  CYS- 243
  96   ARG   -0.137401   -0.18731
  97   CYS   0.253646   1.10211
  99   SER   -0.22491   0
 100   CYS   -0.144   0.707459
 103   ASN   -0.196906   0
 156   MET   0.218075   0
 157   TYR   0.191479   0.177789
 158   ASN   0.336233   0
 159   ALA   0.390058   0
 160   CYS   0.0252086   0.70552
 161   ARG   -0.14927   -0.547681
 162   ASP   -0.677412   1.15488
 163   VAL   -0.0824029   0
 164   GLU   -0.0251425   0.262551
 171   LYS   -0.0818247   -0.318659
 177   CYS   0.00316969   0.124247
 184   CYS   0.0310066   0.130867
 225   LYS   0.0993438   -0.104585
 226   GLY   -0.086923   0
 227   CYS   -0.60201   2.97187
 228   ASP   0.00351284   0.448347
 229   GLU   0.105013   0.13919
 237   PRO   -0.162039   0
 238   CYS   -0.221177   1.22376
 239   SER   0.659618   0
 240   CYS   0.0326911   0.521229
 242   ASP   -0.218964   0.744259
 244   SER   -0.808648   0
 245   ILE   -0.909257   0
 246   VAL   -0.488901   0
 247   CYS   0.136919   0.543051
 518   ARG   -9.66245e-05   -0.120547
SITE:  CYS- 247
  96   ARG   -0.00636782   -0.102322
  97   CYS   0.00488928   0.160075
 100   CYS   -0.0177094   0.101573
 161   ARG   -0.0173228   -0.12459
 162   ASP   0.0145938   0.265829
 164   GLU   -0.00488497   0.169031
 171   LYS   -0.00961891   -0.158672
 227   CYS   -0.0504076   0.262303
 228   ASP   0.0199308   0.186094
 238   CYS   0.0444914   0.195598
 240   CYS   -0.727038   1.79684
 242   ASP   -0.118719   0.216974
 243   CYS   0.867751   0.543051
 244   SER   0.16198   0
 246   VAL   -0.249028   0
 248   GLY   0.0936698   0
 250   LYS   -0.0451486   -0.16292
 518   ARG   0.0271616   -0.123285
 555   TYR   -0.0110907   0.100606
SITE:  LYS- 250
 240   CYS   0.0117793   0.177384
 247   CYS   -0.0240742   0.16292
 251   PRO   0.0196714   0
 252   GLN   -0.285776   0
 552   ASP   0.00124089   0.142229
 555   TYR   -0.00650797   0.104446
 930   ASP   -0.0520238   0.19562
SITE:  ASP- 266
 259   PRO   -0.188289   0
 260   TRP   -0.171048   0
 261   THR   -0.148462   0
 267   ALA   -0.3379   0
 268   MET   -0.89616   0
 269   TYR   -0.205529   0.598771
 851   ALA   0.445082   0
 854   ASN   0.325406   0
 855   LYS   0.253086   -2.4546
 857   ASP   0.00968321   0.128061
SITE:  TYR- 269
 266   ASP   -0.121972   0.598771
 855   LYS   0.00951267   -0.767615
 857   ASP   0.0110154   0.114243
SITE:  TYR- 276
 279   PHE   -0.265616   0
 280   LEU   -0.196383   0
 836   PRO   0.18003   0
 837   ILE   0.193229   0
 838   VAL   0.107568   0
 839   ILE   0.13415   0
 840   ALA   2.17089   0
 841   ILE   0.32406   0
 843   VAL   -0.347602   0
 844   GLY   -0.535653   0
 847   SER   -0.275849   0
1239   HIS   -0.00165657   -0.173847
1250   TYR   -0.0342353   0.13159
SITE:  CYS- 292
 285   GLY   0.119747   0
 288   PHE   1.48904   0
 289   ALA   0.347772   0
 291   TRP   -0.195485   0
 293   TYR   -0.174255   0.0810017
 295   LYS   -0.21781   -0.300168
 296   ARG   -0.151293   -0.204682
SITE:  TYR- 293
 294   ARG   -0.0693548   -0.122251
 296   ARG   -0.170552   -0.106678
 297   TYR   -0.27721   0.763159
 301   GLU   0.0146199   0.100959
SITE:  ARG- 294
 293   TYR   -0.0127466   0.122251
 295   LYS   -0.148597   -0.1178
 301   GLU   0.016415   0.130898
 302   TYR   -0.0205464   0.11142
 832   ASP   0.0968352   0.466433
 835   ARG   -0.0771035   -0.312343
1183   ARG   -0.0862055   -0.132104
1185   GLU   0.00474086   0.228072
1186   ARG   -0.00646843   -0.112373
1188   GLU   -0.0133775   0.137101
1250   TYR   0.0427233   0.235349
SITE:  LYS- 295
 291   TRP   0.248384   0
 292   CYS   0.162077   0.300168
 294   ARG   0.086679   -0.1178
 296   ARG   0.0693713   -0.308013
 302   TYR   -0.0447363   0.157066
SITE:  ARG- 296
 292   CYS   -0.0225177   0.204682
 293   TYR   0.0410458   0.106678
 295   LYS   0.478   -0.308013
 297   TYR   -0.106124   0.106442
SITE:  TYR- 297
 293   TYR   -0.215107   0.763159
 296   ARG   -0.0389549   -0.106442
 301   GLU   0.00537904   0.168684
SITE:  GLU- 301
 293   TYR   0.00905054   0.100959
 294   ARG   0.0728891   -0.130898
 297   TYR   0.125407   0.168684
 302   TYR   -0.181971   0.128088
SITE:  TYR- 302
 294   ARG   0.00764878   -0.11142
 295   LYS   0.0510921   -0.157066
 298   PHE   0.114582   0
 301   GLU   -0.0691458   0.128088
SITE:  ASP- 306
 305   ILE   -0.199165   0
 307   SER   0.206214   0
SITE:  ASP- 317
 318   LYS   -0.280388   -0.172482
 325   ASP   0.0184434   0.142748
1183   ARG   0.0570415   -0.221078
1186   ARG   0.00353766   -0.206023
1257   LYS   -0.0140202   -0.598301
1261   CYS   0.00112844   0.121019
SITE:  LYS- 318
 317   ASP   -0.0831895   0.172482
 320   GLU   -0.0109629   0.118444
1257   LYS   -0.0184235   -0.140597
SITE:  GLU- 320
 318   LYS   0.0867776   -0.118444
 323   CYS   -0.0255344   0.122354
 325   ASP   -0.0179781   0.1509
1257   LYS   -0.0179031   -0.186189
SITE:  CYS- 323
 320   GLU   -0.0249298   0.122354
 322   SER   0.210134   0
 324   CYS   -0.0933793   0.473825
 325   ASP   -0.116023   0.235117
 326   PRO   -0.0926562   0
1119   CYS   0.0125461   0.176518
1120   GLU   -0.00720692   0.122009
SITE:  CYS- 324
 322   SER   0.25887   0
 323   CYS   -0.0010696   0.473825
 325   ASP   -0.21675   0.611511
 327   VAL   -0.257704   0
 328   SER   -0.203048   0
 332   GLU   -0.0211231   0.128093
1119   CYS   -0.0725934   0.731548
1120   GLU   -0.0197634   0.506632
1173   ARG   -0.00214871   -0.112844
1186   ARG   -0.00344176   -0.117145
1259   LYS   -0.0347051   -0.267399
SITE:  ASP- 325
 317   ASP   0.0525339   0.142748
 320   GLU   0.0747721   0.1509
 321   ALA   -0.88734   0
 322   SER   0.412162   0
 323   CYS   -0.0089186   0.235117
 324   CYS   -0.29868   0.611511
 326   PRO   -0.21099   0
 327   VAL   -0.193833   0
 328   SER   -0.434234   0
 329   ALA   -0.142269   0
 332   GLU   -0.0278537   0.258789
1119   CYS   -0.187142   0.292098
1120   GLU   0.0807571   0.944247
1173   ARG   0.020805   -0.18731
1183   ARG   0.0429812   -0.201986
1186   ARG   -0.0296805   -0.31785
1253   PRO   -0.151995   0
1254   SER   0.198825   0
1255   VAL   0.114262   0
1256   ASN   -0.220604   0
1257   LYS   -0.174695   -0.396536
1258   ALA   -0.350864   0
1259   LYS   -0.161238   -0.562762
1261   CYS   -0.0575833   0.194728
SITE:  GLU- 332
 324   CYS   0.040292   0.128093
 325   ASP   0.122882   0.258789
 326   PRO   0.117964   0
 327   VAL   0.106392   0
 328   SER   0.576972   0
 329   ALA   0.258186   0
 331   PHE   -0.183625   0
 333   GLY   -0.248974   0
 334   CYS   -0.11999   0.272324
 335   LEU   -0.301752   0
 336   ARG   -0.771362   -0.732972
 337   ARG   -0.00899148   -0.253177
 700   ASP   0.0378053   0.222105
 711   ARG   -0.0795557   -0.339801
 712   ASP   -0.030676   0.270807
 726   ARG   0.0687198   -0.284809
 727   VAL   0.123152   0
 729   GLY   0.24545   0
 730   GLU   0.141166   0.906133
 731   VAL   0.102637   0
 733   PRO   -0.181518   0
 742   GLU   -0.0165367   0.180803
 771   ASP   0.00185921   0.101294
1113   THR   0.155857   0
1116   LEU   0.468124   0
1117   LEU   0.334598   0
1118   GLY   -0.0226907   0
1119   CYS   -0.138704   0.23173
1120   GLU   0.136304   0.884391
1128   CYS   0.00461081   0.129237
1166   GLU   0.0207884   0.183501
1168   CYS   0.0454972   0.284024
1169   SER   0.164519   0
1170   HIS   0.119364   -0.461473
1173   ARG   0.385132   -1.67721
1176   THR   -0.150497   0
1177   VAL   -0.114456   0
1179   MET   -0.152546   0
1180   LYS   0.0218556   -0.117998
1186   ARG   -0.0642112   -0.32178
1189   GLU   -0.00420916   0.374617
1193   HIS   -0.029373   -0.397309
1206   LYS   -0.00498046   -0.115525
1239   HID   0.13001   -0.206634
1254   SER   0.168051   0
1259   LYS   0.0145206   -2.85557
1260   SER   0.0699566   0
1261   CYS   -0.024423   0.163834
1264   GLU   -0.0330885   0.143694
1265   GLU   -0.0516459   0.148869
1266   ARG   -0.288772   -0.463616
1267   TYR   -0.0771819   0.691732
1272   ARG   -0.048282   -0.341142
SITE:  CYS- 334
 330   ALA   0.339246   0
 331   PHE   0.492434   0
 332   GLU   0.128389   0.272324
 333   GLY   0.0717616   0
 335   LEU   -0.175132   0
 336   ARG   -0.0637357   -0.244603
 337   ARG   0.0205872   -0.799593
 338   LEU   -0.214888   0
 341   ARG   -0.146331   -0.143829
1119   CYS   -0.0141857   0.103091
1173   ARG   0.00535116   -0.175867
1259   LYS   0.00646559   -0.169693
1266   ARG   0.00408468   -0.119492
SITE:  ARG- 336
 329   ALA   0.158481   0
 332   GLU   -0.0581007   0.732972
 333   GLY   0.119668   0
 334   CYS   0.17767   0.244603
 337   ARG   -0.277625   -0.522078
 339   PHE   -0.191277   0
 341   ARG   -0.081122   -0.119932
 711   ARG   -0.0519143   -0.176682
 712   ASP   -0.010929   0.18981
 718   GLU   0.0166372   0.164194
 725   GLY   0.0971985   0
 726   ARG   0.0476208   -0.276634
 729   GLY   0.0395679   0
 730   GLU   -0.0170305   0.512004
 733   PRO   -0.0919745   0
1120   GLU   0.0302028   0.176776
1170   HIS   0.0343407   -0.168697
1173   ARG   0.100067   -0.420013
1189   GLU   -0.00850761   0.175683
1193   HIS   -0.000234188   -0.204093
1259   LYS   0.0649358   -0.40506
1261   CYS   -0.00625105   0.130514
1262   ALA   0.159448   0
1264   GLU   -6.0509e-05   0.124516
1265   GLU   -0.0599879   0.252197
1266   ARG   0.260467   -1.20032
1267   TYR   -0.0337264   0.466062
1272   ARG   -0.0631357   -0.211346
SITE:  ARG- 337
 330   ALA   0.14682   0
 332   GLU   0.0866577   0.253177
 333   GLY   0.539758   0
 334   CYS   0.350704   0.799593
 335   LEU   0.154456   0
 336   ARG   0.130668   -0.522078
 338   LEU   -0.264904   0
 341   ARG   -0.230796   -0.248638
 726   ARG   0.0180056   -0.101114
 730   GLU   -0.00740217   0.140744
1173   ARG   0.0218435   -0.14878
1259   LYS   0.0150357   -0.141105
1265   GLU   7.78418e-05   0.10404
1266   ARG   0.0679   -0.287814
1267   TYR   -0.00301215   0.113557
SITE:  ARG- 341
 334   CYS   0.0928278   0.143829
 336   ARG   0.0669591   -0.119932
 337   ARG   0.0696657   -0.248638
 340   THR   -0.100917   0
 342   TRP   -0.157108   0
 346   CYS   -0.0408126   0.14867
 348   ARG   -0.0296673   -0.185517
1266   ARG   0.048424   -0.151095
SITE:  CYS- 346
 339   PHE   0.146994   0
 340   THR   0.140949   0
 341   ARG   0.0684691   -0.14867
 342   TRP   0.76728   0
 343   GLY   0.631775   0
 345   PHE   -0.199717   0
 347   VAL   -0.303592   0
 348   ARG   -0.298278   -0.272394
 349   ASN   -0.230014   0
 350   PRO   0.15341   0
 352   CYS   -0.221674   0.295536
 353   VAL   -0.41501   0
 653   LYS   0.0171931   -0.174354
 670   CYS   -0.0303169   0.123338
 700   ASP   0.0229665   0.189476
 709   TYR   -0.0443498   0.159374
 712   ASP   -0.00241007   0.122827
 721   ASP   0.00622478   0.313554
 725   GLY   0.0500392   0
 726   ARG   0.0278588   -0.130781
 730   GLU   -0.0334978   0.130473
 742   GLU   -0.00227117   0.139537
 771   ASP   0.106953   0.252437
 773   LEU   0.196303   0
 774   LEU   0.218693   0
 775   GLN   0.254606   0
 776   ILE   0.38428   0
 777   THR   1.66976   0
 778   CYS   0.29757   0.804776
 780   VAL   -0.506692   0
 781   SER   1.22108   0
 783   LEU   -0.182693   0
 784   GLY   -0.190665   0
 786   ASP   -0.099135   0.21759
 788   LYS   -0.034255   -0.328549
1166   GLU   -0.0119723   0.119561
1170   HIS   -0.0138535   -0.153652
1173   ARG   0.000758697   -0.119502
SITE:  ARG- 348
 341   ARG   0.154686   -0.185517
 343   GLY   0.0912466   0
 344   SER   0.312236   0
 345   PHE   0.167749   0
 346   CYS   -0.00168814   0.272394
 347   VAL   -0.107597   0
 349   ASN   -0.168694   0
 718   GLU   -0.04274   0.119157
 721   ASP   -0.118567   0.50693
 788   LYS   -0.00841934   -0.292495
SITE:  CYS- 352
 346   CYS   0.067859   0.295536
 349   ASN   0.63512   0
 351   GLY   -0.0320698   0
 353   VAL   -0.250092   0
 355   PHE   -0.183685   0
 778   CYS   0.0397526   0.147051
 788   LYS   -0.00391374   -0.1083
SITE:  CYS- 364
 357   SER   0.163778   0
 359   VAL   0.122035   0
 360   PHE   1.22229   0
 361   ILE   0.443894   0
 363   ALA   -0.245304   0
 365   SER   -0.445232   0
 366   SER   -0.174748   0
 667   SER   0.175553   0
 668   VAL   0.111209   0
 670   CYS   0.762896   2.09924
 673   GLY   -0.232482   0
 674   VAL   -0.211304   0
 677   TYR   -0.167117   0.206935
 771   ASP   -0.00372648   0.234224
 778   CYS   -0.032088   0.147533
SITE:  ARG- 372
 367   GLY   0.145259   0
 370   PHE   0.954965   0
 371   VAL   -0.105063   0
 379   ASP   0.00954834   0.134345
 676   SER   0.472554   0
 679   GLY   -0.14404   0
 680   LEU   0.184729   0
 681   PRO   -0.0494408   0
SITE:  ASP- 379
 372   ARG   -0.0542423   -0.134345
 376   ASN   0.370088   0
 377   PRO   0.113521   0
 378   VAL   0.037877   0
 380   LEU   -0.248682   0
 382   SER   0.126208   0
 384   PRO   -0.0144751   0
 389   ARG   -0.165463   -0.897536
 392   LYS   -0.0361283   -0.319448
 393   GLU   0.0157941   0.271251
 396   ASP   0.00221355   0.230955
 404   ARG   0.0208717   -0.196455
 571   TYR   -0.038439   0.119773
 584   GLU   0.0127613   0.113294
 606   GLU   0.00203588   0.197317
 610   GLU   -0.00316968   0.226198
 681   PRO   0.0210657   0
 755   PRO   -0.156346   0
 758   HIS   -0.0530229   -0.196532
1081   TYR   -0.00681705   0.215548
1088   TYR   -0.017081   0.161561
1089   GLU   -0.0499177   0.103832
1091   TYR   -0.0169949   0.154639
1225   TYR   -0.0183897   0.171397
SITE:  ARG- 389
 377   PRO   0.0864117   0
 378   VAL   0.586024   0
 379   ASP   0.0833292   0.897536
 381   TRP   -0.167826   0
 382   SER   0.87951   0
 383   ALA   0.971282   0
 384   PRO   0.0904821   0
 387   GLN   0.18755   0
 391   GLU   -0.184883   0.294274
 392   LYS   -0.22416   -0.587427
 393   GLU   -0.123376   0.553935
 396   ASP   -0.0444228   0.379151
 404   ARG   0.0152145   -0.189824
 571   TYR   -0.0433921   0.161567
 584   GLU   0.0115274   0.108075
 606   GLU   0.0102762   0.216948
 610   GLU   -0.00263619   0.154065
 755   PRO   -0.155064   0
 758   HIS   -0.0310122   -0.185462
 875   TYR   -0.0148027   0.10494
 890   TYR   0.00612899   0.109661
1042   HIS   -0.0121315   -0.114017
1042   HIS   -0.0508248   -0.101278
1042   HID   0.000403711   -0.206
1059   ARG   0.091819   -0.270496
1077   ARG   0.0188643   -0.10296
1081   TYR   -0.0394004   0.391979
1085   TYR   -0.0246586   0.194576
1086   VAL   -0.0128844   0
1088   TYR   -0.0611972   0.192354
1089   GLU   -0.185803   0.319176
1091   TYR   -0.0313132   0.200225
1097   ASP   -0.00315162   0.147284
1225   TYR   -0.0122918   0.138124
SITE:  GLU- 391
 386   SER   0.220578   0
 387   GLN   1.41938   0
 388   ALA   0.246578   0
 389   ARG   0.1058   -0.294274
 392   LYS   -0.134642   -0.406598
 393   GLU   -0.190434   0.30463
 394   TYR   -0.246152   0.379591
 395   PHE   -0.199699   0
 396   ASP   -0.109208   0.308894
 398   HID   -0.0739678   -0.24345
 606   GLU   0.0173611   0.107854
 890   TYR   0.110268   0.20376
 892   VAL   0.0709164   0
 894   GLU   -0.159416   0.628201
 895   GLU   0.00945658   0.1401
 897   HIS   0.00434662   -0.112429
 899   TYR   -0.0104175   0.198282
1037   TYR   -0.0559666   0.147251
1042   HIS   -0.0399502   -0.27604
1042   HID   0.0832248   -0.130119
1042   HIS   -0.071992   -0.264626
1042   HID   -0.0339569   -0.435576
1056   LYS   0.0453338   -0.10883
1059   ARG   0.511914   -1.23268
1076   TYR   -0.123361   0.125656
1077   ARG   0.0542108   -2.00125
1079   PHE   0.123368   0
1080   PRO   0.331415   0
1081   TYR   -0.106773   0.506756
1082   SER   0.0936505   0
1085   TYR   -0.150745   0.56613
1088   TYR   -0.0558798   0.112252
1089   GLU   -0.145011   0.461546
1091   TYR   -0.0431694   0.103369
SITE:  LYS- 392
 377   PRO   -0.0570374   0
 378   VAL   -0.120868   0
 379   ASP   -0.0716874   0.319448
 388   ALA   0.208244   0
 389   ARG   0.116798   -0.587427
 391   GLU   -0.13947   0.406598
 393   GLU   -0.331676   0.861943
 394   TYR   -0.0697358   0.124303
 395   PHE   -0.304219   0
 396   ASP   0.416915   2.61038
 398   HID   -0.0775872   -0.178392
 401   PRO   -0.407345   0
 402   PHE   0.123261   0
 404   ARG   0.0148716   -0.533384
 406   GLU   0.0251421   0.232647
 468   CYS   -0.0202594   0.108708
 569   ASN   -0.2251   0
 570   TYR   0.170889   0.110425
 571   TYR   -0.123653   0.288135
 573   ASP   0.0478053   0.130786
 584   GLU   0.0212429   0.273781
 606   GLU   0.0458371   0.602557
 607   ARG   -0.0533572   -0.139277
 610   GLU   -0.0101271   0.2825
 871   TYR   -0.0164197   0.104395
 875   TYR   -0.027372   0.256308
 888   PRO   0.0648716   0
 890   TYR   -0.00933369   0.337041
1037   TYR   -0.0116354   0.206801
1041   TYR   -0.029558   0.176717
1042   HIS   -0.0177258   -0.215172
1042   HID   0.0585172   -0.1129
1042   HIS   -0.110616   -0.192717
1042   HID   0.00555029   -0.338284
1059   ARG   0.0903431   -0.256926
1077   ARG   0.0228739   -0.122998
1081   TYR   0.00993605   1.44356
1083   VAL   0.176542   0
1085   TYR   -0.108354   0.318986
1086   VAL   -0.167842   0
1088   TYR   -0.0764708   0.252127
1089   GLU   -0.107181   0.18939
1091   TYR   -0.0340505   0.163591
1225   TYR   -0.0134964   0.101905
SITE:  GLU- 393
 379   ASP   0.0108957   0.271251
 384   PRO   0.138464   0
 389   ARG   0.251094   -0.553935
 390   LEU   0.270126   0
 391   GLU   0.012226   0.30463
 392   LYS   0.25736   -0.861943
 394   TYR   -0.222698   0.174734
 396   ASP   -0.385116   0.758278
 397   GLN   -0.322702   0
 398   HID   -0.0756832   -0.220958
 404   ARG   0.0197564   -0.173013
 571   TYR   -0.00295139   0.517029
 606   GLU   0.00694932   0.170374
 610   GLU   -0.00632276   0.106597
 890   TYR   0.0062664   0.114935
 894   GLU   -0.0375018   0.121505
1042   HID   -0.00136631   -0.12102
1059   ARG   0.0448062   -0.143359
1077   ARG   0.00777023   -0.106745
1081   TYR   -0.0183964   0.365461
1085   TYR   -0.0390612   0.12471
1089   GLU   -0.0571765   0.109041
SITE:  TYR- 394
 391   GLU   0.16933   0.379591
 392   LYS   0.0782647   -0.124303
 393   GLU   -0.0325728   0.174734
 396   ASP   -0.0891449   0.185717
 398   HID   0.272369   -1.47852
 571   TYR   0.000679931   0.119023
 890   TYR   0.0122686   0.118571
 893   LEU   0.153628   0
 894   GLU   -0.84406   0.849811
 895   GLU   -0.506832   0.717684
 897   HIS   0.0521671   -0.195412
 899   TYR   0.00671029   0.397141
1024   ASN   -0.180392   0
1029   HID   0.00983834   -0.102031
1032   ARG   0.0462967   -0.273044
1034   GLY   -0.12764   0
1035   ALA   -0.261388   0
1037   TYR   -0.00491776   0.149624
1059   ARG   0.0500228   -0.125584
1076   TYR   -0.144448   0.19657
1077   ARG   0.0449987   -0.258464
1081   TYR   -0.000531732   0.141034
1085   TYR   -0.017212   0.110077
SITE:  ASP- 396
 379   ASP   -0.0387078   0.230955
 389   ARG   0.0740046   -0.379151
 391   GLU   0.121467   0.308894
 392   LYS   0.63342   -2.61038
 393   GLU   0.45508   0.758278
 394   TYR   0.0435503   0.185717
 395   PHE   -0.339155   0
 397   GLN   -0.449824   0
 398   HID   -0.200602   -0.366588
 399   PHE   -0.269775   0
 400   GLY   -0.100185   0
 401   PRO   -0.56524   0
 404   ARG   0.0182449   -0.421536
 406   GLU   0.0234142   0.194195
 468   CYS   -0.0214868   0.113796
 569   ASN   -0.177963   0
 570   TYR   0.131664   0.144479
 571   TYR   -0.170065   0.46907
 573   ASP   0.035768   0.150023
 584   GLU   0.015694   0.217991
 606   GLU   0.0395257   0.444555
 607   ARG   -0.04043   -0.108043
 610   GLU   -0.0246009   0.20813
 875   TYR   -0.0175725   0.184194
 890   TYR   -0.00259319   0.416948
 894   GLU   -0.0435806   0.114065
 899   TYR   0.0016111   0.105367
1037   TYR   -0.00746152   0.295434
1041   TYR   -0.0200907   0.182624
1042   HIS   -0.0104047   -0.184007
1042   HIS   -0.081894   -0.165541
1042   HID   -0.00496669   -0.262444
1059   ARG   0.0661271   -0.190835
1077   ARG   0.02421   -0.11067
1081   TYR   -0.0345533   1.23391
1083   VAL   0.0861146   0
1085   TYR   -0.0847989   0.268588
1088   TYR   -0.0486903   0.175164
1089   GLU   -0.0763125   0.125673
1091   TYR   -0.0224508   0.10793
SITE:  HID- 398
 391   GLU   0.160442   0.24345
 392   LYS   0.163599   -0.178392
 393   GLU   0.193614   0.220958
 394   TYR   1.62576   1.47852
 395   PHE   0.403274   0
 396   ASP   -0.23943   0.366588
 397   GLN   -0.26213   0
 399   PHE   -0.188541   0
 571   TYR   0.00757697   0.218404
 890   TYR   0.0101143   0.177198
 894   GLU   -0.17029   0.315375
 895   GLU   -0.198307   0.393042
 897   HIS   0.0234524   -0.111327
 899   TYR   0.0128681   0.276976
1016   HID   -0.0112064   -0.139858
1024   ASN   -0.267277   0
1029   HID   0.0170467   -0.112085
1032   ARG   0.0901104   -0.225307
1034   GLY   -0.153885   0
1037   TYR   -0.0117363   0.217118
1076   TYR   -0.0597446   0.101037
1077   ARG   0.0297079   -0.139392
1081   TYR   -0.00227327   0.186954
1085   TYR   -0.022256   0.103811
SITE:  ARG- 404
 376   ASN   0.0640537   0
 377   PRO   -0.107475   0
 379   ASP   -0.0734874   0.196455
 389   ARG   -0.00362059   -0.189824
 392   LYS   0.00621957   -0.533384
 393   GLU   0.0499534   0.173013
 396   ASP   0.0791964   0.421536
 401   PRO   -0.117305   0
 402   PHE   0.189024   0
 403   PHE   -0.206258   0
 406   GLU   0.143918   0.907863
 457   TYR   0.0214138   0.14852
 466   ASP   -0.0140262   0.209306
 467   ILE   0.057826   0
 468   CYS   -0.0494008   0.387965
 479   CYS   -0.0605132   0.182126
 567   VAL   -0.0515893   0
 568   ASN   0.391544   0
 569   ASN   0.00491071   0
 570   TYR   -0.0244556   0.375135
 571   TYR   -0.0367144   0.102561
 573   ASP   0.0605122   0.225062
 574   THR   0.233112   0
 575   GLU   0.131538   0.201125
 576   LYS   0.180535   -0.241412
 577   LEU   0.320204   0
 579   ARG   -0.15956   -0.226501
 580   ALA   -0.467724   0
 581   GLN   -1.11465   0
 584   GLU   0.490153   2.02436
 585   LYS   -0.019858   -0.151639
 586   GLU   -0.0828606   0.102464
 592   LYS   -0.0108555   -0.100413
 605   ALA   -0.1601   0
 606   GLU   -0.72815   1.19271
 607   ARG   -0.34218   -0.470584
 610   GLU   -0.0709209   0.555205
 611   ASP   -0.109097   0.231357
 612   GLU   -0.0813716   0.164628
 871   TYR   -0.0311654   0.248371
 875   TYR   -0.0288478   0.365447
 890   TYR   -0.0242426   0.288692
1037   TYR   -0.00292525   0.17654
1041   TYR   -0.0446809   0.227235
1042   HIS   0.00414   -0.149658
1042   HIS   -0.0993856   -0.128837
1042   HID   0.0133124   -0.187139
1081   TYR   -0.0231909   0.532566
1085   TYR   -0.0334937   0.160066
1088   TYR   -0.0449964   0.248693
1091   TYR   -0.0244118   0.140862
1225   TYR   -0.0156978   0.100741
SITE:  GLU- 406
 392   LYS   0.000685798   -0.232647
 396   ASP   0.0277418   0.194195
 403   PHE   -0.223286   0
 404   ARG   -1.33348   -0.907863
 405   THR   -1.35082   0
 407   GLN   0.0774483   0
 408   LEU   0.100914   0
 411   ARG   0.00628774   -0.122492
 447   GLN   0.170148   0
 450   ILE   0.0077194   0
 451   GLU   -0.0549934   0.311049
 453   ILE   0.0903714   0
 464   LEU   0.131156   0
 466   ASP   -0.109879   0.277961
 467   ILE   -0.0909414   0
 468   CYS   -0.0896716   1.28713
 469   LEU   0.104431   0
 479   CYS   -0.155231   0.619328
 480   THR   0.153476   0
 487   TYR   -0.0201832   0.173814
 550   TYR   0.0117803   0.110752
 563   ILE   0.0611581   0
 564   THR   -0.500066   0
 565   PHE   0.920032   0
 566   PRO   -0.0441385   0
 567   VAL   -0.21164   0
 568   ASN   0.197697   0
 570   TYR   -0.0554308   0.270511
 573   ASP   0.0128472   0.103766
 575   GLU   0.0919934   0.121323
 576   LYS   0.119397   -0.149235
 577   LEU   0.159572   0
 579   ARG   -0.0483414   -0.181488
 580   ALA   0.204818   0
 581   GLN   -0.0243406   0
 584   GLU   -1.19137   2.81441
 585   LYS   0.0807855   -0.213687
 586   GLU   -0.202758   0.236786
 587   PHE   -0.18289   0
 588   ILE   -0.119968   0
 591   VAL   -0.156894   0
 592   LYS   -0.0299456   -0.22334
 594   TYR   -0.0289976   0.128896
 603   PHE   -0.266461   0
 604   THR   0.384212   0
 605   ALA   -1.01549   0
 606   GLU   -1.01936   1.01427
 607   ARG   -0.21004   -0.569718
 608   SER   -0.232974   0
 610   GLU   -0.0598496   0.244709
 611   ASP   -0.11825   0.258242
 612   GLU   -0.100391   0.231532
 615   ARG   -0.0181307   -0.105835
 871   TYR   -0.0309526   0.568411
 874   ASP   -0.0309781   0.1191
 875   TYR   0.0417704   0.820346
 884   HIS   -0.0268064   -0.12276
 887   PRO   -0.0702502   0
 888   PRO   0.00351452   0
 890   TYR   -0.0200588   0.325607
1013   LYS   0.00788081   -0.102074
1016   HIS   0.00291866   -0.100057
1019   TYR   0.00987691   0.103793
1037   TYR   -0.00810684   0.214173
1041   TYR   -0.101526   0.405328
1042   HIS   0.0273499   -0.188071
1042   HID   0.0355418   -0.1257
1042   HIS   -0.139779   -0.157183
1042   HID   0.0132595   -0.194419
1081   TYR   -0.00609945   0.322994
1085   TYR   -0.0302625   0.167284
1088   TYR   -0.0383824   0.244875
1091   TYR   -0.0228354   0.121478
SITE:  ARG- 411
 406   GLU   -0.0263634   0.122492
 409   ILE   0.19518   0
 410   ILE   0.0821829   0
 413   PRO   -0.0349963   0
 434   PRO   -0.0494584   0
 487   TYR   -0.0151948   0.100633
 550   TYR   0.0269139   0.119956
 560   ALA   -0.24887   0
 561   LEU   0.138278   0
 594   TYR   0.00149143   0.102834
 599   LEU   -0.179485   0
 600   THR   0.52768   0
 601   ILE   -0.1638   0
 602   SER   -0.197404   0
 871   TYR   0.0684027   0.130296
 874   ASP   0.4225   0.792257
 875   TYR   0.164239   0.287146
 877   LYS   -0.125685   -0.457617
 881   GLN   0.181278   0
 882   TYR   0.194464   1.70769
 884   HIS   -0.012774   -0.18853
SITE:  ASP- 416
 417   LYS   -0.0401283   -0.33008
 418   HIS   0.0213564   -0.287271
 433   PRO   0.0341725   0
 436   ASP   -0.0322474   0.342122
 509   TYR   -0.0102518   0.143907
 510   HIS   -0.010166   -0.102402
SITE:  LYS- 417
 416   ASP   -0.31002   0.33008
 418   HIS   0.0937798   -0.272061
 436   ASP   -0.0214308   0.121245
 551   ASP   0.0363706   0.183728
 882   TYR   0.00838933   0.100256
SITE:  HIS- 418
 416   ASP   0.243556   0.287271
 417   LYS   -0.108771   -0.272061
 419   ILE   -0.43758   0
 420   TYR   0.126914   0.322365
 421   GLN   0.27226   0
 428   ASP   -0.127515   0.155884
 429   VAL   0.34616   0
 430   PRO   -0.230861   0
 432   GLY   0.414148   0
 433   PRO   0.278616   0
 434   PRO   -0.0105491   0
 435   LEU   0.211696   0
 436   ASP   -0.383945   0.826006
 441   HIS   -0.0181082   -0.150172
 487   TYR   -0.0268484   0.134168
 496   ASP   0.0235955   0.135423
 498   LYS   -0.0429889   -0.12552
 508   ASP   -0.0613652   0.388381
 509   TYR   -0.102102   1.26809
 510   HIS   -0.158269   -0.920165
 512   HIS   -0.0358724   -0.163381
 516   CYS   -0.0161793   0.155944
 525   ASP   0.0141772   0.109163
SITE:  TYR- 420
 164   GLU   -0.0324269   0.122332
 166   PRO   0.0967529   0
 167   SER   0.130554   0
 170   ASP   0.0290575   0.284998
 418   HIS   -0.00289495   -0.322365
 421   GLN   0.228044   0
 422   PRO   -0.543054   0
 423   TYR   -0.328008   0.163931
 424   PRO   -0.16559   0
 425   SER   0.250022   0
 427   ALA   0.164111   0
 428   ASP   -0.125303   0.186606
 429   VAL   0.077597   0
 436   ASP   -0.0175805   0.123443
 487   TYR   0.00800752   0.163588
 496   ASP   0.00216594   0.10613
 497   HIS   0.106259   -0.222084
 498   LYS   -0.12875   -0.13067
 499   LYS   -0.0750162   -0.103242
 505   VAL   0.210838   0
 506   TYR   0.357959   0.113301
 507   ALA   -0.375278   0
 508   ASP   -0.341648   0.838367
 509   TYR   0.0321618   0.354757
 510   HIS   -0.248962   -0.981125
 511   THR   0.751524   0
 512   HIS   -0.0242572   -0.422037
 514   LEU   -0.161457   0
 515   TYR   -0.0988253   0.17778
 516   CYS   -0.0540687   0.331189
 518   ARG   -0.139872   -0.138248
 525   ASP   0.130379   0.520064
 527   SER   -0.00816087   0
 530   HIS   -0.0777121   -0.122103
 531   ASP   0.0117659   0.133728
 533   CYS   -0.0168474   0.215976
SITE:  TYR- 423
 192   TYR   0.000959799   0.129491
 420   TYR   -0.00441223   0.163931
 424   PRO   -0.16002   0
 501   ASP   -0.0440625   0.165994
 506   TYR   0.01055   0.454106
SITE:  ASP- 428
 170   ASP   0.00956744   0.115153
 418   HIS   0.0260128   -0.155884
 419   ILE   -0.20524   0
 420   TYR   0.400731   0.186606
 421   GLN   -0.274576   0
 422   PRO   0.0640679   0
 430   PRO   0.0334784   0
 510   HIS   -0.00628508   -0.11824
SITE:  ASP- 436
 415   THR   -0.575195   0
 416   ASP   0.355294   0.342122
 417   LYS   -0.147835   -0.121245
 418   HIS   -0.0803591   -0.826006
 420   TYR   -0.0151272   0.123443
 432   GLY   0.372764   0
 433   PRO   0.706512   0
 434   PRO   0.0934868   0
 437   ILE   -0.306789   0
 438   GLN   -0.59474   0
 439   ILE   -0.581638   0
 440   LEU   -0.290122   0
 441   HIS   -0.0671658   -0.263634
 487   TYR   -0.0317588   0.125283
 496   ASP   0.0180335   0.151938
 498   LYS   -0.0230896   -0.104435
 508   ASP   -0.0218042   0.238171
 509   TYR   -0.141682   1.05527
 510   HIS   -0.0331343   -0.41371
 512   HIS   -0.0293382   -0.129063
 516   CYS   -0.00782105   0.126369
SITE:  HIS- 441
 418   HIS   -0.00824208   -0.150172
 434   PRO   0.0986816   0
 436   ASP   0.126838   0.263634
 437   ILE   0.630371   0
 438   GLN   0.0976156   0
 439   ILE   0.137707   0
 440   LEU   -0.0185786   0
 442   GLN   -0.37514   0
 443   VAL   -0.188231   0
 444   LEU   -0.370706   0
 445   ASP   -0.128894   0.456199
 451   GLU   -0.0137294   0.108834
 487   TYR   -0.0419503   0.131273
 492   HIS   0.524546   -1.51257
 495   LEU   -0.415   0
 496   ASP   0.162032   1.05604
 497   HIS   0.0874343   -0.191673
 498   LYS   0.00197442   -0.238522
 508   ASP   -0.00276361   0.245887
 509   TYR   -0.0283224   0.445573
 510   HIS   -0.000549964   -0.224801
 512   HIS   -0.0452215   -0.18546
 516   CYS   -0.00495881   0.139973
 533   CYS   -0.00991454   0.111324
 594   TYR   -0.0425562   0.200415
SITE:  ASP- 445
 439   ILE   0.129675   0
 440   LEU   0.17312   0
 441   HIS   0.617079   -0.456199
 442   GLN   0.180279   0
 443   VAL   0.0757782   0
 446   LEU   -0.321862   0
 447   GLN   -0.269744   0
 448   ILE   -0.24656   0
 449   ALA   -0.164852   0
 451   GLU   -0.0753292   0.189188
 492   HIS   -0.286476   -0.857403
 496   ASP   -0.0201404   0.121766
 509   TYR   -0.00588218   0.101105
 594   TYR   -0.126965   0.637165
SITE:  GLU- 451
 406   GLU   0.0317263   0.311049
 441   HIS   0.059531   -0.108834
 443   VAL   0.0990964   0
 444   LEU   0.191695   0
 445   ASP   0.0498602   0.189188
 447   GLN   0.289268   0
 448   ILE   0.273667   0
 450   ILE   -0.163082   0
 452   ASN   -0.0607025   0
 464   LEU   -0.168889   0
 466   ASP   -0.0659212   0.141473
 468   CYS   -0.0239454   0.611774
 478   ASN   -0.261916   0
 479   CYS   0.442031   0.957964
 481   ILE   -0.054982   0
 486   ASN   0.144279   0
 487   TYR   -0.0252004   0.169625
 492   HIS   -0.0205432   -0.183531
 512   HIS   -0.0069754   -0.108772
 516   CYS   0.00455102   0.115111
 533   CYS   0.000269743   0.125327
 536   THR   -0.180112   0
 566   PRO   0.0884583   0
 584   GLU   -0.0266992   0.148536
 594   TYR   -0.0387022   0.155937
 875   TYR   0.0118654   0.106653
1041   TYR   -0.0133872   0.119141
SITE:  TYR- 457
 404   ARG   0.000980486   -0.14852
 458   ASP   -0.354864   0.632389
 460   GLU   -0.019124   0.159874
 466   ASP   0.00694112   0.106391
 573   ASP   0.000750255   0.168034
 575   GLU   0.130458   0.699511
 576   LYS   0.0646114   -0.143694
 578   GLN   -1.85177   0
 579   ARG   -0.0131413   -0.349938
 584   GLU   -0.0300766   0.146242
 585   LYS   -0.0331355   -0.111264
 607   ARG   0.00289656   -0.151983
 610   GLU   0.00514157   0.11602
SITE:  ASP- 458
 457   TYR   0.0543162   0.632389
 459   ASN   -0.324846   0
 460   GLU   -0.0372601   0.258683
 575   GLU   0.0116474   0.374258
 579   ARG   0.0240248   -0.24272
SITE:  GLU- 460
 456   SER   -0.308838   0
 457   TYR   0.263056   0.159874
 458   ASP   0.00922202   0.258683
 466   ASP   0.0299433   0.32258
 570   TYR   -0.0171358   0.123418
 575   GLU   0.132585   0.404445
 576   LYS   0.00911005   -0.172888
 579   ARG   -0.0115302   -0.545697
SITE:  ASP- 466
 404   ARG   -0.0386668   -0.209306
 406   GLU   0.0410795   0.277961
 451   GLU   0.0222124   0.141473
 453   ILE   0.136396   0
 454   THR   -0.189289   0
 455   ALA   0.154125   0
 457   TYR   0.0779853   0.106391
 460   GLU   -0.082934   0.32258
 462   VAL   -0.767496   0
 463   THR   0.777956   0
 464   LEU   0.328124   0
 465   GLN   -0.172966   0
 467   ILE   -0.429468   0
 468   CYS   -0.00162663   0.66734
 479   CYS   -0.116879   0.369202
 568   ASN   0.237308   0
 570   TYR   -0.161291   0.692633
 573   ASP   0.0142682   0.158678
 575   GLU   0.151459   0.315761
 576   LYS   0.0887269   -0.465929
 579   ARG   -0.816477   -0.740401
 584   GLU   -0.0704401   0.258544
SITE:  CYS- 468
 392   LYS   0.00558493   -0.108708
 396   ASP   0.0160614   0.113796
 403   PHE   -0.199642   0
 404   ARG   -0.0544341   -0.387965
 405   THR   -0.288034   0
 406   GLU   0.291728   1.28713
 447   GLN   0.17525   0
 451   GLU   -0.0481457   0.611774
 453   ILE   0.220338   0
 463   THR   0.422862   0
 464   LEU   2.22024   0
 465   GLN   0.0869956   0
 466   ASP   -0.424764   0.66734
 467   ILE   -0.614338   0
 469   LEU   0.433976   0
 471   PRO   -0.0395366   0
 478   ASN   0.107706   0
 479   CYS   -1.72581   3.58444
 480   THR   0.266216   0
 481   ILE   -0.0303584   0
 487   TYR   -0.0207275   0.172245
 565   PHE   -0.623489   0
 566   PRO   1.53634   0
 567   VAL   -0.444508   0
 568   ASN   0.243428   0
 570   TYR   -0.0906099   0.453166
 575   GLU   0.0671464   0.124892
 576   LYS   0.0999066   -0.213515
 579   ARG   -0.123169   -0.213965
 583   TRP   0.103187   0
 584   GLU   -0.187159   0.645912
 586   GLU   -0.104957   0.123669
 606   GLU   -0.123539   0.278286
 607   ARG   -0.0361872   -0.165961
 871   TYR   -0.00850567   0.13651
 875   TYR   0.0118028   0.250557
 890   TYR   -0.00482042   0.291858
1013   LYS   0.0151959   -0.126546
1016   HID   -0.0125688   -0.119918
1016   HIS   -0.00283847   -0.104561
1016   HID   0.00850045   -0.108273
1016   HIS   -0.0162629   -0.12519
1016   HIS   0.0182366   -0.162348
1019   TYR   0.0172146   0.122732
1037   TYR   0.00505045   0.253511
1041   TYR   -0.0331027   0.320761
1081   TYR   -0.00506824   0.159141
SITE:  TYR- 475
 472   LEU   0.0804977   0
 476   ASN   -0.25846   0
 479   CYS   -0.00553293   0.102506
 531   ASP   -0.0157903   0.105592
 533   CYS   -0.0257157   0.148377
 535   GLY   0.12342   0
 538   GLY   -0.061331   0
 956   CYS   0.00986575   0.115029
1005   ASP   -0.0147488   0.345994
1006   ASN   0.0245544   0
1007   PRO   0.124942   0
1008   ASN   -0.189151   0
1009   PRO   -0.0709907   0
1010   LYS   -0.0444912   -0.179876
1011   CYS   -0.0722976   0.207525
1013   LYS   0.0859358   -0.123642
1016   HID   0.0876945   -0.142248
1016   HIS   0.0443222   -0.171618
1016   HIS   -0.0381852   -0.272742
1016   HID   -0.340771   -0.344686
1016   HIS   0.124964   -0.239804
1016   HID   0.0131266   -0.182213
SITE:  CYS- 479
 404   ARG   -0.00885251   -0.182126
 406   GLU   0.129999   0.619328
 447   GLN   0.161614   0
 451   GLU   -0.0613315   0.957964
 453   ILE   0.131824   0
 464   LEU   0.160883   0
 465   GLN   -0.142754   0
 466   ASP   -0.130487   0.369202
 467   ILE   -0.22952   0
 468   CYS   -0.0364752   3.58444
 469   LEU   0.669128   0
 471   PRO   -0.0784805   0
 475   TYR   -0.0515838   0.102506
 478   ASN   -0.0839596   0
 480   THR   -0.177142   0
 481   ILE   0.105592   0
 487   TYR   -0.021694   0.208606
 490   ASN   -0.163233   0
 516   CYS   0.00871721   0.119844
 533   CYS   0.0164306   0.135785
 538   GLY   0.07661   0
 564   THR   0.111717   0
 565   PHE   -0.351093   0
 566   PRO   0.523975   0
 567   VAL   -0.0690831   0
 570   TYR   -0.0346026   0.235692
 576   LYS   0.0394636   -0.114331
 579   ARG   -0.0640127   -0.109744
 584   GLU   -0.0837333   0.293335
 606   GLU   -0.0528971   0.152032
 875   TYR   0.0104049   0.169147
 890   TYR   0.000767351   0.22317
1013   LYS   0.0187212   -0.128563
1016   HID   -0.0116157   -0.11082
1016   HIS   0.00450612   -0.10296
1016   HIS   -0.0274528   -0.127687
1016   HIS   0.00946917   -0.16065
1019   TYR   0.0090652   0.118576
1037   TYR   0.0107559   0.212204
1041   TYR   -0.0233282   0.277932
SITE:  TYR- 487
  96   ARG   0.0328662   -0.203615
 164   GLU   0.0199349   0.175724
 242   ASP   0.01184   0.127291
 406   GLU   0.0431122   0.173814
 411   ARG   0.00542579   -0.100633
 418   HIS   0.0100465   -0.134168
 420   TYR   -0.0102817   0.163588
 434   PRO   0.0157384   0
 436   ASP   0.0358756   0.125283
 441   HIS   0.0358684   -0.131273
 451   GLU   -0.0023803   0.169625
 468   CYS   -0.024109   0.172245
 479   CYS   0.0323872   0.208606
 481   ILE   0.113687   0
 482   LEU   -0.16331   0
 483   SER   0.366698   0
 484   VAL   0.150337   0
 486   ASN   -0.61588   0
 489   GLN   -0.336486   0
 497   HIS   0.0608942   -0.166151
 508   ASP   0.018901   0.174387
 509   TYR   0.0906159   0.320475
 510   HIS   0.170725   -0.252651
 512   HIS   0.233294   -0.888757
 513   PHE   0.502012   0
 514   LEU   0.159506   0
 515   TYR   -0.118259   0.397117
 516   CYS   0.432932   2.39477
 517   VAL   -0.289752   0
 518   ARG   -0.0044532   -0.421682
 520   PRO   -0.0589116   0
 522   SER   0.35735   0
 525   ASP   0.0116616   0.445278
 531   ASP   0.0471116   0.2016
 533   CYS   0.457774   1.40393
 534   LEU   0.103019   0
 535   GLY   -0.131609   0
 539   GLY   0.154458   0
 540   PRO   -0.549274   0
 541   VAL   2.82514   0
 542   PHE   -0.20366   0
 543   PRO   0.0150458   0
 545   LEU   -0.397896   0
 546   VAL   -0.318938   0
 547   LEU   -0.0290566   0
 548   GLY   0.0840305   0
 550   TYR   0.0284207   0.555057
 552   ASP   0.00470759   0.104331
 555   TYR   0.152118   0.644445
 562   VAL   0.170749   0
 566   PRO   -0.023029   0
 606   GLU   0.00797726   0.102622
 875   TYR   0.0290712   0.20068
 884   HIS   -0.0517448   -0.290692
 890   TYR   -0.00610158   0.227629
 930   ASP   0.00784839   0.114901
 944   ASP   -0.0206274   0.117619
 945   ASP   0.00871851   0.200974
 948   ASP   -0.0137779   0.119261
1011   CYS   0.00687047   0.112527
1013   LYS   0.00954143   -0.300475
1016   HIS   -0.02261   -0.124355
1016   HID   0.00949913   -0.168076
1019   TYR   0.0183027   0.2549
1037   TYR   -0.00394976   0.216014
1041   TYR   -0.00806027   0.457209
1042   HIS   0.0629158   -0.138447
1042   HID   -0.0545282   -0.152798
1042   HIS   -0.0591643   -0.12258
1042   HID   -0.00730733   -0.101926
SITE:  HIS- 492
 437   ILE   0.128864   0
 440   LEU   0.111801   0
 441   HIS   0.339896   -1.51257
 444   LEU   -0.367354   0
 445   ASP   0.156721   0.857403
 447   GLN   -0.202244   0
 451   GLU   -0.025878   0.183531
 493   SER   -0.168489   0
 495   LEU   -0.240922   0
 496   ASP   -0.144823   0.335062
 497   HIS   0.0150179   -0.131976
 498   LYS   0.00498355   -0.114348
 509   TYR   -0.00964038   0.153399
 512   HIS   -0.0224946   -0.122811
 594   TYR   -0.0427165   0.194464
SITE:  ASP- 496
 418   HIS   -0.0106497   -0.135423
 420   TYR   -0.017552   0.10613
 436   ASP   0.00375598   0.151938
 441   HIS   -0.321066   -1.05604
 445   ASP   -0.010592   0.121766
 492   HIS   0.508232   -0.335062
 493   SER   0.220558   0
 497   HIS   0.00528091   -0.422556
 498   LYS   0.0562302   -0.761916
 508   ASP   0.0104474   0.430015
 509   TYR   -0.0703382   0.347176
 510   HIS   -0.0174214   -0.280446
 512   HIS   -0.0605064   -0.200268
 516   CYS   -0.0104893   0.112449
 525   ASP   -0.00268797   0.115688
 531   ASP   0.00143872   0.128299
SITE:  HIS- 497
 420   TYR   -0.0280956   0.222084
 441   HIS   -0.00512045   -0.191673
 487   TYR   0.0911959   0.166151
 491   SER   0.0888674   0
 492   HIS   0.160327   -0.131976
 493   SER   0.450496   0
 494   VAL   0.359496   0
 495   LEU   0.165816   0
 496   ASP   -0.2768   0.422556
 498   LYS   -0.453792   -0.478207
 499   LYS   -0.108832   -0.336189
 508   ASP   -0.094069   0.601336
 509   TYR   -0.018127   0.270297
 510   HIS   0.0387618   -0.342345
 511   THR   -0.178322   0
 512   HIS   -0.199385   -0.863615
 515   TYR   -0.0920542   0.124192
 516   CYS   -0.0457302   0.360173
 525   ASP   -0.069615   0.550153
 529   LEU   -0.173156   0
 530   HIS   -0.110452   -0.175418
 531   ASP   0.315367   1.18897
 532   PRO   0.23443   0
 533   CYS   -0.0533357   0.372575
SITE:  LYS- 498
 418   HIS   -0.0131604   -0.12552
 420   TYR   -0.029428   0.13067
 436   ASP   -0.00955987   0.104435
 441   HIS   -0.0351139   -0.238522
 492   HIS   0.0869381   -0.114348
 496   ASP   1.21284   0.761916
 497   HIS   0.25108   -0.478207
 499   LYS   -0.187997   -0.188548
 501   ASP   0.0247936   0.103233
 502   ASP   -0.0279776   0.11974
 508   ASP   0.0225796   0.512397
 509   TYR   -0.08283   0.266402
 510   HIS   -0.0289096   -0.287695
 512   HIS   -0.0482629   -0.173829
 525   ASP   -0.00341162   0.120786
 531   ASP   -0.00533496   0.119911
SITE:  LYS- 499
 420   TYR   -0.0120047   0.103242
 497   HIS   0.0125694   -0.336189
 498   LYS   0.0536554   -0.188548
 500   GLY   -0.0631783   0
 501   ASP   0.0172775   0.16913
 506   TYR   -0.176561   0.180122
 508   ASP   -0.0179186   0.154853
 512   HIS   -0.0228164   -0.142394
 525   ASP   -0.0275583   0.174973
 528   LEU   0.211475   0
 530   HIS   0.0280802   -0.221301
 531   ASP   0.00166933   0.199377
SITE:  ASP- 501
 423   TYR   0.00582421   0.165994
 498   LYS   -0.0117006   -0.103233
 499   LYS   0.0243191   -0.16913
 500   GLY   -0.252542   0
 502   ASP   -0.273371   0.451513
 506   TYR   -0.135622   0.798842
SITE:  ASP- 502
 498   LYS   -0.0150324   -0.11974
 501   ASP   -0.296669   0.451513
 503   PHE   -0.193611   0
 506   TYR   -0.00511314   0.16029
SITE:  TYR- 506
 420   TYR   -0.00999694   0.113301
 423   TYR   -0.00544657   0.454106
 499   LYS   0.101575   -0.180122
 500   GLY   -0.279906   0
 501   ASP   -0.56529   0.798842
 502   ASP   0.181505   0.16029
SITE:  ASP- 508
 418   HIS   -0.0402989   -0.388381
 420   TYR   -0.123708   0.838367
 421   GLN   0.252712   0
 436   ASP   -0.0392438   0.238171
 441   HIS   -0.0202474   -0.245887
 487   TYR   0.000655641   0.174387
 494   VAL   0.227298   0
 495   LEU   0.316793   0
 496   ASP   0.0152328   0.430015
 497   HIS   0.469908   -0.601336
 498   LYS   -0.376597   -0.512397
 499   LYS   -0.195258   -0.154853
 505   VAL   -0.147707   0
 507   ALA   -0.165948   0
 509   TYR   -0.534214   0.79693
 510   HIS   -0.287122   -1.96297
 511   THR   -0.33034   0
 512   HIS   -0.226844   -0.599858
 515   TYR   -0.0958853   0.105574
 516   CYS   -0.0528502   0.337314
 525   ASP   0.0512366   0.479319
 531   ASP   -0.00387849   0.23744
 533   CYS   -0.0301536   0.246465
SITE:  TYR- 509
 416   ASP   0.115543   0.143907
 418   HIS   -0.265489   -1.26809
 420   TYR   -0.0390967   0.354757
 421   GLN   0.172092   0
 431   PHE   -0.22791   0
 432   GLY   0.295357   0
 433   PRO   0.221539   0
 434   PRO   0.123424   0
 435   LEU   2.17432   0
 436   ASP   -0.74504   1.05527
 437   ILE   -0.0977826   0
 439   ILE   -0.254246   0
 440   LEU   -0.424528   0
 441   HIS   -0.00782126   -0.445573
 445   ASP   -0.0351   0.101105
 487   TYR   -0.0956964   0.320475
 492   HIS   0.094029   -0.153399
 495   LEU   0.126437   0
 496   ASP   0.0211366   0.347176
 497   HIS   0.181041   -0.270297
 498   LYS   -0.0781091   -0.266402
 508   ASP   -0.139112   0.79693
 510   HIS   0.0296189   -2.05944
 512   HIS   -0.131066   -0.451255
 513   PHE   -0.173102   0
 516   CYS   -0.036061   0.396937
 525   ASP   0.0258357   0.252059
 531   ASP   0.00848239   0.140254
 533   CYS   -0.0176831   0.241657
 550   TYR   -0.0137171   0.10423
 555   TYR   0.106965   0.101147
SITE:  HIS- 510
 416   ASP   0.0612026   0.102402
 418   HIS   -0.209174   -0.920165
 420   TYR   -0.0326647   0.981125
 421   GLN   0.285868   0
 428   ASP   -0.0946431   0.11824
 429   VAL   0.126305   0
 432   GLY   0.14393   0
 435   LEU   0.259418   0
 436   ASP   -0.125113   0.41371
 441   HIS   -0.00434123   -0.224801
 487   TYR   -0.0317849   0.252651
 494   VAL   0.121741   0
 495   LEU   0.161906   0
 496   ASP   0.0117271   0.280446
 497   HIS   0.224237   -0.342345
 498   LYS   -0.15515   -0.287695
 505   VAL   0.0224231   0
 507   ALA   -0.189645   0
 508   ASP   -1.6825   1.96297
 509   TYR   0.383946   2.05944
 511   THR   -0.228772   0
 512   HIS   -0.195853   -0.577038
 513   PHE   -0.239924   0
 515   TYR   -0.0984783   0.114305
 516   CYS   -0.067722   0.417367
 525   ASP   0.0579008   0.406476
 531   ASP   0.00402093   0.170147
 533   CYS   -0.0226698   0.261899
SITE:  HIS- 512
  96   ARG   -0.0128731   -0.13438
 164   GLU   0.000170077   0.123797
 170   ASP   0.0143282   0.118943
 418   HIS   -0.00218414   -0.163381
 420   TYR   -0.0456814   0.422037
 436   ASP   0.0290222   0.129063
 441   HIS   0.023565   -0.18546
 451   GLU   0.0022825   0.108772
 484   VAL   0.265734   0
 485   LEU   0.219036   0
 487   TYR   1.43493   0.888757
 489   GLN   -0.279816   0
 490   ASN   -0.148019   0
 491   SER   0.0838679   0
 492   HIS   0.104825   -0.122811
 494   VAL   0.351071   0
 495   LEU   0.144081   0
 496   ASP   -0.0776814   0.200268
 497   HIS   0.263322   -0.863615
 498   LYS   -0.122437   -0.173829
 499   LYS   -0.118007   -0.142394
 508   ASP   0.253891   0.599858
 509   TYR   0.470332   0.451255
 510   HIS   0.311182   -0.577038
 511   THR   -0.0734757   0
 515   TYR   -0.749556   0.628462
 516   CYS   -0.46224   2.80064
 517   VAL   -0.17514   0
 518   ARG   -0.203642   -0.197555
 520   PRO   0.0415901   0
 522   SER   0.247626   0
 524   ASN   -0.263379   0
 525   ASP   0.294896   3.1108
 527   SER   0.107488   0
 529   LEU   -0.51058   0
 530   HIS   -0.426398   -0.274603
 531   ASP   0.455018   1.013
 532   PRO   0.698525   0
 533   CYS   -0.697466   3.05938
 535   GLY   -0.120618   0
 541   VAL   0.0927536   0
 543   PRO   -0.00414774   0
 550   TYR   -0.0104939   0.130283
 555   TYR   0.030587   0.178092
1013   LYS   -0.000552051   -0.116234
1041   TYR   -0.00145384   0.105666
SITE:  TYR- 515
  61   GLU   0.0129083   0.103351
  84   LYS   0.0233993   -0.122768
  96   ARG   -0.0297395   -0.519794
  97   CYS   -0.0203202   0.180563
 100   CYS   -0.0142861   0.168859
 160   CYS   0.0259904   0.124686
 164   GLU   0.0618317   0.308057
 166   PRO   -0.311296   0
 170   ASP   0.0355267   0.130237
 238   CYS   -0.0388022   0.134999
 242   ASP   0.0521227   0.277174
 420   TYR   -0.0172059   0.17778
 487   TYR   0.0387802   0.397117
 497   HIS   0.0321279   -0.124192
 508   ASP   0.0362502   0.105574
 510   HIS   0.0556248   -0.114305
 512   HIS   0.19436   -0.628462
 516   CYS   -0.260082   0.927038
 518   ARG   -0.371262   -0.329735
 519   ALA   0.336098   0
 520   PRO   0.0143166   0
 521   ALA   -0.138899   0
 522   SER   -0.693738   0
 524   ASN   1.09774   0
 525   ASP   0.319781   0.996632
 526   THR   -0.363016   0
 530   HIS   -0.207318   -0.258928
 531   ASP   0.147549   0.213909
 533   CYS   0.0461672   1.01618
 555   TYR   -0.0164329   0.175611
 944   ASP   -0.0178522   0.129885
 945   ASP   0.0273792   0.229673
 948   ASP   0.0144848   0.241542
 951   LYS   0.0189556   -0.237688
 956   CYS   -0.0192744   0.211042
1005   ASP   0.0221858   0.119321
1010   LYS   0.0288708   -0.110483
1011   CYS   0.0217974   0.249971
1013   LYS   -0.0355975   -0.234649
1016   HID   0.0290714   -0.201233
1019   TYR   -0.017524   0.188444
SITE:  CYS- 516
  96   ARG   0.00890308   -0.243989
 164   GLU   0.015992   0.214657
 170   ASP   0.0276869   0.135151
 242   ASP   0.0206609   0.146996
 418   HIS   -0.00399197   -0.155944
 420   TYR   -0.0276109   0.331189
 436   ASP   0.0221213   0.126369
 441   HIS   0.028467   -0.139973
 451   GLU   0.0017476   0.115111
 479   CYS   0.0309792   0.119844
 483   SER   0.195142   0
 484   VAL   0.314995   0
 485   LEU   0.0988997   0
 486   ASN   -0.173716   0
 487   TYR   0.370567   2.39477
 489   GLN   -0.295042   0
 490   ASN   -0.137257   0
 494   VAL   0.116929   0
 496   ASP   -0.0289862   0.112449
 497   HIS   0.077841   -0.360173
 508   ASP   0.0658945   0.337314
 509   TYR   0.339776   0.396937
 510   HIS   0.377921   -0.417367
 511   THR   0.332565   0
 512   HIS   2.7055   -2.80064
 513   PHE   1.36983   0
 514   LEU   0.168573   0
 515   TYR   -0.717564   0.927038
 517   VAL   -0.577256   0
 518   ARG   -0.52733   -0.426915
 520   PRO   0.0721376   0
 521   ALA   -0.147706   0
 522   SER   0.609428   0
 525   ASP   0.0382975   1.43794
 529   LEU   -0.223972   0
 530   HIS   -0.221094   -0.175479
 531   ASP   0.243914   0.439089
 532   PRO   -0.0623832   0
 533   CYS   -0.131815   4.04073
 535   GLY   -0.117647   0
 539   GLY   0.0756603   0
 540   PRO   -0.255586   0
 541   VAL   0.31809   0
 543   PRO   -0.0596417   0
 550   TYR   -0.019516   0.258259
 555   TYR   0.0349839   0.371939
 884   HIS   -0.0156362   -0.136768
 890   TYR   -0.00194107   0.11063
 945   ASP   0.0121325   0.160591
 948   ASP   -0.00631016   0.120237
 951   LYS   0.00467742   -0.105018
1011   CYS   0.00662716   0.121462
1013   LYS   -0.0103228   -0.209411
1016   HID   0.012452   -0.13836
1019   TYR   -0.0013731   0.169436
1037   TYR   0.00223777   0.110917
1041   TYR   -0.00319049   0.18973
SITE:  ARG- 518
  96   ARG   -0.121847   -0.599732
  97   CYS   -0.0173199   0.167944
 100   CYS   -0.0147761   0.124259
 160   CYS   0.0277   0.102274
 162   ASP   0.0207166   0.138854
 164   GLU   0.562248   1.61201
 165   ALA   0.2672   0
 166   PRO   -0.210404   0
 167   SER   -0.216174   0
 168   SER   0.440483   0
 169   ASN   0.316618   0
 170   ASP   0.0948693   0.197439
 171   LYS   -0.0158731   -0.161549
 238   CYS   -0.043506   0.137767
 240   CYS   0.0201042   0.220786
 241   GLN   -0.547836   0
 242   ASP   0.0398612   0.435367
 243   CYS   -0.0146211   0.120547
 247   CYS   -0.000101007   0.123285
 420   TYR   -0.000649755   0.138248
 487   TYR   0.012044   0.421682
 512   HIS   0.0685876   -0.197555
 514   LEU   0.193395   0
 515   TYR   0.150773   0.329735
 516   CYS   0.0471096   0.426915
 517   VAL   -0.0693163   0
 520   PRO   -0.0582215   0
 525   ASP   0.0433136   0.193943
 533   CYS   0.0283414   0.254961
 543   PRO   -0.11593   0
 550   TYR   -0.0476012   0.282257
 552   ASP   -0.0103414   0.133422
 553   GLN   0.35522   0
 555   TYR   -0.139752   0.653291
 884   HIS   0.00221598   -0.121033
 930   ASP   -0.00655385   0.138716
 944   ASP   -0.0288076   0.130472
 945   ASP   0.0139276   0.175471
 948   ASP   -0.00664609   0.148965
 951   LYS   0.000146162   -0.121352
1013   LYS   -0.0194271   -0.177203
1016   HID   0.0134506   -0.115082
1019   TYR   -0.00854513   0.164302
1041   TYR   0.0096624   0.121398
1042   HID   -0.053988   -0.1046
SITE:  ASP- 525
  96   ARG   -0.0366762   -0.172214
 164   GLU   -0.00018235   0.156161
 166   PRO   0.00358074   0
 167   SER   0.182855   0
 170   ASP   0.0239902   0.180155
 242   ASP   0.0146659   0.111098
 418   HIS   0.000981909   -0.109163
 420   TYR   -0.0605274   0.520064
 484   VAL   0.0953362   0
 487   TYR   0.149541   0.445278
 494   VAL   0.200237   0
 496   ASP   -0.0342855   0.115688
 497   HIS   0.187634   -0.550153
 498   LYS   -0.126385   -0.120786
 499   LYS   -0.114116   -0.174973
 507   ALA   -0.232166   0
 508   ASP   0.25816   0.479319
 509   TYR   0.20685   0.252059
 510   HIS   0.141123   -0.406476
 511   THR   -0.184262   0
 512   HIS   0.235324   -3.1108
 514   LEU   -0.163195   0
 515   TYR   -0.620472   0.996632
 516   CYS   -0.333178   1.43794
 518   ARG   -0.23362   -0.193943
 524   ASN   -0.463074   0
 526   THR   -0.758974   0
 527   SER   -0.0584777   0
 529   LEU   -1.05837   0
 530   HIS   -1.10845   -0.587533
 531   ASP   0.497591   0.740675
 532   PRO   0.107196   0
 533   CYS   -0.150126   1.5408
 555   TYR   -0.00744676   0.135901
1013   LYS   -0.00741296   -0.101049
SITE:  HIS- 530
  85   ASP   0.0230277   0.103198
 420   TYR   -0.0119277   0.122103
 497   HIS   0.019088   -0.175418
 499   LYS   -0.0150658   -0.221301
 512   HIS   0.00880635   -0.274603
 515   TYR   -0.0413569   0.258928
 516   CYS   -0.0255166   0.175479
 524   ASN   -0.366116   0
 525   ASP   -0.319884   0.587533
 526   THR   0.363724   0
 529   LEU   -0.17442   0
 531   ASP   -0.373544   0.446323
 533   CYS   -0.00777114   0.22228
1010   LYS   0.01198   -0.1121
SITE:  ASP- 531
 420   TYR   -0.0150142   0.133728
 475   TYR   -0.00822185   0.105592
 487   TYR   0.180028   0.2016
 494   VAL   0.117797   0
 496   ASP   -0.0739627   0.128299
 497   HIS   -0.140445   -1.18897
 498   LYS   -0.0434801   -0.119911
 499   LYS   -0.0597168   -0.199377
 508   ASP   -0.00389149   0.23744
 509   TYR   0.0217245   0.140254
 510   HIS   0.0409139   -0.170147
 512   HIS   -0.0561258   -1.013
 515   TYR   -0.121586   0.213909
 516   CYS   -0.0554974   0.439089
 524   ASN   -0.467086   0
 525   ASP   -0.48566   0.740675
 529   LEU   -0.285786   0
 530   HIS   -0.0381645   -0.446323
 532   PRO   0.229946   0
 533   CYS   -0.0255938   0.67923
SITE:  CYS- 533
  96   ARG   0.0155654   -0.205929
 164   GLU   0.0159216   0.15033
 242   ASP   0.0168642   0.119238
 420   TYR   -0.0268764   0.215976
 441   HIS   0.0241664   -0.111324
 451   GLU   0.00325243   0.125327
 475   TYR   -0.0273871   0.148377
 479   CYS   0.0402683   0.135785
 483   SER   0.207086   0
 484   VAL   0.255945   0
 485   LEU   0.136065   0
 486   ASN   0.143863   0
 487   TYR   0.448929   1.40393
 489   GLN   -0.361342   0
 494   VAL   0.0737018   0
 497   HIS   0.0550028   -0.372575
 508   ASP   0.0555449   0.246465
 509   TYR   0.152306   0.241657
 510   HIS   0.162626   -0.261899
 511   THR   0.108614   0
 512   HIS   0.0623852   -3.05938
 513   PHE   0.353746   0
 515   TYR   -0.72689   1.01618
 516   CYS   -0.65716   4.04073
 517   VAL   -0.080771   0
 518   ARG   -0.278658   -0.254961
 519   ALA   0.497501   0
 520   PRO   0.23314   0
 521   ALA   -0.271174   0
 522   SER   1.55822   0
 525   ASP   -0.346423   1.5408
 526   THR   -0.148927   0
 529   LEU   -0.248082   0
 530   HIS   -0.327117   -0.22228
 531   ASP   0.613363   0.67923
 532   PRO   -0.428347   0
 534   LEU   -0.115532   0
 535   GLY   -0.14505   0
 539   GLY   0.0797765   0
 540   PRO   -0.291098   0
 541   VAL   0.172243   0
 543   PRO   -0.0193232   0
 550   TYR   -0.00908498   0.154785
 555   TYR   0.0297401   0.217582
 890   TYR   -0.00207933   0.105229
 945   ASP   0.0165364   0.162118
 948   ASP   -0.00171824   0.12172
 951   LYS   0.0085171   -0.109848
 956   CYS   -0.00974716   0.112612
1005   ASP   0.0245344   0.107234
1011   CYS   -0.00823031   0.154124
1013   LYS   -0.00789532   -0.229788
1016   HID   0.0163652   -0.165106
1019   TYR   -0.00260029   0.171055
1037   TYR   0.00165853   0.111473
1041   TYR   0.0017089   0.173822
SITE:  TYR- 550
  96   ARG   0.0161327   -0.122942
 164   GLU   0.0165453   0.142391
 240   CYS   -0.000415326   0.106311
 406   GLU   0.0153673   0.110752
 411   ARG   -0.0111907   -0.119956
 487   TYR   -0.0002262   0.555057
 509   TYR   0.00433761   0.10423
 512   HIS   0.0241032   -0.130283
 516   CYS   0.03084   0.258259
 518   ARG   0.0958449   -0.282257
 533   CYS   0.0284552   0.154785
 543   PRO   0.117225   0
 544   TRP   -0.221662   0
 546   VAL   -0.190312   0
 547   LEU   0.167916   0
 548   GLY   -0.0959858   0
 551   ASP   -0.314185   0.319901
 552   ASP   -0.104673   0.551798
 555   TYR   -0.0857826   1.35969
 558   ALA   -0.207562   0
 560   ALA   0.148236   0
 875   TYR   0.0433632   0.212491
 882   TYR   0.26861   0.149065
 883   LEU   -0.247486   0
 884   HIS   0.0808023   -1.79047
 886   GLY   0.0617976   0
 890   TYR   -0.00504927   0.14269
 930   ASP   0.052202   0.407558
 934   ARG   -0.0363168   -0.134141
 936   GLY   -0.00527579   0
 945   ASP   0.00509339   0.105034
1013   LYS   -0.000674656   -0.133024
1019   TYR   0.0054565   0.130378
1037   TYR   -0.00984308   0.110157
1041   TYR   -0.0276122   0.309236
1042   HIS   0.102939   -0.222732
1042   HID   -0.459894   -0.584681
1042   HIS   0.119649   -0.197195
1042   HID   -0.0208856   -0.143571
1050   ASP   0.00858089   0.108954
1085   TYR   -0.0143611   0.118965
SITE:  ASP- 551
 417   LYS   -0.0713378   -0.183728
 549   GLY   0.0431968   0
 550   TYR   -0.401578   0.319901
 552   ASP   -0.443196   0.480716
 553   GLN   -0.224456   0
 554   ASN   -0.30192   0
 555   TYR   0.0527322   0.179652
 557   ASN   -1.22396   0
 882   TYR   0.0298534   0.14561
 884   HIS   -0.021522   -0.36174
1042   HID   -0.0533306   -0.105072
SITE:  ASP- 552
 250   LYS   -0.0286554   -0.142229
 487   TYR   -0.000624736   0.104331
 518   ARG   0.0310406   -0.133422
 550   TYR   -0.0711508   0.551798
 551   ASP   -0.563932   0.480716
 553   GLN   -0.375405   0
 555   TYR   0.00572333   0.34378
 884   HIS   -0.00726503   -0.50553
 930   ASP   0.0258518   0.311211
 934   ARG   -0.0187691   -0.13098
1042   HID   -0.177399   -0.305569
1042   HIS   0.154507   -0.0974006
SITE:  TYR- 555
  96   ARG   0.03668   -0.247998
 164   GLU   0.037875   0.307143
 170   ASP   0.0345868   0.105741
 240   CYS   0.00220985   0.172267
 242   ASP   0.00287694   0.185381
 247   CYS   -0.00775008   0.100606
 250   LYS   -0.0385609   -0.104446
 487   TYR   0.0229032   0.644445
 509   TYR   0.0160648   0.101147
 512   HIS   0.04847   -0.178092
 515   TYR   0.0582502   0.175611
 516   CYS   0.052374   0.371939
 517   VAL   0.1394   0
 518   ARG   0.227928   -0.653291
 520   PRO   -0.0725633   0
 525   ASP   0.0225579   0.135901
 533   CYS   0.0350194   0.217582
 543   PRO   -0.386498   0
 550   TYR   -0.192097   1.35969
 551   ASP   -0.0951379   0.179652
 552   ASP   0.110164   0.34378
 553   GLN   1.18455   0
 884   HIS   0.00243023   -0.424526
 890   TYR   -0.00473096   0.106448
 930   ASP   0.0024315   0.30219
 936   GLY   0.0814388   0
 944   ASP   -0.0252802   0.120407
 945   ASP   0.00976235   0.157251
 948   ASP   -0.0098855   0.111667
1013   LYS   -0.00660738   -0.173592
1019   TYR   0.000563141   0.166371
1037   TYR   -0.00565865   0.100626
1041   TYR   0.0179701   0.210042
1042   HIS   0.0539348   -0.137729
1042   HID   -0.230562   -0.288615
1042   HIS   0.0519564   -0.132018
SITE:  TYR- 570
 392   LYS   0.0132187   -0.110425
 396   ASP   0.0311918   0.144479
 401   PRO   0.063801   0
 404   ARG   -0.00999354   -0.375135
 406   GLU   0.0579145   0.270511
 460   GLU   -0.0100582   0.123418
 463   THR   0.149807   0
 464   LEU   0.137093   0
 466   ASP   0.283014   0.692633
 467   ILE   0.177211   0
 468   CYS   0.0589767   0.453166
 479   CYS   -0.11   0.235692
 567   VAL   -0.169654   0
 568   ASN   0.237162   0
 573   ASP   -0.0125148   0.398142
 575   GLU   0.0830762   0.290559
 576   LYS   -0.0735399   -1.07618
 579   ARG   -0.343171   -0.428558
 584   GLU   -0.0413995   0.280183
 606   GLU   -0.0565969   0.148798
 890   TYR   0.00120003   0.18765
1016   HID   -0.0184086   -0.141231
1016   HIS   -0.0194179   -0.10657
1016   HID   -0.00770475   -0.107914
1016   HIS   -0.0206946   -0.125547
1016   HIS   -0.00100851   -0.132458
1037   TYR   0.00959092   0.174001
1041   TYR   -0.00683432   0.119629
1081   TYR   -0.00650141   0.124563
SITE:  TYR- 571
 379   ASP   0.00465488   0.119773
 389   ARG   0.0040623   -0.161567
 392   LYS   0.0550782   -0.288135
 393   GLU   0.304744   0.517029
 394   TYR   0.0553066   0.119023
 396   ASP   -0.192591   0.46907
 397   GLN   -0.413445   0
 398   HID   -0.00805992   -0.218404
 404   ARG   0.0096312   -0.102561
 572   ASN   -0.701474   0
 573   ASP   0.00771557   0.114151
1081   TYR   -0.00488814   0.155676
SITE:  ASP- 573
 392   LYS   0.00556292   -0.130786
 396   ASP   0.0265545   0.150023
 404   ARG   0.0207638   -0.225062
 406   GLU   0.0163803   0.103766
 457   TYR   0.0537344   0.168034
 466   ASP   0.030104   0.158678
 570   TYR   -0.0617446   0.398142
 571   TYR   0.069337   0.114151
 574   THR   -0.548426   0
 575   GLU   -0.435914   0.594188
 576   LYS   -0.687466   -0.646992
 579   ARG   -0.0707676   -0.297628
 584   GLU   -0.00748806   0.136993
 606   GLU   -0.0303188   0.108498
SITE:  GLU- 575
 404   ARG   0.0102856   -0.201125
 406   GLU   0.0145348   0.121323
 457   TYR   0.23056   0.699511
 458   ASP   0.00891165   0.374258
 460   GLU   -0.140636   0.404445
 466   ASP   0.0541877   0.315761
 468   CYS   0.00374128   0.124892
 570   TYR   -0.0404038   0.290559
 573   ASP   0.0142042   0.594188
 576   LYS   -0.471618   -0.617722
 578   GLN   -0.471861   0
 579   ARG   -0.261478   -1.91786
 584   GLU   -0.0329768   0.17343
SITE:  LYS- 576
 404   ARG   0.0103847   -0.241412
 406   GLU   0.030043   0.149235
 457   TYR   0.0726504   0.143694
 460   GLU   -0.0261002   0.172888
 466   ASP   0.155525   0.465929
 468   CYS   0.0278722   0.213515
 479   CYS   -0.051173   0.114331
 568   ASN   0.159609   0
 570   TYR   0.0715675   1.07618
 573   ASP   0.0859877   0.646992
 575   GLU   0.0677149   0.617722
 579   ARG   -0.0979905   -0.645255
 584   GLU   -0.0236894   0.180793
SITE:  ARG- 579
 404   ARG   -0.021697   -0.226501
 406   GLU   0.0173382   0.181488
 456   SER   -0.171798   0
 457   TYR   0.198313   0.349938
 458   ASP   0.0039246   0.24272
 460   GLU   -0.16413   0.545697
 462   VAL   -0.118023   0
 466   ASP   0.173092   0.740401
 468   CYS   0.00744654   0.213965
 479   CYS   -0.038633   0.109744
 570   TYR   -0.0922461   0.428558
 573   ASP   0.0210557   0.297628
 575   GLU   0.9362   1.91786
 576   LYS   -0.0651177   -0.645255
 577   LEU   0.119592   0
 578   GLN   -0.185134   0
 582   ALA   -0.173186   0
 584   GLU   -0.0612217   0.255978
 607   ARG   -0.0164432   -0.107001
SITE:  GLU- 584
 377   PRO   -0.0710778   0
 379   ASP   -0.0485984   0.113294
 389   ARG   0.000524037   -0.108075
 392   LYS   -0.000227964   -0.273781
 396   ASP   0.0374369   0.217991
 404   ARG   -2.15676   -2.02436
 405   THR   -0.261136   0
 406   GLU   0.0655351   2.81441
 451   GLU   -0.0226368   0.148536
 457   TYR   0.0188644   0.146242
 466   ASP   -0.0554284   0.258544
 467   ILE   -0.0445458   0
 468   CYS   -0.0550688   0.645912
 479   CYS   -0.0818012   0.293335
 565   PHE   0.219135   0
 566   PRO   -0.0416907   0
 567   VAL   -0.158773   0
 568   ASN   0.24009   0
 570   TYR   -0.054209   0.280183
 573   ASP   0.0183472   0.136993
 575   GLU   0.155813   0.17343
 576   LYS   0.200742   -0.180793
 577   LEU   0.430462   0
 578   GLN   0.150238   0
 579   ARG   0.063466   -0.255978
 580   ALA   0.399665   0
 581   GLN   -0.13109   0
 583   TRP   -0.197861   0
 585   LYS   -0.128678   -0.415899
 586   GLU   -0.304404   0.330092
 587   PHE   -0.440664   0
 588   ILE   -0.262026   0
 589   ASN   -0.181751   0
 592   LYS   -0.0400057   -0.270233
 605   ALA   -1.09975   0
 606   GLU   -1.76945   1.22871
 607   ARG   -1.25477   -1.19591
 608   SER   -0.206698   0
 610   GLU   -0.104183   0.424139
 611   ASP   -0.209808   0.425292
 612   GLU   -0.129175   0.28702
 615   ARG   -0.0240152   -0.13798
 871   TYR   -0.0597972   0.627528
 875   TYR   -0.0120703   0.512644
 890   TYR   -0.0167469   0.214067
1037   TYR   -0.00305197   0.135544
1041   TYR   -0.0538957   0.218382
1042   HIS   0.00878387   -0.133008
1042   HIS   -0.094313   -0.112075
1042   HID   0.0126958   -0.154253
1081   TYR   -0.00721304   0.317962
1085   TYR   -0.023819   0.130325
1088   TYR   -0.0358971   0.221794
1091   TYR   -0.0201356   0.121375
SITE:  LYS- 585
 404   ARG   -0.0392228   -0.151639
 406   GLU   -0.0496849   0.213687
 457   TYR   -0.0344888   0.111264
 581   GLN   0.232937   0
 583   TRP   0.177519   0
 584   GLU   -0.0993704   0.415899
 586   GLU   -0.42917   0.483035
 588   ILE   -0.179104   0
 589   ASN   -0.339304   0
 592   LYS   -0.0213763   -0.405333
 606   GLU   -0.0532322   0.115751
 607   ARG   0.254426   -0.824953
 610   GLU   -0.0482335   0.198564
 611   ASP   0.0552762   0.598929
 612   GLU   -0.0202422   0.253405
 615   ARG   -0.0261717   -0.195042
 616   GLU   -0.0178176   0.108711
 618   ASP   -0.0180423   0.125959
 871   TYR   0.00494503   0.414033
SITE:  GLU- 586
 404   ARG   -0.0395105   -0.102464
 406   GLU   -0.0573928   0.236786
 455   ALA   -0.167147   0
 468   CYS   -0.00617076   0.123669
 582   ALA   0.354562   0
 583   TRP   0.465957   0
 584   GLU   0.0100781   0.330092
 585   LYS   0.243624   -0.483035
 587   PHE   -0.188783   0
 589   ASN   -0.803754   0
 590   PHE   -0.176174   0
 592   LYS   -0.058117   -0.217558
 607   ARG   0.060078   -0.289789
 611   ASP   -0.00663549   0.160009
 871   TYR   0.00486004   0.188255
SITE:  LYS- 592
 404   ARG   -0.0438397   -0.100413
 406   GLU   -0.0898375   0.22334
 584   GLU   0.115029   0.270233
 585   LYS   0.207484   -0.405333
 586   GLU   0.103772   0.217558
 588   ILE   0.26604   0
 589   ASN   0.327665   0
 593   ASN   -0.357447   0
 595   LYS   0.04588   -0.203625
 606   GLU   -0.0246898   0.118618
 607   ARG   0.135612   -0.484704
 608   SER   0.194884   0
 610   GLU   -0.0392092   0.127139
 611   ASP   -0.0394523   0.650325
 612   GLU   -0.00487328   0.596633
 615   ARG   0.0589494   -0.482229
 616   GLU   -0.0248355   0.182442
 869   ASP   0.0677058   0.209771
 871   TYR   0.117853   1.10388
 874   ASP   -0.0780305   0.134363
 875   TYR   -0.0293341   0.143212
SITE:  TYR- 594
 406   GLU   -0.0214627   0.128896
 411   ARG   0.0495184   -0.102834
 439   ILE   0.153174   0
 441   HIS   0.119679   -0.200415
 442   GLN   0.797819   0
 443   VAL   0.17297   0
 445   ASP   -0.509997   0.637165
 446   LEU   -0.467343   0
 449   ALA   -0.188095   0
 451   GLU   -0.0859888   0.155937
 492   HIS   -0.0218998   -0.194464
 595   LYS   -0.270208   -0.205514
 596   ASN   -1.91628   0
 598   ASN   -0.17082   0
SITE:  LYS- 595
 590   PHE   0.146756   0
 591   VAL   0.112297   0
 592   LYS   0.239826   -0.203625
 593   ASN   0.850472   0
 594   TYR   0.177595   0.205514
 871   TYR   0.00552965   0.106622
 874   ASP   -0.0329553   0.102385
SITE:  GLU- 606
 376   ASN   0.124976   0
 377   PRO   -0.130478   0
 379   ASP   -0.0908758   0.197317
 389   ARG   0.00760339   -0.216948
 391   GLU   -0.0389384   0.107854
 392   LYS   -0.0362932   -0.602557
 393   GLU   0.0355076   0.170374
 396   ASP   0.0704768   0.444555
 401   PRO   -0.167205   0
 402   PHE   0.132338   0
 403   PHE   0.268484   0
 404   ARG   -0.542671   -1.19271
 405   THR   0.0766319   0
 406   GLU   0.0992241   1.01427
 407   GLN   -0.112095   0
 468   CYS   -0.0552318   0.278286
 479   CYS   -0.0425357   0.152032
 487   TYR   -0.0103884   0.102622
 565   PHE   0.131422   0
 566   PRO   -0.101501   0
 567   VAL   0.0844332   0
 569   ASN   -0.284458   0
 570   TYR   0.0716069   0.148798
 573   ASP   0.0408371   0.108498
 581   GLN   -0.224455   0
 584   GLU   0.193454   1.22871
 585   LYS   0.02434   -0.115751
 592   LYS   -0.0079483   -0.118618
 605   ALA   -0.21367   0
 607   ARG   -0.244796   -0.570615
 608   SER   -0.375447   0
 609   ILE   -0.193908   0
 610   GLU   -0.0961279   0.491336
 611   ASP   -0.129909   0.247318
 612   GLU   -0.151946   0.258287
 615   ARG   -0.0368114   -0.106625
 616   GLU   -0.0725478   0.107418
 861   ASP   0.00236518   0.135759
 871   TYR   -0.056447   0.375149
 875   TYR   -0.0981289   0.830618
 884   HIS   -0.0188874   -0.112896
 887   PRO   -0.132762   0
 888   PRO   0.0699712   0
 890   TYR   -0.0455812   0.393504
1037   TYR   -0.00930776   0.198808
1041   TYR   -0.112337   0.371317
1042   HIS   0.00675051   -0.293802
1042   HID   0.0767893   -0.17701
1042   HIS   -0.207282   -0.24777
1042   HID   0.0368679   -0.357074
1050   ASP   -0.0389302   0.117902
1059   ARG   0.0334347   -0.119329
1081   TYR   -0.0379927   0.785731
1083   VAL   -0.0499471   0
1085   TYR   -0.0645337   0.29676
1088   TYR   -0.0827365   0.514706
1089   GLU   -0.0720037   0.115059
1091   TYR   -0.0467348   0.264226
1225   TYR   -0.0240044   0.167609
SITE:  ARG- 607
 392   LYS   -0.0070616   -0.139277
 396   ASP   0.0158379   0.108043
 404   ARG   -0.170507   -0.470584
 406   GLU   -0.0831656   0.569718
 457   TYR   -0.0316317   0.151983
 468   CYS   -0.00968056   0.165961
 577   LEU   0.125506   0
 578   GLN   0.14166   0
 579   ARG   0.0809785   -0.107001
 581   GLN   0.65425   0
 584   GLU   -0.280227   1.19591
 585   LYS   -0.0880861   -0.824953
 586   GLU   -0.0518674   0.289789
 587   PHE   -0.169972   0
 588   ILE   -0.229902   0
 589   ASN   -0.187032   0
 592   LYS   -0.0213239   -0.484704
 606   GLU   -0.533596   0.570615
 610   GLU   -0.192935   0.508394
 611   ASP   -0.174322   1.2526
 612   GLU   -0.143585   0.480305
 615   ARG   -0.0604369   -0.251425
 616   GLU   -0.0627828   0.143973
 618   ASP   -0.0197192   0.141616
 871   TYR   -0.0461468   0.896057
 875   TYR   -0.0283462   0.251082
1081   TYR   -0.00589879   0.155013
1088   TYR   -0.0165138   0.144749
SITE:  GLU- 610
 375   THR   -0.909092   0
 377   PRO   -0.0818407   0
 379   ASP   -0.117692   0.226198
 389   ARG   -0.00280317   -0.154065
 392   LYS   -0.0112294   -0.2825
 393   GLU   0.0235566   0.106597
 396   ASP   0.0333403   0.20813
 404   ARG   0.0523028   -0.555205
 406   GLU   -0.00314307   0.244709
 457   TYR   -0.00813143   0.11602
 584   GLU   0.0389352   0.424139
 585   LYS   -0.010119   -0.198564
 592   LYS   -0.00784375   -0.127139
 606   GLU   -0.0420457   0.491336
 607   ARG   -0.135684   -0.508394
 609   ILE   0.0321563   0
 611   ASP   -0.534256   0.584218
 612   GLU   -0.194142   0.336124
 613   LEU   -0.178146   0
 615   ARG   -0.0839958   -0.154794
 616   GLU   -0.129539   0.182795
 618   ASP   -0.00907718   0.186428
 620   ASP   0.00715728   0.137672
 688   GLU   -0.0624651   0.113044
 871   TYR   -0.0356374   0.290904
 875   TYR   -0.0328718   0.216061
 890   TYR   -0.0108549   0.102474
1042   HID   0.00993843   -0.115882
1081   TYR   -0.00527982   0.265169
1088   TYR   -0.0254572   0.254691
1091   TYR   -0.022501   0.181677
1225   TYR   -0.0347949   0.209807
SITE:  ASP- 611
 404   ARG   -0.0412631   -0.231357
 406   GLU   -0.0619305   0.258242
 584   GLU   0.0499374   0.425292
 585   LYS   0.0562407   -0.598929
 586   GLU   0.0118971   0.160009
 592   LYS   0.00206731   -0.650325
 606   GLU   -0.0382067   0.247318
 607   ARG   -0.269814   -1.2526
 608   SER   0.663133   0
 609   ILE   0.213361   0
 610   GLU   -0.3051   0.584218
 612   GLU   -0.715138   1.06022
 614   ASN   -0.336683   0
 615   ARG   -0.29464   -0.505387
 616   GLU   -0.133554   0.29996
 618   ASP   -0.0569114   0.219514
 620   ASP   -0.00467204   0.128297
 867   PRO   0.00772317   0
 869   ASP   0.0252822   0.154823
 871   TYR   -0.0845506   1.13602
 875   TYR   -0.0409101   0.181598
1081   TYR   -0.00330344   0.10033
1088   TYR   -0.0113186   0.132325
1225   TYR   -0.0175922   0.109144
SITE:  GLU- 612
 404   ARG   -0.0486007   -0.164628
 406   GLU   -0.0710852   0.231532
 584   GLU   0.0595894   0.28702
 585   LYS   0.0422258   -0.253405
 592   LYS   -0.00856203   -0.596633
 606   GLU   0.042513   0.258287
 607   ARG   0.120491   -0.480305
 608   SER   0.775796   0
 609   ILE   0.490917   0
 610   GLU   0.0546545   0.336124
 611   ASP   -0.508648   1.06022
 614   ASN   -0.107886   0
 615   ARG   -0.10875   -2.48775
 616   GLU   -0.575778   0.999806
 618   ASP   -0.087602   0.182918
 620   ASP   -0.0139632   0.242111
 688   GLU   -0.0694299   0.130755
 861   ASP   -0.0120461   0.11971
 865   SER   0.0762822   0
 866   MET   -0.154417   0
 867   PRO   -0.0381296   0
 868   ASP   -0.0495004   0.195734
 869   ASP   -0.0156744   0.520706
 870   SER   -1.14728   0
 871   TYR   -0.333268   1.54085
 872   MET   -0.623   0
 874   ASP   -0.125345   0.196011
 875   TYR   -0.113084   0.295147
 877   LYS   -0.031115   -0.115443
1081   TYR   -0.0030127   0.113841
1088   TYR   -0.0123279   0.224975
1091   TYR   -0.0187339   0.153144
1217   LYS   -0.0136524   -0.199174
1225   TYR   -0.0368378   0.192595
SITE:  ARG- 615
 406   GLU   -0.034724   0.105835
 584   GLU   0.0298943   0.13798
 585   LYS   0.0306444   -0.195042
 592   LYS   -0.00287013   -0.482229
 606   GLU   0.00932013   0.106625
 607   ARG   0.0423182   -0.251425
 608   SER   0.195173   0
 609   ILE   0.115676   0
 610   GLU   0.0271416   0.154794
 611   ASP   -0.0752155   0.505387
 612   GLU   1.1357   2.48775
 616   GLU   -0.211242   1.20556
 618   ASP   -0.15832   0.221203
 619   SER   -0.159993   0
 620   ASP   -0.0257445   0.22305
 688   GLU   -0.0464755   0.11079
 866   MET   -0.169137   0
 867   PRO   -0.178198   0
 868   ASP   -0.0785936   0.189593
 869   ASP   0.263896   1.00239
 870   SER   -0.728476   0
 871   TYR   -0.149232   0.661855
 872   MET   -0.180583   0
 874   ASP   -0.0851456   0.132827
 875   TYR   -0.0457942   0.125508
1217   LYS   -0.0222385   -0.292296
1225   TYR   -0.022641   0.104259
SITE:  GLU- 616
 585   LYS   0.0100151   -0.108711
 592   LYS   -0.00205357   -0.182442
 606   GLU   0.0215454   0.107418
 607   ARG   0.01324   -0.143973
 609   ILE   0.136571   0
 610   GLU   0.0668544   0.182795
 611   ASP   0.0854683   0.29996
 612   GLU   0.893456   0.999806
 613   LEU   0.293449   0
 615   ARG   -1.37476   -1.20556
 617   SER   -0.185925   0
 618   ASP   -0.397404   0.386583
 619   SER   -0.974612   0
 620   ASP   -0.192477   0.969209
 688   GLU   -0.170469   0.350054
 861   ASP   -0.0155573   0.10817
 865   SER   0.146804   0
 866   MET   -0.234123   0
 867   PRO   -0.492028   0
 868   ASP   -0.140728   0.26623
 869   ASP   0.0601711   0.613842
 870   SER   -0.175864   0
 871   TYR   -0.0444966   0.283055
 875   TYR   -0.0332753   0.105042
1088   TYR   -0.000855915   0.160489
1091   TYR   -0.0105328   0.141045
1216   ALA   -0.199811   0
1217   LYS   -0.640821   -0.707887
1218   SER   -0.2012   0
1225   TYR   -0.0760385   0.296476
1229   TYR   -0.0364782   0.178957
SITE:  ASP- 618
 585   LYS   0.00183853   -0.125959
 607   ARG   0.000509625   -0.141616
 610   GLU   0.0307571   0.186428
 611   ASP   0.0655777   0.219514
 612   GLU   0.066084   0.182918
 613   LEU   0.123644   0
 614   ASN   0.404906   0
 615   ARG   0.117844   -0.221203
 616   GLU   0.074553   0.386583
 617   SER   -0.357558   0
 619   SER   -0.441789   0
 620   ASP   -0.0922131   0.58212
 628   TYR   -0.00278246   0.111128
 688   GLU   -0.115266   0.395411
 871   TYR   -0.0130284   0.109856
1217   LYS   -0.0725122   -0.113682
1225   TYR   -0.02678   0.155135
1229   TYR   -0.0147596   0.100896
SITE:  ASP- 620
 610   GLU   0.023946   0.137672
 611   ASP   0.0489572   0.128297
 612   GLU   0.0842244   0.242111
 613   LEU   0.206358   0
 614   ASN   0.22206   0
 615   ARG   -0.0720019   -0.22305
 616   GLU   1.08526   0.969209
 617   SER   0.475668   0
 618   ASP   -0.325082   0.58212
 619   SER   -0.880392   0
 621   VAL   -0.364598   0
 622   PHE   -0.256269   0
 623   THR   -0.89836   0
 624   VAL   -0.244262   0
 628   TYR   -0.046049   0.296131
 684   LEU   0.203262   0
 685   ILE   0.169955   0
 686   VAL   0.0822328   0
 688   GLU   -0.701541   1.95083
 689   VAL   -0.0708265   0
 691   PRO   -0.0814222   0
 742   GLU   0.00905461   0.108395
 861   ASP   -0.0188238   0.100418
 867   PRO   -0.045431   0
 868   ASP   -0.059433   0.117603
 869   ASP   0.00556339   0.144002
1088   TYR   0.0039022   0.149427
1091   TYR   -0.00821635   0.156986
1166   GLU   0.00422042   0.119926
1206   LYS   0.0334712   -0.16632
1213   LEU   0.0587854   0
1216   ALA   -0.50137   0
1217   LYS   -0.536454   -0.42532
1218   SER   -0.320776   0
1221   PHE   -0.526058   0
1225   TYR   -0.15075   0.591826
1227   ARG   -0.0370776   -0.132442
1229   TYR   -0.0970654   0.522698
SITE:  TYR- 628
 618   ASP   0.00668356   0.111128
 620   ASP   0.0853263   0.296131
 624   VAL   0.187442   0
 625   VAL   0.0687792   0
 627   SER   -0.153579   0
 631   MET   -0.312452   0
 634   TYR   -0.114035   0.165684
 657   GLY   0.08977   0
 660   GLY   0.0994694   0
 661   ILE   0.218616   0
 664   VAL   -0.162788   0
 665   LEU   0.0816734   0
 667   SER   -0.25276   0
 668   VAL   -0.215782   0
 670   CYS   -0.113789   0.262415
 671   SER   -0.17793   0
 686   VAL   0.157668   0
 687   ILE   0.189926   0
 688   GLU   0.313951   0.606231
 689   VAL   0.186241   0
 690   ILE   0.146834   0
 691   PRO   1.47032   0
 692   PHE   0.309823   0
 693   LEU   -0.0185862   0
 694   VAL   -0.488062   0
 695   LEU   -0.672854   0
 697   VAL   -0.135386   0
 698   GLY   -0.207158   0
 699   VAL   -0.130893   0
 700   ASP   -0.122609   0.401945
 742   GLU   0.0166465   0.401931
 771   ASP   -0.134042   0.760685
 775   GLN   -0.170275   0
 778   CYS   -0.046946   0.133967
1161   CYS   -0.00946877   0.152716
1166   GLU   0.0073945   0.415748
1168   CYS   -0.00423876   0.109826
1170   HIS   -0.0232239   -0.169342
1206   LYS   0.0482205   -0.518711
1209   GLY   -0.101483   0
1225   TYR   0.0131848   0.310071
1229   TYR   0.00848401   0.562903
SITE:  TYR- 634
 628   TYR   0.0526612   0.165684
 631   MET   0.200626   0
 635   ILE   -0.0429501   0
 638   ALA   -0.208042   0
 640   GLY   0.0874582   0
 641   HIS   -0.0491724   -0.373526
 651   ASP   0.00590152   0.105459
 653   LYS   0.0291329   -0.260561
 699   VAL   0.0832092   0
 700   ASP   0.0399035   0.548875
 707   GLN   -0.184451   0
 711   ARG   -0.0662814   -0.157408
 730   GLU   0.00540362   0.10639
 742   GLU   0.0117041   0.235423
 771   ASP   -0.000372809   0.195519
 786   ASP   0.000197356   0.113984
 815   SER   -0.156013   0
 816   CYS   -0.0867151   0.193735
 825   TYR   -0.0218914   0.158103
1166   GLU   0.0362381   0.426227
1168   CYS   0.00360641   0.144174
1170   HIS   -0.0321146   -0.310684
1193   HIS   0.0670726   -0.102845
1195   GLY   0.110001   0
1196   SER   0.195898   0
1197   SER   0.278128   0
1198   VAL   0.229092   0
1199   PHE   0.317152   0
1200   SER   2.70664   0
1201   GLY   0.727378   0
1202   ILE   0.147388   0
1203   THR   -0.221016   0
1204   LEU   -0.907568   0
1205   THR   0.251142   0
1206   LYS   -0.0663707   -0.511396
1208   GLY   -0.201266   0
1229   TYR   0.0363675   0.165185
1239   HID   0.0358652   -0.170787
SITE:  HIS- 641
 634   TYR   0.0614048   0.373526
 638   ALA   0.20795   0
 639   LEU   0.341702   0
 640   GLY   -0.0938242   0
 642   MET   -0.26983   0
 643   LYS   -0.131878   -0.695418
 647   ARG   0.00209019   -0.24351
 651   ASP   0.0510763   0.549624
 653   LYS   -0.0371594   -0.941991
 700   ASP   0.0673894   0.196008
 706   VAL   0.0595474   0
 707   GLN   0.724138   0
 709   TYR   -0.109296   0.452034
 710   GLN   0.217781   0
 711   ARG   -0.125427   -0.356741
 712   ASP   0.0658225   0.272352
 713   GLU   0.00840094   0.209973
 714   ARG   -0.0662547   -0.125058
 726   ARG   0.021014   -0.147734
 730   GLU   -0.00223848   0.164052
 786   ASP   0.0471959   0.316953
 789   ARG   0.0211147   -0.21163
 791   GLU   -0.0473158   0.1551
 796   ASP   -0.0193699   0.196358
 812   ALA   -0.220725   0
 813   SER   0.594366   0
 814   GLU   -0.143336   0.270064
 815   SER   -0.262554   0
 816   CYS   -0.124445   0.265655
 819   ARG   -0.0868956   -0.10193
 822   LYS   -0.0318758   -0.12781
1166   GLU   0.00914746   0.127814
1170   HIS   -0.0144799   -0.178581
1193   HIS   0.0948438   -0.167549
1206   LYS   -0.00940622   -0.110406
1267   TYR   0.00071149   0.105153
1272   ARG   0.0247252   -0.149057
SITE:  LYS- 643
 641   HIS   0.143376   -0.695418
 647   ARG   -0.132642   -0.540132
 651   ASP   0.103771   0.867105
 653   LYS   -0.0198261   -0.587006
 709   TYR   0.0144829   0.595999
 710   GLN   0.390033   0
 711   ARG   -0.0332781   -0.204755
 712   ASP   0.122938   0.248525
 713   GLU   0.00819927   0.301791
 714   ARG   -0.104576   -0.216743
 726   ARG   0.0188438   -0.128568
 786   ASP   0.0745754   0.272738
 789   ARG   0.0393402   -0.233134
 791   GLU   -0.0488674   0.248043
 796   ASP   -0.0216094   0.147886
 806   ASP   0.0230876   0.166651
 809   SER   0.144459   0
 810   VAL   -0.27737   0
 811   GLN   1.30484   0
 812   ALA   -0.245878   0
 813   SER   0.597036   0
 814   GLU   -0.0362442   0.189311
 816   CYS   -0.0351406   0.112634
1272   ARG   0.0165082   -0.111941
SITE:  CYS- 645
 644   SER   0.16983   0
 646   ARG   -0.0901379   -0.287059
 648   LEU   -0.170066   0
 651   ASP   -0.049611   0.138132
SITE:  ARG- 646
 645   CYS   -0.00958951   0.287059
 647   ARG   -0.0881129   -0.148782
 806   ASP   0.0219104   0.164324
SITE:  ARG- 647
 641   HIS   0.0669852   -0.24351
 643   LYS   -0.0924859   -0.540132
 646   ARG   0.0571131   -0.148782
 650   VAL   -0.149875   0
 651   ASP   0.214136   1.02943
 653   LYS   -0.00693808   -0.406276
 709   TYR   -0.0123434   0.486495
 712   ASP   0.068048   0.134978
 713   GLU   -0.000366083   0.177502
 714   ARG   -0.0337583   -0.21635
 786   ASP   0.11096   0.281514
 789   ARG   0.148796   -0.380231
 790   GLN   0.203036   0
 791   GLU   -0.0622078   0.337748
 792   LYS   -0.0523542   -0.114016
 793   ASN   0.994194   0
 794   ARG   0.129529   -0.122226
 796   ASP   -0.050432   0.192222
 802   ARG   -0.0469034   -0.179822
 804   ALA   0.357811   0
 805   GLU   -0.216447   0.202007
 806   ASP   0.130586   0.466424
 808   THR   0.26728   0
SITE:  ASP- 651
 634   TYR   0.0295882   0.105459
 640   GLY   -0.26907   0
 641   HIS   0.436422   -0.549624
 643   LYS   -0.393257   -0.867105
 644   SER   0.19362   0
 645   CYS   0.0534792   0.138132
 647   ARG   0.135942   -1.02943
 648   LEU   0.413666   0
 650   VAL   -0.317425   0
 653   LYS   -0.0472649   -0.773053
 709   TYR   -0.055045   0.606104
 710   GLN   0.178663   0
 711   ARG   -0.032369   -0.122201
 712   ASP   0.083462   0.188302
 713   GLU   0.00801783   0.196015
 714   ARG   -0.0971213   -0.17501
 726   ARG   0.0114006   -0.103859
 786   ASP   0.168603   0.511376
 789   ARG   0.190739   -0.661465
 791   GLU   -0.0996598   0.299595
 793   ASN   0.0983104   0
 794   ARG   0.162821   -0.108883
 796   ASP   -0.110898   0.438482
 799   CYS   -0.0129264   0.112942
 802   ARG   -0.0523412   -0.105342
 804   ALA   0.145389   0
 805   GLU   -0.0887195   0.100673
 806   ASP   -0.00388343   0.258249
 811   GLN   0.163334   0
SITE:  LYS- 653
 346   CYS   -0.0312485   0.174354
 634   TYR   0.0275808   0.260561
 635   ILE   0.149518   0
 636   SER   0.207693   0
 639   LEU   0.714423   0
 640   GLY   -0.198655   0
 641   HIS   -0.0657497   -0.941991
 643   LYS   -0.0773157   -0.587006
 647   ARG   0.121593   -0.406276
 648   LEU   0.160461   0
 650   VAL   0.144225   0
 651   ASP   0.230487   0.773053
 652   SER   0.174204   0
 654   VAL   -0.126765   0
 656   LEU   -0.300726   0
 657   GLY   -0.09828   0
 700   ASP   0.0934556   0.287898
 702   ILE   0.182083   0
 703   PHE   0.176829   0
 706   VAL   0.241286   0
 707   GLN   0.669866   0
 709   TYR   -0.611872   1.2174
 710   GLN   -0.645776   0
 711   ARG   -0.148498   -0.306436
 712   ASP   0.0485642   0.420704
 713   GLU   -0.00599054   0.283007
 714   ARG   -0.1107   -0.195161
 718   GLU   -0.0210172   0.104317
 721   ASP   0.0046944   0.148659
 726   ARG   0.01273   -0.236572
 730   GLU   -0.0218181   0.204103
 742   GLU   0.00367205   0.13702
 771   ASP   0.0381594   0.196504
 778   CYS   0.00708549   0.170891
 780   VAL   0.107281   0
 783   LEU   0.0710086   0
 784   GLY   0.0341447   0
 786   ASP   0.209944   1.63094
 787   ILE   -0.106414   0
 788   LYS   -0.0407028   -0.181483
 789   ARG   -0.0982494   -0.608962
 791   GLU   -0.131483   0.344539
 794   ARG   0.0779139   -0.0829033
 796   ASP   0.0521541   0.662927
 799   CYS   -0.0087131   0.16101
 812   ALA   -0.149914   0
 813   SER   0.241268   0
 814   GLU   -0.115171   0.144159
1166   GLU   0.00235458   0.167762
1170   HIS   -0.0194938   -0.231139
1173   ARG   -0.00322958   -0.120093
1193   HIS   0.0712853   -0.152305
1206   LYS   -0.00990215   -0.139776
1267   TYR   0.00107983   0.125421
1272   ARG   0.0140416   -0.155076
SITE:  CYS- 670
 346   CYS   0.00167958   0.123338
 357   SER   0.310444   0
 358   LEU   0.191467   0
 360   PHE   0.264076   0
 361   ILE   0.410522   0
 362   THR   0.176882   0
 363   ALA   -0.223299   0
 364   CYS   -1.77201   2.09924
 365   SER   -0.681717   0
 628   TYR   0.00176311   0.262415
 663   ILE   0.345799   0
 664   VAL   0.251692   0
 665   LEU   0.147349   0
 666   SER   0.510766   0
 667   SER   0.86819   0
 668   VAL   0.338982   0
 671   SER   -0.227056   0
 673   GLY   -0.469236   0
 674   VAL   -0.347575   0
 677   TYR   -0.109324   0.1048
 688   GLU   0.0211478   0.109942
 700   ASP   -0.0285989   0.179723
 742   GLU   -0.00115511   0.218046
 766   LEU   0.114077   0
 767   ALA   0.150538   0
 770   ILE   -0.341258   0
 771   ASP   0.00766461   0.74843
 774   LEU   -0.304045   0
 778   CYS   -0.118668   0.356007
1166   GLU   -0.016582   0.152931
1206   LYS   -3.44795e-05   -0.139206
1229   TYR   0.00847062   0.132204
SITE:  TYR- 677
 364   CYS   0.0536876   0.206935
 670   CYS   0.0443396   0.1048
SITE:  GLU- 688
 610   GLU   0.0140356   0.113044
 612   GLU   0.032754   0.130755
 615   ARG   -0.0329813   -0.11079
 616   GLU   0.0713824   0.350054
 617   SER   0.48266   0
 618   ASP   -0.0205454   0.395411
 619   SER   -0.235214   0
 620   ASP   0.475546   1.95083
 621   VAL   -0.0738742   0
 623   THR   -0.721891   0
 624   VAL   -0.685637   0
 627   SER   -0.22589   0
 628   TYR   -0.0549598   0.606231
 670   CYS   -0.0285558   0.109942
 684   LEU   0.357946   0
 685   ILE   0.539623   0
 686   VAL   0.232488   0
 687   ILE   -0.0974774   0
 689   VAL   -0.26961   0
 691   PRO   -0.262327   0
 692   PHE   -0.226318   0
 700   ASP   -0.0383477   0.129629
 742   GLU   0.0128175   0.157796
 771   ASP   -0.0382385   0.181577
1088   TYR   0.00225318   0.117691
1091   TYR   -0.00371538   0.134534
1161   CYS   -0.0145628   0.104994
1166   GLU   0.00516078   0.165391
1206   LYS   0.0308241   -0.226794
1216   ALA   -0.223283   0
1217   LYS   -0.147791   -0.166723
1225   TYR   -0.0819084   0.615224
1229   TYR   -0.102384   0.627036
SITE:  ASP- 700
 332   GLU   0.016259   0.222105
 346   CYS   -0.0272748   0.189476
 628   TYR   -0.010536   0.401945
 634   TYR   -0.204372   0.548875
 641   HIS   -0.0302055   -0.196008
 653   LYS   0.0470216   -0.287898
 657   GLY   0.0765412   0
 660   GLY   0.114848   0
 664   VAL   -0.0445609   0
 670   CYS   -0.0773778   0.179723
 688   GLU   0.0233548   0.129629
 690   ILE   0.141388   0
 691   PRO   0.148786   0
 693   LEU   0.24837   0
 694   VAL   0.291731   0
 695   LEU   0.41222   0
 696   ALA   0.85819   0
 697   VAL   1.13324   0
 698   GLY   0.303612   0
 699   VAL   -0.0516117   0
 701   ASN   -0.625898   0
 702   ILE   -0.221895   0
 703   PHE   -0.494366   0
 704   ILE   -0.529588   0
 705   LEU   -0.171903   0
 706   VAL   -0.161649   0
 707   GLN   -0.232798   0
 709   TYR   -0.0859833   0.143434
 711   ARG   -0.114661   -0.289604
 712   ASP   -0.0272318   0.198401
 726   ARG   0.0202476   -0.151774
 730   GLU   0.0210438   0.342471
 731   VAL   0.106758   0
 732   ALA   0.148905   0
 733   PRO   0.0318999   0
 734   SER   0.0363502   0
 735   MET   0.28171   0
 738   SER   -0.882119   0
 739   SER   -0.190263   0
 741   SER   -0.328491   0
 742   GLU   0.195638   2.10485
 743   THR   -0.156438   0
 765   GLY   0.0918281   0
 768   VAL   0.177135   0
 771   ASP   -0.12745   1.24889
 775   GLN   0.10916   0
 778   CYS   -0.0772468   0.209967
 786   ASP   -0.0305374   0.161617
 825   TYR   -0.0492938   0.212481
1120   GLU   0.0209493   0.124417
1128   CYS   0.0470662   0.220571
1159   MET   0.190083   0
1161   CYS   0.0472732   0.408595
1162   GLY   0.108339   0
1163   ILE   0.230221   0
1165   VAL   -0.00825995   0
1166   GLU   -0.711343   3.51973
1167   PHE   0.170924   0
1168   CYS   0.00680793   0.740308
1169   SER   -0.314028   0
1170   HIS   -0.287414   -2.17475
1173   ARG   -0.130451   -0.492558
1189   GLU   0.00769762   0.147871
1193   HIS   0.061214   -0.24233
1194   MET   0.18732   0
1195   GLY   0.109296   0
1197   SER   0.00616198   0
1198   VAL   0.183483   0
1201   GLY   -0.423497   0
1202   ILE   -0.381696   0
1205   THR   -0.430604   0
1206   LYS   -0.0841798   -2.15249
1225   TYR   0.0533439   0.203289
1229   TYR   0.116142   0.503992
1233   VAL   0.060677   0
1236   GLY   -0.0586907   0
1239   HIS   -0.0344266   -0.259551
1239   HID   0.282122   -0.610692
1240   GLY   -0.0668201   0
1259   LYS   0.00177201   -0.181981
1267   TYR   -0.00790694   0.169589
1272   ARG   0.00750558   -0.154867
SITE:  TYR- 709
 346   CYS   -0.0362646   0.159374
 639   LEU   0.128403   0
 641   HIS   0.0481079   -0.452034
 643   LYS   -0.040294   -0.595999
 647   ARG   0.1875   -0.486495
 651   ASP   0.0483026   0.606104
 653   LYS   0.0247761   -1.2174
 700   ASP   0.0398972   0.143434
 705   LEU   0.096029   0
 706   VAL   0.20719   0
 707   GLN   0.211087   0
 710   GLN   -0.217457   0
 711   ARG   -0.123295   -0.303674
 712   ASP   0.272909   0.687114
 713   GLU   0.00610979   0.565306
 714   ARG   -0.320162   -0.447296
 718   GLU   -0.0764658   0.236299
 719   THR   0.136744   0
 720   LEU   0.0881675   0
 721   ASP   0.00667733   0.270137
 723   GLN   0.131105   0
 726   ARG   0.0262263   -0.418261
 730   GLU   -0.0388525   0.20162
 778   CYS   0.0216322   0.10023
 780   VAL   0.120911   0
 783   LEU   0.116484   0
 784   GLY   0.0826895   0
 786   ASP   -0.00388468   0.689952
 787   ILE   -0.207394   0
 788   LYS   -0.0321062   -0.256786
 789   ARG   -0.0289389   -0.378123
 790   GLN   0.206248   0
 791   GLU   -0.239524   0.795602
 792   LYS   -0.0720259   -0.137348
 793   ASN   -0.0139288   0
 796   ASP   -0.00241969   0.214932
 802   ARG   0.00558455   -0.108089
 810   VAL   0.139752   0
 812   ALA   -0.181946   0
 813   SER   0.202314   0
 814   GLU   -0.0897494   0.132174
1170   HIS   -0.00444112   -0.146265
1193   HIS   0.0430478   -0.143509
1267   TYR   0.00861994   0.144714
1272   ARG   0.0156138   -0.199545
SITE:  ARG- 711
 332   GLU   0.035359   0.339801
 336   ARG   -0.118749   -0.176682
 634   TYR   -0.0078737   0.157408
 641   HIS   -0.0657218   -0.356741
 643   LYS   0.00984676   -0.204755
 651   ASP   0.0196557   0.122201
 653   LYS   0.00740064   -0.306436
 700   ASP   0.0812169   0.289604
 704   ILE   0.138527   0
 705   LEU   0.117317   0
 708   ALA   0.14875   0
 709   TYR   0.0592644   0.303674
 710   GLN   -0.188181   0
 712   ASP   -0.360972   0.795698
 713   GLU   0.0212284   0.296909
 714   ARG   -0.0519433   -0.126731
 718   GLU   -0.0229738   0.121556
 726   ARG   0.0627153   -0.500733
 727   VAL   0.0296705   0
 730   GLU   0.0658683   0.832276
 731   VAL   -0.0195881   0
 733   PRO   -0.0616787   0
 742   GLU   -0.00455184   0.148361
 771   ASP   0.00544577   0.104289
 786   ASP   -0.00268136   0.120874
 813   SER   0.16656   0
 814   GLU   -0.273158   0.436018
 819   ARG   0.0349718   -0.109801
 822   LYS   -0.0699795   -0.468648
 825   TYR   -0.0732165   0.128262
1120   GLU   0.0200892   0.123359
1166   GLU   0.0389626   0.201918
1168   CYS   0.0414524   0.183637
1170   HIS   0.0270637   -0.50934
1173   ARG   0.00578496   -0.415948
1177   VAL   0.0920856   0
1180   LYS   -0.013548   -0.238293
1185   GLU   0.0307376   0.103327
1186   ARG   0.0208076   -0.162178
1188   GLU   0.03162   0.211685
1189   GLU   0.0996058   0.551671
1193   HIS   0.530722   -1.83928
1194   MET   0.137479   0
1195   GLY   -0.0523562   0
1196   SER   -0.32688   0
1197   SER   -0.19276   0
1206   LYS   -0.0120495   -0.138717
1239   HID   0.0927514   -0.217003
1259   LYS   0.0239668   -0.225995
1266   ARG   -0.141078   -0.222388
1267   TYR   -0.0382161   0.605578
1271   GLU   -0.0136873   0.130232
1272   ARG   0.13365   -0.766317
1278   PHE   -0.00276598   0.126931
SITE:  ASP- 712
 332   GLU   0.0237456   0.270807
 336   ARG   -0.0690856   -0.18981
 346   CYS   -0.034659   0.122827
 641   HIS   -0.011975   -0.272352
 643   LYS   -0.0249584   -0.248525
 647   ARG   0.0329806   -0.134978
 651   ASP   0.0182629   0.188302
 653   LYS   0.0166632   -0.420704
 700   ASP   0.0556193   0.198401
 704   ILE   0.0956666   0
 705   LEU   0.165434   0
 706   VAL   0.131171   0
 708   ALA   0.486263   0
 709   TYR   0.43221   0.687114
 711   ARG   -0.269385   -0.795698
 713   GLU   -0.101924   0.773308
 714   ARG   -0.123257   -0.360426
 718   GLU   -0.13869   0.408531
 720   LEU   0.146219   0
 721   ASP   0.00978625   0.180556
 723   GLN   -1.28551   0
 724   LEU   0.162049   0
 726   ARG   0.825016   -3.03235
 727   VAL   -0.222759   0
 730   GLU   -0.12432   0.766339
 742   GLU   -0.00056278   0.108566
 786   ASP   -0.0135365   0.196272
 789   ARG   -0.00915434   -0.100975
 791   GLU   -0.0283821   0.22451
 814   GLU   -0.151004   0.246376
 822   LYS   -0.0245471   -0.217258
1166   GLU   0.0127665   0.128728
1168   CYS   0.0202294   0.105605
1170   HIS   0.0233004   -0.299501
1173   ARG   0.0129419   -0.294628
1180   LYS   -0.00630174   -0.11819
1189   GLU   0.0276444   0.298517
1193   HIS   0.0637191   -0.517836
1239   HID   0.0480996   -0.107355
1259   LYS   0.0194625   -0.164162
1266   ARG   -0.0805234   -0.332649
1267   TYR   0.0507877   0.647252
1271   GLU   -0.0545335   0.193518
1272   ARG   0.102675   -0.914356
SITE:  GLU- 713
 641   HIS   -0.00555976   -0.209973
 643   LYS   -0.011764   -0.301791
 647   ARG   0.0319756   -0.177502
 651   ASP   0.0211349   0.196015
 653   LYS   0.00256104   -0.283007
 709   TYR   0.174037   0.565306
 711   ARG   -0.0095719   -0.296909
 712   ASP   -0.167727   0.773308
 714   ARG   -1.32735   -1.08913
 718   GLU   -0.0474864   0.184437
 723   GLN   -0.179984   0
 726   ARG   0.0982143   -0.428381
 730   GLU   -0.0132719   0.185071
 786   ASP   0.0141427   0.14067
 791   GLU   -0.0448214   0.258324
 810   VAL   0.357037   0
 811   GLN   -0.308516   0
 814   GLU   -0.0871889   0.19881
 822   LYS   -0.00617149   -0.15948
1189   GLU   0.00896354   0.117695
1193   HIS   0.0218826   -0.189459
1267   TYR   0.0182876   0.193282
1271   GLU   -0.0248919   0.255144
1272   ARG   0.0455467   -0.343952
SITE:  ARG- 714
 641   HIS   0.00782764   -0.125058
 643   LYS   -0.0163693   -0.216743
 647   ARG   0.0475839   -0.21635
 651   ASP   0.0255924   0.17501
 653   LYS   -0.00609983   -0.195161
 709   TYR   0.09258   0.447296
 711   ARG   -0.0154864   -0.126731
 712   ASP   0.0816539   0.360426
 713   GLU   -0.107586   1.08913
 718   GLU   -0.000259593   0.157574
 726   ARG   0.0487546   -0.243185
 786   ASP   0.0214106   0.116487
 791   GLU   -0.0225282   0.315072
 809   SER   -0.449024   0
 810   VAL   0.23983   0
1271   GLU   -0.00863503   0.167909
1272   ARG   0.00598353   -0.153022
SITE:  GLU- 718
 336   ARG   0.0381518   -0.164194
 348   ARG   -0.0347514   -0.119157
 653   LYS   0.00287766   -0.104317
 709   TYR   0.033145   0.236299
 711   ARG   -0.0324236   -0.121556
 712   ASP   0.0531605   0.408531
 713   GLU   0.0562959   0.184437
 714   ARG   -0.508394   -0.157574
 715   LEU   -0.362   0
 716   GLN   -0.218035   0
 717   GLY   -0.254714   0
 720   LEU   0.166153   0
 721   ASP   -0.0465524   0.266166
 722   GLN   -0.419206   0
 726   ARG   -0.347906   -0.851812
 730   GLU   -0.0491064   0.183814
 791   GLU   0.00338945   0.17701
1193   HIS   0.00488002   -0.100476
1266   ARG   0.113835   -0.346961
1267   TYR   0.0526161   0.250212
1271   GLU   -0.0485751   0.108524
1272   ARG   -0.0734846   -0.193438
SITE:  ASP- 721
 343   GLY   0.095351   0
 344   SER   -0.0915216   0
 346   CYS   -0.0978065   0.313554
 347   VAL   -0.284317   0
 348   ARG   -0.144675   -0.50693
 653   LYS   0.0056338   -0.148659
 709   TYR   0.000629109   0.270137
 712   ASP   0.015303   0.180556
 718   GLU   -0.212906   0.266166
 719   THR   -0.769816   0
 720   LEU   -0.353452   0
 722   GLN   -0.288706   0
 724   LEU   -0.332358   0
 725   GLY   -0.19083   0
 726   ARG   -0.0525751   -0.223464
 780   VAL   0.0935812   0
 784   GLY   0.0410573   0
 786   ASP   -0.0642139   0.182283
 788   LYS   -0.021501   -0.977005
 791   GLU   0.0182143   0.306462
 792   LYS   -0.0222169   -0.167906
1266   ARG   0.0238972   -0.111458
SITE:  ARG- 726
 332   GLU   0.0241939   0.284809
 336   ARG   -0.0305591   -0.276634
 337   ARG   0.0309241   -0.101114
 346   CYS   -0.0447286   0.130781
 641   HIS   -0.0103889   -0.147734
 643   LYS   -0.0152568   -0.128568
 651   ASP   0.0130578   0.103859
 653   LYS   0.00921827   -0.236572
 700   ASP   0.0395796   0.151774
 709   TYR   0.0741136   0.418261
 711   ARG   -0.137139   -0.500733
 712   ASP   0.832824   3.03235
 713   GLU   0.38046   0.428381
 714   ARG   -0.435148   -0.243185
 715   LEU   -0.200487   0
 718   GLU   -0.156491   0.851812
 720   LEU   0.178828   0
 721   ASP   0.0322045   0.223464
 723   GLN   -0.423478   0
 724   LEU   0.251759   0
 725   GLY   0.0185177   0
 727   VAL   -0.318634   0
 729   GLY   -0.183189   0
 730   GLU   -0.22088   0.722706
 786   ASP   -0.0220344   0.129679
 791   GLU   -0.0172555   0.158937
 814   GLU   -0.082741   0.158133
 822   LYS   -0.00612385   -0.15812
1170   HIS   0.0270938   -0.232506
1173   ARG   0.029835   -0.272904
1189   GLU   0.0124358   0.264494
1193   HIS   0.00901175   -0.397106
1259   LYS   0.0244391   -0.164779
1266   ARG   -0.0356956   -0.573099
1267   TYR   0.0947153   0.767618
1271   GLU   -0.0674332   0.195229
1272   ARG   -0.0477743   -0.806287
SITE:  GLU- 730
 332   GLU   0.0590578   0.906133
 336   ARG   -0.368578   -0.512004
 337   ARG   0.0362016   -0.140744
 346   CYS   -0.0344454   0.130473
 634   TYR   -0.0148805   0.10639
 641   HIS   -0.0372745   -0.164052
 653   LYS   0.00852469   -0.204103
 700   ASP   0.0862302   0.342471
 704   ILE   0.109229   0
 705   LEU   0.121754   0
 709   TYR   -0.0155764   0.20162
 711   ARG   -0.304736   -0.832276
 712   ASP   -0.0774153   0.766339
 713   GLU   0.048437   0.185071
 718   GLU   -0.0192539   0.183814
 723   GLN   0.0250164   0
 724   LEU   0.151064   0
 725   GLY   0.156198   0
 726   ARG   0.234708   -0.722706
 727   VAL   0.416201   0
 728   LEU   0.144955   0
 729   GLY   -0.0325642   0
 731   VAL   -0.307072   0
 733   PRO   -0.180754   0
 734   SER   -0.182175   0
 742   GLU   -0.0110447   0.210542
 771   ASP   0.0119876   0.143431
 814   GLU   -0.096435   0.177716
 822   LYS   -0.016461   -0.207954
 825   TYR   -0.0445   0.102743
1120   GLU   0.0421032   0.272568
1166   GLU   0.0403748   0.24433
1168   CYS   0.0579077   0.259349
1170   HIS   0.116472   -0.680962
1171   ILE   0.111521   0
1173   ARG   0.149169   -0.958294
1177   VAL   0.0966968   0
1179   MET   -0.166447   0
1180   LYS   -0.0107244   -0.206065
1185   GLU   0.018514   0.101205
1186   ARG   -0.011609   -0.249144
1188   GLU   -0.0121978   0.156841
1189   GLU   -0.0143603   0.652559
1193   HIS   0.00440515   -0.88447
1196   SER   -0.16588   0
1197   SER   -0.243883   0
1206   LYS   -0.0100623   -0.156972
1239   HID   0.134205   -0.255141
1259   LYS   0.0673605   -0.532537
1261   CYS   0.021431   0.104169
1264   GLU   -0.00220623   0.147338
1266   ARG   -0.351263   -0.610678
1267   TYR   -0.0993399   1.18477
1271   GLU   -0.0123345   0.106
1272   ARG   -0.0572553   -0.819998
1278   PHE   -0.00695025   0.12373
SITE:  GLU- 742
 332   GLU   0.00614331   0.180803
 346   CYS   -0.0189479   0.139537
 620   ASP   0.0258088   0.108395
 628   TYR   -0.0354472   0.401931
 634   TYR   -0.087686   0.235423
 653   LYS   0.0231752   -0.13702
 660   GLY   0.097765   0
 664   VAL   0.0115116   0
 670   CYS   -0.0863322   0.218046
 688   GLU   0.0120478   0.157796
 690   ILE   0.172077   0
 691   PRO   0.143347   0
 693   LEU   0.155367   0
 694   VAL   0.2328   0
 695   LEU   0.168959   0
 697   VAL   -0.163029   0
 698   GLY   0.0402862   0
 699   VAL   -0.0883105   0
 700   ASP   -0.29764   2.10485
 701   ASN   -0.483452   0
 704   ILE   -0.22797   0
 711   ARG   -0.0608706   -0.148361
 712   ASP   -0.0152064   0.108566
 730   GLU   0.0208102   0.210542
 731   VAL   0.0877139   0
 733   PRO   0.0985944   0
 734   SER   0.170348   0
 735   MET   0.38406   0
 736   PHE   0.188647   0
 737   LEU   0.145474   0
 738   SER   0.55147   0
 739   SER   0.698791   0
 741   SER   -0.802249   0
 743   THR   -0.640934   0
 744   VAL   -0.20793   0
 745   ALA   -0.368591   0
 746   PHE   -0.242386   0
 761   SER   0.173559   0
 765   GLY   0.146744   0
 768   VAL   0.0342745   0
 771   ASP   -0.322652   1.28499
 772   PHE   -0.182385   0
 778   CYS   -0.0734838   0.161273
 825   TYR   -0.0283708   0.136067
1097   ASP   0.0371548   0.1052
1120   GLU   0.0208497   0.121795
1128   CYS   0.0915959   0.363626
1155   VAL   0.111049   0
1156   ASN   0.2111   0
1157   LEU   0.127746   0
1158   VAL   0.157376   0
1159   MET   0.478908   0
1160   SER   0.152366   0
1161   CYS   0.0917825   0.867695
1162   GLY   0.414742   0
1163   ILE   0.0436038   0
1164   SER   -0.100413   0
1165   VAL   -0.408459   0
1166   GLU   -0.758018   3.05751
1168   CYS   -0.0335039   0.882316
1169   SER   -0.409545   0
1170   HIS   -0.182537   -1.25317
1173   ARG   -0.128598   -0.432608
1193   HIS   0.0164715   -0.134126
1198   VAL   0.0494988   0
1201   GLY   -0.0916876   0
1202   ILE   -0.0740021   0
1205   THR   -0.18451   0
1206   LYS   -0.0523056   -1.86127
1225   TYR   0.0747   0.319192
1229   TYR   0.129039   0.722907
1233   VAL   0.0307136   0
1236   GLY   -0.0664642   0
1239   HIS   -0.0502582   -0.280899
1239   HID   0.270851   -0.510728
1240   GLY   -0.0558808   0
1259   LYS   0.0022307   -0.16312
1267   TYR   -0.00634222   0.105749
SITE:  HIS- 758
 379   ASP   0.0489604   0.196532
 389   ARG   0.01468   -0.185462
 681   PRO   0.0955356   0
 749   GLY   0.0938557   0
 752   SER   0.78727   0
 754   MET   0.351372   0
 755   PRO   0.29907   0
 757   VAL   -0.0194478   0
 759   THR   -0.165429   0
 761   SER   -0.401764   0
 762   LEU   -0.229952   0
1089   GLU   -0.0214704   0.107266
1091   TYR   -0.00719516   0.14155
1097   ASP   0.0309906   0.288306
1161   CYS   -0.0225948   0.143818
1225   TYR   0.000586567   0.264208
1229   TYR   -0.00543666   0.178376
SITE:  ASP- 771
 332   GLU   0.00857963   0.101294
 346   CYS   -0.0232674   0.252437
 364   CYS   -0.116957   0.234224
 628   TYR   -0.0032562   0.760685
 634   TYR   -0.0940151   0.195519
 653   LYS   0.0517068   -0.196504
 656   LEU   0.119394   0
 657   GLY   0.148125   0
 660   GLY   0.450142   0
 661   ILE   0.376566   0
 663   ILE   0.0174701   0
 664   VAL   -0.0396173   0
 665   LEU   0.0917526   0
 666   SER   -0.463828   0
 667   SER   -0.773236   0
 668   VAL   -0.00669238   0
 670   CYS   -0.366258   0.74843
 671   SER   -0.290558   0
 688   GLU   0.0492892   0.181577
 690   ILE   0.167698   0
 691   PRO   0.240138   0
 693   LEU   0.120474   0
 694   VAL   0.446962   0
 695   LEU   0.384231   0
 697   VAL   -0.265517   0
 698   GLY   -0.46078   0
 699   VAL   -0.0412814   0
 700   ASP   -0.205856   1.24889
 701   ASN   -0.771254   0
 702   ILE   -0.17674   0
 704   ILE   -0.159974   0
 711   ARG   -0.0443096   -0.104289
 730   GLU   -0.00806616   0.143431
 735   MET   0.167032   0
 738   SER   -0.293725   0
 742   GLU   0.0447431   1.28499
 743   THR   -0.181787   0
 763   PHE   0.154372   0
 764   ALA   0.277656   0
 765   GLY   0.191888   0
 766   LEU   0.241592   0
 767   ALA   0.718348   0
 768   VAL   0.591077   0
 769   PHE   0.180309   0
 770   ILE   -0.0454878   0
 772   PHE   -0.399596   0
 773   LEU   -0.159005   0
 774   LEU   -0.592842   0
 775   GLN   -1.48776   0
 776   ILE   -0.164719   0
 778   CYS   -0.233406   0.494172
 786   ASP   -0.0471936   0.159879
1128   CYS   0.0239516   0.102463
1161   CYS   0.00320612   0.252545
1166   GLU   -0.100495   0.893273
1168   CYS   -0.00236079   0.256671
1170   HIS   -0.0974489   -0.554994
1173   ARG   -0.0407058   -0.211851
1206   LYS   -0.032744   -0.763476
1225   TYR   0.027108   0.207797
1229   TYR   0.0513586   0.428634
1239   HID   0.0817021   -0.176889
SITE:  CYS- 778
 346   CYS   0.0344988   0.804776
 350   PRO   0.252291   0
 351   GLY   0.124883   0
 352   CYS   0.0115443   0.147051
 353   VAL   0.117164   0
 354   ILE   0.0605374   0
 357   SER   -0.701217   0
 364   CYS   -0.0791408   0.147533
 628   TYR   0.0120365   0.133967
 653   LYS   0.0343902   -0.170891
 656   LEU   0.105328   0
 657   GLY   0.0840912   0
 659   ALA   0.255578   0
 660   GLY   0.0485763   0
 663   ILE   -0.156769   0
 666   SER   -0.307748   0
 670   CYS   -0.109042   0.356007
 700   ASP   0.00112339   0.209967
 709   TYR   -0.0331333   0.10023
 742   GLU   0.00365812   0.161273
 770   ILE   0.123007   0
 771   ASP   0.230984   0.494172
 773   LEU   0.153739   0
 774   LEU   0.741648   0
 775   GLN   0.325788   0
 777   THR   -0.227914   0
 779   PHE   -0.198292   0
 780   VAL   -0.181325   0
 781   SER   -0.381954   0
 782   LEU   -0.267455   0
 786   ASP   -0.108298   0.264532
 788   LYS   -0.0239185   -0.148496
 789   ARG   -0.0795596   -0.134542
 796   ASP   0.0519072   0.137227
 799   CYS   0.00495381   0.143631
1166   GLU   -0.0124345   0.13413
1170   HIS   -0.013794   -0.124393
1206   LYS   -0.00231674   -0.105862
SITE:  ASP- 786
 346   CYS   -0.0141109   0.21759
 634   TYR   0.0103004   0.113984
 639   LEU   0.0856196   0
 640   GLY   -0.123091   0
 641   HIS   -0.00338195   -0.316953
 643   LYS   -0.061196   -0.272738
 647   ARG   0.113521   -0.281514
 650   VAL   0.377878   0
 651   ASP   0.0929957   0.511376
 652   SER   0.548958   0
 653   LYS   -0.221197   -1.63094
 655   SER   -0.152151   0
 656   LEU   -0.41844   0
 657   GLY   -0.0349493   0
 700   ASP   0.0377118   0.161617
 706   VAL   -0.017084   0
 709   TYR   -0.126139   0.689952
 711   ARG   -0.0585986   -0.120874
 712   ASP   0.0483541   0.196272
 713   GLU   -0.00348065   0.14067
 714   ARG   -0.0719923   -0.116487
 721   ASP   0.00752576   0.182283
 726   ARG   0.0035691   -0.129679
 771   ASP   0.048339   0.159879
 778   CYS   0.0470822   0.264532
 779   PHE   0.21367   0
 780   VAL   0.152599   0
 782   LEU   0.424574   0
 783   LEU   0.683616   0
 784   GLY   0.0601537   0
 787   ILE   -0.326186   0
 788   LYS   -0.175052   -0.359105
 789   ARG   -0.903479   -1.7343
 790   GLN   -1.15312   0
 791   GLU   -0.178412   0.335164
 792   LYS   -0.103337   -0.202256
 793   ASN   -0.0613821   0
 794   ARG   0.115567   -0.177373
 795   LEU   0.123365   0
 796   ASP   0.217744   1.14633
 799   CYS   -0.0319606   0.469846
 800   CYS   0.00885158   0.106338
1170   HIS   -0.0114514   -0.119078
SITE:  LYS- 788
 343   GLY   0.107984   0
 346   CYS   0.0503846   0.328549
 347   VAL   1.02893   0
 348   ARG   0.073005   -0.292495
 350   PRO   -0.154857   0
 352   CYS   -0.0462176   0.1083
 653   LYS   0.00436954   -0.181483
 709   TYR   -0.00913115   0.256786
 720   LEU   -0.169896   0
 721   ASP   0.218052   0.977005
 778   CYS   0.0829444   0.148496
 780   VAL   0.137045   0
 781   SER   0.190047   0
 784   GLY   0.0968278   0
 785   LEU   0.152148   0
 786   ASP   -0.00390321   0.359105
 789   ARG   0.0397908   -0.404654
 791   GLU   -0.088562   0.341092
 792   LYS   -0.0655088   -0.362823
 794   ARG   0.0029607   -0.146916
 796   ASP   0.030619   0.107445
 799   CYS   0.00563447   0.13909
SITE:  ARG- 789
 641   HIS   0.0464204   -0.21163
 643   LYS   -0.0705385   -0.233134
 647   ARG   0.268414   -0.380231
 648   LEU   0.203135   0
 649   LEU   0.602175   0
 650   VAL   1.05874   0
 651   ASP   -0.0203886   0.661465
 652   SER   1.02617   0
 653   LYS   -0.113199   -0.608962
 655   SER   -0.452353   0
 709   TYR   -0.0367632   0.378123
 712   ASP   0.03538   0.100975
 778   CYS   0.0280042   0.134542
 783   LEU   0.124517   0
 786   ASP   0.808266   1.7343
 787   ILE   0.205685   0
 788   LYS   0.41762   -0.404654
 790   GLN   -0.923738   0
 791   GLU   -0.20601   0.310126
 792   LYS   -0.195607   -0.269493
 793   ASN   -0.297324   0
 794   ARG   1.76691   -0.346131
 795   LEU   0.586718   0
 796   ASP   -0.220374   2.27587
 799   CYS   -0.227568   0.836963
 800   CYS   -0.00506122   0.169942
 801   VAL   0.349755   0
 802   ARG   -0.108675   -0.169698
 806   ASP   0.0217438   0.105717
SITE:  GLU- 791
 641   HIS   0.0216727   -0.1551
 643   LYS   -0.0192004   -0.248043
 647   ARG   0.13268   -0.337748
 651   ASP   0.0255543   0.299595
 653   LYS   -0.0028602   -0.344539
 709   TYR   0.085107   0.795602
 712   ASP   0.104639   0.22451
 713   GLU   0.00275318   0.258324
 714   ARG   -0.156227   -0.315072
 718   GLU   -0.0220856   0.17701
 719   THR   0.125343   0
 720   LEU   -0.0842339   0
 721   ASP   0.00565179   0.306462
 723   GLN   0.0987521   0
 726   ARG   0.00455521   -0.158937
 784   GLY   0.113808   0
 786   ASP   0.105415   0.335164
 787   ILE   0.309409   0
 788   LYS   -0.0111113   -0.341092
 789   ARG   0.0884294   -0.310126
 792   LYS   -0.30212   -0.34792
 793   ASN   -0.102197   0
 794   ARG   0.0735272   -0.140653
 796   ASP   0.00188468   0.116146
 802   ARG   0.0327074   -0.188063
 805   GLU   -0.05324   0.13928
SITE:  LYS- 792
 647   ARG   0.049181   -0.114016
 709   TYR   -0.00119587   0.137348
 721   ASP   0.0153148   0.167906
 786   ASP   0.0650738   0.202256
 788   LYS   0.241809   -0.362823
 789   ARG   0.194423   -0.269493
 791   GLU   -0.137255   0.34792
 793   ASN   -0.198847   0
 794   ARG   0.157032   -0.503371
 796   ASP   0.0269864   0.100418
 799   CYS   0.0355789   0.160788
 800   CYS   0.0344474   0.103615
 802   ARG   0.0270611   -0.237338
 805   GLU   -0.0185581   0.11543
SITE:  ARG- 794
 647   ARG   0.050896   -0.122226
 651   ASP   0.00969904   0.108883
 786   ASP   0.0557512   0.177373
 788   LYS   0.0659596   -0.146916
 789   ARG   0.189549   -0.346131
 791   GLU   -0.0594016   0.140653
 792   LYS   0.123139   -0.503371
 796   ASP   0.0248811   0.137155
 799   CYS   0.252648   0.230466
 800   CYS   0.100097   0.273883
 802   ARG   -0.123029   -0.374997
 805   GLU   -0.0210772   0.137014
SITE:  ASP- 796
 636   SER   0.178824   0
 640   GLY   -0.10628   0
 641   HIS   0.021257   -0.196358
 643   LYS   -0.0492768   -0.147886
 647   ARG   0.133729   -0.192222
 648   LEU   0.229735   0
 649   LEU   0.561642   0
 650   VAL   0.380653   0
 651   ASP   -0.0831188   0.438482
 652   SER   1.37396   0
 653   LYS   -0.454018   -0.662927
 654   VAL   -1.02904   0
 655   SER   -2.96031   0
 656   LEU   -0.335618   0
 657   GLY   -0.194381   0
 709   TYR   -0.0462509   0.214932
 778   CYS   0.0160755   0.137227
 786   ASP   0.24962   1.14633
 788   LYS   -0.0299478   -0.107445
 789   ARG   -0.118247   -2.27587
 790   GLN   -0.419358   0
 791   GLU   -0.0562725   0.116146
 792   LYS   -0.030229   -0.100418
 794   ARG   0.10542   -0.137155
 797   ILE   -0.296084   0
 799   CYS   -0.156296   0.656247
 800   CYS   -0.0109188   0.123378
 801   VAL   0.136673   0
SITE:  CYS- 799
 651   ASP   -0.00678547   0.112942
 653   LYS   -0.0140218   -0.16101
 778   CYS   0.0271238   0.143631
 786   ASP   0.00181525   0.469846
 788   LYS   -0.0319308   -0.13909
 789   ARG   -0.154895   -0.836963
 792   LYS   -0.0175715   -0.160788
 794   ARG   -0.4176   -0.230466
 795   LEU   0.839073   0
 796   ASP   1.01036   0.656247
 797   ILE   0.183804   0
 800   CYS   -0.0818106   0.444921
 801   VAL   0.154652   0
SITE:  CYS- 800
 786   ASP   0.0061709   0.106338
 789   ARG   -0.023614   -0.169942
 792   LYS   0.012358   -0.103615
 794   ARG   -0.198995   -0.273883
 796   ASP   0.0537048   0.123378
 799   CYS   -0.0193176   0.444921
SITE:  ARG- 802
 647   ARG   0.0724636   -0.179822
 651   ASP   0.0122263   0.105342
 709   TYR   0.0030653   0.108089
 789   ARG   0.131481   -0.169698
 791   GLU   0.0623378   0.188063
 792   LYS   0.400316   -0.237338
 793   ASN   0.0383679   0
 794   ARG   -0.0103939   -0.374997
 803   GLY   0.15739   0
 805   GLU   0.718031   1.2518
SITE:  GLU- 805
 647   ARG   0.0671755   -0.202007
 651   ASP   0.0118921   0.100673
 791   GLU   0.0624359   0.13928
 792   LYS   0.0616668   -0.11543
 793   ASN   -0.234252   0
 794   ARG   0.0353852   -0.137014
 802   ARG   0.0349464   -1.2518
 803   GLY   0.226858   0
 806   ASP   -0.248472   0.265893
SITE:  ASP- 806
 643   LYS   -0.0352705   -0.166651
 646   ARG   -0.213509   -0.164324
 647   ARG   0.0451924   -0.466424
 651   ASP   0.0193854   0.258249
 789   ARG   0.0486454   -0.105717
 804   ALA   0.156843   0
 805   GLU   -0.386836   0.265893
 807   GLY   -0.205658   0
SITE:  GLU- 814
 641   HIS   -0.0537004   -0.270064
 643   LYS   0.00170446   -0.189311
 653   LYS   -0.00137319   -0.144159
 709   TYR   0.00894944   0.132174
 711   ARG   0.0815321   -0.436018
 712   ASP   -0.0461724   0.246376
 713   GLU   -0.0200684   0.19881
 726   ARG   0.0306249   -0.158133
 730   GLU   0.00593058   0.177716
 815   SER   0.30554   0
 816   CYS   0.070423   0.175929
 818   PHE   -0.35909   0
 819   ARG   -0.106996   -0.370796
 822   LYS   -0.285458   -1.26551
1170   HIS   0.00193256   -0.115046
1180   LYS   -0.00808598   -0.132688
1188   GLU   0.0136698   0.128524
1189   GLU   0.0180762   0.189294
1193   HIS   0.0637332   -0.307771
1267   TYR   0.00123596   0.158129
1272   ARG   0.0524074   -0.269094
SITE:  CYS- 816
 634   TYR   0.0361723   0.193735
 641   HIS   -0.0413658   -0.265655
 643   LYS   0.00257859   -0.112634
 814   GLU   0.0541804   0.175929
 817   LEU   -0.165945   0
 819   ARG   -0.367702   -0.201442
SITE:  ARG- 819
 641   HIS   -0.0142769   -0.10193
 711   ARG   0.00586206   -0.109801
 814   GLU   0.06784   0.370796
 816   CYS   0.121807   0.201442
 822   LYS   -0.136412   -0.241262
 823   ASN   -0.21269   0
SITE:  LYS- 822
 641   HIS   -0.0243557   -0.12781
 711   ARG   0.152681   -0.468648
 712   ASP   -0.0529604   0.217258
 713   GLU   -0.0281388   0.15948
 726   ARG   0.0189202   -0.15812
 730   GLU   0.0148929   0.207954
 814   GLU   0.560944   1.26551
 818   PHE   0.132181   0
 819   ARG   0.170163   -0.241262
 823   ASN   0.0488785   0
 826   SER   -0.168236   0
1170   HIS   0.00783926   -0.123175
1173   ARG   0.00379221   -0.102739
1180   LYS   -0.0208512   -0.283001
1185   GLU   0.022293   0.115324
1188   GLU   0.0237645   0.28064
1189   GLU   0.0203255   0.320798
1193   HIS   0.024167   -0.469886
1267   TYR   -0.00559588   0.196195
1271   GLU   -0.00223109   0.100033
1272   ARG   0.0626056   -0.309423
1278   PHE   0.000874226   0.143875
SITE:  TYR- 825
 634   TYR   -0.0164939   0.158103
 700   ASP   0.00885326   0.212481
 711   ARG   -0.0268097   -0.128262
 730   GLU   0.0188146   0.102743
 742   GLU   -0.00727173   0.136067
 826   SER   0.187181   0
 829   LEU   -0.268386   0
 835   ARG   0.012924   -0.175294
1166   GLU   0.0268396   0.25117
1168   CYS   0.00558469   0.338263
1170   HIS   -0.0514729   -0.30773
1173   ARG   -0.027888   -0.12212
1186   ARG   0.0284037   -0.100642
1188   GLU   0.0137709   0.15143
1189   GLU   0.0125454   0.129539
1191   LEU   -0.0395357   0
1193   HIS   -0.01701   -0.145521
1195   GLY   -0.0566838   0
1206   LYS   -0.0353722   -0.225061
1235   LEU   0.126971   0
1236   GLY   0.0911594   0
1237   ALA   0.310472   0
1238   THR   0.227258   0
1239   HIS   0.150756   -0.419917
1239   HID   -0.0186843   -0.60056
1240   GLY   -0.00676201   0
1241   LEU   2.22853   0
1242   ILE   0.256104   0
1245   PRO   -0.308434   0
1250   TYR   -0.0687696   0.138163
SITE:  LYS- 831
 827   PRO   0.10495   0
 828   LEU   0.169024   0
 832   ASP   -0.422736   0.37866
 833   TRP   -0.420565   0
 834   MET   -0.179161   0
 835   ARG   -0.139923   -0.163345
1188   GLU   -0.0197661   0.148503
1250   TYR   -0.0169911   0.135712
SITE:  ASP- 832
 294   ARG   -0.287066   -0.466433
 830   LEU   0.199654   0
 831   LYS   0.343276   -0.37866
 833   TRP   -0.27375   0
 834   MET   -0.187791   0
 835   ARG   -0.496184   -0.638511
 836   PRO   -0.0871344   0
1180   LYS   0.000367   -0.10769
1183   ARG   -0.0736204   -0.100432
1185   GLU   0.00250777   0.201018
1188   GLU   -0.0390821   0.211678
1250   TYR   0.0253285   0.605912
SITE:  ARG- 835
 294   ARG   -0.107472   -0.312343
 825   TYR   0.0222471   0.175294
 829   LEU   0.317376   0
 830   LEU   0.115282   0
 831   LYS   0.332278   -0.163345
 832   ASP   0.195036   0.638511
 834   MET   -0.186166   0
 836   PRO   -0.153813   0
 838   VAL   -0.190874   0
1168   CYS   0.00920694   0.128351
1180   LYS   0.0138915   -0.119586
1183   ARG   -0.25947   -0.260312
1184   VAL   0.000920348   0
1185   GLU   -0.00541335   0.210341
1186   ARG   -0.0368398   -0.247173
1188   GLU   -0.0518806   0.216335
1189   GLU   -0.0333096   0.112224
1239   HIS   0.0623745   -0.117633
1239   HID   0.062631   -0.166703
1242   ILE   0.154778   0
1243   PHE   0.168039   0
1244   LEU   0.115314   0
1245   PRO   0.203577   0
1246   VAL   0.500852   0
1247   LEU   0.224377   0
1249   SER   1.00366   0
1250   TYR   0.652182   1.68138
1253   PRO   0.0948652   0
SITE:  LYS- 855
 266   ASP   0.628186   2.4546
 268   MET   -0.294024   0
 269   TYR   0.046394   0.767615
 851   ALA   0.228672   0
 852   VAL   0.0995726   0
 854   ASN   0.297303   0
 857   ASP   0.0381118   0.23728
SITE:  ASP- 857
 266   ASP   0.0283164   0.128061
 269   TYR   0.00550079   0.114243
 855   LYS   0.176025   -0.23728
 856   VAL   -0.333414   0
 859   GLY   0.151964   0
 861   ASP   0.0394578   0.498137
 934   ARG   -0.00623442   -0.106226
1048   SER   -0.180295   0
1050   ASP   -0.0412412   0.180447
1053   ASP   -0.0187586   0.173684
1088   TYR   0.026832   0.18968
1091   TYR   0.0134229   0.314195
1146   GLY   -0.160209   0
1147   ILE   0.139268   0
1148   SER   -0.0109288   0
1225   TYR   0.00535432   0.116554
1227   ARG   -0.100019   -0.138269
SITE:  ASP- 861
 606   GLU   0.0357678   0.135759
 612   GLU   -0.0417332   0.11971
 616   GLU   -0.0591799   0.10817
 620   ASP   0.00704909   0.100418
 857   ASP   -0.0895878   0.498137
 859   GLY   0.117912   0
 860   LEU   -0.280462   0
 862   GLN   -0.369122   0
 863   SER   -0.416832   0
 864   LEU   -0.241332   0
 868   ASP   0.0145635   0.137347
 875   TYR   -0.017114   0.173419
 877   LYS   -0.00349029   -0.103699
 934   ARG   -0.0112811   -0.103558
1042   HIS   -0.00481198   -0.106352
1042   HID   0.0183504   -0.132345
1048   SER   -0.227538   0
1050   ASP   -0.0936276   0.198296
1053   ASP   -0.0320208   0.110244
1085   TYR   0.00842754   0.102689
1088   TYR   0.0473229   0.553918
1091   TYR   -0.0471143   0.512529
1146   GLY   0.206569   0
1148   SER   -0.242008   0
1150   ASN   -0.168104   0
1225   TYR   -0.0282494   0.234633
1227   ARG   -0.141382   -0.238649
1229   TYR   -0.0220708   0.136912
SITE:  ASP- 868
 612   GLU   0.0225102   0.195734
 615   ARG   -0.0784873   -0.189593
 616   GLU   -0.0498565   0.26623
 620   ASP   -0.0110797   0.117603
 861   ASP   -0.0193332   0.137347
 867   PRO   -0.031043   0
 869   ASP   -0.563776   0.488361
 874   ASP   -0.0295103   0.163225
 877   LYS   -0.0329079   -0.220626
1217   LYS   0.120992   -0.231486
1227   ARG   0.0152241   -0.168459
SITE:  ASP- 869
 592   LYS   -0.000975278   -0.209771
 611   ASP   -0.000156024   0.154823
 612   GLU   0.167481   0.520706
 615   ARG   -0.768121   -1.00239
 616   GLU   0.0538223   0.613842
 620   ASP   -0.0242961   0.144002
 867   PRO   -0.118857   0
 868   ASP   -0.42807   0.488361
 870   SER   -0.412477   0
 871   TYR   -0.0119042   0.242896
 874   ASP   -0.073941   0.147744
 877   LYS   -0.0148497   -0.123893
1217   LYS   0.0319967   -0.446397
SITE:  TYR- 871
 392   LYS   -0.00586175   -0.104395
 404   ARG   -0.122074   -0.248371
 406   GLU   -0.262792   0.568411
 407   GLN   0.147419   0
 411   ARG   -0.0229738   -0.130296
 468   CYS   -0.00970555   0.13651
 584   GLU   0.183668   0.627528
 585   LYS   0.134707   -0.414033
 586   GLU   0.00800456   0.188255
 588   ILE   -0.177728   0
 592   LYS   -0.0389562   -1.10388
 595   LYS   0.0408343   -0.106622
 603   PHE   0.0301828   0
 604   THR   -0.133936   0
 606   GLU   -0.0146764   0.375149
 607   ARG   0.200218   -0.896057
 608   SER   1.50218   0
 609   ILE   0.160446   0
 610   GLU   -0.106221   0.290904
 611   ASP   -0.45951   1.13602
 612   GLU   -0.318624   1.54085
 615   ARG   -0.0208688   -0.661855
 616   GLU   -0.109396   0.283055
 618   ASP   -0.0376576   0.109856
 867   PRO   0.0717759   0
 869   ASP   0.0362972   0.242896
 870   SER   -0.208978   0
 872   MET   0.0302143   0
 874   ASP   -0.176013   0.263932
 875   TYR   -0.103912   0.496561
 877   LYS   -0.0282038   -0.121414
1041   TYR   -0.0311166   0.112952
1081   TYR   -0.00194201   0.137967
1088   TYR   -0.021287   0.187081
1091   TYR   -0.0152828   0.106307
SITE:  ASP- 874
 406   GLU   -0.0452087   0.1191
 411   ARG   -0.232496   -0.792257
 592   LYS   0.00166544   -0.134363
 595   LYS   0.058991   -0.102385
 601   ILE   0.0947907   0
 602   SER   -0.402132   0
 603   PHE   0.157114   0
 612   GLU   -0.0194959   0.196011
 615   ARG   0.00569003   -0.132827
 868   ASP   0.0948485   0.163225
 869   ASP   -0.020786   0.147744
 870   SER   0.209073   0
 871   TYR   0.418364   0.263932
 872   MET   0.165862   0
 873   VAL   0.00672209   0
 875   TYR   -0.190404   0.305263
 877   LYS   -0.379963   -1.35573
 878   SER   -0.473194   0
 881   GLN   0.117399   0
 882   TYR   -0.0303953   0.303601
SITE:  TYR- 875
 377   PRO   -0.0565893   0
 389   ARG   0.0110843   -0.10494
 392   LYS   -0.015747   -0.256308
 396   ASP   0.024619   0.184194
 403   PHE   0.139133   0
 404   ARG   -0.168727   -0.365447
 405   THR   0.334216   0
 406   GLU   -0.303174   0.820346
 407   GLN   -0.265854   0
 409   ILE   -0.0850503   0
 411   ARG   0.00701415   -0.287146
 451   GLU   -0.0221312   0.106653
 468   CYS   -0.0345866   0.250557
 479   CYS   -0.027749   0.169147
 482   LEU   0.0853426   0
 487   TYR   -0.0185098   0.20068
 545   LEU   0.122954   0
 550   TYR   0.0302004   0.212491
 562   VAL   -0.19811   0
 563   ILE   0.26533   0
 566   PRO   -0.0748433   0
 584   GLU   0.0348628   0.512644
 592   LYS   -0.0139002   -0.143212
 602   SER   0.194301   0
 604   THR   -0.696083   0
 606   GLU   0.20538   0.830618
 607   ARG   -0.056148   -0.251082
 608   SER   -0.359986   0
 610   GLU   -0.0504446   0.216061
 611   ASP   -0.102425   0.181598
 612   GLU   -0.139582   0.295147
 615   ARG   -0.0237728   -0.125508
 616   GLU   -0.0652154   0.105042
 861   ASP   0.0323062   0.173419
 871   TYR   -0.0166094   0.496561
 872   MET   0.263148   0
 874   ASP   -0.0569732   0.305263
 877   LYS   -0.0092664   -0.169347
 878   SER   -0.32714   0
 879   ILE   -0.282154   0
 882   TYR   -0.0887861   0.172053
 883   LEU   -0.235168   0
 884   HIS   -0.0692157   -0.27493
 886   GLY   -0.0184276   0
 887   PRO   -0.152088   0
 888   PRO   0.0645108   0
 890   TYR   -0.0295564   0.363529
 934   ARG   -0.0358637   -0.10281
1013   LYS   0.0104618   -0.106893
1019   TYR   0.0200633   0.110431
1037   TYR   -0.0156427   0.193991
1041   TYR   -0.210564   0.571163
1042   HIS   0.0463166   -0.382881
1042   HID   0.0721176   -0.265985
1042   HIS   -0.30115   -0.31827
1042   HID   0.0470928   -0.388224
1043   THR   0.142739   0
1044   VAL   -0.171707   0
1045   LEU   0.136905   0
1050   ASP   -0.0654213   0.180617
1081   TYR   0.00376627   0.424264
1083   VAL   -0.14517   0
1085   TYR   -0.0485427   0.317747
1088   TYR   -0.0709408   0.532435
1091   TYR   -0.0476136   0.242226
1225   TYR   -0.0221176   0.128894
SITE:  LYS- 877
 411   ARG   0.0221788   -0.457617
 612   GLU   -0.0104035   0.115443
 861   ASP   0.00454784   0.103699
 868   ASP   0.126538   0.220626
 869   ASP   -0.0396798   0.123893
 870   SER   0.145095   0
 871   TYR   0.08677   0.121414
 873   VAL   0.0435569   0
 874   ASP   0.451005   1.35573
 875   TYR   0.11532   0.169347
 878   SER   -0.329044   0
 881   GLN   0.107654   0
 882   TYR   -0.0231393   0.235632
SITE:  TYR- 882
 410   ILE   0.138983   0
 411   ARG   0.280714   -1.70769
 413   PRO   -0.000301585   0
 417   LYS   -0.0269202   -0.100256
 433   PRO   -0.104315   0
 434   PRO   -0.0660175   0
 548   GLY   0.00587307   0
 549   GLY   0.01713   0
 550   TYR   0.0477502   0.149065
 551   ASP   -0.007078   0.14561
 600   THR   0.222354   0
 874   ASP   0.152463   0.303601
 875   TYR   0.104609   0.172053
 877   LYS   0.0171497   -0.235632
 878   SER   0.396621   0
 884   HIS   -0.0168251   -0.253787
SITE:  HIS- 884
 406   GLU   0.0102189   0.12276
 411   ARG   0.00134443   -0.18853
 487   TYR   -0.0105287   0.290692
 516   CYS   0.0125424   0.136768
 518   ARG   0.0296776   -0.121033
 543   PRO   0.154761   0
 544   TRP   0.174577   0
 547   LEU   0.281585   0
 548   GLY   -0.908904   0
 549   GLY   -0.621344   0
 550   TYR   0.782466   1.79047
 551   ASP   -0.167173   0.36174
 552   ASP   -0.0995519   0.50553
 555   TYR   0.0476243   0.424526
 558   ALA   -0.223812   0
 606   GLU   0.0213964   0.112896
 875   TYR   0.0664056   0.27493
 878   SER   0.164981   0
 879   ILE   0.209405   0
 882   TYR   1.22604   0.253787
 883   LEU   -0.282378   0
 886   GLY   0.0840047   0
 890   TYR   -0.00573796   0.129025
 930   ASP   0.0669995   0.291841
 934   ARG   -0.050457   -0.174284
1041   TYR   -0.0547232   0.263425
1042   HIS   0.109074   -0.226038
1042   HID   -0.263016   -0.553687
1042   HIS   0.117321   -0.195507
1042   HID   -0.0113655   -0.154702
1050   ASP   0.00267481   0.154302
1085   TYR   -0.0170566   0.122708
1088   TYR   -0.0110929   0.103417
SITE:  TYR- 890
 389   ARG   0.0303768   -0.109661
 391   GLU   -0.00258289   0.20376
 392   LYS   0.0574099   -0.337041
 393   GLU   0.0305802   0.114935
 394   TYR   -0.000945235   0.118571
 396   ASP   -0.00224409   0.416948
 398   HID   -0.0676841   -0.177198
 400   GLY   0.343122   0
 401   PRO   0.107974   0
 402   PHE   -0.71011   0
 404   ARG   0.108577   -0.288692
 406   GLU   0.0655106   0.325607
 468   CYS   -0.0943382   0.291858
 471   PRO   -0.0871086   0
 479   CYS   -0.0998358   0.22317
 487   TYR   -0.0262831   0.227629
 516   CYS   0.020352   0.11063
 533   CYS   0.0295835   0.105229
 538   GLY   0.102761   0
 540   PRO   0.1711   0
 550   TYR   0.00564483   0.14269
 555   TYR   0.0129476   0.106448
 566   PRO   -0.127032   0
 567   VAL   0.125979   0
 568   ASN   -0.23867   0
 570   TYR   0.00584544   0.18765
 584   GLU   -0.00475772   0.214067
 606   GLU   0.0427233   0.393504
 610   GLU   -0.021225   0.102474
 875   TYR   -0.00186697   0.363529
 884   HIS   -0.0258438   -0.129025
 886   GLY   0.0794575   0
 887   PRO   -0.0749457   0
 888   PRO   -0.407784   0
 889   VAL   0.137066   0
 894   GLU   -0.0136483   0.101925
 899   TYR   0.00801728   0.24075
 930   ASP   0.02102   0.102453
 939   PRO   0.135355   0
 940   SER   0.129439   0
 944   ASP   -0.00987054   0.163915
 945   ASP   -0.0315763   0.227986
1005   ASP   0.0366294   0.105501
1013   LYS   0.0413533   -0.395187
1016   HID   -0.0247134   -0.234426
1016   HIS   0.0162633   -0.209135
1016   HID   0.00469802   -0.313355
1016   HIS   -0.00311589   -0.209248
1016   HID   0.080951   -0.143758
1016   HIS   0.0424851   -0.398436
1016   HID   0.0147392   -0.230525
1019   TYR   0.0909903   0.452462
1021   SER   -0.248201   0
1037   TYR   -0.0520801   1.46534
1039   MET   -0.602751   0
1040   THR   0.35832   0
1041   TYR   0.0289255   1.11479
1042   HIS   0.0338389   -0.556745
1042   HID   0.14914   -0.320397
1042   HIS   -0.307798   -0.483896
1042   HID   -0.0384569   -0.515426
1059   ARG   0.0623136   -0.185682
1077   ARG   0.0285429   -0.106711
1080   PRO   -0.127346   0
1081   TYR   0.0610916   0.855674
1082   SER   -0.327058   0
1085   TYR   -0.0837012   0.569432
1088   TYR   -0.0503831   0.198059
1089   GLU   -0.0565963   0.100534
1091   TYR   -0.0232948   0.102446
SITE:  GLU- 894
 387   GLN   0.195386   0
 391   GLU   0.160921   0.628201
 393   GLU   -0.0490072   0.121505
 394   TYR   0.113483   0.849811
 396   ASP   -0.043127   0.114065
 398   HID   -0.0456949   -0.315375
 890   TYR   0.0208844   0.101925
 892   VAL   0.0912022   0
 893   LEU   -0.206064   0
 895   GLU   -0.0734143   0.556547
 897   HIS   0.0201272   -0.340412
 898   ASP   -0.0281238   0.112497
 899   TYR   -0.030464   0.521354
1032   ARG   0.00433153   -0.182383
1035   ALA   -0.175997   0
1036   THR   0.121293   0
1037   TYR   -0.0245244   0.12102
1042   HID   -0.0142094   -0.11216
1059   ARG   0.0885933   -0.221641
1076   TYR   -1.14341   0.426891
1077   ARG   -0.0297261   -0.748304
1078   VAL   -0.0565648   0
1080   PRO   0.0153964   0
1081   TYR   0.00414135   0.132494
1085   TYR   -0.0151573   0.157083
1089   GLU   -0.0173432   0.10372
SITE:  GLU- 895
 391   GLU   0.0378234   0.1401
 394   TYR   0.0993209   0.717684
 398   HID   -0.00856334   -0.393042
 894   GLU   -0.302498   0.556547
 896   GLY   -0.621061   0
 897   HIS   0.222722   -0.385594
 898   ASP   0.0071102   0.236522
 899   TYR   0.02136   0.642703
1029   HIS   -0.0305839   -0.153009
1029   HID   0.0208686   -0.132656
1029   HID   0.0264606   -0.219433
1029   HIS   0.0151188   -0.142897
1029   HID   0.00823014   -0.103899
1029   HIS   -0.0229034   -0.101187
1029   HID   -0.0515854   -0.194555
1029   HID   -0.0137595   -0.102697
1032   ARG   0.31279   -1.58708
1033   VAL   0.404446   0
1034   GLY   -0.0612026   0
1076   TYR   -0.0972106   0.377528
1077   ARG   0.0271822   -0.135319
SITE:  HIS- 897
 391   GLU   0.0171505   0.112429
 394   TYR   0.0314038   0.195412
 398   HID   -0.0117248   -0.111327
 893   LEU   -0.162202   0
 894   GLU   0.37799   0.340412
 895   GLU   -0.200274   0.385594
 896   GLY   -0.293771   0
 898   ASP   -1.01918   0.896788
 899   TYR   -0.557152   1.66523
 901   SER   0.282846   0
 902   SER   0.213382   0
 903   LYS   0.234801   -0.361048
 904   GLY   1.66416   0
 905   GLN   0.247433   0
 907   MET   -0.164586   0
 908   VAL   -0.283107   0
 909   CYS   -0.103358   0.476018
 914   CYS   -0.187717   0.311435
 917   ASP   0.108711   0.24248
 918   SER   -0.212332   0
 919   LEU   -0.199325   0
 944   ASP   0.0832185   0.291395
 946   TYR   -0.0726161   0.218778
 989   ARG   -0.00406096   -0.193222
1016   HID   -0.00585885   -0.128053
1019   TYR   0.024916   0.119958
1029   HIS   -0.0249846   -0.123704
1029   HID   -0.0384597   -0.127203
1032   ARG   -0.152539   -0.267325
1033   VAL   0.0702132   0
1034   GLY   0.304246   0
1037   TYR   0.0027304   0.128488
1065   VAL   0.0530964   0
1066   THR   0.17375   0
1069   MET   0.397154   0
1076   TYR   -1.63317   3.32487
1077   ARG   -0.0818114   -0.160192
SITE:  ASP- 898
 894   GLU   0.109187   0.112497
 895   GLU   -0.0470662   0.236522
 897   HIS   0.230409   -0.896788
 899   TYR   -0.510543   0.523515
 900   THR   -0.648656   0
 901   SER   -0.618108   0
 903   LYS   -0.0939201   -0.31138
 904   GLY   -0.267542   0
 905   GLN   -0.172855   0
 909   CYS   -0.0401264   0.182433
 914   CYS   -0.0583456   0.111111
 946   TYR   -0.0376178   0.196444
 989   ARG   -0.000217676   -0.115242
 991   GLN   0.19013   0
1029   HIS   -0.0705628   -0.329246
1029   HID   0.0491979   -0.110986
1029   HID   0.00728435   -0.136536
1029   HID   -0.114602   -0.318523
1029   HID   -0.00386854   -0.115367
1032   ARG   -0.294528   -0.32345
1034   GLY   0.133877   0
1076   TYR   -0.0192539   0.530999
SITE:  TYR- 899
 391   GLU   0.0461562   0.198282
 394   TYR   0.0877424   0.397141
 396   ASP   -0.022428   0.105367
 398   HID   -0.0379501   -0.276976
 890   TYR   -0.0752089   0.24075
 891   PHE   0.286772   0
 892   VAL   -0.270596   0
 893   LEU   -0.0494945   0
 894   GLU   0.665004   0.521354
 895   GLU   -0.541676   0.642703
 896   GLY   -0.503625   0
 897   HIS   -0.113993   -1.66523
 898   ASP   -0.151257   0.523515
 901   SER   0.153903   0
 903   LYS   0.0723104   -0.137199
 904   GLY   0.311502   0
 905   GLN   -0.0190618   0
 908   VAL   -0.271181   0
 909   CYS   -0.12511   0.584568
 914   CYS   -0.137174   0.317061
 917   ASP   0.0631687   0.154232
 919   LEU   -0.258988   0
 939   PRO   0.0629734   0
 941   SER   -0.369406   0
 942   TRP   -0.664392   0
 943   ILE   -0.239946   0
 944   ASP   0.134797   0.561396
 945   ASP   -0.151242   0.243398
 946   TYR   -0.168149   0.482939
 948   ASP   -0.0452289   0.128844
 957   CYS   -0.00447552   0.107326
 989   ARG   -0.0440099   -0.227617
 990   PRO   0.0957747   0
1005   ASP   0.00178134   0.112633
1013   LYS   -0.00570817   -0.188132
1016   HID   0.00171182   -0.150777
1016   HIS   0.0366734   -0.155326
1016   HID   -0.00504002   -0.42274
1016   HIS   0.00724953   -0.114389
1016   HIS   -0.10342   -0.218008
1016   HID   0.0943548   -0.180783
1019   TYR   0.10501   0.34476
1022   ALA   0.415728   0
1023   VAL   -0.343984   0
1024   ASN   -0.0564464   0
1029   HIS   -0.0120523   -0.11989
1029   HID   0.0132434   -0.104352
1029   HID   0.0450245   -0.139298
1029   HID   -0.0381957   -0.142126
1029   HID   -0.0213636   -0.158837
1032   ARG   -0.198681   -0.366893
1033   VAL   -0.0285063   0
1034   GLY   1.07833   0
1035   ALA   -0.463226   0
1036   THR   -1.00086   0
1037   TYR   0.129385   0.411033
1038   PHE   -0.139914   0
1041   TYR   0.0227868   0.15715
1042   HIS   -0.00117441   -0.143932
1042   HIS   -0.0231999   -0.160947
1042   HID   -0.024543   -0.138482
1059   ARG   0.0674321   -0.121766
1076   TYR   -0.217424   0.786957
1077   ARG   0.00104473   -0.210633
1078   VAL   -0.228496   0
1079   PHE   0.165474   0
1081   TYR   0.0248202   0.140288
1085   TYR   -0.0163502   0.189924
SITE:  LYS- 903
 897   HIS   -0.074376   -0.361048
 898   ASP   -0.111237   0.31138
 899   TYR   -0.0428618   0.137199
 901   SER   0.201374   0
 904   GLY   -0.239826   0
 909   CYS   -0.0169208   0.132185
 914   CYS   -0.0666722   0.11955
 917   ASP   0.0395308   0.118706
 989   ARG   0.0223984   -0.100866
1076   TYR   0.0295046   0.319638
SITE:  CYS- 909
  96   ARG   0.0497518   -0.130779
  97   CYS   -0.0304235   0.10462
 232   ASP   0.0161698   0.14008
 233   GLU   0.0679446   0.214492
 234   VAL   0.0911135   0
 238   CYS   -0.00427293   0.124551
 242   ASP   0.00175135   0.106794
 897   HIS   -0.0651011   -0.476018
 898   ASP   -0.0685856   0.182433
 899   TYR   0.0938916   0.584568
 901   SER   0.198181   0
 902   SER   0.423978   0
 903   LYS   0.152489   -0.132185
 904   GLY   0.109159   0
 905   GLN   0.57751   0
 906   ASN   0.705136   0
 908   VAL   -0.322882   0
 910   GLY   -0.445382   0
 911   GLY   -0.598179   0
 912   MET   -0.211374   0
 913   GLY   -0.281128   0
 914   CYS   -0.651486   3.5234
 915   ASN   0.256862   0
 917   ASP   -0.0090502   0.22061
 918   SER   -0.199944   0
 920   VAL   -0.234608   0
 939   PRO   -0.0333217   0
 943   ILE   -0.152371   0
 944   ASP   0.613848   1.67175
 945   ASP   -0.105121   0.36007
 946   TYR   -0.146293   0.438727
 947   PHE   -0.257148   0
 948   ASP   -0.110739   0.415154
 951   LYS   -0.086345   -0.277747
 956   CYS   -0.0398124   0.120041
 957   CYS   0.0131822   0.163564
 979   CYS   -0.0324154   0.111167
 980   ARG   -0.0684927   -0.17239
 987   LYS   0.0988646   -0.121633
 989   ARG   -0.124267   -1.70081
 990   PRO   0.138738   0
1005   ASP   0.00364303   0.109184
1011   CYS   0.0181027   0.125532
1013   LYS   -0.0241113   -0.187575
1016   HID   -0.00129555   -0.154889
1016   HID   0.0634562   -0.16947
1019   TYR   -0.00702159   0.288464
1037   TYR   0.0136406   0.132431
1076   TYR   -0.0357165   0.173967
SITE:  CYS- 914
  96   ARG   0.0436933   -0.103507
 232   ASP   0.0148044   0.112172
 233   GLU   0.0767765   0.202313
 238   CYS   0.0149925   0.115527
 897   HIS   -0.0518516   -0.311435
 898   ASP   -0.0517768   0.111111
 899   TYR   0.0424178   0.317061
 902   SER   0.291105   0
 903   LYS   0.140181   -0.11955
 904   GLY   0.0705996   0
 905   GLN   0.282645   0
 906   ASN   0.762542   0
 908   VAL   -0.164888   0
 909   CYS   0.480968   3.5234
 910   GLY   -0.298539   0
 911   GLY   -1.08019   0
 913   GLY   -0.274033   0
 915   ASN   0.50785   0
 917   ASP   -0.0384544   0.312901
 918   SER   -0.254772   0
 920   VAL   -0.199221   0
 922   GLN   -0.162601   0
 944   ASP   0.208113   0.781621
 945   ASP   -0.0345605   0.214957
 946   TYR   -0.063294   0.218614
 948   ASP   -0.034798   0.260226
 951   LYS   -0.0405189   -0.190413
 980   ARG   -0.0444787   -0.104232
 989   ARG   -0.162433   -1.09843
 990   PRO   0.0724864   0
1013   LYS   -0.0125894   -0.12048
1016   HID   0.0308852   -0.102116
1019   TYR   -0.00499341   0.169551
1076   TYR   -0.0180129   0.125551
SITE:  ASP- 917
 897   HIS   -0.0379008   -0.24248
 899   TYR   -0.0232746   0.154232
 903   LYS   0.0807497   -0.118706
 906   ASN   0.119452   0
 907   MET   0.150766   0
 909   CYS   0.0750502   0.22061
 914   CYS   -0.176454   0.312901
 915   ASN   -0.750732   0
 916   ASN   0.356008   0
 918   SER   -0.257302   0
 921   GLN   -0.18421   0
 922   GLN   -0.66613   0
 944   ASP   0.021394   0.131519
1065   VAL   0.0729566   0
1067   GLU   -0.0716264   0.178881
1068   THR   -0.541586   0
1076   TYR   -0.0159535   0.166531
SITE:  ASP- 930
 240   CYS   -0.00253588   0.119216
 250   LYS   -0.0753976   -0.19562
 251   PRO   0.110119   0
 487   TYR   -0.00400797   0.114901
 518   ARG   0.0584514   -0.138716
 550   TYR   -0.0199762   0.407558
 552   ASP   0.0390223   0.311211
 555   TYR   0.00307153   0.30219
 884   HIS   0.10984   -0.291841
 887   PRO   0.0993848   0
 890   TYR   -0.00070513   0.102453
 923   ILE   0.115764   0
 926   ALA   0.351688   0
 927   ALA   0.437204   0
 929   LEU   -0.214019   0
 931   ASN   -0.304066   0
 933   THR   0.453865   0
 934   ARG   -0.256544   -0.429155
 935   ILE   0.539353   0
 936   GLY   -0.125674   0
 937   PHE   0.203434   0
1041   TYR   0.163395   0.16443
1042   HIS   -0.0865861   -0.517736
1042   HID   0.0233385   -0.710406
1042   HIS   0.516632   -0.557144
1042   HID   -0.0962004   -0.31025
1043   THR   -0.325675   0
1044   VAL   0.10396   0
1050   ASP   0.043899   0.229928
1053   ASP   -0.0369455   0.14384
1057   LYS   -0.0609606   -0.19534
1085   TYR   -0.0217444   0.244763
SITE:  TYR- 932
 253   PRO   -0.152289   0
 254   PRO   0.17318   0
 934   ARG   -0.00471264   -0.111488
1042   HIS   -0.0218908   -0.127396
1042   HIS   -0.00579983   -0.167671
1042   HID   0.0107874   -0.10917
1053   ASP   0.0368187   0.18077
1056   LYS   0.00299985   -0.18155
1057   LYS   0.0528767   -0.646302
1067   GLU   -0.0318588   0.100409
1085   TYR   0.00633167   0.12062
SITE:  ARG- 934
 550   TYR   0.0227282   0.134141
 552   ASP   0.0186989   0.13098
 857   ASP   -0.0280276   0.106226
 861   ASP   0.00541054   0.103558
 875   TYR   0.00765817   0.10281
 884   HIS   0.0502988   -0.174284
 930   ASP   0.259295   0.429155
 931   ASN   0.46328   0
 932   TYR   -0.00978924   0.111488
 933   THR   -0.217522   0
1042   HIS   -0.114398   -0.465698
1042   HID   0.217704   -0.435316
1042   HIS   0.0912674   -0.432444
1042   HID   -0.043616   -0.337681
1043   THR   -0.151065   0
1044   VAL   0.476884   0
1046   GLN   -0.330282   0
1050   ASP   0.536391   1.81692
1053   ASP   -0.217372   0.52446
1056   LYS   -0.0669438   -0.115603
1057   LYS   -0.102646   -0.421018
1085   TYR   -0.0162953   0.264833
1088   TYR   0.00544182   0.144929
SITE:  ASP- 944
  96   ARG   0.10116   -0.22998
  97   CYS   -0.0484278   0.153647
 100   CYS   -0.0195991   0.103234
 164   GLU   0.0180777   0.103377
 232   ASP   0.0125152   0.13078
 233   GLU   -0.00725592   0.111177
 234   VAL   0.111249   0
 237   PRO   0.0929254   0
 238   CYS   -0.0205612   0.174271
 240   CYS   -0.0384653   0.105636
 242   ASP   0.00375404   0.179893
 487   TYR   -0.00753448   0.117619
 515   TYR   0.0255277   0.129885
 518   ARG   0.0537497   -0.130472
 555   TYR   -0.000566683   0.120407
 890   TYR   -0.0426761   0.163915
 897   HIS   -0.0339187   -0.291395
 899   TYR   0.0486664   0.561396
 905   GLN   0.0983123   0
 906   ASN   0.160885   0
 908   VAL   0.172414   0
 909   CYS   -0.756606   1.67175
 910   GLY   -0.671954   0
 911   GLY   -0.0749801   0
 914   CYS   -0.174834   0.781621
 917   ASP   0.0020176   0.131519
 920   VAL   -0.271004   0
 939   PRO   -0.0761538   0
 941   SER   -0.32518   0
 943   ILE   -0.473745   0
 945   ASP   -0.761656   0.917957
 946   TYR   -0.310462   0.461544
 947   PHE   -0.300617   0
 948   ASP   -0.262248   0.610831
 951   LYS   -0.0565045   -0.38574
 956   CYS   -0.0566654   0.186928
 957   CYS   0.00735676   0.20383
 979   CYS   -0.0347132   0.123327
 980   ARG   -0.0576188   -0.130494
 987   LYS   0.109425   -0.117802
 989   ARG   -0.248185   -0.596365
 990   PRO   0.0646015   0
1005   ASP   0.01298   0.178414
1011   CYS   0.0347058   0.217136
1013   LYS   -0.0410819   -0.403242
1016   HID   0.0220025   -0.102455
1016   HIS   0.0483451   -0.122514
1016   HID   0.0101848   -0.252869
1016   HIS   -0.121429   -0.158523
1016   HID   0.114347   -0.329185
1019   TYR   -0.0347837   0.665743
1037   TYR   0.0380005   0.246854
1041   TYR   0.0338557   0.173323
1042   HIS   0.0153384   -0.113758
1042   HIS   -0.0159486   -0.131817
1076   TYR   -0.0270765   0.119914
1085   TYR   -0.00692513   0.106036
SITE:  ASP- 945
  96   ARG   0.106802   -0.316557
  97   CYS   -0.0412558   0.160416
 100   CYS   -0.0190843   0.115842
 164   GLU   0.0266128   0.134057
 238   CYS   -0.0338998   0.16021
 242   ASP   0.0199923   0.201493
 487   TYR   -0.0163001   0.200974
 515   TYR   0.035502   0.229673
 516   CYS   0.0297597   0.160591
 518   ARG   0.0546828   -0.175471
 520   PRO   -0.00661362   0
 533   CYS   0.0270566   0.162118
 540   PRO   -0.024529   0
 550   TYR   -0.00737814   0.105034
 555   TYR   7.59233e-05   0.157251
 890   TYR   -0.0174992   0.227986
 899   TYR   0.0235401   0.243398
 909   CYS   -0.0529984   0.36007
 914   CYS   -0.0265529   0.214957
 939   PRO   0.0107323   0
 941   SER   0.383926   0
 942   TRP   0.360835   0
 943   ILE   0.0685818   0
 944   ASP   -0.310226   0.917957
 946   TYR   -0.288658   0.398027
 948   ASP   -0.401052   0.72547
 949   TRP   -0.206258   0
 951   LYS   0.00420472   -0.434671
 956   CYS   -0.10903   0.354799
 957   CYS   -0.00418705   0.2686
 958   ARG   0.0357507   -0.100102
 979   CYS   -0.0379714   0.149929
 989   ARG   -0.148741   -0.236358
1005   ASP   0.0424997   0.379644
1011   CYS   0.0771685   0.497196
1013   LYS   -0.128645   -1.69296
1014   GLY   0.204028   0
1015   GLY   0.0206476   0
1016   HID   0.059287   -0.194355
1016   HIS   0.111128   -0.235159
1016   HID   0.0598981   -0.389662
1016   HIS   0.0492939   -0.187767
1016   HID   0.0697955   -0.130398
1016   HIS   -0.33095   -0.286524
1016   HID   0.0549966   -1.01687
1019   TYR   -1.38577   2.98411
1037   TYR   0.0486668   0.325818
1041   TYR   0.0199063   0.278707
1042   HIS   0.0245636   -0.10486
1042   HIS   -0.0353255   -0.110024
SITE:  TYR- 946
 232   ASP   -0.000747976   0.101924
 897   HIS   0.00450804   -0.218778
 898   ASP   0.062055   0.196444
 899   TYR   0.213692   0.482939
 905   GLN   -0.418852   0
 909   CYS   -0.0550842   0.438727
 914   CYS   -0.0440858   0.218614
 942   TRP   0.274366   0
 943   ILE   0.252682   0
 944   ASP   0.185256   0.461544
 945   ASP   -0.163299   0.398027
 948   ASP   -0.108545   0.36637
 949   TRP   -0.124165   0
 950   VAL   -0.372964   0
 951   LYS   0.0209114   -0.28618
 952   PRO   -0.0381569   0
 956   CYS   -0.154787   0.311254
 957   CYS   -0.0249264   0.988839
 958   ARG   0.0816933   -0.176168
 964   ASP   0.0139304   0.14751
 967   CYS   0.0588956   0.108788
 978   ARG   -0.186112   -0.087305
 979   CYS   -0.241428   0.865794
 980   ARG   -0.120426   -0.634045
 981   PRO   0.0919109   0
 985   GLU   0.0804407   0.136264
 986   GLY   0.146527   0
 987   LYS   0.129774   -0.145624
 988   GLN   0.171762   0
 989   ARG   -0.467326   -0.410968
 990   PRO   0.107513   0
 992   GLY   0.497436   0
 993   GLY   0.232216   0
 994   ASP   0.483974   0.665057
 995   PHE   2.42174   0
 996   MET   0.00069046   0
 997   ARG   -0.572098   -0.329592
 998   PHE   -1.26108   0
 999   LEU   -0.192826   0
1000   PRO   0.0314542   0
1001   MET   -0.541024   0
1002   PHE   -0.383186   0
1005   ASP   -0.0872139   0.514861
1011   CYS   0.00370369   0.299238
1013   LYS   -0.0186503   -0.230273
1015   GLY   -0.0576895   0
1016   HID   0.050681   -0.23258
1016   HIS   0.0616315   -0.290367
1016   HID   -0.0655706   -0.581575
1016   HIS   0.0546036   -0.191886
1016   HID   0.0649754   -0.138537
1016   HIS   -0.318876   -0.211224
1016   HID   0.191803   -0.396405
1019   TYR   -0.0445186   0.328374
1029   HIS   0.00255546   -0.104389
1029   HID   -0.00251422   -0.113941
1029   HID   0.0562639   -0.100641
1029   HID   -0.033906   -0.116116
1029   HID   -0.0432098   -0.312054
1031   THR   0.112655   0
1032   ARG   -0.0594785   -0.11674
1034   GLY   0.108589   0
1037   TYR   0.0459904   0.152772
SITE:  ASP- 948
  61   GLU   0.0268162   0.158576
  84   LYS   0.0208836   -0.146086
  96   ARG   0.115819   -0.343876
  97   CYS   -0.0756956   0.251875
  98   PRO   -0.0725038   0
 100   CYS   -0.0309108   0.183584
 160   CYS   0.00838264   0.113627
 164   GLU   0.0288533   0.133849
 232   ASP   0.0126432   0.214083
 233   GLU   -0.0296422   0.117337
 234   VAL   0.117606   0
 237   PRO   0.124634   0
 238   CYS   -0.0580442   0.261383
 242   ASP   0.0179786   0.249967
 487   TYR   -0.00492052   0.119261
 515   TYR   0.0378932   0.241542
 516   CYS   0.0157037   0.120237
 518   ARG   0.044231   -0.148965
 533   CYS   0.0146722   0.12172
 555   TYR   -0.00306612   0.111667
 899   TYR   0.0275725   0.128844
 909   CYS   -0.0200878   0.415154
 911   GLY   -0.125952   0
 914   CYS   -0.0169611   0.260226
 943   ILE   0.117349   0
 944   ASP   0.253767   0.610831
 945   ASP   0.203496   0.72547
 946   TYR   0.132462   0.36637
 949   TRP   -0.258118   0
 950   VAL   -0.131828   0
 951   LYS   -0.32134   -1.92734
 952   PRO   -0.0283625   0
 956   CYS   -0.145449   0.459458
 957   CYS   0.027924   0.369304
 958   ARG   0.0497806   -0.138734
 979   CYS   -0.0580161   0.187953
 980   ARG   -0.095981   -0.163954
 987   LYS   0.160114   -0.218969
 989   ARG   -0.276792   -0.423543
 990   PRO   0.0163647   0
1005   ASP   0.0263386   0.276453
1011   CYS   0.0927654   0.487483
1013   LYS   -0.0945923   -0.409308
1016   HID   0.0125382   -0.149408
1016   HIS   -0.12609   -0.104375
1016   HID   0.0963064   -0.452329
1019   TYR   -0.0718186   0.420478
1037   TYR   0.0147633   0.112728
1041   TYR   0.0122567   0.111402
SITE:  LYS- 951
  57   ASP   0.0255903   0.103975
  61   GLU   0.0161536   0.256251
  63   CYS   -0.0353822   0.14421
  84   LYS   0.0261502   -0.225518
  96   ARG   0.0976983   -0.322659
  97   CYS   -0.086057   0.284423
  98   PRO   -0.0765009   0
 100   CYS   -0.04067   0.241796
 102   TYR   -0.0125997   0.15185
 109   CYS   -0.0206912   0.124718
 160   CYS   0.0066001   0.144923
 164   GLU   0.030067   0.120546
 232   ASP   0.00253561   0.284995
 233   GLU   -0.0366169   0.125393
 234   VAL   0.0532273   0
 237   PRO   0.101561   0
 238   CYS   -0.0495388   0.279079
 242   ASP   0.0205868   0.24105
 515   TYR   0.0300607   0.237688
 516   CYS   0.0105157   0.105018
 518   ARG   0.0244032   -0.121352
 533   CYS   0.0108581   0.109848
 909   CYS   -0.008223   0.277747
 914   CYS   -0.00182929   0.190413
 944   ASP   0.0599793   0.38574
 945   ASP   0.0761355   0.434671
 946   TYR   0.12354   0.28618
 948   ASP   0.969782   1.92734
 950   VAL   0.0234866   0
 952   PRO   -0.253152   0
 954   SER   -0.253248   0
 956   CYS   -0.147551   0.503392
 957   CYS   0.0870858   0.476321
 958   ARG   0.0573114   -0.190196
 978   ARG   -0.1587   -0.102803
 979   CYS   -0.0847827   0.236308
 980   ARG   -0.0920928   -0.189714
 987   LYS   0.155699   -0.318338
 989   ARG   -0.200478   -0.353519
 990   PRO   0.00310395   0
1005   ASP   0.0211996   0.232171
1011   CYS   0.093497   0.44892
1013   LYS   -0.0733613   -0.282834
1016   HID   0.00949197   -0.101989
1016   HID   0.0674295   -0.324411
1019   TYR   -0.0477175   0.272416
SITE:  CYS- 956
  57   ASP   0.00312776   0.150995
  61   GLU   0.02734   0.29277
  84   LYS   0.0258212   -0.294268
  96   ARG   0.034847   -0.189678
  97   CYS   -0.0229361   0.129358
 100   CYS   -0.0127711   0.12256
 232   ASP   0.00709582   0.11657
 238   CYS   -0.0179323   0.110065
 242   ASP   0.0123186   0.117924
 475   TYR   -0.0164156   0.115029
 515   TYR   0.0123623   0.211042
 533   CYS   0.00717501   0.112612
 909   CYS   -0.00744183   0.120041
 944   ASP   0.0283595   0.186928
 945   ASP   0.0834988   0.354799
 946   TYR   0.157112   0.311254
 948   ASP   0.111647   0.459458
 949   TRP   0.470608   0
 950   VAL   0.0325938   0
 951   LYS   0.340206   -0.503392
 952   PRO   0.0801766   0
 954   SER   0.834107   0
 955   SER   -0.170167   0
 957   CYS   -0.139221   1.18884
 958   ARG   0.302195   -0.742979
 967   CYS   0.162094   0.205895
 968   ASN   0.123205   0
 973   ASP   0.0312675   0.255134
 976   CYS   -0.00624602   0.206404
 978   ARG   -0.281364   -0.171718
 979   CYS   -0.0730539   0.487574
 980   ARG   -0.0189412   -0.143479
 987   LYS   0.0462513   -0.167371
 989   ARG   -0.0894919   -0.12398
1005   ASP   0.211298   1.00734
1010   LYS   -0.0349466   -0.280082
1011   CYS   -0.940546   2.98875
1012   GLY   0.0831637   0
1013   LYS   -0.0912192   -0.314368
1014   GLY   -0.157406   0
1016   HID   0.0570702   -0.10894
1016   HIS   0.049323   -0.14566
1016   HID   0.0181815   -0.154408
1016   HIS   0.0731072   -0.134733
1016   HID   0.00544358   -0.11089
1016   HIS   -0.175163   -0.128046
1016   HID   0.16988   -0.54348
1019   TYR   -0.0691402   0.248601
SITE:  CYS- 957
  57   ASP   0.0154635   0.193114
  61   GLU   0.00494111   0.218078
  84   LYS   0.0072318   -0.177495
 232   ASP   0.00591806   0.129166
 899   TYR   0.0385868   0.107326
 909   CYS   -0.0128448   0.163564
 944   ASP   0.0692762   0.20383
 945   ASP   0.0416314   0.2686
 946   TYR   0.43357   0.988839
 947   PHE   0.192141   0
 948   ASP   0.0496833   0.369304
 949   TRP   1.4738   0
 950   VAL   0.352163   0
 951   LYS   0.599664   -0.476321
 952   PRO   0.0555619   0
 954   SER   -0.312755   0
 955   SER   -0.531195   0
 956   CYS   -0.562656   1.18884
 958   ARG   0.589547   -1.17181
 959   VAL   0.120736   0
 960   ASP   0.0067312   0.156753
 964   ASP   -0.0231206   0.182621
 966   PHE   -0.441392   0
 967   CYS   0.36194   0.398208
 973   ASP   0.00470646   0.229384
 976   CYS   -0.129792   0.385789
 977   VAL   0.24922   0
 978   ARG   -1.23268   -0.337102
 979   CYS   -0.516212   3.46435
 980   ARG   -0.0115901   -0.59199
 981   PRO   0.149304   0
 985   GLU   0.0517046   0.117557
 986   GLY   0.15672   0
 987   LYS   0.136307   -0.236781
 988   GLN   0.170608   0
 989   ARG   -0.184714   -0.212315
 990   PRO   -0.0550534   0
 994   ASP   -0.00938384   0.258122
 995   PHE   0.144447   0
 997   ARG   -0.0987729   -0.208983
 999   LEU   0.148362   0
1001   MET   -0.383822   0
1005   ASP   0.0760314   0.977226
1010   LYS   -0.0202206   -0.113807
1011   CYS   -0.052689   0.716821
1013   LYS   -0.0322624   -0.194733
1014   GLY   -0.149006   0
1016   HID   0.0607642   -0.143882
1016   HIS   0.0415596   -0.197481
1016   HID   -0.00235986   -0.231947
1016   HIS   0.0676855   -0.15252
1016   HID   0.0183688   -0.127208
1016   HIS   -0.203346   -0.135217
1016   HID   0.17765   -0.380732
1019   TYR   -0.0593346   0.19183
SITE:  ARG- 958
  57   ASP   -0.0161556   0.316681
  61   GLU   0.0166599   0.367612
  84   LYS   0.0101917   -0.335446
 945   ASP   0.0180682   0.100102
 946   TYR   0.0658846   0.176168
 948   ASP   0.0282124   0.138734
 949   TRP   0.156785   0
 951   LYS   0.135303   -0.190196
 952   PRO   0.13223   0
 955   SER   1.19393   0
 956   CYS   0.321966   0.742979
 957   CYS   -0.0921662   1.17181
 959   VAL   0.0672132   0
 960   ASP   -0.0238406   0.166697
 966   PHE   -0.163809   0
 967   CYS   0.0669102   0.492915
 968   ASN   0.470472   0
 973   ASP   0.133327   0.823906
 976   CYS   -0.0370306   0.811755
 977   VAL   0.168245   0
 978   ARG   -0.426944   -0.451739
 979   CYS   0.00300226   0.847028
 980   ARG   0.0280189   -0.139181
 987   LYS   0.0226918   -0.144812
1005   ASP   0.0209644   0.381107
1010   LYS   -0.0384265   -0.212291
1011   CYS   -0.0668068   0.442553
1016   HID   0.0467116   -0.142313
SITE:  ASP- 960
 957   CYS   -0.0444992   0.156753
 958   ARG   -0.168378   -0.166697
 959   VAL   -0.19626   0
 961   ASN   -0.613056   0
 962   ILE   -0.551682   0
 963   THR   -0.658699   0
 964   ASP   -0.424144   0.307862
 965   GLN   0.221789   0
 967   CYS   0.0414126   0.787571
 973   ASP   -0.101864   0.134065
 974   PRO   -0.170904   0
 976   CYS   -0.446204   0.738787
 977   VAL   0.11631   0
 978   ARG   0.027358   -0.100577
 979   CYS   0.0176476   0.257379
 997   ARG   0.0418464   -0.138681
SITE:  ASP- 964
 946   TYR   0.0134622   0.14751
 957   CYS   -0.0325042   0.182621
 959   VAL   -0.155496   0
 960   ASP   0.30224   0.307862
 961   ASN   0.182482   0
 963   THR   -0.295801   0
 967   CYS   0.0178868   0.158032
 976   CYS   -0.102418   0.143533
 979   CYS   0.019215   0.377007
 980   ARG   0.0310994   -0.156518
 994   ASP   0.0138627   0.196907
 997   ARG   0.611937   -1.36745
1029   HID   -0.0147534   -0.14325
SITE:  CYS- 967
 946   TYR   0.0213195   0.108788
 956   CYS   0.182868   0.205895
 957   CYS   -0.241478   0.398208
 958   ARG   -0.254456   -0.492915
 959   VAL   -0.110428   0
 960   ASP   -0.29714   0.787571
 964   ASP   -0.156671   0.158032
 965   GLN   0.428754   0
 966   PHE   -0.266822   0
 968   ASN   0.43162   0
 971   VAL   -0.238558   0
 973   ASP   -0.277411   0.421434
 974   PRO   -0.215382   0
 975   ALA   -0.233458   0
 976   CYS   -0.0527879   2.29922
 977   VAL   0.27104   0
 978   ARG   -0.0440229   -0.138956
 979   CYS   0.0288664   0.44991
 997   ARG   0.034438   -0.105691
1005   ASP   -0.026118   0.288548
1011   CYS   -0.0325332   0.163216
1016   HID   -0.0591883   -0.138291
SITE:  ASP- 973
  54   ASP   0.0245464   0.102617
  57   ASP   -0.0207759   0.216346
  61   GLU   0.00814552   0.22504
  84   LYS   -0.00358703   -0.231454
 956   CYS   0.0972416   0.255134
 957   CYS   0.0047296   0.229384
 958   ARG   -0.405501   -0.823906
 960   ASP   -0.0373288   0.134065
 967   CYS   -0.112892   0.421434
 968   ASN   0.35881   0
 971   VAL   -0.0154993   0
 974   PRO   -0.210934   0
 976   CYS   0.229642   1.00945
 978   ARG   -0.0837646   -0.243033
 979   CYS   -0.000335602   0.187915
1005   ASP   0.00689972   0.141493
1010   LYS   -0.0382878   -0.20593
1011   CYS   -0.0393402   0.17703
SITE:  CYS- 976
  57   ASP   -0.00666854   0.194666
  61   GLU   -0.00719337   0.139864
  84   LYS   -0.00476307   -0.122729
 956   CYS   0.127414   0.206404
 957   CYS   -0.103463   0.385789
 958   ARG   -1.42652   -0.811755
 959   VAL   0.664034   0
 960   ASP   -0.470497   0.738787
 964   ASP   -0.114061   0.143533
 965   GLN   0.216695   0
 966   PHE   -0.167784   0
 967   CYS   -0.82794   2.29922
 968   ASN   0.37303   0
 971   VAL   -0.182285   0
 972   VAL   -0.177008   0
 973   ASP   -1.03655   1.00945
 974   PRO   -0.246551   0
 975   ALA   -0.499094   0
 977   VAL   0.231144   0
 978   ARG   0.0612911   -0.324735
 979   CYS   0.0347244   0.442321
1005   ASP   -0.00856168   0.186461
1011   CYS   -0.0231298   0.146105
SITE:  ARG- 978
  54   ASP   0.0898242   0.162294
  56   TYR   -0.0631688   0.126347
  57   ASP   0.669786   1.72677
  60   GLN   -0.168957   0
  61   GLU   -0.0497376   0.325273
  63   CYS   -0.00765831   0.106702
  84   LYS   -0.00745126   -0.217798
 951   LYS   0.0301586   -0.102803
 952   PRO   0.0698702   0
 956   CYS   0.0111174   0.171718
 957   CYS   0.095274   0.337102
 958   ARG   -0.152373   -0.451739
 960   ASP   -0.0117012   0.100577
 967   CYS   0.00394458   0.138956
 973   ASP   0.00338626   0.243033
 976   CYS   -0.0263646   0.324735
 977   VAL   -0.106727   0
 979   CYS   -0.080585   0.362461
 980   ARG   0.213862   -0.165171
 987   LYS   0.0079316   -0.190369
1011   CYS   -0.00579128   0.108609
SITE:  CYS- 979
  57   ASP   0.0147465   0.152288
  61   GLU   -0.000210291   0.136767
  84   LYS   0.0031712   -0.106699
 909   CYS   -0.00841574   0.111167
 944   ASP   0.0501484   0.123327
 945   ASP   0.0149106   0.149929
 946   TYR   0.247384   0.865794
 948   ASP   0.00470082   0.187953
 949   TRP   0.311164   0
 950   VAL   0.199278   0
 951   LYS   0.152801   -0.236308
 952   PRO   -0.00405732   0
 956   CYS   -0.124418   0.487574
 957   CYS   -0.500566   3.46435
 958   ARG   0.0978852   -0.847028
 959   VAL   0.126084   0
 960   ASP   0.0676554   0.257379
 964   ASP   -0.0934037   0.377007
 965   GLN   0.18072   0
 966   PHE   -0.439934   0
 967   CYS   0.182898   0.44991
 973   ASP   -0.00690344   0.187915
 976   CYS   -0.26072   0.442321
 977   VAL   0.691834   0
 978   ARG   -0.852248   -0.362461
 980   ARG   0.205255   -0.730773
 981   PRO   0.124931   0
 985   GLU   0.0512794   0.134849
 986   GLY   0.0997265   0
 987   LYS   0.0668662   -0.161365
 989   ARG   -0.106082   -0.150158
 990   PRO   -0.0686787   0
 994   ASP   -0.00764346   0.373212
 995   PHE   0.155348   0
 997   ARG   -0.0430721   -0.414261
 998   PHE   -0.399752   0
 999   LEU   0.118715   0
1001   MET   -0.601066   0
1005   ASP   -0.0200708   0.547616
1011   CYS   -0.017244   0.333768
1013   LYS   -0.00887579   -0.107631
1016   HID   0.033191   -0.109618
1016   HIS   0.0265426   -0.147136
1016   HID   -0.0102743   -0.172403
1016   HIS   0.0490377   -0.109969
1016   HID   0.089813   -0.211749
1019   TYR   -0.0321286   0.113994
1029   HID   -0.0118953   -0.126905
SITE:  ARG- 980
 232   ASP   -0.00278214   0.129431
 233   GLU   -0.00657737   0.138761
 909   CYS   -0.00751998   0.17239
 914   CYS   -0.0121246   0.104232
 944   ASP   0.0460738   0.130494
 946   TYR   0.132553   0.634045
 948   ASP   0.00163038   0.163954
 950   VAL   0.130667   0
 951   LYS   -0.0642482   -0.189714
 952   PRO   -0.0861794   0
 956   CYS   -0.0615105   0.143479
 957   CYS   0.0933624   0.59199
 958   ARG   0.00673141   -0.139181
 964   ASP   0.00995601   0.156518
 978   ARG   -0.201282   -0.165171
 979   CYS   -0.283587   0.730773
 981   PRO   -0.0150977   0
 983   THR   0.175399   0
 985   GLU   0.390082   0.628585
 986   GLY   0.48848   0
 987   LYS   0.0995222   -0.247018
 988   GLN   0.898194   0
 989   ARG   -0.0641964   -0.34032
 990   PRO   -0.233326   0
 991   GLN   -0.215708   0
 994   ASP   -0.214344   0.852704
 997   ARG   -0.135392   -0.208448
1005   ASP   -0.00226195   0.120596
1011   CYS   0.000306871   0.102294
SITE:  GLU- 985
 232   ASP   -0.00622786   0.122044
 233   GLU   0.0037425   0.17269
 946   TYR   0.0202362   0.136264
 957   CYS   0.01937   0.117557
 979   CYS   0.00701498   0.134849
 980   ARG   -0.159266   -0.628585
 981   PRO   0.138192   0
 983   THR   0.300736   0
 984   PRO   0.0428273   0
 986   GLY   -0.404186   0
 987   LYS   -0.111842   -0.228899
 989   ARG   0.163722   -0.184542
 991   GLN   -0.19696   0
 994   ASP   -0.0241082   0.286932
SITE:  LYS- 987
  57   ASP   0.104795   0.226788
  60   GLN   1.05794   0
  61   GLU   0.00334491   0.371358
  63   CYS   -0.117648   0.340396
  64   PRO   -0.125846   0
  75   CYS   -0.019255   0.123061
  84   LYS   0.0106047   -0.215497
  97   CYS   -0.0105322   0.130902
 100   CYS   0.00033196   0.15277
 102   TYR   0.042077   0.359502
 109   CYS   -0.0232455   0.254788
 110   GLU   -0.0161095   0.13956
 113   CYS   0.0138868   0.135299
 225   LYS   -0.00958097   -0.132703
 232   ASP   0.0493688   0.718821
 233   GLU   -0.114186   0.27065
 238   CYS   -0.00275513   0.125445
 909   CYS   -0.00125025   0.121633
 944   ASP   0.0316898   0.117802
 946   TYR   0.0447429   0.145624
 948   ASP   0.0414002   0.218969
 951   LYS   -0.122308   -0.318338
 952   PRO   -0.195485   0
 956   CYS   -0.0289759   0.167371
 957   CYS   0.0549676   0.236781
 958   ARG   0.0227907   -0.144812
 978   ARG   -0.158213   -0.190369
 979   CYS   -0.0541258   0.161365
 980   ARG   -0.147016   -0.247018
 981   PRO   0.293944   0
 982   LEU   -0.386738   0
 983   THR   0.628047   0
 984   PRO   0.257721   0
 985   GLU   0.062975   0.228899
 986   GLY   -0.0744404   0
 989   ARG   -0.0315772   -0.223806
1011   CYS   0.0135104   0.12045
SITE:  ARG- 989
  96   ARG   0.039478   -0.106181
 232   ASP   0.0114193   0.228593
 233   GLU   0.154333   0.423131
 234   VAL   0.0462913   0
 238   CYS   -0.000988869   0.114782
 897   HIS   -0.0309236   -0.193222
 898   ASP   -0.0340304   0.115242
 899   TYR   0.102307   0.227617
 902   SER   0.327657   0
 903   LYS   0.0769159   -0.100866
 905   GLN   0.168396   0
 906   ASN   0.565114   0
 909   CYS   -0.0224134   1.70081
 911   GLY   -0.39217   0
 912   MET   -0.51052   0
 913   GLY   -0.405904   0
 914   CYS   -0.0453375   1.09843
 943   ILE   0.0698149   0
 944   ASP   0.166093   0.596365
 945   ASP   -0.0168589   0.236358
 946   TYR   -0.0119839   0.410968
 948   ASP   -0.0455006   0.423543
 951   LYS   -0.128044   -0.353519
 952   PRO   -0.0620074   0
 956   CYS   -0.0446998   0.12398
 957   CYS   0.0294672   0.212315
 979   CYS   -0.0512598   0.150158
 980   ARG   -0.186731   -0.34032
 985   GLU   0.134791   0.184542
 986   GLY   0.127574   0
 987   LYS   0.16468   -0.223806
 988   GLN   -0.182859   0
 990   PRO   -0.0103753   0
 994   ASP   -0.0549871   0.14018
1011   CYS   0.0124118   0.115417
1013   LYS   -0.016276   -0.12208
1016   HID   0.0377694   -0.124817
1019   TYR   -0.0166403   0.165934
SITE:  ASP- 994
 946   TYR   0.00683744   0.665057
 957   CYS   0.0115657   0.258122
 964   ASP   0.0260314   0.196907
 979   CYS   0.0409156   0.373212
 980   ARG   0.213176   -0.852704
 981   PRO   0.0180256   0
 985   GLU   0.115169   0.286932
 989   ARG   -0.0217295   -0.14018
 990   PRO   -0.180031   0
 991   GLN   -0.179994   0
 992   GLY   0.198294   0
 993   GLY   0.106078   0
 995   PHE   -0.173574   0
 997   ARG   -0.552528   -0.327414
 998   PHE   -0.247636   0
1029   HIS   -0.00376736   -0.111447
1029   HID   -0.0322158   -0.112005
1029   HID   -0.0108244   -0.167101
SITE:  ARG- 997
 946   TYR   -0.00914336   0.329592
 957   CYS   -0.0321128   0.208983
 960   ASP   0.0883418   0.138681
 964   ASP   -0.0495953   1.36745
 967   CYS   0.0205687   0.105691
 979   CYS   -0.00580658   0.414261
 980   ARG   0.0488744   -0.208448
 994   ASP   0.0908841   0.327414
1000   PRO   -0.0801294   0
1029   HID   -0.0178799   -0.119604
1029   HIS   0.00948033   -0.108938
1029   HID   -0.0278262   -0.284025
SITE:  ASP-1005
  96   ARG   0.0246538   -0.108503
 475   TYR   -0.0476548   0.345994
 515   TYR   0.00503033   0.119321
 533   CYS   0.00351555   0.107234
 890   TYR   -0.00365975   0.105501
 899   TYR   0.0206974   0.112633
 909   CYS   -0.0118103   0.109184
 944   ASP   0.0313621   0.178414
 945   ASP   -0.00925253   0.379644
 946   TYR   0.0970241   0.514861
 948   ASP   -0.0579934   0.276453
 949   TRP   -1.4126   0
 951   LYS   0.0969715   -0.232171
 956   CYS   -0.271276   1.00734
 957   CYS   -0.336624   0.977226
 958   ARG   0.181726   -0.381107
 966   PHE   -0.251492   0
 967   CYS   0.200552   0.288548
 968   ASN   0.139338   0
 969   ALA   -0.282384   0
 973   ASP   -0.00447641   0.141493
 976   CYS   -0.0256872   0.186461
 979   CYS   -0.0361572   0.547616
 980   ARG   -0.0137007   -0.120596
 998   PHE   0.181989   0
 999   LEU   0.262028   0
1000   PRO   0.121638   0
1001   MET   0.481294   0
1002   PHE   0.638864   0
1004   SER   -0.472461   0
1006   ASN   0.943314   0
1007   PRO   -0.131988   0
1008   ASN   -0.42219   0
1010   LYS   -0.110057   -0.175819
1011   CYS   0.0633535   1.84742
1012   GLY   0.243984   0
1013   LYS   0.0695513   -0.489364
1014   GLY   -1.17873   0
1015   GLY   -0.659681   0
1016   HID   0.496121   -0.556908
1016   HIS   0.2238   -0.777192
1016   HID   0.0854523   -0.542772
1016   HIS   0.429664   -0.81041
1016   HID   0.243558   -0.562699
1016   HIS   -1.02518   -0.585183
1016   HID   0.712047   -1.2279
1017   ALA   -0.187538   0
1018   ALA   -0.15667   0
1019   TYR   -0.167765   0.353829
1037   TYR   0.0228254   0.156377
1041   TYR   0.00626602   0.114402
SITE:  LYS-1010
  61   GLU   0.010033   0.114985
  84   LYS   0.0104027   -0.148158
 475   TYR   0.00243601   0.179876
 515   TYR   -0.00476898   0.110483
 530   HIS   0.016997   -0.1121
 956   CYS   0.051477   0.280082
 957   CYS   -0.00142292   0.113807
 958   ARG   0.025634   -0.212291
 970   SER   0.460056   0
 973   ASP   0.0239406   0.20593
1005   ASP   0.0171951   0.175819
1008   ASN   0.571223   0
1009   PRO   -0.123268   0
1011   CYS   -0.286882   0.362044
SITE:  CYS-1011
  61   GLU   0.016048   0.195921
  84   LYS   0.0256093   -0.216242
  96   ARG   0.0364987   -0.213795
  97   CYS   -0.0229478   0.123847
 100   CYS   -0.0127568   0.111624
 238   CYS   -0.020111   0.108783
 242   ASP   0.0149998   0.128449
 475   TYR   -0.0257242   0.207525
 487   TYR   -0.00307863   0.112527
 515   TYR   0.0142929   0.249971
 516   CYS   0.006491   0.121462
 533   CYS   0.00905829   0.154124
 909   CYS   -0.0102642   0.125532
 944   ASP   0.0150735   0.217136
 945   ASP   0.0930251   0.497196
 946   TYR   0.159199   0.299238
 948   ASP   -0.0344522   0.487483
 949   TRP   -0.430146   0
 951   LYS   0.143292   -0.44892
 954   SER   0.219552   0
 956   CYS   -0.0209957   2.98875
 957   CYS   -0.0596468   0.716821
 958   ARG   0.151497   -0.442553
 967   CYS   0.102697   0.163216
 968   ASN   0.174469   0
 969   ALA   -0.264767   0
 973   ASP   0.0130477   0.17703
 976   CYS   -0.00489324   0.146105
 978   ARG   -0.149896   -0.108609
 979   CYS   -0.0432274   0.333768
 980   ARG   -0.015207   -0.102294
 987   LYS   0.0461632   -0.12045
 989   ARG   -0.0803664   -0.115417
1005   ASP   0.403244   1.84742
1006   ASN   0.525543   0
1007   PRO   -0.342639   0
1008   ASN   0.252591   0
1010   LYS   -0.116764   -0.362044
1012   GLY   0.0189572   0
1013   LYS   -0.110138   -0.542676
1014   GLY   -0.334808   0
1015   GLY   -0.0777292   0
1016   HID   0.116059   -0.170915
1016   HIS   0.108335   -0.226598
1016   HID   0.0356834   -0.218957
1016   HIS   0.118399   -0.223092
1016   HID   0.0264795   -0.179778
1016   HIS   -0.291886   -0.210949
1016   HID   0.255336   -0.952977
1019   TYR   -0.099333   0.34951
1037   TYR   0.0126513   0.110623
SITE:  LYS-1013
  96   ARG   0.0790253   -0.27685
  97   CYS   -0.0317164   0.120399
 164   GLU   0.0244982   0.124141
 238   CYS   -0.0284864   0.114429
 242   ASP   0.0198464   0.162306
 406   GLU   0.0248842   0.102074
 468   CYS   -0.0340648   0.126546
 471   PRO   -0.10986   0
 475   TYR   -0.0517638   0.123642
 479   CYS   -0.0451489   0.128563
 487   TYR   -0.0290112   0.300475
 512   HIS   0.0189676   -0.116234
 515   TYR   0.0262154   0.234649
 516   CYS   0.0362458   0.209411
 518   ARG   0.0676757   -0.177203
 520   PRO   0.0269627   0
 525   ASP   0.00158373   0.101049
 533   CYS   0.0415842   0.229788
 538   GLY   0.0607591   0
 539   GLY   -0.185241   0
 540   PRO   -0.00523545   0
 550   TYR   -0.00647867   0.133024
 555   TYR   0.00605703   0.173592
 875   TYR   0.00620641   0.106893
 890   TYR   -0.0128683   0.395187
 899   TYR   0.0192634   0.188132
 909   CYS   -0.0262408   0.187575
 914   CYS   -0.0132829   0.12048
 939   PRO   0.0795484   0
 940   SER   0.221161   0
 944   ASP   -0.0845741   0.403242
 945   ASP   0.475322   1.69296
 946   TYR   -0.0124658   0.230273
 948   ASP   -0.113879   0.409308
 951   LYS   0.0157965   -0.282834
 956   CYS   -0.0703242   0.314368
 957   CYS   -0.0123921   0.194733
 979   CYS   -0.0212762   0.107631
 989   ARG   -0.0689132   -0.12208
1005   ASP   0.152595   0.489364
1007   PRO   -0.160216   0
1011   CYS   0.0434994   0.542676
1012   GLY   -0.0368428   0
1014   GLY   0.519134   0
1015   GLY   0.0705921   0
1016   HID   0.0729349   -0.283618
1016   HIS   0.205437   -0.334616
1016   HID   0.152769   -0.436439
1016   HIS   0.0553973   -0.300611
1016   HID   0.108362   -0.212874
1016   HIS   -0.402344   -0.450007
1016   HID   -0.28522   -1.52592
1018   ALA   -0.222406   0
1019   TYR   0.0973396   2.63739
1037   TYR   0.0343643   0.527833
1041   TYR   0.0186613   0.490097
1042   HIS   0.0393026   -0.139756
1042   HID   0.00955391   -0.115556
1042   HIS   -0.0699715   -0.136826
1042   HID   -0.014379   -0.108558
1081   TYR   0.0180234   0.112774
1085   TYR   -0.013527   0.116527
SITE:  HID-1016
 468   CYS   -0.0103452   0.119918
 471   PRO   0.24909   0
 472   LEU   -0.156263   0
 473   SER   0.231114   0
 475   TYR   -0.111541   0.142248
 479   CYS   -0.0605895   0.11082
 570   TYR   -0.00828853   0.141231
 890   TYR   -0.000252169   0.234426
 899   TYR   0.0139118   0.150777
 944   ASP   0.00627099   0.102455
 945   ASP   -0.0556342   0.194355
 946   TYR   -0.0252556   0.23258
 956   CYS   -0.0205251   0.10894
 957   CYS   -0.0409979   0.143882
 979   CYS   -0.0121108   0.109618
 999   LEU   0.142377   0
1000   PRO   0.220255   0
1001   MET   0.119696   0
1002   PHE   0.288162   0
1003   LEU   2.44085   0
1005   ASP   0.256696   0.556908
1006   ASN   0.18997   0
1011   CYS   0.00156705   0.170915
1013   LYS   0.0876045   -0.283618
1014   GLY   -0.145787   0
1015   GLY   -0.0664275   0
1016   HIS   -1.29074   -3.54961
1016   HID   0.176634   -1.48105
1016   HIS   -1.51044   -2.60009
1016   HID   2.1657   -1.03599
1016   HIS   -0.890816   -1.20866
1016   HID   -1.02832   -1.323
1018   ALA   -0.196028   0
1019   TYR   -0.300422   0.299653
1020   SER   -1.40976   0
1023   VAL   0.0467799   0
1029   HID   -0.0184001   -0.133489
1037   TYR   0.0475568   0.351976
1041   TYR   0.0128649   0.186478
SITE:  HIS-1016
 468   CYS   -0.0112458   0.104561
 471   PRO   0.0998018   0
 472   LEU   -0.152371   0
 473   SER   0.231747   0
 475   TYR   -0.148411   0.171618
 479   CYS   -0.04563   0.10296
 570   TYR   -0.00656433   0.10657
 890   TYR   -0.000961309   0.209135
 899   TYR   0.0102301   0.155326
 944   ASP   0.00674047   0.122514
 945   ASP   -0.0667681   0.235159
 946   TYR   -0.0239101   0.290367
 956   CYS   -0.031726   0.14566
 957   CYS   -0.0585698   0.197481
 979   CYS   -0.0148504   0.147136
 999   LEU   0.22539   0
1000   PRO   0.361686   0
1001   MET   0.213918   0
1002   PHE   0.401804   0
1003   LEU   12.0162   0
1004   SER   0.607718   0
1005   ASP   0.224442   0.777192
1006   ASN   0.216382   0
1007   PRO   -0.04062   0
1011   CYS   -0.000208085   0.226598
1013   LYS   0.10006   -0.334616
1014   GLY   -0.172945   0
1015   GLY   0.156666   0
1016   HID   0.291559   -3.54961
1016   HID   2.1687   -1.22087
1016   HIS   1.64342   -5.29057
1016   HID   3.84806   -3.80685
1016   HIS   -4.81536   -1.32921
1016   HID   -2.40364   -2.26434
1018   ALA   -0.37529   0
1019   TYR   -0.46247   0.349238
1020   SER   -0.628929   0
1029   HID   -0.0229052   -0.141784
1037   TYR   0.0464962   0.319474
1041   TYR   0.00824883   0.178466
SITE:  HID-1016
 398   HID   0.0449327   -0.139858
 468   CYS   -0.0208094   0.108273
 471   PRO   0.0147582   0
 540   PRO   0.0535026   0
 570   TYR   -0.0111461   0.107914
 890   TYR   -0.0168119   0.313355
 897   HIS   0.0174882   -0.128053
 899   TYR   0.0213372   0.42274
 909   CYS   -0.0299256   0.154889
 942   TRP   0.189266   0
 944   ASP   0.0270304   0.252869
 945   ASP   -0.187033   0.389662
 946   TYR   -0.101183   0.581575
 948   ASP   -0.0635714   0.149408
 951   LYS   0.00769301   -0.101989
 956   CYS   -0.0484929   0.154408
 957   CYS   -0.0520259   0.231947
 979   CYS   -0.0306299   0.172403
 999   LEU   0.328686   0
1000   PRO   0.201354   0
1003   LEU   2.73774   0
1005   ASP   0.0430902   0.542772
1011   CYS   0.0102615   0.218957
1013   LYS   0.0448248   -0.436439
1014   GLY   -0.0854459   0
1015   GLY   0.969226   0
1016   HID   0.0985977   -1.48105
1016   HIS   -2.92521   -1.22087
1016   HIS   -0.0175084   -0.966926
1016   HID   0.372202   -0.677152
1016   HIS   -0.63846   -1.7449
1016   HID   0.0356215   -0.963215
1018   ALA   -0.642458   0
1019   TYR   -0.26857   0.617991
1020   SER   -0.0301401   0
1022   ALA   -0.377186   0
1023   VAL   0.00824816   0
1029   HID   -0.035292   -0.202707
1036   THR   -0.162404   0
1037   TYR   0.119762   0.536257
1041   TYR   0.0179234   0.245967
1081   TYR   0.00764036   0.111095
SITE:  HIS-1016
 468   CYS   -0.00520001   0.12519
 471   PRO   0.12623   0
 472   LEU   -0.493859   0
 473   SER   0.4401   0
 475   TYR   -0.281916   0.272742
 479   CYS   -0.0680382   0.127687
 538   GLY   0.09831   0
 570   TYR   -0.00798327   0.125547
 890   TYR   -0.000490757   0.209248
 899   TYR   0.0109629   0.114389
 945   ASP   -0.0390976   0.187767
 946   TYR   -0.0128581   0.191886
 956   CYS   -0.0147266   0.134733
 957   CYS   -0.0458199   0.15252
 979   CYS   -0.0110797   0.109969
1000   PRO   0.153893   0
1001   MET   0.15123   0
1002   PHE   0.346009   0
1003   LEU   1.54836   0
1005   ASP   1.34912   0.81041
1006   ASN   0.557666   0
1007   PRO   -0.0385596   0
1011   CYS   -0.00320964   0.223092
1013   LYS   0.14982   -0.300611
1014   GLY   -0.214864   0
1015   GLY   -0.210553   0
1016   HID   -0.0319638   -2.60009
1016   HIS   7.33324   -5.29057
1016   HID   0.330416   -0.966926
1016   HID   28.2406   -10.6273
1016   HIS   1.46957   -8.01462
1016   HID   -9.27613   -6.23477
1018   ALA   -0.176445   0
1019   TYR   -0.243362   0.278421
1020   SER   -0.874214   0
1037   TYR   0.0303667   0.300824
1041   TYR   0.0085769   0.179393
SITE:  HID-1016
 471   PRO   0.0721857   0
 473   SER   0.157439   0
 475   TYR   -0.156253   0.344686
 890   TYR   0.00200211   0.143758
 945   ASP   -0.0317654   0.130398
 946   TYR   -0.006789   0.138537
 956   CYS   -0.00394861   0.11089
 957   CYS   -0.0464406   0.127208
 967   CYS   -0.00668882   0.138291
1000   PRO   0.10213   0
1002   PHE   0.206978   0
1003   LEU   0.90601   0
1005   ASP   0.13276   0.562699
1006   ASN   0.306862   0
1007   PRO   -0.0228542   0
1011   CYS   -0.0182279   0.179778
1013   LYS   0.0909428   -0.212874
1015   GLY   -0.085302   0
1016   HID   -2.017   -1.03599
1016   HIS   3.35871   -3.80685
1016   HID   0.476534   -0.677152
1016   HIS   16.521   -10.6273
1016   HIS   -1.65991   -1.07651
1016   HID   -2.99376   -2.20493
1019   TYR   -0.181804   0.193695
1020   SER   -0.628234   0
1037   TYR   0.024512   0.212105
1041   TYR   0.0051087   0.12543
SITE:  HIS-1016
 406   GLU   0.0241056   0.100057
 468   CYS   -0.027269   0.162348
 471   PRO   -0.00572031   0
 472   LEU   -0.384103   0
 473   SER   0.3301   0
 475   TYR   -0.268742   0.239804
 479   CYS   -0.073799   0.16065
 487   TYR   -0.0118847   0.124355
 538   GLY   0.114726   0
 540   PRO   0.0803906   0
 570   TYR   -0.00363983   0.132458
 890   TYR   -0.00540781   0.398436
 899   TYR   0.0109469   0.218008
 940   SER   0.118275   0
 944   ASP   -0.00130763   0.158523
 945   ASP   -0.0729133   0.286524
 946   TYR   -0.0357544   0.211224
 948   ASP   -0.0415493   0.104375
 956   CYS   -0.021917   0.128046
 957   CYS   -0.0333502   0.135217
1002   PHE   0.273641   0
1003   LEU   0.0696204   0
1005   ASP   0.335876   0.585183
1006   ASN   0.346643   0
1007   PRO   -0.0606172   0
1011   CYS   -0.00386679   0.210949
1013   LYS   0.124379   -0.450007
1014   GLY   -0.0610708   0
1015   GLY   -0.667604   0
1016   HID   0.635118   -1.20866
1016   HIS   -0.280044   -1.32921
1016   HID   -2.90138   -1.7449
1016   HIS   0.964634   -8.01462
1016   HID   0.226056   -1.07651
1016   HID   -0.107869   -0.780693
1017   ALA   -0.164079   0
1018   ALA   -0.724058   0
1019   TYR   -3.55807   0.5427
1020   SER   0.817321   0
1021   SER   -0.381716   0
1022   ALA   -0.543265   0
1023   VAL   -0.0333154   0
1037   TYR   0.134869   0.689639
1041   TYR   0.0171875   0.329734
1081   TYR   0.00675995   0.124134
SITE:  HID-1016
  96   ARG   0.0528008   -0.208859
  97   CYS   -0.026334   0.103862
 242   ASP   0.0153024   0.124929
 471   PRO   -0.0284484   0
 475   TYR   -0.0842192   0.182213
 487   TYR   -0.0115701   0.168076
 515   TYR   0.0175165   0.201233
 516   CYS   0.0169996   0.13836
 518   ARG   0.0300225   -0.115082
 533   CYS   0.014498   0.165106
 539   GLY   -0.0742124   0
 540   PRO   0.00513969   0
 890   TYR   -0.00822247   0.230525
 899   TYR   0.0180324   0.180783
 909   CYS   -0.0215716   0.16947
 914   CYS   -0.0114727   0.102116
 942   TRP   0.148887   0
 944   ASP   -0.00598466   0.329185
 945   ASP   -0.0512379   1.01687
 946   TYR   0.0235907   0.396405
 948   ASP   -0.158206   0.452329
 949   TRP   -0.195549   0
 951   LYS   0.0360639   -0.324411
 956   CYS   -0.151463   0.54348
 957   CYS   -0.0524288   0.380732
 958   ARG   0.0731294   -0.142313
 979   CYS   -0.033469   0.211749
 989   ARG   -0.0781441   -0.124817
 999   LEU   0.164028   0
1000   PRO   0.100982   0
1002   PHE   0.494964   0
1003   LEU   0.78804   0
1005   ASP   0.300456   1.2279
1006   ASN   0.23469   0
1007   PRO   -0.150776   0
1011   CYS   0.117261   0.952977
1012   GLY   -0.107625   0
1013   LYS   -0.908192   -1.52592
1014   GLY   -0.10436   0
1015   GLY   5.91286   0
1016   HID   1.15568   -1.323
1016   HIS   3.63914   -2.26434
1016   HID   0.206134   -0.963215
1016   HIS   -1.37853   -6.23477
1016   HID   3.225   -2.20493
1016   HIS   -1.8742   -0.780693
1017   ALA   -0.235568   0
1018   ALA   -0.397991   0
1019   TYR   -0.473805   1.03234
1020   SER   -0.415239   0
1037   TYR   0.0518248   0.33803
1041   TYR   0.00986357   0.249347
SITE:  TYR-1019
  96   ARG   0.0768104   -0.24548
  97   CYS   -0.0307711   0.116311
 164   GLU   0.023377   0.115004
 238   CYS   -0.0270304   0.117132
 242   ASP   0.0129988   0.155044
 406   GLU   0.0231809   0.103793
 468   CYS   -0.0316118   0.122732
 471   PRO   -0.0810669   0
 479   CYS   -0.0420122   0.118576
 487   TYR   -0.0234676   0.2549
 515   TYR   0.0313048   0.188444
 516   CYS   0.0345546   0.169436
 518   ARG   0.068115   -0.164302
 520   PRO   0.0049062   0
 533   CYS   0.0330805   0.171055
 539   GLY   -0.108733   0
 540   PRO   0.0365419   0
 550   TYR   -0.00544738   0.130378
 555   TYR   0.00307297   0.166371
 875   TYR   0.00371206   0.110431
 890   TYR   -0.0471326   0.452462
 897   HIS   -0.000414742   -0.119958
 899   TYR   0.0153132   0.34476
 909   CYS   -0.0538873   0.288464
 914   CYS   -0.0280524   0.169551
 939   PRO   0.157304   0
 940   SER   0.724421   0
 941   SER   0.0772243   0
 943   ILE   0.0143278   0
 944   ASP   -0.181086   0.665743
 945   ASP   -0.0117553   2.98411
 946   TYR   -0.110218   0.328374
 948   ASP   -0.161813   0.420478
 951   LYS   -0.000601669   -0.272416
 956   CYS   -0.0629061   0.248601
 957   CYS   -0.0111404   0.19183
 979   CYS   -0.0243768   0.113994
 989   ARG   -0.0814558   -0.165934
1005   ASP   0.0787153   0.353829
1011   CYS   0.0573885   0.34951
1013   LYS   -0.0701935   -2.63739
1014   GLY   0.299364   0
1015   GLY   0.153906   0
1016   HID   0.0824888   -0.299653
1016   HIS   0.204854   -0.349238
1016   HID   0.172324   -0.617991
1016   HIS   0.0563232   -0.278421
1016   HID   0.10887   -0.193695
1016   HIS   -0.371368   -0.5427
1016   HID   0.16076   -1.03234
1018   ALA   -0.228414   0
1021   SER   -0.168979   0
1037   TYR   0.138297   0.691526
1038   PHE   -0.164571   0
1041   TYR   0.0452902   0.511636
1042   HIS   0.0403676   -0.169789
1042   HID   0.0197081   -0.132375
1042   HIS   -0.0770121   -0.170445
1042   HID   -0.020268   -0.133011
1081   TYR   0.0242632   0.137046
1085   TYR   -0.0174589   0.148315
SITE:  HIS-1029
 895   GLU   0.00170847   0.153009
 897   HIS   0.0432823   -0.123704
 898   ASP   0.138823   0.329246
 899   TYR   -0.0134378   0.11989
 946   TYR   -0.0149444   0.104389
 994   ASP   0.000938855   0.111447
1026   LEU   0.127797   0
1028   GLY   0.0644411   0
1029   HID   2.66835   -1.61153
1029   HIS   6.242   -1.03809
1029   HID   -2.86494   -0.785926
1029   HIS   0.395749   -0.641658
1029   HID   0.288018   -0.459274
1029   HIS   -1.23448   -0.163315
1029   HID   9.43526   -6.45173
1029   HIS   0.141907   -0.386588
1029   HID   0.223792   -0.343172
1029   HIS   -0.166307   -0.15366
1030   GLY   -2.49694   0
1032   ARG   -0.439916   -0.412317
1076   TYR   -0.00381597   0.106662
SITE:  HID-1029
 895   GLU   -0.0163302   0.132656
 898   ASP   0.0637577   0.110986
 899   TYR   -0.00122475   0.104352
 946   TYR   -0.015994   0.113941
 997   ARG   -0.0132216   -0.119604
1026   LEU   0.536672   0
1027   LEU   -2.91952   0
1028   GLY   3.42804   0
1029   HIS   -0.658795   -1.61153
1029   HIS   -0.499032   -1.01033
1029   HID   2.2814   -3.15601
1029   HIS   0.224272   -0.691593
1029   HID   0.306128   -0.501481
1029   HIS   -1.37156   -0.233938
1029   HID   0.100349   -0.782821
1029   HIS   -4.119   -1.37442
1029   HID   2.42932   -1.44009
1029   HIS   0.527862   -0.464936
1030   GLY   -1.26087   0
1031   THR   0.0883151   0
1032   ARG   0.0119196   -0.339215
SITE:  HIS-1029
1028   GLY   -0.600308   0
1029   HIS   5.61214   -1.03809
1029   HID   -0.317462   -1.01033
1029   HID   0.54261   -0.984124
1029   HIS   -0.915516   -1.44057
1029   HID   0.14822   -1.33992
1029   HIS   -2.57814   -0.312024
1029   HID   7.12548   -0.99219
1029   HIS   0.195415   -0.56495
1029   HID   0.312159   -0.270005
1029   HIS   -0.291596   -0.317006
1030   GLY   0.28192   0
1032   ARG   -0.129127   -0.175475
SITE:  HID-1029
 394   TYR   0.0115765   0.102031
 398   HID   0.00540513   -0.112085
 895   GLU   -0.0170726   0.219433
 898   ASP   0.0575596   0.136536
 899   TYR   -0.000367965   0.139298
 946   TYR   -0.0160903   0.100641
1025   ILE   -0.185794   0
1026   LEU   0.678021   0
1027   LEU   0.465333   0
1028   GLY   4.19988   0
1029   HIS   -0.306566   -0.785926
1029   HID   -1.96819   -3.15601
1029   HIS   0.184488   -0.984124
1029   HIS   -0.626606   -1.38068
1029   HID   1.1473   -1.26064
1029   HIS   -2.31081   -0.634766
1029   HID   -0.125841   -1.2857
1029   HIS   -0.455339   -0.532127
1029   HID   0.0809006   -0.760711
1029   HIS   -0.870539   -0.514548
1030   GLY   -0.415074   0
1031   THR   -0.99061   0
1032   ARG   -0.124639   -0.563764
SITE:  HIS-1029
 895   GLU   -0.000287893   0.142897
1028   GLY   -0.467779   0
1029   HIS   1.0473   -0.641658
1029   HID   -0.58601   -0.691593
1029   HIS   -0.17047   -1.44057
1029   HID   0.257886   -1.38068
1029   HID   19.7095   -9.35528
1029   HIS   4.69613   -3.98338
1029   HID   1.25532   -0.640153
1029   HIS   -0.0209547   -0.357249
1029   HID   0.0714904   -0.187203
1029   HIS   -7.21332   -3.68345
1032   ARG   -0.0914899   -0.269831
SITE:  HID-1029
 895   GLU   0.00754605   0.103899
1028   GLY   -0.51364   0
1029   HIS   0.213066   -0.459274
1029   HID   -0.583206   -0.501481
1029   HIS   -0.24514   -1.33992
1029   HID   0.0621331   -1.26064
1029   HIS   12.9572   -9.35528
1029   HIS   -2.73302   -0.940527
1029   HID   1.0767   -0.379416
1029   HIS   0.061566   -0.275425
1029   HID   0.0351413   -0.158502
1029   HIS   -1.13003   -0.571644
1032   ARG   -0.0575211   -0.185914
SITE:  HIS-1029
 895   GLU   -0.00107512   0.101187
1029   HIS   -0.0690106   -0.163315
1029   HID   -0.166909   -0.233938
1029   HIS   -0.170413   -0.312024
1029   HID   -0.0161992   -0.634766
1029   HIS   5.27129   -3.98338
1029   HID   0.743839   -0.940527
1029   HID   0.138645   -0.250858
1029   HIS   -0.0188876   -0.128126
1029   HIS   -2.3929   -1.2253
1032   ARG   -0.0202997   -0.164129
SITE:  HID-1029
 895   GLU   0.0023342   0.194555
 897   HIS   0.0629747   -0.127203
 898   ASP   0.158924   0.318523
 899   TYR   -0.00802011   0.142126
 946   TYR   -0.0172416   0.116116
 994   ASP   0.00318103   0.112005
1026   LEU   0.180007   0
1028   GLY   0.260436   0
1029   HIS   6.65538   -6.45173
1029   HID   0.774212   -0.782821
1029   HIS   1.08198   -0.99219
1029   HID   4.08256   -1.2857
1029   HIS   0.856634   -0.640153
1029   HID   0.157057   -0.379416
1029   HIS   -0.57604   -0.250858
1029   HIS   0.0406579   -0.475427
1029   HID   0.130515   -0.444854
1029   HIS   -0.224934   -0.174304
1030   GLY   -1.34071   0
1032   ARG   -1.14451   -0.637231
1076   TYR   -0.00550428   0.108013
SITE:  HIS-1029
 997   ARG   -0.00625163   -0.108938
1028   GLY   -0.236538   0
1029   HIS   -0.291728   -0.386588
1029   HID   -0.34498   -1.37442
1029   HIS   -0.472781   -0.56495
1029   HID   0.186326   -0.532127
1029   HIS   -0.193059   -0.357249
1029   HID   0.201772   -0.275425
1029   HIS   -0.436589   -0.128126
1029   HID   -0.196956   -0.475427
1029   HID   3.56104   -0.518288
1029   HIS   -0.16965   -0.80964
1030   GLY   -0.171942   0
1031   THR   0.127427   0
1032   ARG   -0.0336495   -0.109714
SITE:  HID-1029
 895   GLU   -0.0177526   0.102697
 898   ASP   0.0714781   0.115367
 899   TYR   0.00551342   0.158837
 946   TYR   -0.0356182   0.312054
 964   ASP   0.0400741   0.14325
 979   CYS   -0.01311   0.126905
 993   GLY   0.13946   0
 994   ASP   0.0521841   0.167101
 996   MET   0.296934   0
 997   ARG   0.030796   -0.284025
1000   PRO   -0.121687   0
1016   HID   -0.00875843   -0.133489
1016   HIS   -0.00126599   -0.141784
1016   HID   -0.0334914   -0.202707
1025   ILE   -0.218564   0
1026   LEU   0.47737   0
1027   LEU   -0.241696   0
1028   GLY   0.0856723   0
1029   HIS   -0.0850288   -0.343172
1029   HID   -0.693389   -1.44009
1029   HIS   -0.00803885   -0.270005
1029   HID   0.440331   -0.760711
1029   HIS   -0.0639301   -0.187203
1029   HID   0.109199   -0.158502
1029   HIS   -0.316422   -0.0865957
1029   HID   -0.139268   -0.444854
1029   HIS   -0.0692767   -0.518288
1029   HIS   1.07873   -0.367993
1030   GLY   -0.125559   0
1031   THR   -2.40356   0
1032   ARG   0.198705   -0.267223
SITE:  HIS-1029
1029   HIS   0.0295411   -0.15366
1029   HID   -0.20446   -0.464936
1029   HIS   -0.113983   -0.317006
1029   HID   0.00705397   -0.514548
1029   HIS   -3.10986   -3.68345
1029   HID   0.873167   -0.571644
1029   HIS   1.59033   -1.2253
1029   HID   0.0941014   -0.174304
1029   HIS   -0.411266   -0.80964
1029   HID   0.0935798   -0.367993
1032   ARG   0.000870812   -0.130844
SITE:  ARG-1032
 394   TYR   0.013381   0.273044
 398   HID   -0.0163665   -0.225307
 894   GLU   0.0267998   0.182383
 895   GLU   0.691588   1.58708
 896   GLY   -0.113223   0
 897   HIS   0.200982   -0.267325
 898   ASP   0.0789188   0.32345
 899   TYR   0.000697642   0.366893
 946   TYR   -0.0236818   0.11674
1026   LEU   0.0797326   0
1028   GLY   0.239559   0
1029   HIS   -0.0554318   -0.412317
1029   HID   0.162737   -0.339215
1029   HIS   0.0771053   -0.175475
1029   HID   0.190154   -0.563764
1029   HIS   0.052354   -0.269831
1029   HID   0.0512336   -0.185914
1029   HIS   -0.0950432   -0.164129
1029   HID   -0.21977   -0.637231
1029   HIS   -0.0444393   -0.109714
1029   HID   -0.0254609   -0.267223
1029   HIS   -0.254632   -0.130844
1031   THR   -0.177442   0
1033   VAL   0.162716   0
1034   GLY   0.0573355   0
1076   TYR   -0.0300534   0.241684
SITE:  TYR-1037
 391   GLU   0.0259919   0.147251
 392   LYS   0.0595039   -0.206801
 394   TYR   0.0339458   0.149624
 396   ASP   -0.00606203   0.295434
 398   HID   -0.056959   -0.217118
 399   PHE   0.182365   0
 400   GLY   0.313388   0
 401   PRO   0.182709   0
 402   PHE   -0.219452   0
 404   ARG   0.0734774   -0.17654
 406   GLU   0.0501146   0.214173
 468   CYS   -0.0736328   0.253511
 471   PRO   -0.0965853   0
 479   CYS   -0.100303   0.212204
 487   TYR   -0.0282201   0.216014
 516   CYS   0.0207172   0.110917
 533   CYS   0.0326563   0.111473
 538   GLY   0.116307   0
 539   GLY   -0.0762762   0
 540   PRO   0.179552   0
 550   TYR   0.0050991   0.110157
 555   TYR   0.0104264   0.100626
 566   PRO   -0.07202   0
 568   ASN   -0.235712   0
 570   TYR   -0.00156213   0.174001
 584   GLU   -0.00774459   0.135544
 606   GLU   0.0143956   0.198808
 875   TYR   0.00106547   0.193991
 888   PRO   -0.136229   0
 889   VAL   0.10278   0
 890   TYR   -0.0388915   1.46534
 894   GLU   -0.00878134   0.12102
 897   HIS   7.98377e-05   -0.128488
 899   TYR   0.01649   0.411033
 909   CYS   -0.0276178   0.132431
 939   PRO   0.237464   0
 940   SER   0.272674   0
 941   SER   -0.227198   0
 942   TRP   -0.210494   0
 944   ASP   -0.00436881   0.246854
 945   ASP   -0.0855104   0.325818
 946   TYR   -0.0495944   0.152772
 948   ASP   -0.0376704   0.112728
1005   ASP   0.051023   0.156377
1011   CYS   0.00471612   0.110623
1013   LYS   0.0365947   -0.527833
1015   GLY   0.105984   0
1016   HID   -0.0267677   -0.351976
1016   HIS   0.026059   -0.319474
1016   HID   -0.0216143   -0.536257
1016   HIS   0.00326159   -0.300824
1016   HID   0.123708   -0.212105
1016   HIS   0.0486403   -0.689639
1016   HID   0.053413   -0.33803
1018   ALA   0.337224   0
1019   TYR   0.147698   0.691526
1021   SER   -0.538816   0
1023   VAL   0.0102599   0
1038   PHE   -0.147469   0
1039   MET   -0.25591   0
1040   THR   0.137704   0
1041   TYR   0.0675542   0.79959
1042   HIS   0.0360331   -0.287832
1042   HID   0.0606577   -0.180225
1042   HIS   -0.1413   -0.27251
1042   HID   -0.0300044   -0.261039
1059   ARG   0.0464366   -0.11481
1081   TYR   0.0214008   0.440635
1085   TYR   -0.0382208   0.303544
SITE:  TYR-1041
  96   ARG   0.0289523   -0.108601
 392   LYS   0.010301   -0.176717
 396   ASP   0.00783017   0.182624
 401   PRO   0.0787926   0
 402   PHE   -0.168786   0
 404   ARG   0.070056   -0.227235
 406   GLU   0.0855131   0.405328
 407   GLN   -0.173867   0
 451   GLU   -0.00509617   0.119141
 468   CYS   -0.0819616   0.320761
 471   PRO   -0.138468   0
 479   CYS   -0.0846034   0.277932
 482   LEU   -0.0244954   0
 486   ASN   -0.173233   0
 487   TYR   -0.0508239   0.457209
 512   HIS   0.0128674   -0.105666
 516   CYS   0.0370052   0.18973
 518   ARG   0.0426326   -0.121398
 520   PRO   0.0242364   0
 533   CYS   0.053737   0.173822
 538   GLY   0.0995516   0
 539   GLY   -0.0440844   0
 540   PRO   0.264501   0
 541   VAL   -0.168056   0
 543   PRO   0.0837554   0
 544   TRP   -0.194168   0
 545   LEU   0.0207316   0
 547   LEU   0.136726   0
 550   TYR   0.0278881   0.309236
 555   TYR   0.0205337   0.210042
 564   THR   -0.110551   0
 566   PRO   -0.152649   0
 567   VAL   0.0858375   0
 570   TYR   0.00687223   0.119629
 584   GLU   -0.00887456   0.218382
 606   GLU   0.0469573   0.371317
 871   TYR   -0.00874688   0.112952
 875   TYR   0.0113913   0.571163
 883   LEU   -0.204086   0
 884   HIS   -0.0663537   -0.263425
 886   GLY   0.329636   0
 887   PRO   -0.0625204   0
 888   PRO   -0.354918   0
 889   VAL   0.133815   0
 890   TYR   0.00526851   1.11479
 899   TYR   0.00594881   0.15715
 930   ASP   0.0275463   0.16443
 938   ALA   0.205802   0
 939   PRO   0.116076   0
 940   SER   0.0455949   0
 944   ASP   -0.0212744   0.173323
 945   ASP   -0.0207524   0.278707
 948   ASP   -0.0254616   0.111402
1005   ASP   0.0390709   0.114402
1013   LYS   0.0120118   -0.490097
1016   HID   -0.0135875   -0.186478
1016   HIS   0.0437315   -0.178466
1016   HID   0.0236116   -0.245967
1016   HIS   -0.0065671   -0.179393
1016   HID   0.06928   -0.12543
1016   HIS   0.00163079   -0.329734
1016   HID   0.00737935   -0.249347
1019   TYR   0.0715942   0.511636
1021   SER   -0.202184   0
1037   TYR   -0.0422554   0.79959
1039   MET   -0.163108   0
1042   HIS   0.173877   -0.530379
1042   HID   0.0976104   -0.373673
1042   HIS   -0.47476   -0.448535
1042   HID   -0.028761   -0.399845
1050   ASP   -0.0110033   0.114098
1059   ARG   0.036511   -0.104112
1081   TYR   0.0512995   0.376941
1085   TYR   -0.0584688   0.397906
1088   TYR   -0.0437601   0.224377
SITE:  HIS-1042
 389   ARG   0.0411996   -0.114017
 391   GLU   -0.11662   0.27604
 392   LYS   -0.00292778   -0.215172
 396   ASP   -0.00623798   0.184007
 404   ARG   -0.0110496   -0.149658
 406   GLU   0.01456   0.188071
 487   TYR   -0.0110948   0.138447
 550   TYR   0.0161378   0.222732
 555   TYR   0.0117131   0.137729
 584   GLU   0.00508928   0.133008
 606   GLU   0.0698181   0.293802
 861   ASP   -0.00127765   0.106352
 875   TYR   -0.0101412   0.382881
 884   HIS   0.0924592   -0.226038
 885   ALA   -0.270236   0
 886   GLY   -0.43152   0
 887   PRO   1.15049   0
 888   PRO   0.398158   0
 889   VAL   -0.23072   0
 890   TYR   0.0587661   0.556745
 899   TYR   -0.00317353   0.143932
 923   ILE   0.0623606   0
 930   ASP   0.18551   0.517736
 932   TYR   0.0258718   0.127396
 933   THR   -0.314404   0
 934   ARG   1.88016   -0.465698
 935   ILE   -0.248768   0
 936   GLY   -0.371082   0
 937   PHE   0.165386   0
 939   PRO   0.0467466   0
 944   ASP   -0.00417307   0.113758
 945   ASP   -0.0132837   0.10486
1013   LYS   0.000843069   -0.139756
1019   TYR   0.0179916   0.169789
1037   TYR   -0.0962954   0.287832
1038   PHE   0.150697   0
1039   MET   -0.225806   0
1040   THR   0.325097   0
1041   TYR   -0.112211   0.530379
1042   HID   23.6436   -10.0442
1042   HIS   -6.22302   -8.88735
1042   HID   -6.08282   -7.7191
1043   THR   1.09948   0
1044   VAL   0.175135   0
1045   LEU   -0.107975   0
1047   THR   0.151535   0
1048   SER   0.207084   0
1050   ASP   0.2133   0.54224
1051   PHE   0.372085   0
1052   ILE   0.223918   0
1053   ASP   -0.141375   0.421201
1054   ALA   0.126111   0
1055   LEU   0.27128   0
1056   LYS   -0.0420023   -0.214196
1057   LYS   -0.389075   -0.401505
1058   ALA   -0.476437   0
1059   ARG   0.0210439   -0.480006
1061   ILE   -0.182421   0
1077   ARG   0.0491178   -0.17832
1080   PRO   -0.223826   0
1081   TYR   0.22204   0.553667
1083   VAL   -0.0762616   0
1084   PHE   -0.287796   0
1085   TYR   -1.64072   5.08754
1088   TYR   -0.0661324   0.412853
1089   GLU   -0.118295   0.242794
1091   TYR   -0.0798416   0.224814
SITE:  HID-1042
 391   GLU   -0.0483042   0.130119
 392   LYS   -0.00557879   -0.1129
 406   GLU   0.00985061   0.1257
 487   TYR   -0.00726651   0.152798
 518   ARG   0.0413182   -0.1046
 550   TYR   0.0243689   0.584681
 551   ASP   -0.0641426   0.105072
 552   ASP   0.0163177   0.305569
 555   TYR   0.0150927   0.288615
 606   GLU   0.0464045   0.17701
 875   TYR   0.00995859   0.265985
 884   HIS   0.552492   -0.553687
 885   ALA   -0.163317   0
 886   GLY   -0.206329   0
 887   PRO   0.603894   0
 888   PRO   0.101823   0
 889   VAL   -0.094642   0
 890   TYR   0.0260258   0.320397
 930   ASP   0.276937   0.710406
 934   ARG   0.674757   -0.435316
 935   ILE   -0.241539   0
 936   GLY   -0.314654   0
 937   PHE   0.105356   0
1013   LYS   0.00109875   -0.115556
1019   TYR   0.0123101   0.132375
1037   TYR   -0.0566228   0.180225
1040   THR   0.126326   0
1041   TYR   0.0107189   0.373673
1042   HIS   12.9669   -10.0442
1042   HIS   -9.51556   -2.59601
1042   HID   4.57415   -3.54431
1043   THR   3.8583   0
1044   VAL   0.0852482   0
1050   ASP   0.121859   0.402657
1051   PHE   0.17491   0
1053   ASP   -0.0898444   0.263718
1055   LEU   0.139692   0
1056   LYS   -0.0441909   -0.117021
1057   LYS   -0.223962   -0.262353
1058   ALA   -0.171412   0
1059   ARG   0.0527034   -0.231313
1080   PRO   -0.119782   0
1081   TYR   0.115521   0.27747
1085   TYR   -0.324684   1.77741
1088   TYR   -0.0335751   0.226609
1089   GLU   -0.0550306   0.117468
1091   TYR   -0.033667   0.123079
SITE:  HIS-1042
 389   ARG   0.034729   -0.101278
 391   GLU   -0.0945835   0.264626
 392   LYS   0.000978086   -0.192717
 396   ASP   -0.00468028   0.165541
 404   ARG   -0.00478255   -0.128837
 406   GLU   0.0133182   0.157183
 487   TYR   -0.0103613   0.12258
 550   TYR   0.0120361   0.197195
 555   TYR   0.00702775   0.132018
 584   GLU   0.00487364   0.112075
 606   GLU   0.0552769   0.24777
 875   TYR   0.00101358   0.31827
 884   HIS   0.0845056   -0.195507
 885   ALA   -0.162932   0
 886   GLY   -0.302964   0
 887   PRO   0.840248   0
 888   PRO   0.342493   0
 889   VAL   -0.232254   0
 890   TYR   0.0362688   0.483896
 899   TYR   -0.00592749   0.160947
 920   VAL   0.102963   0
 923   ILE   0.116065   0
 929   LEU   -0.181381   0
 930   ASP   0.089147   0.557144
 932   TYR   -0.018465   0.167671
 933   THR   -0.481143   0
 934   ARG   -0.238406   -0.432444
 935   ILE   1.18039   0
 936   GLY   -0.18633   0
 937   PHE   0.287407   0
 939   PRO   0.0253328   0
 944   ASP   -0.00369551   0.131817
 945   ASP   -0.0160714   0.110024
1013   LYS   0.00123424   -0.136826
1019   TYR   0.0230488   0.170445
1037   TYR   -0.111959   0.27251
1038   PHE   0.170918   0
1039   MET   -0.201108   0
1040   THR   0.178999   0
1041   TYR   -0.0272143   0.448535
1042   HIS   4.86706   -8.88735
1042   HID   2.17862   -2.59601
1042   HID   -1.30111   -3.1539
1043   THR   2.00386   0
1044   VAL   0.0927886   0
1045   LEU   -0.0786714   0
1048   SER   0.156012   0
1050   ASP   0.154518   0.411748
1051   PHE   0.293618   0
1052   ILE   0.206595   0
1053   ASP   -0.041022   0.361452
1054   ALA   0.218721   0
1055   LEU   0.248717   0
1056   LYS   -0.00865362   -0.202125
1057   LYS   -0.23366   -0.439733
1058   ALA   -0.309308   0
1059   ARG   0.125035   -0.459871
1061   ILE   -0.299228   0
1077   ARG   0.0392934   -0.181116
1080   PRO   -0.230568   0
1081   TYR   0.236451   0.490754
1084   PHE   -0.230309   0
1085   TYR   -0.958528   3.78614
1088   TYR   -0.0654219   0.34603
1089   GLU   -0.100944   0.220814
1091   TYR   -0.0627354   0.190911
SITE:  HID-1042
 389   ARG   0.0781747   -0.206
 391   GLU   -0.237492   0.435576
 392   LYS   -0.0323196   -0.338284
 393   GLU   -0.00917565   0.12102
 396   ASP   -0.0155536   0.262444
 404   ARG   -0.0201574   -0.187139
 406   GLU   0.0114066   0.194419
 487   TYR   -0.0088499   0.101926
 550   TYR   0.0108823   0.143571
 584   GLU   0.0106455   0.154253
 606   GLU   0.0771644   0.357074
 610   GLU   -0.0223894   0.115882
 861   ASP   -0.00590934   0.132345
 875   TYR   -0.026112   0.388224
 884   HIS   0.0312332   -0.154702
 886   GLY   -0.22951   0
 887   PRO   0.414939   0
 888   PRO   0.452596   0
 889   VAL   -0.26725   0
 890   TYR   0.0673934   0.515426
 894   GLU   -0.0166888   0.11216
 899   TYR   -0.00350958   0.138482
 930   ASP   0.103548   0.31025
 932   TYR   0.0197313   0.10917
 933   THR   -0.218464   0
 934   ARG   1.00977   -0.337681
 935   ILE   -0.123946   0
 936   GLY   -0.180495   0
1013   LYS   0.00367291   -0.108558
1019   TYR   0.0164877   0.133011
1037   TYR   -0.0911233   0.261039
1039   MET   -0.174058   0
1040   THR   0.261977   0
1041   TYR   -0.029706   0.399845
1042   HIS   0.717688   -7.7191
1042   HID   3.83402   -3.54431
1042   HIS   -3.0344   -3.1539
1043   THR   0.213878   0
1045   LEU   -0.0973444   0
1047   THR   0.141402   0
1048   SER   0.293077   0
1049   ALA   0.150684   0
1050   ASP   0.151113   0.478818
1051   PHE   0.513885   0
1052   ILE   0.326742   0
1053   ASP   -0.132301   0.428644
1055   LEU   0.0177685   0
1056   LYS   -0.0338887   -0.2512
1057   LYS   -0.303794   -0.341076
1058   ALA   -0.46416   0
1059   ARG   0.0922296   -0.770944
1077   ARG   0.0766618   -0.252304
1080   PRO   -0.0724035   0
1081   TYR   -0.0425782   0.848257
1082   SER   0.200559   0
1083   VAL   0.0377379   0
1084   PHE   0.570604   0
1085   TYR   5.41102   6.07141
1086   VAL   -0.0930394   0
1087   PHE   -0.232164   0
1088   TYR   -0.210222   0.616331
1089   GLU   -0.285718   0.467225
1091   TYR   -0.127205   0.364189
1225   TYR   -0.0138275   0.10459
SITE:  ASP-1050
 550   TYR   0.0214858   0.108954
 606   GLU   0.0310074   0.117902
 857   ASP   -0.047961   0.180447
 861   ASP   0.0043776   0.198296
 875   TYR   0.00363664   0.180617
 884   HIS   0.0377157   -0.154302
 887   PRO   0.0399368   0
 930   ASP   0.120991   0.229928
 931   ASN   0.22207   0
 934   ARG   -0.403184   -1.81692
1041   TYR   -0.0185144   0.114098
1042   HIS   -0.0734572   -0.54224
1042   HID   0.2385   -0.402657
1042   HIS   -0.173926   -0.411748
1042   HID   0.0436797   -0.478818
1044   VAL   0.475934   0
1045   LEU   -0.754828   0
1046   GLN   -0.867858   0
1047   THR   0.611506   0
1048   SER   0.317197   0
1051   PHE   -0.111802   0
1053   ASP   -0.517383   0.695755
1054   ALA   -0.270989   0
1056   LYS   -0.0882392   -0.142311
1057   LYS   -0.0955418   -0.296129
1081   TYR   0.00749556   0.112958
1085   TYR   -0.0291339   0.369977
1088   TYR   0.0248811   0.364311
1091   TYR   -0.0468603   0.211356
SITE:  ASP-1053
 857   ASP   -0.0501261   0.173684
 861   ASP   0.000875202   0.110244
 930   ASP   0.0431854   0.14384
 931   ASN   0.246058   0
 932   TYR   0.106735   0.18077
 934   ARG   -0.155995   -0.52446
1042   HIS   -0.06371   -0.421201
1042   HID   0.21276   -0.263718
1042   HIS   -0.211894   -0.361452
1042   HID   0.0771383   -0.428644
1047   THR   0.102718   0
1048   SER   0.227519   0
1049   ALA   0.61044   0
1050   ASP   0.302334   0.695755
1052   ILE   -0.0214357   0
1054   ALA   -0.282587   0
1056   LYS   -0.337682   -0.43813
1057   LYS   -0.242324   -0.708262
1059   ARG   -0.0466731   -0.152713
1085   TYR   0.0176326   0.406414
1088   TYR   0.0487817   0.212244
1089   GLU   -0.0159362   0.137559
1091   TYR   -0.019083   0.202231
SITE:  LYS-1056
 391   GLU   -0.0308912   0.10883
 932   TYR   0.078536   0.18155
 934   ARG   -0.0321864   -0.115603
1042   HIS   -0.0410087   -0.214196
1042   HID   0.0924092   -0.117021
1042   HIS   -0.0962752   -0.202125
1042   HID   0.0456713   -0.2512
1050   ASP   0.0473748   0.142311
1052   ILE   0.166087   0
1053   ASP   0.161737   0.43813
1057   LYS   -0.180254   -0.433275
1059   ARG   -0.228918   -0.251107
1077   ARG   0.0288375   -0.12236
1085   TYR   0.0490669   0.293409
1088   TYR   0.0588781   0.105214
1089   GLU   0.0271912   0.235555
1091   TYR   0.0560878   0.149783
1096   ASP   -0.0536801   0.112733
SITE:  LYS-1057
 256   PRO   0.0667195   0
 930   ASP   0.0216568   0.19534
 931   ASN   0.300813   0
 932   TYR   1.92985   0.646302
 934   ARG   -0.0802652   -0.421018
1042   HIS   -0.0854054   -0.401505
1042   HID   0.210068   -0.262353
1042   HIS   -0.107115   -0.439733
1042   HID   0.0842713   -0.341076
1050   ASP   0.112192   0.296129
1053   ASP   0.101375   0.708262
1054   ALA   0.16046   0
1056   LYS   0.0736765   -0.433275
1058   ALA   -0.185577   0
1059   ARG   -0.0481125   -0.194975
1060   LEU   -0.188868   0
1085   TYR   0.0253316   0.401562
1089   GLU   -0.0107484   0.101155
SITE:  ARG-1059
 387   GLN   -0.619856   0
 389   ARG   0.0780185   -0.270496
 391   GLU   -0.652639   1.23268
 392   LYS   -0.0648865   -0.256926
 393   GLU   -0.0518006   0.143359
 394   TYR   -0.066954   0.125584
 396   ASP   -0.0352234   0.190835
 606   GLU   0.0233295   0.119329
 890   TYR   0.101291   0.185682
 892   VAL   0.0701297   0
 894   GLU   -0.0269895   0.221641
 899   TYR   -0.00753485   0.121766
1037   TYR   -0.0533994   0.11481
1041   TYR   0.00521478   0.104112
1042   HIS   -0.0853692   -0.480006
1042   HID   0.154278   -0.231313
1042   HIS   -0.140393   -0.459871
1042   HID   -0.029443   -0.770944
1052   ILE   0.142757   0
1053   ASP   0.048018   0.152713
1055   LEU   0.0914874   0
1056   LYS   0.103751   -0.251107
1057   LYS   0.0520244   -0.194975
1058   ALA   -0.141025   0
1062   ALA   -0.20905   0
1077   ARG   0.319267   -0.852187
1078   VAL   0.083711   0
1079   PHE   -0.303696   0
1080   PRO   0.389748   0
1081   TYR   -0.125999   0.482642
1082   SER   0.114095   0
1083   VAL   0.113625   0
1085   TYR   -0.0246275   1.00315
1086   VAL   -0.00229822   0
1088   TYR   -0.0910985   0.186227
1089   GLU   -0.292266   1.57484
1091   TYR   -0.0852536   0.19506
1097   ASP   -0.0233814   0.1457
SITE:  GLU-1067
 917   ASP   0.0200616   0.178881
 932   TYR   -0.00706051   0.100409
1063   SER   0.180966   0
1064   ASN   0.363217   0
1068   THR   -0.413492   0
1077   ARG   -0.0393286   -0.11234
SITE:  TYR-1076
 391   GLU   0.0169511   0.125656
 394   TYR   0.0229208   0.19657
 398   HID   -0.0105556   -0.101037
 893   LEU   -0.214858   0
 894   GLU   0.323408   0.426891
 895   GLU   0.022496   0.377528
 896   GLY   -0.322589   0
 897   HIS   -0.534445   -3.32487
 898   ASP   -0.306654   0.530999
 899   TYR   -0.186532   0.786957
 903   LYS   0.0371775   -0.319638
 904   GLY   0.114222   0
 909   CYS   -0.0241302   0.173967
 914   CYS   -0.0784824   0.125551
 917   ASP   0.0962274   0.166531
 944   ASP   0.0325535   0.119914
1029   HIS   -0.0258006   -0.106662
1029   HID   -0.0342422   -0.108013
1032   ARG   -0.0794301   -0.241684
1034   GLY   0.153825   0
1066   THR   0.239042   0
1071   ILE   -0.240948   0
1077   ARG   -0.216483   -0.22507
SITE:  ARG-1077
 387   GLN   0.234164   0
 389   ARG   0.0124528   -0.10296
 391   GLU   0.653144   2.00125
 392   LYS   0.0135143   -0.122998
 393   GLU   -0.0566704   0.106745
 394   TYR   -0.0323385   0.258464
 396   ASP   -0.0384882   0.11067
 398   HID   -0.0320456   -0.139392
 890   TYR   0.0782337   0.106711
 892   VAL   0.156059   0
 894   GLU   -0.0103977   0.748304
 895   GLU   0.0439569   0.135319
 897   HIS   -0.00879766   -0.160192
 899   TYR   -0.0178334   0.210633
1042   HIS   -0.0286859   -0.17832
1042   HIS   -0.0390472   -0.181116
1042   HID   -0.0264806   -0.252304
1056   LYS   0.0635134   -0.12236
1059   ARG   0.373203   -0.852187
1063   SER   0.171756   0
1067   GLU   -0.0313778   0.11234
1076   TYR   -0.322288   0.22507
1078   VAL   0.112403   0
1080   PRO   0.14012   0
1081   TYR   -0.018722   0.193179
1085   TYR   -0.0266515   0.359396
1089   GLU   -0.0202613   0.319781
SITE:  TYR-1081
 376   ASN   0.111869   0
 377   PRO   -0.0853719   0
 378   VAL   -0.0780016   0
 379   ASP   -0.0613627   0.215548
 388   ALA   0.223452   0
 389   ARG   0.113062   -0.391979
 391   GLU   -0.131225   0.506756
 392   LYS   -0.110328   -1.44356
 393   GLU   0.0663424   0.365461
 394   TYR   -0.0838861   0.141034
 395   PHE   -0.235409   0
 396   ASP   0.102075   1.23391
 398   HID   -0.0878814   -0.186954
 400   GLY   0.177563   0
 401   PRO   -0.470566   0
 403   PHE   0.22091   0
 404   ARG   0.0156666   -0.532566
 406   GLU   0.0334272   0.322994
 468   CYS   -0.0372828   0.159141
 567   VAL   0.0915522   0
 569   ASN   -0.330234   0
 570   TYR   0.0897261   0.124563
 571   TYR   -0.0554238   0.155676
 584   GLU   0.021805   0.317962
 606   GLU   0.119802   0.785731
 607   ARG   -0.0567376   -0.155013
 610   GLU   -0.0367402   0.265169
 611   ASP   -0.0525758   0.10033
 612   GLU   -0.0683658   0.113841
 871   TYR   -0.0199356   0.137967
 875   TYR   -0.038871   0.424264
 887   PRO   -0.0596936   0
 888   PRO   0.251998   0
 889   VAL   -0.146704   0
 890   TYR   -0.145225   0.855674
 894   GLU   -0.037212   0.132494
 899   TYR   0.00103776   0.140288
1013   LYS   0.00109772   -0.112774
1016   HID   0.00023523   -0.111095
1016   HIS   0.00161466   -0.124134
1019   TYR   0.03238   0.137046
1037   TYR   -0.0292109   0.440635
1040   THR   0.163393   0
1041   TYR   -0.0507052   0.376941
1042   HIS   -0.0487998   -0.553667
1042   HID   0.155625   -0.27747
1042   HIS   -0.229868   -0.490754
1042   HID   -0.00979466   -0.848257
1050   ASP   -0.0130559   0.112958
1059   ARG   0.152915   -0.482642
1077   ARG   0.0566148   -0.193179
1080   PRO   0.000846014   0
1082   SER   -0.242751   0
1083   VAL   0.183143   0
1085   TYR   -0.309736   0.840083
1086   VAL   -0.260744   0
1088   TYR   -0.13768   0.404133
1089   GLU   -0.179885   0.291725
1091   TYR   -0.0598878   0.246296
1225   TYR   -0.0169504   0.123639
SITE:  TYR-1085
 389   ARG   0.0824679   -0.194576
 391   GLU   -0.2833   0.56613
 392   LYS   -0.0264512   -0.318986
 393   GLU   -0.0105546   0.12471
 394   TYR   -0.047445   0.110077
 396   ASP   -0.0246004   0.268588
 398   HID   -0.0393685   -0.103811
 404   ARG   -0.0112766   -0.160066
 406   GLU   0.013829   0.167284
 550   TYR   0.00938777   0.118965
 584   GLU   0.00728963   0.130325
 606   GLU   0.0648534   0.29676
 861   ASP   0.00526615   0.102689
 875   TYR   -0.0167247   0.317747
 884   HIS   0.0245065   -0.122708
 886   GLY   -0.126298   0
 887   PRO   0.396326   0
 888   PRO   0.469605   0
 889   VAL   -0.543034   0
 890   TYR   0.15278   0.569432
 892   VAL   0.0247535   0
 894   GLU   -0.0212456   0.157083
 899   TYR   -0.00728474   0.189924
 930   ASP   0.0498118   0.244763
 932   TYR   0.05115   0.12062
 933   THR   -0.19621   0
 934   ARG   0.0936886   -0.264833
 935   ILE   -0.140296   0
 936   GLY   -0.146467   0
 939   PRO   0.0404178   0
 944   ASP   0.00497975   0.106036
1013   LYS   0.00230896   -0.116527
1019   TYR   0.0189938   0.148315
1037   TYR   -0.144356   0.303544
1038   PHE   0.206202   0
1039   MET   -0.217608   0
1040   THR   0.419936   0
1041   TYR   -0.0415251   0.397906
1042   HIS   -1.60529   -5.08754
1042   HID   1.10937   -1.77741
1042   HIS   -0.807658   -3.78614
1042   HID   -7.4419   -6.07141
1043   THR   0.193747   0
1048   SER   0.211032   0
1049   ALA   0.147945   0
1050   ASP   0.171238   0.369977
1051   PHE   0.53826   0
1052   ILE   0.378139   0
1053   ASP   0.00712461   0.406414
1054   ALA   0.532411   0
1055   LEU   0.294618   0
1056   LYS   0.0366359   -0.293409
1057   LYS   -0.390122   -0.401562
1058   ALA   -0.879123   0
1059   ARG   0.21524   -1.00315
1061   ILE   -0.240792   0
1062   ALA   -0.154958   0
1077   ARG   0.105626   -0.359396
1080   PRO   -0.36412   0
1081   TYR   0.0869722   0.840083
1082   SER   -0.183674   0
1083   VAL   0.0250799   0
1084   PHE   -0.0674676   0
1088   TYR   -0.154495   0.463702
1089   GLU   -0.246781   0.475313
1091   TYR   -0.125199   0.295443
SITE:  TYR-1088
 377   PRO   0.0142202   0
 379   ASP   -0.0816302   0.161561
 381   TRP   -0.286138   0
 389   ARG   0.0322686   -0.192354
 391   GLU   -0.0593022   0.112252
 392   LYS   -0.0308526   -0.252127
 396   ASP   0.0145948   0.175164
 404   ARG   -0.05126   -0.248693
 406   GLU   -0.00706621   0.244875
 584   GLU   0.0239364   0.221794
 606   GLU   0.130295   0.514706
 607   ARG   -0.0261869   -0.144749
 610   GLU   -0.0437958   0.254691
 611   ASP   -0.0456128   0.132325
 612   GLU   -0.120296   0.224975
 616   GLU   -0.110603   0.160489
 620   ASP   0.0110847   0.149427
 688   GLU   -0.0733062   0.117691
 857   ASP   -0.0327663   0.18968
 859   GLY   -0.349393   0
 860   LEU   0.53334   0
 861   ASP   -0.138185   0.553918
 862   GLN   1.59641   0
 863   SER   -0.126948   0
 865   SER   -0.12251   0
 871   TYR   -0.0263876   0.187081
 875   TYR   -0.0771278   0.532435
 884   HIS   -0.00409428   -0.103417
 887   PRO   -0.0654498   0
 888   PRO   0.097697   0
 890   TYR   -0.00924421   0.198059
 934   ARG   -0.0545848   -0.144929
1041   TYR   -0.0797314   0.224377
1042   HIS   -0.0300449   -0.412853
1042   HID   0.136348   -0.226609
1042   HIS   -0.269964   -0.34603
1042   HID   0.078501   -0.616331
1048   SER   0.36155   0
1050   ASP   -0.2086   0.364311
1051   PHE   -0.0471184   0
1053   ASP   -0.106165   0.212244
1056   LYS   -0.041443   -0.105214
1059   ARG   0.0126337   -0.186227
1081   TYR   -0.0142952   0.404133
1084   PHE   0.167466   0
1085   TYR   0.0514249   0.463702
1089   GLU   -0.16861   0.265952
1090   GLN   -0.35775   0
1091   TYR   -0.43591   1.51785
1097   ASP   -0.00949146   0.165069
1150   ASN   -0.282026   0
1225   TYR   -0.0586402   0.422874
1229   TYR   -0.026962   0.173361
SITE:  GLU-1089
 379   ASP   -0.00872375   0.103832
 381   TRP   0.166284   0
 387   GLN   -0.518474   0
 388   ALA   -0.430568   0
 389   ARG   -0.0268978   -0.319176
 391   GLU   -0.258713   0.461546
 392   LYS   -0.0686388   -0.18939
 393   GLU   -0.0531206   0.109041
 396   ASP   -0.018408   0.125673
 606   GLU   0.0224769   0.115059
 753   VAL   0.168371   0
 758   HIS   -0.0108112   -0.107266
 890   TYR   0.034119   0.100534
 894   GLU   -0.0168878   0.10372
1042   HIS   -0.0390292   -0.242794
1042   HID   0.0832137   -0.117468
1042   HIS   -0.10706   -0.220814
1042   HID   0.0141776   -0.467225
1053   ASP   -0.00173431   0.137559
1056   LYS   0.00114378   -0.235555
1057   LYS   -0.0090248   -0.101155
1059   ARG   0.181924   -1.57484
1077   ARG   0.0900592   -0.319781
1080   PRO   0.146896   0
1081   TYR   -0.0637401   0.291725
1085   TYR   0.46451   0.475313
1086   VAL   0.180393   0
1088   TYR   -0.116445   0.265952
1090   GLN   -0.275168   0
1091   TYR   -0.227131   0.40388
1092   LEU   -0.341382   0
1096   ASP   -0.0719838   0.160984
1097   ASP   -0.0592077   0.385146
1225   TYR   -0.0057863   0.120148
SITE:  TYR-1091
 377   PRO   0.0851881   0
 379   ASP   -0.0581578   0.154639
 381   TRP   -0.442406   0
 389   ARG   0.0282582   -0.200225
 391   GLU   -0.059756   0.103369
 392   LYS   -0.0337407   -0.163591
 396   ASP   0.00643945   0.10793
 404   ARG   -0.021095   -0.140862
 406   GLU   -0.00427232   0.121478
 584   GLU   0.0134451   0.121375
 606   GLU   0.0670504   0.264226
 610   GLU   -0.0296754   0.181677
 612   GLU   -0.0710078   0.153144
 616   GLU   -0.096692   0.141045
 620   ASP   0.0130454   0.156986
 688   GLU   -0.0757863   0.134534
 758   HIS   -0.00100522   -0.14155
 857   ASP   0.0088902   0.314195
 858   ILE   -0.389278   0
 859   GLY   -1.67483   0
 860   LEU   0.260566   0
 861   ASP   -0.057841   0.512529
 871   TYR   -0.0168991   0.106307
 875   TYR   -0.031151   0.242226
 890   TYR   -0.00340035   0.102446
1042   HIS   -0.022519   -0.224814
1042   HID   0.0767239   -0.123079
1042   HIS   -0.131001   -0.190911
1042   HID   0.0390745   -0.364189
1048   SER   0.420488   0
1050   ASP   -0.0800031   0.211356
1053   ASP   -0.0515621   0.202231
1056   LYS   -0.0437257   -0.149783
1059   ARG   0.0104065   -0.19506
1081   TYR   -0.0153921   0.246296
1084   PHE   0.156083   0
1085   TYR   0.118135   0.295443
1087   PHE   0.609132   0
1088   TYR   0.271768   1.51785
1089   GLU   -0.13557   0.40388
1090   GLN   -1.38131   0
1094   ILE   -0.12586   0
1096   ASP   -0.0518754   0.101486
1097   ASP   -0.0585077   0.452961
1148   SER   -0.0764523   0
1149   LEU   0.214314   0
1150   ASN   -1.53124   0
1151   ALA   -0.291666   0
1152   VAL   -0.212364   0
1153   SER   -0.278126   0
1161   CYS   -0.0273619   0.134976
1225   TYR   -0.0459914   0.568895
1227   ARG   -0.0907176   -0.100339
1229   TYR   -0.0311712   0.275289
SITE:  ASP-1096
1056   LYS   0.0025359   -0.112733
1089   GLU   0.0273309   0.160984
1091   TYR   0.0165917   0.101486
1093   THR   0.263356   0
1094   ILE   0.106373   0
1095   ILE   0.113773   0
1097   ASP   -0.528196   0.565054
1099   ILE   -0.26683   0
1100   PHE   -0.177968   0
SITE:  ASP-1097
 389   ARG   0.00569774   -0.147284
 742   GLU   0.0218506   0.1052
 749   GLY   0.175524   0
 752   SER   -1.27226   0
 753   VAL   0.0266799   0
 754   MET   -0.0491555   0
 755   PRO   0.0219858   0
 758   HIS   0.0120848   -0.288306
1059   ARG   -0.00700906   -0.1457
1088   TYR   0.019575   0.165069
1089   GLU   -0.0342928   0.385146
1090   GLN   0.351916   0
1091   TYR   -0.027409   0.452961
1093   THR   0.309538   0
1094   ILE   0.416362   0
1095   ILE   0.217918   0
1096   ASP   -0.245074   0.565054
1098   THR   -0.446286   0
1100   PHE   -0.332224   0
1101   ASN   -0.39525   0
1154   LEU   -0.204121   0
1155   VAL   -0.0361691   0
1161   CYS   -0.0461177   0.286506
1225   TYR   0.0110239   0.295748
1229   TYR   -0.0085285   0.219586
SITE:  CYS-1119
 323   CYS   0.0213642   0.176518
 324   CYS   0.0257498   0.731548
 325   ASP   0.0782862   0.292098
 327   VAL   -0.155509   0
 328   SER   -0.170179   0
 332   GLU   -0.0336862   0.23173
 334   CYS   -0.0573431   0.103091
1111   LEU   0.129099   0
1114   MET   0.86905   0
1115   VAL   0.255292   0
1118   GLY   -0.0625161   0
1120   GLU   -0.300028   0.619592
1128   CYS   -0.013026   0.127385
1168   CYS   0.00363999   0.114965
1173   ARG   -0.0268544   -0.237377
1259   LYS   -0.0187329   -0.389717
SITE:  GLU-1120
 323   CYS   -0.0152444   0.122009
 324   CYS   -0.114613   0.506632
 325   ASP   0.17332   0.944247
 326   PRO   0.0662901   0
 328   SER   0.138754   0
 332   GLU   0.0415482   0.884391
 336   ARG   -0.1456   -0.176776
 700   ASP   0.0143937   0.124417
 711   ARG   -0.0267436   -0.123359
 730   GLU   0.0563736   0.272568
 733   PRO   0.0086968   0
 742   GLU   -0.0154387   0.121795
1113   THR   0.165101   0
1114   MET   0.274164   0
1115   VAL   0.114234   0
1117   LEU   0.601552   0
1118   GLY   -0.423063   0
1119   CYS   -0.752775   0.619592
1122   TRP   -0.218986   0
1123   SER   -0.355542   0
1124   ALA   -0.156445   0
1128   CYS   -0.0245778   0.230781
1166   GLU   0.0183617   0.125733
1168   CYS   0.0358074   0.326331
1169   SER   0.155019   0
1170   HIS   0.0745534   -0.270384
1172   THR   0.136713   0
1173   ARG   0.0244336   -0.765817
1176   THR   -0.133746   0
1183   ARG   0.0450356   -0.230582
1186   ARG   -0.130133   -0.614102
1189   GLU   -0.0127692   0.184037
1193   HIS   -0.0223186   -0.153842
1239   HID   0.15158   -0.191604
1252   GLY   -0.148499   0
1253   PRO   -0.269532   0
1254   SER   0.608884   0
1256   ASN   -1.79301   0
1257   LYS   -0.0135726   -0.210871
1258   ALA   -0.196812   0
1259   LYS   -0.155989   -3.27891
1261   CYS   -0.042286   0.126701
1266   ARG   -0.0763359   -0.114848
1267   TYR   -0.0326546   0.185058
1272   ARG   -0.00717988   -0.109302
SITE:  CYS-1128
 332   GLU   -0.00266286   0.129237
 700   ASP   -0.00870291   0.220571
 742   GLU   -0.0421458   0.363626
 771   ASP   -0.0178832   0.102463
1102   LEU   0.131039   0
1103   GLY   0.12961   0
1105   SER   0.173726   0
1106   LEU   0.609986   0
1107   GLY   0.16679   0
1109   ILE   -0.172568   0
1110   PHE   -0.313322   0
1111   LEU   0.15209   0
1112   VAL   -0.169501   0
1113   THR   -0.486205   0
1114   MET   -0.185224   0
1119   CYS   -0.075577   0.127385
1120   GLU   0.101408   0.230781
1121   LEU   0.274712   0
1122   TRP   0.199334   0
1123   SER   0.112923   0
1124   ALA   1.16528   0
1125   VAL   0.351742   0
1127   MET   -0.513042   0
1129   ALA   -0.227929   0
1130   THR   -0.453393   0
1131   ILE   -0.442455   0
1158   VAL   0.103664   0
1161   CYS   0.167365   0.707449
1162   GLY   0.109614   0
1165   VAL   -0.0407372   0
1166   GLU   -0.00649065   0.329668
1168   CYS   -0.0485623   1.29889
1170   HIS   0.00273906   -0.342295
1173   ARG   -0.0905579   -0.285826
1186   ARG   0.00151524   -0.102783
1206   LYS   -0.00919256   -0.238784
1229   TYR   0.0262922   0.130523
1239   HIS   -0.0256288   -0.254786
1239   HID   0.297452   -0.399754
1259   LYS   -0.00155244   -0.182699
SITE:  CYS-1161
 628   TYR   -0.0190208   0.152716
 688   GLU   -0.0145219   0.104994
 700   ASP   -0.0677173   0.408595
 738   SER   0.21987   0
 739   SER   0.151919   0
 741   SER   0.331714   0
 742   GLU   0.0338833   0.867695
 744   VAL   -0.104694   0
 748   LEU   -0.214964   0
 749   GLY   -0.135054   0
 758   HIS   0.0776814   -0.143818
 765   GLY   -0.00726626   0
 771   ASP   -0.072952   0.252545
1091   TYR   0.00276888   0.134976
1097   ASP   0.116823   0.286506
1098   THR   0.253186   0
1101   ASN   -0.0596966   0
1102   LEU   0.360006   0
1103   GLY   0.0597128   0
1105   SER   -1.44251   0
1106   LEU   0.136571   0
1108   ALA   -0.25223   0
1109   ILE   -0.398389   0
1128   CYS   0.267974   0.707449
1131   ILE   0.0298581   0
1134   VAL   -0.217357   0
1135   LEU   -0.163719   0
1138   MET   -0.189288   0
1150   ASN   0.170459   0
1152   VAL   0.130775   0
1153   SER   0.226149   0
1154   LEU   0.327925   0
1155   VAL   0.329838   0
1156   ASN   0.324262   0
1157   LEU   1.22973   0
1158   VAL   2.3257   0
1159   MET   0.546358   0
1160   SER   -0.371928   0
1162   GLY   -0.530921   0
1163   ILE   -0.233808   0
1164   SER   -0.626407   0
1165   VAL   -0.248378   0
1166   GLU   -0.121122   0.720571
1168   CYS   -0.0584774   0.840101
1169   SER   -0.157319   0
1170   HIS   -0.0322769   -0.37881
1173   ARG   -0.0687504   -0.177594
1206   LYS   -0.0288296   -0.650676
1225   TYR   0.0974266   0.392589
1229   TYR   0.057186   0.670738
1236   GLY   -0.0569352   0
1239   HIS   -0.0827073   -0.40568
1239   HID   0.157704   -0.429318
SITE:  GLU-1166
 332   GLU   0.00981766   0.183501
 346   CYS   -0.0165882   0.119561
 620   ASP   0.0343208   0.119926
 628   TYR   -0.0269906   0.415748
 634   TYR   -0.156152   0.426227
 641   HIS   -0.0170611   -0.127814
 653   LYS   0.0293964   -0.167762
 660   GLY   0.0838397   0
 670   CYS   -0.0641163   0.152931
 688   GLU   0.0171016   0.165391
 689   VAL   0.110012   0
 690   ILE   0.174922   0
 691   PRO   0.144962   0
 693   LEU   0.276946   0
 694   VAL   0.199108   0
 695   LEU   0.165797   0
 696   ALA   0.406461   0
 697   VAL   0.0676516   0
 698   GLY   0.0489281   0
 699   VAL   -0.176669   0
 700   ASP   -1.39833   3.51973
 701   ASN   -0.22785   0
 703   PHE   -0.183248   0
 704   ILE   -0.214599   0
 711   ARG   -0.0777539   -0.201918
 712   ASP   -0.0140013   0.128728
 730   GLU   0.0283872   0.24433
 731   VAL   0.0755877   0
 733   PRO   0.0564393   0
 734   SER   0.100854   0
 735   MET   0.212286   0
 739   SER   0.0638378   0
 741   SER   -0.397121   0
 742   GLU   0.155099   3.05751
 743   THR   -0.152095   0
 745   ALA   -0.151744   0
 765   GLY   0.0772798   0
 768   VAL   0.0264041   0
 771   ASP   -0.140489   0.893273
 778   CYS   -0.0538676   0.13413
 825   TYR   -0.0462426   0.25117
1120   GLU   0.023464   0.125733
1128   CYS   0.0859001   0.329668
1156   ASN   0.193981   0
1157   LEU   0.133254   0
1158   VAL   0.108565   0
1159   MET   0.359222   0
1160   SER   0.272754   0
1161   CYS   0.111863   0.720571
1162   GLY   0.222536   0
1163   ILE   0.773372   0
1164   SER   0.0534123   0
1165   VAL   -0.135663   0
1167   PHE   -0.0576089   0
1168   CYS   -0.0524456   1.19903
1169   SER   -0.51765   0
1170   HIS   -0.179827   -1.79172
1173   ARG   -0.138192   -0.425903
1189   GLU   0.00482592   0.1232
1193   HIS   0.0157426   -0.178924
1195   GLY   0.102239   0
1198   VAL   0.164998   0
1201   GLY   -0.205546   0
1202   ILE   -0.410218   0
1203   THR   -0.0316214   0
1205   THR   -0.395691   0
1206   LYS   -0.0317952   -5.72203
1209   GLY   -0.16228   0
1225   TYR   0.101804   0.305866
1229   TYR   0.194067   0.799394
1232   MET   0.0787462   0
1233   VAL   0.0922602   0
1236   GLY   -0.1324   0
1239   HIS   -0.0959645   -0.447903
1239   HID   0.431097   -0.852881
1240   GLY   -0.130391   0
1245   PRO   -0.0412079   0
1259   LYS   0.000284651   -0.165167
1267   TYR   -0.0107034   0.126029
1272   ARG   0.00481644   -0.105654
SITE:  CYS-1168
 332   GLU   0.00769616   0.284024
 628   TYR   -0.00294547   0.109826
 634   TYR   -0.0387046   0.144174
 700   ASP   -0.011533   0.740308
 711   ARG   -0.0473751   -0.183637
 712   ASP   -0.0181831   0.105605
 730   GLU   0.0524974   0.259349
 733   PRO   0.103996   0
 734   SER   0.155437   0
 737   LEU   -0.202372   0
 738   SER   0.251838   0
 741   SER   -0.329642   0
 742   GLU   -0.15059   0.882316
 771   ASP   -0.035636   0.256671
 825   TYR   -0.0858018   0.338263
 835   ARG   0.0327817   -0.128351
1109   ILE   0.13872   0
1110   PHE   0.154435   0
1113   THR   0.180965   0
1117   LEU   -0.121661   0
1119   CYS   -0.0816267   0.114965
1120   GLU   0.118877   0.326331
1121   LEU   0.16538   0
1122   TRP   0.16022   0
1123   SER   0.222741   0
1124   ALA   0.372   0
1125   VAL   0.0955509   0
1126   ILE   -0.00496796   0
1127   MET   1.00754   0
1128   CYS   0.327142   1.29889
1129   ALA   -0.141521   0
1130   THR   -0.756   0
1131   ILE   -0.309825   0
1134   VAL   -0.271492   0
1137   ASN   -0.182101   0
1157   LEU   0.13904   0
1158   VAL   0.149744   0
1159   MET   0.206136   0
1160   SER   0.256883   0
1161   CYS   0.35802   0.840101
1162   GLY   0.314464   0
1163   ILE   0.219241   0
1164   SER   1.03027   0
1165   VAL   0.661967   0
1166   GLU   0.0933681   1.19903
1167   PHE   -0.271743   0
1169   SER   -0.703126   0
1170   HIS   -0.104732   -1.40664
1171   ILE   -0.534356   0
1172   THR   -0.500406   0
1173   ARG   -0.266483   -0.688836
1174   ALA   -0.155111   0
1175   PHE   -0.16096   0
1176   THR   -0.219488   0
1186   ARG   0.0170632   -0.230367
1188   GLU   0.00869519   0.10187
1189   GLU   -0.0243222   0.182754
1193   HIS   -0.028044   -0.203887
1195   GLY   -0.00802141   0
1198   VAL   -0.0727942   0
1206   LYS   -0.041841   -0.758443
1225   TYR   0.0414569   0.126037
1229   TYR   0.0846602   0.276908
1232   MET   0.132992   0
1233   VAL   0.140341   0
1235   LEU   0.0981611   0
1236   GLY   0.26982   0
1237   ALA   0.167568   0
1239   HIS   -0.157343   -0.831905
1239   HID   2.75778   -2.33047
1240   GLY   -0.0272803   0
1243   PHE   -0.165287   0
1244   LEU   -0.33198   0
1245   PRO   -0.0310145   0
1247   LEU   -0.20018   0
1248   LEU   -0.187409   0
1250   TYR   -0.09068   0.11024
1252   GLY   -0.157773   0
1253   PRO   0.00652207   0
1259   LYS   -0.000721774   -0.337307
1267   TYR   -0.0166947   0.142024
1272   ARG   0.00746406   -0.111347
SITE:  HIS-1170
 332   GLU   0.0189335   0.461473
 336   ARG   -0.109712   -0.168697
 346   CYS   -0.0293896   0.153652
 628   TYR   0.00252041   0.169342
 634   TYR   -0.0853633   0.310684
 641   HIS   -0.0241002   -0.178581
 653   LYS   0.025713   -0.231139
 694   VAL   0.100774   0
 697   VAL   0.190348   0
 698   GLY   0.132632   0
 699   VAL   0.0460501   0
 700   ASP   0.364336   2.17475
 701   ASN   0.366986   0
 702   ILE   0.0277113   0
 704   ILE   -0.396798   0
 707   GLN   -0.273216   0
 709   TYR   -0.0658996   0.146265
 711   ARG   -0.169861   -0.50934
 712   ASP   -0.0413899   0.299501
 726   ARG   0.0435888   -0.232506
 727   VAL   0.0879689   0
 728   LEU   0.119099   0
 729   GLY   0.0573136   0
 730   GLU   0.0926915   0.680962
 731   VAL   0.2419   0
 732   ALA   0.186035   0
 733   PRO   0.0420735   0
 734   SER   -0.259554   0
 735   MET   0.137215   0
 737   LEU   -0.38442   0
 738   SER   -0.692766   0
 739   SER   -0.149141   0
 741   SER   -0.380345   0
 742   GLU   -0.0417651   1.25317
 768   VAL   0.08727   0
 771   ASP   -0.0559148   0.554994
 778   CYS   -0.0394148   0.124393
 786   ASP   -0.024525   0.119078
 814   GLU   -0.07641   0.115046
 822   LYS   -0.00993746   -0.123175
 825   TYR   -0.0872734   0.30773
1120   GLU   0.0569592   0.270384
1128   CYS   0.0584468   0.342295
1161   CYS   0.107934   0.37881
1162   GLY   0.172774   0
1163   ILE   0.243252   0
1164   SER   0.183288   0
1165   VAL   0.549572   0
1166   GLU   1.4018   1.79172
1167   PHE   0.632585   0
1168   CYS   0.174256   1.40664
1169   SER   -0.486986   0
1171   ILE   -0.405556   0
1172   THR   -0.375842   0
1173   ARG   -0.406865   -0.998795
1174   ALA   -0.233793   0
1176   THR   -0.200084   0
1180   LYS   0.00173739   -0.112506
1186   ARG   0.0195457   -0.212725
1188   GLU   0.0207857   0.127923
1189   GLU   0.010975   0.324383
1191   LEU   0.135331   0
1193   HIS   -0.00427002   -0.483849
1194   MET   0.114236   0
1195   GLY   0.0804313   0
1197   SER   -0.355126   0
1198   VAL   -0.171397   0
1201   GLY   -0.30888   0
1202   ILE   -0.281362   0
1205   THR   -0.19258   0
1206   LYS   -0.042624   -0.989581
1225   TYR   0.031835   0.113288
1229   TYR   0.0724797   0.264195
1233   VAL   0.0782334   0
1236   GLY   0.0457306   0
1239   HIS   -0.0205827   -0.328938
1239   HID   0.672783   -1.36719
1240   GLY   0.0361502   0
1245   PRO   -0.0581836   0
1259   LYS   0.0143516   -0.399612
1266   ARG   -0.0878913   -0.165921
1267   TYR   -0.0308728   0.326995
1272   ARG   0.012053   -0.280026
SITE:  ARG-1173
 324   CYS   0.029606   0.112844
 325   ASP   0.0633413   0.18731
 328   SER   0.225062   0
 331   PHE   -0.1922   0
 332   GLU   -0.098476   1.67721
 333   GLY   0.014031   0
 334   CYS   -0.0545726   0.175867
 335   LEU   -0.225626   0
 336   ARG   -0.354396   -0.420013
 337   ARG   0.0232965   -0.14878
 346   CYS   -0.0262398   0.119502
 653   LYS   0.00815827   -0.120093
 700   ASP   0.0628517   0.492558
 711   ARG   -0.119155   -0.415948
 712   ASP   -0.0362096   0.294628
 726   ARG   0.0871355   -0.272904
 727   VAL   0.134507   0
 728   LEU   0.164705   0
 729   GLY   0.240212   0
 730   GLU   0.311278   0.958294
 731   VAL   0.378378   0
 733   PRO   0.0802477   0
 734   SER   1.24524   0
 736   PHE   -0.318356   0
 737   LEU   -0.465978   0
 741   SER   -0.182662   0
 742   GLU   -0.0408658   0.432608
 771   ASP   -0.017378   0.211851
 822   LYS   -0.00888111   -0.102739
 825   TYR   -0.0423196   0.12212
1109   ILE   0.109374   0
1113   THR   0.287557   0
1114   MET   0.12118   0
1116   LEU   0.445572   0
1117   LEU   0.124266   0
1118   GLY   0.00749612   0
1119   CYS   -0.160247   0.237377
1120   GLU   0.0692314   0.765817
1128   CYS   0.0169727   0.285826
1161   CYS   0.0503428   0.177594
1165   VAL   0.101506   0
1166   GLU   0.0605228   0.425903
1168   CYS   0.113861   0.688836
1169   SER   0.386668   0
1170   HIS   0.225478   -0.998795
1171   ILE   0.112047   0
1172   THR   -0.157948   0
1174   ALA   -0.157109   0
1175   PHE   -0.200741   0
1176   THR   -0.515217   0
1177   VAL   -0.080702   0
1180   LYS   0.00104742   -0.123762
1186   ARG   -0.0407851   -0.33645
1188   GLU   -0.00699721   0.117256
1189   GLU   -0.0336221   0.399446
1193   HIS   -0.0232268   -0.473814
1194   MET   -0.134209   0
1197   SER   -0.155304   0
1206   LYS   -0.0120957   -0.256213
1239   HIS   0.0135534   -0.126064
1239   HID   0.32337   -0.465913
1245   PRO   0.00514181   0
1253   PRO   -0.0376129   0
1254   SER   0.177819   0
1259   LYS   0.061487   -1.49724
1266   ARG   -0.172785   -0.328967
1267   TYR   -0.0640792   0.527818
1272   ARG   -0.0405946   -0.325564
SITE:  LYS-1180
 332   GLU   0.00978026   0.117998
 711   ARG   0.0302142   -0.238293
 712   ASP   -0.0232698   0.11819
 730   GLU   0.03066   0.206065
 814   GLU   -0.0104131   0.132688
 822   LYS   0.0345553   -0.283001
 832   ASP   0.00520378   0.10769
 835   ARG   -0.031053   -0.119586
1170   HIS   0.0219812   -0.112506
1173   ARG   0.0238101   -0.123762
1181   GLY   -0.211782   0
1182   SER   0.277617   0
1183   ARG   0.0803572   -0.108223
1185   GLU   -0.411332   0.956088
1186   ARG   0.116648   -0.380156
1188   GLU   -0.33815   1.18424
1189   GLU   -0.263348   0.821281
1193   HIS   -0.0780212   -0.406204
1259   LYS   0.00327576   -0.103974
1264   GLU   -0.020775   0.102423
1267   TYR   -0.0312348   0.206092
1272   ARG   0.044753   -0.209099
1278   PHE   0.0116211   0.34299
SITE:  ARG-1183
 294   ARG   -0.00344658   -0.132104
 317   ASP   0.0388303   0.221078
 325   ASP   0.0316094   0.201986
 832   ASP   0.0210024   0.100432
 835   ARG   0.0366474   -0.260312
1120   GLU   -0.00501949   0.230582
1122   TRP   -0.152437   0
1180   LYS   0.0960713   -0.108223
1185   GLU   -0.107595   0.193136
1186   ARG   0.099833   -0.889357
1188   GLU   -0.0398398   0.103034
1189   GLU   -0.026328   0.12471
1248   LEU   0.199649   0
1250   TYR   0.167074   0.171539
1252   GLY   0.635742   0
1253   PRO   0.526735   0
1254   SER   0.0682951   0
1257   LYS   -0.0277546   -0.196943
1259   LYS   -0.030905   -0.156936
SITE:  GLU-1185
 294   ARG   0.0368017   -0.228072
 711   ARG   0.0135897   -0.103327
 730   GLU   0.0135415   0.101205
 822   LYS   0.0247463   -0.115324
 832   ASP   0.0135667   0.201018
 835   ARG   -0.0460305   -0.210341
1180   LYS   -0.173704   -0.956088
1181   GLY   -0.227362   0
1182   SER   -0.00808527   0
1183   ARG   0.0719625   -0.193136
1184   VAL   -0.0090459   0
1186   ARG   -0.0272168   -0.506483
1187   ALA   -0.141959   0
1188   GLU   -0.172621   0.650078
1189   GLU   -0.1402   0.38283
1193   HIS   -0.0349238   -0.163898
1250   TYR   0.0144804   0.111396
1278   PHE   0.00549563   0.262024
SITE:  ARG-1186
 294   ARG   0.00873111   -0.112373
 317   ASP   0.0356706   0.206023
 324   CYS   -0.0454178   0.117145
 325   ASP   0.0472436   0.31785
 332   GLU   0.0413874   0.32178
 711   ARG   -0.0160701   -0.162178
 730   GLU   0.0480547   0.249144
 825   TYR   -0.0301336   0.100642
 835   ARG   0.0171505   -0.247173
1120   GLU   0.0307186   0.614102
1128   CYS   -0.00944904   0.102783
1168   CYS   0.0478582   0.230367
1170   HIS   0.0613542   -0.212725
1171   ILE   0.120978   0
1172   THR   0.147663   0
1173   ARG   0.1312   -0.33645
1175   PHE   0.854098   0
1176   THR   0.401522   0
1178   SER   0.352126   0
1180   LYS   0.343367   -0.380156
1181   GLY   0.179393   0
1182   SER   0.474025   0
1183   ARG   -0.187277   -0.889357
1184   VAL   0.212277   0
1185   GLU   -0.459974   0.506483
1188   GLU   -0.195975   0.309821
1189   GLU   -0.112647   0.555775
1190   ALA   -0.180023   0
1193   HIS   -0.0559854   -0.249182
1239   HID   0.14981   -0.219523
1245   PRO   0.0952027   0
1248   LEU   0.150649   0
1250   TYR   -0.00247254   0.139013
1252   GLY   -0.32939   0
1253   PRO   2.09502   0
1254   SER   0.81562   0
1255   VAL   -0.0668317   0
1257   LYS   -0.00570445   -0.256744
1259   LYS   -0.0958717   -0.516656
1261   CYS   -0.0110969   0.132418
1264   GLU   -0.026699   0.129064
1267   TYR   -0.0402216   0.205412
1272   ARG   0.00886503   -0.141024
1278   PHE   0.00181799   0.123441
SITE:  GLU-1188
 294   ARG   0.00363609   -0.137101
 711   ARG   0.0186063   -0.211685
 730   GLU   0.0218025   0.156841
 814   GLU   -0.00683361   0.128524
 822   LYS   0.131696   -0.28064
 825   TYR   -0.0547136   0.15143
 827   PRO   0.0236217   0
 831   LYS   -0.0152726   -0.148503
 832   ASP   -0.0064595   0.211678
 835   ARG   -0.0748179   -0.216335
1168   CYS   0.0225858   0.10187
1170   HIS   0.0129391   -0.127923
1173   ARG   0.0179562   -0.117256
1180   LYS   -0.00067864   -1.18424
1182   SER   0.205596   0
1183   ARG   0.0894914   -0.103034
1184   VAL   0.330528   0
1185   GLU   0.0992199   0.650078
1186   ARG   0.124301   -0.309821
1189   GLU   -0.58444   0.626192
1191   LEU   -0.206894   0
1192   ALA   -0.183533   0
1193   HIS   -0.0946538   -0.345364
1239   HID   0.0625591   -0.13949
1245   PRO   0.0322726   0
1250   TYR   -0.00437203   0.121661
1267   TYR   -0.0151347   0.138074
1272   ARG   0.0258735   -0.146518
1278   PHE   0.0030902   0.175209
SITE:  GLU-1189
 332   GLU   0.0287639   0.374617
 336   ARG   -0.145378   -0.175683
 700   ASP   0.0326465   0.147871
 711   ARG   0.0134227   -0.551671
 712   ASP   -0.0518314   0.298517
 713   GLU   0.00967151   0.117695
 726   ARG   0.0252271   -0.264494
 730   GLU   0.0760294   0.652559
 814   GLU   -0.0404711   0.189294
 822   LYS   0.00509551   -0.320798
 825   TYR   -0.059981   0.129539
 835   ARG   -0.0130625   -0.112224
1120   GLU   0.0266252   0.184037
1166   GLU   0.026708   0.1232
1168   CYS   0.0469878   0.182754
1170   HIS   0.0839366   -0.324383
1171   ILE   0.124169   0
1173   ARG   0.0693708   -0.399446
1174   ALA   0.16403   0
1177   VAL   0.0920564   0
1178   SER   -1.34807   0
1179   MET   -0.306898   0
1180   LYS   -0.273104   -0.821281
1182   SER   0.255432   0
1183   ARG   0.122126   -0.12471
1184   VAL   0.170612   0
1185   GLU   0.28349   0.38283
1186   ARG   0.113195   -0.555775
1188   GLU   -0.371044   0.626192
1190   ALA   -0.270124   0
1192   ALA   -0.166606   0
1193   HIS   -0.228902   -1.01654
1239   HID   0.113204   -0.218257
1245   PRO   0.00822679   0
1259   LYS   0.0214248   -0.287293
1264   GLU   -0.0161498   0.161238
1266   ARG   -0.159543   -0.198854
1267   TYR   -0.078011   0.59397
1272   ARG   0.0619467   -0.500504
1273   GLU   0.0123337   0.103834
1278   PHE   -0.00140155   0.301828
SITE:  HIS-1193
 332   GLU   0.0317222   0.397309
 336   ARG   -0.143164   -0.204093
 634   TYR   -0.00919185   0.102845
 641   HIS   -0.0404183   -0.167549
 653   LYS   0.00625926   -0.152305
 700   ASP   0.0578752   0.24233
 704   ILE   0.0815877   0
 709   TYR   0.00994042   0.143509
 711   ARG   0.0387997   -1.83928
 712   ASP   -0.0914124   0.517836
 713   GLU   0.011544   0.189459
 718   GLU   -0.0114874   0.100476
 726   ARG   0.0622012   -0.397106
 727   VAL   0.0399018   0
 730   GLU   0.136225   0.88447
 731   VAL   0.00443327   0
 733   PRO   -0.0664201   0
 742   GLU   -0.00674842   0.134126
 814   GLU   -0.114952   0.307771
 822   LYS   -0.0439602   -0.469886
 825   TYR   -0.0817685   0.145521
1120   GLU   0.0225206   0.153842
1166   GLU   0.0379444   0.178924
1168   CYS   0.0512368   0.203887
1170   HIS   0.0656322   -0.483849
1171   ILE   0.0865049   0
1173   ARG   0.0368981   -0.473814
1177   VAL   0.130868   0
1180   LYS   -0.0390928   -0.406204
1185   GLU   0.0571384   0.163898
1186   ARG   0.0609476   -0.249182
1188   GLU   0.0446058   0.345364
1189   GLU   0.23981   1.01654
1190   ALA   0.260795   0
1191   LEU   0.105558   0
1194   MET   -0.298904   0
1195   GLY   -0.117836   0
1196   SER   -0.291802   0
1197   SER   -0.232078   0
1206   LYS   -0.00921081   -0.120933
1239   HID   0.10983   -0.248904
1259   LYS   0.0211834   -0.275481
1264   GLU   -0.0115601   0.11406
1266   ARG   -0.180958   -0.234678
1267   TYR   -0.0594824   0.693075
1271   GLU   -0.00687312   0.118256
1272   ARG   0.124172   -0.749031
1278   PHE   -0.00229219   0.191299
SITE:  LYS-1206
 332   GLU   0.00596236   0.115525
 620   ASP   0.0383983   0.16632
 628   TYR   -0.0224862   0.518711
 634   TYR   -0.18128   0.511396
 641   HIS   -0.0148186   -0.110406
 653   LYS   0.0247018   -0.139776
 660   GLY   0.0775336   0
 670   CYS   -0.0544784   0.139206
 688   GLU   0.0367505   0.226794
 689   VAL   0.159629   0
 690   ILE   0.220886   0
 691   PRO   0.169771   0
 692   PHE   0.190685   0
 693   LEU   0.361772   0
 694   VAL   0.168364   0
 695   LEU   0.0679676   0
 696   ALA   0.260126   0
 697   VAL   0.0899565   0
 698   GLY   -0.0418833   0
 699   VAL   -0.236736   0
 700   ASP   -1.02197   2.15249
 701   ASN   -0.177586   0
 704   ILE   -0.148928   0
 711   ARG   -0.0499822   -0.138717
 730   GLU   0.0168531   0.156972
 735   MET   0.135552   0
 741   SER   -0.195996   0
 742   GLU   0.107152   1.86127
 765   GLY   0.0524292   0
 768   VAL   -0.00335109   0
 771   ASP   -0.156633   0.763476
 778   CYS   -0.0429596   0.105862
 825   TYR   -0.0335361   0.225061
1128   CYS   0.081577   0.238784
1155   VAL   0.0946952   0
1156   ASN   0.2053   0
1157   LEU   0.146767   0
1158   VAL   0.0781473   0
1159   MET   0.358808   0
1160   SER   0.282248   0
1161   CYS   0.0471114   0.650676
1162   GLY   -0.0123985   0
1163   ILE   0.331463   0
1164   SER   -0.0639911   0
1165   VAL   -0.133324   0
1166   GLU   1.70401   5.72203
1168   CYS   -0.0418466   0.758443
1169   SER   -0.259174   0
1170   HIS   -0.107781   -0.989581
1173   ARG   -0.082234   -0.256213
1193   HIS   0.0206846   -0.120933
1195   GLY   0.0778783   0
1198   VAL   0.226589   0
1201   GLY   -0.00616794   0
1202   ILE   0.100718   0
1203   THR   0.107209   0
1205   THR   -0.482625   0
1208   GLY   -0.157316   0
1209   GLY   -0.331738   0
1210   ILE   -0.145583   0
1225   TYR   0.144439   0.405226
1227   ARG   0.0255728   -0.114362
1229   TYR   0.289291   1.11883
1230   LEU   0.157748   0
1232   MET   -0.03417   0
1233   VAL   -0.00427803   0
1236   GLY   -0.241508   0
1239   HIS   -0.106383   -0.429652
1239   HID   0.265002   -0.624427
1240   GLY   -0.119585   0
1259   LYS   0.00209442   -0.103527
SITE:  LYS-1217
 612   GLU   0.0744974   0.199174
 615   ARG   -0.114649   -0.292296
 616   GLU   0.198533   0.707887
 618   ASP   -0.0548563   0.113682
 620   ASP   -0.100257   0.42532
 688   GLU   -0.0298302   0.166723
 867   PRO   -0.131956   0
 868   ASP   -0.177735   0.231486
 869   ASP   0.0172471   0.446397
1216   ALA   -0.147865   0
1218   SER   -0.30631   0
SITE:  TYR-1225
 374   THR   0.15987   0
 377   PRO   0.0905822   0
 379   ASP   -0.0669983   0.171397
 380   LEU   0.0609412   0
 389   ARG   0.0229725   -0.138124
 392   LYS   -0.0134289   -0.101905
 404   ARG   -0.00883291   -0.100741
 606   GLU   0.0398502   0.167609
 610   GLU   -0.0188894   0.209807
 611   ASP   -0.00326415   0.109144
 612   GLU   -0.0413057   0.192595
 614   ASN   0.253003   0
 615   ARG   -0.078806   -0.104259
 616   GLU   -0.148578   0.296476
 618   ASP   -0.0150212   0.155135
 620   ASP   0.097401   0.591826
 628   TYR   -0.0462316   0.310071
 681   PRO   0.0947766   0
 683   THR   -0.0337232   0
 685   ILE   -0.102188   0
 686   VAL   -0.00162844   0
 688   GLU   -0.323016   0.615224
 689   VAL   -0.280198   0
 690   ILE   0.0368572   0
 691   PRO   -0.00530221   0
 693   LEU   -0.125769   0
 700   ASP   -0.061466   0.203289
 742   GLU   0.0525749   0.319192
 749   GLY   -0.0372522   0
 755   PRO   0.0221568   0
 757   VAL   0.0407613   0
 758   HIS   0.0915946   -0.264208
 759   THR   -0.180754   0
 771   ASP   -0.0631536   0.207797
 857   ASP   0.0378554   0.116554
 861   ASP   -0.042803   0.234633
 875   TYR   -0.0227348   0.128894
1042   HID   0.0102028   -0.10459
1081   TYR   -0.00480089   0.123639
1088   TYR   0.0201055   0.422874
1089   GLU   -0.0484173   0.120148
1091   TYR   -0.00758482   0.568895
1097   ASP   0.0450037   0.295748
1101   ASN   -0.2096   0
1148   SER   0.133595   0
1150   ASN   0.227452   0
1152   VAL   0.193322   0
1153   SER   0.225484   0
1155   VAL   -0.276864   0
1156   ASN   -0.0249557   0
1158   VAL   -0.145442   0
1159   MET   -0.332363   0
1161   CYS   -0.0766534   0.392589
1166   GLU   0.00337539   0.305866
1168   CYS   -0.0113499   0.126037
1170   HIS   -0.0125604   -0.113288
1206   LYS   0.0112045   -0.405226
1216   ALA   -0.154681   0
1220   ILE   0.0259683   0
1224   PHE   -0.305637   0
1227   ARG   -0.182886   -0.200745
1228   MET   -0.286228   0
1229   TYR   -0.475766   2.25739
1239   HIS   -0.0165068   -0.100583
1239   HID   0.0128143   -0.100306
SITE:  ARG-1227
 620   ASP   0.0124034   0.132442
 857   ASP   -0.00947407   0.138269
 861   ASP   0.0116675   0.238649
 868   ASP   -0.014127   0.168459
1091   TYR   -0.00266801   0.100339
1145   TRP   0.24178   0
1146   GLY   0.0794528   0
1206   LYS   0.0129618   -0.114362
1220   ILE   0.134094   0
1222   GLN   0.369102   0
1223   ILE   0.10923   0
1224   PHE   0.141634   0
1225   TYR   0.0441133   0.200745
1228   MET   -0.203966   0
1229   TYR   -0.129438   0.26013
SITE:  TYR-1229
 616   GLU   -0.0473854   0.178957
 618   ASP   -0.0118432   0.100896
 620   ASP   0.136692   0.522698
 628   TYR   -0.0915443   0.562903
 634   TYR   -0.0722205   0.165185
 670   CYS   -0.0488078   0.132204
 685   ILE   0.117011   0
 686   VAL   0.162311   0
 688   GLU   -0.110355   0.627036
 689   VAL   0.370428   0
 690   ILE   0.291634   0
 691   PRO   0.0559708   0
 692   PHE   -0.192511   0
 693   LEU   -0.242042   0
 694   VAL   -0.050917   0
 696   ALA   -0.20927   0
 697   VAL   -0.101165   0
 700   ASP   -0.162846   0.503992
 742   GLU   0.0582625   0.722907
 749   GLY   -0.0981571   0
 757   VAL   0.0950586   0
 758   HIS   0.0988806   -0.178376
 761   SER   0.160734   0
 765   GLY   -0.00862571   0
 771   ASP   -0.124576   0.428634
 861   ASP   -0.0082607   0.136912
1088   TYR   0.00788781   0.173361
1091   TYR   0.00526673   0.275289
1097   ASP   0.039957   0.219586
1101   ASN   -0.15061   0
1128   CYS   0.0348752   0.130523
1148   SER   0.141558   0
1150   ASN   0.261576   0
1152   VAL   0.358581   0
1153   SER   0.362056   0
1154   LEU   0.107529   0
1155   VAL   -0.0330858   0
1156   ASN   0.711572   0
1157   LEU   0.0928259   0
1158   VAL   -0.0824138   0
1159   MET   -0.856737   0
1160   SER   -0.154069   0
1161   CYS   -0.108063   0.670738
1162   GLY   -0.179802   0
1163   ILE   -0.149342   0
1166   GLU   0.0204093   0.799394
1168   CYS   -0.0218188   0.276908
1170   HIS   -0.0315392   -0.264195
1202   ILE   0.102955   0
1206   LYS   -0.0122603   -1.11883
1209   GLY   -0.172794   0
1210   ILE   -0.0105657   0
1213   LEU   -0.118797   0
1220   ILE   0.13213   0
1221   PHE   0.198724   0
1225   TYR   -0.322618   2.25739
1226   PHE   0.142189   0
1227   ARG   -0.164459   -0.26013
1228   MET   -0.339215   0
1231   ALA   -0.147927   0
1233   VAL   -0.097197   0
1236   GLY   -0.111637   0
1239   HIS   -0.0362362   -0.21581
1239   HID   0.0402214   -0.22701
SITE:  HIS-1239
 276   TYR   -0.0178812   0.173847
 700   ASP   -0.0320034   0.259551
 742   GLU   -0.0265847   0.280899
 825   TYR   -0.0391468   0.419917
 835   ARG   0.0648976   -0.117633
 838   VAL   0.124911   0
 839   ILE   0.113484   0
 842   PHE   0.209726   0
 845   VAL   -0.225312   0
 849   SER   -0.245884   0
1126   ILE   0.105663   0
1127   MET   0.206382   0
1128   CYS   0.125589   0.254786
1130   THR   0.360194   0
1131   ILE   0.206381   0
1133   MET   -0.211964   0
1134   VAL   -0.00731996   0
1136   VAL   -0.182765   0
1137   ASN   -1.54844   0
1160   SER   0.154947   0
1161   CYS   0.0429923   0.40568
1164   SER   0.155119   0
1165   VAL   0.0447744   0
1166   GLU   -0.0405338   0.447903
1168   CYS   -0.168437   0.831905
1170   HIS   -0.0481595   -0.328938
1173   ARG   -0.0414945   -0.126064
1206   LYS   -0.038674   -0.429652
1225   TYR   0.0500486   0.100583
1229   TYR   0.0851626   0.21581
1231   ALA   0.197432   0
1232   MET   0.154342   0
1233   VAL   0.198165   0
1234   LEU   0.294714   0
1235   LEU   1.76341   0
1236   GLY   0.561217   0
1238   THR   0.403873   0
1239   HID   -10.4565   -6.91916
1240   GLY   0.356464   0
1242   ILE   -0.328742   0
1243   PHE   -0.331024   0
1244   LEU   -0.212972   0
1245   PRO   -0.0717284   0
1250   TYR   -0.0816432   0.130775
SITE:  HID-1239
 332   GLU   0.015378   0.206634
 634   TYR   -0.036372   0.170787
 700   ASP   0.00923893   0.610692
 711   ARG   -0.0411991   -0.217003
 712   ASP   -0.0121937   0.107355
 730   GLU   0.0480486   0.255141
 742   GLU   -0.0539663   0.510728
 771   ASP   -0.0240784   0.176889
 825   TYR   -0.141538   0.60056
 835   ARG   0.0385376   -0.166703
1120   GLU   0.0471152   0.191604
1123   SER   0.0951352   0
1127   MET   0.34883   0
1128   CYS   0.105657   0.399754
1131   ILE   0.044346   0
1134   VAL   -0.111496   0
1137   ASN   -0.681968   0
1160   SER   0.179919   0
1161   CYS   0.112261   0.429318
1162   GLY   0.0913431   0
1163   ILE   0.13779   0
1164   SER   0.421238   0
1165   VAL   0.357256   0
1166   GLU   0.154201   0.852881
1167   PHE   1.12006   0
1168   CYS   -0.297612   2.33047
1169   SER   -0.0118611   0
1170   HIS   -0.576962   -1.36719
1171   ILE   -1.66253   0
1172   THR   -0.428994   0
1173   ARG   -0.189878   -0.465913
1174   ALA   -0.241673   0
1175   PHE   -0.170998   0
1186   ARG   0.0316694   -0.219523
1188   GLU   0.0232076   0.13949
1189   GLU   -0.000964944   0.218257
1191   LEU   0.0831789   0
1193   HIS   -0.0660142   -0.248904
1194   MET   -0.23713   0
1195   GLY   -0.0415464   0
1198   VAL   -0.186992   0
1202   ILE   -0.154134   0
1206   LYS   -0.0463081   -0.624427
1225   TYR   0.0437223   0.100306
1229   TYR   0.0928034   0.22701
1232   MET   0.13681   0
1233   VAL   0.193438   0
1234   LEU   0.190151   0
1235   LEU   0.934868   0
1236   GLY   0.560414   0
1237   ALA   0.254533   0
1238   THR   0.1578   0
1239   HIS   -3.13672   -6.91916
1240   GLY   -0.46904   0
1241   LEU   0.0016346   0
1243   PHE   -0.275688   0
1244   LEU   -0.238374   0
1245   PRO   -0.1492   0
1247   LEU   -0.198615   0
1248   LEU   -0.223162   0
1250   TYR   -0.0975322   0.141188
1253   PRO   0.0419708   0
1259   LYS   0.00370209   -0.223426
1267   TYR   -0.0159466   0.139004
1272   ARG   0.00848406   -0.115598
SITE:  TYR-1250
 276   TYR   -0.00138275   0.13159
 294   ARG   -0.165111   -0.235349
 825   TYR   0.0150804   0.138163
 829   LEU   0.194453   0
 831   LYS   0.328602   -0.135712
 832   ASP   0.388426   0.605912
 835   ARG   -0.563298   -1.68138
 836   PRO   0.14412   0
 838   VAL   -0.215819   0
 839   ILE   -0.366686   0
1168   CYS   0.00280401   0.11024
1183   ARG   -0.106745   -0.171539
1185   GLU   -0.00479012   0.111396
1186   ARG   -0.0121252   -0.139013
1188   GLU   -0.0214468   0.121661
1239   HIS   0.0536652   -0.130775
1239   HID   0.0360903   -0.141188
1243   PHE   0.158187   0
1245   PRO   0.0654515   0
1246   VAL   0.195786   0
1247   LEU   0.118721   0
SITE:  LYS-1257
 317   ASP   0.997654   0.598301
 318   LYS   -0.160234   -0.140597
 319   GLY   0.700008   0
 320   GLU   0.104414   0.186189
 325   ASP   0.0188464   0.396536
1120   GLU   0.00840891   0.210871
1183   ARG   0.0431034   -0.196943
1186   ARG   -0.00562165   -0.256744
1255   VAL   0.116052   0
1256   ASN   0.124304   0
1258   ALA   -0.166602   0
1259   LYS   -0.0828584   -0.185669
1261   CYS   -0.063381   0.334842
1264   GLU   -0.00554887   0.167789
SITE:  LYS-1259
 324   CYS   0.059176   0.267399
 325   ASP   0.21803   0.562762
 326   PRO   0.108064   0
 328   SER   0.529019   0
 331   PHE   -0.313652   0
 332   GLU   0.818768   2.85557
 333   GLY   -0.0253396   0
 334   CYS   -0.0956962   0.169693
 335   LEU   -0.18772   0
 336   ARG   -0.330943   -0.40506
 337   ARG   -0.00140545   -0.141105
 700   ASP   0.0259397   0.181981
 711   ARG   -0.0475308   -0.225995
 712   ASP   -0.0164691   0.164162
 726   ARG   0.041933   -0.164779
 729   GLY   0.117459   0
 730   GLU   0.105518   0.532537
 731   VAL   0.0822816   0
 733   PRO   -0.020944   0
 742   GLU   -0.0179628   0.16312
1113   THR   0.213934   0
1114   MET   0.187829   0
1115   VAL   0.131689   0
1116   LEU   0.392936   0
1117   LEU   1.3902   0
1118   GLY   -0.183038   0
1119   CYS   -0.364455   0.389717
1120   GLU   1.09609   3.27891
1128   CYS   -0.00351712   0.182699
1166   GLU   0.0238632   0.165167
1168   CYS   0.0486038   0.337307
1169   SER   0.204905   0
1170   HIS   0.126249   -0.399612
1172   THR   0.107678   0
1173   ARG   0.183364   -1.49724
1176   THR   -0.0838992   0
1177   VAL   -0.142375   0
1179   MET   -0.14327   0
1180   LYS   0.0409758   -0.103974
1183   ARG   0.0202081   -0.156936
1186   ARG   -0.137559   -0.516656
1189   GLU   -0.0108479   0.287293
1193   HIS   -0.0200438   -0.275481
1206   LYS   -0.00572281   -0.103527
1239   HID   0.159423   -0.223426
1253   PRO   -0.0971541   0
1254   SER   0.353676   0
1255   VAL   -0.171312   0
1256   ASN   -0.19942   0
1257   LYS   0.0642378   -0.185669
1258   ALA   -0.185835   0
1260   SER   -0.158856   0
1261   CYS   -0.0640254   0.229851
1264   GLU   -0.0460866   0.145603
1265   GLU   -0.0473235   0.119472
1266   ARG   -0.160762   -0.252874
1267   TYR   -0.0753322   0.398097
1272   ARG   -0.0299523   -0.2064
SITE:  CYS-1261
 317   ASP   0.0361058   0.121019
 325   ASP   -0.0477058   0.194728
 332   GLU   -0.0159613   0.163834
 336   ARG   -0.0402797   -0.130514
 730   GLU   0.00351983   0.104169
1120   GLU   0.0218038   0.126701
1186   ARG   -0.0203283   -0.132418
1256   ASN   0.266984   0
1257   LYS   1.27485   -0.334842
1258   ALA   0.275954   0
1259   LYS   0.001185   -0.229851
1262   ALA   -0.230638   0
1263   THR   -0.242686   0
1264   GLU   -0.119475   0.569031
1265   GLU   -0.207298   0.353738
1267   TYR   -0.0611431   0.118363
1268   LYS   -0.0316105   -0.160096
1273   GLU   0.00216279   0.127856
SITE:  GLU-1264
 332   GLU   -2.05232e-05   0.143694
 336   ARG   -0.0489388   -0.124516
 730   GLU   0.00535448   0.147338
1180   LYS   0.0228616   -0.102423
1186   ARG   -0.0259855   -0.129064
1189   GLU   0.0135017   0.161238
1193   HIS   -0.00977752   -0.11406
1257   LYS   0.0726078   -0.167789
1259   LYS   0.0558068   -0.145603
1260   SER   0.281222   0
1261   CYS   0.280354   0.569031
1263   THR   -0.168614   0
1265   GLU   -0.58459   0.38106
1266   ARG   -0.249676   -0.130666
1267   TYR   -0.220436   0.212153
1268   LYS   -0.143729   -0.305038
1272   ARG   -0.0245407   -0.11964
1273   GLU   -0.0139274   0.415563
1277   ASN   0.178502   0
1278   PHE   -0.00304517   0.150415
SITE:  GLU-1265
 332   GLU   -0.024593   0.148869
 336   ARG   0.00118279   -0.252197
 337   ARG   -0.0287683   -0.10404
1259   LYS   0.0486627   -0.119472
1261   CYS   0.267993   0.353738
1264   GLU   -0.189099   0.38106
1266   ARG   -0.168382   -0.300198
1267   TYR   -0.0884489   0.130242
1268   LYS   -0.051504   -0.318949
1273   GLU   -0.00884494   0.13769
SITE:  ARG-1266
 332   GLU   0.0473598   0.463616
 333   GLY   0.0786068   0
 334   CYS   0.0759945   0.119492
 336   ARG   0.250774   -1.20032
 337   ARG   0.0281578   -0.287814
 341   ARG   -0.0299568   -0.151095
 711   ARG   -0.0646507   -0.222388
 712   ASP   -0.0112874   0.332649
 718   GLU   0.0377842   0.346961
 721   ASP   0.0322457   0.111458
 722   GLN   0.275258   0
 725   GLY   0.119139   0
 726   ARG   0.0274518   -0.573099
 727   VAL   0.0975405   0
 729   GLY   -0.212246   0
 730   GLU   -0.15135   0.610678
 733   PRO   -0.0770322   0
1120   GLU   0.0172106   0.114848
1170   HIS   0.0292242   -0.165921
1173   ARG   0.0702864   -0.328967
1189   GLU   -0.00259705   0.198854
1193   HIS   0.00498406   -0.234678
1259   LYS   0.0402747   -0.252874
1264   GLU   0.0677645   0.130666
1265   GLU   -0.309231   0.300198
1267   TYR   -0.0588502   0.702072
1268   LYS   0.0294556   -0.10005
1272   ARG   -0.145394   -0.309484
1273   GLU   -0.0236509   0.105009
SITE:  TYR-1267
 332   GLU   0.0655476   0.691732
 336   ARG   -0.313781   -0.466062
 337   ARG   0.0161544   -0.113557
 641   HIS   -0.0198567   -0.105153
 653   LYS   0.00457136   -0.125421
 700   ASP   0.0403988   0.169589
 709   TYR   0.0269687   0.144714
 711   ARG   -0.13708   -0.605578
 712   ASP   -0.102714   0.647252
 713   GLU   0.0599894   0.193282
 718   GLU   -0.00144167   0.250212
 726   ARG   -0.0335456   -0.767618
 727   VAL   0.0997082   0
 729   GLY   0.000363754   0
 730   GLU   -0.110699   1.18477
 731   VAL   -0.0100791   0
 733   PRO   -0.103079   0
 742   GLU   -0.00571387   0.105749
 814   GLU   -0.0690301   0.158129
 822   LYS   -0.0110099   -0.196195
1120   GLU   0.0316614   0.185058
1166   GLU   0.0207729   0.126029
1168   CYS   0.0330141   0.142024
1170   HIS   0.072519   -0.326995
1173   ARG   0.102496   -0.527818
1177   VAL   0.0775702   0
1179   MET   -0.180589   0
1180   LYS   -0.0112794   -0.206092
1186   ARG   -0.0333779   -0.205412
1188   GLU   -0.011127   0.138074
1189   GLU   0.0119635   0.59397
1193   HIS   -0.0283287   -0.693075
1239   HID   0.0757667   -0.139004
1259   LYS   0.0709673   -0.398097
1261   CYS   0.0411425   0.118363
1263   THR   0.234155   0
1264   GLU   0.0258222   0.212153
1265   GLU   -0.0704686   0.130242
1266   ARG   -0.494638   -0.702072
1271   GLU   -0.0450481   0.163377
1272   ARG   -0.971085   -1.09895
1273   GLU   -0.0202762   0.171835
1278   PHE   -0.00447924   0.144023
SITE:  LYS-1268
1261   CYS   0.0656588   0.160096
1264   GLU   0.0504219   0.305038
1265   GLU   -0.0756267   0.318949
1266   ARG   -0.0493327   -0.10005
1269   GLY   -0.205816   0
1273   GLU   0.0163894   0.361241
SITE:  GLU-1271
 711   ARG   0.030642   -0.130232
 712   ASP   -0.0319878   0.193518
 713   GLU   -0.00527422   0.255144
 714   ARG   0.076232   -0.167909
 718   GLU   -0.0118085   0.108524
 726   ARG   0.0285048   -0.195229
 730   GLU   -0.00695345   0.106
 822   LYS   0.000602199   -0.100033
1193   HIS   -0.0015705   -0.118256
1267   TYR   0.0857348   0.163377
1272   ARG   -0.0680419   -0.388214
1273   GLU   -0.105832   0.175769
1274   ARG   -0.25051   -0.240591
SITE:  ARG-1272
 332   GLU   0.0333612   0.341142
 336   ARG   -0.136783   -0.211346
 641   HIS   -0.0180633   -0.149057
 643   LYS   -0.0054015   -0.111941
 653   LYS   0.00651443   -0.155076
 700   ASP   0.042109   0.154867
 709   TYR   0.054748   0.199545
 711   ARG   -0.00358688   -0.766317
 712   ASP   -0.201276   0.914356
 713   GLU   0.065692   0.343952
 714   ARG   -0.00764025   -0.153022
 718   GLU   -0.0339557   0.193438
 726   ARG   0.132961   -0.806287
 727   VAL   0.0369041   0
 730   GLU   -0.0221644   0.819998
 814   GLU   -0.109436   0.269094
 822   LYS   -0.0174816   -0.309423
1120   GLU   0.0197181   0.109302
1166   GLU   0.017064   0.105654
1168   CYS   0.0215948   0.111347
1170   HIS   0.042408   -0.280026
1173   ARG   0.0526065   -0.325564
1177   VAL   0.0621495   0
1180   LYS   -0.0237164   -0.209099
1186   ARG   -0.00478143   -0.141024
1188   GLU   -0.00379322   0.146518
1189   GLU   0.020927   0.500504
1193   HIS   -0.0254356   -0.749031
1239   HID   0.0565702   -0.115598
1259   LYS   0.0322149   -0.2064
1264   GLU   -0.00380551   0.11964
1266   ARG   -0.169667   -0.309484
1267   TYR   0.17487   1.09895
1271   GLU   -0.295749   0.388214
1273   GLU   -0.200126   0.183038
1278   PHE   -0.000215981   0.149038
SITE:  GLU-1273
1189   GLU   0.00903955   0.103834
1261   CYS   0.0694174   0.127856
1264   GLU   0.0622418   0.415563
1265   GLU   -0.0546135   0.13769
1266   ARG   -0.118691   -0.105009
1267   TYR   0.159879   0.171835
1268   LYS   -0.776834   -0.361241
1269   GLY   -0.777296   0
1270   THR   0.294696   0
1271   GLU   0.042097   0.175769
1272   ARG   0.0326441   -0.183038
1274   ARG   -0.0111747   -0.458871
1276   LEU   -0.210392   0
1277   ASN   -0.237006   0
1278   PHE   -0.00799535   0.107858
SITE:  ARG-1274
1271   GLU   -0.0343677   0.240591
1273   GLU   -0.33479   0.458871
1277   ASN   -0.175035   0
SITE:  CTphe-1278
 711   ARG   0.0200308   -0.126931
 730   GLU   0.0111558   0.12373
 822   LYS   0.00320941   -0.143875
1180   LYS   -0.105703   -0.34299
1185   GLU   -0.0136402   0.262024
1186   ARG   -0.0146084   -0.123441
1188   GLU   -0.00474095   0.175209
1189   GLU   0.0156801   0.301828
1193   HIS   -0.0254222   -0.191299
1264   GLU   -0.0231906   0.150415
1267   TYR   -0.023285   0.144023
1272   ARG   0.0603361   -0.149038
1273   GLU   0.0454998   0.107858
1274   ARG   0.127386   -0.0678762
1275   LEU   0.22579   0
