
 Significant contributions to pK of each site from neighbouring groups. 
 The site of interest is listed first, list of neighbours with strong contributions follow. 
 The first number is the background contribution from non-titratable groups; 
 The last one is the interaction with other titratable groups. 

SITE:  CYS-  25
  23   GLN   -1.42615   0
  24   SER   -0.270144   0
  26   VAL   0.368444   0
  27   TRP   0.22723   0
  28   TYR   -0.272679   0.78564
  29   GLY   0.0970932   0
  30   GLU   0.00501949   0.315876
  31   CYS   -0.0119584   0.1736
  41   ASN   0.144379   0
  42   CYS   0.183991   0.334218
  43   GLU   -0.22449   0.321941
  44   TYR   0.195714   0.614892
  46   GLY   0.545558   0
  47   PRO   -0.124696   0
  48   PRO   -0.765188   0
  49   LYS   0.104716   -0.348751
  50   PRO   -0.0567895   0
  56   TYR   0.0489856   0.124242
  61   GLU   -0.0373306   0.114379
  63   CYS   0.130515   0.524748
  71   VAL   0.0892093   0
  72   SER   0.289   0
  73   LEU   -0.488946   0
  74   CYS   -0.535696   5.27481
  75   CYS   -0.0805201   1.08522
  76   ASP   -0.0383958   0.42479
 102   TYR   0.0457901   0.130725
 107   LEU   0.132934   0
 109   CYS   0.267608   0.597458
 110   GLU   0.275368   0.584431
 111   LEU   0.272671   0
 112   THR   0.169701   0
 113   CYS   -0.296281   1.47112
 114   SER   2.14026   0
 115   PRO   0.0476439   0
 116   ARG   -0.465362   -0.641589
 117   GLN   -0.183039   0
 118   SER   -0.795898   0
 121   LEU   0.00622409   0
 138   LYS   -0.0280434   -0.113862
 143   GLU   -0.0239504   0.11904
 146   TYR   -0.0376391   0.524851
 147   TYR   0.0800984   0.21315
 218   GLU   0.0576023   0.19851
SITE:  TYR-  28
  23   GLN   -0.221694   0
  25   CYS   -0.200406   0.78564
  26   VAL   0.252776   0
  27   TRP   0.209122   0
  29   GLY   -0.339684   0
  30   GLU   0.161822   0.753331
  31   CYS   -0.0123704   0.325265
  39   ARG   -0.0500309   -0.146505
  41   ASN   0.0834467   0
  42   CYS   0.192327   0.580447
  43   GLU   -0.0813364   0.190674
  44   TYR   0.0697567   0.578352
  47   PRO   0.220936   0
  48   PRO   -0.387298   0
  49   LYS   0.817086   -0.650781
  50   PRO   0.26985   0
  51   LEU   -0.442827   0
  52   PRO   -0.248062   0
  53   LYS   -0.0787405   -0.120273
  54   ASP   -0.211834   0.290377
  56   TYR   0.0710295   0.224841
  57   ASP   -0.0254618   0.119198
  61   GLU   -0.0521833   0.14652
  63   CYS   0.0983074   0.403645
  73   LEU   0.38264   0
  74   CYS   0.149012   1.41677
  75   CYS   2.07598   1.62466
  76   ASP   -0.85084   2.28687
  77   VAL   -0.0921572   0
  78   ARG   -0.275813   -0.223978
  79   GLN   -0.535834   0
  80   LEU   -0.163553   0
  84   LYS   -0.0387372   -0.110478
  85   ASP   -0.0481635   0.106532
 109   CYS   0.0940204   0.325701
 110   GLU   0.0640219   0.196519
 112   THR   0.112611   0
 113   CYS   0.0171663   0.918605
 114   SER   0.123123   0
 115   PRO   0.00526436   0
 116   ARG   -0.0556547   -0.104206
 129   TYR   -0.0014208   0.135333
 131   ASP   0.0136468   0.144261
 138   LYS   -0.0305785   -0.268871
 146   TYR   -0.00845229   0.176713
SITE:  GLU-  30
  25   CYS   -0.106711   0.315876
  27   TRP   0.277016   0
  28   TYR   -0.244262   0.753331
  29   GLY   -0.396054   0
  31   CYS   -0.288906   0.938079
  32   GLY   0.329778   0
  37   ASP   0.122471   0.389367
  38   LYS   -0.109969   -0.370327
  39   ARG   -0.609252   -0.81366
  40   TYR   0.274892   0.234657
  41   ASN   -0.199486   0
  42   CYS   0.274018   1.24914
  43   GLU   -0.054503   0.206549
  44   TYR   0.0551959   0.186452
  49   LYS   0.0496017   -0.12054
  54   ASP   -0.080851   0.171247
  61   GLU   -0.0308462   0.153575
  63   CYS   0.0556749   0.259888
  74   CYS   0.112906   0.50587
  75   CYS   -0.108399   0.812033
  76   ASP   -0.184251   1.46918
  78   ARG   -0.965571   -0.906523
  81   GLN   0.00490664   0
  82   THR   -0.485834   0
  84   LYS   -0.0525094   -0.168989
  85   ASP   -0.160468   0.367635
  86   ASN   -0.21831   0
 109   CYS   0.0479846   0.274872
 110   GLU   0.0237238   0.175835
 113   CYS   -0.0254262   0.587346
 127   GLU   0.0656511   0.167894
 129   TYR   -0.00703078   0.453461
 131   ASP   0.00405076   0.288703
 138   LYS   -0.00722289   -0.445607
 140   ASN   0.0821556   0
 141   VAL   0.0734484   0
 142   LYS   0.0283094   -0.112024
 143   GLU   -0.0169745   0.124423
 146   TYR   -0.0138739   0.197199
 196   LYS   -0.011982   -0.163236
 202   PRO   -0.152743   0
SITE:  CYS-  31
  25   CYS   -0.0488868   0.1736
  28   TYR   0.20499   0.325265
  29   GLY   0.0710152   0
  30   GLU   -0.662124   0.938079
  32   GLY   -0.388156   0
  33   ILE   0.111476   0
  37   ASP   0.0386842   0.176612
  38   LYS   0.0515053   -0.179532
  39   ARG   -0.637934   -0.48654
  40   TYR   0.662271   0.341501
  42   CYS   -1.1682   3.87614
  43   GLU   0.0117457   0.415935
  44   TYR   0.0457122   0.192797
  74   CYS   0.0389228   0.230328
  75   CYS   -0.010784   0.231748
  76   ASP   -0.019303   0.391463
  78   ARG   -0.0959899   -0.242388
  85   ASP   -0.0315536   0.109223
 113   CYS   -0.0192966   0.195649
 126   THR   -0.212272   0
 127   GLU   0.260018   0.472781
 128   ASP   -0.311268   0.321437
 129   TYR   0.371472   2.01034
 130   VAL   0.182613   0
 131   ASP   0.210502   1.4759
 132   PRO   -0.0948566   0
 136   GLN   -0.0224422   0
 137   THR   -0.27629   0
 138   LYS   0.0285016   -1.96062
 139   THR   0.23019   0
 140   ASN   1.40952   0
 141   VAL   0.0506452   0
 142   LYS   -0.00860598   -0.191345
 143   GLU   0.00324257   0.118655
 196   LYS   -0.012487   -0.129459
SITE:  TYR-  35
  36   GLY   -0.160732   0
  37   ASP   -0.0189795   0.337115
  38   LYS   -0.08024   -0.551517
  39   ARG   0.0362549   -0.126012
  40   TYR   0.0448093   0.616795
  85   ASP   -0.00466588   0.103038
 127   GLU   0.0433593   0.149226
 142   LYS   0.0438918   -0.290417
 143   GLU   0.0115203   0.171255
 192   TYR   0.0565397   0.151469
 196   LYS   0.503288   -3.26278
 197   ASP   0.0476934   0.398837
 199   GLY   0.0374297   0
 201   ALA   0.30024   0
 202   PRO   0.231454   0
SITE:  ASP-  37
  30   GLU   -0.092478   0.389367
  31   CYS   0.0204761   0.176612
  32   GLY   0.123334   0
  33   ILE   -0.219048   0
  34   ALA   -0.239786   0
  35   TYR   0.52913   0.337115
  36   GLY   -0.0924386   0
  38   LYS   -0.951347   -2.80336
  39   ARG   0.198511   -0.755236
  40   TYR   0.0770177   0.268803
  42   CYS   0.0224762   0.166507
  74   CYS   0.0135586   0.101876
  75   CYS   -0.0217673   0.170869
  76   ASP   0.00946413   0.136221
  78   ARG   0.21854   -0.479973
  82   THR   0.166562   0
  84   LYS   -0.0147619   -0.143917
  85   ASP   0.0140269   0.86085
  86   ASN   -0.211362   0
  88   GLN   -0.23413   0
 109   CYS   0.000669422   0.122429
 113   CYS   -0.00815118   0.16349
 129   TYR   0.00316878   0.162833
 146   TYR   -0.00679591   0.108552
 192   TYR   0.0173734   0.124096
 196   LYS   0.0457477   -0.466727
 199   GLY   0.196024   0
 200   GLN   0.51899   0
 202   PRO   -0.0761797   0
SITE:  LYS-  38
  30   GLU   -0.133732   0.370327
  31   CYS   0.0108715   0.179532
  32   GLY   0.159287   0
  33   ILE   -0.211542   0
  34   ALA   -0.284092   0
  35   TYR   0.611696   0.551517
  36   GLY   -0.303953   0
  37   ASP   0.70419   2.80336
  39   ARG   0.16195   -0.708291
  40   TYR   0.0637809   0.375884
  42   CYS   0.0296054   0.183319
  63   CYS   0.0169044   0.117622
  74   CYS   0.0184563   0.127545
  75   CYS   -0.0258642   0.201838
  76   ASP   0.0102013   0.137524
  78   ARG   0.126557   -0.315465
  82   THR   0.204958   0
  84   LYS   0.00556135   -0.150523
  85   ASP   -0.0481117   0.731967
  86   ASN   -0.246392   0
  88   GLN   -0.28908   0
  90   PRO   -0.0773892   0
 109   CYS   -0.00199083   0.162347
 110   GLU   -0.0135421   0.120942
 113   CYS   -0.0128062   0.204284
 127   GLU   0.0431005   0.124446
 129   TYR   0.00234835   0.143775
 142   LYS   0.0381146   -0.138171
 143   GLU   -0.013438   0.141775
 146   TYR   -0.0104087   0.157537
 160   CYS   0.0069856   0.107045
 177   CYS   -0.0138089   0.132311
 192   TYR   0.052583   0.215428
 196   LYS   0.101882   -0.814626
 197   ASP   -0.0239466   0.167827
 199   GLY   0.72784   0
 200   GLN   1.36675   0
 201   ALA   0.173467   0
 202   PRO   -0.0579579   0
 203   PHE   0.152187   0
SITE:  ARG-  39
  28   TYR   -0.0162636   0.146505
  30   GLU   0.120095   0.81366
  31   CYS   0.170077   0.48654
  32   GLY   0.441684   0
  33   ILE   -0.263622   0
  34   ALA   -0.159342   0
  35   TYR   0.100842   0.126012
  36   GLY   0.17508   0
  37   ASP   0.243682   0.755236
  38   LYS   0.739437   -0.708291
  40   TYR   0.0262287   0.273291
  42   CYS   0.0284782   0.354309
  74   CYS   0.0214028   0.115561
  75   CYS   -0.0158646   0.184633
  76   ASP   -0.000446619   0.268462
  78   ARG   0.333536   -1.03613
  85   ASP   -0.0717265   0.401716
 113   CYS   -0.00479402   0.157101
 127   GLU   0.0497287   0.13177
 129   TYR   0.000698176   0.581156
 131   ASP   -0.029358   0.231768
 138   LYS   0.0289559   -0.236172
 142   LYS   0.0170215   -0.100501
 196   LYS   -0.00512555   -0.210924
 202   PRO   -0.0718349   0
SITE:  TYR-  40
  30   GLU   -0.141277   0.234657
  31   CYS   -0.0423168   0.341501
  32   GLY   -0.203603   0
  34   ALA   -0.416458   0
  35   TYR   0.138449   0.616795
  37   ASP   -0.00601382   0.268803
  38   LYS   0.200409   -0.375884
  39   ARG   0.0584134   -0.273291
  42   CYS   -0.0196635   0.296154
  43   GLU   -0.0442176   0.165425
  74   CYS   0.0131994   0.104173
  75   CYS   -0.0153571   0.117635
  78   ARG   0.0216583   -0.102107
  85   ASP   -0.0264474   0.112607
 113   CYS   -0.014135   0.124851
 127   GLU   0.409986   1.05349
 128   ASP   0.0178364   0.156538
 129   TYR   -0.0366691   0.286664
 131   ASP   -0.0110268   0.126998
 138   LYS   0.0784618   -0.127429
 140   ASN   -0.312017   0
 141   VAL   0.192315   0
 142   LYS   -0.0461701   -1.70417
 143   GLU   0.044982   0.510907
 146   TYR   -0.00499737   0.112261
 191   GLU   0.0473397   0.105518
 196   LYS   -0.189853   -1.1962
 197   ASP   -0.0559862   0.180776
 202   PRO   0.707732   0
 203   PHE   -0.285668   0
 204   THR   0.234094   0
SITE:  CYS-  42
  25   CYS   -0.0943956   0.334218
  28   TYR   0.861953   0.580447
  29   GLY   0.489644   0
  30   GLU   -0.83791   1.24914
  31   CYS   0.0477987   3.87614
  32   GLY   -0.0561122   0
  37   ASP   0.0419025   0.166507
  38   LYS   -0.00421815   -0.183319
  39   ARG   -0.434028   -0.354309
  40   TYR   0.556651   0.296154
  41   ASN   -0.33358   0
  43   GLU   -0.389005   0.73995
  44   TYR   0.135217   0.350898
  49   LYS   0.00842723   -0.133678
  63   CYS   0.0279295   0.13107
  74   CYS   0.0753159   0.443782
  75   CYS   -0.0199618   0.401206
  76   ASP   -0.0647034   0.603581
  78   ARG   -0.146346   -0.23825
  79   GLN   0.336182   0
  85   ASP   -0.0489323   0.124542
 109   CYS   0.036226   0.150906
 110   GLU   0.0247682   0.116075
 113   CYS   -0.0412541   0.345276
 126   THR   -0.292132   0
 127   GLU   0.197567   0.393017
 128   ASP   -0.196493   0.2465
 129   TYR   0.0425575   0.755208
 131   ASP   0.0830016   0.692286
 138   LYS   -0.211438   -1.30296
 139   THR   0.557159   0
 140   ASN   0.7784   0
 141   VAL   -0.00437046   0
 142   LYS   0.014074   -0.180381
 143   GLU   0.00539822   0.154557
 146   TYR   -0.00838528   0.140361
 196   LYS   -0.0140141   -0.127576
 202   PRO   -0.0661375   0
SITE:  GLU-  43
  23   GLN   -0.205932   0
  25   CYS   -0.0594414   0.321941
  26   VAL   -0.365275   0
  27   TRP   -0.427085   0
  28   TYR   0.0729552   0.190674
  29   GLY   0.199843   0
  30   GLU   -0.0787184   0.206549
  31   CYS   -0.0123067   0.415935
  40   TYR   -0.05436   0.165425
  41   ASN   0.143971   0
  42   CYS   -0.224554   0.73995
  44   TYR   -0.422994   0.285529
  45   SER   0.124439   0
  46   GLY   0.077043   0
  74   CYS   0.00917138   0.292408
  75   CYS   -0.0155986   0.171252
  76   ASP   -0.0176444   0.140694
 113   CYS   -0.0345664   0.186201
 122   ASN   0.0478537   0
 123   VAL   -0.231866   0
 126   THR   -1.3031   0
 127   GLU   0.102777   0.416164
 128   ASP   -0.0886818   0.351158
 129   TYR   0.00943041   0.141786
 131   ASP   0.00843048   0.163322
 138   LYS   -0.151172   -0.298798
 139   THR   -0.0631599   0
 140   ASN   0.219384   0
 141   VAL   -0.132498   0
 142   LYS   -0.0694863   -0.176447
 143   GLU   0.0806901   0.210255
 146   TYR   -0.0122833   0.129751
 147   TYR   0.0260986   0.153086
SITE:  TYR-  44
  23   GLN   -0.348375   0
  24   SER   -0.32508   0
  25   CYS   0.126496   0.614892
  26   VAL   0.0907902   0
  28   TYR   -0.0720201   0.578352
  29   GLY   0.0614746   0
  30   GLU   0.00603931   0.186452
  31   CYS   -0.00695959   0.192797
  42   CYS   0.0644589   0.350898
  43   GLU   -0.124337   0.285529
  45   SER   -0.437032   0
  46   GLY   -1.24772   0
  47   PRO   1.59045   0
  48   PRO   -0.033802   0
  49   LYS   -0.220452   -0.597158
  50   PRO   0.0625723   0
  74   CYS   -0.0732802   0.623005
  75   CYS   0.0431784   0.284443
  76   ASP   -0.0388228   0.26136
 113   CYS   -0.0269182   0.253452
 131   ASP   0.0106374   0.109695
 138   LYS   -0.0656723   -0.217859
SITE:  LYS-  49
  23   GLN   -0.202542   0
  25   CYS   -0.00676991   0.348751
  28   TYR   -0.0157006   0.650781
  30   GLU   0.018947   0.12054
  42   CYS   0.0360919   0.133678
  44   TYR   -0.0447468   0.597158
  47   PRO   0.143975   0
  48   PRO   0.0116561   0
  50   PRO   -0.595086   0
  51   LEU   0.111136   0
  52   PRO   -0.0395939   0
  53   LYS   -0.042833   -0.116897
  54   ASP   -0.0640518   0.101172
  56   TYR   0.040212   0.202756
  63   CYS   0.0301692   0.117802
  73   LEU   0.382692   0
  74   CYS   -0.0810561   0.457314
  75   CYS   0.130813   0.288943
  76   ASP   -0.0383463   0.281787
 113   CYS   0.0307243   0.221209
SITE:  LYS-  53
  28   TYR   -0.0123346   0.120273
  49   LYS   0.0190359   -0.116897
  52   PRO   -0.00645577   0
  54   ASP   -0.527793   0.422636
  56   TYR   -0.171707   0.806659
  57   ASP   -0.0244806   0.155391
  75   CYS   0.0237947   0.106523
  76   ASP   -0.0134771   0.10142
 978   ARG   0.0256783   -0.1121
SITE:  ASP-  54
  28   TYR   -0.032772   0.290377
  30   GLU   0.0335644   0.171247
  49   LYS   0.0520134   -0.101172
  51   LEU   -0.171254   0
  52   PRO   0.0160702   0
  53   LYS   0.48787   -0.422636
  55   GLY   -0.688444   0
  56   TYR   -0.0675887   0.341463
  57   ASP   -0.199252   0.428599
  61   GLU   -0.0630053   0.224059
  63   CYS   0.0241736   0.170251
  74   CYS   6.72619e-05   0.135792
  75   CYS   0.0394382   0.305294
  76   ASP   -0.0341861   0.415693
  77   VAL   -0.151864   0
  78   ARG   -0.0384569   -0.186465
  84   LYS   -0.0379724   -0.164605
 109   CYS   0.0077359   0.106553
 113   CYS   0.0328058   0.18697
 958   ARG   -0.00617608   -0.112955
 973   ASP   0.0167495   0.111554
 978   ARG   0.0345962   -0.242423
SITE:  TYR-  56
  25   CYS   -0.01326   0.124242
  28   TYR   -0.0378042   0.224841
  49   LYS   0.0436788   -0.202756
  50   PRO   -0.16336   0
  51   LEU   0.232148   0
  52   PRO   -0.138959   0
  53   LYS   -0.489266   -0.806659
  54   ASP   0.0240547   0.341463
  55   GLY   0.0686425   0
  57   ASP   -0.100669   0.31942
  60   GLN   -0.188845   0
  61   GLU   -0.0587298   0.134943
  63   CYS   0.0435104   0.236015
  69   GLY   -0.139698   0
  70   ASN   -0.103678   0
  71   VAL   -0.257494   0
  74   CYS   -0.00478114   0.182283
  75   CYS   0.0289959   0.278359
  76   ASP   -0.019877   0.176239
 109   CYS   0.0146099   0.133209
 113   CYS   0.0565514   0.212248
 978   ARG   0.0264837   -0.203794
 987   LYS   -0.00172412   -0.131249
SITE:  ASP-  57
  28   TYR   -0.0319578   0.119198
  53   LYS   0.0722511   -0.155391
  54   ASP   0.279206   0.428599
  55   GLY   0.00285174   0
  56   TYR   0.109789   0.31942
  58   LEU   -0.41569   0
  59   VAL   -0.20234   0
  60   GLN   -0.6512   0
  61   GLU   -0.39824   0.939589
  63   CYS   -0.0250804   0.370921
  64   PRO   -0.00671494   0
  74   CYS   3.66284e-06   0.115087
  75   CYS   -0.0076705   0.280826
  76   ASP   0.0106029   0.151083
  84   LYS   -0.037286   -0.494418
  85   ASP   -0.0260128   0.100801
 102   TYR   0.0263688   0.116698
 109   CYS   -0.0109357   0.210259
 113   CYS   0.0420708   0.222416
 232   ASP   0.00868086   0.1616
 948   ASP   0.0283164   0.104569
 951   LYS   0.0108002   -0.165616
 952   PRO   0.103208   0
 956   CYS   0.00814958   0.226676
 957   CYS   0.0916588   0.309215
 958   ARG   -0.0234538   -0.488513
 967   CYS   0.00170323   0.135882
 973   ASP   0.0196185   0.298528
 976   CYS   0.0717696   0.2886
 978   ARG   0.389804   -2.74992
 979   CYS   -0.0272249   0.257482
 980   ARG   0.100763   -0.16125
 982   LEU   -0.0255941   0
 985   GLU   -0.00549664   0.107251
 987   LYS   0.00293649   -0.433738
1011   CYS   -0.00304111   0.142701
SITE:  GLU-  61
  25   CYS   -0.025578   0.114379
  28   TYR   -0.0538547   0.14652
  30   GLU   0.00396308   0.153575
  54   ASP   0.0285704   0.224059
  55   GLY   0.152446   0
  56   TYR   0.172533   0.134943
  57   ASP   0.228922   0.939589
  58   LEU   0.382232   0
  59   VAL   0.0761857   0
  62   LEU   -0.652564   0
  63   CYS   -0.0613884   0.738109
  64   PRO   -0.0766726   0
  74   CYS   0.00858977   0.180799
  75   CYS   -0.0419376   0.469324
  76   ASP   0.051146   0.195705
  77   VAL   0.134229   0
  78   ARG   0.0625396   -0.166743
  80   LEU   0.130756   0
  81   GLN   -0.0672155   0
  84   LYS   -0.259344   -2.80029
  85   ASP   -0.0628203   0.294607
  96   ARG   0.00152374   -0.111898
  97   CYS   0.000909913   0.16954
  98   PRO   0.0380569   0
 100   CYS   0.0124757   0.228841
 102   TYR   0.0662349   0.262504
 109   CYS   -0.0726969   0.504232
 110   GLU   -0.0263388   0.214152
 113   CYS   0.0489797   0.418392
 146   TYR   -0.0102766   0.157989
 160   CYS   0.000331288   0.166556
 232   ASP   0.0020897   0.294903
 238   CYS   -0.0118724   0.140946
 946   TYR   0.0365831   0.103091
 948   ASP   0.0667717   0.200628
 951   LYS   0.0312879   -0.339763
 952   PRO   0.146946   0
 953   GLN   -0.00421036   0
 956   CYS   0.00372185   0.378755
 957   CYS   0.0874478   0.306156
 958   ARG   0.0815629   -0.495013
 967   CYS   0.010864   0.106319
 973   ASP   0.030784   0.272703
 976   CYS   0.037686   0.184746
 978   ARG   -0.261211   -0.548012
 979   CYS   -0.0362314   0.204202
 980   ARG   0.0343859   -0.125736
 987   LYS   0.00822246   -0.574292
1005   ASP   0.0100137   0.129619
1010   LYS   0.0414888   -0.13762
1011   CYS   0.0126819   0.243043
SITE:  CYS-  63
  23   GLN   -0.207774   0
  25   CYS   -0.0889037   0.524748
  28   TYR   -0.156871   0.403645
  30   GLU   0.00951708   0.259888
  38   LYS   -0.0403822   -0.117622
  42   CYS   0.0510306   0.13107
  49   LYS   0.090167   -0.117802
  51   LEU   -0.188408   0
  54   ASP   -0.0329346   0.170251
  55   GLY   0.25538   0
  56   TYR   0.260845   0.236015
  57   ASP   0.138733   0.370921
  58   LEU   0.426555   0
  59   VAL   0.928478   0
  60   GLN   0.177231   0
  61   GLU   -0.331086   0.738109
  62   LEU   -0.334599   0
  64   PRO   -0.602425   0
  65   GLY   -0.626596   0
  66   PHE   -0.4256   0
  71   VAL   -0.0307996   0
  73   LEU   -0.276285   0
  74   CYS   0.0130018   0.819659
  75   CYS   -0.337966   1.74612
  76   ASP   0.0998042   0.388093
  77   VAL   0.0961227   0
  78   ARG   0.000431469   -0.144081
  79   GLN   -0.237761   0
  80   LEU   -0.0731874   0
  83   LEU   -0.180295   0
  84   LYS   -0.0371215   -0.400664
  85   ASP   -0.0711084   0.178104
  97   CYS   0.0231426   0.196414
  98   PRO   0.0901673   0
 100   CYS   0.0648964   0.304295
 102   TYR   0.325773   0.738586
 103   ASN   0.191507   0
 105   LEU   0.184703   0
 106   ASN   0.667383   0
 107   LEU   0.109296   0
 109   CYS   0.0438135   3.48505
 110   GLU   -0.113342   1.00404
 112   THR   -0.409996   0
 113   CYS   0.331544   2.21105
 115   PRO   -0.0812344   0
 116   ARG   -0.142785   -0.239323
 117   GLN   -0.167601   0
 146   TYR   -0.0157414   0.581378
 160   CYS   -0.0124037   0.249151
 218   GLU   0.0102027   0.103558
 223   ALA   0.158836   0
 225   LYS   0.00973221   -0.189259
 232   ASP   -0.000178647   0.381119
 233   GLU   -0.0484932   0.105591
 238   CYS   -0.00468472   0.168323
 948   ASP   0.0324948   0.115061
 951   LYS   -0.0133331   -0.188042
 956   CYS   -0.00804727   0.115639
 957   CYS   0.0261854   0.106744
 958   ARG   0.0177906   -0.117807
 978   ARG   -0.072727   -0.188382
 987   LYS   -0.00886767   -0.523812
SITE:  CYS-  74
  23   GLN   -0.741044   0
  24   SER   -0.28422   0
  25   CYS   -1.78679   5.27481
  26   VAL   0.832578   0
  27   TRP   0.552044   0
  28   TYR   -0.536557   1.41677
  29   GLY   0.0802039   0
  30   GLU   0.0435712   0.50587
  31   CYS   -0.00953436   0.230328
  37   ASP   0.0212972   0.101876
  38   LYS   -0.0463642   -0.127545
  39   ARG   -0.0108212   -0.115561
  40   TYR   -0.0182713   0.104173
  41   ASN   0.176898   0
  42   CYS   0.265378   0.443782
  43   GLU   -0.203546   0.292408
  44   TYR   0.134478   0.623005
  46   GLY   0.257394   0
  47   PRO   0.0923467   0
  48   PRO   -0.946685   0
  49   LYS   0.260687   -0.457314
  50   PRO   -0.0447984   0
  51   LEU   -0.189134   0
  52   PRO   -0.0806335   0
  54   ASP   -0.0692348   0.135792
  56   TYR   0.0765751   0.182283
  57   ASP   0.0072503   0.115087
  61   GLU   -0.0711335   0.180799
  63   CYS   0.218736   0.819659
  71   VAL   0.0436677   0
  72   SER   0.129417   0
  73   LEU   -0.421057   0
  75   CYS   -0.550053   2.15815
  76   ASP   -0.0464065   0.743528
  78   ARG   -0.0791245   -0.151777
  79   GLN   -0.312589   0
  84   LYS   -0.0255413   -0.131884
  85   ASP   -0.053292   0.123936
 102   TYR   0.0636263   0.160928
 106   ASN   0.210622   0
 107   LEU   0.150358   0
 108   PHE   0.177515   0
 109   CYS   0.439288   0.850898
 110   GLU   0.381419   0.641269
 111   LEU   0.287358   0
 112   THR   0.339042   0
 113   CYS   -0.560662   2.78353
 114   SER   1.52999   0
 115   PRO   0.00628276   0
 116   ARG   -0.297683   -0.430425
 117   GLN   -0.328214   0
 118   SER   -0.285068   0
 138   LYS   -0.0352337   -0.150706
 143   GLU   -0.0264084   0.128534
 146   TYR   -0.0376998   0.556316
 147   TYR   0.0784098   0.166983
 218   GLU   0.0378511   0.149142
 987   LYS   -0.00135062   -0.103222
SITE:  CYS-  75
  23   GLN   -0.291012   0
  25   CYS   -0.298872   1.08522
  26   VAL   0.3066   0
  27   TRP   0.446824   0
  28   TYR   -0.794129   1.62466
  29   GLY   -0.0644827   0
  30   GLU   0.0763888   0.812033
  31   CYS   -0.00502638   0.231748
  37   ASP   0.029283   0.170869
  38   LYS   -0.0711724   -0.201838
  39   ARG   -0.0251084   -0.184633
  40   TYR   -0.006538   0.117635
  41   ASN   0.148227   0
  42   CYS   0.172555   0.401206
  43   GLU   -0.0984024   0.171252
  44   TYR   0.069541   0.284443
  48   PRO   -0.267918   0
  49   LYS   0.310342   -0.288943
  51   LEU   -0.417188   0
  52   PRO   -0.16646   0
  53   LYS   -0.09171   -0.106523
  54   ASP   -0.168453   0.305294
  55   GLY   0.233484   0
  56   TYR   0.172872   0.278359
  57   ASP   -0.0255041   0.280826
  58   LEU   -0.0815427   0
  59   VAL   -0.0650696   0
  61   GLU   -0.21526   0.469324
  62   LEU   -0.349953   0
  63   CYS   0.527498   1.74612
  64   PRO   0.028473   0
  66   PHE   -0.207606   0
  73   LEU   -0.419391   0
  74   CYS   0.202042   2.15815
  76   ASP   -0.165328   1.63866
  77   VAL   0.26573   0
  78   ARG   -0.109703   -0.356136
  79   GLN   -2.00048   0
  80   LEU   -0.505894   0
  82   THR   -0.255653   0
  83   LEU   -0.309872   0
  84   LYS   -0.0959528   -0.329378
  85   ASP   -0.14165   0.250102
  86   ASN   -0.179167   0
 100   CYS   0.0342426   0.149177
 102   TYR   0.0983166   0.225201
 105   LEU   0.153164   0
 106   ASN   0.27559   0
 107   LEU   0.117224   0
 108   PHE   0.181392   0
 109   CYS   0.365904   1.29866
 110   GLU   0.164642   0.617552
 112   THR   -0.38542   0
 113   CYS   0.985069   4.90496
 114   SER   0.18309   0
 115   PRO   -0.0291656   0
 116   ARG   -0.12618   -0.210309
 117   GLN   -0.317143   0
 129   TYR   -0.000226696   0.103295
 138   LYS   -0.0163206   -0.139865
 143   GLU   -0.028269   0.117509
 146   TYR   -0.0200293   0.493107
 160   CYS   -0.00130354   0.140843
 196   LYS   -0.00685653   -0.103046
 202   PRO   -0.108833   0
 232   ASP   0.00234125   0.125854
 978   ARG   -0.0268755   -0.132011
 987   LYS   -0.00100168   -0.192668
SITE:  ASP-  76
  25   CYS   -0.12532   0.42479
  26   VAL   0.150541   0
  27   TRP   0.216316   0
  28   TYR   -0.438406   2.28687
  29   GLY   -0.411408   0
  30   GLU   0.404784   1.46918
  31   CYS   -0.0227142   0.391463
  37   ASP   0.0339778   0.136221
  38   LYS   -0.0370538   -0.137524
  39   ARG   -0.0969888   -0.268462
  41   ASN   0.0434427   0
  42   CYS   0.167402   0.603581
  43   GLU   -0.0448536   0.140694
  44   TYR   0.0478426   0.26136
  49   LYS   0.207656   -0.281787
  50   PRO   0.0876784   0
  51   LEU   -0.324002   0
  52   PRO   -0.28752   0
  53   LYS   -0.0724328   -0.10142
  54   ASP   -0.256402   0.415693
  55   GLY   -0.0106366   0
  56   TYR   0.0708333   0.176239
  57   ASP   -0.042066   0.151083
  61   GLU   -0.0611496   0.195705
  63   CYS   0.0950244   0.388093
  74   CYS   0.119278   0.743528
  75   CYS   0.0712602   1.63866
  77   VAL   -1.06482   0
  78   ARG   -0.987936   -0.458347
  79   GLN   -1.1127   0
  80   LEU   -0.344934   0
  82   THR   -0.204526   0
  84   LYS   -0.0651216   -0.163933
  85   ASP   -0.0880918   0.175385
 109   CYS   0.064009   0.314151
 110   GLU   0.0390234   0.172355
 113   CYS   0.03589   0.811329
 129   TYR   -0.00892159   0.193466
 131   ASP   0.0114261   0.167528
 138   LYS   -0.0209668   -0.286703
 146   TYR   -0.00976091   0.161522
SITE:  ARG-  78
  28   TYR   -0.0484267   0.223978
  30   GLU   0.120305   0.906523
  31   CYS   0.0242558   0.242388
  32   GLY   0.130832   0
  37   ASP   0.00723418   0.479973
  38   LYS   -0.0526072   -0.315465
  39   ARG   0.113271   -1.03613
  40   TYR   0.0570485   0.102107
  42   CYS   0.0429286   0.23825
  54   ASP   -0.0402648   0.186465
  61   GLU   -0.0138385   0.166743
  63   CYS   0.0265923   0.144081
  74   CYS   0.0228176   0.151777
  75   CYS   -0.015731   0.356136
  76   ASP   0.0440228   0.458347
  77   VAL   0.0897997   0
  79   GLN   -0.212984   0
  81   GLN   0.621674   0
  82   THR   -0.247258   0
  84   LYS   -0.100323   -0.20494
  85   ASP   -0.14023   0.614032
 109   CYS   0.00577425   0.138048
 113   CYS   0.00725318   0.239962
 129   TYR   -0.00728135   0.198781
 131   ASP   -0.0052246   0.107638
 138   LYS   0.00332077   -0.133768
SITE:  LYS-  84
  28   TYR   -0.04068   0.110478
  30   GLU   -0.00195039   0.168989
  37   ASP   0.00581409   0.143917
  38   LYS   -0.030569   -0.150523
  54   ASP   0.0182425   0.164605
  55   GLY   0.0500558   0
  57   ASP   -0.0563119   0.494418
  58   LEU   0.0425457   0
  61   GLU   0.903596   2.80029
  62   LEU   -0.0733901   0
  63   CYS   -0.00603666   0.400664
  74   CYS   0.0101846   0.131884
  75   CYS   -0.0273838   0.329378
  76   ASP   0.0452594   0.163933
  77   VAL   0.12779   0
  78   ARG   0.0882335   -0.20494
  80   LEU   0.28235   0
  81   GLN   -0.0374645   0
  85   ASP   -0.678206   0.634849
  87   LEU   -0.127309   0
  90   PRO   -0.0524335   0
  96   ARG   -0.00697843   -0.114406
  97   CYS   0.00234613   0.150603
 100   CYS   0.0104081   0.20507
 102   TYR   0.0466811   0.164606
 109   CYS   -0.0555285   0.33682
 110   GLU   -0.0224626   0.159479
 113   CYS   0.0215673   0.293187
 146   TYR   -0.0105661   0.133627
 160   CYS   0.00333212   0.155182
 232   ASP   0.00186009   0.179626
 238   CYS   -0.0130209   0.117554
 515   TYR   0.00687397   0.118455
 948   ASP   0.056822   0.171277
 951   LYS   0.0390611   -0.28402
 952   PRO   0.106595   0
 953   GLN   0.0418579   0
 956   CYS   0.0175775   0.371381
 957   CYS   0.0586707   0.238159
 958   ARG   0.0912278   -0.44294
 973   ASP   0.0358869   0.2794
 976   CYS   0.032047   0.158012
 978   ARG   -0.167823   -0.337858
 979   CYS   -0.0253372   0.153034
 987   LYS   0.0109338   -0.308782
1005   ASP   0.0116079   0.124045
1010   LYS   0.0479508   -0.182618
1011   CYS   0.015559   0.258387
SITE:  ASP-  85
  28   TYR   -0.0380417   0.106532
  30   GLU   -0.0490151   0.367635
  31   CYS   0.00463621   0.109223
  35   TYR   0.0837845   0.103038
  37   ASP   -0.0242127   0.86085
  38   LYS   -0.0993541   -0.731967
  39   ARG   0.0207097   -0.401716
  40   TYR   0.0212272   0.112607
  42   CYS   0.0285522   0.124542
  57   ASP   -0.0172245   0.100801
  61   GLU   0.0100724   0.294607
  63   CYS   0.0158419   0.178104
  74   CYS   0.0151875   0.123936
  75   CYS   -0.0228424   0.250102
  76   ASP   0.0229477   0.175385
  78   ARG   0.281928   -0.614032
  79   GLN   0.127737   0
  80   LEU   0.171955   0
  81   GLN   0.33268   0
  82   THR   0.661856   0
  83   LEU   0.26167   0
  84   LYS   0.453483   -0.634849
  86   ASN   -0.69777   0
  88   GLN   -0.523644   0
  90   PRO   -0.0859414   0
 100   CYS   0.0140842   0.113957
 109   CYS   -0.016833   0.198589
 110   GLU   -0.0128268   0.118206
 113   CYS   -0.000956991   0.230727
 146   TYR   -0.0110121   0.133047
 160   CYS   0.0066895   0.109303
 192   TYR   0.00303395   0.117296
 196   LYS   0.0103097   -0.166469
 200   GLN   0.268087   0
 202   PRO   -0.095924   0
 530   HIS   -0.0114224   -0.126847
SITE:  ARG-  96
  61   GLU   0.0186196   0.111898
  84   LYS   0.0227458   -0.114406
  90   PRO   0.123502   0
  91   LEU   0.177022   0
  92   GLN   0.228658   0
  93   PHE   0.256301   0
  94   LEU   0.154687   0
  97   CYS   -0.311222   0.798993
  98   PRO   -0.0288641   0
 100   CYS   -0.0935508   0.576962
 160   CYS   0.0777682   0.390615
 161   ARG   -0.0355495   -0.118046
 162   ASP   -0.0621594   0.283079
 163   VAL   -0.251354   0
 164   GLU   0.168527   1.41881
 166   PRO   -0.202839   0
 168   SER   0.260956   0
 170   ASP   0.11536   0.225233
 171   LYS   -0.0698118   -0.238913
 177   CYS   -0.0066502   0.13905
 184   CYS   0.00879577   0.110268
 227   CYS   0.0280525   0.252806
 232   ASP   0.00758381   0.117666
 237   PRO   0.104858   0
 238   CYS   -0.237125   0.578645
 239   SER   -0.136553   0
 240   CYS   -0.0195747   0.288461
 241   GLN   0.255728   0
 242   ASP   0.572833   2.13131
 243   CYS   -0.0248772   0.32145
 247   CYS   0.00778676   0.155248
 420   TYR   -0.0065815   0.115278
 487   TYR   0.001927   0.265473
 512   HIS   0.058635   -0.196086
 515   TYR   0.240375   0.70375
 516   CYS   0.0285025   0.341619
 518   ARG   0.0229747   -1.00016
 520   PRO   -0.0335545   0
 525   ASP   0.0647958   0.256471
 530   HIS   -0.0462375   -0.119072
 533   CYS   0.0220564   0.277697
 550   TYR   -0.0206216   0.15269
 555   TYR   -0.0392785   0.324674
 909   CYS   -0.00442187   0.123749
 914   CYS   -8.02469e-06   0.10335
 944   ASP   -0.0319202   0.207771
 945   ASP   0.0346974   0.295523
 948   ASP   0.0302236   0.357296
 951   LYS   0.00818402   -0.355936
 956   CYS   -0.0254665   0.182261
 989   ARG   -0.0421044   -0.108862
1005   ASP   0.0150965   0.110849
1011   CYS   0.03844   0.200146
1013   LYS   -0.0378098   -0.267314
1016   HID   0.0249244   -0.197402
1019   TYR   -0.0155721   0.231506
1041   TYR   0.0104389   0.116892
SITE:  CYS-  97
  61   GLU   0.0336896   0.16954
  63   CYS   -0.0400018   0.196414
  84   LYS   0.0287164   -0.150603
  90   PRO   0.197547   0
  91   LEU   0.201992   0
  93   PHE   0.200568   0
  94   LEU   0.947842   0
  95   SER   0.225439   0
  96   ARG   -0.378469   -0.798993
  98   PRO   -0.52178   0
  99   SER   -0.967012   0
 100   CYS   -1.62107   4.27172
 101   PHE   -0.357061   0
 102   TYR   -0.25494   0.353373
 103   ASN   -0.555794   0
 104   LEU   -0.190749   0
 109   CYS   -0.050026   0.23864
 110   GLU   -0.0233366   0.216331
 113   CYS   -0.00602837   0.118734
 146   TYR   -0.0195111   0.198776
 155   ALA   0.158113   0
 156   MET   0.358171   0
 157   TYR   0.290513   0.293902
 158   ASN   0.192487   0
 159   ALA   0.578098   0
 160   CYS   0.03807   2.12388
 161   ARG   -0.136084   -0.486818
 162   ASP   -0.769949   0.843511
 163   VAL   -0.472938   0
 164   GLU   0.0951206   0.549715
 166   PRO   -0.0212146   0
 170   ASP   0.0509702   0.181503
 171   LYS   -0.161192   -0.3876
 172   ALA   -0.15919   0
 177   CYS   -0.00273359   0.314237
 184   CYS   0.0249578   0.261087
 192   TYR   -0.0349062   0.105266
 224   THR   -0.227412   0
 225   LYS   0.205185   -0.260926
 226   GLY   0.122918   0
 227   CYS   0.213436   1.62053
 228   ASP   -0.0735873   0.348187
 229   GLU   0.21885   0.265838
 230   SER   -0.173406   0
 231   VAL   -0.156558   0
 232   ASP   0.0106036   0.265755
 236   ALA   0.272754   0
 237   PRO   -0.17848   0
 238   CYS   -1.66421   4.87935
 239   SER   0.479378   0
 240   CYS   0.0377397   0.36185
 242   ASP   -0.000896287   1.76807
 243   CYS   -0.251642   1.45012
 245   ILE   -0.163475   0
 247   CYS   0.0408408   0.265738
 515   TYR   0.0474672   0.227681
 516   CYS   0.00434762   0.108786
 518   ARG   -0.0256231   -0.252876
 525   ASP   0.0255262   0.103643
 555   TYR   -0.013369   0.103714
 909   CYS   0.00072328   0.119624
 914   CYS   0.0118662   0.110682
 944   ASP   -0.00729623   0.160761
 945   ASP   0.0176516   0.15963
 948   ASP   0.047318   0.307042
 951   LYS   -0.00413738   -0.37566
 956   CYS   -0.0208786   0.1403
 987   LYS   0.0179653   -0.17771
 989   ARG   -0.0501832   -0.127869
1011   CYS   0.0237888   0.127464
1013   LYS   -0.0185455   -0.117078
1016   HID   0.0170354   -0.102916
1019   TYR   -0.0123536   0.114709
SITE:  CYS- 100
  61   GLU   0.0441806   0.228841
  63   CYS   -0.0590722   0.304295
  75   CYS   -0.0232948   0.149177
  84   LYS   0.0405759   -0.20507
  85   ASP   -0.00441658   0.113957
  89   LEU   0.121021   0
  90   PRO   0.370424   0
  91   LEU   0.29087   0
  94   LEU   1.40682   0
  95   SER   0.134853   0
  96   ARG   -0.677679   -0.576962
  97   CYS   1.77796   4.27172
  98   PRO   0.438683   0
  99   SER   -0.0229962   0
 101   PHE   -0.897768   0
 102   TYR   -0.359682   0.46717
 103   ASN   -1.0193   0
 104   LEU   -0.452057   0
 106   ASN   -0.27223   0
 109   CYS   -0.0913937   0.398686
 110   GLU   -0.0413039   0.376533
 113   CYS   -0.0144564   0.19753
 146   TYR   -0.0450356   0.360759
 155   ALA   0.183754   0
 156   MET   0.60314   0
 157   TYR   0.35734   0.393088
 158   ASN   0.176337   0
 160   CYS   -0.664656   4.69357
 161   ARG   -0.100795   -0.50577
 162   ASP   -0.587728   0.68093
 163   VAL   -0.334026   0
 164   GLU   0.122342   0.440672
 166   PRO   -0.0112955   0
 170   ASP   0.031724   0.185762
 171   LYS   -0.166561   -0.364213
 172   ALA   -0.200824   0
 177   CYS   -0.00341257   0.502908
 184   CYS   0.0284986   0.376126
 191   GLU   -0.00509992   0.116804
 192   TYR   -0.0660509   0.176488
 224   THR   -0.334506   0
 225   LYS   0.308239   -0.288899
 226   GLY   0.118218   0
 227   CYS   0.17571   1.15401
 228   ASP   -0.0544464   0.262089
 229   GLU   0.170527   0.240145
 231   VAL   -0.137183   0
 232   ASP   -6.3516e-06   0.277098
 236   ALA   0.189231   0
 238   CYS   -0.31551   2.02706
 239   SER   0.210695   0
 240   CYS   0.0381785   0.214247
 242   ASP   0.162581   1.01217
 243   CYS   -0.176392   0.918949
 247   CYS   0.0246682   0.168041
 515   TYR   0.0368062   0.219815
 518   ARG   -0.035769   -0.189522
 525   ASP   0.0271107   0.107681
 944   ASP   -0.000600368   0.111882
 945   ASP   0.0153567   0.118792
 948   ASP   0.0447716   0.231548
 951   LYS   -0.00371104   -0.322199
 956   CYS   -0.016973   0.138505
 987   LYS   0.0102066   -0.203851
1011   CYS   0.0244625   0.120071
SITE:  TYR- 102
  25   CYS   -0.0174014   0.130725
  57   ASP   0.0534269   0.116698
  59   VAL   0.113602   0
  60   GLN   0.222714   0
  61   GLU   0.047612   0.262504
  62   LEU   0.194191   0
  63   CYS   -0.240666   0.738586
  64   PRO   -0.185175   0
  65   GLY   -0.186766   0
  74   CYS   0.00406014   0.160928
  75   CYS   -0.0413212   0.225201
  84   LYS   0.00676181   -0.164606
  97   CYS   0.0411025   0.353373
  98   PRO   0.170838   0
  99   SER   0.373101   0
 100   CYS   0.106745   0.46717
 103   ASN   0.562467   0
 105   LEU   -0.175431   0
 106   ASN   -0.478453   0
 109   CYS   -0.0707627   0.826092
 110   GLU   -0.0503387   0.645866
 113   CYS   -0.00970462   0.321255
 116   ARG   -0.0718305   -0.137202
 146   TYR   -0.0259143   0.354602
 160   CYS   -0.0358162   0.350373
 222   ASN   -0.378998   0
 223   ALA   0.93617   0
 224   THR   -0.244596   0
 225   LYS   -0.168833   -1.04399
 226   GLY   0.156709   0
 227   CYS   0.0532529   0.244159
 228   ASP   -0.0487572   0.115944
 229   GLU   0.0803673   0.346816
 231   VAL   0.154098   0
 232   ASP   -0.0505638   0.780485
 233   GLU   -0.105895   0.219038
 238   CYS   0.0312458   0.377743
 242   ASP   0.0102257   0.123888
 243   CYS   -0.0163117   0.151456
 948   ASP   0.0342134   0.143442
 951   LYS   -0.0295332   -0.218462
 987   LYS   -0.0135196   -0.505479
 989   ARG   -0.0268299   -0.1122
SITE:  CYS- 109
  23   GLN   -0.256088   0
  25   CYS   -0.117364   0.597458
  28   TYR   -0.144489   0.325701
  30   GLU   -0.0108755   0.274872
  37   ASP   0.0180989   0.122429
  38   LYS   -0.0555528   -0.162347
  42   CYS   0.0621251   0.150906
  54   ASP   -0.0220624   0.106553
  55   GLY   0.129485   0
  56   TYR   0.130563   0.133209
  57   ASP   0.0682064   0.210259
  58   LEU   0.162689   0
  59   VAL   0.241566   0
  61   GLU   -0.106026   0.504232
  62   LEU   0.137578   0
  63   CYS   0.34255   3.48505
  64   PRO   -0.0624435   0
  65   GLY   -0.403674   0
  73   LEU   -0.204834   0
  74   CYS   0.0292768   0.850898
  75   CYS   -0.270822   1.29866
  76   ASP   0.0690007   0.314151
  78   ARG   0.0218936   -0.138048
  79   GLN   -0.142084   0
  80   LEU   0.0180207   0
  83   LEU   -0.178488   0
  84   LYS   -0.0145573   -0.33682
  85   ASP   -0.0784124   0.198589
  90   PRO   -0.0423082   0
  97   CYS   0.0503068   0.23864
  98   PRO   0.109525   0
 100   CYS   0.125187   0.398686
 101   PHE   0.221189   0
 102   TYR   0.483336   0.826092
 103   ASN   0.382882   0
 104   LEU   0.283722   0
 105   LEU   1.24257   0
 106   ASN   2.50511   0
 107   LEU   0.394282   0
 110   GLU   -1.60241   2.17923
 111   LEU   -0.201042   0
 112   THR   -0.856724   0
 113   CYS   -0.33082   2.31262
 114   SER   -0.168143   0
 115   PRO   -0.120912   0
 116   ARG   -0.220063   -0.309584
 117   GLN   -0.243233   0
 143   GLU   -0.0317892   0.112332
 146   TYR   -0.0429919   1.15211
 147   TYR   0.108929   0.128908
 160   CYS   -0.0170305   0.362152
 177   CYS   -0.00668166   0.150891
 191   GLU   0.0230726   0.112187
 202   PRO   -0.083414   0
 211   ASP   0.0211549   0.120569
 218   GLU   0.00987917   0.15867
 221   ASN   -0.217098   0
 223   ALA   0.232722   0
 225   LYS   0.0268582   -0.214966
 227   CYS   0.0207184   0.129146
 232   ASP   -0.00380348   0.31929
 238   CYS   -0.00597132   0.199364
 951   LYS   -0.00967683   -0.161417
 978   ARG   -0.0527693   -0.114699
 987   LYS   -0.00619019   -0.357301
SITE:  GLU- 110
  23   GLN   -0.326656   0
  25   CYS   -0.0937241   0.584431
  28   TYR   -0.0830888   0.196519
  30   GLU   -0.0128739   0.175835
  38   LYS   -0.0413362   -0.120942
  42   CYS   0.0514302   0.116075
  59   VAL   0.0953031   0
  61   GLU   -0.0200337   0.214152
  63   CYS   0.064513   1.00404
  64   PRO   -0.0396773   0
  65   GLY   -0.159441   0
  74   CYS   0.0199612   0.641269
  75   CYS   -0.126036   0.617552
  76   ASP   0.0249601   0.172355
  84   LYS   0.00456879   -0.159479
  85   ASP   -0.0405622   0.118206
  97   CYS   0.0472758   0.216331
  98   PRO   0.0947801   0
 100   CYS   0.156587   0.376533
 101   PHE   0.149698   0
 102   TYR   0.210226   0.645866
 103   ASN   0.540184   0
 104   LEU   0.299528   0
 105   LEU   0.301262   0
 106   ASN   0.600708   0
 107   LEU   0.620702   0
 109   CYS   -0.140198   2.17923
 111   LEU   -0.608198   0
 112   THR   -0.422968   0
 113   CYS   -0.361928   1.11488
 114   SER   -0.511968   0
 115   PRO   -0.0946161   0
 116   ARG   -0.342209   -0.481501
 117   GLN   -0.182391   0
 119   GLN   -0.184846   0
 120   PHE   0.18106   0
 143   GLU   -0.0445974   0.140001
 146   TYR   -0.0280805   3.34161
 147   TYR   0.352592   0.248009
 148   VAL   -0.2741   0
 149   GLY   0.0731862   0
 156   MET   -0.204126   0
 157   TYR   -0.0117899   0.112921
 160   CYS   -0.0410988   0.403542
 177   CYS   -0.00572306   0.17574
 184   CYS   -0.00560116   0.114855
 191   GLU   0.0220402   0.160818
 207   PRO   -0.144281   0
 208   VAL   0.119825   0
 210   SER   0.209054   0
 211   ASP   0.0348848   0.306097
 218   GLU   -0.00623469   0.357152
 219   PRO   -0.30896   0
 220   MET   -0.0835693   0
 221   ASN   -0.817852   0
 222   ASN   0.477711   0
 223   ALA   0.311015   0
 224   THR   -0.163438   0
 225   LYS   0.0498838   -0.222248
 227   CYS   0.0194017   0.150297
 229   GLU   0.0335568   0.10717
 232   ASP   -0.00340208   0.192212
 238   CYS   -0.00778983   0.181816
 243   CYS   -0.016095   0.101163
 987   LYS   -0.00402791   -0.190031
SITE:  CYS- 113
  23   GLN   -0.396795   0
  25   CYS   -0.388088   1.47112
  26   VAL   0.334293   0
  27   TRP   0.468944   0
  28   TYR   -0.457501   0.918605
  29   GLY   0.0293103   0
  30   GLU   0.0138417   0.587346
  31   CYS   -0.00954339   0.195649
  37   ASP   0.03022   0.16349
  38   LYS   -0.0672903   -0.204284
  39   ARG   0.0143776   -0.157101
  40   TYR   -0.0227828   0.124851
  41   ASN   0.172362   0
  42   CYS   0.168817   0.345276
  43   GLU   -0.117126   0.186201
  44   TYR   0.0827324   0.253452
  48   PRO   -0.232352   0
  49   LYS   0.171989   -0.221209
  51   LEU   -0.22676   0
  52   PRO   -0.0905197   0
  54   ASP   -0.0772092   0.18697
  55   GLY   0.187695   0
  56   TYR   0.15929   0.212248
  57   ASP   0.0155122   0.222416
  58   LEU   0.0284817   0
  59   VAL   0.0359203   0
  61   GLU   -0.168988   0.418392
  62   LEU   -0.254661   0
  63   CYS   0.692996   2.21105
  64   PRO   0.0238459   0
  65   GLY   -0.168368   0
  66   PHE   -0.315296   0
  71   VAL   0.0117733   0
  73   LEU   -0.5165   0
  74   CYS   0.225962   2.78353
  75   CYS   -1.60165   4.90496
  76   ASP   0.133357   0.811329
  77   VAL   0.121729   0
  78   ARG   -0.0287699   -0.239962
  79   GLN   -0.732591   0
  80   LEU   -0.148136   0
  82   THR   -0.199506   0
  83   LEU   -0.26105   0
  84   LYS   -0.0588714   -0.293187
  85   ASP   -0.108876   0.230727
  97   CYS   0.0229366   0.118734
 100   CYS   0.052202   0.19753
 102   TYR   0.145084   0.321255
 104   LEU   0.143661   0
 105   LEU   0.281242   0
 106   ASN   0.497422   0
 107   LEU   0.263332   0
 108   PHE   0.429947   0
 109   CYS   2.159   2.31262
 110   GLU   0.553136   1.11488
 111   LEU   0.0353071   0
 112   THR   -1.0788   0
 114   SER   -0.171692   0
 115   PRO   -0.0184638   0
 116   ARG   -0.249426   -0.321432
 117   GLN   -0.624765   0
 138   LYS   -0.0162755   -0.110174
 143   GLU   -0.0405278   0.146861
 146   TYR   -0.0199104   0.827833
 147   TYR   0.090822   0.151669
 160   CYS   -0.00647334   0.191184
 177   CYS   -0.00744121   0.10688
 196   LYS   -0.00333797   -0.114496
 202   PRO   -0.119189   0
 218   GLU   0.0277642   0.139572
 232   ASP   -0.000916153   0.151898
 978   ARG   -0.0238582   -0.10814
 987   LYS   -0.00560105   -0.206802
SITE:  ARG- 116
  23   GLN   -1.14974   0
  24   SER   0.137313   0
  25   CYS   0.0637874   0.641589
  28   TYR   -0.035264   0.104206
  63   CYS   0.0386037   0.239323
  74   CYS   -0.010198   0.430425
  75   CYS   -0.0388844   0.210309
 102   TYR   0.0232915   0.137202
 109   CYS   0.0430726   0.309584
 110   GLU   0.0278367   0.481501
 113   CYS   -0.0338658   0.321432
 115   PRO   -0.0419768   0
 117   GLN   -0.166507   0
 118   SER   -0.174389   0
 119   GLN   -0.148319   0
 146   TYR   -0.015835   0.359044
 147   TYR   0.0796213   0.133491
 211   ASP   0.0196885   0.119579
 218   GLU   0.132102   0.725818
 219   PRO   0.118153   0
 222   ASN   0.147216   0
SITE:  GLU- 127
  30   GLU   -0.124107   0.167894
  31   CYS   -0.0564935   0.472781
  32   GLY   -0.220059   0
  35   TYR   0.0334204   0.149226
  38   LYS   0.0595486   -0.124446
  39   ARG   -0.135453   -0.13177
  40   TYR   -0.28827   1.05349
  41   ASN   0.206551   0
  42   CYS   -0.13646   0.393017
  43   GLU   -0.0641403   0.416164
 126   THR   -0.58276   0
 128   ASP   -0.458381   0.671465
 129   TYR   -0.0292988   0.328101
 131   ASP   -0.00543464   0.195983
 137   THR   -0.181609   0
 138   LYS   0.261119   -0.217004
 139   THR   -0.448255   0
 140   ASN   -0.202022   0
 141   VAL   -0.0858285   0
 142   LYS   -0.548582   -1.39831
 143   GLU   0.0515944   0.406367
 196   LYS   -0.0520442   -0.255626
 202   PRO   0.0606418   0
SITE:  ASP- 128
  31   CYS   -0.0303593   0.321437
  40   TYR   -0.024366   0.156538
  42   CYS   -0.121332   0.2465
  43   GLU   0.0211643   0.351158
 127   GLU   -0.55247   0.671465
 129   TYR   -0.23472   0.212583
 131   ASP   -0.0443306   0.275353
 137   THR   -1.3553   0
 138   LYS   0.314044   -0.302117
 139   THR   0.0472735   0
 142   LYS   -0.0477448   -0.171571
SITE:  TYR- 129
  28   TYR   0.0555157   0.135333
  30   GLU   -0.108831   0.453461
  31   CYS   0.317892   2.01034
  32   GLY   -0.0897281   0
  33   ILE   0.154299   0
  37   ASP   0.0163898   0.162833
  38   LYS   0.115102   -0.143775
  39   ARG   -0.46456   -0.581156
  40   TYR   0.170511   0.286664
  42   CYS   -0.111021   0.755208
  43   GLU   0.00132424   0.141786
  75   CYS   -0.00542947   0.103295
  76   ASP   0.00210016   0.193466
  78   ARG   -0.0473323   -0.198781
 127   GLU   0.0967108   0.328101
 128   ASP   -0.140963   0.212583
 130   VAL   0.393502   0
 131   ASP   -0.406824   1.52096
 132   PRO   -0.391709   0
 133   VAL   -0.190189   0
 134   THR   -0.179204   0
 135   ASN   -0.12552   0
 136   GLN   0.0872758   0
 137   THR   -0.187772   0
 138   LYS   0.133629   -0.967848
 142   LYS   -0.0117088   -0.151295
 196   LYS   -0.00682779   -0.110174
SITE:  ASP- 131
  28   TYR   0.0788162   0.144261
  30   GLU   -0.0624644   0.288703
  31   CYS   -0.23475   1.4759
  32   GLY   0.0183593   0
  39   ARG   -0.161572   -0.231768
  40   TYR   0.0816969   0.126998
  42   CYS   -0.127679   0.692286
  43   GLU   0.0334886   0.163322
  44   TYR   0.010878   0.109695
  76   ASP   -0.00552393   0.167528
  78   ARG   -0.0453682   -0.107638
 127   GLU   0.0487536   0.195983
 128   ASP   -0.215516   0.275353
 129   TYR   0.208389   1.52096
 130   VAL   -0.0957747   0
 132   PRO   -0.701765   0
 133   VAL   -0.627054   0
 134   THR   -0.832216   0
 135   ASN   -0.631124   0
 136   GLN   -0.600943   0
 137   THR   -0.19951   0
 138   LYS   0.0408918   -3.34345
SITE:  LYS- 138
  25   CYS   -0.021811   0.113862
  28   TYR   0.179254   0.268871
  29   GLY   -0.0279121   0
  30   GLU   -0.0983408   0.445607
  31   CYS   -0.192663   1.96062
  32   GLY   0.043381   0
  39   ARG   -0.204252   -0.236172
  40   TYR   0.11259   0.127429
  42   CYS   -0.22625   1.30296
  43   GLU   0.0789776   0.298798
  44   TYR   0.0165218   0.217859
  74   CYS   0.0222408   0.150706
  75   CYS   0.00433316   0.139865
  76   ASP   -0.0135606   0.286703
  78   ARG   -0.0907424   -0.133768
 113   CYS   -0.00936807   0.110174
 127   GLU   0.095608   0.217004
 128   ASP   -0.268931   0.302117
 129   TYR   0.0559945   0.967848
 131   ASP   1.03936   3.34345
 132   PRO   -0.0789716   0
 133   VAL   -0.196526   0
 134   THR   -0.2614   0
 135   ASN   -0.156244   0
 136   GLN   -0.970213   0
 140   ASN   0.252467   0
SITE:  LYS- 142
  30   GLU   -0.0684976   0.112024
  31   CYS   -0.0195475   0.191345
  35   TYR   0.00745375   0.290417
  38   LYS   0.032556   -0.138171
  39   ARG   -0.0516501   -0.100501
  40   TYR   -0.273114   1.70417
  42   CYS   -0.0294585   0.180381
  43   GLU   -0.0426126   0.176447
 125   ALA   0.204164   0
 127   GLU   0.452578   1.39831
 128   ASP   0.0457861   0.171571
 129   TYR   -0.0282527   0.151295
 141   VAL   0.017129   0
 143   GLU   -0.402236   0.693674
 196   LYS   -0.10038   -0.477407
 197   ASP   -0.0398968   0.122978
 202   PRO   0.126119   0
 203   PHE   -0.211808   0
 204   THR   0.167688   0
SITE:  GLU- 143
  25   CYS   -0.0430532   0.11904
  30   GLU   -0.0514014   0.124423
  31   CYS   -0.0137814   0.118655
  35   TYR   0.0217433   0.171255
  38   LYS   -0.0310888   -0.141775
  40   TYR   -0.00113157   0.510907
  42   CYS   0.00782692   0.154557
  43   GLU   -0.0612532   0.210255
  74   CYS   0.00986905   0.128534
  75   CYS   -0.0195612   0.117509
 109   CYS   0.00739092   0.112332
 110   GLU   -0.00952384   0.140001
 113   CYS   -0.0261584   0.146861
 122   ASN   0.156434   0
 123   VAL   -0.277232   0
 124   THR   -0.636583   0
 125   ALA   0.215578   0
 127   GLU   0.150073   0.406367
 141   VAL   -0.114758   0
 142   LYS   0.371664   -0.693674
 144   LEU   0.14461   0
 146   TYR   0.0247393   0.263359
 147   TYR   0.0358116   0.258627
 191   GLU   0.183399   0.47988
 192   TYR   0.0438821   0.103365
 194   PHE   0.163725   0
 196   LYS   -0.160022   -0.353656
 197   ASP   -0.11846   0.203281
 202   PRO   0.000551531   0
 203   PHE   -0.345384   0
 204   THR   -0.0949938   0
 205   ILE   -0.387474   0
 206   THR   -0.292685   0
 207   PRO   0.0371992   0
 215   HIS   0.014133   -0.110971
SITE:  TYR- 146
  23   GLN   -0.304876   0
  25   CYS   -0.11134   0.524851
  28   TYR   -0.0776854   0.176713
  30   GLU   -0.0308484   0.197199
  37   ASP   0.0130755   0.108552
  38   LYS   -0.0488134   -0.157537
  40   TYR   -0.0274284   0.112261
  42   CYS   0.0574934   0.140361
  43   GLU   -0.0717794   0.129751
  61   GLU   -0.0161493   0.157989
  63   CYS   0.0414392   0.581378
  74   CYS   0.00947018   0.556316
  75   CYS   -0.0961889   0.493107
  76   ASP   0.0110468   0.161522
  84   LYS   0.00517956   -0.133627
  85   ASP   -0.0454106   0.133047
  97   CYS   0.0510903   0.198776
 100   CYS   0.128896   0.360759
 102   TYR   0.118484   0.354602
 103   ASN   0.308536   0
 104   LEU   0.300707   0
 105   LEU   0.233472   0
 107   LEU   0.566958   0
 108   PHE   0.15   0
 109   CYS   -0.146731   1.15211
 110   GLU   -0.869904   3.34161
 111   LEU   -0.628391   0
 112   THR   -0.188418   0
 113   CYS   -0.238198   0.827833
 114   SER   -0.33312   0
 115   PRO   -0.04895   0
 116   ARG   -0.175873   -0.359044
 117   GLN   -0.10843   0
 119   GLN   -0.196067   0
 120   PHE   0.61731   0
 121   LEU   -0.116335   0
 143   GLU   -0.0833599   0.263359
 145   GLN   -0.135229   0
 147   TYR   0.713871   0.479124
 148   VAL   -0.43272   0
 149   GLY   0.197408   0
 156   MET   -0.303914   0
 157   TYR   -0.0308938   0.156972
 160   CYS   -0.0353638   0.443608
 177   CYS   -0.00952254   0.251364
 184   CYS   -0.0110762   0.164375
 190   ILE   -0.0568404   0
 191   GLU   0.0711399   0.311385
 192   TYR   -0.0334528   0.134885
 196   LYS   -0.0110404   -0.122137
 202   PRO   -0.0883673   0
 205   ILE   -0.105622   0
 206   THR   0.234002   0
 207   PRO   -0.376618   0
 208   VAL   0.271866   0
 209   PHE   -0.219754   0
 210   SER   0.366212   0
 211   ASP   0.0568564   0.412081
 215   HIS   0.027528   -0.145757
 218   GLU   -0.0135903   0.404739
 219   PRO   -0.632352   0
 220   MET   0.66684   0
 221   ASN   -0.445967   0
 222   ASN   0.314463   0
 223   ALA   0.149081   0
 225   LYS   0.054266   -0.142605
 227   CYS   0.0160481   0.136448
 232   ASP   -0.00169398   0.116327
 238   CYS   -0.00707557   0.155382
 987   LYS   -0.000828242   -0.112259
SITE:  TYR- 147
  23   GLN   -0.240166   0
  25   CYS   -0.0490826   0.21315
  43   GLU   -0.0530358   0.153086
  74   CYS   -0.00364813   0.166983
 109   CYS   0.0100221   0.128908
 110   GLU   -0.0108041   0.248009
 113   CYS   -0.0392579   0.151669
 116   ARG   0.0149144   -0.133491
 117   GLN   0.148016   0
 119   GLN   0.147449   0
 121   LEU   -0.317723   0
 122   ASN   -0.744404   0
 123   VAL   0.135659   0
 143   GLU   -0.0722649   0.258627
 144   LEU   -0.206614   0
 145   GLN   -0.293034   0
 146   TYR   0.0244778   0.479124
 191   GLU   0.0407012   0.162599
 206   THR   0.25305   0
 208   VAL   0.0228843   0
 211   ASP   -0.0511492   0.206977
 212   PHE   0.189157   0
 213   PRO   -0.241564   0
 214   VAL   0.581192   0
 215   HIS   0.225744   -2.21245
 217   MET   0.0906156   0
 218   GLU   -0.0298628   0.35347
 219   PRO   -0.103716   0
SITE:  TYR- 157
  97   CYS   0.0711884   0.293902
 100   CYS   0.0161378   0.393088
 110   GLU   -0.0104702   0.112921
 146   TYR   -0.00958662   0.156972
 153   ALA   0.188488   0
 154   ASN   0.0503003   0
 158   ASN   -0.2694   0
 160   CYS   -0.104721   0.709403
 161   ARG   -0.424859   -0.950007
 162   ASP   -0.0352748   0.602297
 163   VAL   0.1195   0
 164   GLU   -0.0318648   0.16665
 170   ASP   -0.0963096   0.210685
 171   LYS   -0.174339   -0.653499
 173   LEU   -0.21603   0
 177   CYS   0.110797   0.995091
 179   LYS   0.036427   -0.228923
 180   ASP   0.120189   0.330153
 181   ALA   0.556986   0
 182   ASP   0.212323   0.543089
 183   ALA   -0.14899   0
 184   CYS   1.38988   1.79142
 185   ASN   0.0977441   0
 186   ALA   -0.159496   0
 188   ASN   -0.137039   0
 191   GLU   -0.0711574   0.159498
 192   TYR   -0.0811277   0.153087
 227   CYS   -0.00855163   0.306318
 238   CYS   -0.0337802   0.212025
 242   ASP   0.0423363   0.20236
 243   CYS   -0.0582359   0.316269
SITE:  CYS- 160
  38   LYS   -0.0232418   -0.107045
  61   GLU   0.0256948   0.166556
  63   CYS   -0.0351068   0.249151
  75   CYS   -0.0224092   0.140843
  84   LYS   0.0304837   -0.155182
  85   ASP   -0.00969393   0.109303
  90   PRO   0.241008   0
  91   LEU   0.191627   0
  94   LEU   0.0383236   0
  96   ARG   -0.399546   -0.390615
  97   CYS   0.615774   2.12388
  98   PRO   0.219807   0
 100   CYS   0.358939   4.69357
 102   TYR   -0.170359   0.350373
 103   ASN   -0.894599   0
 104   LEU   -0.387368   0
 106   ASN   -0.236022   0
 107   LEU   -0.188384   0
 109   CYS   -0.081604   0.362152
 110   GLU   -0.0460462   0.403542
 113   CYS   -0.021485   0.191184
 146   TYR   -0.0624139   0.443608
 149   GLY   0.104612   0
 152   PHE   0.20194   0
 153   ALA   0.259431   0
 154   ASN   0.105587   0
 155   ALA   0.22327   0
 156   MET   1.47417   0
 157   TYR   0.886451   0.709403
 158   ASN   0.214391   0
 159   ALA   -0.14322   0
 161   ARG   -0.681174   -0.881489
 162   ASP   -0.735127   0.883653
 163   VAL   -0.162406   0
 164   GLU   0.0891921   0.41402
 166   PRO   0.00912721   0
 170   ASP   0.00998424   0.225689
 171   LYS   -0.222626   -0.487038
 172   ALA   -0.238444   0
 173   LEU   -0.219068   0
 176   LEU   -0.192381   0
 177   CYS   0.034029   0.856821
 179   LYS   0.0831754   -0.124756
 180   ASP   0.00273048   0.145125
 182   ASP   0.000433986   0.141542
 184   CYS   0.05452   0.661148
 191   GLU   -0.0142073   0.173553
 192   TYR   -0.104309   0.240656
 211   ASP   0.0193272   0.114377
 224   THR   -0.30791   0
 225   LYS   0.281517   -0.232032
 226   GLY   0.0294299   0
 227   CYS   0.131528   1.0998
 228   ASP   -0.0618874   0.242738
 229   GLU   0.109251   0.193518
 232   ASP   0.0058841   0.179381
 238   CYS   -0.199954   1.27974
 239   SER   0.188594   0
 240   CYS   0.0369124   0.190415
 242   ASP   0.218611   0.781403
 243   CYS   -0.187926   0.932814
 247   CYS   0.0289218   0.158735
 515   TYR   0.0257742   0.174188
 518   ARG   -0.0446945   -0.163666
 948   ASP   0.029552   0.144292
 951   LYS   -0.000163772   -0.194681
 987   LYS   0.00786572   -0.134013
SITE:  ARG- 161
  96   ARG   -0.100619   -0.118046
  97   CYS   0.115725   0.486818
 100   CYS   -0.0302758   0.50577
 156   MET   0.218446   0
 157   TYR   0.157383   0.950007
 158   ASN   0.33415   0
 160   CYS   0.0231825   0.881489
 162   ASP   -0.512572   1.48315
 163   VAL   0.0384927   0
 164   GLU   -0.0199612   0.210203
 170   ASP   -0.0364757   0.149453
 171   LYS   -0.120616   -0.755499
 177   CYS   0.0150142   0.288772
 180   ASP   -0.00535249   0.115942
 182   ASP   0.0647619   0.244166
 184   CYS   0.152255   0.40301
 227   CYS   -0.0799736   0.786927
 228   ASP   0.00213108   0.25053
 238   CYS   -0.0610987   0.392777
 240   CYS   0.0565548   0.18087
 242   ASP   0.0776962   0.325259
 243   CYS   -0.126487   0.879033
 244   SER   -0.378666   0
 245   ILE   -0.167146   0
 247   CYS   0.0571763   0.221955
SITE:  ASP- 162
  96   ARG   -0.207214   -0.283079
  97   CYS   0.163501   0.843511
 100   CYS   -0.0782938   0.68093
 156   MET   0.202156   0
 157   TYR   0.349792   0.602297
 158   ASN   0.403742   0
 159   ALA   0.184385   0
 160   CYS   0.160452   0.883653
 161   ARG   -0.446585   -1.48315
 163   VAL   -0.241464   0
 164   GLU   -0.0843615   0.604598
 170   ASP   0.00103487   0.322173
 171   LYS   -0.283126   -2.12688
 172   ALA   -0.157629   0
 177   CYS   0.0162402   0.33533
 180   ASP   -0.0408108   0.138527
 182   ASP   0.00918432   0.240883
 184   CYS   0.111239   0.413587
 227   CYS   -0.0774141   1.07607
 228   ASP   -0.0155471   0.27748
 229   GLU   0.0460336   0.101621
 238   CYS   -0.148705   0.684118
 239   SER   0.265892   0
 240   CYS   0.268384   0.482688
 241   GLN   0.120561   0
 242   ASP   0.135309   0.887245
 243   CYS   -0.719809   1.84827
 244   SER   -2.02546   0
 245   ILE   -0.216694   0
 247   CYS   0.128426   0.476953
 515   TYR   0.0219674   0.100855
 518   ARG   -0.0357702   -0.223504
SITE:  GLU- 164
  93   PHE   0.157363   0
  96   ARG   -1.06375   -1.41881
  97   CYS   -0.00594026   0.549715
 100   CYS   -0.0421482   0.440672
 157   TYR   0.0845112   0.16665
 160   CYS   0.146135   0.41402
 161   ARG   -0.0525969   -0.210203
 162   ASP   0.155087   0.604598
 163   VAL   -0.160422   0
 165   ALA   0.59805   0
 166   PRO   -0.0783975   0
 167   SER   -0.259652   0
 168   SER   1.02032   0
 169   ASN   0.345436   0
 170   ASP   0.530608   0.627341
 171   LYS   -0.168092   -0.683751
 172   ALA   -0.190172   0
 177   CYS   -0.00903023   0.207235
 180   ASP   -0.0596952   0.104192
 182   ASP   -0.0254688   0.115156
 184   CYS   0.024365   0.195365
 227   CYS   0.00233821   0.268089
 238   CYS   -0.133128   0.385932
 239   SER   0.0538453   0
 240   CYS   0.133376   0.416615
 241   GLN   -1.7021   0
 242   ASP   0.206784   1.76529
 243   CYS   -0.0838205   0.431175
 247   CYS   0.0420318   0.24464
 420   TYR   -0.00116661   0.189699
 487   TYR   0.00766265   0.256654
 510   HIS   0.040304   -0.102745
 512   HIS   0.062331   -0.19741
 515   TYR   0.1755   0.467617
 516   CYS   0.01301   0.330799
 518   ARG   -1.41529   -2.37943
 520   PRO   -0.0288028   0
 525   ASP   0.0726332   0.252042
 533   CYS   0.0170765   0.229483
 550   TYR   -0.0392974   0.196856
 552   ASP   -0.0105165   0.114201
 553   GLN   0.237106   0
 555   TYR   -0.101856   0.448735
 945   ASP   0.0148476   0.133178
 948   ASP   0.00756268   0.139044
 951   LYS   0.00494762   -0.133516
1013   LYS   -0.0146555   -0.133232
1019   TYR   -0.0042255   0.117688
SITE:  ASP- 170
  96   ARG   -0.160839   -0.225233
  97   CYS   0.0159121   0.181503
 100   CYS   -0.00306587   0.185762
 157   TYR   0.0551256   0.210685
 160   CYS   0.0665237   0.225689
 161   ARG   -0.00672315   -0.149453
 162   ASP   0.0602848   0.322173
 163   VAL   0.15852   0
 164   GLU   -0.471334   0.627341
 166   PRO   0.233333   0
 167   SER   -0.0126022   0
 168   SER   -0.785971   0
 169   ASN   -0.336073   0
 171   LYS   -0.0822034   -0.733725
 174   GLY   -0.292096   0
 177   CYS   -0.050441   0.333963
 179   LYS   0.0584545   -0.149331
 180   ASP   -0.337931   0.384448
 181   ALA   -0.180863   0
 182   ASP   -0.11521   0.333594
 184   CYS   0.0275014   0.344533
 192   TYR   -0.0294445   0.151325
 227   CYS   0.00240853   0.108668
 238   CYS   -0.033813   0.121938
 240   CYS   0.054066   0.113824
 242   ASP   0.00531993   0.318741
 243   CYS   -0.0403805   0.164274
 420   TYR   0.0125165   0.400445
 422   PRO   -0.105443   0
 423   TYR   -0.0512016   0.118912
 424   PRO   -0.125638   0
 425   SER   0.25677   0
 426   GLY   -0.32462   0
 428   ASP   0.0232651   0.195288
 487   TYR   0.00653141   0.125636
 508   ASP   0.00172462   0.121538
 510   HIS   0.0262657   -0.153854
 512   HIS   0.0394175   -0.172659
 515   TYR   0.0140385   0.222687
 516   CYS   -0.0235088   0.205983
 518   ARG   -0.219593   -0.353453
 525   ASP   0.081023   0.254208
 533   CYS   0.000645064   0.138723
 555   TYR   -0.0497484   0.165242
SITE:  LYS- 171
  96   ARG   -0.200836   -0.238913
  97   CYS   0.0548891   0.3876
 100   CYS   -0.0182974   0.364213
 157   TYR   0.185693   0.653499
 160   CYS   0.113762   0.487038
 161   ARG   -0.0685499   -0.755499
 162   ASP   0.721001   2.12688
 163   VAL   0.397923   0
 164   GLU   -0.31119   0.683751
 166   PRO   0.053245   0
 169   ASN   0.232475   0
 170   ASP   -0.30131   0.733725
 172   ALA   -0.326089   0
 173   LEU   -0.227127   0
 174   GLY   -0.171624   0
 177   CYS   0.0109791   0.415496
 179   LYS   0.061194   -0.106053
 180   ASP   -0.145466   0.25785
 182   ASP   -0.0383912   0.456893
 184   CYS   0.144089   0.568759
 227   CYS   -0.0216712   0.363196
 228   ASP   -0.00341508   0.102707
 238   CYS   -0.070289   0.287014
 240   CYS   0.168495   0.283374
 241   GLN   0.115908   0
 242   ASP   -0.0444598   0.570757
 243   CYS   -0.179861   0.57517
 247   CYS   0.0662867   0.24851
 515   TYR   0.0243858   0.118811
 518   ARG   -0.0751877   -0.259273
 555   TYR   -0.0238936   0.102329
SITE:  CYS- 177
  38   LYS   -0.0289362   -0.132311
  90   PRO   -0.000126151   0
  96   ARG   -0.13746   -0.13905
  97   CYS   0.0629459   0.314237
 100   CYS   0.0663352   0.502908
 109   CYS   -0.026003   0.150891
 110   GLU   -0.02524   0.17574
 113   CYS   -0.0137308   0.10688
 146   TYR   -0.0219004   0.251364
 157   TYR   0.0959174   0.995091
 160   CYS   0.0864581   0.856821
 161   ARG   -0.142214   -0.288772
 162   ASP   -0.0808599   0.33533
 163   VAL   0.157993   0
 164   GLU   -0.0294356   0.207235
 166   PRO   0.0517806   0
 170   ASP   -0.115601   0.333963
 171   LYS   0.0365027   -0.415496
 173   LEU   1.14462   0
 174   GLY   0.207622   0
 175   LEU   -0.27915   0
 176   LEU   -0.416816   0
 178   GLY   -0.471232   0
 179   LYS   0.526391   -0.770268
 180   ASP   0.387296   0.675814
 182   ASP   -0.122315   0.342554
 183   ALA   -0.211783   0
 184   CYS   -1.37192   4.27
 185   ASN   0.625156   0
 188   ASN   -0.322056   0
 189   TRP   0.228582   0
 190   ILE   0.0814697   0
 191   GLU   -0.227586   0.407655
 192   TYR   -0.413681   0.920197
 196   LYS   0.0104082   -0.111456
 197   ASP   -0.078924   0.214232
 198   ASN   0.178877   0
 227   CYS   0.00615067   0.196827
 238   CYS   -0.036727   0.201502
 242   ASP   0.04409   0.226093
 243   CYS   -0.0370278   0.200554
 515   TYR   0.00716518   0.114851
SITE:  LYS- 179
 157   TYR   0.0162951   0.228923
 160   CYS   0.00981948   0.124756
 170   ASP   -0.0524983   0.149331
 171   LYS   0.0316862   -0.106053
 173   LEU   0.121206   0
 174   GLY   0.111528   0
 177   CYS   0.136647   0.770268
 178   GLY   0.0457005   0
 180   ASP   0.0298196   1.12184
 182   ASP   -0.181836   0.228388
 184   CYS   -0.266654   0.801848
 188   ASN   -0.151974   0
 191   GLU   -0.138833   0.236484
 192   TYR   -0.0309964   0.472174
 197   ASP   -0.0271964   0.213494
SITE:  ASP- 180
 157   TYR   0.052373   0.330153
 160   CYS   0.0201554   0.145125
 161   ARG   -0.0099757   -0.115942
 162   ASP   0.00187228   0.138527
 164   GLU   -0.0464697   0.104192
 170   ASP   -0.142648   0.384448
 171   LYS   0.0632863   -0.25785
 174   GLY   0.0393364   0
 177   CYS   -0.0651575   0.675814
 179   LYS   0.289588   -1.12184
 181   ALA   -0.555952   0
 182   ASP   -1.08351   0.899617
 183   ALA   -0.652103   0
 184   CYS   0.0183918   1.00143
 192   TYR   -0.0368944   0.233588
SITE:  ASP- 182
 157   TYR   0.0588288   0.543089
 160   CYS   0.0124855   0.141542
 161   ARG   0.0148383   -0.244166
 162   ASP   0.0336814   0.240883
 164   GLU   -0.0495439   0.115156
 170   ASP   -0.146186   0.333594
 171   LYS   -0.0490057   -0.456893
 177   CYS   0.00439759   0.342554
 179   LYS   -0.0356538   -0.228388
 180   ASP   -0.0767235   0.899617
 183   ALA   -0.454228   0
 184   CYS   0.154989   0.686329
 243   CYS   -0.0204769   0.100292
SITE:  CYS- 184
  96   ARG   -0.111548   -0.110268
  97   CYS   0.0539736   0.261087
 100   CYS   0.0286872   0.376126
 110   GLU   -0.0138273   0.114855
 146   TYR   -0.0111273   0.164375
 157   TYR   0.306395   1.79142
 160   CYS   0.053398   0.661148
 161   ARG   -0.126385   -0.40301
 162   ASP   -0.056168   0.413587
 163   VAL   0.169816   0
 164   GLU   -0.0451086   0.195365
 170   ASP   -0.157279   0.344533
 171   LYS   -0.042672   -0.568759
 173   LEU   -0.068866   0
 174   GLY   0.102482   0
 175   LEU   -0.174957   0
 176   LEU   -0.363863   0
 177   CYS   0.780564   4.27
 178   GLY   -0.10498   0
 179   LYS   0.197705   -0.801848
 180   ASP   1.08904   1.00143
 181   ALA   -0.237102   0
 182   ASP   -0.184494   0.686329
 183   ALA   -0.305494   0
 185   ASN   0.350762   0
 188   ASN   -0.401648   0
 189   TRP   -0.105148   0
 191   GLU   -0.198058   0.292564
 192   TYR   -0.192944   0.438395
 197   ASP   -0.046631   0.129565
 227   CYS   0.00390099   0.20144
 238   CYS   -0.0296132   0.176064
 242   ASP   0.035831   0.205176
 243   CYS   -0.0431144   0.212467
SITE:  GLU- 191
  40   TYR   -0.00411426   0.105518
 100   CYS   0.0266258   0.116804
 109   CYS   -0.00944148   0.112187
 110   GLU   -0.0224353   0.160818
 143   GLU   0.0308878   0.47988
 146   TYR   0.0500492   0.311385
 147   TYR   -0.021096   0.162599
 157   TYR   -0.0190304   0.159498
 160   CYS   -0.00465579   0.173553
 177   CYS   0.0322669   0.407655
 179   LYS   0.00468042   -0.236484
 184   CYS   -0.118681   0.292564
 185   ASN   0.118708   0
 187   THR   0.57559   0
 188   ASN   0.0590949   0
 189   TRP   0.176172   0
 190   ILE   0.0851081   0
 192   TYR   -0.406052   0.284752
 193   MET   -0.206486   0
 194   PHE   -0.344562   0
 195   ASN   -0.448864   0
 196   LYS   -0.0420888   -0.169786
 197   ASP   -0.169682   0.305636
 204   THR   -0.219975   0
 205   ILE   0.358416   0
 206   THR   -0.159006   0
 207   PRO   -0.137921   0
SITE:  TYR- 192
  35   TYR   0.0386184   0.151469
  37   ASP   0.00878803   0.124096
  38   LYS   -0.0327572   -0.215428
  85   ASP   0.00205696   0.117296
  86   ASN   0.163834   0
  90   PRO   -0.0438568   0
  97   CYS   0.0183724   0.105266
 100   CYS   0.0238026   0.176488
 143   GLU   -0.000489156   0.103365
 146   TYR   -0.0110742   0.134885
 157   TYR   0.0101079   0.153087
 160   CYS   0.0319967   0.240656
 170   ASP   -0.0311548   0.151325
 173   LEU   0.185583   0
 174   GLY   0.139246   0
 175   LEU   0.23652   0
 176   LEU   0.344762   0
 177   CYS   -0.250046   0.920197
 178   GLY   -0.21242   0
 179   LYS   0.195969   -0.472174
 180   ASP   0.0559273   0.233588
 184   CYS   -0.140982   0.438395
 189   TRP   -0.0247162   0
 190   ILE   0.104794   0
 191   GLU   -0.0891402   0.284752
 193   MET   -0.186864   0
 195   ASN   0.121155   0
 196   LYS   0.0501595   -0.226229
 197   ASP   -0.193005   0.580831
 198   ASN   0.584144   0
 200   GLN   -0.39896   0
 423   TYR   -0.027415   0.143089
 530   HIS   -0.023992   -0.103211
SITE:  LYS- 196
  30   GLU   -0.0710894   0.163236
  31   CYS   -0.00815756   0.129459
  34   ALA   -0.434791   0
  35   TYR   0.799944   3.26278
  37   ASP   -0.0286329   0.466727
  38   LYS   -0.223076   -0.814626
  39   ARG   0.0870893   -0.210924
  40   TYR   0.157193   1.1962
  42   CYS   0.010584   0.127576
  75   CYS   -0.0152073   0.103046
  85   ASP   -0.0224882   0.166469
 113   CYS   -0.0106843   0.114496
 127   GLU   0.0830296   0.255626
 129   TYR   -0.00650957   0.110174
 142   LYS   0.103562   -0.477407
 143   GLU   0.0176418   0.353656
 146   TYR   -0.00577925   0.122137
 177   CYS   -0.00726529   0.111456
 191   GLU   0.0753086   0.169786
 192   TYR   0.129431   0.226229
 194   PHE   0.139011   0
 195   ASN   0.280891   0
 197   ASP   -0.719549   0.639749
 198   ASN   -0.248434   0
 199   GLY   0.0150861   0
 201   ALA   0.95703   0
 202   PRO   0.935438   0
 204   THR   0.315124   0
SITE:  ASP- 197
  35   TYR   0.0361102   0.398837
  38   LYS   -0.0327434   -0.167827
  40   TYR   0.0139895   0.180776
 142   LYS   0.0316967   -0.122978
 143   GLU   0.0186392   0.203281
 177   CYS   0.0334621   0.214232
 179   LYS   0.0285179   -0.213494
 184   CYS   -0.05216   0.129565
 191   GLU   0.029474   0.305636
 192   TYR   0.216226   0.580831
 195   ASN   0.308717   0
 196   LYS   0.558798   -0.639749
 198   ASN   -0.693102   0
 199   GLY   -0.144181   0
SITE:  ASP- 211
 109   CYS   -0.00939507   0.120569
 110   GLU   0.00310499   0.306097
 116   ARG   -0.0362276   -0.119579
 146   TYR   0.0205108   0.412081
 147   TYR   -0.0771822   0.206977
 148   VAL   0.0565397   0
 149   GLY   -1.13353   0
 150   GLN   -0.447926   0
 151   SER   -1.04484   0
 152   PHE   -0.243556   0
 160   CYS   -0.0226027   0.114377
 208   VAL   0.134693   0
 210   SER   0.299743   0
 213   PRO   -0.00368232   0
 215   HIS   0.00945235   -0.105649
 218   GLU   -0.294564   0.394328
 219   PRO   -0.154822   0
 221   ASN   -0.286904   0
SITE:  HIS- 215
 122   ASN   -0.304706   0
 143   GLU   -0.0235316   0.110971
 146   TYR   0.00292971   0.145757
 147   TYR   -0.655533   2.21245
 211   ASP   -0.0481073   0.105649
 214   VAL   0.0874734   0
 216   GLY   -0.446897   0
 217   MET   -0.119996   0
 218   GLU   -0.0126508   0.161319
SITE:  GLU- 218
  23   GLN   -0.444854   0
  25   CYS   -0.0047993   0.19851
  63   CYS   0.00741429   0.103558
  74   CYS   -0.0032482   0.149142
 109   CYS   0.00349627   0.15867
 110   GLU   0.000322357   0.357152
 113   CYS   -0.0298358   0.139572
 116   ARG   -0.0458006   -0.725818
 119   GLN   -0.638801   0
 146   TYR   -0.0466415   0.404739
 147   TYR   0.118875   0.35347
 211   ASP   0.0706476   0.394328
 213   PRO   -0.365764   0
 214   VAL   0.169756   0
 215   HIS   0.0198153   -0.161319
 216   GLY   0.0513063   0
 219   PRO   0.283222   0
 220   MET   0.226712   0
 221   ASN   0.172826   0
SITE:  LYS- 225
  63   CYS   -0.049675   0.189259
  97   CYS   0.027534   0.260926
  99   SER   0.168296   0
 100   CYS   0.0181651   0.288899
 102   TYR   -0.237562   1.04399
 109   CYS   -0.0191209   0.214966
 110   GLU   -0.00355778   0.222248
 146   TYR   -0.00991096   0.142605
 160   CYS   -0.0340492   0.232032
 226   GLY   0.0489233   0
 227   CYS   0.0650008   0.327432
 228   ASP   -0.107274   0.234885
 229   GLU   0.350206   1.3602
 230   SER   0.617828   0
 231   VAL   0.216208   0
 232   ASP   -0.0293397   0.453454
 233   GLU   -0.0918885   0.208205
 238   CYS   0.0374778   0.333799
 243   CYS   -0.0114872   0.178261
 951   LYS   -0.0154868   -0.100348
 987   LYS   -0.0158657   -0.190711
SITE:  CYS- 227
  94   LEU   0.123776   0
  96   ARG   -0.148548   -0.252806
  97   CYS   0.331686   1.62053
  98   PRO   -0.00257582   0
  99   SER   -0.589112   0
 100   CYS   -0.251736   1.15401
 102   TYR   -0.167389   0.244159
 103   ASN   -0.425949   0
 109   CYS   -0.02313   0.129146
 110   GLU   -0.010564   0.150297
 146   TYR   -0.0117662   0.136448
 155   ALA   0.259866   0
 156   MET   0.35   0
 157   TYR   0.278496   0.306318
 158   ASN   0.552754   0
 159   ALA   0.665082   0
 160   CYS   -0.0442475   1.0998
 161   ARG   -0.150343   -0.786927
 162   ASP   -0.663086   1.07607
 163   VAL   -0.0759371   0
 164   GLU   0.000388006   0.268089
 170   ASP   0.00861603   0.108668
 171   LYS   -0.0928472   -0.363196
 177   CYS   0.0068206   0.196827
 184   CYS   0.0455584   0.20144
 224   THR   -0.210606   0
 225   LYS   0.173382   -0.327432
 226   GLY   -0.121046   0
 228   ASP   -0.576546   1.18445
 229   GLU   0.216794   0.45058
 232   ASP   0.014801   0.151967
 237   PRO   -0.377856   0
 238   CYS   -0.0786159   2.14506
 239   SER   0.387704   0
 240   CYS   0.0118759   0.423254
 242   ASP   0.143941   0.694912
 243   CYS   -0.715152   4.0016
 244   SER   -0.375806   0
 245   ILE   -0.621316   0
 246   VAL   -0.259578   0
 247   CYS   0.073245   0.46695
 518   ARG   -0.00943264   -0.120758
 948   ASP   0.011783   0.115061
 951   LYS   -0.00660899   -0.133506
SITE:  ASP- 228
  97   CYS   0.040248   0.348187
 100   CYS   -0.038744   0.262089
 102   TYR   -0.0554662   0.115944
 160   CYS   -0.0209712   0.242738
 161   ARG   -0.00175832   -0.25053
 162   ASP   -0.0944022   0.27748
 171   LYS   -0.0193544   -0.102707
 225   LYS   -0.0996057   -0.234885
 226   GLY   -0.280526   0
 227   CYS   -0.254186   1.18445
 229   GLU   -0.529502   0.645306
 237   PRO   -0.219598   0
 238   CYS   0.123459   0.524151
 240   CYS   -0.0506426   0.234359
 242   ASP   -0.0106286   0.188303
 243   CYS   0.108547   0.778502
 245   ILE   -0.277665   0
 246   VAL   -0.15146   0
 247   CYS   0.034268   0.368333
SITE:  GLU- 229
  97   CYS   0.0141097   0.265838
 100   CYS   -0.0133917   0.240145
 102   TYR   -0.0995304   0.346816
 110   GLU   -0.00264293   0.10717
 160   CYS   -0.026453   0.193518
 162   ASP   -0.0529562   0.101621
 224   THR   0.227372   0
 225   LYS   -0.409994   -1.3602
 226   GLY   0.19785   0
 227   CYS   0.0714056   0.45058
 228   ASP   -0.492813   0.645306
 230   SER   0.230522   0
 231   VAL   0.0506044   0
 232   ASP   0.0210371   0.249998
 233   GLU   -0.0486987   0.146493
 237   PRO   -0.192248   0
 238   CYS   0.0774684   0.406265
 242   ASP   -8.88778e-05   0.106019
 243   CYS   -0.00331269   0.240822
SITE:  ASP- 232
  57   ASP   0.0682781   0.1616
  60   GLN   0.354834   0
  61   GLU   0.0468542   0.294903
  63   CYS   -0.137221   0.381119
  64   PRO   -0.160297   0
  75   CYS   -0.0187437   0.125854
  84   LYS   0.0058276   -0.179626
  96   ARG   0.018283   -0.117666
  97   CYS   -0.0243692   0.265755
  98   PRO   -0.00615421   0
 100   CYS   -0.00387796   0.277098
 102   TYR   0.0441746   0.780485
 109   CYS   -0.0314317   0.31929
 110   GLU   -0.0191005   0.192212
 113   CYS   0.0058223   0.151898
 146   TYR   -0.00731922   0.116327
 160   CYS   -0.0102098   0.179381
 225   LYS   -0.0613367   -0.453454
 227   CYS   0.0458278   0.151967
 229   GLU   -0.0163528   0.249998
 231   VAL   -0.146968   0
 233   GLU   -1.23883   0.975017
 234   VAL   -0.574904   0
 235   THR   0.0766903   0
 236   ALA   0.17914   0
 237   PRO   0.021104   0
 238   CYS   0.0289997   0.308377
 242   ASP   0.00611672   0.120417
 243   CYS   -0.00705612   0.104199
 909   CYS   -0.00197835   0.221724
 912   MET   -0.225328   0
 914   CYS   0.0233644   0.187605
 944   ASP   0.0387076   0.190046
 945   ASP   0.0124177   0.132642
 946   TYR   0.0344016   0.161664
 948   ASP   0.0598146   0.339698
 951   LYS   -0.137456   -0.465643
 952   PRO   -0.115323   0
 953   GLN   0.19904   0
 956   CYS   -0.0348227   0.164095
 957   CYS   0.0414845   0.202232
 958   ARG   0.0247575   -0.11138
 978   ARG   -0.101284   -0.136644
 979   CYS   -0.0406652   0.137966
 980   ARG   -0.0994157   -0.23421
 981   PRO   0.133386   0
 983   THR   0.181044   0
 984   PRO   0.247341   0
 985   GLU   0.0614958   0.225491
 987   LYS   -0.183019   -1.22265
 988   GLN   -0.128654   0
 989   ARG   -0.0678091   -0.39752
1011   CYS   0.0155136   0.120561
SITE:  GLU- 233
  63   CYS   -0.0313495   0.105591
 102   TYR   0.0017904   0.219038
 225   LYS   -0.0176756   -0.208205
 229   GLU   -0.0520576   0.146493
 232   ASP   -0.259357   0.975017
 234   VAL   -0.517818   0
 238   CYS   0.0143865   0.11966
 909   CYS   0.000551531   0.341149
 912   MET   -0.305622   0
 913   GLY   -0.112219   0
 914   CYS   0.0570134   0.327314
 944   ASP   0.0374042   0.18682
 946   TYR   0.0142592   0.162851
 948   ASP   0.0157767   0.203531
 951   LYS   -0.0797867   -0.222105
 957   CYS   0.0223576   0.12664
 980   ARG   -0.127496   -0.265161
 984   PRO   0.294526   0
 985   GLU   0.078556   0.321726
 987   LYS   -0.147814   -0.466839
 988   GLN   -1.02117   0
 989   ARG   0.0871892   -0.71142
 990   PRO   0.0205466   0
 994   ASP   -0.0301908   0.105747
SITE:  CYS- 238
  61   GLU   0.0267336   0.140946
  63   CYS   -0.0407125   0.168323
  84   LYS   0.0162251   -0.117554
  90   PRO   0.101756   0
  94   LEU   0.34804   0
  95   SER   0.20187   0
  96   ARG   -0.183375   -0.578645
  97   CYS   0.0474034   4.87935
  98   PRO   -0.163684   0
  99   SER   -1.86673   0
 100   CYS   -0.739305   2.02706
 101   PHE   -0.188011   0
 102   TYR   -0.291651   0.377743
 103   ASN   -0.43474   0
 109   CYS   -0.0365438   0.199364
 110   GLU   -0.0166732   0.181816
 146   TYR   -0.0175636   0.155382
 155   ALA   0.166603   0
 156   MET   0.285304   0
 157   TYR   0.217237   0.212025
 158   ASN   0.21765   0
 159   ALA   0.573528   0
 160   CYS   -0.0257762   1.27974
 161   ARG   -0.108342   -0.392777
 162   ASP   -0.532816   0.684118
 163   VAL   -0.235412   0
 164   GLU   0.0317581   0.385932
 170   ASP   0.0334673   0.121938
 171   LYS   -0.0981574   -0.287014
 177   CYS   0.001151   0.201502
 184   CYS   0.0273796   0.176064
 224   THR   -0.223908   0
 225   LYS   0.159276   -0.333799
 226   GLY   0.36864   0
 227   CYS   0.22909   2.14506
 228   ASP   -0.120357   0.524151
 229   GLU   0.475952   0.406265
 230   SER   -0.322122   0
 231   VAL   -0.227308   0
 232   ASP   0.0345678   0.308377
 233   GLU   -0.0399752   0.11966
 235   THR   -0.0816601   0
 236   ALA   0.413036   0
 237   PRO   -0.498412   0
 239   SER   0.436708   0
 240   CYS   -0.00114342   0.447271
 242   ASP   -0.111674   1.2651
 243   CYS   -0.250268   1.64882
 245   ILE   -0.205964   0
 246   VAL   -0.159566   0
 247   CYS   0.0436399   0.335596
 515   TYR   0.037365   0.160695
 518   ARG   -0.00238759   -0.199162
 909   CYS   0.00316654   0.149256
 914   CYS   0.0186122   0.146894
 944   ASP   -0.00956482   0.190403
 945   ASP   0.0156988   0.163145
 948   ASP   0.0431062   0.322081
 951   LYS   -0.0176303   -0.373264
 956   CYS   -0.0211262   0.122573
 987   LYS   0.0206207   -0.176226
 989   ARG   -0.0662705   -0.155904
1011   CYS   0.0221798   0.112286
1013   LYS   -0.01783   -0.111821
1019   TYR   -0.011426   0.116984
SITE:  CYS- 240
  96   ARG   -0.00959178   -0.288461
  97   CYS   -0.00920537   0.36185
 100   CYS   -0.041306   0.214247
 160   CYS   0.0234668   0.190415
 161   ARG   -0.0454917   -0.18087
 162   ASP   0.0282987   0.482688
 164   GLU   -0.0110646   0.416615
 170   ASP   0.0321628   0.113824
 171   LYS   -0.0291489   -0.283374
 227   CYS   -0.0338564   0.423254
 228   ASP   0.00186719   0.234359
 238   CYS   0.0469606   0.447271
 239   SER   -0.00650362   0
 241   GLN   -0.4642   0
 242   ASP   -0.371418   0.641893
 243   CYS   0.721969   0.861896
 246   VAL   -0.258688   0
 247   CYS   0.566035   2.69695
 248   GLY   0.267672   0
 250   LYS   -0.0959345   -0.240761
 518   ARG   0.0668434   -0.301818
 550   TYR   -0.0176286   0.10655
 555   TYR   -0.0215424   0.181152
 930   ASP   -0.0283374   0.131974
 944   ASP   -0.0181059   0.108744
SITE:  ASP- 242
  90   PRO   0.123705   0
  91   LEU   0.135596   0
  93   PHE   0.314244   0
  94   LEU   0.210189   0
  96   ARG   -0.967022   -2.13131
  97   CYS   -0.156414   1.76807
  98   PRO   -0.00264989   0
  99   SER   -0.185932   0
 100   CYS   -0.166042   1.01217
 102   TYR   -0.0573852   0.123888
 157   TYR   0.143055   0.20236
 159   ALA   0.193279   0
 160   CYS   0.221336   0.781403
 161   ARG   -0.131516   -0.325259
 162   ASP   -0.245521   0.887245
 163   VAL   -1.10979   0
 164   GLU   -0.463541   1.76529
 165   ALA   0.160902   0
 166   PRO   -0.0249293   0
 168   SER   0.231674   0
 170   ASP   0.190752   0.318741
 171   LYS   -0.197537   -0.570757
 172   ALA   -0.208058   0
 177   CYS   -0.0017778   0.226093
 184   CYS   0.0281662   0.205176
 227   CYS   0.031991   0.694912
 228   ASP   -0.0173008   0.188303
 229   GLU   0.0607151   0.106019
 232   ASP   0.00870918   0.120417
 237   PRO   0.0602125   0
 238   CYS   -0.641418   1.2651
 239   SER   0.498931   0
 240   CYS   0.0812636   0.641893
 241   GLN   -0.44895   0
 243   CYS   -0.350064   1.11571
 247   CYS   0.059549   0.361516
 487   TYR   0.00187301   0.161148
 512   HIS   0.0355998   -0.123155
 515   TYR   0.111221   0.374084
 516   CYS   0.010769   0.203092
 518   ARG   -0.0816537   -0.708616
 525   ASP   0.045669   0.165846
 533   CYS   0.0123664   0.160316
 550   TYR   -0.0191416   0.116197
 555   TYR   -0.0381424   0.233974
 909   CYS   -0.00169854   0.108194
 944   ASP   -0.0265188   0.169095
 945   ASP   0.0213124   0.190946
 948   ASP   0.0229126   0.266474
 951   LYS   0.00137182   -0.273291
 956   CYS   -0.0172989   0.116767
1011   CYS   0.0215653   0.122096
1013   LYS   -0.022817   -0.157758
1016   HID   0.0168001   -0.119067
1019   TYR   -0.0116884   0.148101
SITE:  CYS- 243
  94   LEU   0.107704   0
  96   ARG   -0.164793   -0.32145
  97   CYS   0.26312   1.45012
  98   PRO   0.00244687   0
  99   SER   -0.301842   0
 100   CYS   -0.185607   0.918949
 102   TYR   -0.100531   0.151456
 103   ASN   -0.239084   0
 110   GLU   -0.00681889   0.101163
 155   ALA   0.150651   0
 156   MET   0.274814   0
 157   TYR   0.253709   0.316269
 158   ASN   0.485866   0
 159   ALA   0.518065   0
 160   CYS   0.0355612   0.932814
 161   ARG   -0.203823   -0.879033
 162   ASP   -0.774889   1.84827
 163   VAL   -0.0906219   0
 164   GLU   -0.038382   0.431175
 170   ASP   0.027232   0.164274
 171   LYS   -0.114231   -0.57517
 177   CYS   0.00444103   0.200554
 182   ASP   0.00530454   0.100292
 184   CYS   0.0500708   0.212467
 225   LYS   0.109175   -0.178261
 226   GLY   -0.184603   0
 227   CYS   -0.730359   4.0016
 228   ASP   -0.00136637   0.778502
 229   GLU   0.119487   0.240822
 232   ASP   0.009354   0.104199
 237   PRO   -0.20564   0
 238   CYS   -0.237686   1.64882
 239   SER   0.770684   0
 240   CYS   0.111892   0.861896
 242   ASP   -0.387086   1.11571
 244   SER   -1.29524   0
 245   ILE   -1.11199   0
 246   VAL   -0.5918   0
 247   CYS   0.206548   0.894585
 518   ARG   -0.00544948   -0.191658
 948   ASP   0.0110503   0.113362
 951   LYS   -0.00426276   -0.121585
SITE:  CYS- 247
  96   ARG   -0.0143905   -0.155248
  97   CYS   0.00804185   0.265738
 100   CYS   -0.0290933   0.168041
 160   CYS   0.0126933   0.158735
 161   ARG   -0.0276307   -0.221955
 162   ASP   0.0350119   0.476953
 164   GLU   -0.00791662   0.24464
 171   LYS   -0.0164669   -0.24851
 227   CYS   -0.0859602   0.46695
 228   ASP   0.0358651   0.368333
 238   CYS   0.0822079   0.335596
 240   CYS   -0.807532   2.69695
 242   ASP   -0.181136   0.361516
 243   CYS   1.00458   0.894585
 244   SER   0.36304   0
 245   ILE   0.020543   0
 246   VAL   -0.0805618   0
 248   GLY   0.0668424   0
 249   PRO   0.0748102   0
 250   LYS   -0.0516533   -0.235017
 518   ARG   0.0282829   -0.158907
 555   TYR   -0.0130279   0.100897
SITE:  LYS- 250
 240   CYS   0.0099386   0.240761
 247   CYS   -0.051091   0.235017
 248   GLY   0.142431   0
 251   PRO   -0.0108067   0
 252   GLN   -0.51849   0
 253   PRO   0.0374506   0
 550   TYR   -0.0124733   0.106132
 552   ASP   0.00476523   0.182498
 555   TYR   -0.00750455   0.110305
 928   GLN   -0.0120997   0
 930   ASP   -0.0878466   0.281397
1042   HID   -0.030239   -0.108973
SITE:  ASP- 266
 259   PRO   -0.295264   0
 260   TRP   -0.251289   0
 261   THR   -0.179778   0
 267   ALA   -0.556456   0
 268   MET   -1.10368   0
 269   TYR   -0.214326   1.07713
 270   VAL   -0.189329   0
 272   MET   -0.184188   0
 849   SER   0.152035   0
 851   ALA   0.541366   0
 852   VAL   0.000875307   0
 854   ASN   0.441196   0
 855   LYS   0.284826   -3.47737
 857   ASP   0.0210146   0.187608
SITE:  TYR- 269
 265   LEU   -0.250372   0
 266   ASP   -0.204772   1.07713
 276   TYR   -0.0337924   0.108114
 852   VAL   -0.0444533   0
 854   ASN   0.115555   0
 855   LYS   0.0156333   -1.42718
 857   ASP   0.0243664   0.177196
SITE:  TYR- 276
 269   TYR   0.0867307   0.108114
 272   MET   0.140708   0
 273   TRP   0.23305   0
 279   PHE   -0.33205   0
 280   LEU   -0.269995   0
 283   PHE   -0.158969   0
 825   TYR   0.00779638   0.105582
 835   ARG   0.0906741   -0.139816
 836   PRO   0.27186   0
 837   ILE   0.3313   0
 838   VAL   0.173984   0
 839   ILE   0.191492   0
 840   ALA   2.45116   0
 841   ILE   0.484361   0
 843   VAL   -0.425986   0
 844   GLY   -0.762279   0
 845   VAL   -0.0490467   0
 847   SER   -0.471095   0
1239   HIS   -0.00368849   -0.295067
1239   HID   -0.10201   -0.163485
1250   TYR   -0.053492   0.248444
SITE:  CYS- 292
 284   PHE   0.140864   0
 285   GLY   0.225792   0
 286   ALA   0.150941   0
 287   PHE   0.204452   0
 288   PHE   1.73914   0
 289   ALA   0.50681   0
 290   VAL   0.0861201   0
 293   TYR   -0.317099   0.173422
 294   ARG   -0.221732   -0.194065
 295   LYS   -0.35401   -0.583447
 296   ARG   -0.294157   -0.362194
 832   ASP   0.0144459   0.168118
 835   ARG   -0.0155517   -0.113952
1250   TYR   0.014984   0.160745
SITE:  TYR- 293
 290   VAL   0.104347   0
 292   CYS   -0.0314823   0.173422
 294   ARG   -0.17588   -0.207823
 296   ARG   -0.340366   -0.208038
 297   TYR   -0.47685   1.54135
 301   GLU   0.0153048   0.17489
SITE:  ARG- 294
 292   CYS   0.0392284   0.194065
 293   TYR   0.0219484   0.207823
 295   LYS   -0.265958   -0.19664
 296   ARG   -0.154406   -0.0916564
 297   TYR   -0.188099   0.133458
 301   GLU   0.0148777   0.200857
 302   TYR   -0.0328388   0.17168
 831   LYS   -0.0451776   -0.141039
 832   ASP   0.194306   0.89351
 835   ARG   -0.145586   -0.518129
1180   LYS   0.00141104   -0.141436
1183   ARG   -0.135651   -0.184025
1185   GLU   0.0171062   0.35654
1186   ARG   -0.0142203   -0.157827
1188   GLU   -0.0216816   0.200365
1250   TYR   0.0591958   0.377318
SITE:  LYS- 295
 291   TRP   0.368096   0
 292   CYS   0.252406   0.583447
 294   ARG   0.12222   -0.19664
 296   ARG   -0.089884   -0.405522
 302   TYR   -0.0798577   0.263928
 832   ASP   -0.0033808   0.158426
SITE:  ARG- 296
 292   CYS   0.0168909   0.362194
 293   TYR   0.0686376   0.208038
 295   LYS   0.560716   -0.405522
 297   TYR   -0.172649   0.189733
SITE:  TYR- 297
 293   TYR   -0.351484   1.54135
 294   ARG   0.0991206   -0.133458
 296   ARG   -0.0600157   -0.189733
 300   SER   -0.27682   0
 301   GLU   0.00732724   0.313528
SITE:  GLU- 301
 293   TYR   0.0319524   0.17489
 294   ARG   0.132196   -0.200857
 297   TYR   0.21094   0.313528
 298   PHE   0.211104   0
 300   SER   -0.156172   0
 302   TYR   -0.338991   0.260327
 303   THR   0.128521   0
SITE:  TYR- 302
 294   ARG   0.0379272   -0.17168
 295   LYS   0.110301   -0.263928
 298   PHE   0.219816   0
 299   VAL   0.0288156   0
 301   GLU   -0.138044   0.260327
 832   ASP   0.00238169   0.107886
SITE:  ASP- 306
 304   PRO   0.0704467   0
 305   ILE   -0.155696   0
 307   SER   0.329484   0
SITE:  ASP- 317
 313   VAL   0.18601   0
 318   LYS   -0.63898   -0.304316
 319   GLY   -0.120953   0
 320   GLU   0.0693738   0.169014
 325   ASP   0.0241035   0.218773
1120   GLU   0.00405953   0.133993
1181   GLY   0.105975   0
1183   ARG   0.0894029   -0.314242
1185   GLU   -0.0269564   0.105935
1186   ARG   0.00881897   -0.291735
1254   SER   -0.213224   0
1255   VAL   0.0627796   0
1257   LYS   -0.0208464   -1.16883
1259   LYS   -0.0254826   -0.109056
1261   CYS   -0.00514097   0.196088
1264   GLU   -0.000818717   0.132148
SITE:  LYS- 318
 317   ASP   -0.0874478   0.304316
 319   GLY   -0.20448   0
 320   GLU   -0.0253764   0.202368
1257   LYS   -0.0285666   -0.25648
SITE:  GLU- 320
 317   ASP   0.0474145   0.169014
 318   LYS   0.196684   -0.202368
 319   GLY   0.0280195   0
 323   CYS   -0.0451086   0.204163
 324   CYS   -0.025353   0.108748
 325   ASP   -0.0319106   0.272307
1257   LYS   -0.0361528   -0.358306
1261   CYS   -0.0182504   0.119992
SITE:  CYS- 323
 320   GLU   -0.0460882   0.204163
 322   SER   0.348038   0
 324   CYS   -0.192852   0.939725
 325   ASP   -0.18836   0.464242
 326   PRO   -0.182376   0
 327   VAL   -0.163727   0
1119   CYS   0.0196819   0.327322
1120   GLU   -0.00965247   0.223476
1257   LYS   -0.0226772   -0.101147
1259   LYS   -0.0224119   -0.14616
SITE:  CYS- 324
 320   GLU   0.0214642   0.108748
 322   SER   0.354664   0
 323   CYS   0.0916103   0.939725
 325   ASP   -0.392124   1.03
 326   PRO   -0.075802   0
 327   VAL   -0.39927   0
 328   SER   -0.316865   0
 332   GLU   -0.0396584   0.242273
1114   MET   0.210648   0
1118   GLY   -0.16979   0
1119   CYS   0.0167609   1.38379
1120   GLU   -0.0589243   0.828844
1121   LEU   -0.169032   0
1128   CYS   -0.0217297   0.127187
1168   CYS   0.006053   0.108302
1173   ARG   -0.00288676   -0.198961
1183   ARG   0.0203879   -0.120591
1186   ARG   -0.00499439   -0.179929
1256   ASN   -0.224082   0
1257   LYS   -0.035223   -0.148041
1259   LYS   -0.0612567   -0.452576
SITE:  ASP- 325
 317   ASP   0.0846952   0.218773
 319   GLY   0.0876393   0
 320   GLU   0.088065   0.272307
 321   ALA   -1.13241   0
 322   SER   0.379402   0
 323   CYS   0.0120509   0.464242
 324   CYS   -0.29002   1.03
 326   PRO   -0.531616   0
 327   VAL   -0.257332   0
 328   SER   -0.516075   0
 329   ALA   -0.203954   0
 332   GLU   -0.0486445   0.437437
 336   ARG   -0.0763496   -0.160136
 730   GLU   0.023679   0.155564
1117   LEU   0.109548   0
1118   GLY   -0.197403   0
1119   CYS   -0.21647   0.525869
1120   GLU   0.143907   1.41359
1128   CYS   -0.0152975   0.109249
1168   CYS   0.0136615   0.135015
1170   HIS   0.0306454   -0.116778
1173   ARG   0.0364312   -0.297031
1183   ARG   0.0618488   -0.297224
1186   ARG   -0.0273916   -0.47496
1189   GLU   -0.00483743   0.136363
1253   PRO   -0.205232   0
1254   SER   0.213946   0
1255   VAL   0.203445   0
1256   ASN   -0.402066   0
1257   LYS   -0.308568   -0.677049
1258   ALA   -0.463297   0
1259   LYS   -0.233224   -0.864067
1261   CYS   -0.118625   0.381509
1264   GLU   -0.0233562   0.148103
1265   GLU   -0.0318294   0.126882
1267   TYR   -0.0292828   0.125861
SITE:  GLU- 332
 324   CYS   0.0649429   0.242273
 325   ASP   0.175694   0.437437
 326   PRO   0.185162   0
 327   VAL   0.158301   0
 328   SER   0.697678   0
 329   ALA   0.34846   0
 333   GLY   -0.442574   0
 334   CYS   -0.178791   0.488888
 335   LEU   -0.385478   0
 336   ARG   -1.00165   -1.10662
 337   ARG   -0.0198758   -0.431554
 341   ARG   -0.0614935   -0.109555
 346   CYS   -0.0281711   0.1247
 653   LYS   0.00631135   -0.118523
 700   ASP   0.0458866   0.297289
 709   TYR   -0.00336941   0.122234
 711   ARG   -0.0807674   -0.401248
 712   ASP   -0.0257294   0.341249
 713   GLU   0.0190287   0.10148
 718   GLU   -0.00183078   0.147734
 725   GLY   0.0992232   0
 726   ARG   0.0911968   -0.386139
 727   VAL   0.161419   0
 728   LEU   0.133234   0
 729   GLY   0.314628   0
 730   GLU   0.205226   1.20669
 731   VAL   0.136346   0
 733   PRO   -0.263594   0
 742   GLU   -0.0230452   0.252477
 771   ASP   0.00298451   0.142189
 822   LYS   -0.00582399   -0.113354
 825   TYR   -0.0250233   0.105499
1113   THR   0.194025   0
1114   MET   0.158634   0
1115   VAL   0.126839   0
1116   LEU   0.477058   0
1117   LEU   0.43671   0
1118   GLY   -0.0549561   0
1119   CYS   -0.192462   0.413434
1120   GLU   0.178915   1.28034
1128   CYS   -0.00162264   0.200412
1161   CYS   0.0300226   0.113632
1166   GLU   0.0237697   0.249124
1168   CYS   0.0528422   0.380008
1169   SER   0.207736   0
1170   HIS   0.146142   -0.581631
1171   ILE   0.0951748   0
1173   ARG   0.600919   -2.17544
1177   VAL   -0.183517   0
1179   MET   -0.182582   0
1180   LYS   0.0409924   -0.167691
1183   ARG   0.0384018   -0.152597
1185   GLU   -0.00363631   0.106556
1186   ARG   -0.0820989   -0.469901
1188   GLU   -0.015843   0.13247
1189   GLU   -0.00468502   0.464549
1193   HIS   -0.0398907   -0.474053
1206   LYS   -0.00808144   -0.16256
1239   HID   0.165191   -0.275127
1253   PRO   -0.0507285   0
1254   SER   0.212927   0
1257   LYS   0.0482488   -0.167278
1259   LYS   -0.034199   -3.59887
1260   SER   0.0705603   0
1261   CYS   -0.0583958   0.29708
1264   GLU   -0.050592   0.239626
1265   GLU   -0.0829282   0.241208
1266   ARG   -0.299646   -0.713173
1267   TYR   -0.101463   0.824743
1272   ARG   -0.0650758   -0.417831
1273   GLU   -0.0135309   0.116503
SITE:  CYS- 334
 327   VAL   0.152356   0
 328   SER   0.134894   0
 330   ALA   0.563325   0
 331   PHE   0.692984   0
 332   GLU   0.140327   0.488888
 333   GLY   0.0909365   0
 335   LEU   -0.405272   0
 336   ARG   -0.104039   -0.454632
 337   ARG   0.139424   -1.47273
 338   LEU   -0.336973   0
 341   ARG   -0.265867   -0.257585
 729   GLY   0.057341   0
 730   GLU   0.00690103   0.185238
 733   PRO   -0.0283608   0
1119   CYS   -0.028376   0.179974
1120   GLU   0.00646754   0.17584
1170   HIS   0.0115955   -0.115728
1173   ARG   0.0192409   -0.308227
1259   LYS   0.0041323   -0.293979
1266   ARG   0.0159276   -0.236388
1267   TYR   -0.0107625   0.126955
SITE:  ARG- 336
 325   ASP   0.0553298   0.160136
 326   PRO   0.105337   0
 329   ALA   0.263754   0
 332   GLU   -0.061959   1.10662
 333   GLY   0.156398   0
 334   CYS   0.242444   0.454632
 335   LEU   0.122484   0
 337   ARG   -0.677207   -0.871599
 339   PHE   -0.237687   0
 341   ARG   -0.148063   -0.209214
 346   CYS   -0.0353172   0.130048
 700   ASP   0.0246588   0.145209
 709   TYR   0.00185932   0.108494
 711   ARG   -0.0606026   -0.24502
 712   ASP   -0.006556   0.307194
 718   GLU   0.022849   0.25767
 721   ASP   0.0268804   0.11092
 722   GLN   0.197461   0
 725   GLY   0.140827   0
 726   ARG   0.0670583   -0.464467
 727   VAL   0.131237   0
 729   GLY   0.0511241   0
 730   GLU   -0.0741418   0.788759
 733   PRO   -0.134203   0
 742   GLU   -0.00758976   0.112188
1119   CYS   -0.0471512   0.121382
1120   GLU   0.042014   0.294905
1166   GLU   0.00714061   0.10963
1168   CYS   0.018069   0.127904
1170   HIS   0.0419804   -0.242042
1173   ARG   0.146377   -0.59386
1186   ARG   -0.041838   -0.165353
1189   GLU   0.000768691   0.244113
1193   HIS   -0.00695483   -0.272739
1239   HID   0.0562133   -0.102633
1259   LYS   0.122579   -0.600015
1260   SER   0.123911   0
1261   CYS   -0.0015603   0.245567
1262   ALA   0.320706   0
1263   THR   0.24737   0
1264   GLU   -0.0105052   0.239755
1265   GLU   -0.125832   0.432208
1266   ARG   0.243338   -1.9682
1267   TYR   -0.0445383   0.752721
1268   LYS   0.0465614   -0.133313
1272   ARG   -0.115499   -0.333326
1273   GLU   -0.0181298   0.140239
SITE:  ARG- 337
 330   ALA   0.281778   0
 331   PHE   0.197971   0
 332   GLU   0.102409   0.431554
 333   GLY   0.671714   0
 334   CYS   0.532476   1.47273
 335   LEU   0.201563   0
 336   ARG   0.328457   -0.871599
 338   LEU   -0.452576   0
 341   ARG   -0.40226   -0.467449
 346   CYS   -0.0295546   0.113162
 712   ASP   -0.00314894   0.109577
 718   GLU   0.0051206   0.113545
 725   GLY   0.081684   0
 726   ARG   0.0328861   -0.171718
 729   GLY   0.0245505   0
 730   GLU   -0.0178224   0.241775
 733   PRO   -0.0459898   0
1120   GLU   0.0138175   0.127196
1170   HIS   0.0121017   -0.104431
1173   ARG   0.0387186   -0.248409
1259   LYS   0.0210966   -0.236356
1265   GLU   -0.00991851   0.148752
1266   ARG   0.112974   -0.511228
1267   TYR   -0.00692532   0.189375
SITE:  ARG- 341
 332   GLU   0.0327624   0.109555
 334   CYS   0.166801   0.257585
 336   ARG   0.0896071   -0.209214
 337   ARG   0.120342   -0.467449
 338   LEU   0.175622   0
 339   PHE   0.156411   0
 340   THR   -0.0609532   0
 342   TRP   -0.263825   0
 346   CYS   -0.0651073   0.244073
 348   ARG   -0.054245   -0.315065
 718   GLU   -0.00309698   0.123043
 721   ASP   0.0277712   0.160885
 725   GLY   0.0142179   0
 726   ARG   0.0229839   -0.138927
 730   GLU   -0.0230152   0.114942
1266   ARG   0.0723434   -0.243833
SITE:  CYS- 346
 332   GLU   0.024957   0.1247
 336   ARG   0.0886202   -0.130048
 337   ARG   0.0816747   -0.113162
 339   PHE   0.202968   0
 340   THR   0.179539   0
 341   ARG   0.118712   -0.244073
 342   TRP   0.990287   0
 343   GLY   0.752194   0
 345   PHE   -0.176622   0
 347   VAL   -0.581614   0
 348   ARG   -0.41205   -0.466812
 349   ASN   -0.279497   0
 350   PRO   0.181689   0
 351   GLY   0.0399974   0
 352   CYS   -0.323954   0.528957
 353   VAL   -0.542472   0
 354   ILE   -0.0607173   0
 364   CYS   -0.0341901   0.123917
 653   LYS   0.022049   -0.263638
 670   CYS   -0.044686   0.192149
 700   ASP   0.0275456   0.249976
 709   TYR   -0.0488072   0.262178
 711   ARG   -0.0545735   -0.119738
 712   ASP   -0.00127854   0.197984
 718   GLU   -0.0398812   0.133785
 721   ASP   0.00209219   0.509909
 725   GLY   0.0373302   0
 726   ARG   0.0344225   -0.211463
 730   GLU   -0.0436048   0.202548
 742   GLU   -0.00513894   0.186891
 771   ASP   0.138492   0.353678
 772   PHE   0.154459   0
 773   LEU   0.273446   0
 774   LEU   0.284512   0
 775   GLN   0.316848   0
 776   ILE   0.513002   0
 777   THR   1.951   0
 778   CYS   0.364165   1.17792
 780   VAL   -0.601336   0
 781   SER   1.24713   0
 783   LEU   -0.219888   0
 784   GLY   -0.256132   0
 786   ASP   -0.13871   0.334258
 788   LYS   -0.0508194   -0.532285
 789   ARG   -0.0788381   -0.149382
 791   GLU   -0.0198987   0.150049
 792   LYS   -0.0137457   -0.108071
 796   ASP   0.0356576   0.127141
 799   CYS   0.00293032   0.108889
1166   GLU   -0.0130143   0.160799
1170   HIS   -0.0158765   -0.208726
1173   ARG   0.00306323   -0.17434
1206   LYS   -0.0054394   -0.120743
1266   ARG   0.0190677   -0.15903
1267   TYR   0.00094092   0.112544
SITE:  ARG- 348
 341   ARG   0.26598   -0.315065
 342   TRP   0.138003   0
 343   GLY   0.116685   0
 344   SER   0.355174   0
 345   PHE   0.214397   0
 346   CYS   -0.0196914   0.466812
 347   VAL   -0.0509419   0
 349   ASN   -0.268885   0
 350   PRO   -0.0269463   0
 352   CYS   -0.0767838   0.181684
 709   TYR   -0.00504077   0.126562
 712   ASP   0.00575769   0.106544
 718   GLU   -0.0719723   0.20831
 721   ASP   -0.204271   0.897277
 726   ARG   -0.012557   -0.150256
 778   CYS   0.0388549   0.119171
 786   ASP   -0.0304274   0.10462
 788   LYS   -0.0135019   -0.504775
 791   GLU   0.000939844   0.126067
1266   ARG   0.0337368   -0.139293
SITE:  CYS- 352
 346   CYS   0.123056   0.528957
 348   ARG   -0.050488   -0.181684
 349   ASN   0.859198   0
 350   PRO   0.028958   0
 351   GLY   -0.0230061   0
 353   VAL   -0.453082   0
 355   PHE   -0.301708   0
 356   PHE   -0.16273   0
 721   ASP   0.000395204   0.126222
 778   CYS   0.0687976   0.290258
 788   LYS   -0.0112237   -0.19476
SITE:  CYS- 364
 346   CYS   0.00439732   0.123917
 357   SER   0.244046   0
 358   LEU   0.191377   0
 359   VAL   0.200398   0
 360   PHE   1.46382   0
 361   ILE   0.54635   0
 362   THR   0.141096   0
 363   ALA   -0.165564   0
 365   SER   -0.671049   0
 366   SER   -0.25115   0
 367   GLY   -0.228448   0
 372   ARG   0.0673331   -0.108898
 628   TYR   0.00473062   0.154796
 666   SER   0.125936   0
 667   SER   0.243774   0
 668   VAL   0.148652   0
 670   CYS   0.960092   2.82594
 671   SER   0.189846   0
 673   GLY   -0.313341   0
 674   VAL   -0.324022   0
 676   SER   -0.201834   0
 677   TYR   -0.25038   0.341185
 700   ASP   -0.0135699   0.110537
 742   GLU   -0.00251194   0.143154
 766   LEU   0.0459412   0
 770   ILE   -0.114701   0
 771   ASP   -0.00776341   0.372573
 778   CYS   -0.0569282   0.272842
SITE:  ARG- 372
 364   CYS   0.0559356   0.108898
 367   GLY   0.236905   0
 368   LEU   0.142483   0
 370   PHE   1.23958   0
 371   VAL   0.0836725   0
 379   ASP   0.0128347   0.189188
 670   CYS   0.039872   0.113036
 672   LEU   0.123446   0
 673   GLY   0.113929   0
 676   SER   0.766306   0
 677   TYR   0.162718   0.161289
 679   GLY   -0.175774   0
 680   LEU   0.247538   0
 681   PRO   -0.0961331   0
 758   HIS   -0.00763604   -0.106246
SITE:  ASP- 379
 372   ARG   -0.0859161   -0.189188
 374   THR   -0.227014   0
 376   ASN   0.377156   0
 377   PRO   0.163478   0
 378   VAL   0.102486   0
 380   LEU   -0.446894   0
 381   TRP   -0.158396   0
 382   SER   0.226924   0
 384   PRO   -0.0371605   0
 389   ARG   -0.259282   -1.49897
 391   GLU   -0.0443626   0.125785
 392   LYS   -0.0609965   -0.487963
 393   GLU   0.0107927   0.407663
 396   ASP   0.00438777   0.327253
 404   ARG   0.0282693   -0.265018
 406   GLU   0.00555409   0.109212
 571   TYR   -0.040835   0.162959
 584   GLU   0.0170607   0.157016
 606   GLU   0.0110563   0.269967
 607   ARG   -0.0361858   -0.125837
 610   GLU   -0.00859102   0.363252
 611   ASP   -0.0237006   0.11134
 612   GLU   -0.0437673   0.10479
 681   PRO   -0.00079255   0
 688   GLU   -0.050171   0.100461
 755   PRO   -0.267878   0
 758   HIS   -0.083821   -0.305007
 875   TYR   -0.017496   0.111248
 890   TYR   -0.00245598   0.103351
1042   HID   0.00700454   -0.138319
1059   ARG   0.0241326   -0.125238
1081   TYR   -0.010064   0.315234
1085   TYR   -0.0030204   0.123329
1088   TYR   -0.0264542   0.231531
1089   GLU   -0.0777224   0.186871
1091   TYR   -0.0205452   0.239348
1097   ASP   0.0086414   0.1518
1225   TYR   -0.0226971   0.244177
1229   TYR   -0.0123063   0.122206
SITE:  ARG- 389
 376   ASN   0.131327   0
 377   PRO   0.128739   0
 378   VAL   0.647223   0
 379   ASP   0.177025   1.49897
 381   TRP   -0.187245   0
 382   SER   1.09628   0
 383   ALA   1.02461   0
 384   PRO   0.136949   0
 385   SER   -0.206421   0
 386   SER   -0.0750417   0
 387   GLN   0.248557   0
 390   LEU   -0.173786   0
 391   GLU   -0.235012   0.458797
 392   LYS   -0.323668   -0.944657
 393   GLU   -0.2049   0.918883
 394   TYR   -0.0629771   0.120592
 396   ASP   -0.059168   0.577573
 398   HID   -0.0431182   -0.131997
 404   ARG   0.018951   -0.250069
 406   GLU   0.00912449   0.116461
 571   TYR   -0.0476762   0.247753
 584   GLU   0.0142605   0.146356
 606   GLU   0.0243288   0.295176
 610   GLU   -0.0129493   0.224523
 681   PRO   0.0203162   0
 753   VAL   0.0903076   0
 755   PRO   -0.24192   0
 758   HIS   -0.0540369   -0.288439
 875   TYR   -0.0174083   0.129764
 890   TYR   0.00916819   0.178821
 894   GLU   -0.0288349   0.112441
1037   TYR   -0.0104232   0.106483
1042   HIS   -0.0197119   -0.171802
1042   HIS   -0.0708006   -0.153704
1042   HID   0.00263531   -0.298751
1059   ARG   0.117649   -0.412232
1077   ARG   0.034074   -0.182111
1080   PRO   0.0752459   0
1081   TYR   -0.0435032   0.603527
1083   VAL   0.140553   0
1085   TYR   -0.0293936   0.284899
1086   VAL   0.0115962   0
1088   TYR   -0.0813268   0.291217
1089   GLU   -0.23031   0.513338
1091   TYR   -0.0391416   0.311657
1097   ASP   -0.00230844   0.23428
1225   TYR   -0.0148483   0.192368
SITE:  GLU- 391
 379   ASP   -0.00518938   0.125785
 386   SER   0.300652   0
 387   GLN   1.84676   0
 388   ALA   0.290919   0
 389   ARG   0.120063   -0.458797
 390   LEU   -0.0444063   0
 392   LYS   -0.335253   -0.622997
 393   GLU   -0.309054   0.521803
 394   TYR   -0.331934   0.630331
 395   PHE   -0.253146   0
 396   ASP   -0.150578   0.486857
 398   HID   -0.101832   -0.409621
 404   ARG   0.00337893   -0.112956
 571   TYR   -0.0105789   0.168799
 606   GLU   0.0246562   0.159445
 890   TYR   0.153299   0.327421
 892   VAL   0.109547   0
 894   GLU   -0.231066   1.01089
 895   GLU   0.00745145   0.232771
 897   HIS   0.00416291   -0.190866
 899   TYR   -0.0158638   0.300253
1037   TYR   -0.0716354   0.253029
1041   TYR   0.00345662   0.148441
1042   HIS   -0.0531717   -0.384817
1042   HID   0.113665   -0.19518
1042   HIS   -0.0974248   -0.372092
1042   HID   -0.0413273   -0.586042
1053   ASP   0.0108634   0.120646
1056   LYS   0.0621743   -0.178734
1057   LYS   0.0197156   -0.135267
1059   ARG   0.69826   -1.79996
1067   GLU   -0.0443383   0.102495
1076   TYR   -0.187799   0.219245
1077   ARG   0.20737   -2.91667
1078   VAL   0.0178075   0
1079   PHE   0.0896992   0
1080   PRO   0.437018   0
1081   TYR   -0.119559   0.728209
1082   SER   0.107658   0
1083   VAL   0.0875746   0
1085   TYR   -0.155031   0.75652
1086   VAL   -0.0192625   0
1088   TYR   -0.0708388   0.180187
1089   GLU   -0.150924   0.734497
1091   TYR   -0.0550387   0.163204
1097   ASP   -0.0140869   0.115578
SITE:  LYS- 392
 377   PRO   -0.0623844   0
 378   VAL   -0.180977   0
 379   ASP   -0.0896706   0.487963
 383   ALA   0.16436   0
 384   PRO   0.0981165   0
 387   GLN   0.222214   0
 388   ALA   0.292174   0
 389   ARG   0.129342   -0.944657
 390   LEU   0.192258   0
 391   GLU   -0.161811   0.622997
 393   GLU   -0.473708   1.38714
 394   TYR   -0.0870734   0.229555
 395   PHE   -0.395682   0
 396   ASP   0.593186   3.69102
 397   GLN   -0.201255   0
 398   HID   -0.113332   -0.315171
 400   GLY   0.00163047   0
 401   PRO   -0.564167   0
 402   PHE   0.147746   0
 403   PHE   0.149893   0
 404   ARG   0.015893   -0.664065
 406   GLU   0.0370292   0.295831
 468   CYS   -0.0268393   0.161826
 479   CYS   -0.0330078   0.100655
 569   ASN   -0.313488   0
 570   TYR   0.211198   0.193764
 571   TYR   -0.177062   0.516922
 572   ASN   -0.163149   0
 573   ASP   0.0527625   0.210628
 576   LYS   -0.00420495   -0.123604
 584   GLU   0.0217907   0.34308
 606   GLU   0.0759136   0.759348
 607   ARG   -0.0522899   -0.182384
 610   GLU   -0.0212916   0.333005
 611   ASP   -0.0473898   0.122523
 612   GLU   -0.05724   0.114775
 871   TYR   -0.0173316   0.136207
 875   TYR   -0.0271258   0.273994
 888   PRO   0.0834171   0
 890   TYR   -0.0153623   0.547965
 894   GLU   -0.0555842   0.175545
 899   TYR   0.0012055   0.125047
1016   HIS   -0.0011684   -0.101936
1037   TYR   -0.0179096   0.330021
1041   TYR   -0.029793   0.244919
1042   HIS   -0.0290433   -0.304698
1042   HID   0.0799022   -0.165181
1042   HIS   -0.136621   -0.276056
1042   HID   0.00483662   -0.46862
1059   ARG   0.11436   -0.390558
1077   ARG   0.0385815   -0.22323
1080   PRO   0.0525126   0
1081   TYR   0.00273451   2.1689
1083   VAL   0.247729   0
1085   TYR   -0.161126   0.453337
1086   VAL   -0.226364   0
1088   TYR   -0.101485   0.322072
1089   GLU   -0.146932   0.318665
1091   TYR   -0.043379   0.224205
1225   TYR   -0.0135339   0.113164
SITE:  GLU- 393
 379   ASP   0.0218558   0.407663
 383   ALA   0.156827   0
 384   PRO   0.239108   0
 386   SER   0.166431   0
 387   GLN   0.266646   0
 389   ARG   0.34101   -0.918883
 390   LEU   0.405877   0
 391   GLU   0.029665   0.521803
 392   LYS   0.405386   -1.38714
 394   TYR   -0.359713   0.309442
 395   PHE   -0.192668   0
 396   ASP   -0.534508   1.24778
 397   GLN   -0.538092   0
 398   HID   -0.112524   -0.399499
 401   PRO   -0.119   0
 404   ARG   0.0218822   -0.222866
 571   TYR   0.0148446   0.99206
 573   ASP   0.0306446   0.129555
 584   GLU   0.00879925   0.116692
 606   GLU   0.013105   0.225672
 610   GLU   -0.00846686   0.131087
 890   TYR   0.0127633   0.204952
 894   GLU   -0.0676057   0.199747
1037   TYR   -0.00808031   0.152082
1042   HIS   -0.0113796   -0.126396
1042   HIS   -0.0463136   -0.116558
1042   HID   -0.00267023   -0.194315
1059   ARG   0.0776526   -0.252617
1077   ARG   0.0216448   -0.198274
1081   TYR   -0.0278988   0.598082
1085   TYR   -0.0571482   0.203824
1088   TYR   -0.0408388   0.125561
1089   GLU   -0.0812707   0.207051
1091   TYR   -0.0186862   0.105014
SITE:  TYR- 394
 387   GLN   0.2061   0
 389   ARG   0.04427   -0.120592
 390   LEU   0.110981   0
 391   GLU   0.25791   0.630331
 392   LYS   0.114807   -0.229555
 393   GLU   -0.0571329   0.309442
 396   ASP   -0.132066   0.322992
 397   GLN   0.0579637   0
 398   HID   0.27803   -2.28991
 571   TYR   -4.64784e-05   0.2122
 890   TYR   0.0218764   0.206384
 892   VAL   -0.0962582   0
 893   LEU   0.200442   0
 894   GLU   -1.20987   1.44153
 895   GLU   -0.78891   1.23983
 896   GLY   -0.0680206   0
 897   HIS   0.0703915   -0.329735
 898   ASP   -0.0137438   0.163399
 899   TYR   0.00521313   0.590108
1016   HID   -0.016456   -0.165091
1016   HIS   -0.0236272   -0.101509
1019   TYR   0.0430333   0.103038
1024   ASN   -0.253906   0
1029   HID   -0.00226019   -0.103382
1029   HID   0.0192911   -0.156816
1029   HID   -0.0232819   -0.115924
1032   ARG   0.0826716   -0.465599
1034   GLY   -0.247782   0
1035   ALA   -0.351466   0
1036   THR   0.104361   0
1037   TYR   -0.00260682   0.26679
1042   HIS   -0.00818293   -0.116447
1042   HIS   -0.026323   -0.116648
1042   HID   -0.0147716   -0.141173
1059   ARG   0.0802214   -0.217062
1076   TYR   -0.229864   0.352499
1077   ARG   0.081052   -0.45609
1081   TYR   -0.004184   0.248767
1085   TYR   -0.0265654   0.183178
1089   GLU   -0.0254614   0.112332
SITE:  ASP- 396
 377   PRO   -0.0490892   0
 378   VAL   -0.107517   0
 379   ASP   -0.0467624   0.327253
 388   ALA   0.167236   0
 389   ARG   0.10581   -0.577573
 390   LEU   0.180392   0
 391   GLU   0.144858   0.486857
 392   LYS   0.721997   -3.69102
 393   GLU   0.581964   1.24778
 394   TYR   0.0655771   0.322992
 395   PHE   -0.245932   0
 397   GLN   -0.684962   0
 398   HID   -0.243879   -0.579263
 399   PHE   -0.327246   0
 400   GLY   -0.15435   0
 401   PRO   -0.751238   0
 402   PHE   0.122645   0
 404   ARG   0.0211277   -0.55175
 406   GLU   0.0356747   0.257388
 468   CYS   -0.0297084   0.171988
 479   CYS   -0.0388912   0.110537
 569   ASN   -0.244824   0
 570   TYR   0.161713   0.249489
 571   TYR   -0.269051   0.836964
 572   ASN   -0.2038   0
 573   ASP   0.0439232   0.251142
 576   LYS   -0.0151684   -0.151012
 584   GLU   0.0151799   0.284619
 606   GLU   0.0486173   0.570927
 607   ARG   -0.0427521   -0.142348
 610   GLU   -0.0255251   0.243435
 871   TYR   -0.0124387   0.100838
 875   TYR   -0.0168239   0.206917
 888   PRO   0.0479192   0
 890   TYR   -0.00681363   0.645126
 894   GLU   -0.0732999   0.196452
 895   GLU   -0.0385982   0.113129
 899   TYR   0.00183498   0.166288
1016   HID   -0.0125532   -0.114673
1016   HID   -0.0130366   -0.145337
1016   HIS   -0.00436899   -0.140322
1019   TYR   0.0286506   0.120581
1037   TYR   -0.00557822   0.452679
1041   TYR   -0.0222214   0.250001
1042   HIS   -0.0169749   -0.258633
1042   HID   0.0685034   -0.141771
1042   HIS   -0.103344   -0.23648
1042   HID   -0.00704062   -0.363067
1059   ARG   0.0888847   -0.290699
1077   ARG   0.0383985   -0.200068
1081   TYR   -0.069748   1.77889
1083   VAL   0.10638   0
1085   TYR   -0.110571   0.375686
1088   TYR   -0.0643845   0.218957
1089   GLU   -0.0975566   0.212524
1091   TYR   -0.0277974   0.145334
SITE:  HID- 398
 389   ARG   0.0371045   -0.131997
 390   LEU   0.141074   0
 391   GLU   0.225289   0.409621
 392   LYS   0.2118   -0.315171
 393   GLU   0.248669   0.399499
 394   TYR   1.70027   2.28991
 395   PHE   0.476962   0
 396   ASP   -0.275178   0.579263
 397   GLN   0.0933485   0
 399   PHE   -0.324314   0
 400   GLY   0.0413867   0
 401   PRO   0.0184676   0
 571   TYR   0.0033014   0.399454
 890   TYR   0.0145243   0.282915
 892   VAL   -0.109839   0
 893   LEU   0.155446   0
 894   GLU   -0.289923   0.540467
 895   GLU   -0.354866   0.678062
 897   HIS   0.0385671   -0.19453
 898   ASP   -0.00105148   0.105932
 899   TYR   0.0171777   0.421339
1016   HID   -0.0117573   -0.133349
1016   HIS   8.45271e-05   -0.10958
1016   HID   -0.0214034   -0.22123
1016   HIS   -0.026994   -0.143203
1019   TYR   0.0575378   0.116633
1021   SER   0.168505   0
1024   ASN   -0.310306   0
1029   HID   -0.0112858   -0.111743
1029   HID   0.0280339   -0.163627
1029   HID   -0.0105768   -0.103194
1032   ARG   0.137313   -0.363909
1034   GLY   -0.270972   0
1037   TYR   -0.00222702   0.365142
1041   TYR   0.00433993   0.11761
1042   HIS   -0.00584104   -0.110849
1042   HIS   -0.0322119   -0.109717
1042   HID   -0.0125463   -0.135114
1059   ARG   0.0578441   -0.161721
1076   TYR   -0.0945572   0.18422
1077   ARG   0.0456867   -0.24783
1081   TYR   -0.00901768   0.315344
1085   TYR   -0.0328214   0.1671
SITE:  ARG- 404
 376   ASN   0.0654451   0
 377   PRO   -0.136663   0
 379   ASP   -0.0996437   0.265018
 389   ARG   -0.00198203   -0.250069
 391   GLU   -0.0198393   0.112956
 392   LYS   0.0141388   -0.664065
 393   GLU   0.0552506   0.222866
 396   ASP   0.102502   0.55175
 401   PRO   -0.109836   0
 402   PHE   0.267736   0
 405   THR   -0.211944   0
 406   GLU   0.188062   1.20555
 451   GLU   -0.00668673   0.131013
 457   TYR   0.0286445   0.262695
 466   ASP   -0.0014396   0.324703
 467   ILE   0.075897   0
 468   CYS   -0.0555633   0.541586
 479   CYS   -0.0755286   0.282559
 565   PHE   0.132292   0
 566   PRO   -0.130793   0
 567   VAL   -0.0258094   0
 568   ASN   0.426099   0
 569   ASN   0.0957125   0
 570   TYR   0.0105507   0.56989
 571   TYR   -0.0280649   0.1522
 573   ASP   0.0991957   0.389605
 574   THR   0.34779   0
 575   GLU   0.175739   0.331806
 576   LYS   0.216385   -0.380832
 577   LEU   0.310709   0
 578   GLN   0.152767   0
 579   ARG   -0.176105   -0.359098
 580   ALA   -0.563888   0
 581   GLN   -1.45842   0
 584   GLU   0.556728   2.5616
 585   LYS   -0.0359061   -0.257217
 586   GLU   -0.114765   0.184075
 592   LYS   -0.0181227   -0.17418
 605   ALA   -0.212024   0
 606   GLU   -0.983684   1.78852
 607   ARG   -0.43592   -0.764664
 610   GLU   -0.0713308   0.829692
 611   ASP   -0.152556   0.386981
 612   GLU   -0.110606   0.252152
 615   ARG   -0.0321356   -0.129198
 616   GLU   -0.05742   0.106826
 871   TYR   -0.0415014   0.382149
 875   TYR   -0.0349257   0.45448
 888   PRO   0.0201394   0
 890   TYR   -0.0323825   0.420569
1016   HIS   0.00504002   -0.102012
1037   TYR   -0.00616988   0.242144
1041   TYR   -0.0510858   0.299527
1042   HIS   0.0028468   -0.18788
1042   HID   0.039908   -0.121109
1042   HIS   -0.109308   -0.16477
1042   HID   0.013372   -0.231536
1059   ARG   0.02294   -0.107319
1081   TYR   -0.0431936   0.654909
1085   TYR   -0.0404082   0.205789
1088   TYR   -0.0513897   0.279503
1089   GLU   -0.050439   0.102655
1091   TYR   -0.0253916   0.162923
1225   TYR   -0.0161952   0.105495
SITE:  GLU- 406
 377   PRO   -0.0651349   0
 379   ASP   -0.0463382   0.109212
 389   ARG   0.00434207   -0.116461
 392   LYS   0.00230657   -0.295831
 396   ASP   0.0360747   0.257388
 401   PRO   0.00840939   0
 403   PHE   -0.216072   0
 404   ARG   -1.41252   -1.20555
 405   THR   -1.0499   0
 407   GLN   -0.100557   0
 408   LEU   0.105901   0
 411   ARG   0.00176126   -0.190788
 445   ASP   -0.00543219   0.112184
 447   GLN   0.20024   0
 450   ILE   0.0128491   0
 451   GLU   -0.0587552   0.45593
 453   ILE   0.0928724   0
 457   TYR   0.0254498   0.139981
 464   LEU   0.127634   0
 466   ASP   -0.109774   0.407827
 467   ILE   -0.0810045   0
 468   CYS   -0.0915047   1.50626
 469   LEU   0.108554   0
 479   CYS   -0.152132   0.81626
 480   THR   0.1636   0
 481   ILE   -0.149953   0
 482   LEU   0.0420971   0
 487   TYR   -0.0249098   0.232067
 516   CYS   0.0121988   0.116407
 533   CYS   0.0162738   0.108043
 545   LEU   0.094119   0
 550   TYR   0.0152718   0.161579
 563   ILE   0.0679331   0
 564   THR   -0.538978   0
 565   PHE   0.941556   0
 566   PRO   -0.0687995   0
 567   VAL   -0.2115   0
 568   ASN   0.21791   0
 570   TYR   -0.0554348   0.409311
 573   ASP   0.0217364   0.166934
 575   GLU   0.114958   0.190802
 576   LYS   0.142437   -0.228645
 577   LEU   0.188337   0
 579   ARG   -0.0477663   -0.270321
 580   ALA   0.19816   0
 581   GLN   -0.0427941   0
 584   GLU   -1.18097   3.12889
 585   LYS   0.0725786   -0.331007
 586   GLU   -0.226828   0.369338
 587   PHE   -0.206285   0
 588   ILE   -0.139992   0
 590   PHE   -0.162335   0
 591   VAL   -0.17535   0
 592   LYS   -0.0421993   -0.349908
 594   TYR   -0.033408   0.20118
 603   PHE   -0.290852   0
 604   THR   0.364556   0
 605   ALA   -1.04679   0
 606   GLU   -1.07619   1.37923
 607   ARG   -0.199112   -0.804067
 608   SER   -0.276604   0
 610   GLU   -0.0855023   0.361108
 611   ASP   -0.152111   0.402509
 612   GLU   -0.122898   0.334449
 615   ARG   -0.0210332   -0.172625
 616   GLU   -0.048237   0.109208
 871   TYR   -0.0408082   0.757178
 874   ASP   -0.0450668   0.192574
 875   TYR   0.0259406   1.06279
 877   LYS   -0.0107776   -0.101732
 882   TYR   -0.024041   0.117264
 884   HIS   -0.0253272   -0.171405
 886   GLY   0.0427806   0
 887   PRO   -0.0837259   0
 888   PRO   -0.00450427   0
 890   TYR   -0.0252668   0.441575
1013   LYS   0.00891167   -0.126265
1016   HIS   0.0017728   -0.129922
1019   TYR   0.010835   0.126774
1037   TYR   -0.0113069   0.265016
1041   TYR   -0.110913   0.5127
1042   HIS   0.0304879   -0.227606
1042   HID   0.0302862   -0.168194
1042   HIS   -0.144679   -0.194575
1042   HID   0.0127744   -0.233533
1081   TYR   -0.016316   0.406537
1085   TYR   -0.0357995   0.206222
1088   TYR   -0.0430412   0.268692
1091   TYR   -0.0236628   0.135116
SITE:  ARG- 411
 406   GLU   -0.0397451   0.190788
 409   ILE   0.251589   0
 410   ILE   0.17859   0
 413   PRO   -0.0643548   0
 433   PRO   -0.082912   0
 434   PRO   -0.0714882   0
 436   ASP   -0.00138543   0.14987
 487   TYR   -0.020416   0.159058
 509   TYR   -0.010372   0.120196
 548   GLY   0.00952019   0
 549   GLY   0.0048156   0
 550   TYR   0.0459429   0.21146
 551   ASP   -0.00780208   0.124244
 559   THR   0.20089   0
 560   ALA   -0.296156   0
 561   LEU   0.179682   0
 584   GLU   0.0134621   0.114241
 592   LYS   0.00717641   -0.125381
 594   TYR   -0.000719058   0.186622
 595   LYS   0.0695511   -0.106489
 599   LEU   -0.223928   0
 600   THR   0.708068   0
 601   ILE   -0.129563   0
 602   SER   -0.286164   0
 606   GLU   0.0105256   0.119709
 612   GLU   -0.0193712   0.136716
 871   TYR   0.116653   0.221889
 874   ASP   0.652028   1.35883
 875   TYR   0.232429   0.467031
 877   LYS   -0.172081   -0.776903
 879   ILE   0.0661876   0
 881   GLN   0.364754   0
 882   TYR   0.292024   2.62645
 884   HIS   -0.020757   -0.316323
1041   TYR   -0.0312918   0.135693
1042   HID   -0.0242088   -0.108467
1088   TYR   -0.00844003   0.104109
SITE:  ASP- 416
 415   THR   0.155192   0
 417   LYS   -0.160207   -0.617807
 418   HIS   0.0293271   -0.503831
 431   PHE   0.147628   0
 433   PRO   0.0315361   0
 436   ASP   -0.0312797   0.602779
 509   TYR   -0.0163823   0.246258
 510   HIS   -0.0163244   -0.165729
 882   TYR   0.0118559   0.10838
SITE:  LYS- 417
 416   ASP   -0.455404   0.617807
 418   HIS   0.0519811   -0.460554
 428   ASP   -0.0415984   0.167283
 430   PRO   -0.142615   0
 431   PHE   0.188959   0
 432   GLY   -0.0769064   0
 433   PRO   -0.0441006   0
 436   ASP   -0.0382616   0.227303
 509   TYR   -0.0150706   0.168122
 510   HIS   -0.00816164   -0.1284
 551   ASP   0.0584988   0.290083
 882   TYR   0.0154217   0.135495
SITE:  HIS- 418
 416   ASP   0.301248   0.503831
 417   LYS   0.0377255   -0.460554
 419   ILE   -0.585814   0
 420   TYR   0.120391   0.539596
 421   GLN   0.405044   0
 428   ASP   -0.188783   0.296624
 429   VAL   0.424634   0
 430   PRO   -0.294774   0
 432   GLY   0.522305   0
 433   PRO   0.338484   0
 434   PRO   -0.02417   0
 435   LEU   0.275592   0
 436   ASP   -0.543478   1.31542
 437   ILE   -0.168694   0
 438   GLN   -0.165343   0
 439   ILE   -0.177841   0
 441   HIS   -0.0338213   -0.254221
 487   TYR   -0.0318966   0.21093
 492   HIS   0.0433734   -0.102311
 496   ASP   0.0252188   0.215171
 497   HIS   0.0810082   -0.157606
 498   LYS   -0.058463   -0.186375
 508   ASP   -0.0933023   0.61091
 509   TYR   -0.0858561   1.90447
 510   HIS   -0.21543   -1.44575
 512   HIS   -0.0506263   -0.258019
 516   CYS   -0.0243543   0.245171
 525   ASP   0.0248183   0.181309
 533   CYS   -0.00607782   0.154053
 550   TYR   -0.0351439   0.127062
 551   ASP   0.00859817   0.141549
 555   TYR   0.0719847   0.124998
 556   ASN   0.0119735   0
 558   ALA   0.147128   0
 882   TYR   0.0213336   0.105043
SITE:  TYR- 420
  96   ARG   -0.0453677   -0.115278
 164   GLU   -0.0388422   0.189699
 166   PRO   0.104847   0
 167   SER   0.218761   0
 170   ASP   0.0481173   0.400445
 418   HIS   -0.0145584   -0.539596
 421   GLN   0.393259   0
 422   PRO   -0.782676   0
 423   TYR   -0.495952   0.307864
 424   PRO   -0.250506   0
 425   SER   0.358604   0
 426   GLY   -0.0354462   0
 427   ALA   0.252856   0
 428   ASP   -0.185415   0.355037
 429   VAL   0.103636   0
 430   PRO   0.0530282   0
 436   ASP   -0.0361202   0.205194
 441   HIS   -0.00662079   -0.139278
 487   TYR   0.0136034   0.254775
 496   ASP   0.00490083   0.188188
 497   HIS   0.148462   -0.36622
 498   LYS   -0.194079   -0.243486
 499   LYS   -0.103571   -0.19847
 500   GLY   -0.100738   0
 501   ASP   0.0492872   0.145855
 504   PHE   -0.232332   0
 505   VAL   0.361276   0
 506   TYR   0.6145   0.221826
 507   ALA   -0.509937   0
 508   ASP   -0.442066   1.34961
 509   TYR   0.0498303   0.589844
 510   HIS   -0.302522   -1.51872
 511   THR   0.765324   0
 512   HIS   -0.0400095   -0.633759
 514   LEU   -0.254206   0
 515   TYR   -0.12689   0.284597
 516   CYS   -0.0793394   0.491846
 518   ARG   -0.192248   -0.22654
 525   ASP   0.177668   0.747586
 527   SER   0.013274   0
 530   HIS   -0.100694   -0.197969
 531   ASP   0.013554   0.229119
 533   CYS   -0.0240344   0.331296
 550   TYR   -0.0272708   0.107768
 555   TYR   -0.0259271   0.16789
 556   ASN   -0.156349   0
SITE:  TYR- 423
 170   ASP   -0.00149137   0.118912
 192   TYR   -0.000478939   0.143089
 420   TYR   -0.00507907   0.307864
 424   PRO   -0.363521   0
 499   LYS   0.0452358   -0.133304
 501   ASP   -0.0735716   0.302438
 502   ASP   0.130575   0.112615
 506   TYR   0.0536779   0.883351
 508   ASP   -0.0110601   0.151922
 510   HIS   -0.0059135   -0.121436
 525   ASP   0.028718   0.136943
SITE:  ASP- 428
 170   ASP   0.0239388   0.195288
 417   LYS   -0.023738   -0.167283
 418   HIS   0.0406997   -0.296624
 419   ILE   -0.301836   0
 420   TYR   0.536878   0.355037
 421   GLN   -0.475325   0
 422   PRO   0.0964924   0
 426   GLY   0.139139   0
 429   VAL   -0.283817   0
 430   PRO   0.0317797   0
 508   ASP   -0.020444   0.14725
 509   TYR   0.00354184   0.147531
 510   HIS   -0.0105893   -0.216905
SITE:  ASP- 436
 411   ARG   -0.086337   -0.14987
 415   THR   -0.833834   0
 416   ASP   0.490222   0.602779
 417   LYS   -0.169434   -0.227303
 418   HIS   -0.130498   -1.31542
 420   TYR   -0.0207045   0.205194
 432   GLY   0.45657   0
 433   PRO   0.907311   0
 434   PRO   0.115734   0
 435   LEU   0.0420685   0
 437   ILE   -0.675289   0
 438   GLN   -0.810973   0
 439   ILE   -0.70413   0
 440   LEU   -0.359547   0
 441   HIS   -0.119583   -0.451151
 445   ASP   -0.068151   0.163902
 487   TYR   -0.0393684   0.190744
 492   HIS   0.0420146   -0.177193
 496   ASP   0.0263846   0.260999
 497   HIS   0.0697208   -0.130228
 498   LYS   -0.02993   -0.163801
 508   ASP   -0.033695   0.370248
 509   TYR   -0.148184   1.56804
 510   HIS   -0.0653543   -0.651584
 512   HIS   -0.0404915   -0.197778
 516   CYS   -0.0111699   0.190093
 525   ASP   0.0103863   0.116777
 533   CYS   -0.00370049   0.127991
 550   TYR   -0.0166123   0.108956
 558   ALA   0.156145   0
 594   TYR   -0.0324572   0.170739
 882   TYR   0.0291394   0.14678
SITE:  HIS- 441
 418   HIS   -0.0119294   -0.254221
 420   TYR   -0.025521   0.139278
 434   PRO   0.132635   0
 436   ASP   0.139593   0.451151
 437   ILE   0.717616   0
 438   GLN   0.088796   0
 439   ILE   0.171121   0
 440   LEU   0.0444039   0
 442   GLN   -0.580331   0
 443   VAL   -0.223302   0
 444   LEU   -0.459433   0
 445   ASP   -0.189351   0.794646
 447   GLN   -0.213318   0
 451   GLU   -0.0196864   0.191244
 487   TYR   -0.0533401   0.200926
 490   ASN   0.0229855   0
 491   SER   0.0932208   0
 492   HIS   0.570126   -2.20408
 493   SER   0.158562   0
 495   LEU   -0.468137   0
 496   ASP   0.165952   1.70882
 497   HIS   0.13533   -0.338128
 498   LYS   0.00696143   -0.420994
 508   ASP   -0.00714704   0.408533
 509   TYR   -0.0493019   0.708452
 510   HIS   -0.00658224   -0.378557
 512   HIS   -0.0685774   -0.289362
 516   CYS   -0.00818863   0.216197
 525   ASP   -0.00203115   0.149779
 531   ASP   -0.00020281   0.171571
 533   CYS   -0.0157219   0.180522
 594   TYR   -0.062029   0.342704
SITE:  ASP- 445
 406   GLU   -0.00198606   0.112184
 436   ASP   0.0518012   0.163902
 437   ILE   0.135437   0
 438   GLN   0.141598   0
 439   ILE   0.197976   0
 440   LEU   0.237694   0
 441   HIS   0.813339   -0.794646
 442   GLN   0.235552   0
 443   VAL   0.105622   0
 444   LEU   0.00219396   0
 446   LEU   -0.498893   0
 447   GLN   -0.368185   0
 448   ILE   -0.382292   0
 449   ALA   -0.24157   0
 451   GLU   -0.113863   0.339879
 468   CYS   -0.0030851   0.110067
 479   CYS   0.0390838   0.138968
 487   TYR   -0.0274284   0.114403
 490   ASN   0.197788   0
 492   HIS   -0.430199   -1.4706
 496   ASP   -0.0382692   0.211471
 509   TYR   -0.010369   0.17777
 512   HIS   -0.0156306   -0.1056
 594   TYR   -0.174325   1.11467
 596   ASN   -0.244612   0
SITE:  GLU- 451
 404   ARG   -0.0237445   -0.131013
 406   GLU   0.0470715   0.45593
 441   HIS   0.0982438   -0.191244
 443   VAL   0.139576   0
 444   LEU   0.266689   0
 445   ASP   0.0812676   0.339879
 446   LEU   0.141485   0
 447   GLN   0.293128   0
 448   ILE   0.361163   0
 450   ILE   -0.091673   0
 452   ASN   -0.0612418   0
 453   ILE   0.0988508   0
 464   LEU   -0.252995   0
 466   ASP   -0.0960692   0.246149
 468   CYS   -0.027382   0.898943
 469   LEU   0.135312   0
 478   ASN   -0.356232   0
 479   CYS   0.588896   1.44051
 481   ILE   -0.0786155   0
 483   SER   -0.0902163   0
 486   ASN   0.223895   0
 487   TYR   -0.0347512   0.262182
 489   GLN   -0.162973   0
 492   HIS   -0.0397034   -0.323026
 509   TYR   -0.00278352   0.110738
 512   HIS   -0.0102569   -0.172617
 516   CYS   0.0074913   0.178822
 531   ASP   -0.0113791   0.110745
 533   CYS   -0.000135843   0.195643
 535   GLY   -0.180658   0
 536   THR   -0.279744   0
 564   THR   0.105679   0
 565   PHE   -0.162485   0
 566   PRO   0.115634   0
 570   TYR   -0.0155159   0.12854
 584   GLU   -0.0366198   0.238011
 586   GLU   -0.0561506   0.144447
 594   TYR   -0.0607072   0.281129
 606   GLU   -0.038112   0.128041
 871   TYR   0.00227965   0.112635
 875   TYR   0.0152125   0.180197
 890   TYR   -0.00245765   0.12947
1037   TYR   -0.00115976   0.104004
1041   TYR   -0.0209426   0.190317
SITE:  TYR- 457
 404   ARG   0.00809497   -0.262695
 406   GLU   0.00563623   0.139981
 458   ASP   -0.673069   1.231
 460   GLU   -0.0464283   0.315466
 466   ASP   0.02388   0.211046
 468   CYS   0.000844975   0.105083
 570   TYR   -0.0163325   0.17687
 573   ASP   0.00600873   0.329322
 574   THR   0.18652   0
 575   GLU   0.0661733   1.23807
 576   LYS   0.0930194   -0.275784
 578   GLN   -2.42089   0
 579   ARG   -0.00389573   -0.640866
 584   GLU   -0.0481258   0.249296
 585   LYS   -0.0564135   -0.170058
 586   GLU   -0.0627534   0.132262
 606   GLU   -0.0463916   0.111891
 607   ARG   0.000757161   -0.24011
 610   GLU   0.00609592   0.170876
 611   ASP   -0.0165309   0.11971
SITE:  ASP- 458
 457   TYR   0.0479251   1.231
 459   ASN   -0.588492   0
 460   GLU   -0.0654724   0.491859
 466   ASP   0.0183778   0.156698
 573   ASP   0.00727567   0.15244
 575   GLU   0.00541684   0.706153
 576   LYS   0.0245147   -0.149468
 578   GLN   -0.25772   0
 579   ARG   0.0407233   -0.443054
 584   GLU   -0.0228094   0.103994
SITE:  GLU- 460
 455   ALA   0.17698   0
 456   SER   -0.393174   0
 457   TYR   0.384234   0.315466
 458   ASP   0.0344147   0.491859
 462   VAL   -0.0306728   0
 466   ASP   0.062874   0.559631
 468   CYS   0.00760153   0.133269
 570   TYR   -0.0219208   0.202754
 573   ASP   0.0188563   0.160109
 575   GLU   0.217788   0.715612
 576   LYS   0.0104473   -0.304721
 579   ARG   0.0181207   -1.00311
 584   GLU   -0.0259132   0.110436
SITE:  ASP- 466
 404   ARG   -0.0543046   -0.324703
 406   GLU   0.05633   0.407827
 451   GLU   0.0525114   0.246149
 453   ILE   0.189732   0
 454   THR   -0.269468   0
 455   ALA   0.236038   0
 457   TYR   0.107325   0.211046
 458   ASP   -0.0208518   0.156698
 460   GLU   -0.160204   0.559631
 461   THR   0.0584683   0
 462   VAL   -0.995837   0
 463   THR   0.870632   0
 464   LEU   0.391052   0
 465   GLN   -0.112057   0
 467   ILE   -0.71867   0
 468   CYS   0.0621642   0.976933
 478   ASN   0.146471   0
 479   CYS   -0.148804   0.59495
 566   PRO   0.112816   0
 567   VAL   -0.175539   0
 568   ASN   0.331646   0
 570   TYR   -0.208502   1.10037
 573   ASP   0.0310682   0.278716
 575   GLU   0.237347   0.554563
 576   LYS   0.0994719   -0.796567
 579   ARG   -1.14891   -1.27656
 584   GLU   -0.0981405   0.391103
 586   GLU   -0.118302   0.149438
 606   GLU   -0.0726205   0.163005
 607   ARG   -0.0170611   -0.148119
 890   TYR   -0.00187178   0.124131
1037   TYR   0.00226716   0.104918
1041   TYR   -0.0118896   0.10467
SITE:  CYS- 468
 392   LYS   0.00909021   -0.161826
 396   ASP   0.0244842   0.171988
 401   PRO   0.0737012   0
 403   PHE   -0.223578   0
 404   ARG   -0.0714155   -0.541586
 405   THR   -0.316264   0
 406   GLU   0.324793   1.50626
 445   ASP   0.00480361   0.110067
 447   GLN   0.214272   0
 450   ILE   0.0599371   0
 451   GLU   -0.0224124   0.898943
 453   ILE   0.265362   0
 454   THR   -0.166842   0
 457   TYR   0.033317   0.105083
 460   GLU   -0.0186585   0.133269
 463   THR   0.482794   0
 464   LEU   2.19842   0
 465   GLN   0.130158   0
 466   ASP   -0.42336   0.976933
 467   ILE   -0.420797   0
 469   LEU   0.276134   0
 471   PRO   -0.0499533   0
 473   SER   -0.153087   0
 475   TYR   -0.0547768   0.107755
 477   THR   0.145071   0
 478   ASN   0.184093   0
 479   CYS   -1.72432   4.27799
 480   THR   0.276173   0
 481   ILE   -0.0319582   0
 487   TYR   -0.026509   0.243267
 512   HIS   3.93644e-05   -0.105534
 516   CYS   0.011994   0.135602
 533   CYS   0.0202064   0.144868
 538   GLY   0.0754288   0
 539   GLY   0.0645417   0
 540   PRO   0.063616   0
 550   TYR   0.00826948   0.110428
 564   THR   -0.0177371   0
 565   PHE   -0.6656   0
 566   PRO   1.58252   0
 567   VAL   -0.485232   0
 568   ASN   0.32686   0
 570   TYR   -0.110769   0.701372
 573   ASP   0.0110138   0.164644
 575   GLU   0.0934291   0.202271
 576   LYS   0.120976   -0.327525
 579   ARG   -0.167232   -0.335617
 584   GLU   -0.204738   0.80772
 585   LYS   0.00559453   -0.132812
 586   GLU   -0.136422   0.207722
 592   LYS   -0.0225638   -0.117525
 594   TYR   -0.0317729   0.136543
 606   GLU   -0.15158   0.415432
 607   ARG   -0.038317   -0.258194
 610   GLU   -0.0236366   0.131335
 611   ASP   -0.0431139   0.126347
 612   GLU   -0.0354652   0.102518
 871   TYR   -0.00874587   0.210074
 875   TYR   0.0107026   0.349416
 884   HIS   -0.0193927   -0.100526
 890   TYR   -0.00763717   0.39319
1013   LYS   0.0184661   -0.168156
1016   HID   -0.017956   -0.172625
1016   HIS   -0.0056485   -0.150631
1016   HID   0.0160826   -0.143621
1016   HIS   -0.0262088   -0.189033
1016   HID   0.0694216   -0.127257
1016   HIS   0.0209902   -0.222366
1016   HID   -0.0212366   -0.13156
1019   TYR   0.0155116   0.158062
1037   TYR   0.000820284   0.311013
1041   TYR   -0.0459132   0.426324
1042   HIS   0.0250566   -0.129652
1042   HIS   -0.0804562   -0.114786
1042   HID   0.0014829   -0.123624
1081   TYR   -0.0106142   0.226465
1085   TYR   -0.0194288   0.118043
1088   TYR   -0.0195906   0.103096
SITE:  TYR- 475
 468   CYS   -0.00577971   0.107755
 472   LEU   0.125321   0
 476   ASN   -0.475277   0
 479   CYS   -0.0112718   0.169976
 487   TYR   0.00875932   0.121652
 512   HIS   -0.000911421   -0.120766
 515   TYR   -0.0178916   0.10563
 516   CYS   0.00171123   0.122861
 531   ASP   -0.0237223   0.127019
 533   CYS   -0.0266802   0.211284
 535   GLY   0.174785   0
 536   THR   0.159126   0
 538   GLY   -0.0649936   0
 539   GLY   0.0352168   0
 945   ASP   0.00182684   0.134651
 956   CYS   0.0166748   0.216188
 957   CYS   -0.0344164   0.140668
 958   ARG   0.0194557   -0.12205
 967   CYS   -0.0149944   0.145884
1005   ASP   -0.03596   0.599917
1006   ASN   -0.100534   0
1007   PRO   0.245572   0
1008   ASN   -0.285576   0
1009   PRO   -0.0992537   0
1010   LYS   -0.0728539   -0.292561
1011   CYS   -0.110352   0.379149
1012   GLY   0.157304   0
1013   LYS   0.141469   -0.234598
1014   GLY   -0.0257696   0
1016   HID   0.136591   -0.280497
1016   HIS   0.0609469   -0.330265
1016   HID   0.0622889   -0.173229
1016   HIS   -0.0424618   -0.504064
1016   HID   -0.583009   -0.663054
1016   HIS   0.258541   -0.445615
1016   HID   0.0131572   -0.337175
1019   TYR   -0.0344547   0.153614
1037   TYR   0.00654142   0.103414
SITE:  CYS- 479
 392   LYS   0.00587007   -0.100655
 396   ASP   0.0137622   0.110537
 404   ARG   -0.00796359   -0.282559
 405   THR   -0.18912   0
 406   GLU   0.160417   0.81626
 445   ASP   0.0102446   0.138968
 447   GLN   0.212668   0
 448   ILE   0.0993292   0
 451   GLU   -0.0731614   1.44051
 453   ILE   0.174083   0
 463   THR   0.208624   0
 464   LEU   0.114336   0
 465   GLN   -0.179586   0
 466   ASP   -0.166639   0.59495
 467   ILE   -0.269222   0
 468   CYS   -0.0237213   4.27799
 469   LEU   0.752755   0
 471   PRO   -0.102604   0
 473   SER   -0.159532   0
 475   TYR   -0.0677595   0.169976
 477   THR   0.102665   0
 478   ASN   -0.11036   0
 480   THR   -0.426172   0
 481   ILE   0.116627   0
 483   SER   -0.00313659   0
 487   TYR   -0.0285331   0.304876
 489   GLN   -0.169574   0
 490   ASN   -0.20932   0
 492   HIS   -0.0105388   -0.13812
 512   HIS   -0.00218544   -0.152481
 516   CYS   0.0132979   0.182487
 533   CYS   0.018735   0.208648
 535   GLY   -0.156347   0
 538   GLY   0.0974001   0
 539   GLY   0.110522   0
 540   PRO   0.069421   0
 550   TYR   0.0060177   0.109471
 564   THR   0.13683   0
 565   PHE   -0.43865   0
 566   PRO   0.606664   0
 567   VAL   -0.0968219   0
 570   TYR   -0.0467646   0.386181
 575   GLU   0.0468542   0.111774
 576   LYS   0.051846   -0.185685
 579   ARG   -0.0913683   -0.186577
 584   GLU   -0.102298   0.418485
 586   GLU   -0.0808082   0.135747
 594   TYR   -0.033116   0.140946
 606   GLU   -0.0743151   0.243884
 607   ARG   -0.0195305   -0.14629
 871   TYR   -0.0018814   0.13691
 875   TYR   0.0129403   0.255228
 890   TYR   -0.000801809   0.309328
 945   ASP   -0.00582739   0.101475
1013   LYS   0.0245619   -0.187672
1016   HID   -0.0181441   -0.177256
1016   HIS   0.00259415   -0.162488
1016   HID   0.0281388   -0.141334
1016   HIS   -0.0418464   -0.209869
1016   HID   0.0712346   -0.148004
1016   HIS   0.0168822   -0.238347
1016   HID   -0.0220454   -0.149562
1019   TYR   0.0083551   0.164403
1037   TYR   0.00612824   0.269328
1041   TYR   -0.0355386   0.382074
1042   HIS   0.0244924   -0.102342
1081   TYR   -0.00449412   0.151608
SITE:  TYR- 487
  96   ARG   0.0303901   -0.265473
 164   GLU   0.025326   0.256654
 170   ASP   0.0288896   0.125636
 242   ASP   0.0177877   0.161148
 406   GLU   0.0533198   0.232067
 411   ARG   -0.00179131   -0.159058
 418   HIS   0.0167323   -0.21093
 420   TYR   -0.0232676   0.254775
 434   PRO   0.0116948   0
 436   ASP   0.0314564   0.190744
 441   HIS   0.0407084   -0.200926
 445   ASP   -0.0269522   0.114403
 451   GLU   0.00261817   0.262182
 468   CYS   -0.0282429   0.243267
 475   TYR   -0.0401679   0.121652
 479   CYS   0.0552166   0.304876
 481   ILE   0.125423   0
 482   LEU   -0.177366   0
 483   SER   0.380225   0
 484   VAL   0.15107   0
 486   ASN   -0.565742   0
 488   PHE   -0.154103   0
 489   GLN   -0.351651   0
 490   ASN   -0.167222   0
 492   HIS   0.0428746   -0.147664
 496   ASP   -0.0341776   0.131728
 497   HIS   0.0695062   -0.245745
 508   ASP   0.0270086   0.262209
 509   TYR   0.113537   0.421177
 510   HIS   0.202438   -0.35761
 511   THR   0.132007   0
 512   HIS   0.252212   -1.07683
 513   PHE   0.523504   0
 514   LEU   0.195659   0
 515   TYR   -0.0914629   0.562785
 516   CYS   0.472658   2.66222
 517   VAL   -0.196545   0
 518   ARG   0.0110373   -0.59971
 520   PRO   -0.100076   0
 522   SER   0.359592   0
 525   ASP   0.0242349   0.594705
 530   HIS   -0.082265   -0.126618
 531   ASP   0.04012   0.31026
 533   CYS   0.48354   1.63109
 534   LEU   0.0952819   0
 535   GLY   -0.127591   0
 539   GLY   0.153662   0
 540   PRO   -0.519706   0
 541   VAL   2.81126   0
 542   PHE   -0.257968   0
 543   PRO   -0.0521179   0
 545   LEU   -0.417578   0
 546   VAL   -0.334695   0
 547   LEU   -0.0171034   0
 548   GLY   0.0905734   0
 550   TYR   0.0164582   0.78507
 551   ASP   -0.051478   0.165782
 552   ASP   -0.00145443   0.171556
 553   GLN   0.231032   0
 555   TYR   0.151093   0.967146
 561   LEU   -0.174117   0
 562   VAL   0.187436   0
 566   PRO   -0.0275698   0
 584   GLU   -0.0069359   0.116227
 594   TYR   -0.025444   0.115351
 606   GLU   0.00246777   0.132889
 875   TYR   0.0401755   0.270691
 882   TYR   0.0570571   0.14545
 884   HIS   -0.0600814   -0.425918
 886   GLY   0.0841151   0
 890   TYR   -0.00685676   0.280574
 930   ASP   0.0204302   0.161128
 944   ASP   -0.0228411   0.130052
 945   ASP   0.0109444   0.249513
 948   ASP   -0.0190568   0.123926
1005   ASP   0.0308808   0.123181
1011   CYS   0.000240112   0.1442
1013   LYS   0.00540636   -0.403713
1016   HID   0.00515979   -0.108296
1016   HIS   0.0434294   -0.111968
1016   HID   0.025108   -0.126018
1016   HIS   -0.00067175   -0.12241
1016   HIS   -0.0317821   -0.164303
1016   HID   0.00800525   -0.22507
1019   TYR   0.0212041   0.320347
1037   TYR   -0.0101784   0.246084
1041   TYR   -0.0152566   0.623003
1042   HIS   0.0857258   -0.185739
1042   HID   -0.0915435   -0.230232
1042   HIS   -0.0590214   -0.167578
1042   HID   -0.0108214   -0.135426
1081   TYR   0.0104427   0.116477
1085   TYR   -0.0162013   0.12744
SITE:  HIS- 492
 418   HIS   -0.00802902   -0.102311
 436   ASP   0.0549024   0.177193
 437   ILE   0.19624   0
 440   LEU   0.144576   0
 441   HIS   0.458852   -2.20408
 444   LEU   -0.459781   0
 445   ASP   0.225386   1.4706
 447   GLN   -0.312762   0
 448   ILE   -0.230022   0
 451   GLU   -0.0411873   0.323026
 479   CYS   0.0534742   0.13812
 487   TYR   -0.0345866   0.147664
 490   ASN   0.229566   0
 493   SER   -0.27475   0
 494   VAL   -0.175889   0
 495   LEU   -0.324055   0
 496   ASP   -0.24787   0.61914
 497   HIS   0.0323792   -0.244471
 498   LYS   0.00970531   -0.200457
 508   ASP   -0.00920101   0.17717
 509   TYR   -0.0175375   0.273911
 510   HIS   0.00854758   -0.163444
 512   HIS   -0.0371162   -0.207091
 516   CYS   -0.00305623   0.151699
 525   ASP   -0.00712388   0.102221
 531   ASP   -0.00451742   0.156592
 533   CYS   -0.0110227   0.147649
 594   TYR   -0.0637042   0.342535
SITE:  ASP- 496
 418   HIS   -0.015723   -0.215171
 420   TYR   -0.0292772   0.188188
 436   ASP   0.00117658   0.260999
 437   ILE   0.0156886   0
 438   GLN   -0.11263   0
 441   HIS   -0.441366   -1.70882
 445   ASP   -0.0205062   0.211471
 487   TYR   -0.0135551   0.131728
 491   SER   0.147196   0
 492   HIS   0.69754   -0.61914
 493   SER   0.347472   0
 495   LEU   -0.0282062   0
 497   HIS   -0.122277   -0.712617
 498   LYS   0.118747   -1.43786
 499   LYS   -0.03594   -0.127683
 508   ASP   0.00580192   0.698824
 509   TYR   -0.118143   0.585569
 510   HIS   -0.0297172   -0.463636
 512   HIS   -0.0907029   -0.316349
 516   CYS   -0.0161276   0.186431
 525   ASP   -0.00436736   0.189392
 531   ASP   0.00621259   0.234423
 533   CYS   -0.0188528   0.166313
SITE:  HIS- 497
 418   HIS   -0.00787145   -0.157606
 420   TYR   -0.0497207   0.36622
 436   ASP   -0.0021904   0.130228
 441   HIS   -0.0189032   -0.338128
 487   TYR   0.11993   0.245745
 491   SER   0.102943   0
 492   HIS   0.230712   -0.244471
 493   SER   0.647002   0
 494   VAL   0.465158   0
 495   LEU   0.227484   0
 496   ASP   -0.342442   0.712617
 498   LYS   -0.79989   -0.8142
 499   LYS   -0.131873   -0.584776
 500   GLY   0.035865   0
 501   ASP   0.0249184   0.121429
 506   TYR   -0.0916792   0.118394
 508   ASP   -0.102991   0.907723
 509   TYR   -0.0459193   0.416473
 510   HIS   0.0342811   -0.524328
 511   THR   -0.20731   0
 512   HIS   -0.232766   -1.10437
 515   TYR   -0.117133   0.20927
 516   CYS   -0.0583475   0.489964
 525   ASP   -0.113594   0.75205
 527   SER   0.101805   0
 529   LEU   -0.180594   0
 530   HIS   -0.131184   -0.301363
 531   ASP   0.41465   1.85278
 532   PRO   0.32007   0
 533   CYS   -0.0664647   0.532504
SITE:  LYS- 498
 418   HIS   -0.0174559   -0.186375
 420   TYR   -0.047348   0.243486
 436   ASP   -0.0156467   0.163801
 441   HIS   -0.0656786   -0.420994
 492   HIS   0.161401   -0.200457
 493   SER   0.185497   0
 494   VAL   0.10051   0
 495   LEU   0.15226   0
 496   ASP   1.65114   1.43786
 497   HIS   0.524147   -0.8142
 499   LYS   -0.386394   -0.313586
 500   GLY   -0.0301538   0
 501   ASP   0.0410162   0.181941
 502   ASP   -0.0369925   0.183463
 506   TYR   -0.0780088   0.121347
 507   ALA   0.165953   0
 508   ASP   0.0271257   0.891918
 509   TYR   -0.126776   0.431205
 510   HIS   -0.0525004   -0.47844
 512   HIS   -0.0721846   -0.273493
 516   CYS   -0.0186874   0.14831
 525   ASP   -0.00442262   0.200907
 531   ASP   -0.00108054   0.21368
 533   CYS   -0.0139933   0.131903
SITE:  LYS- 499
 420   TYR   -0.0248614   0.19847
 423   TYR   -0.0598054   0.133304
 496   ASP   -0.00638905   0.127683
 497   HIS   0.00849624   -0.584776
 498   LYS   0.140444   -0.313586
 500   GLY   -0.116666   0
 501   ASP   0.026036   0.293051
 506   TYR   -0.273944   0.330823
 507   ALA   0.153139   0
 508   ASP   -0.0136169   0.291234
 509   TYR   0.00430385   0.101722
 510   HIS   -0.00498265   -0.162417
 512   HIS   -0.0333326   -0.24093
 515   TYR   -0.0337006   0.102371
 516   CYS   -0.0187118   0.130011
 525   ASP   -0.0462628   0.309451
 528   LEU   0.405888   0
 529   LEU   0.225737   0
 530   HIS   0.0500101   -0.384937
 531   ASP   -4.66928e-06   0.342538
 533   CYS   -0.012638   0.13665
SITE:  ASP- 501
 420   TYR   -0.018295   0.145855
 423   TYR   -0.00333695   0.302438
 497   HIS   -0.00928628   -0.121429
 498   LYS   -0.0264498   -0.181941
 499   LYS   0.0493605   -0.293051
 500   GLY   -0.226006   0
 502   ASP   -0.545178   0.847893
 506   TYR   -0.262446   1.50394
 508   ASP   -0.00394617   0.173847
 510   HIS   -0.00880682   -0.10534
SITE:  ASP- 502
 423   TYR   -0.00700452   0.112615
 498   LYS   -0.029267   -0.183463
 501   ASP   -0.407231   0.847893
 503   PHE   -0.442898   0
 506   TYR   -0.0110169   0.32451
 508   ASP   0.00120554   0.143333
SITE:  TYR- 506
 420   TYR   -0.0192222   0.221826
 423   TYR   -0.0414303   0.883351
 497   HIS   0.0035794   -0.118394
 498   LYS   -0.0407387   -0.121347
 499   LYS   0.182042   -0.330823
 500   GLY   -0.416478   0
 501   ASP   -0.838094   1.50394
 502   ASP   0.265308   0.32451
 508   ASP   -0.00452098   0.182031
 510   HIS   -0.0126036   -0.117496
 525   ASP   0.0127859   0.119975
SITE:  ASP- 508
 170   ASP   0.0140758   0.121538
 418   HIS   -0.0611966   -0.61091
 420   TYR   -0.22937   1.34961
 421   GLN   0.383684   0
 422   PRO   -0.11769   0
 423   TYR   -0.138264   0.151922
 428   ASP   -0.0639076   0.14725
 435   LEU   0.136136   0
 436   ASP   -0.0613855   0.370248
 441   HIS   -0.0377604   -0.408533
 487   TYR   0.000115966   0.262209
 492   HIS   0.156632   -0.17717
 494   VAL   0.272732   0
 495   LEU   0.458732   0
 496   ASP   0.0423871   0.698824
 497   HIS   0.65239   -0.907723
 498   LYS   -0.536898   -0.891918
 499   LYS   -0.263389   -0.291234
 500   GLY   -0.115545   0
 501   ASP   0.0696683   0.173847
 502   ASP   -0.0219302   0.143333
 505   VAL   -0.209318   0
 506   TYR   -0.0519892   0.182031
 507   ALA   -0.155678   0
 509   TYR   -0.793171   1.25205
 510   HIS   -0.433194   -2.80562
 511   THR   -0.434915   0
 512   HIS   -0.310456   -0.812239
 513   PHE   -0.164792   0
 515   TYR   -0.121212   0.185485
 516   CYS   -0.0702305   0.478741
 518   ARG   -0.0826166   -0.114678
 525   ASP   0.0702338   0.660424
 527   SER   0.0931544   0
 529   LEU   -0.16509   0
 530   HIS   -0.0901156   -0.16231
 531   ASP   -0.00115957   0.372718
 533   CYS   -0.0382841   0.360631
 555   TYR   0.0178105   0.109581
SITE:  TYR- 509
 411   ARG   -0.0571101   -0.120196
 416   ASP   0.154246   0.246258
 417   LYS   -0.172793   -0.168122
 418   HIS   -0.318924   -1.90447
 420   TYR   -0.0750944   0.589844
 421   GLN   0.243316   0
 428   ASP   -0.0802135   0.147531
 429   VAL   0.113784   0
 431   PHE   -0.280488   0
 432   GLY   0.397036   0
 433   PRO   0.302174   0
 434   PRO   0.139062   0
 435   LEU   2.34264   0
 436   ASP   -0.931946   1.56804
 437   ILE   -0.280974   0
 438   GLN   -0.260458   0
 439   ILE   -0.31639   0
 440   LEU   -0.505181   0
 441   HIS   -0.0509425   -0.708452
 445   ASP   -0.0561224   0.17777
 451   GLU   -0.0115648   0.110738
 484   VAL   0.0121144   0
 487   TYR   -0.0961607   0.421177
 492   HIS   0.129539   -0.273911
 494   VAL   0.0902897   0
 495   LEU   0.213576   0
 496   ASP   0.0223675   0.585569
 497   HIS   0.258204   -0.416473
 498   LYS   -0.0991436   -0.431205
 499   LYS   -0.0576608   -0.101722
 508   ASP   -0.147914   1.25205
 510   HIS   -0.202866   -2.8354
 512   HIS   -0.172106   -0.609956
 513   PHE   -0.204056   0
 515   TYR   -0.0793829   0.142196
 516   CYS   -0.0469057   0.517672
 518   ARG   -0.064365   -0.131859
 525   ASP   0.0379556   0.365396
 531   ASP   0.00727679   0.2277
 533   CYS   -0.0229459   0.338957
 550   TYR   -0.0222641   0.172717
 551   ASP   -0.00530184   0.112989
 555   TYR   0.112839   0.177183
 594   TYR   -0.027682   0.141984
 882   TYR   0.0260412   0.114587
 884   HIS   -0.0115661   -0.127603
SITE:  HIS- 510
 164   GLU   -0.0112759   0.102745
 170   ASP   0.022719   0.153854
 416   ASP   0.080989   0.165729
 417   LYS   -0.10479   -0.1284
 418   HIS   -0.26738   -1.44575
 420   TYR   -0.163726   1.51872
 421   GLN   0.429752   0
 422   PRO   -0.128476   0
 423   TYR   -0.128645   0.121436
 428   ASP   -0.1333   0.216905
 429   VAL   0.168635   0
 432   GLY   0.191252   0
 433   PRO   0.128424   0
 434   PRO   0.0324257   0
 435   LEU   0.357844   0
 436   ASP   -0.207804   0.651584
 437   ILE   -0.149648   0
 441   HIS   -0.0217765   -0.378557
 487   TYR   -0.0312881   0.35761
 492   HIS   0.0985063   -0.163444
 494   VAL   0.156149   0
 495   LEU   0.252146   0
 496   ASP   0.0159082   0.463636
 497   HIS   0.314854   -0.524328
 498   LYS   -0.218528   -0.47844
 499   LYS   -0.109186   -0.162417
 501   ASP   0.0480616   0.10534
 505   VAL   0.0192856   0
 506   TYR   0.0574631   0.117496
 507   ALA   -0.258845   0
 508   ASP   -1.79899   2.80562
 509   TYR   0.641283   2.8354
 511   THR   -0.379375   0
 512   HIS   -0.251758   -0.792161
 513   PHE   -0.297192   0
 514   LEU   -0.209734   0
 515   TYR   -0.126143   0.198529
 516   CYS   -0.0866   0.576925
 518   ARG   -0.105382   -0.16012
 525   ASP   0.0848863   0.581276
 530   HIS   -0.0875962   -0.126936
 531   ASP   0.00571596   0.274459
 533   CYS   -0.0305679   0.37831
 550   TYR   -0.0250562   0.136301
 555   TYR   0.0387058   0.16938
SITE:  HIS- 512
  96   ARG   -0.023331   -0.196086
 164   GLU   0.00202068   0.19741
 166   PRO   -0.0572636   0
 170   ASP   0.0228206   0.172659
 242   ASP   0.0171215   0.123155
 418   HIS   -0.00557893   -0.258019
 420   TYR   -0.0861242   0.633759
 436   ASP   0.0217149   0.197778
 441   HIS   0.0202984   -0.289362
 445   ASP   -0.0191449   0.1056
 451   GLU   0.0057167   0.172617
 468   CYS   -0.00880386   0.105534
 475   TYR   -0.0232597   0.120766
 479   CYS   0.0472452   0.152481
 483   SER   0.162862   0
 484   VAL   0.301284   0
 485   LEU   0.247986   0
 487   TYR   1.50253   1.07683
 489   GLN   -0.23847   0
 490   ASN   -0.17785   0
 491   SER   0.0818451   0
 492   HIS   0.123415   -0.207091
 494   VAL   0.368322   0
 495   LEU   0.173051   0
 496   ASP   -0.108082   0.316349
 497   HIS   0.23875   -1.10437
 498   LYS   -0.109805   -0.273493
 499   LYS   -0.126723   -0.24093
 507   ALA   -0.197881   0
 508   ASP   0.32399   0.812239
 509   TYR   0.517494   0.609956
 510   HIS   0.350428   -0.792161
 511   THR   -0.0519077   0
 513   PHE   -0.318101   0
 515   TYR   -0.80074   0.907431
 516   CYS   -0.5012   3.14029
 517   VAL   -0.172487   0
 518   ARG   -0.263167   -0.313534
 520   PRO   0.0404241   0
 522   SER   0.249386   0
 524   ASN   -0.26738   0
 525   ASP   0.327138   3.60785
 526   THR   -0.156384   0
 527   SER   0.0879801   0
 529   LEU   -0.559904   0
 530   HIS   -0.462369   -0.446914
 531   ASP   0.387376   1.42483
 532   PRO   0.803827   0
 533   CYS   -0.716232   3.44261
 535   GLY   -0.126286   0
 541   VAL   0.104691   0
 543   PRO   -0.0171405   0
 550   TYR   -0.0172788   0.204061
 555   TYR   0.0130178   0.285915
 884   HIS   -0.0131817   -0.121174
 945   ASP   0.0109865   0.11307
1011   CYS   -0.00581726   0.115295
1013   LYS   -0.000751184   -0.170702
1016   HID   0.0107472   -0.122216
1019   TYR   -0.00133861   0.124139
1041   TYR   -0.00348458   0.157972
SITE:  TYR- 515
  84   LYS   0.0287409   -0.118455
  89   LEU   0.122623   0
  90   PRO   0.070931   0
  92   GLN   0.16285   0
  96   ARG   -0.0653088   -0.70375
  97   CYS   -0.0130164   0.227681
 100   CYS   -0.0164217   0.219815
 160   CYS   0.0373645   0.174188
 162   ASP   -0.022779   0.100855
 164   GLU   0.0714558   0.467617
 166   PRO   -0.432312   0
 168   SER   0.181262   0
 170   ASP   0.0496383   0.222687
 171   LYS   -0.00531438   -0.118811
 177   CYS   -0.0149832   0.114851
 238   CYS   -0.0456752   0.160695
 242   ASP   0.0720703   0.374084
 420   TYR   -0.030526   0.284597
 475   TYR   -0.0241436   0.10563
 487   TYR   0.0591433   0.562785
 497   HIS   0.0393166   -0.20927
 499   LYS   -0.0327324   -0.102371
 508   ASP   0.0485587   0.185485
 509   TYR   0.0785556   0.142196
 510   HIS   0.0837826   -0.198529
 511   THR   0.111347   0
 512   HIS   0.258902   -0.907431
 513   PHE   0.181083   0
 516   CYS   -0.407096   1.2933
 518   ARG   -0.521162   -0.523706
 519   ALA   0.44535   0
 520   PRO   0.00244537   0
 521   ALA   -0.228208   0
 522   SER   -1.06794   0
 523   LEU   -0.223214   0
 524   ASN   1.54494   0
 525   ASP   0.422678   1.45709
 526   THR   -0.522941   0
 529   LEU   -0.193149   0
 530   HIS   -0.27784   -0.464249
 531   ASP   0.171834   0.367028
 532   PRO   -0.126221   0
 533   CYS   0.0606674   1.40943
 543   PRO   -0.0519194   0
 550   TYR   -0.0155487   0.146566
 555   TYR   -0.029556   0.266007
 944   ASP   -0.0140855   0.114123
 945   ASP   0.0272765   0.231889
 948   ASP   0.0140729   0.222341
 951   LYS   0.0181777   -0.22015
 956   CYS   -0.013555   0.217403
1005   ASP   0.0251764   0.145565
1009   PRO   0.105618   0
1010   LYS   0.02611   -0.146746
1011   CYS   0.0146923   0.274581
1013   LYS   -0.0346942   -0.280206
1016   HID   0.026677   -0.226077
1019   TYR   -0.0137806   0.202918
1041   TYR   0.00359601   0.123537
SITE:  CYS- 516
  96   ARG   0.000474196   -0.341619
  97   CYS   -0.00786727   0.108786
 164   GLU   0.0228208   0.330799
 166   PRO   -0.173137   0
 170   ASP   0.0405806   0.205983
 242   ASP   0.030735   0.203092
 406   GLU   0.0244699   0.116407
 418   HIS   0.00259352   -0.245171
 420   TYR   -0.0564352   0.491846
 434   PRO   0.0201932   0
 436   ASP   0.0153994   0.190093
 441   HIS   0.0299174   -0.216197
 451   GLU   0.00440656   0.178822
 468   CYS   -0.0145729   0.135602
 475   TYR   -0.0308795   0.122861
 479   CYS   0.0459158   0.182487
 483   SER   0.214052   0
 484   VAL   0.340728   0
 485   LEU   0.113222   0
 486   ASN   -0.172116   0
 487   TYR   0.391282   2.66222
 489   GLN   -0.281898   0
 490   ASN   -0.161346   0
 492   HIS   0.0684918   -0.151699
 494   VAL   0.124529   0
 496   ASP   -0.0447744   0.186431
 497   HIS   0.094453   -0.489964
 498   LYS   -0.0582382   -0.14831
 499   LYS   -0.0612222   -0.130011
 508   ASP   0.0971274   0.478741
 509   TYR   0.387371   0.517672
 510   HIS   0.426214   -0.576925
 511   THR   0.369228   0
 512   HIS   2.72562   -3.14029
 513   PHE   1.38689   0
 514   LEU   0.2019   0
 515   TYR   -0.459825   1.2933
 517   VAL   -0.803328   0
 518   ARG   -0.599932   -0.639727
 520   PRO   0.0329696   0
 521   ALA   -0.185557   0
 522   SER   0.573604   0
 525   ASP   0.0863656   1.7773
 527   SER   -0.01596   0
 529   LEU   -0.259864   0
 530   HIS   -0.252318   -0.28888
 531   ASP   0.218702   0.638327
 532   PRO   -0.0279157   0
 533   CYS   -0.109833   4.38044
 535   GLY   -0.112269   0
 539   GLY   0.0738162   0
 540   PRO   -0.269004   0
 541   VAL   0.338858   0
 543   PRO   -0.103686   0
 546   VAL   -0.059635   0
 550   TYR   -0.0285952   0.381615
 551   ASP   -0.021205   0.118171
 552   ASP   -0.0135646   0.107223
 553   GLN   0.207722   0
 555   TYR   0.00834582   0.578962
 562   VAL   0.0838184   0
 875   TYR   0.017698   0.124729
 884   HIS   -0.0221844   -0.210804
 890   TYR   -0.00223598   0.141486
 945   ASP   0.0153236   0.195589
 948   ASP   -0.00914088   0.124906
 951   LYS   0.00626988   -0.10659
 956   CYS   -0.00959038   0.110349
1005   ASP   0.0242544   0.112305
1011   CYS   -0.00015983   0.155628
1013   LYS   -0.0117479   -0.289287
1016   HIS   -0.031291   -0.107409
1016   HID   0.0117868   -0.186286
1019   TYR   0.000533898   0.216082
1037   TYR   -0.000788754   0.133427
1041   TYR   -0.00725573   0.270805
1042   HID   -0.0448918   -0.114862
SITE:  ARG- 518
  96   ARG   -0.132733   -1.00016
  97   CYS   -0.0168999   0.252876
 100   CYS   -0.0209972   0.189522
 160   CYS   0.0440958   0.163666
 162   ASP   0.0358274   0.223504
 164   GLU   0.721096   2.37943
 165   ALA   0.366698   0
 166   PRO   -0.296808   0
 167   SER   -0.342936   0
 168   SER   0.622451   0
 169   ASN   0.573049   0
 170   ASP   0.148092   0.353453
 171   LYS   -0.0190907   -0.259273
 227   CYS   0.00841051   0.120758
 238   CYS   -0.0684626   0.199162
 240   CYS   0.0342484   0.301818
 241   GLN   -0.772324   0
 242   ASP   0.0747655   0.708616
 243   CYS   -0.0250587   0.191658
 247   CYS   0.00885952   0.158907
 420   TYR   -0.00922304   0.22654
 487   TYR   0.0196583   0.59971
 508   ASP   0.012298   0.114678
 509   TYR   0.0384136   0.131859
 510   HIS   0.088676   -0.16012
 512   HIS   0.105139   -0.313534
 513   PHE   0.149266   0
 514   LEU   0.312258   0
 515   TYR   0.253708   0.523706
 516   CYS   0.061871   0.639727
 517   VAL   0.00427596   0
 519   ALA   -0.223898   0
 520   PRO   -0.0856908   0
 525   ASP   0.0753329   0.319155
 533   CYS   0.036757   0.383636
 543   PRO   -0.171213   0
 550   TYR   -0.0683658   0.419248
 551   ASP   -0.0156155   0.14065
 552   ASP   -0.0129988   0.194497
 553   GLN   0.600526   0
 554   ASN   0.0482333   0
 555   TYR   -0.239984   1.03559
 884   HIS   -0.00159093   -0.190046
 930   ASP   -0.00153325   0.156833
 944   ASP   -0.0246718   0.119072
 945   ASP   0.0141382   0.174715
 948   ASP   -0.00333013   0.139842
 951   LYS   0.00177248   -0.118488
1013   LYS   -0.0170351   -0.197853
1016   HID   0.0116021   -0.120635
1019   TYR   -0.00335523   0.172061
1041   TYR   0.00822815   0.165978
1042   HID   -0.0751069   -0.137632
SITE:  ASP- 525
  96   ARG   -0.058288   -0.256471
  97   CYS   -0.00422016   0.103643
 100   CYS   -0.0048434   0.107681
 164   GLU   0.000313824   0.252042
 166   PRO   -0.0289342   0
 167   SER   0.23768   0
 170   ASP   0.0295469   0.254208
 242   ASP   0.0234976   0.165846
 418   HIS   0.00273028   -0.181309
 420   TYR   -0.101912   0.747586
 422   PRO   -0.140395   0
 423   TYR   -0.118339   0.136943
 424   PRO   -0.108361   0
 436   ASP   -0.0017388   0.116777
 441   HIS   0.00683496   -0.149779
 484   VAL   0.11453   0
 487   TYR   0.194856   0.594705
 492   HIS   0.059114   -0.102221
 494   VAL   0.202264   0
 495   LEU   0.116489   0
 496   ASP   -0.0474734   0.189392
 497   HIS   0.158238   -0.75205
 498   LYS   -0.141251   -0.200907
 499   LYS   -0.137244   -0.309451
 506   TYR   0.0644848   0.119975
 507   ALA   -0.288205   0
 508   ASP   0.300124   0.660424
 509   TYR   0.248638   0.365396
 510   HIS   0.173062   -0.581276
 511   THR   -0.176804   0
 512   HIS   0.264848   -3.60785
 513   PHE   0.13989   0
 514   LEU   -0.20052   0
 515   TYR   -0.697174   1.45709
 516   CYS   -0.386538   1.7773
 518   ARG   -0.316724   -0.319155
 520   PRO   0.0207995   0
 522   SER   -0.151054   0
 524   ASN   -0.328189   0
 526   THR   -1.05381   0
 527   SER   -0.0267575   0
 528   LEU   -0.176343   0
 529   LEU   -1.17568   0
 530   HIS   -1.1836   -0.914415
 531   ASP   0.465524   1.08056
 532   PRO   0.158279   0
 533   CYS   -0.168281   1.88595
 550   TYR   -0.0152864   0.138525
 555   TYR   -0.016358   0.221675
 945   ASP   0.0113539   0.105177
1010   LYS   0.00987862   -0.101985
1011   CYS   -0.0041455   0.125157
1013   LYS   -0.00803172   -0.141617
1016   HID   0.0119707   -0.108481
1019   TYR   -0.00432563   0.103097
SITE:  HIS- 530
  85   ASP   0.0367483   0.126847
  88   GLN   0.183833   0
  96   ARG   -0.0436166   -0.119072
 192   TYR   -0.013194   0.103211
 420   TYR   -0.0235482   0.197969
 487   TYR   0.0435023   0.126618
 497   HIS   0.0238009   -0.301363
 499   LYS   -0.0319308   -0.384937
 508   ASP   0.035107   0.16231
 510   HIS   0.0184317   -0.126936
 512   HIS   0.0162794   -0.446914
 515   TYR   -0.0647758   0.464249
 516   CYS   -0.0421035   0.28888
 524   ASN   -0.589088   0
 525   ASP   -0.393096   0.914415
 526   THR   0.63537   0
 531   ASP   -0.540351   0.692753
 532   PRO   0.0657286   0
 533   CYS   -0.0136034   0.369037
1010   LYS   0.014552   -0.146984
SITE:  ASP- 531
 420   TYR   -0.0288036   0.229119
 441   HIS   0.00277392   -0.171571
 451   GLU   0.00750331   0.110745
 475   TYR   -0.0173453   0.127019
 485   LEU   0.124485   0
 487   TYR   0.269464   0.31026
 491   SER   -0.0156197   0
 492   HIS   0.083298   -0.156592
 494   VAL   0.12257   0
 495   LEU   0.0881035   0
 496   ASP   -0.12332   0.234423
 497   HIS   -0.183268   -1.85278
 498   LYS   -0.0356656   -0.21368
 499   LYS   -0.0838617   -0.342538
 508   ASP   0.0181843   0.372718
 509   TYR   0.0316302   0.2277
 510   HIS   0.054136   -0.274459
 512   HIS   -0.0660635   -1.42483
 515   TYR   -0.1668   0.367028
 516   CYS   -0.0733979   0.638327
 524   ASN   -0.60041   0
 525   ASP   -0.606182   1.08056
 529   LEU   -0.302754   0
 530   HIS   0.217848   -0.692753
 532   PRO   0.0912939   0
 533   CYS   -0.0524786   0.992714
1010   LYS   0.00108987   -0.111829
SITE:  CYS- 533
  96   ARG   0.0089644   -0.277697
 164   GLU   0.0195056   0.229483
 166   PRO   -0.122579   0
 170   ASP   0.027581   0.138723
 242   ASP   0.0247086   0.160316
 406   GLU   0.02395   0.108043
 418   HIS   -0.000103333   -0.154053
 420   TYR   -0.043226   0.331296
 436   ASP   0.0186468   0.127991
 441   HIS   0.0266268   -0.180522
 451   GLU   0.00800191   0.195643
 468   CYS   -0.01602   0.144868
 475   TYR   -0.0446298   0.211284
 479   CYS   0.059491   0.208648
 481   ILE   0.0957122   0
 483   SER   0.230284   0
 484   VAL   0.288763   0
 485   LEU   0.166497   0
 486   ASN   0.192806   0
 487   TYR   0.509198   1.63109
 489   GLN   -0.327196   0
 490   ASN   -0.175521   0
 492   HIS   0.066662   -0.147649
 494   VAL   0.0842476   0
 496   ASP   -0.0521945   0.166313
 497   HIS   0.0625178   -0.532504
 498   LYS   -0.0541597   -0.131903
 499   LYS   -0.0622554   -0.13665
 508   ASP   0.0793455   0.360631
 509   TYR   0.184116   0.338957
 510   HIS   0.191504   -0.37831
 511   THR   0.111304   0
 512   HIS   0.0605879   -3.44261
 513   PHE   0.376047   0
 515   TYR   -0.753717   1.40943
 516   CYS   -0.677187   4.38044
 517   VAL   -0.0675007   0
 518   ARG   -0.315921   -0.383636
 519   ALA   0.527048   0
 520   PRO   0.197253   0
 521   ALA   -0.290086   0
 522   SER   1.55523   0
 524   ASN   0.109578   0
 525   ASP   -0.359376   1.88595
 526   THR   -0.195697   0
 527   SER   0.0076731   0
 529   LEU   -0.292516   0
 530   HIS   -0.353624   -0.369037
 531   ASP   0.529892   0.992714
 532   PRO   -0.220014   0
 534   LEU   -0.41668   0
 535   GLY   -0.13393   0
 538   GLY   -0.186006   0
 539   GLY   0.0822907   0
 540   PRO   -0.296062   0
 541   VAL   0.186656   0
 543   PRO   -0.0388826   0
 550   TYR   -0.0143353   0.236859
 555   TYR   0.018887   0.338695
 875   TYR   0.0132838   0.10145
 884   HIS   -0.0175619   -0.136862
 890   TYR   -0.00223858   0.134792
 945   ASP   0.0200179   0.20759
 948   ASP   -0.00631328   0.131795
 951   LYS   0.0103488   -0.115485
 956   CYS   -0.00899427   0.143627
1005   ASP   0.0322588   0.155493
1007   PRO   -0.0109648   0
1009   PRO   0.0309146   0
1010   LYS   0.00112841   -0.131427
1011   CYS   -0.019208   0.210804
1013   LYS   -0.0102199   -0.329466
1016   HIS   0.00335388   -0.113732
1016   HIS   -0.0354673   -0.131946
1016   HID   0.0172342   -0.232728
1019   TYR   -0.00159239   0.227735
1037   TYR   -0.000248419   0.135668
1041   TYR   -0.00160956   0.246816
SITE:  TYR- 550
  96   ARG   0.0110074   -0.15269
 164   GLU   0.0232302   0.196856
 240   CYS   0.00116047   0.10655
 242   ASP   0.00375898   0.116197
 250   LYS   -0.0291578   -0.106132
 406   GLU   0.0203468   0.161579
 411   ARG   -0.015946   -0.21146
 418   HIS   0.0297798   -0.127062
 420   TYR   -0.00550457   0.107768
 434   PRO   -0.0543708   0
 436   ASP   0.00256434   0.108956
 468   CYS   -0.0147332   0.110428
 479   CYS   0.00146663   0.109471
 487   TYR   -0.000193657   0.78507
 509   TYR   0.00833242   0.172717
 510   HIS   0.049075   -0.136301
 512   HIS   0.0346409   -0.204061
 515   TYR   0.022568   0.146566
 516   CYS   0.0439884   0.381615
 517   VAL   0.0291292   0
 518   ARG   0.117866   -0.419248
 520   PRO   -0.0444928   0
 525   ASP   0.0160039   0.138525
 533   CYS   0.0391319   0.236859
 543   PRO   0.0861516   0
 544   TRP   -0.204678   0
 545   LEU   -0.0095228   0
 546   VAL   -0.234922   0
 547   LEU   0.258503   0
 548   GLY   -0.143688   0
 549   GLY   -0.108057   0
 551   ASP   -0.531607   0.559081
 552   ASP   -0.136729   0.918427
 555   TYR   -0.083037   2.08568
 557   ASN   -0.187876   0
 558   ALA   -0.262254   0
 560   ALA   0.18707   0
 562   VAL   -0.024095   0
 606   GLU   0.0137684   0.126774
 875   TYR   0.0687306   0.315401
 879   ILE   0.133528   0
 882   TYR   0.345711   0.267442
 883   LEU   -0.288542   0
 884   HIS   0.0176929   -2.52765
 886   GLY   0.0969745   0
 887   PRO   0.0499796   0
 890   TYR   -0.00415502   0.210179
 930   ASP   0.0941399   0.55639
 934   ARG   -0.0540571   -0.209424
 936   GLY   -0.00174002   0
 945   ASP   0.00347842   0.123607
1013   LYS   -9.84623e-05   -0.171856
1019   TYR   0.00961436   0.164496
1037   TYR   -0.0163599   0.147957
1041   TYR   -0.042878   0.478707
1042   HIS   0.152936   -0.326842
1042   HID   -0.732202   -0.915371
1042   HIS   0.19676   -0.295896
1042   HID   -0.0297392   -0.211963
1050   ASP   0.0141945   0.175836
1081   TYR   0.0166628   0.112289
1085   TYR   -0.021   0.178649
1088   TYR   -0.0115532   0.107705
SITE:  ASP- 551
 411   ARG   -0.0235111   -0.124244
 417   LYS   -0.106705   -0.290083
 418   HIS   0.0902093   -0.141549
 430   PRO   0.0741837   0
 432   GLY   -0.0951834   0
 487   TYR   -0.00492654   0.165782
 509   TYR   -0.00485402   0.112989
 516   CYS   -0.00187475   0.118171
 518   ARG   -0.00136786   -0.14065
 548   GLY   0.0101195   0
 549   GLY   0.114814   0
 550   TYR   -0.314336   0.559081
 552   ASP   -0.726243   0.818357
 553   GLN   -0.3127   0
 554   ASN   -0.475234   0
 555   TYR   0.0643342   0.341098
 557   ASN   -1.53585   0
 882   TYR   0.0574063   0.227239
 884   HIS   -0.0574264   -0.62896
 930   ASP   0.021509   0.126192
1042   HID   -0.0943153   -0.170239
SITE:  ASP- 552
 164   GLU   0.00954632   0.114201
 250   LYS   -0.0312818   -0.182498
 487   TYR   -0.000919598   0.171556
 516   CYS   0.00830609   0.107223
 518   ARG   0.0383346   -0.194497
 550   TYR   -0.0410817   0.918427
 551   ASP   -0.722538   0.818357
 553   GLN   -0.665187   0
 555   TYR   -0.00442372   0.580928
 882   TYR   0.0550247   0.115537
 884   HIS   -0.0375478   -0.905439
 930   ASP   0.0471722   0.450994
 934   ARG   -0.0289726   -0.18002
1041   TYR   0.00757128   0.124746
1042   HIS   0.0301141   -0.145639
1042   HID   -0.295536   -0.494057
1042   HIS   0.230895   -0.147363
1050   ASP   0.0175903   0.127727
SITE:  TYR- 555
  96   ARG   0.0331778   -0.324674
  97   CYS   -0.0114322   0.103714
 164   GLU   0.0551155   0.448735
 169   ASN   0.133099   0
 170   ASP   0.0476846   0.165242
 171   LYS   0.000612653   -0.102329
 240   CYS   0.00617422   0.181152
 242   ASP   0.0109307   0.233974
 247   CYS   -0.00414435   0.100897
 250   LYS   -0.0363286   -0.110305
 418   HIS   0.0309562   -0.124998
 420   TYR   -0.00192946   0.16789
 430   PRO   0.0931333   0
 487   TYR   0.0338383   0.967146
 508   ASP   0.00478918   0.109581
 509   TYR   0.0276598   0.177183
 510   HIS   0.0832953   -0.16938
 512   HIS   0.0724016   -0.285915
 514   LEU   0.155495   0
 515   TYR   0.0930688   0.266007
 516   CYS   0.0792076   0.578962
 517   VAL   0.26132   0
 518   ARG   0.336249   -1.03559
 520   PRO   -0.110599   0
 525   ASP   0.0360496   0.221675
 533   CYS   0.0501114   0.338695
 541   VAL   0.0912572   0
 542   PHE   -0.199691   0
 543   PRO   -0.562368   0
 546   VAL   -0.139741   0
 547   LEU   -0.0220107   0
 548   GLY   0.0201896   0
 550   TYR   -0.340823   2.08568
 551   ASP   -0.137382   0.341098
 552   ASP   0.184047   0.580928
 553   GLN   1.83162   0
 554   ASN   0.2445   0
 556   ASN   0.131826   0
 875   TYR   0.0267944   0.160766
 882   TYR   0.0945522   0.117846
 884   HIS   -0.0149694   -0.705768
 890   TYR   -0.00475648   0.154391
 930   ASP   0.0259173   0.392504
 934   ARG   -0.0337428   -0.110523
 936   GLY   0.0943918   0
 944   ASP   -0.0234232   0.115719
 945   ASP   0.00813921   0.165644
1013   LYS   -0.00698564   -0.210027
1016   HID   0.00754446   -0.110534
1019   TYR   0.00605325   0.192398
1037   TYR   -0.011069   0.13024
1041   TYR   0.0129425   0.338181
1042   HIS   0.0838874   -0.2015
1042   HID   -0.345163   -0.437599
1042   HIS   0.074439   -0.192325
1042   HID   -0.0205992   -0.131098
1085   TYR   -0.0129743   0.117494
SITE:  TYR- 570
 392   LYS   0.0206234   -0.193764
 396   ASP   0.0530152   0.249489
 401   PRO   0.0855219   0
 404   ARG   -0.0262052   -0.56989
 406   GLU   0.0823369   0.409311
 451   GLU   0.00973647   0.12854
 457   TYR   0.0581228   0.17687
 460   GLU   -0.0269304   0.202754
 463   THR   0.206412   0
 464   LEU   0.192302   0
 466   ASP   0.541028   1.10037
 467   ILE   0.275724   0
 468   CYS   0.118278   0.701372
 471   PRO   0.0296944   0
 479   CYS   -0.14918   0.386181
 566   PRO   0.0576779   0
 567   VAL   -0.231356   0
 568   ASN   0.319023   0
 569   ASN   0.17595   0
 571   TYR   0.0254199   0.124411
 573   ASP   0.0102574   0.729425
 575   GLU   0.116686   0.516868
 576   LYS   -0.1284   -1.86353
 577   LEU   0.111859   0
 579   ARG   -0.426377   -0.730031
 580   ALA   -0.182848   0
 584   GLU   -0.0580898   0.428508
 606   GLU   -0.0862166   0.26425
 607   ARG   -0.0328772   -0.150358
 610   GLU   -0.00877014   0.114417
 875   TYR   -0.00224208   0.121283
 890   TYR   -0.00234812   0.262286
1016   HID   -0.0217372   -0.164652
1016   HIS   -0.0212828   -0.126705
1016   HID   -0.00478145   -0.124569
1016   HIS   -0.026243   -0.156375
1016   HIS   0.000894187   -0.164368
1037   TYR   0.00964057   0.225384
1041   TYR   -0.0132851   0.165781
1081   TYR   -0.0145562   0.20214
SITE:  TYR- 571
 379   ASP   0.00273399   0.162959
 389   ARG   0.0232328   -0.247753
 391   GLU   0.0474938   0.168799
 392   LYS   0.0972625   -0.516922
 393   GLU   0.550896   0.99206
 394   TYR   0.10445   0.2122
 396   ASP   -0.245766   0.836964
 397   GLN   -0.730466   0
 398   HID   -0.0194379   -0.399454
 401   PRO   -0.0656293   0
 404   ARG   0.0134861   -0.1522
 570   TYR   -0.00202232   0.124411
 572   ASN   -1.15082   0
 573   ASP   0.007925   0.200535
 606   GLU   -0.00122105   0.130797
 890   TYR   0.00353296   0.142029
 894   GLU   -0.0381445   0.102044
1037   TYR   0.00343417   0.12713
1081   TYR   -0.0106208   0.270492
SITE:  ASP- 573
 392   LYS   0.0128401   -0.210628
 393   GLU   0.048078   0.129555
 396   ASP   0.0467842   0.251142
 401   PRO   -0.03776   0
 404   ARG   0.0446565   -0.389605
 406   GLU   0.0253304   0.166934
 457   TYR   0.0871534   0.329322
 458   ASP   0.00235932   0.15244
 460   GLU   -0.0296732   0.160109
 466   ASP   0.0655981   0.278716
 468   CYS   0.00412981   0.164644
 570   TYR   -0.0654721   0.729425
 571   TYR   0.155964   0.200535
 574   THR   -0.888052   0
 575   GLU   -0.648515   1.01983
 576   LYS   -0.874768   -1.18739
 577   LEU   -0.207532   0
 578   GLN   -0.20238   0
 579   ARG   -0.0815817   -0.551185
 584   GLU   -0.0128472   0.228633
 606   GLU   -0.0505881   0.180147
 607   ARG   -0.0319718   -0.113328
 610   GLU   0.00800725   0.143977
 890   TYR   -0.00234012   0.108912
1081   TYR   -0.01041   0.151211
SITE:  GLU- 575
 404   ARG   0.022031   -0.331806
 406   GLU   0.0207054   0.190802
 456   SER   -0.17783   0
 457   TYR   0.298684   1.23807
 458   ASP   -0.0160829   0.706153
 460   GLU   -0.25381   0.715612
 462   VAL   -0.0729732   0
 466   ASP   0.112042   0.554563
 468   CYS   0.00874905   0.202271
 479   CYS   -0.0305222   0.111774
 570   TYR   -0.0454503   0.516868
 573   ASP   0.0621303   1.01983
 576   LYS   -0.922921   -1.0474
 578   GLN   -0.66582   0
 579   ARG   -0.100619   -2.85746
 584   GLU   -0.0478024   0.279105
 586   GLU   -0.06986   0.100725
 606   GLU   -0.0587261   0.133857
 607   ARG   -0.0228108   -0.155222
 610   GLU   0.00366278   0.121704
SITE:  LYS- 576
 392   LYS   0.00963205   -0.123604
 396   ASP   0.0340655   0.151012
 404   ARG   0.0144457   -0.380832
 406   GLU   0.0417478   0.228645
 457   TYR   0.0983656   0.275784
 458   ASP   0.00496077   0.149468
 460   GLU   -0.0520567   0.304721
 466   ASP   0.291386   0.796567
 467   ILE   0.0606539   0
 468   CYS   0.0482606   0.327525
 479   CYS   -0.0661092   0.185685
 568   ASN   0.199458   0
 570   TYR   0.17497   1.86353
 573   ASP   0.190374   1.18739
 575   GLU   0.139888   1.0474
 577   LEU   -0.23876   0
 579   ARG   -0.0706617   -1.16478
 580   ALA   -0.152109   0
 584   GLU   -0.0341111   0.281512
 606   GLU   -0.0614432   0.161988
 607   ARG   -0.027161   -0.11483
 890   TYR   -0.00216623   0.122018
1037   TYR   0.00502438   0.102376
1081   TYR   -0.00837612   0.114937
SITE:  ARG- 579
 404   ARG   -0.0209886   -0.359098
 406   GLU   0.0242266   0.270321
 455   ALA   0.185187   0
 456   SER   -0.233964   0
 457   TYR   0.254338   0.640866
 458   ASP   -0.0188528   0.443054
 460   GLU   -0.308358   1.00311
 462   VAL   -0.194208   0
 463   THR   0.158849   0
 466   ASP   0.312258   1.27656
 467   ILE   -0.0258292   0
 468   CYS   0.0174904   0.335617
 479   CYS   -0.0509074   0.186577
 568   ASN   0.188039   0
 570   TYR   -0.105271   0.730031
 573   ASP   0.0559309   0.551185
 575   GLU   1.2067   2.85746
 576   LYS   -0.099907   -1.16478
 577   LEU   0.138452   0
 578   GLN   -0.178778   0
 580   ALA   -0.177752   0
 582   ALA   -0.22434   0
 584   GLU   -0.0829752   0.381127
 585   LYS   -0.0558285   -0.114694
 586   GLU   -0.106081   0.138259
 606   GLU   -0.0758769   0.1486
 607   ARG   -0.0187136   -0.190287
 610   GLU   -0.00381923   0.111463
SITE:  GLU- 584
 377   PRO   -0.0962337   0
 379   ASP   -0.0650614   0.157016
 389   ARG   0.00175879   -0.146356
 392   LYS   0.0023772   -0.34308
 393   GLU   0.02507   0.116692
 396   ASP   0.0476976   0.284619
 404   ARG   -2.15949   -2.5616
 405   THR   -0.242025   0
 406   GLU   0.0678694   3.12889
 407   GLN   0.0545811   0
 411   ARG   -0.00558578   -0.114241
 451   GLU   -0.0186964   0.238011
 457   TYR   0.021861   0.249296
 458   ASP   -0.0387132   0.103994
 460   GLU   0.00429568   0.110436
 464   LEU   0.0970037   0
 466   ASP   -0.0481043   0.391103
 467   ILE   -0.042734   0
 468   CYS   -0.0570789   0.80772
 479   CYS   -0.0865318   0.418485
 487   TYR   -0.0126133   0.116227
 565   PHE   0.244264   0
 566   PRO   -0.058286   0
 567   VAL   -0.16494   0
 568   ASN   0.28636   0
 570   TYR   -0.0533773   0.428508
 573   ASP   0.0337316   0.228633
 574   THR   0.200931   0
 575   GLU   0.196927   0.279105
 576   LYS   0.250734   -0.281512
 577   LEU   0.479867   0
 578   GLN   0.21856   0
 579   ARG   0.0739299   -0.381127
 580   ALA   0.374731   0
 581   GLN   -0.19216   0
 585   LYS   -0.349432   -0.620725
 586   GLU   -0.346462   0.508837
 587   PHE   -0.47917   0
 588   ILE   -0.308902   0
 589   ASN   -0.237896   0
 592   LYS   -0.0582844   -0.423336
 594   TYR   -0.0219808   0.117353
 605   ALA   -1.11569   0
 606   GLU   -1.91904   1.67987
 607   ARG   -1.23708   -1.66951
 608   SER   -0.250278   0
 610   GLU   -0.145352   0.659178
 611   ASP   -0.277116   0.669326
 612   GLU   -0.166258   0.421702
 615   ARG   -0.0321094   -0.22348
 616   GLU   -0.0659083   0.142501
 871   TYR   -0.0746426   0.87999
 874   ASP   -0.0473642   0.142551
 875   TYR   -0.0317267   0.670774
 888   PRO   0.0145654   0
 890   TYR   -0.020754   0.302116
1037   TYR   -0.00582152   0.179608
1041   TYR   -0.0578284   0.286153
1042   HIS   0.00985695   -0.165043
1042   HID   0.0292043   -0.114023
1042   HIS   -0.101339   -0.141883
1042   HID   0.0129084   -0.189304
1081   TYR   -0.0176544   0.393501
1085   TYR   -0.0277386   0.164558
1088   TYR   -0.0417018   0.257959
1091   TYR   -0.0222174   0.143108
SITE:  LYS- 585
 404   ARG   -0.0554996   -0.257217
 406   GLU   -0.0705662   0.331007
 457   TYR   -0.0427266   0.170058
 468   CYS   -0.00773853   0.132812
 579   ARG   0.110243   -0.114694
 581   GLN   0.343487   0
 582   ALA   0.196282   0
 583   TRP   0.229948   0
 584   GLU   -0.11122   0.620725
 586   GLU   -0.541056   0.805753
 588   ILE   -0.253644   0
 589   ASN   -0.478088   0
 592   LYS   -0.0374656   -0.70861
 606   GLU   -0.077311   0.2019
 607   ARG   0.448347   -1.43655
 610   GLU   -0.0782805   0.324021
 611   ASP   0.14576   1.06679
 612   GLU   -0.0291092   0.390456
 615   ARG   -0.043803   -0.305508
 616   GLU   -0.0330981   0.163398
 618   ASP   -0.0303852   0.165035
 869   ASP   0.0273824   0.110666
 871   TYR   0.00971762   0.638298
 875   TYR   -0.019251   0.142348
SITE:  GLU- 586
 404   ARG   -0.057136   -0.184075
 406   GLU   -0.0805227   0.369338
 451   GLU   -0.0162123   0.144447
 453   ILE   -0.164099   0
 454   THR   -0.170497   0
 455   ALA   -0.298145   0
 457   TYR   0.000650176   0.132262
 462   VAL   0.10787   0
 466   ASP   -0.0307342   0.149438
 468   CYS   -0.00788537   0.207722
 479   CYS   -0.00597895   0.135747
 575   GLU   0.0602282   0.100725
 579   ARG   0.118107   -0.138259
 580   ALA   0.159856   0
 581   GLN   0.158006   0
 582   ALA   0.528972   0
 583   TRP   0.588312   0
 584   GLU   0.0113374   0.508837
 585   LYS   0.370135   -0.805753
 587   PHE   -0.300278   0
 588   ILE   -0.19194   0
 589   ASN   -1.19394   0
 590   PHE   -0.246024   0
 592   LYS   -0.0991114   -0.408851
 594   TYR   -0.0269323   0.12459
 595   LYS   0.0100323   -0.130011
 606   GLU   -0.0631218   0.142008
 607   ARG   0.126236   -0.509813
 610   GLU   -0.0257043   0.12025
 611   ASP   -0.00826183   0.278897
 612   GLU   -0.0199365   0.155933
 615   ARG   -0.00434474   -0.112372
 871   TYR   0.0119678   0.321616
 875   TYR   -0.00446281   0.121246
SITE:  LYS- 592
 404   ARG   -0.0638081   -0.17418
 406   GLU   -0.129615   0.349908
 411   ARG   -0.0126077   -0.125381
 468   CYS   -0.00721246   0.117525
 584   GLU   0.168793   0.423336
 585   LYS   0.295682   -0.70861
 586   GLU   0.184901   0.408851
 588   ILE   0.27975   0
 589   ASN   0.580682   0
 591   VAL   -0.0548709   0
 593   ASN   -0.53312   0
 594   TYR   0.0496078   0.148135
 595   LYS   0.0638146   -0.358993
 606   GLU   -0.0277117   0.208843
 607   ARG   0.177269   -0.743463
 608   SER   0.241722   0
 610   GLU   -0.0633041   0.219715
 611   ASP   0.000393176   1.01562
 612   GLU   0.0421651   0.927766
 615   ARG   0.111417   -0.783137
 616   GLU   -0.0446446   0.281513
 618   ASP   -0.0475514   0.126739
 867   PRO   0.0234017   0
 868   ASP   -0.00781527   0.102878
 869   ASP   0.106201   0.331709
 870   SER   -0.25548   0
 871   TYR   0.151195   1.71272
 874   ASP   -0.128569   0.230371
 875   TYR   -0.051428   0.252362
 877   LYS   -0.0290704   -0.110265
1217   LYS   -0.00192305   -0.120767
SITE:  TYR- 594
 406   GLU   -0.0300195   0.20118
 411   ARG   0.0530395   -0.186622
 436   ASP   0.0471919   0.170739
 439   ILE   0.226331   0
 440   LEU   0.159233   0
 441   HIS   0.184922   -0.342704
 442   GLN   1.10321   0
 443   VAL   0.247279   0
 445   ASP   -0.795129   1.11467
 446   LEU   -0.537288   0
 449   ALA   -0.288092   0
 450   ILE   -0.133722   0
 451   GLU   -0.123117   0.281129
 468   CYS   -0.00377356   0.136543
 479   CYS   0.0266786   0.140946
 487   TYR   -0.0254129   0.115351
 492   HIS   -0.0458814   -0.342535
 509   TYR   -0.0105173   0.141984
 584   GLU   0.0132588   0.117353
 586   GLU   0.0399351   0.12459
 591   VAL   0.0544103   0
 592   LYS   -0.00118065   -0.148135
 595   LYS   -0.481221   -0.378064
 596   ASN   -2.36152   0
 597   PRO   -0.0218599   0
 598   ASN   -0.2858   0
 599   LEU   -0.160395   0
 871   TYR   0.0137754   0.135491
 874   ASP   -0.0144768   0.118506
 875   TYR   0.0105968   0.149903
 882   TYR   0.00467393   0.103915
SITE:  LYS- 595
 411   ARG   0.00762506   -0.106489
 586   GLU   0.0716994   0.130011
 589   ASN   0.208968   0
 590   PHE   0.250793   0
 591   VAL   0.207442   0
 592   LYS   0.471051   -0.358993
 593   ASN   0.963819   0
 594   TYR   0.358022   0.378064
 596   ASN   -0.179593   0
 597   PRO   0.0232168   0
 612   GLU   0.00839155   0.103901
 615   ARG   0.0204486   -0.105338
 871   TYR   0.00981888   0.172954
 874   ASP   -0.0395464   0.134749
SITE:  GLU- 606
 376   ASN   0.14909   0
 377   PRO   -0.19361   0
 378   VAL   -0.10996   0
 379   ASP   -0.111501   0.269967
 389   ARG   0.00491901   -0.295176
 391   GLU   -0.0409976   0.159445
 392   LYS   -0.0347215   -0.759348
 393   GLU   0.0366692   0.225672
 396   ASP   0.0886504   0.570927
 401   PRO   -0.167061   0
 402   PHE   0.189104   0
 403   PHE   0.38959   0
 404   ARG   -0.72396   -1.78852
 405   THR   0.106856   0
 406   GLU   0.141496   1.37923
 407   GLN   -0.132527   0
 411   ARG   0.000128001   -0.119709
 451   GLU   -0.0136957   0.128041
 457   TYR   0.0144261   0.111891
 466   ASP   -0.00735021   0.163005
 468   CYS   -0.0692044   0.415432
 479   CYS   -0.0555613   0.243884
 487   TYR   -0.0128542   0.132889
 550   TYR   0.0156806   0.126774
 565   PHE   0.179891   0
 566   PRO   -0.143068   0
 567   VAL   0.127092   0
 569   ASN   -0.403741   0
 570   TYR   0.0755908   0.26425
 571   TYR   -0.0410709   0.130797
 573   ASP   0.0496037   0.180147
 575   GLU   0.0650189   0.133857
 576   LYS   0.0583147   -0.161988
 577   LEU   0.0516702   0
 579   ARG   -0.0565712   -0.1486
 581   GLN   -0.311292   0
 584   GLU   0.251661   1.67987
 585   LYS   0.0245411   -0.2019
 586   GLU   -0.0516818   0.142008
 592   LYS   -0.0160887   -0.208843
 605   ALA   -0.18227   0
 607   ARG   -0.524844   -0.842759
 608   SER   -0.46439   0
 609   ILE   -0.2764   0
 610   GLU   -0.15787   0.71221
 611   ASP   -0.197297   0.41369
 612   GLU   -0.20181   0.380904
 615   ARG   -0.0454056   -0.180084
 616   GLU   -0.0857576   0.153011
 861   ASP   -0.000383294   0.177846
 871   TYR   -0.0795226   0.568792
 874   ASP   -0.0333165   0.147572
 875   TYR   -0.122955   1.00773
 884   HIS   -0.0121631   -0.14524
 886   GLY   -0.0261112   0
 887   PRO   -0.153729   0
 888   PRO   0.0728842   0
 890   TYR   -0.0586729   0.560239
1016   HIS   -0.00309137   -0.103318
1019   TYR   0.0129639   0.109836
1037   TYR   -0.0147416   0.274796
1041   TYR   -0.111012   0.457585
1042   HIS   0.000434414   -0.351754
1042   HID   0.0813966   -0.226239
1042   HIS   -0.216684   -0.302206
1042   HID   0.038152   -0.429504
1050   ASP   -0.039964   0.157441
1059   ARG   0.0358281   -0.169562
1081   TYR   -0.064561   0.9946
1083   VAL   -0.0830934   0
1085   TYR   -0.0760357   0.368177
1088   TYR   -0.100134   0.568097
1089   GLU   -0.0845223   0.166973
1091   TYR   -0.049218   0.29394
1225   TYR   -0.0234026   0.157997
SITE:  ARG- 607
 377   PRO   -0.0717262   0
 379   ASP   -0.0539869   0.125837
 392   LYS   -0.00814777   -0.182384
 396   ASP   0.0202739   0.142348
 404   ARG   -0.192597   -0.764664
 406   GLU   -0.116436   0.804067
 457   TYR   -0.0399743   0.24011
 466   ASP   -0.0166933   0.148119
 468   CYS   -0.0123635   0.258194
 479   CYS   -0.0225415   0.14629
 570   TYR   0.00509641   0.150358
 573   ASP   0.0217981   0.113328
 575   GLU   0.101674   0.155222
 576   LYS   0.0853169   -0.11483
 577   LEU   0.188793   0
 578   GLN   0.235069   0
 579   ARG   0.131714   -0.190287
 580   ALA   0.150312   0
 581   GLN   0.858016   0
 582   ALA   0.159221   0
 584   GLU   -0.305746   1.66951
 585   LYS   -0.186666   -1.43655
 586   GLU   -0.0756085   0.509813
 587   PHE   -0.22999   0
 588   ILE   -0.324626   0
 589   ASN   -0.279442   0
 592   LYS   -0.0372486   -0.743463
 606   GLU   -0.550723   0.842759
 608   SER   -0.188633   0
 610   GLU   -0.313382   0.881284
 611   ASP   -0.233928   1.9986
 612   GLU   -0.193758   0.693173
 614   ASN   -0.240532   0
 615   ARG   -0.0965972   -0.395125
 616   GLU   -0.0956246   0.229741
 618   ASP   -0.0383187   0.202133
 620   ASP   -0.00372422   0.113539
 869   ASP   0.021988   0.135044
 871   TYR   -0.0604304   1.25907
 874   ASP   -0.0495808   0.119074
 875   TYR   -0.0477571   0.372128
 890   TYR   -0.00955098   0.129458
1041   TYR   -0.0270924   0.124779
1042   HID   0.00909698   -0.106734
1081   TYR   -0.00912721   0.202997
1088   TYR   -0.0225568   0.190163
1091   TYR   -0.015798   0.116415
1225   TYR   -0.0169664   0.103165
SITE:  GLU- 610
 375   THR   -1.09774   0
 376   ASN   0.0175081   0
 377   PRO   -0.15614   0
 379   ASP   -0.192734   0.363252
 389   ARG   -0.0042097   -0.224523
 392   LYS   -0.0172107   -0.333005
 393   GLU   0.0212642   0.131087
 396   ASP   0.0362802   0.243435
 404   ARG   0.0956218   -0.829692
 406   GLU   -0.00886328   0.361108
 457   TYR   -0.00534836   0.170876
 468   CYS   -0.0153169   0.131335
 570   TYR   0.0566248   0.114417
 573   ASP   0.0482958   0.143977
 575   GLU   0.0599004   0.121704
 579   ARG   0.0143461   -0.111463
 581   GLN   -0.1749   0
 584   GLU   0.0638878   0.659178
 585   LYS   -0.0146057   -0.324021
 586   GLU   -0.0312536   0.12025
 592   LYS   -0.0150956   -0.219715
 606   GLU   -0.0484388   0.71221
 607   ARG   -0.249098   -0.881284
 608   SER   0.124657   0
 609   ILE   0.0775937   0
 611   ASP   -0.829144   0.971496
 612   GLU   -0.276478   0.543639
 613   LEU   -0.27376   0
 614   ASN   -0.204794   0
 615   ARG   -0.113612   -0.280499
 616   GLU   -0.183438   0.29305
 618   ASP   -0.0189762   0.309667
 620   ASP   0.00488645   0.209798
 688   GLU   -0.0857662   0.172886
 861   ASP   -0.0133246   0.127112
 867   PRO   0.014947   0
 871   TYR   -0.0619964   0.47932
 875   TYR   -0.0468219   0.277899
 890   TYR   -0.011388   0.139584
1041   TYR   -0.0239742   0.109284
1042   HIS   -0.00349256   -0.105912
1042   HID   0.0114032   -0.144546
1081   TYR   -0.00963188   0.310353
1085   TYR   -0.0111381   0.121511
1088   TYR   -0.0317211   0.311455
1091   TYR   -0.0233964   0.227622
1225   TYR   -0.0419888   0.249196
1229   TYR   -0.0170751   0.123089
SITE:  ASP- 611
 377   PRO   -0.054266   0
 379   ASP   -0.0506352   0.11134
 392   LYS   -0.00779679   -0.122523
 404   ARG   -0.0594064   -0.386981
 406   GLU   -0.0902698   0.402509
 457   TYR   -0.0210677   0.11971
 468   CYS   -0.00703424   0.126347
 581   GLN   0.133723   0
 584   GLU   0.0679353   0.669326
 585   LYS   0.061703   -1.06679
 586   GLU   0.0188032   0.278897
 588   ILE   -0.185425   0
 592   LYS   -0.00614604   -1.01562
 606   GLU   -0.0366859   0.41369
 607   ARG   -0.297778   -1.9986
 608   SER   0.863526   0
 609   ILE   0.261634   0
 610   GLU   -0.427613   0.971496
 612   GLU   -1.04507   1.57792
 614   ASN   -0.535047   0
 615   ARG   -0.427246   -0.867133
 616   GLU   -0.20518   0.50391
 618   ASP   -0.102421   0.357041
 620   ASP   -0.0117298   0.212282
 688   GLU   -0.0584284   0.1367
 867   PRO   0.0059459   0
 868   ASP   -0.0284394   0.108234
 869   ASP   0.0399724   0.267862
 870   SER   -0.200622   0
 871   TYR   -0.124344   1.67212
 874   ASP   -0.071557   0.141863
 875   TYR   -0.0687606   0.292197
1081   TYR   -0.00522327   0.140264
1088   TYR   -0.0169439   0.190815
1091   TYR   -0.0139727   0.129538
1217   LYS   -0.0235803   -0.147638
1225   TYR   -0.0270814   0.148488
SITE:  GLU- 612
 377   PRO   -0.0404472   0
 379   ASP   -0.0484156   0.10479
 392   LYS   -0.00971025   -0.114775
 404   ARG   -0.0648486   -0.252152
 406   GLU   -0.0986333   0.334449
 411   ARG   -0.0155752   -0.136716
 468   CYS   -0.00730499   0.102518
 584   GLU   0.0806988   0.421702
 585   LYS   0.0548198   -0.390456
 586   GLU   0.0235628   0.155933
 592   LYS   -0.0221429   -0.927766
 595   LYS   0.0278007   -0.103901
 606   GLU   0.0773993   0.380904
 607   ARG   0.11318   -0.693173
 608   SER   0.980126   0
 609   ILE   0.549112   0
 610   GLU   0.0142898   0.543639
 611   ASP   -0.543453   1.57792
 613   LEU   -0.329578   0
 614   ASN   -0.163852   0
 615   ARG   -0.00489666   -3.33306
 616   GLU   -0.636127   1.37796
 618   ASP   -0.142028   0.310816
 619   SER   -0.174202   0
 620   ASP   -0.0286042   0.364529
 688   GLU   -0.0896318   0.201073
 861   ASP   -0.020089   0.205767
 863   SER   0.133891   0
 865   SER   0.0846516   0
 866   MET   -0.182531   0
 867   PRO   -0.0376736   0
 868   ASP   -0.090794   0.357738
 869   ASP   0.0254352   0.865301
 870   SER   -1.37318   0
 871   TYR   -0.462778   2.21015
 872   MET   -0.724383   0
 873   VAL   -0.118964   0
 874   ASP   -0.19501   0.336288
 875   TYR   -0.16631   0.43118
 877   LYS   -0.0476621   -0.213375
1041   TYR   -0.0260164   0.101011
1042   HID   0.0117767   -0.111562
1081   TYR   -0.00442227   0.147807
1088   TYR   -0.0175316   0.299705
1091   TYR   -0.0223074   0.204692
1217   LYS   -0.000480915   -0.349768
1225   TYR   -0.0516773   0.238596
1229   TYR   -0.0221604   0.129272
SITE:  ARG- 615
 404   ARG   -0.0305118   -0.129198
 406   GLU   -0.053972   0.172625
 584   GLU   0.046132   0.22348
 585   LYS   0.0422409   -0.305508
 586   GLU   0.0236968   0.112372
 592   LYS   -0.0154048   -0.783137
 595   LYS   0.0234121   -0.105338
 606   GLU   0.021861   0.180084
 607   ARG   0.044817   -0.395125
 608   SER   0.296358   0
 609   ILE   0.165731   0
 610   GLU   0.0291464   0.280499
 611   ASP   -0.027189   0.867133
 612   GLU   1.38373   3.33306
 613   LEU   0.0845861   0
 616   GLU   -0.298113   1.78575
 618   ASP   -0.255332   0.391833
 619   SER   -0.22159   0
 620   ASP   -0.0464686   0.378187
 688   GLU   -0.0701076   0.18906
 861   ASP   -0.0130618   0.116492
 866   MET   -0.211223   0
 867   PRO   -0.232618   0
 868   ASP   -0.156693   0.366782
 869   ASP   0.385758   1.64846
 870   SER   -0.992396   0
 871   TYR   -0.242032   1.06122
 872   MET   -0.265122   0
 874   ASP   -0.141549   0.232859
 875   TYR   -0.0767144   0.211417
 877   LYS   -0.0261297   -0.158814
1088   TYR   -0.00692624   0.147538
1091   TYR   -0.0109824   0.107315
1217   LYS   -0.0215637   -0.53597
1225   TYR   -0.0365242   0.156586
SITE:  GLU- 616
 404   ARG   -0.0151539   -0.106826
 406   GLU   -0.0229214   0.109208
 584   GLU   0.0186875   0.142501
 585   LYS   0.0155743   -0.163398
 592   LYS   -0.00576831   -0.281513
 606   GLU   0.0300731   0.153011
 607   ARG   0.0126506   -0.229741
 608   SER   0.173834   0
 609   ILE   0.185967   0
 610   GLU   0.0856204   0.29305
 611   ASP   0.13224   0.50391
 612   GLU   1.0336   1.37796
 613   LEU   0.379249   0
 614   ASN   0.150933   0
 615   ARG   -1.38104   -1.78575
 617   SER   -0.344868   0
 618   ASP   -0.535256   0.649241
 619   SER   -1.08903   0
 620   ASP   -0.258758   1.36422
 623   THR   -0.188838   0
 628   TYR   -0.0171869   0.129306
 688   GLU   -0.207541   0.535748
 861   ASP   -0.023611   0.186503
 864   LEU   0.115492   0
 865   SER   0.191002   0
 866   MET   -0.231958   0
 867   PRO   -0.625403   0
 868   ASP   -0.282098   0.472833
 869   ASP   0.0842101   1.05426
 870   SER   -0.240998   0
 871   TYR   -0.0704998   0.441816
 874   ASP   -0.0565494   0.131576
 875   TYR   -0.051235   0.151168
 877   LYS   -0.0174092   -0.109079
1088   TYR   -0.00188214   0.203344
1091   TYR   -0.0113034   0.183725
1216   ALA   -0.251772   0
1217   LYS   -0.676832   -1.22795
1218   SER   -0.18361   0
1220   ILE   -0.166564   0
1225   TYR   -0.103488   0.383052
1227   ARG   -0.0196978   -0.163913
1229   TYR   -0.0493794   0.246605
SITE:  ASP- 618
 585   LYS   0.00361011   -0.165035
 592   LYS   -0.00216265   -0.126739
 607   ARG   -0.0062301   -0.202133
 610   GLU   0.0699006   0.309667
 611   ASP   0.121035   0.357041
 612   GLU   0.111219   0.310816
 613   LEU   0.200238   0
 614   ASN   0.652329   0
 615   ARG   0.222682   -0.391833
 616   GLU   0.0860592   0.649241
 617   SER   -0.323096   0
 619   SER   -0.668207   0
 620   ASP   -0.132283   0.923698
 621   VAL   -0.22759   0
 628   TYR   -0.00832122   0.166774
 684   LEU   0.0121557   0
 688   GLU   -0.174768   0.670159
 869   ASP   0.0173006   0.141849
 871   TYR   -0.0217972   0.169299
1217   LYS   -0.10778   -0.223581
1225   TYR   -0.0420864   0.241565
1229   TYR   -0.0235118   0.161198
SITE:  ASP- 620
 607   ARG   -0.00145535   -0.113539
 610   GLU   0.0391772   0.209798
 611   ASP   0.0693428   0.212282
 612   GLU   0.140912   0.364529
 613   LEU   0.289666   0
 614   ASN   0.291501   0
 615   ARG   -0.0618255   -0.378187
 616   GLU   1.20738   1.36422
 617   SER   0.624706   0
 618   ASP   -0.354493   0.923698
 619   SER   -0.71541   0
 621   VAL   -0.69641   0
 622   PHE   -0.367772   0
 623   THR   -1.09065   0
 624   VAL   -0.314863   0
 626   ILE   -0.178831   0
 627   SER   -0.194045   0
 628   TYR   -0.0586572   0.435484
 684   LEU   0.261775   0
 685   ILE   0.20518   0
 686   VAL   0.0973423   0
 688   GLU   -0.809776   2.56172
 689   VAL   -0.0707104   0
 691   PRO   -0.124889   0
 692   PHE   -0.18546   0
 700   ASP   -0.0331822   0.120455
 742   GLU   0.0115292   0.143866
 771   ASP   -0.0291444   0.141537
 861   ASP   -0.0219101   0.16214
 865   SER   0.111896   0
 867   PRO   -0.0853456   0
 868   ASP   -0.10685   0.206558
 869   ASP   0.00835643   0.255235
 871   TYR   -0.0223918   0.152787
1088   TYR   0.00398092   0.171071
1091   TYR   -0.00608034   0.193129
1161   CYS   -0.014807   0.117263
1166   GLU   0.00384367   0.155917
1206   LYS   0.0429214   -0.212
1209   GLY   0.066603   0
1213   LEU   0.09163   0
1215   PHE   0.130682   0
1216   ALA   -0.634568   0
1217   LYS   -0.637283   -0.730189
1218   SER   -0.352052   0
1220   ILE   -0.16472   0
1221   PHE   -0.627156   0
1225   TYR   -0.185069   0.74059
1227   ARG   -0.0392337   -0.220152
1229   TYR   -0.110021   0.626587
SITE:  TYR- 628
 364   CYS   -0.0511154   0.154796
 616   GLU   0.00894397   0.129306
 618   ASP   0.00904334   0.166774
 620   ASP   0.114019   0.435484
 621   VAL   0.11179   0
 624   VAL   0.221472   0
 625   VAL   0.109526   0
 627   SER   -0.180064   0
 631   MET   -0.410554   0
 634   TYR   -0.140228   0.266236
 653   LYS   0.0367484   -0.13276
 657   GLY   0.116726   0
 658   ILE   0.12625   0
 660   GLY   0.119672   0
 661   ILE   0.268917   0
 662   LEU   0.104019   0
 664   VAL   -0.188346   0
 665   LEU   0.0695087   0
 667   SER   -0.325866   0
 668   VAL   -0.337078   0
 670   CYS   -0.151996   0.387782
 671   SER   -0.236582   0
 685   ILE   0.141316   0
 686   VAL   0.203438   0
 687   ILE   0.315569   0
 688   GLU   0.441894   0.897524
 689   VAL   0.220363   0
 690   ILE   0.123888   0
 691   PRO   1.39677   0
 692   PHE   0.353107   0
 693   LEU   -0.0345084   0
 694   VAL   -0.561796   0
 695   LEU   -0.75617   0
 696   ALA   -0.13208   0
 697   VAL   -0.159063   0
 698   GLY   -0.257412   0
 699   VAL   -0.159496   0
 700   ASP   -0.144033   0.523597
 742   GLU   0.0209727   0.510693
 765   GLY   0.0435134   0
 768   VAL   -0.00449709   0
 771   ASP   -0.135397   0.984434
 775   GLN   -0.213734   0
 778   CYS   -0.0682296   0.211441
 786   ASP   -0.0210324   0.107363
1161   CYS   -0.0114098   0.208988
1166   GLU   0.00826587   0.52571
1168   CYS   -0.00489863   0.152445
1170   HIS   -0.0287146   -0.234156
1206   LYS   0.058673   -0.64865
1209   GLY   -0.111384   0
1225   TYR   0.0112736   0.447674
1229   TYR   -0.00112428   0.723218
1239   HID   0.0331863   -0.125888
SITE:  TYR- 634
 628   TYR   0.083912   0.266236
 630   ILE   0.125935   0
 631   MET   0.269022   0
 635   ILE   -0.131421   0
 637   LEU   -0.184899   0
 638   ALA   -0.282227   0
 640   GLY   0.111901   0
 641   HIS   -0.0693093   -0.537588
 643   LYS   -0.026185   -0.159562
 651   ASP   0.0115982   0.171608
 653   LYS   0.0338634   -0.394058
 657   GLY   -0.0142808   0
 688   GLU   0.0252394   0.100661
 697   VAL   0.0929442   0
 698   GLY   0.015751   0
 699   VAL   0.103097   0
 700   ASP   0.0543447   0.743593
 707   GLN   -0.254667   0
 709   TYR   -0.0655231   0.163219
 711   ARG   -0.0857067   -0.253793
 712   ASP   -0.00728735   0.152056
 726   ARG   0.0106565   -0.100348
 730   GLU   0.00852533   0.165771
 742   GLU   0.0159943   0.331625
 771   ASP   0.00483653   0.288898
 786   ASP   -0.00572488   0.19321
 789   ARG   -0.0178833   -0.114979
 796   ASP   0.00120807   0.159963
 814   GLU   -0.078246   0.14429
 815   SER   -0.202706   0
 816   CYS   -0.106278   0.294887
 817   LEU   -0.183662   0
 825   TYR   -0.031405   0.255862
1161   CYS   0.0105853   0.124137
1166   GLU   0.0472374   0.578039
1168   CYS   0.00522394   0.213863
1170   HIS   -0.0435234   -0.442952
1173   ARG   -0.0273385   -0.146476
1193   HIS   0.089419   -0.171947
1194   MET   0.156284   0
1195   GLY   0.145265   0
1196   SER   0.288208   0
1197   SER   0.396573   0
1198   VAL   0.28314   0
1199   PHE   0.381772   0
1200   SER   2.84996   0
1201   GLY   0.841679   0
1202   ILE   0.184432   0
1203   THR   -0.269542   0
1204   LEU   -0.994678   0
1205   THR   0.299402   0
1206   LYS   -0.0830705   -0.700602
1207   PHE   -0.221174   0
1208   GLY   -0.297332   0
1209   GLY   -0.106577   0
1225   TYR   0.0268171   0.10736
1229   TYR   0.0496162   0.232526
1239   HIS   -0.0104704   -0.14737
1239   HID   0.0482244   -0.253177
1272   ARG   0.0135052   -0.106164
SITE:  HIS- 641
 634   TYR   0.10624   0.537588
 635   ILE   0.165677   0
 636   SER   0.136972   0
 637   LEU   0.222326   0
 638   ALA   0.366896   0
 639   LEU   0.42725   0
 640   GLY   -0.0372984   0
 642   MET   -0.462417   0
 643   LYS   -0.242958   -1.1909
 645   CYS   0.0285476   0.147147
 647   ARG   -0.0398814   -0.385213
 648   LEU   0.122985   0
 651   ASP   0.0733924   0.9013
 653   LYS   -0.0635206   -1.34215
 700   ASP   0.093125   0.295372
 704   ILE   0.110101   0
 706   VAL   0.08414   0
 707   GLN   0.935925   0
 709   TYR   -0.148248   0.672115
 710   GLN   0.43446   0
 711   ARG   -0.13528   -0.543029
 712   ASP   0.0590978   0.42696
 713   GLU   0.00116892   0.328685
 714   ARG   -0.0836497   -0.200771
 726   ARG   0.029087   -0.234978
 730   GLU   -0.00430032   0.241085
 742   GLU   0.00433074   0.134432
 771   ASP   0.0185857   0.142442
 786   ASP   0.0611104   0.496152
 788   LYS   -0.0164937   -0.100205
 789   ARG   0.0122557   -0.339138
 791   GLU   -0.0637026   0.232929
 796   ASP   -0.0272944   0.334845
 806   ASP   0.0137344   0.118047
 811   GLN   0.209722   0
 812   ALA   -0.29919   0
 813   SER   0.920756   0
 814   GLU   -0.185173   0.463867
 815   SER   -0.493464   0
 816   CYS   -0.178833   0.434863
 817   LEU   -0.193791   0
 819   ARG   -0.147591   -0.164217
 822   LYS   -0.0502606   -0.213352
 825   TYR   -0.0375206   0.111703
1166   GLU   0.0127521   0.192963
1168   CYS   0.00972311   0.100795
1170   HIS   -0.0215846   -0.269038
1173   ARG   -0.00810935   -0.134761
1189   GLU   0.018675   0.12823
1193   HIS   0.126591   -0.262455
1197   SER   0.162535   0
1201   GLY   -0.0315652   0
1206   LYS   -0.0145673   -0.170552
1239   HID   0.0343896   -0.116795
1267   TYR   0.0029414   0.155856
1272   ARG   0.0403928   -0.233108
SITE:  LYS- 643
 634   TYR   0.0309474   0.159562
 639   LEU   0.132586   0
 640   GLY   -0.125472   0
 641   HIS   0.218428   -1.1909
 644   SER   -0.202188   0
 645   CYS   0.020805   0.165951
 647   ARG   -0.270254   -0.888478
 651   ASP   0.146434   1.3752
 653   LYS   -0.0278508   -0.829184
 700   ASP   0.0306607   0.117117
 706   VAL   0.0899979   0
 707   GLN   0.216948   0
 709   TYR   0.0018698   0.824617
 710   GLN   0.668287   0
 711   ARG   -0.0283525   -0.315653
 712   ASP   0.138084   0.378743
 713   GLU   -0.000104737   0.502618
 714   ARG   -0.128806   -0.373165
 718   GLU   -0.0133709   0.105277
 726   ARG   0.024865   -0.204528
 730   GLU   -0.00989218   0.141915
 786   ASP   0.0899114   0.402865
 788   LYS   -0.000726944   -0.103154
 789   ARG   0.0449937   -0.344722
 791   GLU   -0.0730898   0.353038
 793   ASN   0.047586   0
 796   ASP   -0.0343068   0.245496
 802   ARG   -0.0115809   -0.101177
 805   GLU   -0.0779886   0.109783
 806   ASP   0.0346385   0.285018
 808   THR   0.180653   0
 809   SER   0.262306   0
 810   VAL   -0.473508   0
 811   GLN   1.80461   0
 812   ALA   -0.366647   0
 813   SER   0.784065   0
 814   GLU   -0.0278923   0.322412
 816   CYS   -0.05413   0.18834
 819   ARG   -0.0868302   -0.123073
 822   LYS   -0.028315   -0.139545
1170   HIS   -0.00615361   -0.114266
1193   HIS   0.050901   -0.147157
1267   TYR   0.00612448   0.109858
1272   ARG   0.0279002   -0.177844
SITE:  CYS- 645
 641   HIS   0.0653495   -0.147147
 643   LYS   -0.0591667   -0.165951
 644   SER   0.262684   0
 646   ARG   -0.362176   -0.478635
 647   ARG   -0.18953   -0.191794
 648   LEU   -0.289952   0
 651   ASP   -0.0856614   0.278456
 653   LYS   -0.0197527   -0.109532
 789   ARG   0.0290175   -0.114781
 796   ASP   -0.0535011   0.13921
 806   ASP   0.0108085   0.125901
SITE:  ARG- 646
 645   CYS   0.0387957   0.478635
 647   ARG   -0.183882   -0.236835
 651   ASP   -0.0240076   0.170762
 806   ASP   0.0520666   0.304372
SITE:  ARG- 647
 641   HIS   0.123484   -0.385213
 643   LYS   -0.165111   -0.888478
 644   SER   0.0581674   0
 645   CYS   0.0740143   0.191794
 646   ARG   0.0909402   -0.236835
 650   VAL   -0.254679   0
 651   ASP   0.328746   1.69415
 653   LYS   -0.0180574   -0.553835
 709   TYR   -0.0373985   0.643563
 711   ARG   -0.0174912   -0.119437
 712   ASP   0.0671986   0.194447
 713   GLU   0.00447523   0.266211
 714   ARG   -0.0102962   -0.335688
 726   ARG   0.00623836   -0.117981
 786   ASP   0.157915   0.444664
 787   ILE   0.135988   0
 788   LYS   0.00713067   -0.133773
 789   ARG   0.229559   -0.605297
 790   GLN   0.361654   0
 791   GLU   -0.0757452   0.517161
 792   LYS   -0.0898318   -0.208852
 793   ASN   1.35714   0
 794   ARG   0.196255   -0.22909
 796   ASP   -0.0770338   0.335203
 799   CYS   -0.00493533   0.149528
 802   ARG   -0.0746191   -0.331251
 803   GLY   -0.199608   0
 804   ALA   0.565452   0
 805   GLU   -0.400211   0.396915
 806   ASP   0.209104   0.892159
 807   GLY   -0.0582857   0
 808   THR   0.4895   0
 810   VAL   -0.170981   0
 811   GLN   0.189898   0
SITE:  ASP- 651
 634   TYR   0.0496259   0.171608
 636   SER   0.170882   0
 637   LEU   0.120285   0
 639   LEU   0.128849   0
 640   GLY   -0.361705   0
 641   HIS   0.638982   -0.9013
 642   MET   -0.161358   0
 643   LYS   -0.612893   -1.3752
 644   SER   0.265342   0
 645   CYS   0.106579   0.278456
 646   ARG   -0.197904   -0.170762
 647   ARG   -0.0158631   -1.69415
 648   LEU   0.54008   0
 650   VAL   -0.266686   0
 652   SER   -0.151671   0
 653   LYS   -0.072155   -1.07863
 700   ASP   0.0290092   0.116704
 707   GLN   0.168682   0
 709   TYR   -0.105126   0.782198
 710   GLN   0.259689   0
 711   ARG   -0.0397831   -0.185139
 712   ASP   0.0737068   0.259253
 713   GLU   0.00920104   0.274827
 714   ARG   -0.0933347   -0.254601
 721   ASP   0.000341132   0.105537
 726   ARG   0.0130437   -0.150816
 730   GLU   -0.00943174   0.101251
 786   ASP   0.229272   0.76583
 787   ILE   0.104224   0
 788   LYS   -0.00686721   -0.144961
 789   ARG   0.240966   -0.977652
 790   GLN   -0.101956   0
 791   GLU   -0.122244   0.424873
 792   LYS   -0.0895601   -0.166401
 793   ASN   0.166988   0
 794   ARG   0.224836   -0.195375
 796   ASP   -0.181282   0.701013
 799   CYS   -0.0174136   0.214369
 802   ARG   -0.0723932   -0.18933
 803   GLY   -0.140195   0
 804   ALA   0.23974   0
 805   GLU   -0.144686   0.186969
 806   ASP   0.0167764   0.458688
 808   THR   0.209231   0
 810   VAL   -0.157838   0
 811   GLN   0.247327   0
 813   SER   0.18147   0
 814   GLU   -0.0297478   0.150102
 816   CYS   -0.0474524   0.125703
1272   ARG   0.0107008   -0.108089
SITE:  LYS- 653
 332   GLU   0.0159424   0.118523
 346   CYS   -0.037107   0.263638
 628   TYR   0.0310681   0.13276
 634   TYR   0.0575222   0.394058
 635   ILE   0.192121   0
 636   SER   0.280052   0
 637   LEU   0.135484   0
 639   LEU   0.820914   0
 640   GLY   -0.274616   0
 641   HIS   -0.0821085   -1.34215
 643   LYS   -0.121919   -0.829184
 645   CYS   0.037687   0.109532
 647   ARG   0.122705   -0.553835
 648   LEU   0.207732   0
 650   VAL   0.189281   0
 651   ASP   0.290928   1.07863
 652   SER   0.252656   0
 654   VAL   -0.2426   0
 656   LEU   -0.353194   0
 657   GLY   -0.119426   0
 660   GLY   -0.0994437   0
 698   GLY   0.0730171   0
 699   VAL   0.0934986   0
 700   ASP   0.11691   0.395851
 702   ILE   0.217644   0
 703   PHE   0.215654   0
 704   ILE   0.105142   0
 705   LEU   0.0336222   0
 706   VAL   0.300774   0
 707   GLN   0.72571   0
 709   TYR   -0.753986   1.75254
 710   GLN   -0.828102   0
 711   ARG   -0.175234   -0.458076
 712   ASP   0.046269   0.611697
 713   GLU   -0.00469694   0.401548
 714   ARG   -0.133986   -0.286644
 718   GLU   -0.0344275   0.174604
 721   ASP   0.00606361   0.24457
 726   ARG   0.0145021   -0.36133
 730   GLU   -0.0336169   0.302553
 742   GLU   0.00418742   0.193106
 771   ASP   0.0545277   0.276736
 778   CYS   0.0154693   0.268149
 780   VAL   0.132992   0
 783   LEU   0.0971921   0
 784   GLY   0.0438004   0
 786   ASP   0.192083   2.08642
 787   ILE   -0.126973   0
 788   LYS   -0.0583778   -0.29757
 789   ARG   -0.169331   -0.871778
 791   GLU   -0.178386   0.515279
 792   LYS   -0.0726433   -0.17502
 793   ASN   0.000101962   0
 794   ARG   0.0919676   -0.145031
 796   ASP   0.0613767   0.935349
 799   CYS   -0.0147312   0.27372
 802   ARG   -0.0163717   -0.110737
 806   ASP   0.0258458   0.13467
 810   VAL   -0.0155783   0
 812   ALA   -0.186255   0
 813   SER   0.302544   0
 814   GLU   -0.133569   0.227631
 816   CYS   -0.0490625   0.15772
 822   LYS   -0.0299806   -0.130287
1166   GLU   0.00448342   0.237483
1168   CYS   0.00943251   0.112594
1170   HIS   -0.0266126   -0.323097
1173   ARG   -0.00618571   -0.173891
1189   GLU   0.0124825   0.118816
1193   HIS   0.091689   -0.231132
1201   GLY   -0.0356938   0
1206   LYS   -0.0145671   -0.203118
1239   HID   0.0400807   -0.114569
1266   ARG   -0.0151979   -0.130029
1267   TYR   0.00497953   0.188318
1272   ARG   0.0228416   -0.244636
SITE:  CYS- 670
 346   CYS   0.00571371   0.192149
 357   SER   0.37473   0
 358   LEU   0.252404   0
 359   VAL   0.115178   0
 360   PHE   0.304506   0
 361   ILE   0.459816   0
 362   THR   0.232399   0
 363   ALA   -0.258331   0
 364   CYS   -1.88515   2.82594
 365   SER   -0.767806   0
 366   SER   -0.169661   0
 367   GLY   -0.173215   0
 372   ARG   0.100267   -0.113036
 628   TYR   0.0119028   0.387782
 660   GLY   0.06935   0
 661   ILE   0.118707   0
 662   LEU   0.144844   0
 663   ILE   0.362275   0
 664   VAL   0.294948   0
 665   LEU   0.207304   0
 666   SER   0.694924   0
 667   SER   0.898516   0
 668   VAL   0.373264   0
 671   SER   -0.448964   0
 672   LEU   -0.196853   0
 673   GLY   -0.547624   0
 674   VAL   -0.439882   0
 676   SER   -0.222206   0
 677   TYR   -0.169484   0.176524
 688   GLU   0.028748   0.163403
 691   PRO   0.0410625   0
 700   ASP   -0.0375133   0.241128
 742   GLU   -0.00382815   0.29285
 763   PHE   0.179413   0
 765   GLY   0.05409   0
 766   LEU   0.131708   0
 767   ALA   0.180843   0
 768   VAL   0.0503908   0
 770   ILE   -0.393662   0
 771   ASP   -0.0112316   0.952291
 773   LEU   -0.188453   0
 774   LEU   -0.32508   0
 778   CYS   -0.154385   0.538079
1161   CYS   -0.00398211   0.105129
1166   GLU   -0.0195264   0.209139
1170   HIS   -0.0163317   -0.132905
1206   LYS   -0.00193439   -0.19353
1225   TYR   0.0087054   0.145347
1229   TYR   0.010183   0.188758
SITE:  TYR- 677
 364   CYS   0.0908816   0.341185
 372   ARG   0.0686778   -0.161289
 670   CYS   0.079318   0.176524
 674   VAL   0.158048   0
 678   ILE   -0.302926   0
SITE:  GLU- 688
 379   ASP   -0.0235439   0.100461
 610   GLU   0.0239974   0.172886
 611   ASP   0.0269822   0.1367
 612   GLU   0.0503361   0.201073
 613   LEU   0.132764   0
 614   ASN   0.212848   0
 615   ARG   -0.0274673   -0.18906
 616   GLU   0.130526   0.535748
 617   SER   0.667142   0
 618   ASP   -0.0119449   0.670159
 619   SER   -0.28599   0
 620   ASP   0.506256   2.56172
 621   VAL   -0.119312   0
 623   THR   -0.834514   0
 624   VAL   -0.822519   0
 625   VAL   -0.097419   0
 627   SER   -0.29885   0
 628   TYR   -0.0735076   0.897524
 634   TYR   -0.0378142   0.100661
 670   CYS   -0.036758   0.163403
 684   LEU   0.504246   0
 685   ILE   0.646617   0
 686   VAL   0.279766   0
 687   ILE   -0.00986943   0
 689   VAL   -0.497056   0
 690   ILE   -0.179467   0
 691   PRO   -0.383708   0
 692   PHE   -0.29341   0
 700   ASP   -0.0495276   0.182134
 742   GLU   0.0169051   0.215573
 758   HIS   0.030557   -0.118001
 771   ASP   -0.051591   0.25693
 861   ASP   -0.0118465   0.120684
 868   ASP   -0.048791   0.100574
 869   ASP   -0.00355253   0.116045
1088   TYR   0.00295687   0.137956
1091   TYR   -0.00184425   0.172364
1161   CYS   -0.0192129   0.150656
1166   GLU   0.00526769   0.22341
1206   LYS   0.0442562   -0.297067
1209   GLY   0.0391724   0
1213   LEU   -0.0310217   0
1216   ALA   -0.27108   0
1217   LYS   -0.189295   -0.297699
1225   TYR   -0.110524   0.82239
1227   ARG   -0.035658   -0.164458
1229   TYR   -0.119397   0.787174
SITE:  ASP- 700
 332   GLU   0.019335   0.297289
 336   ARG   -0.0323297   -0.145209
 346   CYS   -0.0298273   0.249976
 364   CYS   -0.0367612   0.110537
 620   ASP   0.0285478   0.120455
 628   TYR   0.0045206   0.523597
 634   TYR   -0.208704   0.743593
 641   HIS   -0.0396948   -0.295372
 643   LYS   -0.0143401   -0.117117
 651   ASP   0.0189611   0.116704
 653   LYS   0.0536863   -0.395851
 657   GLY   0.0848143   0
 660   GLY   0.120746   0
 661   ILE   0.0777088   0
 664   VAL   -0.0576748   0
 670   CYS   -0.0877954   0.241128
 688   GLU   0.0350739   0.182134
 690   ILE   0.145065   0
 691   PRO   0.157217   0
 692   PHE   0.154186   0
 693   LEU   0.295786   0
 694   VAL   0.311864   0
 695   LEU   0.431725   0
 696   ALA   0.882831   0
 697   VAL   1.25633   0
 698   GLY   0.364563   0
 699   VAL   0.0633621   0
 701   ASN   -0.866742   0
 702   ILE   -0.223579   0
 703   PHE   -0.548116   0
 704   ILE   -0.570201   0
 705   LEU   -0.187809   0
 706   VAL   -0.179082   0
 707   GLN   -0.283208   0
 708   ALA   -0.143015   0
 709   TYR   -0.0987064   0.222093
 711   ARG   -0.138341   -0.400984
 712   ASP   -0.0330152   0.276573
 726   ARG   0.0295245   -0.214259
 730   GLU   0.0373465   0.457058
 731   VAL   0.113018   0
 732   ALA   0.158125   0
 733   PRO   0.0320675   0
 734   SER   0.00541347   0
 735   MET   0.288746   0
 737   LEU   -0.113963   0
 738   SER   -0.95404   0
 739   SER   -0.210756   0
 741   SER   -0.355468   0
 742   GLU   0.23788   2.37313
 743   THR   -0.162589   0
 765   GLY   0.0983156   0
 768   VAL   0.142656   0
 771   ASP   -0.0792832   1.32945
 775   GLN   0.174178   0
 778   CYS   -0.0913131   0.297654
 786   ASP   -0.0446656   0.236618
 789   ARG   -0.0336738   -0.112183
 796   ASP   0.0169716   0.137199
 814   GLU   -0.0724586   0.123462
 816   CYS   -0.0128221   0.10365
 822   LYS   -0.0131121   -0.112352
 825   TYR   -0.0534025   0.316251
1120   GLU   0.0222298   0.182447
1128   CYS   0.0525176   0.29246
1159   MET   0.20454   0
1160   SER   0.141018   0
1161   CYS   0.0564516   0.494157
1162   GLY   0.127886   0
1163   ILE   0.255904   0
1164   SER   0.0537589   0
1165   VAL   -0.00728153   0
1166   GLU   -0.784889   3.87724
1167   PHE   0.174346   0
1168   CYS   0.00852457   0.872007
1169   SER   -0.349956   0
1170   HIS   -0.323874   -2.49662
1173   ARG   -0.144775   -0.629504
1186   ARG   0.0115519   -0.136171
1188   GLU   0.0153201   0.100693
1189   GLU   0.0117129   0.201265
1193   HIS   0.0714671   -0.331613
1194   MET   0.22937   0
1195   GLY   0.128621   0
1197   SER   -0.00503578   0
1198   VAL   0.197006   0
1201   GLY   -0.451925   0
1202   ILE   -0.396658   0
1203   THR   -0.0413257   0
1205   THR   -0.468423   0
1206   LYS   -0.113325   -2.4373
1209   GLY   -0.133131   0
1225   TYR   0.0606095   0.266791
1229   TYR   0.12663   0.573301
1233   VAL   0.0659684   0
1236   GLY   -0.0656944   0
1239   HIS   -0.036228   -0.343568
1239   HID   0.30533   -0.730329
1240   GLY   -0.0757964   0
1245   PRO   -0.0432854   0
1259   LYS   2.55852e-05   -0.246272
1266   ARG   -0.0355422   -0.152253
1267   TYR   -0.00984749   0.216039
1272   ARG   0.0134132   -0.208567
SITE:  TYR- 709
 332   GLU   0.0150359   0.122234
 336   ARG   0.00180848   -0.108494
 346   CYS   -0.050129   0.262178
 348   ARG   -0.0322522   -0.126562
 634   TYR   0.013506   0.163219
 639   LEU   0.167743   0
 641   HIS   0.0426859   -0.672115
 643   LYS   -0.0608653   -0.824617
 647   ARG   0.181827   -0.643563
 650   VAL   0.100273   0
 651   ASP   0.0721238   0.782198
 653   LYS   0.0329849   -1.75254
 700   ASP   0.0585175   0.222093
 702   ILE   0.111614   0
 705   LEU   0.140093   0
 706   VAL   0.293052   0
 707   GLN   0.298364   0
 710   GLN   -0.506945   0
 711   ARG   -0.160355   -0.474164
 712   ASP   0.324806   1.08639
 713   GLU   0.0026748   0.842574
 714   ARG   -0.424048   -0.666604
 718   GLU   -0.107047   0.398742
 719   THR   0.185076   0
 720   LEU   0.0959339   0
 721   ASP   0.000901455   0.462883
 723   GLN   0.237789   0
 724   LEU   -0.1145   0
 726   ARG   0.0428943   -0.669904
 727   VAL   -0.192053   0
 730   GLU   -0.060586   0.32775
 742   GLU   0.0010946   0.117207
 771   ASP   0.0342843   0.153113
 778   CYS   0.0340637   0.179619
 780   VAL   0.159987   0
 783   LEU   0.16937   0
 784   GLY   0.120116   0
 786   ASP   -0.0243556   1.04215
 787   ILE   -0.266996   0
 788   LYS   -0.0566384   -0.441933
 789   ARG   -0.0879978   -0.565493
 790   GLN   0.35282   0
 791   GLU   -0.354915   1.26548
 792   LYS   -0.102108   -0.243698
 793   ASN   -0.0174224   0
 794   ARG   0.0830525   -0.153126
 796   ASP   0.00361774   0.35078
 799   CYS   -0.00475541   0.167806
 802   ARG   0.000187191   -0.154981
 805   GLU   -0.0757555   0.133754
 806   ASP   0.0620242   0.153032
 809   SER   -0.167154   0
 810   VAL   0.129983   0
 812   ALA   -0.224283   0
 813   SER   0.245922   0
 814   GLU   -0.116502   0.211449
 822   LYS   -0.0238487   -0.129456
1166   GLU   0.00426945   0.137304
1170   HIS   -0.00867737   -0.224188
1173   ARG   0.000470913   -0.154426
1189   GLU   0.0137314   0.120281
1193   HIS   0.060151   -0.229201
1206   LYS   -0.00628752   -0.107455
1266   ARG   0.000437917   -0.179358
1267   TYR   0.0173754   0.244511
1271   GLU   -0.0199575   0.112992
1272   ARG   0.0301999   -0.339967
SITE:  ARG- 711
 332   GLU   0.0436695   0.401248
 336   ARG   -0.110668   -0.24502
 346   CYS   -0.0257624   0.119738
 634   TYR   -0.00441829   0.253793
 641   HIS   -0.0776968   -0.543029
 643   LYS   -0.00124484   -0.315653
 647   ARG   0.00555828   -0.119437
 651   ASP   0.0274838   0.185139
 653   LYS   0.0094287   -0.458076
 700   ASP   0.105297   0.400984
 701   ASN   0.170102   0
 704   ILE   0.204072   0
 705   LEU   0.168067   0
 706   VAL   0.0947713   0
 707   GLN   0.0181774   0
 708   ALA   0.234792   0
 709   TYR   0.11637   0.474164
 710   GLN   -0.188632   0
 712   ASP   -0.566218   1.15071
 713   GLU   0.0191651   0.452347
 714   ARG   -0.0716838   -0.200691
 718   GLU   -0.0284808   0.20382
 721   ASP   0.00920075   0.112865
 723   GLN   -0.0882985   0
 726   ARG   0.0634675   -0.711227
 727   VAL   0.0300378   0
 730   GLU   0.103971   1.14483
 731   VAL   -0.0443586   0
 733   PRO   -0.0654255   0
 734   SER   -0.164187   0
 742   GLU   -0.00623826   0.212136
 771   ASP   0.0115056   0.152276
 786   ASP   -0.0101879   0.195807
 789   ARG   -0.013994   -0.1053
 791   GLU   -0.0235478   0.145986
 813   SER   0.203634   0
 814   GLU   -0.36256   0.717922
 816   CYS   0.034846   0.173884
 819   ARG   0.0271246   -0.177904
 822   LYS   -0.116495   -0.782258
 825   TYR   -0.0980882   0.227374
1120   GLU   0.0240841   0.17992
1166   GLU   0.0491167   0.285143
1168   CYS   0.0519423   0.261364
1170   HIS   0.0272178   -0.668688
1171   ILE   0.0798157   0
1173   ARG   -0.00356629   -0.510907
1177   VAL   0.120443   0
1180   LYS   -0.0162732   -0.348492
1185   GLU   0.0427983   0.159506
1186   ARG   0.0434788   -0.242915
1188   GLU   0.0472384   0.338349
1189   GLU   0.153876   0.795655
1190   ALA   0.20903   0
1191   LEU   0.140109   0
1193   HIS   0.775449   -2.73145
1194   MET   0.199109   0
1195   GLY   -0.0794806   0
1196   SER   -0.493634   0
1197   SER   -0.257802   0
1206   LYS   -0.0191655   -0.207259
1239   HID   0.11914   -0.307754
1259   LYS   0.0246953   -0.287899
1264   GLU   -0.0045228   0.125317
1266   ARG   -0.142641   -0.323254
1267   TYR   -0.0337656   0.798258
1271   GLU   -0.022901   0.169129
1272   ARG   0.25635   -1.1888
1273   GLU   -0.0014978   0.110178
1278   PHE   -0.00234018   0.15963
SITE:  ASP- 712
 332   GLU   0.0355156   0.341249
 336   ARG   -0.0612114   -0.307194
 337   ARG   0.030144   -0.109577
 346   CYS   -0.0499916   0.197984
 348   ARG   -0.043831   -0.106544
 634   TYR   0.00102592   0.152056
 641   HIS   -0.017615   -0.42696
 643   LYS   -0.0334274   -0.378743
 647   ARG   0.0297332   -0.194447
 651   ASP   0.0293322   0.259253
 653   LYS   0.0219776   -0.611697
 700   ASP   0.0744357   0.276573
 704   ILE   0.148381   0
 705   LEU   0.238833   0
 706   VAL   0.189786   0
 707   GLN   0.222846   0
 708   ALA   0.697972   0
 709   TYR   0.646302   1.08639
 710   GLN   -0.175484   0
 711   ARG   -0.152648   -1.15071
 713   GLU   -0.262616   1.2011
 714   ARG   -0.234797   -0.577036
 718   GLU   -0.170394   0.701634
 720   LEU   0.210614   0
 721   ASP   0.00849435   0.30992
 723   GLN   -1.41489   0
 724   LEU   0.21779   0
 725   GLY   0.00128098   0
 726   ARG   0.918785   -4.0022
 727   VAL   -0.306884   0
 729   GLY   -0.13601   0
 730   GLU   -0.211136   1.11201
 731   VAL   -0.122843   0
 733   PRO   -0.0586071   0
 742   GLU   -0.001926   0.153824
 771   ASP   0.021998   0.14294
 778   CYS   0.00441766   0.113565
 786   ASP   -0.0288567   0.306989
 788   LYS   -0.0297776   -0.173015
 789   ARG   -0.0244131   -0.162669
 791   GLU   -0.0299562   0.364115
 796   ASP   0.00415411   0.120172
 810   VAL   0.131325   0
 812   ALA   -0.150343   0
 813   SER   0.176679   0
 814   GLU   -0.185226   0.345963
 822   LYS   -0.0348628   -0.294138
1120   GLU   0.0160875   0.124032
1166   GLU   0.0154511   0.182312
1168   CYS   0.0237009   0.145547
1170   HIS   0.0184582   -0.394036
1173   ARG   0.0235203   -0.372797
1180   LYS   -0.00380262   -0.149203
1186   ARG   0.00428229   -0.130865
1188   GLU   0.00516036   0.1247
1189   GLU   0.03808   0.369029
1193   HIS   0.0752575   -0.694456
1206   LYS   -0.00919239   -0.131811
1239   HID   0.061363   -0.147758
1259   LYS   0.0280354   -0.216256
1264   GLU   0.00689681   0.114774
1266   ARG   -0.0794051   -0.547571
1267   TYR   0.0930141   0.975802
1271   GLU   -0.0820412   0.289024
1272   ARG   0.16834   -1.47395
1273   GLU   -0.0283408   0.131757
SITE:  GLU- 713
 332   GLU   0.0102423   0.10148
 641   HIS   -0.00429753   -0.328685
 643   LYS   -0.0211058   -0.502618
 647   ARG   0.0165207   -0.266211
 651   ASP   0.0309222   0.274827
 653   LYS   0.0024207   -0.401548
 709   TYR   0.292313   0.842574
 710   GLN   0.090696   0
 711   ARG   0.0216229   -0.452347
 712   ASP   -0.177423   1.2011
 714   ARG   -1.73656   -1.78603
 715   LEU   0.193317   0
 718   GLU   -0.0687573   0.344163
 721   ASP   -0.00394688   0.149947
 723   GLN   -0.262906   0
 726   ARG   0.14258   -0.70822
 730   GLU   -0.0286394   0.280986
 786   ASP   0.0129121   0.211044
 788   LYS   -0.0095038   -0.104406
 789   ARG   0.000865741   -0.141519
 791   GLU   -0.0517298   0.391212
 809   SER   -0.19373   0
 810   VAL   0.590412   0
 811   GLN   -0.557468   0
 812   ALA   -0.217363   0
 814   GLU   -0.120157   0.298889
 822   LYS   -0.0117764   -0.219499
1170   HIS   0.00304627   -0.129835
1173   ARG   0.00710098   -0.110658
1189   GLU   0.0146652   0.15373
1193   HIS   0.0325726   -0.272024
1266   ARG   -0.0283144   -0.156663
1267   TYR   0.0351766   0.310655
1271   GLU   -0.0298409   0.394149
1272   ARG   0.0769748   -0.564339
SITE:  ARG- 714
 641   HIS   0.0119047   -0.200771
 643   LYS   -0.0226944   -0.373165
 647   ARG   0.0531315   -0.335688
 651   ASP   0.0359376   0.254601
 653   LYS   -0.00707504   -0.286644
 709   TYR   0.139862   0.666604
 711   ARG   -0.0232137   -0.200691
 712   ASP   0.125376   0.577036
 713   GLU   0.0763486   1.78603
 718   GLU   0.00311924   0.295749
 719   THR   0.14886   0
 721   ASP   -0.00575325   0.143717
 726   ARG   0.0655082   -0.408077
 730   GLU   -0.0193157   0.140241
 786   ASP   0.0247396   0.180154
 788   LYS   -0.00322669   -0.106589
 789   ARG   0.0175003   -0.135744
 791   GLU   -0.027418   0.494608
 806   ASP   0.0475712   0.109003
 809   SER   -0.788386   0
 810   VAL   0.391818   0
 811   GLN   -0.1884   0
 814   GLU   -0.0530012   0.13168
1193   HIS   0.0149705   -0.120703
1267   TYR   0.0236126   0.159899
1271   GLU   -0.0113032   0.253551
1272   ARG   0.0118348   -0.253774
SITE:  GLU- 718
 332   GLU   0.0189155   0.147734
 336   ARG   0.0491584   -0.25767
 337   ARG   0.0242994   -0.113545
 341   ARG   0.0147295   -0.123043
 346   CYS   -0.0408026   0.133785
 348   ARG   -0.0697596   -0.20831
 643   LYS   -0.00708207   -0.105277
 653   LYS   0.00500054   -0.174604
 709   TYR   0.0583255   0.398742
 711   ARG   -0.0492268   -0.20382
 712   ASP   0.0860283   0.701634
 713   GLU   0.0958852   0.344163
 714   ARG   -0.7018   -0.295749
 715   LEU   -0.430557   0
 716   GLN   -0.372064   0
 717   GLY   -0.24642   0
 720   LEU   0.225409   0
 721   ASP   -0.0847521   0.494316
 722   GLN   -0.556717   0
 725   GLY   -0.182175   0
 726   ARG   -0.521695   -1.32777
 730   GLU   -0.0887754   0.317755
 786   ASP   -0.00927173   0.126589
 788   LYS   -0.0226383   -0.170334
 791   GLU   0.0169808   0.316155
1170   HIS   0.00717983   -0.103333
1173   ARG   0.0186834   -0.128718
1189   GLU   0.00673596   0.108446
1193   HIS   0.00695534   -0.162559
1266   ARG   0.155117   -0.545908
1267   TYR   0.0780058   0.43743
1271   GLU   -0.0847802   0.197472
1272   ARG   -0.117448   -0.363499
1273   GLU   -0.03326   0.117031
SITE:  ASP- 721
 336   ARG   0.0437719   -0.11092
 340   THR   0.105469   0
 341   ARG   0.120961   -0.160885
 343   GLY   0.120712   0
 344   SER   -0.0575134   0
 346   CYS   -0.121877   0.509909
 347   VAL   -0.297097   0
 348   ARG   -0.302003   -0.897277
 350   PRO   -0.0589841   0
 352   CYS   -0.0597428   0.126222
 651   ASP   0.0137091   0.105537
 653   LYS   0.00768527   -0.24457
 709   TYR   0.0122082   0.462883
 711   ARG   -0.045412   -0.112865
 712   ASP   0.02185   0.30992
 713   GLU   0.0110465   0.149947
 714   ARG   -0.157982   -0.143717
 718   GLU   -0.317978   0.494316
 719   THR   -1.04243   0
 720   LEU   -0.318105   0
 722   GLN   -0.47221   0
 723   GLN   -0.118936   0
 724   LEU   -0.423086   0
 725   GLY   -0.26551   0
 726   ARG   -0.0743041   -0.374559
 730   GLU   -0.0529597   0.163038
 778   CYS   0.0632162   0.172477
 780   VAL   0.125011   0
 781   SER   0.0848021   0
 784   GLY   0.0503783   0
 786   ASP   -0.0854221   0.301184
 787   ILE   -0.155271   0
 788   LYS   -0.0450418   -1.63233
 789   ARG   -0.0347106   -0.168522
 791   GLU   0.0436541   0.553121
 792   LYS   -0.0346856   -0.274729
1266   ARG   0.0379853   -0.193232
1267   TYR   0.013566   0.128962
1272   ARG   -0.0119253   -0.120442
SITE:  ARG- 726
 332   GLU   0.039723   0.386139
 336   ARG   -0.0210381   -0.464467
 337   ARG   0.0481719   -0.171718
 340   THR   -0.128179   0
 341   ARG   0.0256249   -0.138927
 346   CYS   -0.0635354   0.211463
 348   ARG   -0.077947   -0.150256
 634   TYR   -0.00242594   0.100348
 641   HIS   -0.0128385   -0.234978
 643   LYS   -0.021756   -0.204528
 647   ARG   0.0226462   -0.117981
 651   ASP   0.0192012   0.150816
 653   LYS   0.0125775   -0.36133
 700   ASP   0.0531797   0.214259
 705   LEU   0.127278   0
 706   VAL   0.0898959   0
 708   ALA   0.170133   0
 709   TYR   0.153651   0.669904
 711   ARG   -0.192563   -0.711227
 712   ASP   0.921652   4.0022
 713   GLU   0.546413   0.70822
 714   ARG   -0.562564   -0.408077
 715   LEU   -0.240313   0
 716   GLN   -0.199532   0
 718   GLU   -0.159081   1.32777
 720   LEU   0.243496   0
 721   ASP   0.0409774   0.374559
 722   GLN   0.25916   0
 723   GLN   -0.449783   0
 724   LEU   0.310105   0
 725   GLY   0.0664023   0
 727   VAL   -0.550108   0
 729   GLY   -0.266102   0
 730   GLU   -0.359466   1.10021
 731   VAL   -0.123822   0
 733   PRO   -0.0702032   0
 742   GLU   -0.0030821   0.127629
 771   ASP   0.0185311   0.118425
 778   CYS   0.00757914   0.10159
 786   ASP   -0.0350506   0.211369
 788   LYS   -0.024528   -0.165591
 789   ARG   -0.0190664   -0.108301
 791   GLU   -0.0162569   0.277298
 814   GLU   -0.0996604   0.214036
 822   LYS   -0.0131985   -0.207502
1120   GLU   0.0180025   0.128569
1166   GLU   0.011297   0.143074
1168   CYS   0.0202062   0.123422
1170   HIS   0.0266726   -0.313855
1173   ARG   0.0478217   -0.36756
1180   LYS   -0.00397496   -0.130104
1186   ARG   -0.0038213   -0.126076
1188   GLU   -0.000273398   0.101865
1189   GLU   0.0210869   0.337671
1193   HIS   0.0162307   -0.54206
1206   LYS   -0.00719441   -0.101732
1239   HID   0.0533388   -0.120311
1259   LYS   0.0372389   -0.231842
1264   GLU   0.0181792   0.140531
1265   GLU   -0.0226662   0.116575
1266   ARG   -0.00520259   -0.973665
1267   TYR   0.164982   1.25867
1271   GLU   -0.112199   0.307027
1272   ARG   -0.114741   -1.32842
1273   GLU   -0.0419048   0.170995
SITE:  GLU- 730
 325   ASP   0.0376394   0.155564
 332   GLU   0.116915   1.20669
 333   GLY   0.0303871   0
 334   CYS   0.026658   0.185238
 336   ARG   -0.461129   -0.788759
 337   ARG   0.0533374   -0.241775
 341   ARG   -0.0309261   -0.114942
 346   CYS   -0.0488682   0.202548
 634   TYR   -0.0151929   0.165771
 641   HIS   -0.0344373   -0.241085
 643   LYS   -0.0040404   -0.141915
 651   ASP   0.0155246   0.101251
 653   LYS   0.0117448   -0.302553
 700   ASP   0.106536   0.457058
 701   ASN   0.214208   0
 704   ILE   0.121369   0
 705   LEU   0.144202   0
 709   TYR   0.0113805   0.32775
 711   ARG   -0.379966   -1.14483
 712   ASP   -0.0767511   1.11201
 713   GLU   0.0676788   0.280986
 714   ARG   -0.0753009   -0.140241
 718   GLU   -0.0206914   0.317755
 721   ASP   0.0295904   0.163038
 722   GLN   0.165594   0
 723   GLN   0.0497045   0
 724   LEU   0.213882   0
 725   GLY   0.206347   0
 726   ARG   0.299209   -1.10021
 727   VAL   0.559366   0
 728   LEU   0.197126   0
 729   GLY   0.0182653   0
 731   VAL   -0.588568   0
 733   PRO   -0.250522   0
 734   SER   -0.23772   0
 742   GLU   -0.0156989   0.291032
 771   ASP   0.0177267   0.202334
 778   CYS   -0.00994833   0.116965
 786   ASP   -0.0253332   0.160596
 791   GLU   -0.015175   0.11516
 814   GLU   -0.107448   0.237491
 822   LYS   -0.0249137   -0.274258
 825   TYR   -0.0511192   0.16344
1119   CYS   -0.064926   0.1251
1120   GLU   0.0545923   0.401259
1128   CYS   0.00876714   0.133692
1161   CYS   0.025589   0.103675
1166   GLU   0.0463276   0.330246
1168   CYS   0.0679318   0.351005
1169   SER   0.164834   0
1170   HIS   0.142828   -0.861587
1171   ILE   0.134505   0
1173   ARG   0.220498   -1.26085
1177   VAL   0.15982   0
1179   MET   -0.19512   0
1180   LYS   -0.000888693   -0.274131
1183   ARG   0.0380754   -0.107872
1185   GLU   0.0166639   0.146682
1186   ARG   -0.0201679   -0.357057
1188   GLU   -0.015589   0.222283
1189   GLU   0.0118587   0.816507
1193   HIS   -0.00718266   -1.18599
1194   MET   -0.111288   0
1195   GLY   -0.0308614   0
1196   SER   -0.179223   0
1197   SER   -0.262544   0
1206   LYS   -0.0153038   -0.221111
1239   HIS   0.01383   -0.101811
1239   HID   0.166367   -0.336041
1259   LYS   0.0816323   -0.719398
1260   SER   0.077022   0
1261   CYS   0.0211791   0.180471
1264   GLU   -0.00923555   0.234367
1265   GLU   -0.0761354   0.161107
1266   ARG   -0.446346   -0.999987
1267   TYR   -0.149506   1.77184
1271   GLU   -0.0289764   0.152025
1272   ARG   -0.0920145   -1.21166
1273   GLU   -0.0137138   0.161308
1278   PHE   -0.00587451   0.153061
SITE:  GLU- 742
 332   GLU   0.00786193   0.252477
 336   ARG   -0.0238914   -0.112188
 346   CYS   -0.0201892   0.186891
 364   CYS   -0.0388413   0.143154
 620   ASP   0.0292042   0.143866
 628   TYR   -0.028362   0.510693
 634   TYR   -0.0916424   0.331625
 641   HIS   -0.0164793   -0.134432
 653   LYS   0.0270464   -0.193106
 660   GLY   0.101337   0
 664   VAL   0.0101863   0
 670   CYS   -0.0967951   0.29285
 688   GLU   0.0200426   0.215573
 689   VAL   0.0903938   0
 690   ILE   0.177563   0
 691   PRO   0.148256   0
 693   LEU   0.201368   0
 694   VAL   0.236423   0
 695   LEU   0.176662   0
 697   VAL   -0.189422   0
 698   GLY   0.0596735   0
 699   VAL   -0.102279   0
 700   ASP   -0.326234   2.37313
 701   ASN   -0.517042   0
 704   ILE   -0.225956   0
 709   TYR   -0.0464667   0.117207
 711   ARG   -0.0680369   -0.212136
 712   ASP   -0.0178623   0.153824
 726   ARG   0.0214982   -0.127629
 730   GLU   0.0343299   0.291032
 731   VAL   0.0981258   0
 732   ALA   0.162754   0
 733   PRO   0.1079   0
 734   SER   0.199691   0
 735   MET   0.450891   0
 736   PHE   0.25302   0
 737   LEU   0.203162   0
 738   SER   0.552854   0
 739   SER   0.735844   0
 741   SER   -0.673938   0
 743   THR   -0.79852   0
 744   VAL   -0.245832   0
 745   ALA   -0.423502   0
 746   PHE   -0.25202   0
 749   GLY   -0.131216   0
 758   HIS   0.0852409   -0.153896
 761   SER   0.191757   0
 762   LEU   0.128596   0
 765   GLY   0.176195   0
 766   LEU   0.100352   0
 768   VAL   -0.0114743   0
 771   ASP   -0.318677   1.35256
 772   PHE   -0.180587   0
 778   CYS   -0.0833148   0.230599
 786   ASP   -0.0290783   0.129083
 825   TYR   -0.0299009   0.207563
1097   ASP   0.0432667   0.150055
1109   ILE   -0.00792832   0
1112   VAL   -0.105117   0
1119   CYS   -0.038877   0.106381
1120   GLU   0.0215497   0.182564
1128   CYS   0.101278   0.474672
1155   VAL   0.125714   0
1156   ASN   0.23539   0
1157   LEU   0.146817   0
1158   VAL   0.1841   0
1159   MET   0.520522   0
1160   SER   0.180869   0
1161   CYS   0.106065   1.02506
1162   GLY   0.445278   0
1163   ILE   0.0485422   0
1164   SER   -0.115342   0
1165   VAL   -0.447644   0
1166   GLU   -0.840609   3.43072
1168   CYS   -0.033112   1.03625
1169   SER   -0.461716   0
1170   HIS   -0.177162   -1.4309
1173   ARG   -0.142427   -0.564622
1186   ARG   0.00520416   -0.111571
1189   GLU   0.000820429   0.131506
1193   HIS   0.0200306   -0.190416
1195   GLY   0.0472524   0
1198   VAL   0.053128   0
1201   GLY   -0.0952659   0
1202   ILE   -0.0830735   0
1205   THR   -0.198244   0
1206   LYS   -0.0678921   -2.13775
1225   TYR   0.0836286   0.41003
1229   TYR   0.140613   0.820714
1233   VAL   0.0364423   0
1236   GLY   -0.0730925   0
1239   HIS   -0.0541724   -0.366515
1239   HID   0.28791   -0.616257
1240   GLY   -0.06313   0
1259   LYS   0.000321378   -0.22682
1266   ARG   -0.0268   -0.105938
1267   TYR   -0.00839571   0.139268
1272   ARG   0.00672436   -0.122879
SITE:  HIS- 758
 372   ARG   0.0429429   -0.106246
 379   ASP   0.0787663   0.305007
 380   LEU   0.127383   0
 383   ALA   -0.146622   0
 384   PRO   -0.115344   0
 389   ARG   0.0235337   -0.288439
 681   PRO   0.146928   0
 688   GLU   -0.0418646   0.118001
 742   GLU   0.0384852   0.153896
 746   PHE   0.141396   0
 747   PHE   0.145377   0
 749   GLY   0.144619   0
 750   ALA   0.153388   0
 752   SER   1.04289   0
 753   VAL   -0.16719   0
 754   MET   0.399409   0
 755   PRO   0.40868   0
 757   VAL   0.0279525   0
 759   THR   -0.265168   0
 761   SER   -0.512468   0
 762   LEU   -0.32413   0
 771   ASP   -0.0380424   0.109574
1088   TYR   0.00165303   0.121444
1089   GLU   -0.0289276   0.16586
1091   TYR   -0.00390231   0.218816
1096   ASP   -0.0147823   0.106692
1097   ASP   0.0666944   0.480292
1161   CYS   -0.0318437   0.222821
1166   GLU   -0.00882493   0.108289
1206   LYS   -0.00182005   -0.112734
1225   TYR   0.00361227   0.393054
1229   TYR   -0.00731477   0.266369
SITE:  ASP- 771
 332   GLU   0.0108341   0.142189
 346   CYS   -0.0196492   0.353678
 364   CYS   -0.145515   0.372573
 620   ASP   0.0282156   0.141537
 628   TYR   0.0222292   0.984434
 634   TYR   -0.100539   0.288898
 641   HIS   -0.013599   -0.142442
 653   LYS   0.0615641   -0.276736
 656   LEU   0.138562   0
 657   GLY   0.180328   0
 658   ILE   0.149435   0
 659   ALA   0.164395   0
 660   GLY   0.49374   0
 661   ILE   0.409234   0
 663   ILE   0.0187577   0
 664   VAL   -0.0306147   0
 665   LEU   0.0928172   0
 666   SER   -0.514753   0
 667   SER   -0.817369   0
 668   VAL   -0.0515838   0
 670   CYS   -0.410352   0.952291
 671   SER   -0.33309   0
 688   GLU   0.0662544   0.25693
 690   ILE   0.171811   0
 691   PRO   0.261977   0
 693   LEU   0.138964   0
 694   VAL   0.509131   0
 695   LEU   0.418892   0
 697   VAL   -0.318516   0
 698   GLY   -0.516534   0
 699   VAL   -0.0443576   0
 700   ASP   -0.243847   1.32945
 701   ASN   -0.909356   0
 702   ILE   -0.197853   0
 704   ILE   -0.158621   0
 705   LEU   -0.166541   0
 709   TYR   -0.0613165   0.153113
 711   ARG   -0.0571975   -0.152276
 712   ASP   -0.0135252   0.14294
 726   ARG   0.0172897   -0.118425
 730   GLU   -0.00363387   0.202334
 733   PRO   0.0290048   0
 735   MET   0.136599   0
 738   SER   -0.222646   0
 742   GLU   0.019547   1.35256
 743   THR   -0.187012   0
 758   HIS   0.0627507   -0.109574
 761   SER   0.143515   0
 762   LEU   0.131678   0
 763   PHE   0.176007   0
 764   ALA   0.314348   0
 765   GLY   0.227711   0
 766   LEU   0.28535   0
 767   ALA   0.819248   0
 768   VAL   0.685386   0
 769   PHE   0.218642   0
 770   ILE   0.0449164   0
 772   PHE   -0.626329   0
 773   LEU   -0.186782   0
 774   LEU   -0.63621   0
 775   GLN   -1.55958   0
 776   ILE   -0.187941   0
 777   THR   -0.184202   0
 778   CYS   -0.30735   0.714007
 779   PHE   -0.163416   0
 786   ASP   -0.0660738   0.234954
 789   ARG   -0.0452314   -0.111404
 796   ASP   0.0266992   0.141157
1128   CYS   0.0271691   0.140118
1161   CYS   0.00439693   0.309741
1162   GLY   0.00553919   0
1166   GLU   -0.0980034   0.991225
1168   CYS   -0.00200061   0.309186
1170   HIS   -0.0840508   -0.625709
1173   ARG   -0.0442571   -0.279277
1193   HIS   0.0190921   -0.120034
1201   GLY   -0.0293472   0
1206   LYS   -0.0380949   -0.86673
1225   TYR   0.0309054   0.278727
1229   TYR   0.0537923   0.50037
1239   HIS   -0.0195737   -0.128059
1239   HID   0.0886332   -0.22304
1259   LYS   0.00286934   -0.113449
SITE:  CYS- 778
 343   GLY   0.0565598   0
 346   CYS   0.071087   1.17792
 348   ARG   -0.0634611   -0.119171
 350   PRO   0.342986   0
 351   GLY   0.186652   0
 352   CYS   0.0174668   0.290258
 353   VAL   0.180372   0
 354   ILE   0.13227   0
 356   PHE   -0.208022   0
 357   SER   -0.915039   0
 358   LEU   -0.0646952   0
 360   PHE   -0.193566   0
 361   ILE   -0.204618   0
 364   CYS   -0.117026   0.272842
 628   TYR   0.0212237   0.211441
 653   LYS   0.0459705   -0.268149
 656   LEU   0.13431   0
 657   GLY   0.109259   0
 659   ALA   0.314963   0
 660   GLY   0.0663441   0
 663   ILE   -0.19198   0
 664   VAL   0.0232773   0
 666   SER   -0.419868   0
 670   CYS   -0.14705   0.538079
 698   GLY   0.036553   0
 700   ASP   0.00154286   0.297654
 709   TYR   -0.0449587   0.179619
 712   ASP   -0.00501842   0.113565
 721   ASP   0.00914367   0.172477
 726   ARG   0.00973688   -0.10159
 730   GLU   -0.0185644   0.116965
 742   GLU   0.00179051   0.230599
 770   ILE   0.177907   0
 771   ASP   0.313862   0.714007
 772   PHE   0.165423   0
 773   LEU   0.201558   0
 774   LEU   0.858512   0
 775   GLN   0.388273   0
 776   ILE   -0.00923746   0
 777   THR   -0.187655   0
 779   PHE   -0.36156   0
 780   VAL   -0.236068   0
 781   SER   -0.473624   0
 782   LEU   -0.36766   0
 784   GLY   -0.146695   0
 786   ASP   -0.156248   0.392075
 788   LYS   -0.0389126   -0.254298
 789   ARG   -0.108459   -0.195845
 796   ASP   0.0615559   0.204089
 799   CYS   0.00467632   0.182566
1166   GLU   -0.0151429   0.194958
1170   HIS   -0.0182951   -0.187856
1173   ARG   -0.00664103   -0.113847
1206   LYS   -0.0043462   -0.161506
SITE:  ASP- 786
 346   CYS   -0.0154288   0.334258
 348   ARG   -0.0244392   -0.10462
 628   TYR   0.0206153   0.107363
 634   TYR   0.0240847   0.19321
 636   SER   0.170676   0
 639   LEU   0.117961   0
 640   GLY   -0.148743   0
 641   HIS   -0.00329088   -0.496152
 643   LYS   -0.0896846   -0.402865
 647   ARG   0.152683   -0.444664
 648   LEU   0.166197   0
 649   LEU   0.141233   0
 650   VAL   0.462594   0
 651   ASP   0.102527   0.76583
 652   SER   0.638047   0
 653   LYS   -0.253772   -2.08642
 654   VAL   -0.0062946   0
 655   SER   -0.14235   0
 656   LEU   -0.496643   0
 657   GLY   -0.0532944   0
 659   ALA   -0.155908   0
 660   GLY   -0.0941603   0
 700   ASP   0.0508499   0.236618
 702   ILE   0.0710076   0
 706   VAL   -0.0113478   0
 709   TYR   -0.189262   1.04215
 711   ARG   -0.0755694   -0.195807
 712   ASP   0.0414425   0.306989
 713   GLU   -0.00131965   0.211044
 714   ARG   -0.0878796   -0.180154
 718   GLU   -0.035084   0.126589
 721   ASP   0.00714295   0.301184
 726   ARG   0.00357409   -0.211369
 730   GLU   -0.0267525   0.160596
 742   GLU   0.00182016   0.129083
 771   ASP   0.0670009   0.234954
 778   CYS   0.0862444   0.392075
 779   PHE   0.276009   0
 780   VAL   0.203352   0
 781   SER   0.13229   0
 782   LEU   0.593822   0
 783   LEU   0.770648   0
 784   GLY   0.0663009   0
 785   LEU   -0.0169003   0
 787   ILE   -0.57989   0
 788   LYS   -0.233654   -0.559377
 789   ARG   -1.22067   -2.26707
 790   GLN   -1.23655   0
 791   GLU   -0.247954   0.562563
 792   LYS   -0.145327   -0.352291
 793   ASN   -0.0821247   0
 794   ARG   0.119388   -0.302616
 795   LEU   0.170125   0
 796   ASP   0.298346   1.59666
 799   CYS   -0.0470764   0.731089
 800   CYS   0.0102042   0.168893
 801   VAL   0.119838   0
 802   ARG   -0.0312636   -0.162718
 805   GLU   -0.0512142   0.106674
 806   ASP   0.0320204   0.115929
1166   GLU   -0.00143585   0.143236
1170   HIS   -0.0161419   -0.177967
1193   HIS   0.0336276   -0.106958
1206   LYS   -0.00572467   -0.1238
1272   ARG   0.00806012   -0.120847
SITE:  LYS- 788
 343   GLY   0.15336   0
 344   SER   0.0997183   0
 345   PHE   0.148193   0
 346   CYS   0.0704961   0.532285
 347   VAL   1.36309   0
 348   ARG   0.0379842   -0.504775
 350   PRO   -0.255588   0
 352   CYS   -0.0825754   0.19476
 641   HIS   0.00408095   -0.100205
 643   LYS   -0.0145994   -0.103154
 647   ARG   0.0505248   -0.133773
 651   ASP   0.0187216   0.144961
 653   LYS   0.00438149   -0.29757
 709   TYR   -0.00688682   0.441933
 712   ASP   0.0147334   0.173015
 713   GLU   0.00475767   0.104406
 714   ARG   -0.0649898   -0.106589
 718   GLU   -0.0774014   0.170334
 719   THR   -0.24237   0
 720   LEU   -0.27305   0
 721   ASP   0.309684   1.63233
 724   LEU   -0.164339   0
 726   ARG   -0.00791724   -0.165591
 778   CYS   0.115606   0.254298
 780   VAL   0.178762   0
 781   SER   0.205988   0
 782   LEU   0.150828   0
 783   LEU   0.081488   0
 784   GLY   0.20479   0
 785   LEU   0.20892   0
 786   ASP   -0.0187678   0.559377
 787   ILE   -0.0504733   0
 789   ARG   -0.103063   -0.544526
 791   GLU   -0.110743   0.60892
 792   LYS   -0.0887961   -0.64145
 794   ARG   0.0069792   -0.24094
 796   ASP   0.0436069   0.181579
 799   CYS   0.00752822   0.213606
 802   ARG   0.0146181   -0.119199
SITE:  ARG- 789
 346   CYS   -0.0018274   0.149382
 634   TYR   0.0263875   0.114979
 640   GLY   -0.148257   0
 641   HIS   0.059838   -0.339138
 643   LYS   -0.10016   -0.344722
 645   CYS   0.0699684   0.114781
 647   ARG   0.324855   -0.605297
 648   LEU   0.268806   0
 649   LEU   0.66957   0
 650   VAL   1.14157   0
 651   ASP   -0.0369485   0.977652
 652   SER   1.09627   0
 653   LYS   -0.150578   -0.871778
 654   VAL   -0.173795   0
 655   SER   -0.506929   0
 656   LEU   -0.197704   0
 700   ASP   0.0226566   0.112183
 709   TYR   -0.0711529   0.565493
 711   ARG   -0.0331554   -0.1053
 712   ASP   0.0330907   0.162669
 713   GLU   -0.00126039   0.141519
 714   ARG   -0.0539549   -0.135744
 721   ASP   0.00487098   0.168522
 726   ARG   0.00451732   -0.108301
 771   ASP   0.0294509   0.111404
 778   CYS   0.0397866   0.195845
 782   LEU   0.149792   0
 783   LEU   0.177482   0
 784   GLY   0.0763442   0
 785   LEU   0.122603   0
 786   ASP   0.869912   2.26707
 787   ILE   0.259605   0
 788   LYS   0.553879   -0.544526
 790   GLN   -1.17307   0
 791   GLU   -0.268002   0.506261
 792   LYS   -0.236141   -0.4618
 793   ASN   -0.305972   0
 794   ARG   1.7055   -0.574125
 795   LEU   0.632872   0
 796   ASP   -0.156248   2.84962
 797   ILE   0.0225371   0
 799   CYS   -0.259898   1.31009
 800   CYS   -0.00749613   0.308786
 801   VAL   0.40784   0
 802   ARG   -0.120332   -0.301196
 803   GLY   -0.0912834   0
 805   GLU   -0.0852928   0.181383
 806   ASP   0.0275393   0.181842
SITE:  GLU- 791
 346   CYS   -0.0180914   0.150049
 348   ARG   -0.0291292   -0.126067
 641   HIS   0.025755   -0.232929
 643   LYS   -0.0344338   -0.353038
 647   ARG   0.17288   -0.517161
 651   ASP   0.0422104   0.424873
 653   LYS   -0.00514266   -0.515279
 709   TYR   0.101365   1.26548
 711   ARG   -0.036197   -0.145986
 712   ASP   0.114272   0.364115
 713   GLU   0.00361926   0.391212
 714   ARG   -0.216358   -0.494608
 718   GLU   -0.0275644   0.316155
 719   THR   0.258357   0
 720   LEU   -0.143002   0
 721   ASP   0.00461754   0.553121
 723   GLN   0.191734   0
 726   ARG   0.000176557   -0.277298
 730   GLU   -0.0232372   0.11516
 783   LEU   0.128217   0
 784   GLY   0.192271   0
 785   LEU   0.132912   0
 786   ASP   0.143819   0.562563
 787   ILE   0.409216   0
 788   LYS   -0.0181081   -0.60892
 789   ARG   0.115835   -0.506261
 792   LYS   -0.545968   -0.615243
 793   ASN   -0.127807   0
 794   ARG   0.0987588   -0.263532
 796   ASP   0.00705421   0.209413
 799   CYS   0.0086548   0.152137
 802   ARG   0.0528375   -0.310197
 805   GLU   -0.0753556   0.220482
 806   ASP   0.0645446   0.13761
 810   VAL   0.00992617   0
1272   ARG   0.00526313   -0.123709
SITE:  LYS- 792
 346   CYS   0.0105438   0.108071
 647   ARG   0.0792483   -0.208852
 651   ASP   0.0213698   0.166401
 653   LYS   -0.00603717   -0.17502
 709   TYR   -0.00616476   0.243698
 721   ASP   0.0244151   0.274729
 784   GLY   0.108949   0
 785   LEU   0.204074   0
 786   ASP   0.113611   0.352291
 788   LYS   0.40773   -0.64145
 789   ARG   0.26453   -0.4618
 791   GLU   -0.153191   0.615243
 793   ASN   -0.294934   0
 794   ARG   0.301966   -0.976231
 796   ASP   0.040285   0.176192
 799   CYS   0.072113   0.273033
 800   CYS   0.0521908   0.17916
 802   ARG   0.0640473   -0.438273
 805   GLU   -0.0271743   0.212118
SITE:  ARG- 794
 647   ARG   0.0799724   -0.22909
 651   ASP   0.0130673   0.195375
 653   LYS   -0.00830411   -0.145031
 709   TYR   -0.00907432   0.153126
 786   ASP   0.103432   0.302616
 788   LYS   0.139819   -0.24094
 789   ARG   0.238798   -0.574125
 791   GLU   -0.0923779   0.263532
 792   LYS   0.161209   -0.976231
 796   ASP   0.0437698   0.239872
 799   CYS   0.406224   0.445171
 800   CYS   0.180084   0.536337
 801   VAL   0.132246   0
 802   ARG   -0.144289   -0.694903
 805   GLU   -0.028108   0.272626
SITE:  ASP- 796
 346   CYS   -0.00126205   0.127141
 634   TYR   0.0413658   0.159963
 636   SER   0.261962   0
 640   GLY   -0.151622   0
 641   HIS   0.0372037   -0.334845
 643   LYS   -0.0792614   -0.245496
 645   CYS   0.086584   0.13921
 647   ARG   0.179906   -0.335203
 648   LEU   0.32219   0
 649   LEU   0.677951   0
 650   VAL   0.458866   0
 651   ASP   -0.124985   0.701013
 652   SER   1.39415   0
 653   LYS   -0.51975   -0.935349
 654   VAL   -1.18983   0
 655   SER   -3.10341   0
 656   LEU   -0.383761   0
 657   GLY   -0.253328   0
 658   ILE   -0.20334   0
 659   ALA   -0.14434   0
 700   ASP   0.0235519   0.137199
 709   TYR   -0.0721994   0.35078
 712   ASP   0.0171828   0.120172
 771   ASP   0.0336982   0.141157
 778   CYS   0.0234149   0.204089
 783   LEU   0.110788   0
 786   ASP   0.272156   1.59666
 788   LYS   -0.0449683   -0.181579
 789   ARG   -0.207993   -2.84962
 790   GLN   -0.519248   0
 791   GLU   -0.0815067   0.209413
 792   LYS   -0.0467888   -0.176192
 794   ARG   0.0839276   -0.239872
 795   LEU   -0.0590913   0
 797   ILE   -0.640859   0
 799   CYS   -0.213408   1.08101
 800   CYS   -0.0211774   0.223337
 801   VAL   0.179498   0
 802   ARG   -0.042035   -0.13451
 806   ASP   0.016154   0.108749
SITE:  CYS- 799
 346   CYS   0.0104157   0.108889
 647   ARG   0.0636282   -0.149528
 649   LEU   0.167124   0
 650   VAL   0.106299   0
 651   ASP   -0.0125525   0.214369
 652   SER   0.143791   0
 653   LYS   -0.0281024   -0.27372
 709   TYR   -0.0242661   0.167806
 778   CYS   0.0378001   0.182566
 786   ASP   0.0433784   0.731089
 788   LYS   -0.0442665   -0.213606
 789   ARG   -0.279837   -1.31009
 790   GLN   -0.127883   0
 791   GLU   -0.0685846   0.152137
 792   LYS   -0.0268352   -0.273033
 794   ARG   -0.621978   -0.445171
 795   LEU   1.01659   0
 796   ASP   1.37247   1.08101
 797   ILE   0.399524   0
 800   CYS   -0.186916   0.845994
 801   VAL   0.21227   0
 802   ARG   0.00115197   -0.163145
SITE:  CYS- 800
 786   ASP   0.024095   0.168893
 789   ARG   -0.0281041   -0.308786
 792   LYS   0.0222811   -0.17916
 794   ARG   -0.369516   -0.536337
 795   LEU   0.126212   0
 796   ASP   0.0900167   0.223337
 799   CYS   0.0344172   0.845994
 801   VAL   -0.236874   0
 802   ARG   0.0268469   -0.162524
SITE:  ARG- 802
 643   LYS   -0.0185109   -0.101177
 647   ARG   0.120603   -0.331251
 651   ASP   0.0191701   0.18933
 653   LYS   -0.00501309   -0.110737
 709   TYR   -0.00218271   0.154981
 786   ASP   0.0699299   0.162718
 788   LYS   0.0796077   -0.119199
 789   ARG   0.213674   -0.301196
 791   GLU   0.119672   0.310197
 792   LYS   0.52141   -0.438273
 793   ASN   -0.0165398   0
 794   ARG   0.0231032   -0.694903
 796   ASP   0.000873493   0.13451
 799   CYS   0.0433794   0.163145
 800   CYS   0.0211164   0.162524
 801   VAL   0.0593827   0
 803   GLY   0.216892   0
 805   GLU   0.861776   2.06301
 806   ASP   0.0298482   0.183568
SITE:  GLU- 805
 643   LYS   -0.0193596   -0.109783
 647   ARG   0.122696   -0.396915
 651   ASP   0.0196048   0.186969
 709   TYR   -0.00229348   0.133754
 786   ASP   0.0410582   0.106674
 789   ARG   0.122671   -0.181383
 791   GLU   0.115599   0.220482
 792   LYS   0.116037   -0.212118
 793   ASN   -0.372398   0
 794   ARG   0.0667764   -0.272626
 802   ARG   0.0762617   -2.06301
 803   GLY   0.372614   0
 806   ASP   -0.416421   0.489395
SITE:  ASP- 806
 641   HIS   0.050279   -0.118047
 643   LYS   -0.0611937   -0.285018
 645   CYS   -0.0027022   0.125901
 646   ARG   -0.381731   -0.304372
 647   ARG   0.0829504   -0.892159
 651   ASP   0.0423962   0.458688
 653   LYS   -0.00940699   -0.13467
 709   TYR   -0.00502966   0.153032
 714   ARG   -0.00683307   -0.109003
 786   ASP   0.0421165   0.115929
 789   ARG   0.0773502   -0.181842
 791   GLU   0.000620814   0.13761
 796   ASP   -0.0289324   0.108749
 802   ARG   -0.0476462   -0.183568
 804   ALA   0.226366   0
 805   GLU   -0.496507   0.489395
 807   GLY   -0.441068   0
 808   THR   0.173359   0
SITE:  GLU- 814
 634   TYR   0.0096697   0.14429
 641   HIS   -0.073391   -0.463867
 643   LYS   -0.00782325   -0.322412
 651   ASP   0.014693   0.150102
 653   LYS   -0.0019286   -0.227631
 700   ASP   0.031718   0.123462
 709   TYR   0.0215936   0.211449
 711   ARG   0.146553   -0.717922
 712   ASP   -0.0492783   0.345963
 713   GLU   -0.04261   0.298889
 714   ARG   -0.0324955   -0.13168
 726   ARG   0.0291182   -0.214036
 730   GLU   0.00871446   0.237491
 815   SER   0.351116   0
 816   CYS   0.121484   0.35237
 818   PHE   -0.436891   0
 819   ARG   -0.229974   -0.669989
 822   LYS   -0.35443   -2.10124
 823   ASN   0.0835098   0
 825   TYR   -0.0686968   0.118847
1170   HIS   -0.00110651   -0.172324
1173   ARG   -0.000939604   -0.114335
1180   LYS   -0.00891717   -0.189242
1188   GLU   0.0286505   0.204755
1189   GLU   0.032464   0.267763
1193   HIS   0.109366   -0.489058
1267   TYR   0.00256147   0.204683
1271   GLU   -0.00555257   0.107519
1272   ARG   0.0815437   -0.36855
SITE:  CYS- 816
 634   TYR   0.0501236   0.294887
 641   HIS   -0.0649247   -0.434863
 643   LYS   -0.00366536   -0.18834
 651   ASP   0.00345775   0.125703
 653   LYS   -0.0054378   -0.15772
 700   ASP   0.0204702   0.10365
 711   ARG   -0.0298159   -0.173884
 814   GLU   0.106143   0.35237
 815   SER   0.156144   0
 817   LEU   -0.381322   0
 819   ARG   -0.674519   -0.37463
 820   PHE   -0.204488   0
 822   LYS   -0.0832904   -0.1752
 825   TYR   -0.0560264   0.144163
1170   HIS   -0.00959487   -0.103128
1193   HIS   0.0425968   -0.11344
SITE:  ARG- 819
 641   HIS   -0.0208362   -0.164217
 643   LYS   0.000310262   -0.123073
 711   ARG   0.0106959   -0.177904
 814   GLU   0.144074   0.669989
 815   SER   0.163641   0
 816   CYS   0.190313   0.37463
 817   LEU   0.146812   0
 820   PHE   -0.196848   0
 822   LYS   -0.183554   -0.415439
 823   ASN   -0.4233   0
1188   GLU   0.0156566   0.108266
1193   HIS   0.0321066   -0.141782
SITE:  LYS- 822
 332   GLU   0.0102005   0.113354
 641   HIS   -0.033251   -0.213352
 643   LYS   -0.00760125   -0.139545
 653   LYS   0.000930392   -0.130287
 700   ASP   0.0258394   0.112352
 709   TYR   0.0224322   0.129456
 711   ARG   0.263273   -0.782258
 712   ASP   -0.0619492   0.294138
 713   GLU   -0.0405022   0.219499
 726   ARG   0.0189731   -0.207502
 730   GLU   0.0217986   0.274258
 814   GLU   0.804455   2.10124
 815   SER   0.235718   0
 816   CYS   0.0841378   0.1752
 818   PHE   0.118255   0
 819   ARG   0.191512   -0.415439
 823   ASN   0.133173   0
 825   TYR   -0.120657   0.167943
 826   SER   -0.229869   0
 827   PRO   -0.0717001   0
1170   HIS   0.0079881   -0.182121
1173   ARG   0.00241539   -0.137642
1180   LYS   -0.026887   -0.422955
1185   GLU   0.0322854   0.168653
1186   ARG   0.0377   -0.12721
1188   GLU   0.0479629   0.448752
1189   GLU   0.0332048   0.480973
1193   HIS   0.0577141   -0.772821
1239   HID   0.0377556   -0.121098
1267   TYR   -0.00446364   0.254462
1271   GLU   -0.00186096   0.116113
1272   ARG   0.0912264   -0.426572
1278   PHE   0.00281892   0.180297
SITE:  TYR- 825
 276   TYR   -0.00724837   0.105582
 332   GLU   0.00761292   0.105499
 634   TYR   -0.0195902   0.255862
 641   HIS   -0.0176349   -0.111703
 700   ASP   0.0142724   0.316251
 711   ARG   -0.0271245   -0.227374
 730   GLU   0.0296546   0.16344
 742   GLU   -0.00960261   0.207563
 814   GLU   -0.0331476   0.118847
 816   CYS   0.0514712   0.144163
 817   LEU   0.107833   0
 822   LYS   0.0402076   -0.167943
 827   PRO   0.00501628   0
 828   LEU   -0.219144   0
 829   LEU   -0.366347   0
 831   LYS   0.0776569   -0.150183
 832   ASP   0.0098316   0.138072
 835   ARG   0.0198441   -0.297294
1128   CYS   0.0250034   0.136912
1161   CYS   0.0267934   0.151286
1166   GLU   0.0346864   0.366201
1168   CYS   0.00686031   0.480452
1170   HIS   -0.0625616   -0.443607
1171   ILE   -0.110916   0
1173   ARG   -0.0408075   -0.192716
1180   LYS   -0.00169515   -0.148358
1185   GLU   0.0277074   0.117632
1186   ARG   0.039464   -0.169402
1188   GLU   0.0166049   0.278824
1189   GLU   0.0167439   0.223149
1191   LEU   -0.0469903   0
1193   HIS   -0.0108648   -0.257557
1195   GLY   -0.0567378   0
1198   VAL   -0.136759   0
1206   LYS   -0.0525321   -0.331007
1229   TYR   0.0510241   0.121566
1233   VAL   0.138533   0
1234   LEU   0.16355   0
1235   LEU   0.177117   0
1236   GLY   0.130541   0
1237   ALA   0.432501   0
1238   THR   0.266034   0
1239   HIS   0.202368   -0.633308
1239   HID   -0.0502861   -0.84328
1240   GLY   -0.032386   0
1241   LEU   2.26287   0
1242   ILE   0.240244   0
1244   LEU   -0.180846   0
1245   PRO   -0.389627   0
1246   VAL   -0.150024   0
1250   TYR   -0.0906038   0.239058
1259   LYS   -0.00129761   -0.107537
SITE:  LYS- 831
 294   ARG   -0.0409386   -0.141039
 824   SER   0.185628   0
 825   TYR   0.0829504   0.150183
 827   PRO   0.19849   0
 828   LEU   0.229454   0
 832   ASP   -0.634649   0.591044
 833   TRP   -0.693734   0
 834   MET   -0.25674   0
 835   ARG   -0.197925   -0.274854
1180   LYS   -0.00299363   -0.104262
1185   GLU   0.00251187   0.129499
1188   GLU   -0.0319656   0.229106
1250   TYR   -0.0226811   0.23279
SITE:  ASP- 832
 291   TRP   -0.160205   0
 292   CYS   -0.00884797   0.168118
 294   ARG   -0.521018   -0.89351
 295   LYS   -0.0302275   -0.158426
 302   TYR   -0.0164153   0.107886
 825   TYR   0.0413598   0.138072
 827   PRO   0.163237   0
 828   LEU   0.164522   0
 829   LEU   0.129786   0
 830   LEU   0.374108   0
 831   LYS   0.500036   -0.591044
 833   TRP   -0.475203   0
 834   MET   -0.259574   0
 835   ARG   -0.816049   -1.11749
 836   PRO   -0.14959   0
1180   LYS   0.000385292   -0.166409
1183   ARG   -0.127871   -0.158538
1184   VAL   -0.106268   0
1185   GLU   0.00726029   0.313622
1186   ARG   -0.0126503   -0.158882
1188   GLU   -0.062238   0.323906
1189   GLU   -0.0225752   0.114056
1250   TYR   0.0434232   1.00537
SITE:  ARG- 835
 276   TYR   -0.00247754   0.139816
 292   CYS   -0.0263833   0.113952
 294   ARG   -0.169996   -0.518129
 825   TYR   0.0435976   0.297294
 826   SER   0.165715   0
 827   PRO   0.115014   0
 828   LEU   0.132029   0
 829   LEU   0.353047   0
 830   LEU   0.243826   0
 831   LYS   0.370864   -0.274854
 832   ASP   0.285898   1.11749
 836   PRO   -0.326366   0
 838   VAL   -0.232894   0
 839   ILE   -0.198568   0
1120   GLU   0.00872188   0.112907
1168   CYS   0.0115428   0.200013
1170   HIS   0.0045974   -0.133754
1173   ARG   0.00879893   -0.112665
1180   LYS   0.0200828   -0.208754
1183   ARG   -0.441078   -0.432761
1184   VAL   -0.0335685   0
1185   GLU   -0.0101552   0.352477
1186   ARG   -0.0498983   -0.388707
1187   ALA   -0.15821   0
1188   GLU   -0.0916851   0.371141
1189   GLU   -0.052551   0.197553
1193   HIS   -0.0317318   -0.121092
1239   HIS   0.0836575   -0.194615
1239   HID   0.0796978   -0.253723
1242   ILE   0.191386   0
1243   PHE   0.216996   0
1244   LEU   0.152762   0
1245   PRO   0.25691   0
1246   VAL   0.584151   0
1247   LEU   0.300212   0
1249   SER   1.30849   0
1250   TYR   0.743494   2.43641
1252   GLY   -0.0519092   0
1253   PRO   0.140863   0
1259   LYS   -0.00931642   -0.100218
SITE:  LYS- 855
 259   PRO   -0.171012   0
 265   LEU   -0.2268   0
 266   ASP   0.76656   3.47737
 268   MET   -0.44453   0
 269   TYR   0.0980237   1.42718
 849   SER   0.17607   0
 851   ALA   0.30964   0
 852   VAL   0.127378   0
 854   ASN   0.510971   0
 856   VAL   -0.211032   0
 857   ASP   0.067216   0.372067
SITE:  ASP- 857
 266   ASP   0.0461265   0.187608
 269   TYR   0.0142335   0.177196
 852   VAL   0.120094   0
 853   LEU   0.155602   0
 855   LYS   0.34829   -0.372067
 856   VAL   -0.242825   0
 858   ILE   -0.256858   0
 859   GLY   0.257399   0
 861   ASP   0.0686191   0.813945
 934   ARG   -0.0136214   -0.138529
1042   HID   0.0146289   -0.116632
1047   THR   -0.177822   0
1048   SER   -0.2989   0
1050   ASP   -0.0743984   0.258211
1053   ASP   -0.0348012   0.249088
1056   LYS   -0.030941   -0.136362
1088   TYR   0.0458851   0.328166
1091   TYR   0.0158766   0.527438
1097   ASP   -0.0270959   0.144583
1140   GLY   0.0784264   0
1143   TRP   -0.0551713   0
1146   GLY   -0.219939   0
1147   ILE   0.200611   0
1148   SER   -0.0682696   0
1153   SER   -0.174807   0
1161   CYS   -0.0182929   0.107417
1225   TYR   0.00787782   0.200573
1227   ARG   -0.159589   -0.226526
1229   TYR   -0.0155445   0.155515
SITE:  ASP- 861
 606   GLU   0.046973   0.177846
 610   GLU   -0.0118071   0.127112
 612   GLU   -0.0591889   0.205767
 615   ARG   -0.0459887   -0.116492
 616   GLU   -0.0836532   0.186503
 620   ASP   0.00681034   0.16214
 688   GLU   -0.0519489   0.120684
 857   ASP   -0.157191   0.813945
 859   GLY   0.176739   0
 860   LEU   -0.235868   0
 862   GLN   -0.617248   0
 863   SER   -0.622213   0
 864   LEU   -0.34651   0
 867   PRO   0.0570859   0
 868   ASP   0.00801313   0.21921
 871   TYR   -0.00334943   0.136922
 874   ASP   0.00920994   0.140972
 875   TYR   -0.0303792   0.239641
 877   LYS   -0.00644575   -0.157181
 934   ARG   -0.0247255   -0.15728
1042   HIS   -0.00978556   -0.161274
1042   HID   0.0430876   -0.116309
1042   HIS   -0.0751833   -0.137044
1042   HID   0.0276424   -0.203663
1046   GLN   0.188201   0
1047   THR   -0.265598   0
1048   SER   -0.381212   0
1050   ASP   -0.152238   0.316049
1053   ASP   -0.0533993   0.180454
1081   TYR   -0.0037741   0.133572
1085   TYR   0.0164248   0.16085
1088   TYR   0.0799435   0.910389
1089   GLU   -0.0372555   0.124637
1091   TYR   -0.0856432   0.843271
1097   ASP   -0.0148097   0.139767
1146   GLY   0.323142   0
1147   ILE   -0.207432   0
1148   SER   -0.376373   0
1150   ASN   -0.275496   0
1219   GLN   0.16366   0
1223   ILE   -0.151439   0
1225   TYR   -0.0428788   0.352554
1227   ARG   -0.200086   -0.381348
1229   TYR   -0.0335806   0.219492
SITE:  ASP- 868
 592   LYS   -0.00393022   -0.102878
 611   ASP   -0.0133105   0.108234
 612   GLU   0.0430733   0.357738
 615   ARG   -0.122721   -0.366782
 616   GLU   -0.0662562   0.472833
 620   ASP   -0.0200716   0.206558
 688   GLU   -0.0298477   0.100574
 861   ASP   -0.0317886   0.21921
 863   SER   0.200112   0
 866   MET   0.0910543   0
 867   PRO   -0.00167   0
 869   ASP   -0.922708   0.847105
 871   TYR   0.0104804   0.180562
 873   VAL   -0.155262   0
 874   ASP   -0.0629938   0.280123
 875   TYR   -0.0419357   0.114041
 877   LYS   -0.059725   -0.376614
1088   TYR   0.000328437   0.117552
1217   LYS   0.206184   -0.42529
1219   GLN   -0.323373   0
1222   GLN   0.137637   0
1225   TYR   -0.0330576   0.118611
1227   ARG   0.019268   -0.25305
SITE:  ASP- 869
 585   LYS   0.0199076   -0.110666
 592   LYS   -0.0097337   -0.331709
 607   ARG   0.0148076   -0.135044
 611   ASP   0.00404314   0.267862
 612   GLU   0.272638   0.865301
 615   ARG   -0.874804   -1.64846
 616   GLU   0.120516   1.05426
 618   ASP   -0.0752079   0.141849
 620   ASP   -0.0414044   0.255235
 688   GLU   -0.031666   0.116045
 867   PRO   -0.21551   0
 868   ASP   -0.55816   0.847105
 870   SER   -0.690776   0
 871   TYR   -0.0324756   0.412284
 874   ASP   -0.126676   0.248608
 875   TYR   -0.051208   0.11877
 877   LYS   -0.0287517   -0.212579
1217   LYS   0.0599943   -0.844997
SITE:  TYR- 871
 392   LYS   -0.00683647   -0.136207
 396   ASP   0.0132202   0.100838
 404   ARG   -0.154953   -0.382149
 406   GLU   -0.319505   0.757178
 407   GLN   0.188671   0
 411   ARG   -0.0379738   -0.221889
 451   GLU   -0.0215718   0.112635
 468   CYS   -0.0121168   0.210074
 479   CYS   -0.0130059   0.13691
 584   GLU   0.25171   0.87999
 585   LYS   0.182167   -0.638298
 586   GLU   0.0352342   0.321616
 588   ILE   -0.21958   0
 591   VAL   -0.202076   0
 592   LYS   -0.0752537   -1.71272
 594   TYR   0.0117356   0.135491
 595   LYS   0.0487677   -0.172954
 603   PHE   0.0488559   0
 604   THR   -0.168747   0
 605   ALA   0.201466   0
 606   GLU   0.0118564   0.568792
 607   ARG   0.220237   -1.25907
 608   SER   1.75823   0
 609   ILE   0.180345   0
 610   GLU   -0.167298   0.47932
 611   ASP   -0.575034   1.67212
 612   GLU   -0.356446   2.21015
 615   ARG   0.0161174   -1.06122
 616   GLU   -0.150824   0.441816
 618   ASP   -0.0612446   0.169299
 620   ASP   -0.0116902   0.152787
 861   ASP   -0.00561993   0.136922
 867   PRO   0.104703   0
 868   ASP   -0.0107236   0.180562
 869   ASP   0.0708977   0.412284
 870   SER   -0.261892   0
 872   MET   -0.0965241   0
 874   ASP   -0.26841   0.442801
 875   TYR   -0.171617   0.7319
 877   LYS   -0.0466739   -0.221458
 878   SER   -0.161564   0
 882   TYR   -0.0220316   0.113085
 890   TYR   -0.00806834   0.131733
1041   TYR   -0.0368182   0.154901
1042   HIS   0.00755031   -0.111832
1042   HID   0.0111163   -0.124768
1081   TYR   -0.00452172   0.178632
1085   TYR   -0.00855765   0.104943
1088   TYR   -0.025858   0.253595
1091   TYR   -0.0191616   0.145496
1217   LYS   -0.00238937   -0.149419
1225   TYR   -0.0246016   0.121541
SITE:  ASP- 874
 406   GLU   -0.0677678   0.192574
 409   ILE   0.0891084   0
 411   ARG   -0.340252   -1.35883
 584   GLU   0.0242309   0.142551
 592   LYS   -0.00861365   -0.230371
 594   TYR   0.037277   0.118506
 595   LYS   0.0704634   -0.134749
 601   ILE   0.200138   0
 602   SER   -0.573382   0
 603   PHE   0.233845   0
 606   GLU   0.0237996   0.147572
 607   ARG   0.00337343   -0.119074
 611   ASP   -0.0400827   0.141863
 612   GLU   -0.0285123   0.336288
 615   ARG   0.00782842   -0.232859
 616   GLU   -0.03414   0.131576
 861   ASP   0.0123421   0.140972
 867   PRO   0.138202   0
 868   ASP   0.160158   0.280123
 869   ASP   -0.0300718   0.248608
 870   SER   0.344514   0
 871   TYR   0.551024   0.442801
 872   MET   0.225174   0
 873   VAL   0.0795   0
 875   TYR   -0.373389   0.512629
 877   LYS   -0.478586   -2.2608
 878   SER   -0.648226   0
 881   GLN   0.193928   0
 882   TYR   -0.0376491   0.53918
 884   HIS   -0.00967136   -0.142489
1041   TYR   -0.0257648   0.100447
1088   TYR   -0.00854088   0.149327
SITE:  TYR- 875
 377   PRO   -0.0635741   0
 379   ASP   -0.0496328   0.111248
 389   ARG   0.0117658   -0.129764
 392   LYS   -0.0149788   -0.273994
 396   ASP   0.0242478   0.206917
 403   PHE   0.130922   0
 404   ARG   -0.224024   -0.45448
 405   THR   0.516884   0
 406   GLU   -0.382627   1.06279
 407   GLN   -0.444254   0
 408   LEU   0.0289692   0
 409   ILE   -0.0933991   0
 410   ILE   0.0723956   0
 411   ARG   -0.00591673   -0.467031
 451   GLU   -0.0272849   0.180197
 468   CYS   -0.0392805   0.349416
 479   CYS   -0.0238832   0.255228
 482   LEU   0.103965   0
 487   TYR   -0.023398   0.270691
 516   CYS   0.0136859   0.124729
 533   CYS   0.0183755   0.10145
 543   PRO   0.0956504   0
 545   LEU   0.153168   0
 546   VAL   0.0228723   0
 548   GLY   -0.0305797   0
 550   TYR   0.04408   0.315401
 555   TYR   0.029481   0.160766
 561   LEU   0.100642   0
 562   VAL   -0.246122   0
 563   ILE   0.334762   0
 565   PHE   0.121463   0
 566   PRO   -0.0870375   0
 567   VAL   0.0482582   0
 570   TYR   0.0120197   0.121283
 584   GLU   0.0445989   0.670774
 585   LYS   0.0483942   -0.142348
 586   GLU   -0.0185557   0.121246
 592   LYS   -0.0238348   -0.252362
 594   TYR   -0.0171592   0.149903
 602   SER   0.195944   0
 604   THR   -0.788417   0
 606   GLU   0.21559   1.00773
 607   ARG   -0.0526136   -0.372128
 608   SER   -0.415788   0
 609   ILE   -0.128606   0
 610   GLU   -0.0721435   0.277899
 611   ASP   -0.133739   0.292197
 612   GLU   -0.173523   0.43118
 615   ARG   -0.0232213   -0.211417
 616   GLU   -0.0754312   0.151168
 861   ASP   0.0377556   0.239641
 867   PRO   0.0747729   0
 868   ASP   0.0211077   0.114041
 869   ASP   -0.00689344   0.11877
 871   TYR   0.000650652   0.7319
 872   MET   0.335119   0
 873   VAL   0.1151   0
 874   ASP   -0.0799012   0.512629
 877   LYS   -0.0161382   -0.297959
 878   SER   -0.398945   0
 879   ILE   -0.343147   0
 882   TYR   -0.120915   0.300322
 883   LEU   -0.236118   0
 884   HIS   -0.0595921   -0.401145
 885   ALA   0.156531   0
 886   GLY   -0.0251177   0
 887   PRO   -0.15555   0
 888   PRO   0.0587902   0
 890   TYR   -0.0289686   0.446808
 930   ASP   0.0494987   0.140931
 934   ARG   -0.0493444   -0.166382
1013   LYS   0.00838017   -0.121617
1019   TYR   0.0182172   0.127063
1037   TYR   -0.0221951   0.22939
1041   TYR   -0.21376   0.674415
1042   HIS   0.0593295   -0.447381
1042   HID   0.0490468   -0.355023
1042   HIS   -0.291876   -0.375678
1042   HID   0.0458093   -0.440957
1043   THR   0.149976   0
1044   VAL   -0.188831   0
1045   LEU   0.167166   0
1050   ASP   -0.0706492   0.2603
1053   ASP   -0.0537911   0.113591
1059   ARG   0.0217806   -0.126152
1081   TYR   -0.000195651   0.459352
1083   VAL   -0.145099   0
1085   TYR   -0.0518358   0.365062
1088   TYR   -0.0767495   0.591196
1089   GLU   -0.0547119   0.117831
1091   TYR   -0.0507144   0.262687
1225   TYR   -0.0207062   0.118429
SITE:  LYS- 877
 406   GLU   -0.028921   0.101732
 411   ARG   0.0378916   -0.776903
 592   LYS   -0.00731697   -0.110265
 612   GLU   -0.0174577   0.213375
 615   ARG   -0.000978618   -0.158814
 616   GLU   -0.0291786   0.109079
 861   ASP   0.00832035   0.157181
 867   PRO   0.109743   0
 868   ASP   0.220762   0.376614
 869   ASP   -0.0623771   0.212579
 870   SER   0.258297   0
 871   TYR   0.147215   0.221458
 873   VAL   0.0442242   0
 874   ASP   0.654194   2.2608
 875   TYR   0.140118   0.297959
 878   SER   -0.492254   0
 880   SER   -0.181118   0
 881   GLN   0.205912   0
 882   TYR   -0.0344497   0.410032
 884   HIS   -0.0025458   -0.114463
1088   TYR   -0.00524355   0.128282
SITE:  TYR- 882
 406   GLU   -0.0164556   0.117264
 409   ILE   -0.0274107   0
 410   ILE   0.198247   0
 411   ARG   0.402058   -2.62645
 413   PRO   -0.0186229   0
 416   ASP   -0.0367339   0.10838
 417   LYS   -0.0383607   -0.135495
 418   HIS   0.0262525   -0.105043
 433   PRO   -0.152798   0
 434   PRO   -0.103752   0
 436   ASP   -0.00740966   0.14678
 487   TYR   -0.0155698   0.14545
 509   TYR   -0.0132932   0.114587
 548   GLY   0.0020425   0
 549   GLY   0.0125838   0
 550   TYR   0.0887349   0.267442
 551   ASP   -0.0117104   0.227239
 552   ASP   -0.0123475   0.115537
 555   TYR   0.0599086   0.117846
 559   THR   0.180949   0
 561   LEU   0.106586   0
 594   TYR   -0.00577265   0.103915
 600   THR   0.359892   0
 871   TYR   0.048884   0.113085
 874   ASP   0.254808   0.53918
 875   TYR   0.158846   0.300322
 877   LYS   0.0360398   -0.410032
 878   SER   0.510928   0
 879   ILE   0.139192   0
 884   HIS   -0.0287319   -0.440734
1041   TYR   -0.0238698   0.113709
1042   HID   -0.042792   -0.121008
SITE:  HIS- 884
 406   GLU   0.0111195   0.171405
 410   ILE   0.119924   0
 411   ARG   -0.0034608   -0.316323
 434   PRO   -0.0630048   0
 468   CYS   -0.0122014   0.100526
 487   TYR   -0.0139171   0.425918
 509   TYR   0.000160004   0.127603
 512   HIS   0.0126434   -0.121174
 516   CYS   0.0193479   0.210804
 518   ARG   0.0397759   -0.190046
 533   CYS   0.0216328   0.136862
 543   PRO   0.179548   0
 544   TRP   0.246168   0
 547   LEU   0.37975   0
 548   GLY   -1.06258   0
 549   GLY   -0.831304   0
 550   TYR   1.07175   2.52765
 551   ASP   -0.271372   0.62896
 552   ASP   -0.107856   0.905439
 555   TYR   0.0525836   0.705768
 558   ALA   -0.2822   0
 562   VAL   -0.0520269   0
 606   GLU   0.0205549   0.14524
 874   ASP   0.0491841   0.142489
 875   TYR   0.102717   0.401145
 877   LYS   0.0679153   -0.114463
 878   SER   0.245399   0
 879   ILE   0.311306   0
 882   TYR   1.35352   0.440734
 883   LEU   -0.0640196   0
 886   GLY   0.108959   0
 887   PRO   0.045172   0
 890   TYR   -0.0053093   0.185204
 930   ASP   0.116555   0.44548
 934   ARG   -0.0833603   -0.268359
 936   GLY   -0.0215744   0
1013   LYS   -6.9557e-06   -0.106463
1019   TYR   0.00765481   0.106197
1037   TYR   -0.0131611   0.115535
1041   TYR   -0.0704492   0.394568
1042   HIS   0.157123   -0.3317
1042   HID   -0.476367   -0.903037
1042   HIS   0.229191   -0.29419
1042   HID   -0.017338   -0.225336
1044   VAL   -0.150139   0
1050   ASP   0.0068484   0.242815
1081   TYR   0.0131228   0.116362
1085   TYR   -0.0238852   0.180815
1088   TYR   -0.0139102   0.140837
SITE:  TYR- 890
 379   ASP   -0.0265546   0.103351
 389   ARG   0.042062   -0.178821
 391   GLU   0.00235227   0.327421
 392   LYS   0.074924   -0.547965
 393   GLU   0.0388367   0.204952
 394   TYR   0.00421153   0.206384
 396   ASP   0.0222999   0.645126
 398   HID   -0.0858853   -0.282915
 399   PHE   0.147981   0
 400   GLY   0.433352   0
 401   PRO   0.114132   0
 402   PHE   -0.964994   0
 404   ARG   0.14791   -0.420569
 406   GLU   0.0884261   0.441575
 451   GLU   -0.00404952   0.12947
 466   ASP   0.0112905   0.124131
 468   CYS   -0.106888   0.39319
 471   PRO   -0.0806602   0
 479   CYS   -0.102799   0.309328
 487   TYR   -0.0292034   0.280574
 516   CYS   0.0247046   0.141486
 533   CYS   0.0306564   0.134792
 538   GLY   0.0912612   0
 539   GLY   -0.0319941   0
 540   PRO   0.15354   0
 550   TYR   0.0091975   0.210179
 555   TYR   0.0169   0.154391
 566   PRO   -0.165992   0
 567   VAL   0.176988   0
 568   ASN   -0.296362   0
 569   ASN   -0.172942   0
 570   TYR   0.0142749   0.262286
 571   TYR   -0.00249927   0.142029
 573   ASP   0.00949424   0.108912
 576   LYS   0.0141016   -0.122018
 584   GLU   -0.00670592   0.302116
 606   GLU   0.0513545   0.560239
 607   ARG   -0.0243399   -0.129458
 610   GLU   -0.0270384   0.139584
 871   TYR   -0.00816245   0.131733
 875   TYR   0.000190119   0.446808
 884   HIS   -0.0186074   -0.185204
 886   GLY   0.111361   0
 887   PRO   -0.137594   0
 888   PRO   -0.521509   0
 889   VAL   0.196165   0
 892   VAL   -0.0623789   0
 894   GLU   -0.0279893   0.175967
 895   GLU   -0.0320247   0.111778
 897   HIS   0.000371603   -0.134766
 899   TYR   0.00932616   0.338777
 909   CYS   -0.0182633   0.130081
 930   ASP   0.0337049   0.169326
 934   ARG   -0.00203061   -0.119794
 939   PRO   0.160967   0
 940   SER   0.121605   0
 944   ASP   -0.0166877   0.230039
 945   ASP   -0.044472   0.299644
 946   TYR   -0.033848   0.125348
 948   ASP   -0.0337394   0.102892
1005   ASP   0.0372948   0.139201
1011   CYS   0.00474956   0.101735
1013   LYS   0.0333031   -0.462285
1015   GLY   0.0734198   0
1016   HID   -0.0262333   -0.301375
1016   HIS   0.016834   -0.266989
1016   HID   -0.00492785   -0.403821
1016   HIS   -0.0046779   -0.27007
1016   HID   0.10184   -0.18308
1016   HIS   0.0347047   -0.481081
1016   HID   0.0179825   -0.289571
1018   ALA   0.179751   0
1019   TYR   0.106916   0.557164
1021   SER   -0.26084   0
1037   TYR   -0.132093   2.06855
1039   MET   -0.796674   0
1040   THR   0.453004   0
1041   TYR   0.029482   1.55095
1042   HIS   0.0312179   -0.734829
1042   HID   0.177121   -0.446456
1042   HIS   -0.37651   -0.655759
1042   HID   -0.0465762   -0.689331
1050   ASP   0.00250541   0.14525
1053   ASP   -0.0229883   0.106383
1057   LYS   -0.0250568   -0.104879
1059   ARG   0.0809392   -0.284899
1077   ARG   0.0426709   -0.193786
1080   PRO   -0.153762   0
1081   TYR   0.0259383   1.28601
1082   SER   -0.411751   0
1083   VAL   -0.13853   0
1085   TYR   -0.117125   0.771083
1088   TYR   -0.0653916   0.262733
1089   GLU   -0.0739801   0.171887
1091   TYR   -0.0311362   0.140707
SITE:  GLU- 894
 387   GLN   0.27847   0
 389   ARG   0.0170414   -0.112441
 391   GLU   0.251993   1.01089
 392   LYS   0.0550403   -0.175545
 393   GLU   -0.0735015   0.199747
 394   TYR   0.15626   1.44153
 396   ASP   -0.0628369   0.196452
 398   HID   -0.0548123   -0.540467
 571   TYR   -0.0014923   0.102044
 890   TYR   0.0319848   0.175967
 892   VAL   0.126023   0
 893   LEU   -0.130733   0
 895   GLU   -0.139366   0.895309
 896   GLY   -0.0713116   0
 897   HIS   0.0172215   -0.528512
 898   ASP   -0.050361   0.195073
 899   TYR   -0.0492795   0.700391
 909   CYS   -0.0137606   0.119444
 944   ASP   0.0159895   0.117202
1016   HID   -0.00865762   -0.114927
1032   ARG   0.0130106   -0.305425
1034   GLY   0.0226702   0
1035   ALA   -0.245635   0
1036   THR   0.16298   0
1037   TYR   -0.0279084   0.21059
1042   HIS   -0.0146217   -0.147981
1042   HIS   -0.0264657   -0.154133
1042   HID   -0.0196984   -0.180244
1059   ARG   0.137658   -0.362474
1067   GLU   -0.024234   0.108851
1074   SER   0.22342   0
1075   ALA   0.179766   0
1076   TYR   -1.4079   0.705336
1077   ARG   -0.0397015   -1.26376
1078   VAL   -0.0191659   0
1079   PHE   0.0535814   0
1080   PRO   0.0378459   0
1081   TYR   0.00545884   0.223377
1085   TYR   -0.021966   0.245409
1089   GLU   -0.024115   0.173071
SITE:  GLU- 895
 391   GLU   0.0630598   0.232771
 394   TYR   0.112704   1.23983
 396   ASP   -0.0306966   0.113129
 398   HID   -0.00348021   -0.678062
 890   TYR   -0.00200345   0.111778
 893   LEU   0.0909873   0
 894   GLU   -0.389814   0.895309
 896   GLY   -0.967424   0
 897   HIS   0.357222   -0.617263
 898   ASP   0.0120668   0.4248
 899   TYR   0.00933882   0.857608
 903   LYS   0.0085772   -0.100058
 909   CYS   -0.0206363   0.123701
 944   ASP   0.0209621   0.114836
 946   TYR   -0.0348432   0.150997
1016   HID   -0.0216768   -0.174026
1024   ASN   -0.119495   0
1028   GLY   0.11493   0
1029   HIS   -0.048997   -0.284198
1029   HID   0.0380769   -0.234299
1029   HIS   0.0293649   -0.135671
1029   HID   0.0407825   -0.378317
1029   HIS   0.0267863   -0.231999
1029   HID   0.0353376   -0.160298
1029   HIS   -0.0585721   -0.153298
1029   HID   -0.0993095   -0.34979
1029   HID   -0.0211122   -0.193461
1029   HIS   -0.218038   -0.12555
1032   ARG   0.583357   -2.48548
1033   VAL   0.60318   0
1034   GLY   -0.190428   0
1036   THR   0.0289147   0
1037   TYR   0.0180609   0.16825
1076   TYR   -0.154242   0.643357
1077   ARG   0.0447313   -0.242831
1081   TYR   0.00260267   0.101033
SITE:  HIS- 897
 391   GLU   0.029669   0.190866
 394   TYR   0.0433863   0.329735
 398   HID   -0.0111116   -0.19453
 890   TYR   -0.0217282   0.134766
 893   LEU   -0.203358   0
 894   GLU   0.439148   0.528512
 895   GLU   -0.184822   0.617263
 896   GLY   -0.199224   0
 898   ASP   -1.46717   1.34519
 899   TYR   -0.656032   2.01154
 900   THR   -0.166961   0
 901   SER   0.361414   0
 902   SER   0.253942   0
 903   LYS   0.279931   -0.575602
 904   GLY   1.69557   0
 905   GLN   0.264354   0
 907   MET   -0.0897832   0
 908   VAL   -0.311644   0
 909   CYS   -0.117135   0.677474
 914   CYS   -0.24335   0.470342
 917   ASP   0.138547   0.38157
 918   SER   -0.262468   0
 919   LEU   -0.23536   0
 922   GLN   -0.18339   0
 944   ASP   0.0940384   0.429965
 945   ASP   -0.0730602   0.165868
 946   TYR   -0.0937343   0.315176
 948   ASP   -0.0359644   0.111283
 980   ARG   -0.0108384   -0.104733
 989   ARG   -0.00132594   -0.3213
 990   PRO   0.098228   0
 994   ASP   -0.0181689   0.110362
1013   LYS   -0.00301679   -0.11625
1016   HID   -0.012446   -0.202218
1016   HIS   -0.0546764   -0.107799
1016   HID   0.0394331   -0.109832
1019   TYR   0.0334726   0.195396
1029   HIS   -0.031928   -0.198416
1029   HID   0.0313262   -0.110202
1029   HID   0.0135476   -0.147599
1029   HID   -0.0656872   -0.209536
1029   HID   -0.0124951   -0.135744
1032   ARG   -0.200584   -0.452995
1033   VAL   0.0856081   0
1034   GLY   0.31483   0
1035   ALA   -0.139856   0
1036   THR   0.0631328   0
1037   TYR   0.0126611   0.208696
1042   HIS   -0.00349606   -0.107429
1042   HIS   -0.0109232   -0.124906
1042   HID   -0.0149779   -0.104405
1059   ARG   0.0647036   -0.122987
1065   VAL   0.0844623   0
1066   THR   0.222722   0
1067   GLU   -0.0141018   0.144319
1069   MET   0.539079   0
1070   GLY   0.0766729   0
1071   ILE   -0.162554   0
1076   TYR   -1.66893   4.30973
1077   ARG   -0.0933876   -0.274702
1078   VAL   -0.122156   0
1085   TYR   -0.00778062   0.141427
SITE:  ASP- 898
 394   TYR   0.0196356   0.163399
 398   HID   -0.00437727   -0.105932
 894   GLU   0.141919   0.195073
 895   GLU   -0.0462724   0.4248
 896   GLY   0.0723103   0
 897   HIS   0.43471   -1.34519
 899   TYR   -0.796238   0.775073
 900   THR   -0.779587   0
 901   SER   -0.633096   0
 902   SER   0.0753224   0
 903   LYS   -0.166171   -0.525529
 904   GLY   -0.395316   0
 905   GLN   -0.229408   0
 909   CYS   -0.0585037   0.317402
 914   CYS   -0.0944556   0.207153
 917   ASP   0.0381498   0.118322
 944   ASP   0.0470577   0.188041
 946   TYR   -0.0576712   0.320204
 980   ARG   -0.00520282   -0.131966
 989   ARG   0.0043485   -0.220713
 990   PRO   0.107433   0
 991   GLN   0.330824   0
 992   GLY   0.124809   0
 993   GLY   0.0492098   0
 994   ASP   -0.0405239   0.182753
 996   MET   -0.188905   0
1016   HID   -0.0144285   -0.134279
1029   HIS   -0.112538   -0.542263
1029   HID   0.0780736   -0.196255
1029   HIS   0.0931687   -0.150519
1029   HID   0.00579724   -0.245198
1029   HIS   0.0905562   -0.131172
1029   HID   0.0129251   -0.104032
1029   HID   -0.187981   -0.531174
1029   HID   -0.0081946   -0.214515
1030   GLY   0.0679634   0
1032   ARG   -0.470124   -0.585808
1033   VAL   0.0439728   0
1034   GLY   0.180643   0
1076   TYR   -0.0413692   0.849279
SITE:  TYR- 899
 391   GLU   0.0634218   0.300253
 392   LYS   0.047747   -0.125047
 394   TYR   0.104201   0.590108
 396   ASP   -0.026406   0.166288
 398   HID   -0.0285981   -0.421339
 890   TYR   -0.0802606   0.338777
 891   PHE   0.312645   0
 892   VAL   -0.291286   0
 893   LEU   -0.0522997   0
 894   GLU   0.637917   0.700391
 895   GLU   -0.469634   0.857608
 896   GLY   -0.434928   0
 897   HIS   -0.188406   -2.01154
 898   ASP   -0.171547   0.775073
 901   SER   0.186171   0
 902   SER   0.153392   0
 903   LYS   0.0915005   -0.221089
 904   GLY   0.324985   0
 905   GLN   -0.0236839   0
 908   VAL   -0.285423   0
 909   CYS   -0.135664   0.773164
 910   GLY   -0.0427689   0
 914   CYS   -0.170003   0.448957
 917   ASP   0.0780926   0.244499
 919   LEU   -0.288472   0
 920   VAL   -0.0887602   0
 939   PRO   0.0706665   0
 940   SER   0.12053   0
 941   SER   -0.40741   0
 942   TRP   -0.72276   0
 943   ILE   -0.259467   0
 944   ASP   0.135228   0.753338
 945   ASP   -0.180105   0.364535
 946   TYR   -0.194038   0.610936
 948   ASP   -0.0742646   0.192876
 951   LYS   -0.016158   -0.126423
 956   CYS   -0.0313814   0.101853
 957   CYS   -0.00625925   0.15843
 979   CYS   -0.0229928   0.131634
 980   ARG   -0.0194895   -0.14432
 989   ARG   -0.0448578   -0.351967
 990   PRO   0.111406   0
 992   GLY   0.139147   0
 994   ASP   -0.0159472   0.156585
1000   PRO   0.00784139   0
1005   ASP   0.000104878   0.168413
1011   CYS   0.00742793   0.118269
1013   LYS   -0.00647907   -0.276565
1016   HID   -0.000272773   -0.235931
1016   HIS   0.0439305   -0.233482
1016   HID   -0.022927   -0.574502
1016   HIS   0.011455   -0.176717
1016   HID   0.0634274   -0.122275
1016   HIS   -0.134662   -0.307441
1016   HID   0.109471   -0.262977
1019   TYR   0.124416   0.488424
1022   ALA   0.438854   0
1023   VAL   -0.359293   0
1024   ASN   -0.0700336   0
1029   HIS   -0.02042   -0.202203
1029   HID   0.020615   -0.168075
1029   HID   0.059227   -0.216065
1029   HID   -0.0690514   -0.233679
1029   HID   -0.0281937   -0.24927
1032   ARG   -0.211484   -0.553871
1033   VAL   -0.11776   0
1034   GLY   1.12757   0
1035   ALA   -0.498824   0
1036   THR   -1.05871   0
1037   TYR   0.191715   0.587223
1038   PHE   -0.157031   0
1041   TYR   0.029424   0.208206
1042   HIS   -0.00252338   -0.200095
1042   HID   0.0506534   -0.126257
1042   HIS   -0.0312264   -0.223027
1042   HID   -0.0301209   -0.193084
1059   ARG   0.0879815   -0.183317
1076   TYR   -0.256888   1.07491
1077   ARG   -0.00331367   -0.326875
1078   VAL   -0.235038   0
1079   PHE   0.176353   0
1080   PRO   -0.0545564   0
1081   TYR   0.0289074   0.211483
1085   TYR   -0.0210446   0.25823
SITE:  LYS- 903
 895   GLU   0.00249237   0.100058
 897   HIS   -0.123483   -0.575602
 898   ASP   -0.167569   0.525529
 899   TYR   -0.0635582   0.221089
 901   SER   0.278568   0
 902   SER   0.0566488   0
 904   GLY   -0.38167   0
 906   ASN   -0.199448   0
 907   MET   -0.18491   0
 909   CYS   -0.0236242   0.228164
 914   CYS   -0.10722   0.209864
 917   ASP   0.0571812   0.195955
 944   ASP   0.0234968   0.101589
 989   ARG   0.0294681   -0.173839
1032   ARG   -0.054242   -0.106193
1069   MET   0.218214   0
1070   GLY   0.137022   0
1076   TYR   0.0432764   0.493387
SITE:  CYS- 909
  96   ARG   0.0473237   -0.123749
  97   CYS   -0.0316798   0.119624
 232   ASP   0.020105   0.221724
 233   GLU   0.113022   0.341149
 234   VAL   0.129281   0
 237   PRO   0.0565334   0
 238   CYS   0.00314142   0.149256
 242   ASP   -0.00193719   0.108194
 890   TYR   -0.0310911   0.130081
 894   GLU   0.0586056   0.119444
 895   GLU   -0.0335247   0.123701
 897   HIS   -0.0974443   -0.677474
 898   ASP   -0.10477   0.317402
 899   TYR   0.113289   0.773164
 901   SER   0.25573   0
 902   SER   0.523442   0
 903   LYS   0.203743   -0.228164
 904   GLY   0.120653   0
 905   GLN   0.611061   0
 906   ASN   0.897454   0
 908   VAL   -0.254994   0
 910   GLY   -0.772064   0
 911   GLY   -0.707002   0
 912   MET   -0.299946   0
 913   GLY   -0.375371   0
 914   CYS   -0.725536   4.33512
 915   ASN   0.402594   0
 917   ASP   -0.0138725   0.385816
 918   SER   -0.246084   0
 919   LEU   -0.188131   0
 920   VAL   -0.318592   0
 922   GLN   -0.191091   0
 939   PRO   -0.0502338   0
 941   SER   -0.120944   0
 943   ILE   -0.162277   0
 944   ASP   0.691978   2.29592
 945   ASP   -0.137472   0.515416
 946   TYR   -0.196868   0.603019
 947   PHE   -0.357456   0
 948   ASP   -0.15827   0.559664
 951   LYS   -0.0985124   -0.372308
 956   CYS   -0.0535502   0.166039
 957   CYS   0.0165423   0.23617
 979   CYS   -0.0397296   0.17138
 980   ARG   -0.0838656   -0.282958
 985   GLU   0.0733224   0.148375
 987   LYS   0.118148   -0.183067
 989   ARG   -0.0435287   -2.48582
 990   PRO   0.16918   0
 992   GLY   0.130623   0
 994   ASP   -0.0477318   0.178682
1005   ASP   0.00125026   0.161368
1011   CYS   0.0184786   0.166448
1013   LYS   -0.0244324   -0.259433
1016   HID   0.0137162   -0.108358
1016   HIS   0.0333657   -0.120684
1016   HID   -0.00615582   -0.236939
1016   HIS   -0.0986296   -0.135833
1016   HID   0.0819036   -0.238786
1019   TYR   -0.00830329   0.418155
1032   ARG   -0.0553652   -0.109323
1037   TYR   0.0298685   0.200316
1041   TYR   0.0217057   0.11751
1042   HIS   0.00533139   -0.104175
1042   HIS   -0.00659795   -0.126662
1076   TYR   -0.0484598   0.290392
1085   TYR   -0.00550104   0.108303
SITE:  CYS- 914
  96   ARG   0.0439913   -0.10335
  97   CYS   -0.0285043   0.110682
 232   ASP   0.021666   0.187605
 233   GLU   0.132998   0.327314
 234   VAL   0.0879204   0
 237   PRO   0.0440195   0
 238   CYS   0.0205296   0.146894
 897   HIS   -0.080739   -0.470342
 898   ASP   -0.0713024   0.207153
 899   TYR   0.0502201   0.448957
 901   SER   0.169916   0
 902   SER   0.377846   0
 903   LYS   0.200406   -0.209864
 904   GLY   0.0909687   0
 905   GLN   0.333135   0
 906   ASN   0.950472   0
 908   VAL   -0.179267   0
 909   CYS   0.679414   4.33512
 910   GLY   -0.440218   0
 911   GLY   -1.03409   0
 912   MET   -0.123731   0
 913   GLY   -0.136194   0
 915   ASN   0.620047   0
 917   ASP   -0.0713496   0.55035
 918   SER   -0.34742   0
 920   VAL   -0.277248   0
 921   GLN   -0.0207511   0
 922   GLN   -0.218824   0
 939   PRO   -0.0555656   0
 944   ASP   0.254082   1.17544
 945   ASP   -0.0550029   0.310773
 946   TYR   -0.0850208   0.321402
 948   ASP   -0.0602272   0.360852
 951   LYS   -0.0522034   -0.260433
 956   CYS   -0.030633   0.104099
 957   CYS   0.00990217   0.140596
 979   CYS   -0.0240618   0.100405
 980   ARG   -0.0563794   -0.177723
 985   GLU   0.0475698   0.105397
 987   LYS   0.0750422   -0.134165
 989   ARG   -0.119077   -1.68805
 990   PRO   0.0917534   0
 994   ASP   -0.0246324   0.106981
1011   CYS   0.0118539   0.10305
1013   LYS   -0.0131484   -0.164267
1016   HID   -0.00237878   -0.130261
1016   HID   0.0429791   -0.144135
1019   TYR   -0.00601335   0.251305
1037   TYR   0.0112193   0.12303
1042   HIS   -0.00234976   -0.103078
1076   TYR   -0.0259136   0.219265
SITE:  ASP- 917
 897   HIS   -0.061634   -0.38157
 898   ASP   -0.0559672   0.118322
 899   TYR   -0.0326465   0.244499
 903   LYS   0.129106   -0.195955
 904   GLY   0.0953426   0
 906   ASN   0.165809   0
 907   MET   0.187348   0
 908   VAL   0.0700494   0
 909   CYS   0.127577   0.385816
 914   CYS   -0.243668   0.55035
 915   ASN   -1.15216   0
 916   ASN   0.807818   0
 918   SER   -0.51236   0
 921   GLN   -0.283672   0
 922   GLN   -0.925722   0
 925   ASN   -0.20822   0
 932   TYR   -0.0156365   0.100112
 944   ASP   0.0296556   0.232728
 989   ARG   0.0068546   -0.184162
1042   HIS   0.00567068   -0.112279
1065   VAL   0.102315   0
1067   GLU   -0.131384   0.311263
1068   THR   -0.658997   0
1076   TYR   -0.0138596   0.275769
SITE:  ASP- 930
 240   CYS   -0.00652181   0.131974
 250   LYS   -0.102506   -0.281397
 251   PRO   0.137285   0
 252   GLN   -0.17797   0
 253   PRO   -0.0306662   0
 487   TYR   -0.00613392   0.161128
 518   ARG   0.0606232   -0.156833
 550   TYR   -0.00833005   0.55639
 551   ASP   -0.0642447   0.126192
 552   ASP   0.055275   0.450994
 555   TYR   0.00447913   0.392504
 875   TYR   0.016569   0.140931
 884   HIS   0.186826   -0.44548
 887   PRO   0.133314   0
 890   TYR   0.000382332   0.169326
 923   ILE   0.170054   0
 924   PHE   0.173566   0
 926   ALA   0.429508   0
 927   ALA   0.678442   0
 931   ASN   -0.608441   0
 932   TYR   -0.203312   0.200376
 933   THR   0.513898   0
 934   ARG   -0.320127   -0.715942
 935   ILE   0.64133   0
 936   GLY   -0.0508895   0
 937   PHE   0.284445   0
 939   PRO   -0.00116163   0
 944   ASP   -0.012723   0.107342
1013   LYS   -0.000466071   -0.10941
1019   TYR   0.0073832   0.124685
1037   TYR   -0.0273336   0.119986
1040   THR   -0.171592   0
1041   TYR   0.213936   0.272768
1042   HIS   -0.108451   -0.749006
1042   HID   -0.0792469   -1.11572
1042   HIS   0.937801   -0.82274
1042   HID   -0.122864   -0.463348
1043   THR   -0.498692   0
1044   VAL   0.152309   0
1050   ASP   0.0802362   0.393096
1053   ASP   -0.0611789   0.254775
1057   LYS   -0.0861799   -0.359937
1059   ARG   0.0168176   -0.106761
1081   TYR   0.033912   0.114182
1085   TYR   -0.0305546   0.372408
1088   TYR   -0.00713881   0.115624
SITE:  TYR- 932
 253   PRO   -0.279039   0
 254   PRO   0.328382   0
 256   PRO   -0.00439021   0
 917   ASP   -0.0103477   0.100112
 922   GLN   0.181031   0
 930   ASP   -0.0266664   0.200376
 934   ARG   -0.0096922   -0.209208
1042   HIS   -0.0382711   -0.223085
1042   HID   0.099411   -0.156059
1042   HIS   -0.00885081   -0.280196
1042   HID   0.0180882   -0.191442
1050   ASP   0.042421   0.141959
1053   ASP   0.0610871   0.327695
1056   LYS   0.00805439   -0.309948
1057   LYS   0.0514318   -1.22411
1059   ARG   -0.0580978   -0.141298
1060   LEU   -0.156097   0
1067   GLU   -0.0521853   0.135875
1085   TYR   0.0098095   0.21146
SITE:  ARG- 934
 550   TYR   0.0324372   0.209424
 552   ASP   0.023589   0.18002
 555   TYR   0.00538012   0.110523
 857   ASP   -0.0417738   0.138529
 861   ASP   0.00707111   0.15728
 875   TYR   0.0151611   0.166382
 884   HIS   0.0861571   -0.268359
 887   PRO   0.0792096   0
 890   TYR   0.00362126   0.119794
 930   ASP   0.402299   0.715942
 931   ASN   0.83112   0
 932   TYR   0.0107057   0.209208
 933   THR   -0.173114   0
 936   GLY   -0.0460075   0
1041   TYR   0.0382165   0.156632
1042   HIS   -0.15215   -0.70305
1042   HID   0.29356   -0.693147
1042   HIS   0.233674   -0.64909
1042   HID   -0.0473608   -0.525572
1043   THR   -0.24755   0
1044   VAL   0.666458   0
1045   LEU   -0.227404   0
1046   GLN   -0.585162   0
1047   THR   0.156877   0
1050   ASP   0.785128   2.76998
1053   ASP   -0.334268   0.917069
1056   LYS   -0.0998726   -0.199435
1057   LYS   -0.150452   -0.683542
1059   ARG   -0.0174318   -0.128459
1081   TYR   0.0184833   0.119163
1085   TYR   -0.0235397   0.413857
1088   TYR   0.00777245   0.255621
1091   TYR   -0.0267996   0.162985
SITE:  ASP- 944
  96   ARG   0.0906856   -0.207771
  97   CYS   -0.046351   0.160761
 100   CYS   -0.0204098   0.111882
 232   ASP   0.0148341   0.190046
 233   GLU   0.014836   0.18682
 234   VAL   0.150982   0
 237   PRO   0.0975308   0
 238   CYS   -0.010001   0.190403
 240   CYS   -0.0352682   0.108744
 242   ASP   -0.000344296   0.169095
 487   TYR   -0.00890549   0.130052
 515   TYR   0.0185255   0.114123
 518   ARG   0.044067   -0.119072
 555   TYR   0.00127029   0.115719
 890   TYR   -0.0551555   0.230039
 894   GLU   0.0441352   0.117202
 895   GLU   -0.0349904   0.114836
 897   HIS   -0.0479213   -0.429965
 898   ASP   -0.0600106   0.188041
 899   TYR   0.0665114   0.753338
 902   SER   0.16941   0
 903   LYS   0.086979   -0.101589
 904   GLY   0.0833372   0
 905   GLN   0.134267   0
 906   ASN   0.251638   0
 908   VAL   0.205559   0
 909   CYS   -0.800005   2.29592
 910   GLY   -0.630163   0
 911   GLY   -0.100302   0
 914   CYS   -0.217679   1.17544
 915   ASN   0.198855   0
 917   ASP   -0.0012139   0.232728
 919   LEU   -0.166028   0
 920   VAL   -0.371678   0
 921   GLN   0.140247   0
 930   ASP   -0.0052832   0.107342
 939   PRO   -0.10898   0
 941   SER   -0.241821   0
 943   ILE   -0.294699   0
 945   ASP   -1.04631   1.33474
 946   TYR   -0.375484   0.63376
 947   PHE   -0.448207   0
 948   ASP   -0.423112   0.861204
 951   LYS   -0.0678379   -0.504571
 956   CYS   -0.0759821   0.249639
 957   CYS   0.00739282   0.287793
 979   CYS   -0.0429978   0.18876
 980   ARG   -0.0673567   -0.215536
 987   LYS   0.122114   -0.162854
 989   ARG   -0.279571   -0.942176
 990   PRO   0.0851438   0
 994   ASP   -0.0195138   0.135737
1005   ASP   0.0116715   0.259042
1011   CYS   0.0356499   0.279721
1013   LYS   -0.0477199   -0.574907
1015   GLY   0.02372   0
1016   HID   0.0282615   -0.176301
1016   HIS   0.0638644   -0.199057
1016   HID   0.0094669   -0.381743
1016   HIS   0.0306788   -0.154947
1016   HID   0.0490764   -0.111889
1016   HIS   -0.16732   -0.243159
1016   HID   0.146787   -0.464527
1019   TYR   -0.0513066   0.994466
1037   TYR   0.0777196   0.360156
1041   TYR   0.0438992   0.229619
1042   HIS   0.017108   -0.163293
1042   HID   0.0256012   -0.125006
1042   HIS   -0.0209395   -0.190122
1042   HID   -0.0231888   -0.128566
1076   TYR   -0.0379634   0.204851
1081   TYR   0.0235524   0.102509
1085   TYR   -0.00975527   0.156745
SITE:  ASP- 945
  96   ARG   0.101096   -0.295523
  97   CYS   -0.0387925   0.15963
 100   CYS   -0.0191427   0.118792
 164   GLU   0.0219802   0.133178
 232   ASP   0.00600712   0.132642
 238   CYS   -0.0273022   0.163145
 242   ASP   0.0162332   0.190946
 475   TYR   -0.0464678   0.134651
 479   CYS   -0.020399   0.101475
 487   TYR   -0.021299   0.249513
 512   HIS   0.0197428   -0.11307
 515   TYR   0.0271829   0.231889
 516   CYS   0.0347044   0.195589
 518   ARG   0.0506061   -0.174715
 520   PRO   0.00320799   0
 525   ASP   0.00398784   0.105177
 533   CYS   0.0309839   0.20759
 539   GLY   -0.112694   0
 540   PRO   -0.0409299   0
 550   TYR   -0.00439098   0.123607
 555   TYR   0.00321846   0.165644
 890   TYR   -0.02739   0.299644
 897   HIS   -0.00932434   -0.165868
 899   TYR   0.03348   0.364535
 909   CYS   -0.07602   0.515416
 910   GLY   0.0503068   0
 914   CYS   -0.0408526   0.310773
 939   PRO   0.0286434   0
 940   SER   0.198404   0
 941   SER   0.613158   0
 942   TRP   0.427045   0
 943   ILE   0.0803769   0
 944   ASP   -0.448996   1.33474
 946   TYR   -0.442307   0.569814
 947   PHE   -0.18003   0
 948   ASP   -0.656761   1.08594
 949   TRP   -0.281105   0
 951   LYS   0.00503615   -0.586707
 956   CYS   -0.142229   0.492511
 957   CYS   -0.00950639   0.389001
 958   ARG   0.0508403   -0.148423
 979   CYS   -0.0479654   0.232304
 980   ARG   -0.0390608   -0.165075
 987   LYS   0.0647716   -0.130304
 989   ARG   -0.164227   -0.357224
 990   PRO   0.0254023   0
 994   ASP   0.000296596   0.102368
1005   ASP   0.0593133   0.568521
1007   PRO   -0.0963792   0
1011   CYS   0.091278   0.668979
1012   GLY   -0.150911   0
1013   LYS   -0.15553   -2.55025
1014   GLY   0.308845   0
1015   GLY   0.035356   0
1016   HID   0.0805011   -0.327011
1016   HIS   0.164434   -0.381874
1016   HID   0.0807345   -0.591894
1016   HIS   0.0734842   -0.312612
1016   HID   0.100885   -0.222803
1016   HIS   -0.441584   -0.447288
1016   HID   0.110561   -1.51751
1018   ALA   -0.165167   0
1019   TYR   -1.56924   4.04769
1037   TYR   0.0793554   0.459947
1041   TYR   0.0241342   0.363512
1042   HIS   0.0296966   -0.144827
1042   HID   0.00955938   -0.119657
1042   HIS   -0.0452063   -0.153531
1042   HID   -0.017226   -0.111295
1081   TYR   0.0182283   0.106519
1085   TYR   -0.0114922   0.127823
SITE:  TYR- 946
  61   GLU   0.000509104   0.103091
 232   ASP   -0.000987375   0.161664
 233   GLU   0.0108905   0.162851
 890   TYR   -0.0176415   0.125348
 895   GLU   -0.0507722   0.150997
 897   HIS   0.00755104   -0.315176
 898   ASP   0.0759904   0.320204
 899   TYR   0.240878   0.610936
 905   GLN   -0.417172   0
 909   CYS   -0.0611749   0.603019
 914   CYS   -0.0553227   0.321402
 942   TRP   0.303181   0
 943   ILE   0.287405   0
 944   ASP   0.210144   0.63376
 945   ASP   -0.180427   0.569814
 948   ASP   -0.155307   0.525111
 949   TRP   -0.139232   0
 950   VAL   -0.398594   0
 951   LYS   0.0175337   -0.410225
 952   PRO   -0.0390538   0
 956   CYS   -0.178013   0.451986
 957   CYS   -0.0221704   1.20629
 958   ARG   0.103165   -0.276517
 960   ASP   0.019943   0.112004
 964   ASP   0.0307747   0.241917
 967   CYS   0.0721342   0.186092
 976   CYS   -0.049701   0.152895
 978   ARG   -0.207974   -0.155197
 979   CYS   -0.252979   1.10442
 980   ARG   -0.0964762   -0.926952
 981   PRO   0.109244   0
 985   GLU   0.118812   0.237312
 986   GLY   0.179073   0
 987   LYS   0.156549   -0.224504
 988   GLN   0.212178   0
 989   ARG   -0.501856   -0.614102
 990   PRO   0.0720713   0
 992   GLY   0.525924   0
 993   GLY   0.287334   0
 994   ASP   0.467946   0.96362
 995   PHE   2.45807   0
 996   MET   -0.000772193   0
 997   ARG   -0.591595   -0.509206
 998   PHE   -1.29056   0
 999   LEU   -0.246816   0
1000   PRO   0.0100345   0
1001   MET   -0.595002   0
1002   PHE   -0.418838   0
1004   SER   -0.175894   0
1005   ASP   -0.103823   0.667606
1011   CYS   0.00463038   0.429454
1013   LYS   -0.0246512   -0.34072
1014   GLY   -0.11416   0
1015   GLY   -0.0645897   0
1016   HID   0.0562058   -0.357554
1016   HIS   0.0711175   -0.424093
1016   HID   -0.0868696   -0.763613
1016   HIS   0.07324   -0.291266
1016   HID   0.085251   -0.214126
1016   HIS   -0.385044   -0.310022
1016   HID   0.215046   -0.546149
1019   TYR   -0.0571461   0.471879
1023   VAL   -0.0856074   0
1029   HIS   -0.00077112   -0.180218
1029   HID   -0.00267229   -0.18808
1029   HID   0.0798663   -0.166513
1029   HID   -0.05363   -0.199751
1029   HID   -0.0531217   -0.476311
1031   THR   0.114828   0
1032   ARG   -0.0674016   -0.19714
1033   VAL   -0.134045   0
1034   GLY   0.120601   0
1037   TYR   0.0669206   0.228896
1041   TYR   0.0107284   0.104746
1076   TYR   -0.0288784   0.15579
SITE:  ASP- 948
  57   ASP   0.0230382   0.104569
  61   GLU   0.0273023   0.200628
  63   CYS   -0.032143   0.115061
  84   LYS   0.0190196   -0.171277
  96   ARG   0.138348   -0.357296
  97   CYS   -0.088245   0.307042
  98   PRO   -0.107137   0
 100   CYS   -0.0386213   0.231548
 102   TYR   -0.0162133   0.143442
 160   CYS   0.00770495   0.144292
 164   GLU   0.0258733   0.139044
 227   CYS   0.0304238   0.115061
 232   ASP   0.0108355   0.339698
 233   GLU   -0.0397686   0.203531
 234   VAL   0.177471   0
 237   PRO   0.146628   0
 238   CYS   -0.0525219   0.322081
 242   ASP   0.0147217   0.266474
 243   CYS   -0.00274864   0.113362
 487   TYR   -0.00510783   0.123926
 515   TYR   0.0291832   0.222341
 516   CYS   0.0141787   0.124906
 518   ARG   0.0321682   -0.139842
 533   CYS   0.0129101   0.131795
 890   TYR   -0.0113209   0.102892
 897   HIS   -0.00990696   -0.111283
 899   TYR   0.038493   0.192876
 909   CYS   -0.0284616   0.559664
 910   GLY   0.0715711   0
 911   GLY   -0.15953   0
 912   MET   -0.171341   0
 914   CYS   -0.018828   0.360852
 941   SER   0.128069   0
 942   TRP   0.160128   0
 943   ILE   0.170955   0
 944   ASP   0.368352   0.861204
 945   ASP   0.30337   1.08594
 946   TYR   0.177719   0.525111
 949   TRP   -0.432192   0
 950   VAL   -0.1839   0
 951   LYS   -0.327533   -2.9277
 952   PRO   -0.0289901   0
 954   SER   -0.176833   0
 956   CYS   -0.206565   0.680752
 957   CYS   0.0369927   0.543079
 958   ARG   0.07151   -0.212067
 978   ARG   -0.137778   -0.115684
 979   CYS   -0.0742272   0.295152
 980   ARG   -0.103358   -0.267289
 985   GLU   0.0542107   0.111019
 987   LYS   0.186177   -0.321436
 989   ARG   -0.307085   -0.614542
 990   PRO   0.0165983   0
 994   ASP   -0.0140756   0.124803
1005   ASP   0.0273479   0.40781
1011   CYS   0.126911   0.664802
1012   GLY   -0.110365   0
1013   LYS   -0.122319   -0.553253
1014   GLY   -0.00230143   0
1015   GLY   -0.0139888   0
1016   HID   0.0398559   -0.137526
1016   HIS   0.0588832   -0.164019
1016   HID   0.0150146   -0.234186
1016   HIS   0.040343   -0.136598
1016   HID   0.0348424   -0.102731
1016   HIS   -0.177594   -0.161856
1016   HID   0.132896   -0.631156
1019   TYR   -0.1081   0.591219
1037   TYR   0.0255101   0.148508
1041   TYR   0.0121722   0.127338
SITE:  LYS- 951
  57   ASP   0.040832   0.165616
  61   GLU   0.0277214   0.339763
  63   CYS   -0.0453802   0.188042
  84   LYS   0.026637   -0.28402
  95   SER   0.229224   0
  96   ARG   0.127287   -0.355936
  97   CYS   -0.112729   0.37566
  98   PRO   -0.134266   0
 100   CYS   -0.055663   0.322199
 102   TYR   -0.0225546   0.218462
 109   CYS   -0.0242318   0.161417
 160   CYS   0.00585922   0.194681
 164   GLU   0.0289184   0.133516
 225   LYS   -0.00858642   -0.100348
 227   CYS   0.0340975   0.133506
 232   ASP   -0.00364524   0.465643
 233   GLU   -0.0545945   0.222105
 234   VAL   0.080428   0
 237   PRO   0.12322   0
 238   CYS   -0.0468847   0.373264
 242   ASP   0.0173436   0.273291
 243   CYS   -0.00519155   0.121585
 515   TYR   0.0242658   0.22015
 516   CYS   0.00879276   0.10659
 518   ARG   0.0147721   -0.118488
 533   CYS   0.00922003   0.115485
 899   TYR   0.031676   0.126423
 909   CYS   -0.0105609   0.372308
 914   CYS   0.000767609   0.260433
 944   ASP   0.117382   0.504571
 945   ASP   0.128543   0.586707
 946   TYR   0.170333   0.410225
 947   PHE   0.186444   0
 948   ASP   1.34984   2.9277
 949   TRP   0.153497   0
 950   VAL   0.0622936   0
 952   PRO   -0.416766   0
 953   GLN   -0.189816   0
 954   SER   -0.39908   0
 955   SER   -0.20845   0
 956   CYS   -0.213436   0.757439
 957   CYS   0.110429   0.665077
 958   ARG   0.0838553   -0.28296
 973   ASP   0.0115146   0.104219
 978   ARG   -0.208507   -0.176992
 979   CYS   -0.103226   0.352437
 980   ARG   -0.105324   -0.304194
 981   PRO   0.119629   0
 985   GLU   0.0596542   0.128235
 986   GLY   0.0963308   0
 987   LYS   0.186177   -0.481864
 989   ARG   -0.225566   -0.500585
 990   PRO   -0.00144433   0
 994   ASP   -0.0193871   0.124427
1005   ASP   0.0220124   0.341235
1010   LYS   0.0569468   -0.116274
1011   CYS   0.133   0.618358
1013   LYS   -0.0834491   -0.354167
1016   HIS   0.0401592   -0.116676
1016   HID   0.0100292   -0.156704
1016   HIS   -0.118535   -0.111292
1016   HID   0.08869   -0.428594
1019   TYR   -0.0630585   0.352155
SITE:  CYS- 956
  57   ASP   0.0149092   0.226676
  61   GLU   0.0332746   0.378755
  63   CYS   -0.0193122   0.115639
  84   LYS   0.0248225   -0.371381
  96   ARG   0.0321674   -0.182261
  97   CYS   -0.0228307   0.1403
 100   CYS   -0.0135585   0.138505
 232   ASP   0.0059096   0.164095
 238   CYS   -0.0154703   0.122573
 242   ASP   0.0115203   0.116767
 475   TYR   -0.0295118   0.216188
 515   TYR   0.00483854   0.217403
 516   CYS   0.00402032   0.110349
 533   CYS   0.00527953   0.143627
 899   TYR   0.0213559   0.101853
 909   CYS   -0.0106618   0.166039
 914   CYS   -0.00618319   0.104099
 944   ASP   0.0568129   0.249639
 945   ASP   0.134077   0.492511
 946   TYR   0.218726   0.451986
 948   ASP   0.179991   0.680752
 949   TRP   0.520416   0
 950   VAL   0.0451295   0
 951   LYS   0.441971   -0.757439
 952   PRO   0.140854   0
 954   SER   1.1057   0
 955   SER   -0.0459362   0
 957   CYS   -0.219321   1.61607
 958   ARG   0.437346   -1.18217
 960   ASP   -0.010301   0.119854
 966   PHE   -0.176264   0
 967   CYS   0.195793   0.35241
 968   ASN   0.187274   0
 969   ALA   -0.19049   0
 973   ASP   0.0390362   0.39021
 976   CYS   -0.00697077   0.334113
 978   ARG   -0.365324   -0.285027
 979   CYS   -0.0949403   0.717615
 980   ARG   -0.0124791   -0.245279
 987   LYS   0.061775   -0.242241
 989   ARG   -0.10536   -0.18885
 990   PRO   -0.0120822   0
 994   ASP   0.00323602   0.125094
 997   ARG   -0.0127782   -0.106493
1005   ASP   0.226495   1.41516
1006   ASN   0.200232   0
1007   PRO   -0.130866   0
1008   ASN   0.0870769   0
1009   PRO   0.0177799   0
1010   LYS   0.0424269   -0.46524
1011   CYS   -1.00497   4.0255
1012   GLY   0.127353   0
1013   LYS   -0.107461   -0.455908
1014   GLY   -0.221588   0
1015   GLY   -0.0668668   0
1016   HID   0.0812702   -0.193881
1016   HIS   0.0671089   -0.246186
1016   HID   0.0254584   -0.246806
1016   HIS   0.113303   -0.231924
1016   HID   -0.001274   -0.200465
1016   HIS   -0.23486   -0.212065
1016   HID   0.196404   -0.785791
1019   TYR   -0.0911924   0.350004
1037   TYR   0.016914   0.105039
SITE:  CYS- 957
  57   ASP   0.0393882   0.309215
  61   GLU   0.00402431   0.306156
  63   CYS   -0.0236088   0.106744
  84   LYS   0.00652295   -0.238159
 232   ASP   0.00742042   0.202232
 233   GLU   -0.0255552   0.12664
 475   TYR   -0.0174911   0.140668
 899   TYR   0.0499535   0.15843
 909   CYS   -0.0166116   0.23617
 914   CYS   -0.0127519   0.140596
 943   ILE   0.112453   0
 944   ASP   0.0968021   0.287793
 945   ASP   0.0765818   0.389001
 946   TYR   0.497322   1.20629
 947   PHE   0.240212   0
 948   ASP   0.0545324   0.543079
 949   TRP   1.53066   0
 950   VAL   0.416018   0
 951   LYS   0.646722   -0.665077
 952   PRO   0.109386   0
 954   SER   -0.28704   0
 955   SER   -0.574588   0
 956   CYS   -0.412366   1.61607
 958   ARG   0.284934   -1.54748
 959   VAL   0.125015   0
 960   ASP   0.00760445   0.267683
 964   ASP   -0.0241216   0.299723
 966   PHE   -0.475824   0
 967   CYS   0.38589   0.604711
 968   ASN   0.174745   0
 973   ASP   0.00102718   0.366315
 976   CYS   -0.144967   0.573497
 977   VAL   0.275677   0
 978   ARG   -1.32938   -0.545513
 979   CYS   -0.584028   3.97766
 980   ARG   0.0149083   -0.846165
 981   PRO   0.174032   0
 985   GLU   0.0778287   0.206848
 986   GLY   0.183394   0
 987   LYS   0.148388   -0.362189
 988   GLN   0.204392   0
 989   ARG   -0.19673   -0.317068
 990   PRO   -0.0718194   0
 994   ASP   -0.0137735   0.419514
 995   PHE   0.166327   0
 997   ARG   -0.0730481   -0.346606
 998   PHE   0.0266383   0
 999   LEU   0.169688   0
1000   PRO   -0.00107055   0
1001   MET   -0.408004   0
1005   ASP   0.0487761   1.23884
1010   LYS   -0.0214802   -0.188021
1011   CYS   -0.0719896   1.0137
1013   LYS   -0.037279   -0.288127
1014   GLY   -0.184778   0
1015   GLY   -0.0986392   0
1016   HID   0.0781333   -0.231867
1016   HIS   0.050043   -0.301451
1016   HID   -0.00302774   -0.334088
1016   HIS   0.105733   -0.240726
1016   HID   0.0161097   -0.207467
1016   HIS   -0.249026   -0.212295
1016   HID   0.19522   -0.531494
1019   TYR   -0.0730864   0.282742
1029   HID   -0.0192883   -0.156702
1037   TYR   0.0266323   0.103576
SITE:  ARG- 958
  54   ASP   0.0404116   0.112955
  57   ASP   0.00401952   0.488513
  61   GLU   0.025616   0.495013
  63   CYS   -0.0140862   0.117807
  84   LYS   0.00495996   -0.44294
 232   ASP   0.00321612   0.11138
 475   TYR   -0.00901117   0.12205
 945   ASP   0.0281229   0.148423
 946   TYR   0.0969041   0.276517
 948   ASP   0.0456912   0.212067
 949   TRP   0.206938   0
 950   VAL   0.103848   0
 951   LYS   0.186981   -0.28296
 952   PRO   0.225172   0
 954   SER   0.149279   0
 955   SER   1.59651   0
 956   CYS   0.444805   1.18217
 957   CYS   0.00984935   1.54748
 959   VAL   0.0192316   0
 960   ASP   -0.0413156   0.304288
 964   ASP   -0.0536684   0.158772
 966   PHE   -0.199088   0
 967   CYS   0.0720464   0.823057
 968   ASN   0.63843   0
 971   VAL   0.0383738   0
 973   ASP   0.185038   1.39461
 974   PRO   -0.0273158   0
 976   CYS   0.0349834   1.26148
 977   VAL   0.156584   0
 978   ARG   -0.533088   -0.754119
 979   CYS   -9.06274e-05   1.15006
 980   ARG   0.0659984   -0.247251
 987   LYS   0.0303658   -0.223229
 989   ARG   -0.0489242   -0.100152
 994   ASP   -0.00538076   0.128424
 997   ARG   0.0086807   -0.140226
1005   ASP   0.0220224   0.580762
1010   LYS   -0.0556218   -0.355717
1011   CYS   -0.108337   0.708624
1013   LYS   -0.0121544   -0.133247
1016   HIS   0.0242946   -0.122733
1016   HID   0.0054715   -0.112431
1016   HIS   0.0548478   -0.112704
1016   HID   -0.0197999   -0.11811
1016   HID   0.0655028   -0.228283
1019   TYR   -0.0283042   0.1118
SITE:  ASP- 960
 946   TYR   0.0173132   0.112004
 956   CYS   0.042418   0.119854
 957   CYS   -0.0625273   0.267683
 958   ARG   -0.249496   -0.304288
 959   VAL   -0.143975   0
 961   ASN   -0.996537   0
 962   ILE   -0.746112   0
 963   THR   -0.858278   0
 964   ASP   -0.5503   0.573452
 965   GLN   0.246064   0
 967   CYS   0.0935684   1.33172
 973   ASP   -0.17372   0.273191
 974   PRO   -0.301166   0
 976   CYS   -0.54716   1.2066
 977   VAL   0.165491   0
 978   ARG   0.0626062   -0.18507
 979   CYS   0.0235232   0.429924
 980   ARG   0.0379206   -0.105537
 997   ARG   0.0829194   -0.26761
1005   ASP   -0.0183535   0.152195
SITE:  ASP- 964
 946   TYR   0.0216826   0.241917
 957   CYS   -0.0491344   0.299723
 958   ARG   -0.0638188   -0.158772
 959   VAL   -0.23958   0
 960   ASP   0.453628   0.573452
 961   ASN   0.322313   0
 963   THR   -0.264308   0
 965   GLN   -0.163759   0
 967   CYS   0.0385505   0.310513
 976   CYS   -0.16893   0.270996
 977   VAL   0.100764   0
 978   ARG   0.0552916   -0.134233
 979   CYS   0.0241938   0.605937
 980   ARG   0.0509913   -0.238459
 994   ASP   0.0255899   0.319992
 997   ARG   1.01017   -2.30858
1005   ASP   -0.0194801   0.137248
1029   HID   -0.0231391   -0.216044
SITE:  CYS- 967
  57   ASP   0.0103766   0.135882
  61   GLU   0.0015038   0.106319
 475   TYR   -0.00352485   0.145884
 946   TYR   0.0356162   0.186092
 956   CYS   0.241268   0.35241
 957   CYS   -0.288506   0.604711
 958   ARG   -0.345515   -0.823057
 959   VAL   -0.163816   0
 960   ASP   -0.445888   1.33172
 963   THR   -0.188513   0
 964   ASP   -0.23094   0.310513
 965   GLN   0.538095   0
 966   PHE   -0.100079   0
 968   ASN   0.373668   0
 971   VAL   -0.356547   0
 972   VAL   -0.193399   0
 973   ASP   -0.423066   0.76812
 974   PRO   -0.337162   0
 975   ALA   -0.348638   0
 976   CYS   -0.0538839   3.08192
 977   VAL   0.340715   0
 978   ARG   -0.0383109   -0.254024
 979   CYS   0.0334741   0.693667
 980   ARG   0.0457676   -0.130732
 994   ASP   0.00778723   0.100167
 997   ARG   0.065857   -0.206147
1005   ASP   -0.0439344   0.45742
1010   LYS   -0.042132   -0.157607
1011   CYS   -0.0514117   0.288905
1016   HID   0.0362828   -0.116676
1016   HIS   0.00935082   -0.154484
1016   HID   0.00442919   -0.106508
1016   HIS   0.0720495   -0.144406
1016   HID   -0.0860912   -0.210767
1016   HIS   0.00668581   -0.115951
1016   HID   0.0278015   -0.146209
SITE:  ASP- 973
  54   ASP   0.0307486   0.111554
  57   ASP   -0.0134054   0.298528
  61   GLU   0.012229   0.272703
  84   LYS   -0.00775652   -0.2794
 951   LYS   0.0484176   -0.104219
 955   SER   0.205541   0
 956   CYS   0.156458   0.39021
 957   CYS   0.00567631   0.366315
 958   ARG   -0.515792   -1.39461
 959   VAL   0.0964111   0
 960   ASP   -0.0663828   0.273191
 967   CYS   -0.173163   0.76812
 968   ASN   0.523988   0
 969   ALA   0.175904   0
 971   VAL   0.0941562   0
 972   VAL   0.0542945   0
 974   PRO   -0.492164   0
 975   ALA   -0.172056   0
 976   CYS   0.352787   1.58877
 978   ARG   -0.0973282   -0.379014
 979   CYS   0.00177817   0.310551
1005   ASP   0.00419419   0.233507
1010   LYS   -0.0708164   -0.33929
1011   CYS   -0.0591226   0.277522
SITE:  CYS- 976
  57   ASP   0.00808601   0.2886
  61   GLU   -0.00630248   0.184746
  84   LYS   -0.00308227   -0.158012
 946   TYR   0.0375412   0.152895
 955   SER   0.177993   0
 956   CYS   0.174246   0.334113
 957   CYS   -0.101448   0.573497
 958   ARG   -1.67359   -1.26148
 959   VAL   0.72459   0
 960   ASP   -0.586332   1.2066
 961   ASN   -0.169534   0
 963   THR   -0.163657   0
 964   ASP   -0.165319   0.270996
 965   GLN   0.282518   0
 966   PHE   -0.18051   0
 967   CYS   -0.899591   3.08192
 968   ASN   0.489594   0
 971   VAL   -0.251909   0
 972   VAL   -0.223594   0
 973   ASP   -1.23285   1.58877
 974   PRO   -0.388658   0
 975   ALA   -0.465802   0
 977   VAL   0.014912   0
 978   ARG   0.11113   -0.520863
 979   CYS   0.0412994   0.669222
 980   ARG   0.0653545   -0.148231
 997   ARG   0.0259244   -0.171466
1005   ASP   -0.0158944   0.29353
1010   LYS   -0.0358242   -0.15528
1011   CYS   -0.0361412   0.241798
1016   HID   -0.0312264   -0.100634
1016   HID   0.0252306   -0.102024
SITE:  ARG- 978
  53   LYS   0.060685   -0.1121
  54   ASP   0.153504   0.242423
  56   TYR   -0.105647   0.203794
  57   ASP   0.890224   2.74992
  60   GLN   -0.25589   0
  61   GLU   -0.0936628   0.548012
  63   CYS   -0.0160966   0.188382
  75   CYS   -0.00381674   0.132011
  84   LYS   -0.0129599   -0.337858
 109   CYS   -0.00663415   0.114699
 113   CYS   0.0170205   0.10814
 232   ASP   0.00596466   0.136644
 946   TYR   0.0445118   0.155197
 948   ASP   0.0261755   0.115684
 951   LYS   0.037157   -0.176992
 952   PRO   0.115321   0
 956   CYS   0.012163   0.285027
 957   CYS   0.161436   0.545513
 958   ARG   -0.213136   -0.754119
 959   VAL   0.135762   0
 960   ASP   -0.0239438   0.18507
 964   ASP   -0.0158285   0.134233
 967   CYS   0.00682872   0.254024
 973   ASP   0.0014514   0.379014
 976   CYS   0.001003   0.520863
 977   VAL   -0.0988526   0
 979   CYS   -0.155051   0.593886
 980   ARG   0.30678   -0.299202
 981   PRO   -0.176866   0
 982   LEU   -0.116278   0
 985   GLU   0.0108473   0.148536
 987   LYS   0.0114109   -0.369776
 994   ASP   -0.01202   0.135213
 997   ARG   -0.00398987   -0.116634
1005   ASP   0.0056894   0.144423
1011   CYS   -0.0109534   0.17838
SITE:  CYS- 979
  57   ASP   0.0360426   0.257482
  61   GLU   -0.00210997   0.204202
  84   LYS   0.00322784   -0.153034
 232   ASP   0.00305625   0.137966
 899   TYR   0.0424595   0.131634
 909   CYS   -0.0117121   0.17138
 914   CYS   -0.0111172   0.100405
 944   ASP   0.0664624   0.18876
 945   ASP   0.0243104   0.232304
 946   TYR   0.292934   1.10442
 948   ASP   0.00456659   0.295152
 949   TRP   0.342437   0
 950   VAL   0.250033   0
 951   LYS   0.167073   -0.352437
 952   PRO   0.012462   0
 956   CYS   -0.13357   0.717615
 957   CYS   -0.423922   3.97766
 958   ARG   0.0775736   -1.15006
 959   VAL   0.100514   0
 960   ASP   0.087843   0.429924
 961   ASN   0.13823   0
 964   ASP   -0.0717202   0.605937
 965   GLN   0.215484   0
 966   PHE   -0.4922   0
 967   CYS   0.210146   0.693667
 968   ASN   0.163053   0
 973   ASP   -0.0176704   0.310551
 976   CYS   -0.31805   0.669222
 977   VAL   0.754497   0
 978   ARG   -0.522564   -0.593886
 980   ARG   0.030553   -1.0687
 981   PRO   0.1502   0
 985   GLU   0.0762756   0.226892
 986   GLY   0.136594   0
 987   LYS   0.0834216   -0.265967
 988   GLN   0.184028   0
 989   ARG   -0.121693   -0.23734
 990   PRO   -0.0966586   0
 994   ASP   -0.0167835   0.60721
 995   PHE   0.188554   0
 997   ARG   -0.0159333   -0.673525
 998   PHE   -0.377092   0
 999   LEU   0.125122   0
1000   PRO   -0.0501646   0
1001   MET   -0.652468   0
1005   ASP   -0.0347558   0.731748
1010   LYS   -0.0114957   -0.11325
1011   CYS   -0.0272137   0.499586
1013   LYS   -0.0124809   -0.171504
1016   HID   0.0443125   -0.184108
1016   HIS   0.0330808   -0.23695
1016   HID   -0.0142896   -0.263507
1016   HIS   0.071547   -0.182225
1016   HID   0.0142358   -0.162696
1016   HIS   -0.160631   -0.158541
1016   HID   0.110442   -0.318345
1019   TYR   -0.0438268   0.180429
1029   HID   -0.0188442   -0.203672
SITE:  ARG- 980
  57   ASP   0.037677   0.16125
  61   GLU   -0.00417915   0.125736
 232   ASP   -0.00346348   0.23421
 233   GLU   -0.00356653   0.265161
 897   HIS   -0.00431527   -0.104733
 898   ASP   0.0181568   0.131966
 899   TYR   0.0801928   0.14432
 909   CYS   -0.0115609   0.282958
 914   CYS   -0.0174737   0.177723
 944   ASP   0.0695873   0.215536
 945   ASP   0.000297729   0.165075
 946   TYR   0.181256   0.926952
 948   ASP   0.000794645   0.267289
 950   VAL   0.183656   0
 951   LYS   -0.115478   -0.304194
 952   PRO   -0.137572   0
 956   CYS   -0.0826176   0.245279
 957   CYS   0.133595   0.846165
 958   ARG   0.00860581   -0.247251
 960   ASP   0.0352556   0.105537
 964   ASP   0.0168822   0.238459
 967   CYS   0.0309224   0.130732
 976   CYS   -0.062417   0.148231
 978   ARG   -0.218772   -0.299202
 979   CYS   -0.236466   1.0687
 981   PRO   -0.160644   0
 983   THR   0.277644   0
 984   PRO   0.117809   0
 985   GLU   0.599614   1.14374
 986   GLY   0.618516   0
 987   LYS   0.123515   -0.440516
 988   GLN   1.17016   0
 989   ARG   0.027484   -0.561502
 990   PRO   -0.389191   0
 991   GLN   -0.377223   0
 992   GLY   0.0369   0
 994   ASP   -0.30645   1.5235
 997   ARG   -0.214728   -0.346578
1005   ASP   -0.00754555   0.20187
1011   CYS   -0.000151448   0.177608
1016   HID   -0.00949117   -0.133548
1016   HID   0.0484085   -0.143201
1019   TYR   -0.0156718   0.118706
1029   HID   -0.0115446   -0.138827
SITE:  GLU- 985
  57   ASP   0.0296442   0.107251
 232   ASP   -0.0055232   0.225491
 233   GLU   0.0158347   0.321726
 909   CYS   -0.00454821   0.148375
 914   CYS   -0.00447766   0.105397
 946   TYR   0.0343888   0.237312
 948   ASP   0.00767201   0.111019
 951   LYS   -0.0644273   -0.128235
 952   PRO   -0.0954153   0
 957   CYS   0.0344259   0.206848
 978   ARG   -0.030239   -0.148536
 979   CYS   0.0110678   0.226892
 980   ARG   -0.290661   -1.14374
 981   PRO   0.179039   0
 983   THR   0.351918   0
 984   PRO   0.120604   0
 986   GLY   -0.66983   0
 987   LYS   -0.161933   -0.423915
 988   GLN   0.268252   0
 989   ARG   0.274692   -0.320896
 990   PRO   -0.10835   0
 991   GLN   -0.341349   0
 994   ASP   -0.0356079   0.488495
 997   ARG   -0.0592529   -0.105772
SITE:  LYS- 987
  56   TYR   0.137213   0.131249
  57   ASP   0.181976   0.433738
  58   LEU   0.116264   0
  59   VAL   0.0732769   0
  60   GLN   1.58201   0
  61   GLU   -0.0141184   0.574292
  63   CYS   -0.187435   0.523812
  64   PRO   -0.231102   0
  74   CYS   0.00148371   0.103222
  75   CYS   -0.0257191   0.192668
  84   LYS   0.00521056   -0.308782
  97   CYS   -0.0143843   0.17771
  98   PRO   0.0102947   0
 100   CYS   0.00224665   0.203851
 102   TYR   0.0474227   0.505479
 109   CYS   -0.027864   0.357301
 110   GLU   -0.0210836   0.190031
 113   CYS   0.0232744   0.206802
 146   TYR   -0.00631012   0.112259
 160   CYS   -0.00500315   0.134013
 225   LYS   -0.0158921   -0.190711
 232   ASP   0.124964   1.22265
 233   GLU   -0.180122   0.466839
 234   VAL   -0.127518   0
 238   CYS   0.00112075   0.176226
 909   CYS   -0.0015624   0.183067
 914   CYS   0.00384674   0.134165
 944   ASP   0.0485891   0.162854
 945   ASP   0.0173364   0.130304
 946   TYR   0.0638512   0.224504
 948   ASP   0.0669906   0.321436
 951   LYS   -0.190819   -0.481864
 952   PRO   -0.300604   0
 956   CYS   -0.0442156   0.242241
 957   CYS   0.082002   0.362189
 958   ARG   0.032168   -0.223229
 978   ARG   -0.220879   -0.369776
 979   CYS   -0.067949   0.265967
 980   ARG   -0.194385   -0.440516
 981   PRO   0.375576   0
 982   LEU   -0.453394   0
 983   THR   0.730937   0
 984   PRO   0.370506   0
 985   GLU   0.0782048   0.423915
 986   GLY   -0.0330872   0
 989   ARG   -0.0144541   -0.360816
 990   PRO   -0.00653727   0
 994   ASP   -0.024115   0.147742
1005   ASP   0.00479406   0.111082
1011   CYS   0.015359   0.164681
SITE:  ARG- 989
  96   ARG   0.0420738   -0.108862
  97   CYS   -0.0320247   0.127869
 102   TYR   -0.00444988   0.1122
 232   ASP   0.00911911   0.39752
 233   GLU   0.251049   0.71142
 234   VAL   0.0873554   0
 237   PRO   0.0573093   0
 238   CYS   0.00734641   0.155904
 897   HIS   -0.0489165   -0.3213
 898   ASP   -0.0502682   0.220713
 899   TYR   0.140796   0.351967
 902   SER   0.422565   0
 903   LYS   0.109363   -0.173839
 905   GLN   0.274869   0
 906   ASN   0.802059   0
 909   CYS   0.024212   2.48582
 910   GLY   -0.0530712   0
 911   GLY   -0.56674   0
 912   MET   -0.769923   0
 913   GLY   -0.599193   0
 914   CYS   -0.0225919   1.68805
 915   ASN   0.20377   0
 917   ASP   -0.00492172   0.184162
 943   ILE   0.110285   0
 944   ASP   0.23667   0.942176
 945   ASP   -0.0308078   0.357224
 946   TYR   -0.0331583   0.614102
 948   ASP   -0.05542   0.614542
 951   LYS   -0.173043   -0.500585
 952   PRO   -0.0824918   0
 956   CYS   -0.063681   0.18885
 957   CYS   0.0395528   0.317068
 958   ARG   0.028971   -0.100152
 979   CYS   -0.0644904   0.23734
 980   ARG   -0.239559   -0.561502
 981   PRO   0.100201   0
 984   PRO   0.148451   0
 985   GLU   0.193486   0.320896
 986   GLY   0.15978   0
 987   LYS   0.247167   -0.360816
 988   GLN   -0.216412   0
 990   PRO   -0.0829523   0
 992   GLY   0.127095   0
 994   ASP   -0.0852505   0.258178
1005   ASP   -0.00149226   0.150755
1011   CYS   0.0132179   0.167221
1013   LYS   -0.018338   -0.174142
1016   HID   -0.00476214   -0.155165
1016   HID   0.0552422   -0.185332
1019   TYR   -0.0205254   0.25227
1037   TYR   0.0190316   0.102643
1076   TYR   -0.0181454   0.145576
SITE:  ASP- 994
 233   GLU   0.00942354   0.105747
 897   HIS   0.00618275   -0.110362
 898   ASP   0.0510846   0.182753
 899   TYR   0.0661888   0.156585
 909   CYS   -0.0135155   0.178682
 914   CYS   -0.0178754   0.106981
 944   ASP   0.0454398   0.135737
 945   ASP   -0.0155326   0.102368
 946   TYR   0.0176623   0.96362
 948   ASP   -0.0148505   0.124803
 951   LYS   -0.0219671   -0.124427
 956   CYS   -0.0339694   0.125094
 957   CYS   0.020598   0.419514
 958   ARG   -0.0109561   -0.128424
 964   ASP   0.0438958   0.319992
 967   CYS   0.0219103   0.100167
 978   ARG   -0.02465   -0.135213
 979   CYS   0.0794912   0.60721
 980   ARG   0.398454   -1.5235
 981   PRO   0.0335995   0
 985   GLU   0.196642   0.488495
 986   GLY   0.0860569   0
 987   LYS   0.0403681   -0.147742
 988   GLN   0.224694   0
 989   ARG   -0.0117892   -0.258178
 990   PRO   -0.302898   0
 991   GLN   -0.304556   0
 992   GLY   0.102802   0
 993   GLY   0.17649   0
 995   PHE   -0.32832   0
 996   MET   -0.228214   0
 997   ARG   -0.821392   -0.602242
 998   PHE   -0.31999   0
1000   PRO   -0.0452304   0
1005   ASP   -0.0137769   0.14445
1011   CYS   0.000924175   0.100951
1016   HID   -0.0161825   -0.137893
1016   HID   0.032609   -0.101848
1029   HIS   -0.00714666   -0.177462
1029   HID   -0.0019879   -0.147649
1029   HID   0.0576564   -0.10789
1029   HID   -0.0496614   -0.185064
1029   HIS   0.0500726   -0.106669
1029   HID   -0.0184687   -0.293538
SITE:  ARG- 997
 946   TYR   -0.00536375   0.509206
 956   CYS   -0.0101747   0.106493
 957   CYS   -0.0473172   0.346606
 958   ARG   -0.0257226   -0.140226
 959   VAL   -0.136479   0
 960   ASP   0.152405   0.26761
 961   ASN   0.17702   0
 964   ASP   0.0689966   2.30858
 967   CYS   0.0369372   0.206147
 976   CYS   -0.0998716   0.171466
 978   ARG   0.0264893   -0.116634
 979   CYS   -0.00135043   0.673525
 980   ARG   0.0809439   -0.346578
 985   GLU   0.0323034   0.105772
 993   GLY   0.0497758   0
 994   ASP   0.120588   0.602242
 998   PHE   -0.152331   0
1000   PRO   -0.127764   0
1005   ASP   -0.0244796   0.166946
1016   HIS   0.00500346   -0.118828
1016   HID   -0.0178648   -0.149923
1029   HIS   0.0080272   -0.125555
1029   HID   -0.0263686   -0.18837
1029   HID   0.0529238   -0.11567
1029   HID   -0.0302964   -0.138066
1029   HIS   0.0173039   -0.156243
1029   HID   -0.0433617   -0.460308
1029   HIS   0.142   -0.106952
SITE:  ASP-1005
  61   GLU   0.00970526   0.129619
  84   LYS   0.00933221   -0.124045
  96   ARG   0.0245507   -0.110849
 475   TYR   -0.0797186   0.599917
 487   TYR   -0.00370774   0.123181
 515   TYR   -0.00159078   0.145565
 516   CYS   0.0072964   0.112305
 533   CYS   0.00277613   0.155493
 540   PRO   0.0103431   0
 890   TYR   -0.00620541   0.139201
 899   TYR   0.028312   0.168413
 909   CYS   -0.0166182   0.161368
 944   ASP   0.0380238   0.259042
 945   ASP   0.0101095   0.568521
 946   TYR   0.124984   0.667606
 948   ASP   -0.0845194   0.40781
 949   TRP   -1.49826   0
 950   VAL   -0.0252268   0
 951   LYS   0.125498   -0.341235
 952   PRO   0.0305594   0
 956   CYS   -0.275796   1.41516
 957   CYS   -0.381886   1.23884
 958   ARG   0.227652   -0.580762
 960   ASP   -0.0178268   0.152195
 964   ASP   -0.00109609   0.137248
 966   PHE   -0.27147   0
 967   CYS   0.21041   0.45742
 968   ASN   0.1719   0
 969   ALA   -0.360034   0
 973   ASP   -0.00994023   0.233507
 976   CYS   -0.0298294   0.29353
 978   ARG   -0.16513   -0.144423
 979   CYS   -0.0444302   0.731748
 980   ARG   -0.00652068   -0.20187
 987   LYS   0.0451671   -0.111082
 989   ARG   -0.0857021   -0.150755
 990   PRO   -0.00101562   0
 994   ASP   0.0257138   0.14445
 997   ARG   0.0101703   -0.166946
 998   PHE   0.2237   0
 999   LEU   0.309514   0
1000   PRO   0.181455   0
1001   MET   0.5756   0
1002   PHE   0.692264   0
1004   SER   -0.304988   0
1006   ASN   0.750267   0
1007   PRO   -0.153823   0
1008   ASN   -0.551072   0
1009   PRO   -0.00370096   0
1010   LYS   -0.144217   -0.304276
1011   CYS   0.0298054   2.36667
1012   GLY   0.263326   0
1013   LYS   0.0833417   -0.710942
1014   GLY   -1.25369   0
1015   GLY   -0.707654   0
1016   HID   0.561356   -0.807042
1016   HIS   0.243656   -1.07858
1016   HID   0.105815   -0.747539
1016   HIS   0.586296   -1.10461
1016   HID   0.214536   -0.831781
1016   HIS   -1.10438   -0.819708
1016   HID   0.739047   -1.6004
1017   ALA   -0.214522   0
1018   ALA   -0.185439   0
1019   TYR   -0.21113   0.525234
1029   HID   -0.019501   -0.144161
1037   TYR   0.0365432   0.223947
1041   TYR   0.00716041   0.146982
SITE:  LYS-1010
  61   GLU   0.0146658   0.13762
  84   LYS   0.0130006   -0.182618
 475   TYR   -0.00285465   0.292561
 515   TYR   -0.0115877   0.146746
 525   ASP   -0.0235042   0.101985
 530   HIS   0.0226365   -0.146984
 531   ASP   -0.0158834   0.111829
 533   CYS   -0.00791758   0.131427
 951   LYS   0.0348555   -0.116274
 956   CYS   0.0871392   0.46524
 957   CYS   -0.00835945   0.188021
 958   ARG   0.0403391   -0.355717
 967   CYS   -0.00659361   0.157607
 969   ALA   0.143945   0
 970   SER   0.52221   0
 971   VAL   0.156776   0
 973   ASP   0.0347172   0.33929
 976   CYS   0.020703   0.15528
 979   CYS   -0.00866947   0.11325
1005   ASP   0.022477   0.304276
1008   ASN   0.723476   0
1009   PRO   -0.0889485   0
1011   CYS   -0.426166   0.582041
1012   GLY   0.103684   0
1013   LYS   0.0198226   -0.11606
1016   HID   -0.0594812   -0.108736
1016   HID   0.0343731   -0.159205
SITE:  CYS-1011
  57   ASP   0.014246   0.142701
  61   GLU   0.0213524   0.243043
  84   LYS   0.0253148   -0.258387
  96   ARG   0.0334025   -0.200146
  97   CYS   -0.020616   0.127464
 100   CYS   -0.0126741   0.120071
 232   ASP   0.004632   0.120561
 238   CYS   -0.016842   0.112286
 242   ASP   0.013383   0.122096
 475   TYR   -0.0502441   0.379149
 487   TYR   -0.00301366   0.1442
 512   HIS   0.0138104   -0.115295
 515   TYR   0.00184817   0.274581
 516   CYS   0.00597201   0.155628
 525   ASP   -0.00841027   0.125157
 533   CYS   0.00610204   0.210804
 540   PRO   -0.0189196   0
 890   TYR   -0.00758362   0.101735
 899   TYR   0.018288   0.118269
 909   CYS   -0.013977   0.166448
 914   CYS   -0.00950157   0.10305
 944   ASP   0.033958   0.279721
 945   ASP   0.143151   0.668979
 946   TYR   0.210056   0.429454
 948   ASP   -0.0101286   0.664802
 949   TRP   -0.532416   0
 950   VAL   0.0236504   0
 951   LYS   0.193458   -0.618358
 952   PRO   0.0621747   0
 954   SER   0.346884   0
 955   SER   -0.158848   0
 956   CYS   -0.00750997   4.0255
 957   CYS   -0.0668217   1.0137
 958   ARG   0.226306   -0.708624
 967   CYS   0.128008   0.288905
 968   ASN   0.234358   0
 969   ALA   -0.329532   0
 973   ASP   0.0177042   0.277522
 976   CYS   -0.00740448   0.241798
 978   ARG   -0.200064   -0.17838
 979   CYS   -0.0573123   0.499586
 980   ARG   -0.0106951   -0.177608
 987   LYS   0.0543255   -0.164681
 989   ARG   -0.0901686   -0.167221
 994   ASP   0.008553   0.100951
1005   ASP   0.419484   2.36667
1006   ASN   0.596996   0
1007   PRO   -0.388804   0
1008   ASN   0.296652   0
1009   PRO   0.000630309   0
1010   LYS   0.0741666   -0.582041
1012   GLY   -0.245824   0
1013   LYS   -0.144957   -0.768661
1014   GLY   -0.437496   0
1015   GLY   -0.0999056   0
1016   HID   0.158727   -0.292825
1016   HIS   0.136909   -0.367958
1016   HID   0.0499   -0.338601
1016   HIS   0.180299   -0.369176
1016   HID   0.0194762   -0.31243
1016   HIS   -0.37224   -0.335505
1016   HID   0.284761   -1.34677
1019   TYR   -0.131763   0.491075
1037   TYR   0.0203407   0.153405
1041   TYR   0.0101184   0.12452
SITE:  LYS-1013
  96   ARG   0.0732725   -0.267314
  97   CYS   -0.0259434   0.117078
 164   GLU   0.0228006   0.133232
 238   CYS   -0.0234886   0.111821
 242   ASP   0.0179657   0.157758
 406   GLU   0.0295444   0.126265
 468   CYS   -0.0338314   0.168156
 471   PRO   -0.131132   0
 475   TYR   -0.0824593   0.234598
 479   CYS   -0.0395434   0.187672
 487   TYR   -0.0384451   0.403713
 512   HIS   0.0229482   -0.170702
 515   TYR   0.0208787   0.280206
 516   CYS   0.0480222   0.289287
 518   ARG   0.0623873   -0.197853
 520   PRO   0.0477464   0
 525   ASP   -0.00205169   0.141617
 533   CYS   0.0493085   0.329466
 534   LEU   0.0695798   0
 535   GLY   0.056842   0
 538   GLY   0.0582772   0
 539   GLY   -0.313253   0
 540   PRO   -0.0704768   0
 543   PRO   -0.0131672   0
 550   TYR   -0.00495527   0.171856
 555   TYR   0.0114676   0.210027
 875   TYR   0.00835491   0.121617
 884   HIS   -0.0067625   -0.106463
 890   TYR   -0.0215082   0.462285
 897   HIS   -0.00500166   -0.11625
 899   TYR   0.0264976   0.276565
 909   CYS   -0.0376762   0.259433
 914   CYS   -0.0231138   0.164267
 930   ASP   0.00591442   0.10941
 939   PRO   0.103186   0
 940   SER   0.381997   0
 941   SER   0.143821   0
 944   ASP   -0.136069   0.574907
 945   ASP   0.590683   2.55025
 946   TYR   -0.0186753   0.34072
 948   ASP   -0.194119   0.553253
 951   LYS   0.0232492   -0.354167
 956   CYS   -0.0875532   0.455908
 957   CYS   -0.0213973   0.288127
 958   ARG   0.0504328   -0.133247
 979   CYS   -0.0270156   0.171504
 989   ARG   -0.073777   -0.174142
1005   ASP   0.18567   0.710942
1007   PRO   -0.197504   0
1010   LYS   -0.0115374   -0.11606
1011   CYS   0.0509356   0.768661
1012   GLY   -0.0607418   0
1014   GLY   0.572918   0
1015   GLY   0.0982862   0
1016   HID   0.101534   -0.454801
1016   HIS   0.287196   -0.523738
1016   HID   0.201638   -0.656689
1016   HIS   0.0890502   -0.476336
1016   HID   0.150372   -0.343459
1016   HIS   -0.523   -0.668184
1016   HID   -0.302608   -2.13623
1017   ALA   -0.158657   0
1018   ALA   -0.314939   0
1019   TYR   0.162105   3.75998
1021   SER   -0.162685   0
1037   TYR   0.0463959   0.666561
1039   MET   0.146618   0
1041   TYR   0.0272839   0.596916
1042   HIS   0.0469928   -0.180935
1042   HID   0.009666   -0.151716
1042   HIS   -0.0770229   -0.180485
1042   HID   -0.0188208   -0.141631
1081   TYR   0.0221883   0.149845
1085   TYR   -0.0169575   0.156316
SITE:  HID-1016
 396   ASP   0.01376   0.114673
 398   HID   0.0463667   -0.133349
 468   CYS   -0.0140184   0.172625
 471   PRO   0.459643   0
 472   LEU   -0.21582   0
 473   SER   0.394955   0
 475   TYR   -0.176952   0.280497
 479   CYS   -0.0746547   0.177256
 487   TYR   -0.00898866   0.108296
 538   GLY   0.1203   0
 540   PRO   0.0458604   0
 570   TYR   -0.00633288   0.164652
 890   TYR   -0.00484566   0.301375
 899   TYR   0.0218328   0.235931
 909   CYS   -0.01729   0.108358
 944   ASP   0.00534918   0.176301
 945   ASP   -0.0755305   0.327011
 946   TYR   -0.0314566   0.357554
 948   ASP   -0.052764   0.137526
 956   CYS   -0.0297798   0.193881
 957   CYS   -0.0601106   0.231867
 967   CYS   0.0211316   0.116676
 979   CYS   -0.0184568   0.184108
 999   LEU   0.194907   0
1000   PRO   0.35935   0
1001   MET   0.173509   0
1002   PHE   0.317012   0
1003   LEU   2.55998   0
1004   SER   0.167362   0
1005   ASP   0.260592   0.807042
1006   ASN   0.205492   0
1007   PRO   -0.0529087   0
1011   CYS   -0.00196224   0.292825
1013   LYS   0.114571   -0.454801
1014   GLY   -0.165839   0
1015   GLY   -0.0350924   0
1016   HIS   -1.71664   -4.54612
1016   HID   0.194208   -2.113
1016   HIS   -1.62082   -3.48649
1016   HID   2.58074   -1.56629
1016   HIS   -1.31712   -1.79466
1016   HID   -1.28118   -1.72452
1018   ALA   -0.235384   0
1019   TYR   -0.354858   0.474665
1020   SER   -1.68083   0
1022   ALA   -0.146373   0
1023   VAL   0.0970794   0
1029   HID   -0.0273906   -0.195567
1037   TYR   0.0751538   0.512797
1041   TYR   0.0124922   0.231916
1081   TYR   -0.000925207   0.121422
SITE:  HIS-1016
 398   HID   0.0287159   -0.10958
 468   CYS   -0.0123115   0.150631
 471   PRO   0.216318   0
 472   LEU   -0.204464   0
 473   SER   0.37925   0
 475   TYR   -0.216936   0.330265
 479   CYS   -0.0569033   0.162488
 487   TYR   -0.00868442   0.111968
 538   GLY   0.115578   0
 540   PRO   0.0425463   0
 570   TYR   -0.00430504   0.126705
 890   TYR   -0.00469714   0.266989
 899   TYR   0.0160921   0.233482
 909   CYS   -0.0172865   0.120684
 944   ASP   0.00562368   0.199057
 945   ASP   -0.0829672   0.381874
 946   TYR   -0.0283019   0.424093
 948   ASP   -0.0605454   0.164019
 951   LYS   0.0207097   -0.116676
 956   CYS   -0.0399006   0.246186
 957   CYS   -0.0805849   0.301451
 958   ARG   0.0495013   -0.122733
 967   CYS   0.0276139   0.154484
 979   CYS   -0.0211818   0.23695
 997   ARG   0.0221441   -0.118828
 999   LEU   0.286478   0
1000   PRO   0.553658   0
1001   MET   0.295212   0
1002   PHE   0.43877   0
1003   LEU   12.1036   0
1004   SER   0.792562   0
1005   ASP   0.215045   1.07858
1006   ASN   0.217918   0
1007   PRO   -0.0522806   0
1011   CYS   -0.00317362   0.367958
1013   LYS   0.127996   -0.523738
1014   GLY   -0.198396   0
1015   GLY   0.149244   0
1016   HID   0.710114   -4.54612
1016   HID   2.05772   -1.75081
1016   HIS   1.60943   -6.17628
1016   HID   4.26623   -4.35569
1016   HIS   -5.17446   -1.91893
1016   HID   -2.64142   -2.67959
1018   ALA   -0.412788   0
1019   TYR   -0.515517   0.534657
1020   SER   -0.802672   0
1023   VAL   0.0526636   0
1029   HID   -0.0313851   -0.205701
1037   TYR   0.0704444   0.458919
1041   TYR   0.00930864   0.219419
1081   TYR   0.00232126   0.102904
SITE:  HID-1016
 394   TYR   0.0426304   0.165091
 396   ASP   0.00767465   0.145337
 398   HID   0.074766   -0.22123
 468   CYS   -0.0208506   0.143621
 471   PRO   0.055284   0
 475   TYR   -0.0939186   0.173229
 479   CYS   -0.0481148   0.141334
 487   TYR   -0.0103521   0.126018
 538   GLY   0.0895282   0
 540   PRO   0.0490523   0
 570   TYR   -0.00852262   0.124569
 890   TYR   -0.024333   0.403821
 894   GLU   0.016582   0.114927
 895   GLU   -0.065675   0.174026
 897   HIS   0.0245492   -0.202218
 898   ASP   0.0113185   0.134279
 899   TYR   0.0317482   0.574502
 909   CYS   -0.0390898   0.236939
 914   CYS   -0.0300129   0.130261
 939   PRO   0.0883394   0
 940   SER   0.158869   0
 942   TRP   0.200806   0
 943   ILE   0.0300882   0
 944   ASP   0.019455   0.381743
 945   ASP   -0.221898   0.591894
 946   TYR   -0.114631   0.763613
 948   ASP   -0.105678   0.234186
 951   LYS   0.0107256   -0.156704
 956   CYS   -0.0629622   0.246806
 957   CYS   -0.0673148   0.334088
 958   ARG   0.057506   -0.112431
 967   CYS   0.0290554   0.106508
 979   CYS   -0.0384044   0.263507
 980   ARG   -0.00962097   -0.133548
 989   ARG   -0.0644589   -0.155165
 990   PRO   0.0358859   0
 994   ASP   0.0517588   0.137893
 997   ARG   0.0112141   -0.149923
 999   LEU   0.358201   0
1000   PRO   0.29404   0
1003   LEU   2.6557   0
1005   ASP   0.0423366   0.747539
1007   PRO   -0.0469782   0
1011   CYS   0.0108425   0.338601
1013   LYS   0.0549075   -0.656689
1014   GLY   -0.0896291   0
1015   GLY   1.01631   0
1016   HID   0.0261985   -2.113
1016   HIS   -2.72332   -1.75081
1016   HIS   -0.102657   -1.37272
1016   HID   0.528763   -0.945355
1016   HIS   -0.782026   -2.17164
1016   HID   -0.0292906   -1.28577
1017   ALA   -0.141574   0
1018   ALA   -0.662254   0
1019   TYR   -0.26014   0.888639
1020   SER   0.15153   0
1021   SER   0.00157442   0
1022   ALA   -0.460102   0
1023   VAL   0.185565   0
1025   ILE   -0.010914   0
1029   HID   -0.0120658   -0.136093
1029   HID   0.0421682   -0.136033
1029   HID   -0.0501887   -0.311407
1032   ARG   0.0354412   -0.162208
1033   VAL   -0.158197   0
1034   GLY   0.0425418   0
1035   ALA   0.156678   0
1036   THR   -0.205598   0
1037   TYR   0.179547   0.796571
1041   TYR   0.0210172   0.298084
1042   HIS   0.0151301   -0.115361
1042   HIS   -0.0450006   -0.116632
1042   HID   -0.0124   -0.103389
1076   TYR   -0.0256582   0.116947
1081   TYR   0.00894843   0.162193
1085   TYR   -0.0151855   0.122361
SITE:  HIS-1016
 468   CYS   -0.00442187   0.189033
 471   PRO   0.291422   0
 472   LEU   -0.56798   0
 473   SER   0.689301   0
 474   PRO   -0.0896975   0
 475   TYR   -0.389086   0.504064
 476   ASN   0.0206886   0
 479   CYS   -0.0846716   0.209869
 487   TYR   -0.00843748   0.12241
 533   CYS   0.00525415   0.113732
 538   GLY   0.147515   0
 539   GLY   -0.0148386   0
 540   PRO   0.0492278   0
 570   TYR   -0.00489769   0.156375
 890   TYR   -0.00277751   0.27007
 899   TYR   0.0171043   0.176717
 944   ASP   0.00742163   0.154947
 945   ASP   -0.0504189   0.312612
 946   TYR   -0.0138192   0.291266
 948   ASP   -0.0464008   0.136598
 956   CYS   -0.0198759   0.231924
 957   CYS   -0.0661916   0.240726
 958   ARG   0.054601   -0.112704
 967   CYS   0.0142051   0.144406
 979   CYS   -0.0168589   0.182225
 999   LEU   0.152949   0
1000   PRO   0.253564   0
1001   MET   0.213266   0
1002   PHE   0.396501   0
1003   LEU   1.66597   0
1004   SER   0.204478   0
1005   ASP   1.33651   1.10461
1006   ASN   0.53727   0
1007   PRO   -0.0547503   0
1011   CYS   -0.0117757   0.369176
1013   LYS   0.189304   -0.476336
1014   GLY   -0.235562   0
1015   GLY   -0.216768   0
1016   HID   -0.0809972   -3.48649
1016   HIS   7.13363   -6.17628
1016   HID   0.437831   -1.37272
1016   HID   28.5053   -11.2147
1016   HIS   1.26711   -8.72989
1016   HID   -9.49036   -6.6117
1018   ALA   -0.209202   0
1019   TYR   -0.292324   0.43725
1020   SER   -1.09416   0
1023   VAL   0.0685386   0
1029   HID   -0.0241328   -0.138984
1037   TYR   0.0495718   0.431062
1041   TYR   0.00812121   0.227814
1081   TYR   0.00113825   0.10608
SITE:  HID-1016
 468   CYS   -0.00668702   0.127257
 471   PRO   0.155412   0
 472   LEU   -0.112265   0
 473   SER   0.263052   0
 474   PRO   -0.0756957   0
 475   TYR   -0.247558   0.663054
 479   CYS   -0.0536655   0.148004
 538   GLY   0.0925033   0
 890   TYR   -0.000404486   0.18308
 899   TYR   0.0110584   0.122275
 944   ASP   0.00161794   0.111889
 945   ASP   -0.0381551   0.222803
 946   TYR   -0.0053737   0.214126
 948   ASP   -0.0306898   0.102731
 956   CYS   -0.00309433   0.200465
 957   CYS   -0.0670543   0.207467
 958   ARG   0.0446399   -0.11811
 967   CYS   -0.0134838   0.210767
 968   ASN   -0.182393   0
 976   CYS   -0.0117733   0.100634
 979   CYS   -0.0123001   0.162696
1000   PRO   0.172156   0
1001   MET   0.165996   0
1002   PHE   0.250528   0
1003   LEU   0.975294   0
1004   SER   0.263248   0
1005   ASP   0.100132   0.831781
1006   ASN   0.17761   0
1007   PRO   -0.0266226   0
1010   LYS   -0.0379294   -0.108736
1011   CYS   -0.0314133   0.31243
1013   LYS   0.124715   -0.343459
1014   GLY   -0.12299   0
1015   GLY   -0.0968427   0
1016   HID   -2.02888   -1.56629
1016   HIS   3.24159   -4.35569
1016   HID   0.51727   -0.945355
1016   HIS   16.8011   -11.2147
1016   HIS   -1.8154   -1.54599
1016   HID   -3.11398   -2.46608
1018   ALA   -0.157485   0
1019   TYR   -0.216978   0.309257
1020   SER   -0.768942   0
1029   HID   -0.0134523   -0.102074
1037   TYR   0.0380093   0.298764
1041   TYR   0.00546868   0.157068
SITE:  HIS-1016
 392   LYS   0.0207094   -0.101936
 394   TYR   0.0257018   0.101509
 396   ASP   0.010828   0.140322
 398   HID   0.028931   -0.143203
 401   PRO   0.0866097   0
 404   ARG   0.0250752   -0.102012
 406   GLU   0.0294734   0.129922
 468   CYS   -0.0236232   0.222366
 471   PRO   0.0893878   0
 472   LEU   -0.431758   0
 473   SER   0.521336   0
 474   PRO   -0.0796456   0
 475   TYR   -0.370904   0.445615
 479   CYS   -0.0854946   0.238347
 487   TYR   -0.0135316   0.164303
 516   CYS   0.0135049   0.107409
 533   CYS   0.0135095   0.131946
 538   GLY   0.159639   0
 539   GLY   -0.0412036   0
 540   PRO   0.0752816   0
 570   TYR   -0.00322195   0.164368
 606   GLU   -0.00153205   0.103318
 890   TYR   -0.00929223   0.481081
 897   HIS   0.00652436   -0.107799
 899   TYR   0.0159048   0.307441
 909   CYS   -0.0221158   0.135833
 939   PRO   0.0927732   0
 940   SER   0.155057   0
 944   ASP   -0.00826838   0.243159
 945   ASP   -0.0932196   0.447288
 946   TYR   -0.042755   0.310022
 948   ASP   -0.0696518   0.161856
 951   LYS   0.013208   -0.111292
 956   CYS   -0.0285446   0.212065
 957   CYS   -0.048069   0.212295
 967   CYS   0.0105043   0.115951
 979   CYS   -0.01746   0.158541
 999   LEU   0.109898   0
1000   PRO   0.144078   0
1001   MET   0.11879   0
1002   PHE   0.313576   0
1003   LEU   0.140402   0
1005   ASP   0.334702   0.819708
1006   ASN   0.323331   0
1007   PRO   -0.0712002   0
1011   CYS   -0.00955913   0.335505
1013   LYS   0.148389   -0.668184
1014   GLY   -0.0617916   0
1015   GLY   -0.627952   0
1016   HID   0.611302   -1.79466
1016   HIS   -0.402608   -1.91893
1016   HID   -2.96976   -2.17164
1016   HIS   0.900484   -8.72989
1016   HID   0.436828   -1.54599
1016   HID   -0.337943   -1.10828
1017   ALA   -0.202409   0
1018   ALA   -0.731596   0
1019   TYR   -3.5769   0.781484
1020   SER   0.656344   0
1021   SER   -0.517098   0
1022   ALA   -0.605924   0
1023   VAL   -0.01986   0
1029   HID   -0.019385   -0.125357
1037   TYR   0.173263   0.959545
1041   TYR   0.0159647   0.376996
1042   HIS   0.0190956   -0.121954
1042   HIS   -0.0567186   -0.119493
1042   HID   -0.0108594   -0.107722
1081   TYR   0.00743758   0.170291
1085   TYR   -0.0155361   0.122403
SITE:  HID-1016
  96   ARG   0.0484864   -0.197402
  97   CYS   -0.0232916   0.102916
 242   ASP   0.0133096   0.119067
 468   CYS   -0.0176159   0.13156
 471   PRO   -0.00619201   0
 475   TYR   -0.128799   0.337175
 479   CYS   -0.0355536   0.149562
 487   TYR   -0.0148949   0.22507
 512   HIS   0.0146573   -0.122216
 515   TYR   0.00844667   0.226077
 516   CYS   0.021192   0.186286
 518   ARG   0.0223712   -0.120635
 520   PRO   0.0394378   0
 525   ASP   -0.00412261   0.108481
 533   CYS   0.0153406   0.232728
 538   GLY   0.0546663   0
 539   GLY   -0.127396   0
 540   PRO   -0.00451138   0
 555   TYR   0.00268385   0.110534
 890   TYR   -0.0130741   0.289571
 897   HIS   0.00137117   -0.109832
 899   TYR   0.026113   0.262977
 909   CYS   -0.0304114   0.238786
 914   CYS   -0.0188621   0.144135
 939   PRO   0.0524236   0
 942   TRP   0.189125   0
 943   ILE   0.0695526   0
 944   ASP   -0.0168598   0.464527
 945   ASP   -0.0442625   1.51751
 946   TYR   0.0407382   0.546149
 948   ASP   -0.253408   0.631156
 949   TRP   -0.304843   0
 951   LYS   0.049118   -0.428594
 956   CYS   -0.179743   0.785791
 957   CYS   -0.0668056   0.531494
 958   ARG   0.102915   -0.228283
 967   CYS   0.04953   0.146209
 976   CYS   -0.0122726   0.102024
 979   CYS   -0.0432474   0.318345
 980   ARG   -0.0191781   -0.143201
 989   ARG   -0.0870301   -0.185332
 994   ASP   0.0153611   0.101848
 999   LEU   0.201885   0
1000   PRO   0.160262   0
1001   MET   0.0925158   0
1002   PHE   0.514816   0
1003   LEU   0.81802   0
1005   ASP   0.310464   1.6004
1006   ASN   0.256714   0
1007   PRO   -0.187534   0
1010   LYS   -0.0383708   -0.159205
1011   CYS   0.146535   1.34677
1012   GLY   -0.203435   0
1013   LYS   -1.04298   -2.13623
1014   GLY   -0.0319842   0
1015   GLY   5.92156   0
1016   HID   1.16532   -1.72452
1016   HIS   3.6443   -2.67959
1016   HID   0.23741   -1.28577
1016   HIS   -1.33744   -6.6117
1016   HID   3.35102   -2.46608
1016   HIS   -1.92983   -1.10828
1017   ALA   -0.363092   0
1018   ALA   -0.450636   0
1019   TYR   -0.542624   1.4786
1020   SER   -0.494861   0
1029   HID   -0.0179294   -0.121591
1037   TYR   0.0741084   0.465725
1041   TYR   0.0137328   0.309025
1042   HIS   0.0219298   -0.102647
1042   HIS   -0.0415092   -0.102692
1081   TYR   0.0102195   0.10303
SITE:  TYR-1019
  96   ARG   0.0707524   -0.231506
  97   CYS   -0.0267512   0.114709
 164   GLU   0.0203276   0.117688
 238   CYS   -0.0209992   0.116984
 242   ASP   0.0107453   0.148101
 394   TYR   0.0148416   0.103038
 396   ASP   0.00115422   0.120581
 398   HID   -0.00372888   -0.116633
 406   GLU   0.0273288   0.126774
 468   CYS   -0.031089   0.158062
 471   PRO   -0.088838   0
 475   TYR   -0.0650079   0.153614
 479   CYS   -0.0393862   0.164403
 487   TYR   -0.0287015   0.320347
 512   HIS   0.020347   -0.124139
 515   TYR   0.0218394   0.202918
 516   CYS   0.0419423   0.216082
 518   ARG   0.0633414   -0.172061
 520   PRO   0.0152512   0
 525   ASP   0.000682143   0.103097
 533   CYS   0.0367176   0.227735
 538   GLY   0.0633431   0
 539   GLY   -0.161975   0
 540   PRO   0.0110105   0
 550   TYR   -0.00293828   0.164496
 555   TYR   0.00707378   0.192398
 606   GLU   0.00554664   0.109836
 875   TYR   0.00559575   0.127063
 884   HIS   -0.00444028   -0.106197
 888   PRO   -0.102953   0
 889   VAL   0.0976062   0
 890   TYR   -0.0613546   0.557164
 897   HIS   -0.00334687   -0.195396
 899   TYR   0.0229536   0.488424
 909   CYS   -0.0738526   0.418155
 910   GLY   0.0189706   0
 914   CYS   -0.0438265   0.251305
 930   ASP   0.00606332   0.124685
 939   PRO   0.210864   0
 940   SER   1.08765   0
 941   SER   0.251549   0
 943   ILE   0.00532895   0
 944   ASP   -0.302249   0.994466
 945   ASP   -0.0692688   4.04769
 946   TYR   -0.139502   0.471879
 948   ASP   -0.276262   0.591219
 951   LYS   -0.00244708   -0.352155
 956   CYS   -0.0828942   0.350004
 957   CYS   -0.0185284   0.282742
 958   ARG   0.0431458   -0.1118
 979   CYS   -0.0326033   0.180429
 980   ARG   -0.0253236   -0.118706
 989   ARG   -0.0949051   -0.25227
1005   ASP   0.0960969   0.525234
1007   PRO   -0.0914714   0
1011   CYS   0.0613632   0.491075
1013   LYS   -0.0365034   -3.75998
1014   GLY   0.408074   0
1015   GLY   0.196133   0
1016   HID   0.100543   -0.474665
1016   HIS   0.261264   -0.534657
1016   HID   0.20677   -0.888639
1016   HIS   0.0798441   -0.43725
1016   HID   0.154908   -0.309257
1016   HIS   -0.468082   -0.781484
1016   HID   0.196628   -1.4786
1018   ALA   -0.202308   0
1021   SER   -0.207466   0
1023   VAL   -0.0320582   0
1037   TYR   0.182746   0.92582
1038   PHE   -0.234802   0
1039   MET   0.148003   0
1041   TYR   0.0577233   0.626117
1042   HIS   0.0478194   -0.22801
1042   HID   0.0260724   -0.179307
1042   HIS   -0.0878946   -0.232926
1042   HID   -0.0269026   -0.180165
1076   TYR   -0.0239594   0.109926
1081   TYR   0.031644   0.189011
1085   TYR   -0.0225866   0.205977
SITE:  HIS-1029
 895   GLU   0.00602297   0.284198
 897   HIS   0.0797739   -0.198416
 898   ASP   0.215122   0.542263
 899   TYR   -0.0195377   0.202203
 946   TYR   -0.0252174   0.180218
 993   GLY   0.0289495   0
 994   ASP   -0.00136798   0.177462
 997   ARG   -0.0615885   -0.125555
1026   LEU   0.163525   0
1028   GLY   0.07159   0
1029   HID   2.60876   -1.99229
1029   HIS   6.44532   -1.51411
1029   HID   -2.91876   -1.18023
1029   HIS   0.636511   -1.00019
1029   HID   0.409544   -0.705293
1029   HIS   -1.39511   -0.300686
1029   HID   9.19957   -7.49202
1029   HIS   0.261626   -0.633366
1029   HID   0.286032   -0.587542
1029   HIS   -0.330647   -0.303118
1030   GLY   -2.4975   0
1032   ARG   -0.623345   -0.745084
1033   VAL   0.0743216   0
1076   TYR   -0.0112735   0.16082
SITE:  HID-1029
 394   TYR   0.0112522   0.103382
 398   HID   0.00451023   -0.111743
 895   GLU   -0.0214428   0.234299
 897   HIS   0.0548978   -0.110202
 898   ASP   0.0983296   0.196255
 899   TYR   -0.00130193   0.168075
 946   TYR   -0.0252983   0.18808
 993   GLY   0.0662688   0
 994   ASP   0.0234576   0.147649
 997   ARG   -0.0264167   -0.18837
1016   HID   -0.0189332   -0.136093
1026   LEU   0.532822   0
1027   LEU   -2.9038   0
1028   GLY   3.35036   0
1029   HIS   -0.418268   -1.99229
1029   HIS   -0.69839   -1.49456
1029   HID   2.32542   -3.7405
1029   HIS   0.234545   -1.06589
1029   HID   0.472734   -0.771055
1029   HIS   -1.75418   -0.403783
1029   HID   0.0287161   -1.17651
1029   HIS   -4.08848   -1.93525
1029   HID   2.52832   -1.9106
1029   HIS   0.590214   -0.825012
1030   GLY   -1.30526   0
1031   THR   0.0874807   0
1032   ARG   0.0020746   -0.563452
SITE:  HIS-1029
 895   GLU   -0.00195925   0.135671
 898   ASP   0.0603224   0.150519
1028   GLY   -0.782744   0
1029   HIS   5.86735   -1.51411
1029   HID   0.0772655   -1.49456
1029   HID   0.367182   -1.4498
1029   HIS   -0.975908   -2.10295
1029   HID   0.410958   -1.82441
1029   HIS   -3.03512   -0.538883
1029   HID   7.02051   -1.42449
1029   HIS   0.326438   -1.07818
1029   HID   0.467388   -0.460852
1029   HIS   -0.56029   -0.606414
1030   GLY   0.221612   0
1031   THR   -0.0782802   0
1032   ARG   -0.183229   -0.331534
SITE:  HID-1029
 394   TYR   0.0181638   0.156816
 398   HID   0.0105912   -0.163627
 895   GLU   -0.0182475   0.378317
 897   HIS   0.0774852   -0.147599
 898   ASP   0.100806   0.245198
 899   TYR   -2.45711e-05   0.216065
 946   TYR   -0.0248287   0.166513
 994   ASP   0.0110713   0.10789
 997   ARG   -0.0138468   -0.11567
1016   HID   -0.0193619   -0.136033
1025   ILE   -0.216912   0
1026   LEU   0.614522   0
1027   LEU   0.762681   0
1028   GLY   4.14196   0
1029   HIS   -0.286763   -1.18023
1029   HID   -2.05862   -3.7405
1029   HIS   0.347299   -1.4498
1029   HIS   -0.92563   -2.01828
1029   HID   1.48239   -1.68484
1029   HIS   -2.7881   -0.996673
1029   HID   -0.173494   -1.71097
1029   HIS   -0.468087   -0.85029
1029   HID   0.126703   -1.09341
1029   HIS   -1.34198   -0.898975
1030   GLY   -0.431904   0
1031   THR   -1.03246   0
1032   ARG   -0.169673   -0.920016
1033   VAL   0.0994913   0
1034   GLY   0.0144965   0
1076   TYR   -0.0172006   0.119612
SITE:  HIS-1029
 895   GLU   0.00368097   0.231999
 898   ASP   0.0339009   0.131172
1027   LEU   0.19563   0
1028   GLY   -0.596714   0
1029   HIS   1.1595   -1.00019
1029   HID   -0.589155   -1.06589
1029   HIS   -0.245352   -2.10295
1029   HID   0.368132   -2.01828
1029   HID   20.088   -10.0601
1029   HIS   4.5744   -4.62673
1029   HID   1.35651   -0.985641
1029   HIS   -0.00545044   -0.626103
1029   HID   0.118844   -0.339254
1029   HIS   -8.35728   -4.28587
1030   GLY   -0.0625918   0
1032   ARG   -0.149637   -0.500147
SITE:  HID-1029
 895   GLU   0.0103784   0.160298
 898   ASP   0.0243256   0.104032
1028   GLY   -0.624084   0
1029   HIS   0.290426   -0.705293
1029   HID   -0.575248   -0.771055
1029   HIS   -0.30396   -1.82441
1029   HID   0.00503867   -1.68484
1029   HIS   13.3204   -10.0601
1029   HIS   -2.8882   -1.37124
1029   HID   1.17984   -0.610344
1029   HIS   0.079543   -0.475474
1029   HID   0.0780785   -0.264369
1029   HIS   -1.6684   -0.880067
1032   ARG   -0.0903548   -0.329143
SITE:  HIS-1029
 895   GLU   0.0010351   0.153298
1027   LEU   0.164257   0
1028   GLY   -0.145475   0
1029   HIS   -0.0704312   -0.300686
1029   HID   -0.212953   -0.403783
1029   HIS   -0.238532   -0.538883
1029   HID   -0.0426435   -0.996673
1029   HIS   5.1911   -4.62673
1029   HID   1.02732   -1.37124
1029   HID   0.132565   -0.424782
1029   HIS   -0.0261608   -0.230994
1029   HID   0.00894947   -0.157259
1029   HIS   -3.16372   -1.59619
1032   ARG   -0.0448237   -0.294824
SITE:  HID-1029
 394   TYR   0.0123922   0.115924
 895   GLU   0.00421372   0.34979
 897   HIS   0.105713   -0.209536
 898   ASP   0.24062   0.531174
 899   TYR   -0.0110779   0.233679
 946   TYR   -0.028692   0.199751
 993   GLY   0.0362095   0
 994   ASP   0.00165392   0.185064
 997   ARG   -0.0509586   -0.138066
1026   LEU   0.211306   0
1028   GLY   0.284131   0
1029   HIS   6.65158   -7.49202
1029   HID   0.911893   -1.17651
1029   HIS   1.20505   -1.42449
1029   HID   4.08557   -1.71097
1029   HIS   1.00949   -0.985641
1029   HID   0.289184   -0.610344
1029   HIS   -0.692256   -0.424782
1029   HIS   0.0401577   -0.736628
1029   HID   0.188159   -0.715577
1029   HIS   -0.41188   -0.340042
1030   GLY   -1.39444   0
1032   ARG   -1.33719   -1.03352
1033   VAL   0.111408   0
1076   TYR   -0.0132158   0.169681
SITE:  HIS-1029
 994   ASP   0.0104575   0.106669
 997   ARG   -0.0143696   -0.156243
1027   LEU   -0.171726   0
1028   GLY   -0.381012   0
1029   HIS   -0.212535   -0.633366
1029   HID   -0.402064   -1.93525
1029   HIS   -0.550556   -1.07818
1029   HID   0.240406   -0.85029
1029   HIS   -0.223454   -0.626103
1029   HID   0.309806   -0.475474
1029   HIS   -0.731424   -0.230994
1029   HID   -0.13263   -0.736628
1029   HID   3.55015   -0.829155
1029   HIS   0.00961917   -1.28073
1030   GLY   -0.246296   0
1031   THR   0.153556   0
1032   ARG   -0.0487362   -0.209985
SITE:  HID-1029
 398   HID   0.00991296   -0.103194
 895   GLU   -0.029494   0.193461
 897   HIS   0.0528468   -0.135744
 898   ASP   0.109069   0.214515
 899   TYR   0.00889308   0.24927
 946   TYR   -0.0484814   0.476311
 957   CYS   -0.0268998   0.156702
 964   ASP   0.0554421   0.216044
 979   CYS   -0.0193033   0.203672
 980   ARG   0.0127556   -0.138827
 992   GLY   0.103148   0
 993   GLY   0.225033   0
 994   ASP   0.0745292   0.293538
 996   MET   0.430748   0
 997   ARG   0.0276759   -0.460308
 999   LEU   -0.21032   0
1000   PRO   -0.22407   0
1005   ASP   -0.022785   0.144161
1016   HID   -0.0114802   -0.195567
1016   HIS   0.00143759   -0.205701
1016   HID   -0.048955   -0.311407
1016   HIS   0.00992664   -0.138984
1016   HID   0.0445946   -0.102074
1016   HIS   -0.0936776   -0.125357
1016   HID   0.00574416   -0.121591
1025   ILE   -0.292452   0
1026   LEU   0.598402   0
1027   LEU   -0.314677   0
1028   GLY   0.102491   0
1029   HIS   -0.0656928   -0.587542
1029   HID   -0.759266   -1.9106
1029   HIS   0.0270411   -0.460852
1029   HID   0.534175   -1.09341
1029   HIS   -0.0627266   -0.339254
1029   HID   0.176275   -0.264369
1029   HIS   -0.479019   -0.157259
1029   HID   -0.193834   -0.715577
1029   HIS   0.0777134   -0.829155
1029   HIS   1.29989   -0.615299
1030   GLY   -0.0626462   0
1031   THR   -2.50272   0
1032   ARG   0.250255   -0.450709
SITE:  HIS-1029
 895   GLU   -0.00728241   0.12555
 997   ARG   0.00444276   -0.106952
1028   GLY   -0.189457   0
1029   HIS   0.069088   -0.303118
1029   HID   -0.280745   -0.825012
1029   HIS   -0.183378   -0.606414
1029   HID   0.00899599   -0.898975
1029   HIS   -3.2431   -4.28587
1029   HID   1.18875   -0.880067
1029   HIS   1.50378   -1.59619
1029   HID   0.178296   -0.340042
1029   HIS   -0.516344   -1.28073
1029   HID   0.164519   -0.615299
1032   ARG   -0.00508735   -0.247993
SITE:  ARG-1032
 394   TYR   0.0228388   0.465599
 398   HID   -0.0135356   -0.363909
 894   GLU   0.0197858   0.305425
 895   GLU   0.815244   2.48548
 896   GLY   -0.180574   0
 897   HIS   0.362674   -0.452995
 898   ASP   0.142914   0.585808
 899   TYR   -0.0042392   0.553871
 903   LYS   -0.00313213   -0.106193
 909   CYS   -0.0179226   0.109323
 946   TYR   -0.0372371   0.19714
1016   HID   -0.0198755   -0.162208
1025   ILE   -0.195511   0
1026   LEU   0.0526796   0
1028   GLY   0.322203   0
1029   HIS   -0.114019   -0.745084
1029   HID   0.231112   -0.563452
1029   HIS   0.103986   -0.331534
1029   HID   0.184779   -0.920016
1029   HIS   0.0912978   -0.500147
1029   HID   0.127901   -0.329143
1029   HIS   -0.176213   -0.294824
1029   HID   -0.34951   -1.03352
1029   HIS   -0.0537225   -0.209985
1029   HID   -0.0380443   -0.450709
1029   HIS   -0.471779   -0.247993
1030   GLY   -0.0539536   0
1033   VAL   0.184156   0
1034   GLY   0.0488937   0
1037   TYR   0.0186684   0.10615
1076   TYR   -0.0543465   0.410244
1077   ARG   0.0132062   -0.102832
SITE:  TYR-1037
 389   ARG   0.0291352   -0.106483
 391   GLU   0.0439635   0.253029
 392   LYS   0.0845931   -0.330021
 393   GLU   0.041508   0.152082
 394   TYR   0.053138   0.26679
 396   ASP   0.00103336   0.452679
 398   HID   -0.0539838   -0.365142
 399   PHE   0.227042   0
 400   GLY   0.407644   0
 401   PRO   0.205688   0
 402   PHE   -0.267745   0
 404   ARG   0.0790919   -0.242144
 406   GLU   0.0586292   0.265016
 451   GLU   -0.000152105   0.104004
 466   ASP   0.0132279   0.104918
 468   CYS   -0.0746464   0.311013
 471   PRO   -0.0791584   0
 475   TYR   -0.0656724   0.103414
 479   CYS   -0.0992583   0.269328
 487   TYR   -0.0279797   0.246084
 516   CYS   0.0237114   0.133427
 533   CYS   0.0310806   0.135668
 538   GLY   0.117422   0
 539   GLY   -0.0725751   0
 540   PRO   0.149896   0
 550   TYR   0.00613626   0.147957
 555   TYR   0.0135367   0.13024
 566   PRO   -0.076836   0
 567   VAL   0.0977309   0
 568   ASN   -0.264517   0
 570   TYR   0.000726094   0.225384
 571   TYR   -0.000480452   0.12713
 576   LYS   0.00849542   -0.102376
 584   GLU   -0.00847276   0.179608
 606   GLU   0.0139218   0.274796
 875   TYR   0.00193421   0.22939
 884   HIS   -0.00908468   -0.115535
 887   PRO   -0.0107822   0
 888   PRO   -0.18172   0
 889   VAL   0.139554   0
 890   TYR   -0.0130879   2.06855
 891   PHE   0.129636   0
 892   VAL   -0.129335   0
 893   LEU   0.0949309   0
 894   GLU   -0.0241248   0.21059
 895   GLU   -0.0639736   0.16825
 897   HIS   0.000813063   -0.208696
 899   TYR   0.0242326   0.587223
 909   CYS   -0.0356986   0.200316
 914   CYS   -0.032949   0.12303
 930   ASP   0.0172862   0.119986
 939   PRO   0.28147   0
 940   SER   0.315884   0
 941   SER   -0.245389   0
 942   TRP   -0.256348   0
 944   ASP   -0.0157743   0.360156
 945   ASP   -0.114067   0.459947
 946   TYR   -0.066792   0.228896
 948   ASP   -0.0626742   0.148508
 956   CYS   -0.024049   0.105039
 957   CYS   -0.0127415   0.103576
 989   ARG   -0.0303463   -0.102643
1005   ASP   0.0550076   0.223947
1011   CYS   0.00347068   0.153405
1013   LYS   0.0375248   -0.666561
1014   GLY   0.0747728   0
1015   GLY   0.15173   0
1016   HID   -0.0343846   -0.512797
1016   HIS   0.0308421   -0.458919
1016   HID   -0.0683362   -0.796571
1016   HIS   0.00518982   -0.431062
1016   HID   0.168233   -0.298764
1016   HIS   0.0963921   -0.959545
1016   HID   0.0730166   -0.465725
1018   ALA   0.560374   0
1019   TYR   0.190057   0.92582
1021   SER   -0.713738   0
1023   VAL   0.0249561   0
1032   ARG   0.00812232   -0.10615
1038   PHE   -0.244962   0
1039   MET   -0.410178   0
1040   THR   0.20453   0
1041   TYR   0.0722901   0.957611
1042   HIS   0.0363317   -0.395643
1042   HID   0.081024   -0.256568
1042   HIS   -0.168336   -0.380368
1042   HID   -0.039825   -0.364479
1059   ARG   0.063625   -0.18951
1076   TYR   -0.0493442   0.141365
1077   ARG   0.0316455   -0.170015
1080   PRO   -0.110671   0
1081   TYR   0.0241813   0.641378
1085   TYR   -0.05355   0.428597
1088   TYR   -0.0321603   0.130284
1089   GLU   -0.0394305   0.104916
SITE:  TYR-1041
  96   ARG   0.027862   -0.116892
 391   GLU   -0.0133112   0.148441
 392   LYS   0.0153368   -0.244919
 396   ASP   0.0125521   0.250001
 398   HID   -0.020783   -0.11761
 400   GLY   0.105596   0
 401   PRO   0.0740266   0
 402   PHE   -0.226748   0
 404   ARG   0.0953752   -0.299527
 406   GLU   0.111307   0.5127
 407   GLN   -0.222568   0
 411   ARG   0.00770798   -0.135693
 451   GLU   -0.00508518   0.190317
 466   ASP   -0.00402485   0.10467
 468   CYS   -0.0901052   0.426324
 471   PRO   -0.134563   0
 479   CYS   -0.078211   0.382074
 482   LEU   -0.0381148   0
 486   ASN   -0.207986   0
 487   TYR   -0.0629335   0.623003
 512   HIS   0.017151   -0.157972
 515   TYR   0.00696345   0.123537
 516   CYS   0.0526902   0.270805
 518   ARG   0.0534101   -0.165978
 520   PRO   0.018235   0
 533   CYS   0.0643798   0.246816
 538   GLY   0.0774626   0
 539   GLY   -0.035552   0
 540   PRO   0.304736   0
 541   VAL   -0.222998   0
 543   PRO   0.0883086   0
 544   TRP   -0.314967   0
 545   LEU   -0.0212341   0
 546   VAL   -0.0303267   0
 547   LEU   0.140368   0
 550   TYR   0.0338828   0.478707
 552   ASP   0.0147692   0.124746
 555   TYR   0.0309524   0.338181
 562   VAL   -0.0840686   0
 564   THR   -0.172384   0
 566   PRO   -0.196878   0
 567   VAL   0.108648   0
 570   TYR   0.0058679   0.165781
 584   GLU   -0.0122655   0.286153
 606   GLU   0.0369041   0.457585
 607   ARG   -0.0199352   -0.124779
 610   GLU   -0.0232138   0.109284
 612   GLU   -0.0441593   0.101011
 871   TYR   -0.00582456   0.154901
 874   ASP   0.00357465   0.100447
 875   TYR   0.0242421   0.674415
 882   TYR   0.00510117   0.113709
 883   LEU   -0.205856   0
 884   HIS   -0.0599164   -0.394568
 885   ALA   -0.192216   0
 886   GLY   0.500382   0
 887   PRO   -0.0980096   0
 888   PRO   -0.508596   0
 889   VAL   0.190394   0
 890   TYR   0.02358   1.55095
 899   TYR   0.00604109   0.208206
 909   CYS   -0.0164266   0.11751
 930   ASP   0.0507935   0.272768
 934   ARG   -0.0076429   -0.156632
 936   GLY   -0.184795   0
 938   ALA   0.284818   0
 939   PRO   0.13481   0
 940   SER   -0.00073588   0
 944   ASP   -0.0323254   0.229619
 945   ASP   -0.0278755   0.363512
 946   TYR   -0.0264824   0.104746
 948   ASP   -0.0395496   0.127338
1005   ASP   0.0406472   0.146982
1011   CYS   0.00521078   0.12452
1013   LYS   0.0113069   -0.596916
1016   HID   -0.0129942   -0.231916
1016   HIS   0.0501299   -0.219419
1016   HID   0.0268946   -0.298084
1016   HIS   -0.0068011   -0.227814
1016   HID   0.0811752   -0.157068
1016   HIS   -0.010707   -0.376996
1016   HID   0.00938754   -0.309025
1019   TYR   0.0801662   0.626117
1021   SER   -0.190511   0
1037   TYR   -0.0990288   0.957611
1039   MET   -0.164738   0
1040   THR   0.0712117   0
1042   HIS   0.2162   -0.72392
1042   HID   0.0924467   -0.552137
1042   HIS   -0.598407   -0.619482
1042   HID   -0.0417689   -0.537263
1043   THR   0.142713   0
1050   ASP   -0.00400963   0.178984
1053   ASP   -0.0270476   0.103117
1057   LYS   -0.0307208   -0.101021
1059   ARG   0.0423571   -0.160401
1077   ARG   0.0157618   -0.100888
1081   TYR   0.0620209   0.510948
1082   SER   -0.162351   0
1085   TYR   -0.0765532   0.535814
1088   TYR   -0.0477182   0.253069
1089   GLU   -0.0409772   0.104105
1091   TYR   -0.0277492   0.118327
SITE:  HIS-1042
 389   ARG   0.044444   -0.171802
 391   GLU   -0.118597   0.384817
 392   LYS   -0.00651729   -0.304698
 393   GLU   -0.00176504   0.126396
 394   TYR   -0.0253148   0.116447
 396   ASP   -0.00449498   0.258633
 398   HID   -0.0316612   -0.110849
 404   ARG   -0.0087728   -0.18788
 406   GLU   0.0183036   0.227606
 468   CYS   -0.0230428   0.129652
 479   CYS   -0.0203701   0.102342
 487   TYR   -0.0137686   0.185739
 550   TYR   0.0230257   0.326842
 552   ASP   0.0173246   0.145639
 555   TYR   0.0161467   0.2015
 584   GLU   0.00549373   0.165043
 606   GLU   0.0726228   0.351754
 610   GLU   -0.0174166   0.105912
 861   ASP   -0.000634478   0.161274
 871   TYR   -0.00535506   0.111832
 875   TYR   -0.00280182   0.447381
 884   HIS   0.11931   -0.3317
 885   ALA   -0.289186   0
 886   GLY   -0.448612   0
 887   PRO   1.12761   0
 888   PRO   0.413422   0
 889   VAL   -0.22694   0
 890   TYR   0.0669358   0.734829
 894   GLU   -0.017861   0.147981
 897   HIS   -0.00545669   -0.107429
 899   TYR   -0.00448904   0.200095
 909   CYS   -0.00688811   0.104175
 923   ILE   0.0795573   0
 930   ASP   0.263326   0.749006
 931   ASN   0.202756   0
 932   TYR   0.0425125   0.223085
 933   THR   -0.344962   0
 934   ARG   1.82643   -0.70305
 935   ILE   -0.251209   0
 936   GLY   -0.381488   0
 937   PHE   0.176259   0
 939   PRO   0.0481417   0
 944   ASP   -0.00889948   0.163293
 945   ASP   -0.0203665   0.144827
1013   LYS   0.00132712   -0.180935
1016   HID   0.00213056   -0.115361
1016   HIS   -0.012147   -0.121954
1016   HID   0.0111547   -0.102647
1019   TYR   0.0245962   0.22801
1037   TYR   -0.113111   0.395643
1038   PHE   0.155544   0
1039   MET   -0.219936   0
1040   THR   0.298334   0
1041   TYR   -0.0662946   0.72392
1042   HID   23.5512   -10.2917
1042   HIS   -6.21312   -9.13484
1042   HID   -6.07537   -7.9631
1043   THR   1.09483   0
1044   VAL   0.188288   0
1045   LEU   -0.12087   0
1047   THR   0.175812   0
1048   SER   0.233007   0
1050   ASP   0.241204   0.754064
1051   PHE   0.375048   0
1052   ILE   0.229624   0
1053   ASP   -0.176342   0.618185
1054   ALA   0.12655   0
1055   LEU   0.282074   0
1056   LYS   -0.048197   -0.333872
1057   LYS   -0.389048   -0.598034
1058   ALA   -0.486728   0
1059   ARG   -0.00658782   -0.622844
1061   ILE   -0.20999   0
1077   ARG   0.0609813   -0.279001
1080   PRO   -0.216218   0
1081   TYR   0.229622   0.715505
1083   VAL   -0.107331   0
1084   PHE   -0.31951   0
1085   TYR   -1.65735   5.31742
1088   TYR   -0.0779332   0.552149
1089   GLU   -0.128593   0.359926
1091   TYR   -0.0949741   0.304548
SITE:  HID-1042
 250   LYS   -0.0323162   -0.108973
 391   GLU   -0.051728   0.19518
 392   LYS   -0.00757344   -0.165181
 396   ASP   8.93313e-05   0.141771
 404   ARG   -0.00915299   -0.121109
 406   GLU   0.0127783   0.168194
 411   ARG   0.00139409   -0.108467
 487   TYR   -0.00983501   0.230232
 516   CYS   0.0195315   0.114862
 518   ARG   0.0475544   -0.137632
 543   PRO   0.0134501   0
 550   TYR   0.0306787   0.915371
 551   ASP   -0.0945882   0.170239
 552   ASP   0.027342   0.494057
 555   TYR   0.0197249   0.437599
 584   GLU   0.00359596   0.114023
 606   GLU   0.0468778   0.226239
 861   ASP   0.00708279   0.116309
 875   TYR   0.0245545   0.355023
 882   TYR   0.0379219   0.121008
 884   HIS   0.62225   -0.903037
 885   ALA   -0.164616   0
 886   GLY   -0.210109   0
 887   PRO   0.620782   0
 888   PRO   0.108344   0
 889   VAL   -0.0901581   0
 890   TYR   0.0298948   0.446456
 899   TYR   -0.00209022   0.126257
 923   ILE   0.0787866   0
 930   ASP   0.417056   1.11572
 932   TYR   0.000496216   0.156059
 933   THR   -0.150331   0
 934   ARG   0.607616   -0.693147
 935   ILE   -0.244361   0
 936   GLY   -0.31791   0
 937   PHE   0.116743   0
 939   PRO   0.0262272   0
 944   ASP   -0.00908499   0.125006
 945   ASP   -0.012438   0.119657
1013   LYS   0.00184574   -0.151716
1019   TYR   0.0172972   0.179307
1037   TYR   -0.0716085   0.256568
1041   TYR   0.00463335   0.552137
1042   HIS   13.2255   -10.2917
1042   HIS   -9.55992   -2.84649
1042   HID   4.56468   -3.73573
1043   THR   3.82832   0
1044   VAL   0.0762656   0
1045   LEU   -0.0409461   0
1050   ASP   0.148079   0.61088
1051   PHE   0.186034   0
1052   ILE   0.114655   0
1053   ASP   -0.124923   0.40183
1055   LEU   0.147593   0
1056   LYS   -0.0488364   -0.189201
1057   LYS   -0.237422   -0.403557
1058   ALA   -0.179296   0
1059   ARG   0.0405235   -0.317232
1077   ARG   0.02513   -0.147604
1080   PRO   -0.123618   0
1081   TYR   0.123504   0.375846
1085   TYR   -0.337508   1.94596
1088   TYR   -0.0394822   0.32472
1089   GLU   -0.062966   0.183104
1091   TYR   -0.0444196   0.175958
SITE:  HIS-1042
 389   ARG   0.0380426   -0.153704
 391   GLU   -0.0992252   0.372092
 392   LYS   -0.00097699   -0.276056
 393   GLU   -0.00969188   0.116558
 394   TYR   -0.0265986   0.116648
 396   ASP   -0.00373469   0.23648
 398   HID   -0.0309232   -0.109717
 404   ARG   -9.49155e-05   -0.16477
 406   GLU   0.0178662   0.194575
 468   CYS   -0.021382   0.114786
 487   TYR   -0.0132936   0.167578
 550   TYR   0.0190438   0.295896
 552   ASP   0.0191801   0.147363
 555   TYR   0.0110342   0.192325
 584   GLU   0.00500768   0.141883
 606   GLU   0.0589811   0.302206
 861   ASP   0.00634295   0.137044
 875   TYR   0.00754826   0.375678
 884   HIS   0.114639   -0.29419
 885   ALA   -0.180765   0
 886   GLY   -0.322031   0
 887   PRO   0.83076   0
 888   PRO   0.352692   0
 889   VAL   -0.231461   0
 890   TYR   0.0434054   0.655759
 891   PHE   -0.157266   0
 894   GLU   -0.0167821   0.154133
 897   HIS   -0.00558079   -0.124906
 899   TYR   -0.00829502   0.223027
 909   CYS   -0.00627169   0.126662
 914   CYS   -0.026144   0.103078
 917   ASP   0.00993922   0.112279
 920   VAL   0.121299   0
 923   ILE   0.14072   0
 929   LEU   -0.200394   0
 930   ASP   0.152456   0.82274
 931   ASN   0.161609   0
 932   TYR   -0.00849323   0.280196
 933   THR   -0.514341   0
 934   ARG   -0.285159   -0.64909
 935   ILE   1.18562   0
 936   GLY   -0.19256   0
 937   PHE   0.299831   0
 939   PRO   0.0247624   0
 944   ASP   -0.0100647   0.190122
 945   ASP   -0.0245103   0.153531
1013   LYS   0.00164553   -0.180485
1016   HID   0.00327519   -0.116632
1016   HIS   -0.0112504   -0.119493
1016   HID   0.0137264   -0.102692
1019   TYR   0.0296236   0.232926
1037   TYR   -0.12732   0.380368
1038   PHE   0.175243   0
1039   MET   -0.196439   0
1040   THR   0.151047   0
1041   TYR   -0.0325446   0.619482
1042   HIS   4.85783   -9.13484
1042   HID   2.26482   -2.84649
1042   HID   -1.68487   -3.38227
1043   THR   1.97888   0
1044   VAL   0.111124   0
1045   LEU   -0.0867299   0
1048   SER   0.179797   0
1050   ASP   0.173502   0.60079
1051   PHE   0.305584   0
1052   ILE   0.217609   0
1053   ASP   -0.0632951   0.537404
1054   ALA   0.222852   0
1055   LEU   0.262518   0
1056   LYS   -0.00262972   -0.317008
1057   LYS   -0.23499   -0.647138
1058   ALA   -0.308698   0
1059   ARG   0.102786   -0.601616
1061   ILE   -0.330531   0
1064   ASN   -0.177927   0
1077   ARG   0.0532546   -0.28595
1080   PRO   -0.225681   0
1081   TYR   0.240822   0.641482
1083   VAL   -0.0828999   0
1084   PHE   -0.250808   0
1085   TYR   -0.971196   4.00656
1088   TYR   -0.0754403   0.46909
1089   GLU   -0.109795   0.327639
1091   TYR   -0.0771617   0.261282
SITE:  HID-1042
 379   ASP   -0.0312638   0.138319
 389   ARG   0.079838   -0.298751
 391   GLU   -0.244694   0.586042
 392   LYS   -0.0431962   -0.46862
 393   GLU   -0.0226036   0.194315
 394   TYR   -0.048985   0.141173
 396   ASP   -0.0130472   0.363067
 398   HID   -0.0439589   -0.135114
 404   ARG   -0.017585   -0.231536
 406   GLU   0.0153172   0.233533
 468   CYS   -0.0226895   0.123624
 487   TYR   -0.0108326   0.135426
 550   TYR   0.0164333   0.211963
 555   TYR   0.00882324   0.131098
 584   GLU   0.0113192   0.189304
 606   GLU   0.0853332   0.429504
 607   ARG   -0.0193782   -0.106734
 610   GLU   -0.027103   0.144546
 612   GLU   -0.0514968   0.111562
 857   ASP   -0.0299624   0.116632
 861   ASP   -0.0096616   0.203663
 871   TYR   -0.00794926   0.124768
 875   TYR   -0.0215082   0.440957
 884   HIS   0.0490522   -0.225336
 886   GLY   -0.264596   0
 887   PRO   0.380698   0
 888   PRO   0.485438   0
 889   VAL   -0.27533   0
 890   TYR   0.0772301   0.689331
 892   VAL   0.0209148   0
 894   GLU   -0.0259291   0.180244
 897   HIS   -0.00344272   -0.104405
 899   TYR   -0.00509445   0.193084
 930   ASP   0.151688   0.463348
 932   TYR   0.0442327   0.191442
 933   THR   -0.245072   0
 934   ARG   0.967873   -0.525572
 935   ILE   -0.126543   0
 936   GLY   -0.190601   0
 937   PHE   0.123412   0
 939   PRO   0.0340194   0
 944   ASP   0.00170175   0.128566
 945   ASP   -0.0182067   0.111295
1013   LYS   0.00377051   -0.141631
1016   HID   0.00120046   -0.103389
1016   HIS   -0.00895458   -0.107722
1019   TYR   0.0220941   0.180165
1037   TYR   -0.105366   0.364479
1038   PHE   0.138474   0
1039   MET   -0.186116   0
1040   THR   0.260774   0
1041   TYR   -0.0388632   0.537263
1042   HIS   0.692845   -7.9631
1042   HID   3.88954   -3.73573
1042   HIS   -2.73645   -3.38227
1043   THR   0.185402   0
1044   VAL   0.0721223   0
1045   LEU   -0.107752   0
1047   THR   0.161193   0
1048   SER   0.320052   0
1049   ALA   0.175654   0
1050   ASP   0.160075   0.674094
1051   PHE   0.520216   0
1052   ILE   0.34001   0
1053   ASP   -0.162298   0.628078
1055   LEU   0.0215096   0
1056   LYS   -0.0440151   -0.394986
1057   LYS   -0.314602   -0.520587
1058   ALA   -0.482526   0
1059   ARG   0.0493753   -0.982058
1061   ILE   -0.179364   0
1077   ARG   0.0988736   -0.379726
1080   PRO   -0.0291904   0
1081   TYR   -0.0493187   1.07628
1082   SER   0.211623   0
1083   VAL   -0.000878644   0
1084   PHE   0.529738   0
1085   TYR   5.38122   6.35038
1086   VAL   -0.0960306   0
1087   PHE   -0.253316   0
1088   TYR   -0.23533   0.824061
1089   GLU   -0.29698   0.657737
1091   TYR   -0.146489   0.482903
1097   ASP   -0.0199534   0.136707
1225   TYR   -0.0129657   0.117586
SITE:  ASP-1050
 550   TYR   0.0306603   0.175836
 552   ASP   0.0142591   0.127727
 606   GLU   0.0372012   0.157441
 857   ASP   -0.0823375   0.258211
 861   ASP   0.00992918   0.316049
 875   TYR   0.0103393   0.2603
 884   HIS   0.0641518   -0.242815
 886   GLY   -0.128127   0
 887   PRO   0.0493222   0
 888   PRO   0.0622086   0
 890   TYR   0.00481645   0.14525
 930   ASP   0.203186   0.393096
 931   ASN   0.395959   0
 932   TYR   0.0456856   0.141959
 934   ARG   -0.418942   -2.76998
1041   TYR   -0.0223068   0.178984
1042   HIS   -0.102093   -0.754064
1042   HID   0.291186   -0.61088
1042   HIS   -0.133177   -0.60079
1042   HID   0.0554301   -0.674094
1043   THR   0.038449   0
1044   VAL   0.600656   0
1045   LEU   -0.86345   0
1046   GLN   -1.25167   0
1047   THR   0.705142   0
1048   SER   0.351219   0
1051   PHE   -0.2819   0
1052   ILE   -0.166309   0
1053   ASP   -0.664896   1.17205
1054   ALA   -0.321031   0
1056   LYS   -0.128086   -0.24648
1057   LYS   -0.13613   -0.485018
1059   ARG   -0.0264492   -0.166937
1081   TYR   0.0110717   0.176874
1085   TYR   -0.0349129   0.526819
1088   TYR   0.0320201   0.573413
1089   GLU   -0.0366544   0.157445
1091   TYR   -0.071632   0.338237
SITE:  ASP-1053
 256   PRO   0.0867466   0
 391   GLU   -0.0407364   0.120646
 857   ASP   -0.0874042   0.249088
 861   ASP   -0.00155998   0.180454
 875   TYR   -0.00071307   0.113591
 887   PRO   0.0453246   0
 890   TYR   0.011817   0.106383
 930   ASP   0.0829136   0.254775
 931   ASN   0.397804   0
 932   TYR   0.190812   0.327695
 934   ARG   -0.216276   -0.917069
1041   TYR   0.00720885   0.103117
1042   HIS   -0.0930329   -0.618185
1042   HID   0.30796   -0.40183
1042   HIS   -0.268184   -0.537404
1042   HID   0.101269   -0.628078
1046   GLN   -0.166457   0
1047   THR   0.142058   0
1048   SER   0.304014   0
1049   ALA   0.758146   0
1050   ASP   0.387204   1.17205
1052   ILE   0.0223846   0
1054   ALA   -0.418015   0
1055   LEU   -0.208562   0
1056   LYS   -0.497703   -0.782417
1057   LYS   -0.326288   -1.22199
1059   ARG   -0.101586   -0.261648
1077   ARG   0.0228384   -0.102959
1081   TYR   0.0085125   0.147118
1085   TYR   0.0263636   0.594467
1088   TYR   0.0706775   0.361474
1089   GLU   -0.0188811   0.242958
1091   TYR   -0.0368211   0.333714
SITE:  LYS-1056
 391   GLU   -0.0480586   0.178734
 857   ASP   -0.0306072   0.136362
 932   TYR   0.137302   0.309948
 934   ARG   -0.0538237   -0.199435
1042   HIS   -0.0603776   -0.333872
1042   HID   0.139617   -0.189201
1042   HIS   -0.137536   -0.317008
1042   HID   0.0652354   -0.394986
1049   ALA   0.162578   0
1050   ASP   0.0672202   0.24648
1052   ILE   0.209727   0
1053   ASP   0.23303   0.782417
1055   LEU   0.00401441   0
1057   LYS   -0.356338   -0.718283
1059   ARG   -0.386616   -0.42522
1060   LEU   -0.167822   0
1077   ARG   0.0416271   -0.186564
1080   PRO   0.00731301   0
1081   TYR   -0.000869359   0.123256
1085   TYR   0.0776742   0.45058
1088   TYR   0.105104   0.198861
1089   GLU   0.0741014   0.426701
1091   TYR   0.0897926   0.264151
1092   LEU   0.0172645   0
1096   ASP   -0.0901811   0.16265
1097   ASP   -0.0506461   0.160704
SITE:  LYS-1057
 253   PRO   -0.106989   0
 254   PRO   0.18309   0
 256   PRO   0.0894599   0
 391   GLU   -0.0353374   0.135267
 890   TYR   0.01397   0.104879
 930   ASP   0.0298206   0.359937
 931   ASN   0.474754   0
 932   TYR   2.28268   1.22411
 933   THR   0.152594   0
 934   ARG   -0.112563   -0.683542
 935   ILE   0.0422535   0
1041   TYR   0.0397618   0.101021
1042   HIS   -0.120487   -0.598034
1042   HID   0.302044   -0.403557
1042   HIS   -0.134336   -0.647138
1042   HID   0.11068   -0.520587
1050   ASP   0.175966   0.485018
1052   ILE   0.123982   0
1053   ASP   0.126134   1.22199
1054   ALA   0.20485   0
1055   LEU   0.0947023   0
1056   LYS   0.148593   -0.718283
1058   ALA   -0.259512   0
1059   ARG   -0.119657   -0.309213
1060   LEU   -0.28933   0
1077   ARG   0.018902   -0.137906
1080   PRO   -0.0372415   0
1081   TYR   0.0219144   0.121178
1085   TYR   0.0323343   0.583718
1088   TYR   0.023014   0.158642
1089   GLU   -0.0149983   0.177193
1091   TYR   -0.0143941   0.142935
SITE:  ARG-1059
 379   ASP   -0.00904949   0.125238
 387   GLN   -0.764398   0
 389   ARG   0.0649171   -0.412232
 390   LEU   -0.203214   0
 391   GLU   -0.754081   1.79996
 392   LYS   -0.0777886   -0.390558
 393   GLU   -0.0971661   0.252617
 394   TYR   -0.0905077   0.217062
 396   ASP   -0.0455569   0.290699
 398   HID   -0.0414231   -0.161721
 404   ARG   -0.000982502   -0.107319
 606   GLU   0.0317405   0.169562
 875   TYR   -0.00857693   0.126152
 887   PRO   0.0384237   0
 888   PRO   0.0932785   0
 890   TYR   0.128577   0.284899
 892   VAL   0.0876708   0
 894   GLU   -0.0464341   0.362474
 897   HIS   -0.00123376   -0.122987
 899   TYR   -0.0107675   0.183317
 930   ASP   0.0133193   0.106761
 932   TYR   0.0475653   0.141298
 934   ARG   -0.0260035   -0.128459
1037   TYR   -0.0648156   0.18951
1041   TYR   0.00754226   0.160401
1042   HIS   -0.106365   -0.622844
1042   HID   0.19667   -0.317232
1042   HIS   -0.178076   -0.601616
1042   HID   -0.0312041   -0.982058
1050   ASP   0.0357706   0.166937
1051   PHE   0.136157   0
1052   ILE   0.185282   0
1053   ASP   0.0596587   0.261648
1055   LEU   0.107096   0
1056   LYS   0.137437   -0.42522
1057   LYS   0.0696989   -0.309213
1060   LEU   -0.175836   0
1061   ILE   -0.173   0
1062   ALA   -0.272042   0
1067   GLU   -0.0669674   0.121564
1076   TYR   -0.0658391   0.131106
1077   ARG   0.46296   -1.31432
1078   VAL   0.125361   0
1079   PHE   -0.398196   0
1080   PRO   0.476502   0
1081   TYR   -0.114756   0.634384
1082   SER   0.124228   0
1083   VAL   0.123119   0
1085   TYR   0.0347339   1.2752
1086   VAL   0.0229546   0
1088   TYR   -0.1036   0.293801
1089   GLU   -0.21773   2.2644
1091   TYR   -0.115403   0.299141
1092   LEU   -0.160998   0
1096   ASP   -0.0557946   0.112769
1097   ASP   -0.0378608   0.210944
SITE:  GLU-1067
 391   GLU   0.00102636   0.102495
 894   GLU   0.0151087   0.108851
 897   HIS   -0.01396   -0.144319
 917   ASP   0.0506676   0.311263
 932   TYR   -0.00867843   0.135875
1059   ARG   0.057616   -0.121564
1060   LEU   0.135287   0
1061   ILE   0.124279   0
1063   SER   0.272197   0
1064   ASN   0.603863   0
1065   VAL   0.111261   0
1066   THR   -0.0375846   0
1068   THR   -0.683144   0
1069   MET   -0.201506   0
1070   GLY   -0.197468   0
1076   TYR   0.0429391   0.166341
1077   ARG   -0.073857   -0.184127
SITE:  TYR-1076
 391   GLU   0.0318558   0.219245
 394   TYR   0.0367684   0.352499
 398   HID   -0.0118336   -0.18422
 893   LEU   -0.269898   0
 894   GLU   0.409194   0.705336
 895   GLU   0.0797537   0.643357
 896   GLY   -0.232157   0
 897   HIS   -0.683387   -4.30973
 898   ASP   -0.497398   0.849279
 899   TYR   -0.271701   1.07491
 901   SER   0.193644   0
 903   LYS   0.082568   -0.493387
 904   GLY   0.161096   0
 907   MET   0.205766   0
 908   VAL   -0.0692764   0
 909   CYS   -0.0323112   0.290392
 914   CYS   -0.117819   0.219265
 917   ASP   0.128689   0.275769
 944   ASP   0.0415728   0.204851
 946   TYR   -0.0412575   0.15579
 989   ARG   0.00405683   -0.145576
1016   HID   -0.00781712   -0.116947
1019   TYR   0.0245208   0.109926
1029   HIS   -0.0324862   -0.16082
1029   HID   -0.00974111   -0.119612
1029   HID   -0.0532299   -0.169681
1032   ARG   -0.107666   -0.410244
1033   VAL   0.0957513   0
1034   GLY   0.167168   0
1037   TYR   -0.0033261   0.141365
1059   ARG   0.0679152   -0.131106
1065   VAL   0.10437   0
1066   THR   0.319266   0
1067   GLU   0.00657111   0.166341
1069   MET   0.237816   0
1070   GLY   0.0699669   0
1071   ILE   -0.376894   0
1077   ARG   -0.376884   -0.384943
1078   VAL   -0.0896965   0
1085   TYR   -0.00682192   0.122526
SITE:  ARG-1077
 387   GLN   0.38723   0
 389   ARG   0.0130598   -0.182111
 391   GLU   0.808111   2.91667
 392   LYS   0.0170316   -0.22323
 393   GLU   -0.103079   0.198274
 394   TYR   -0.0546654   0.45609
 396   ASP   -0.0562816   0.200068
 398   HID   -0.0466334   -0.24783
 890   TYR   0.109274   0.193786
 892   VAL   0.223808   0
 894   GLU   -0.000276921   1.26376
 895   GLU   0.0702498   0.242831
 897   HIS   -0.0133192   -0.274702
 899   TYR   -0.0277674   0.326875
1032   ARG   0.00271135   -0.102832
1037   TYR   -0.0646562   0.170015
1041   TYR   0.0152236   0.100888
1042   HIS   -0.0422428   -0.279001
1042   HID   0.0840082   -0.147604
1042   HIS   -0.0591257   -0.28595
1042   HID   -0.0353427   -0.379726
1053   ASP   0.0210809   0.102959
1055   LEU   0.0894676   0
1056   LYS   0.0942764   -0.186564
1057   LYS   0.0533758   -0.137906
1059   ARG   0.528638   -1.31432
1063   SER   0.259717   0
1066   THR   -0.237432   0
1067   GLU   -0.0631136   0.184127
1076   TYR   -0.291006   0.384943
1078   VAL   0.135894   0
1079   PHE   -0.244196   0
1080   PRO   0.210144   0
1081   TYR   -0.0129337   0.32176
1085   TYR   -0.0301878   0.527702
1088   TYR   -0.0289249   0.106029
1089   GLU   -0.0153099   0.519177
1091   TYR   -0.0362454   0.101813
SITE:  TYR-1081
 376   ASN   0.11475   0
 377   PRO   -0.0855717   0
 378   VAL   -0.0969053   0
 379   ASP   -0.0748704   0.315234
 387   GLN   0.179468   0
 388   ALA   0.305558   0
 389   ARG   0.149526   -0.603527
 391   GLU   -0.149825   0.728209
 392   LYS   -0.167925   -2.1689
 393   GLU   0.0642884   0.598082
 394   TYR   -0.102479   0.248767
 395   PHE   -0.315906   0
 396   ASP   0.169024   1.77889
 398   HID   -0.119882   -0.315344
 400   GLY   0.247416   0
 401   PRO   -0.602204   0
 403   PHE   0.325022   0
 404   ARG   0.0157981   -0.654909
 406   GLU   0.0493783   0.406537
 468   CYS   -0.0456414   0.226465
 479   CYS   -0.0494306   0.151608
 487   TYR   -0.011457   0.116477
 550   TYR   0.0094372   0.112289
 566   PRO   -0.0929844   0
 567   VAL   0.122628   0
 569   ASN   -0.454925   0
 570   TYR   0.101564   0.20214
 571   TYR   -0.0672706   0.270492
 573   ASP   0.0371194   0.151211
 576   LYS   0.00935295   -0.114937
 584   GLU   0.0215879   0.393501
 606   GLU   0.170683   0.9946
 607   ARG   -0.0540779   -0.202997
 610   GLU   -0.0461878   0.310353
 611   ASP   -0.0610812   0.140264
 612   GLU   -0.0765483   0.147807
 861   ASP   -0.00196534   0.133572
 871   TYR   -0.021017   0.178632
 875   TYR   -0.0382297   0.459352
 884   HIS   -0.00218741   -0.116362
 887   PRO   -0.103824   0
 888   PRO   0.300016   0
 889   VAL   -0.172851   0
 890   TYR   -0.164661   1.28601
 892   VAL   -0.0470334   0
 894   GLU   -0.0614152   0.223377
 895   GLU   -0.0244065   0.101033
 899   TYR   0.000882622   0.211483
 930   ASP   0.0263624   0.114182
 934   ARG   -0.0033465   -0.119163
 944   ASP   -0.00270097   0.102509
 945   ASP   -0.021638   0.106519
1013   LYS   0.00357178   -0.149845
1016   HID   -0.00927472   -0.121422
1016   HIS   0.00335601   -0.102904
1016   HID   -0.00477859   -0.162193
1016   HIS   -0.00258407   -0.10608
1016   HIS   -0.0011226   -0.170291
1016   HID   0.00218914   -0.10303
1019   TYR   0.040975   0.189011
1037   TYR   -0.035984   0.641378
1039   MET   -0.182388   0
1040   THR   0.206147   0
1041   TYR   -0.0535786   0.510948
1042   HIS   -0.0718054   -0.715505
1042   HID   0.192823   -0.375846
1042   HIS   -0.28201   -0.641482
1042   HID   -0.00465861   -1.07628
1050   ASP   -0.0120862   0.176874
1053   ASP   -0.0253618   0.147118
1056   LYS   0.00759106   -0.123256
1057   LYS   -0.0323022   -0.121178
1059   ARG   0.169421   -0.634384
1077   ARG   0.078908   -0.32176
1080   PRO   0.0100084   0
1082   SER   -0.355206   0
1083   VAL   0.246932   0
1085   TYR   -0.406854   1.07368
1086   VAL   -0.347588   0
1088   TYR   -0.183357   0.515635
1089   GLU   -0.223456   0.443638
1091   TYR   -0.0721947   0.318897
1097   ASP   -0.0100982   0.109619
1225   TYR   -0.016086   0.129575
SITE:  TYR-1085
 379   ASP   -0.0279754   0.123329
 389   ARG   0.086514   -0.284899
 391   GLU   -0.29541   0.75652
 392   LYS   -0.0303735   -0.453337
 393   GLU   -0.0247014   0.203824
 394   TYR   -0.0542327   0.183178
 396   ASP   -0.0249187   0.375686
 398   HID   -0.0474734   -0.1671
 404   ARG   -0.00714616   -0.205789
 406   GLU   0.0185922   0.206222
 468   CYS   -0.0221734   0.118043
 487   TYR   -0.0104717   0.12744
 550   TYR   0.0126735   0.178649
 555   TYR   0.00730802   0.117494
 584   GLU   0.00803323   0.164558
 606   GLU   0.0732835   0.368177
 610   GLU   -0.0229624   0.121511
 861   ASP   0.0024945   0.16085
 871   TYR   -0.00787341   0.104943
 875   TYR   -0.0139327   0.365062
 884   HIS   0.037787   -0.180815
 886   GLY   -0.149373   0
 887   PRO   0.37078   0
 888   PRO   0.497591   0
 889   VAL   -0.556716   0
 890   TYR   0.172601   0.771083
 892   VAL   0.0323674   0
 894   GLU   -0.0356622   0.245409
 897   HIS   -0.00386302   -0.141427
 899   TYR   -0.00985305   0.25823
 909   CYS   -0.00676547   0.108303
 930   ASP   0.0738516   0.372408
 932   TYR   0.0735805   0.21146
 933   THR   -0.220076   0
 934   ARG   0.0620273   -0.413857
 935   ILE   -0.145298   0
 936   GLY   -0.154906   0
 937   PHE   0.124627   0
 939   PRO   0.0469819   0
 944   ASP   0.00181762   0.156745
 945   ASP   -0.0229052   0.127823
1013   LYS   0.00291407   -0.156316
1016   HID   -0.000127129   -0.122361
1016   HIS   -0.0104614   -0.122403
1019   TYR   0.0268426   0.205977
1037   TYR   -0.161617   0.428597
1038   PHE   0.21182   0
1039   MET   -0.230912   0
1040   THR   0.425437   0
1041   TYR   -0.0457866   0.535814
1042   HIS   -1.62886   -5.31742
1042   HID   1.16274   -1.94596
1042   HIS   -0.857886   -4.00656
1042   HID   -7.43388   -6.35038
1043   THR   0.205749   0
1045   LEU   -0.0732421   0
1048   SER   0.235864   0
1049   ALA   0.176262   0
1050   ASP   0.181656   0.526819
1051   PHE   0.556977   0
1052   ILE   0.401606   0
1053   ASP   -0.00991822   0.594467
1054   ALA   0.543702   0
1055   LEU   0.311616   0
1056   LYS   0.0453991   -0.45058
1057   LYS   -0.381161   -0.583718
1058   ALA   -0.896811   0
1059   ARG   0.15807   -1.2752
1061   ILE   -0.27508   0
1062   ALA   -0.196439   0
1076   TYR   -0.053895   0.122526
1077   ARG   0.13447   -0.527702
1079   PHE   -0.179997   0
1080   PRO   -0.275188   0
1081   TYR   0.0770576   1.07368
1082   SER   -0.172955   0
1083   VAL   0.0156672   0
1086   VAL   -0.156417   0
1088   TYR   -0.174094   0.622254
1089   GLU   -0.267049   0.676779
1091   TYR   -0.14024   0.396725
1097   ASP   -0.0201578   0.126637
SITE:  TYR-1088
 377   PRO   0.0127256   0
 378   VAL   0.0462342   0
 379   ASP   -0.0878872   0.231531
 381   TRP   -0.359592   0
 389   ARG   0.0388405   -0.291217
 391   GLU   -0.07813   0.180187
 392   LYS   -0.0459702   -0.322072
 393   GLU   -0.00240907   0.125561
 396   ASP   0.0131844   0.218957
 404   ARG   -0.0493282   -0.279503
 406   GLU   -0.0110603   0.268692
 411   ARG   0.0020842   -0.104109
 468   CYS   -0.0154789   0.103096
 550   TYR   0.0163568   0.107705
 584   GLU   0.027079   0.257959
 606   GLU   0.148603   0.568097
 607   ARG   -0.0278296   -0.190163
 610   GLU   -0.052531   0.311455
 611   ASP   -0.0617842   0.190815
 612   GLU   -0.138869   0.299705
 615   ARG   -0.0571562   -0.147538
 616   GLU   -0.114018   0.203344
 620   ASP   0.00834366   0.171071
 688   GLU   -0.069768   0.137956
 758   HIS   -0.0120878   -0.121444
 857   ASP   -0.0809778   0.328166
 859   GLY   -0.470666   0
 860   LEU   0.754598   0
 861   ASP   -0.197413   0.910389
 862   GLN   2.02914   0
 863   SER   -0.18715   0
 865   SER   -0.151801   0
 867   PRO   0.0567524   0
 868   ASP   0.00475822   0.117552
 871   TYR   -0.0281794   0.253595
 874   ASP   -0.00200299   0.149327
 875   TYR   -0.090631   0.591196
 877   LYS   0.0150162   -0.128282
 884   HIS   0.00662794   -0.140837
 886   GLY   -0.112896   0
 887   PRO   -0.0790535   0
 888   PRO   0.128462   0
 890   TYR   -0.00544983   0.262733
 930   ASP   0.0457206   0.115624
 934   ARG   -0.0785915   -0.255621
1037   TYR   -0.0201472   0.130284
1041   TYR   -0.0767258   0.253069
1042   HIS   -0.0504912   -0.552149
1042   HID   0.172571   -0.32472
1042   HIS   -0.319376   -0.46909
1042   HID   0.107532   -0.824061
1043   THR   0.125029   0
1045   LEU   0.0180389   0
1048   SER   0.365376   0
1050   ASP   -0.301706   0.573413
1051   PHE   -0.0657966   0
1052   ILE   -0.0509709   0
1053   ASP   -0.148377   0.361474
1054   ALA   -0.148985   0
1056   LYS   -0.0636143   -0.198861
1057   LYS   -0.0589372   -0.158642
1059   ARG   0.00280908   -0.293801
1077   ARG   0.0272784   -0.106029
1081   TYR   -0.018519   0.515635
1083   VAL   -0.0431589   0
1084   PHE   0.222131   0
1085   TYR   0.08003   0.622254
1086   VAL   -0.0733686   0
1089   GLU   -0.258983   0.42542
1090   GLN   -0.473725   0
1091   TYR   -0.564808   2.10451
1097   ASP   -0.0231764   0.249092
1150   ASN   -0.418397   0
1225   TYR   -0.055722   0.420803
1227   ARG   -0.0655558   -0.125683
1229   TYR   -0.0288688   0.204122
SITE:  GLU-1089
 378   VAL   0.0931608   0
 379   ASP   -0.00617545   0.186871
 381   TRP   0.190709   0
 382   SER   -0.174079   0
 386   SER   -0.134389   0
 387   GLN   -0.759116   0
 388   ALA   -0.56198   0
 389   ARG   -0.0628094   -0.513338
 391   GLU   -0.342064   0.734497
 392   LYS   -0.104924   -0.318665
 393   GLU   -0.0915138   0.207051
 394   TYR   -0.0554426   0.112332
 396   ASP   -0.0263567   0.212524
 404   ARG   -0.00373418   -0.102655
 606   GLU   0.032744   0.166973
 753   VAL   0.200481   0
 755   PRO   -0.0355964   0
 758   HIS   -0.0199485   -0.16586
 861   ASP   -0.0106555   0.124637
 875   TYR   -0.010628   0.117831
 890   TYR   0.0451672   0.171887
 894   GLU   -0.0274329   0.173071
1037   TYR   -0.0281512   0.104916
1041   TYR   -0.00831016   0.104105
1042   HIS   -0.0563388   -0.359926
1042   HID   0.118733   -0.183104
1042   HIS   -0.146105   -0.327639
1042   HID   0.0208431   -0.657737
1050   ASP   0.00353516   0.157445
1052   ILE   0.104888   0
1053   ASP   0.00049477   0.242958
1055   LEU   -0.141664   0
1056   LYS   -0.00983293   -0.426701
1057   LYS   -0.00848453   -0.177193
1059   ARG   0.0614364   -2.2644
1077   ARG   0.144544   -0.519177
1080   PRO   0.190974   0
1081   TYR   -0.0716548   0.443638
1082   SER   0.117769   0
1083   VAL   0.100072   0
1084   PHE   0.147088   0
1085   TYR   0.55262   0.676779
1086   VAL   0.242676   0
1088   TYR   -0.064741   0.42542
1090   GLN   -0.479028   0
1091   TYR   -0.276553   0.599709
1092   LEU   -0.498088   0
1096   ASP   -0.124175   0.232047
1097   ASP   -0.0958505   0.535368
1225   TYR   -0.00777722   0.163726
SITE:  TYR-1091
 377   PRO   0.111594   0
 378   VAL   0.0910708   0
 379   ASP   -0.0599536   0.239348
 381   TRP   -0.462816   0
 382   SER   -0.139289   0
 389   ARG   0.0359366   -0.311657
 391   GLU   -0.0772261   0.163204
 392   LYS   -0.0469091   -0.224205
 393   GLU   -0.0137759   0.105014
 396   ASP   0.00471984   0.145334
 404   ARG   -0.0183642   -0.162923
 406   GLU   -0.00537791   0.135116
 584   GLU   0.015336   0.143108
 606   GLU   0.0738535   0.29394
 607   ARG   -0.0172009   -0.116415
 610   GLU   -0.0305372   0.227622
 611   ASP   -0.0316634   0.129538
 612   GLU   -0.0789726   0.204692
 615   ARG   -0.0495706   -0.107315
 616   GLU   -0.0994255   0.183725
 620   ASP   0.012605   0.193129
 688   GLU   -0.0796845   0.172364
 753   VAL   0.10901   0
 755   PRO   -0.0545341   0
 758   HIS   -0.0122293   -0.218816
 857   ASP   -0.06261   0.527438
 858   ILE   -0.38006   0
 859   GLY   -1.80118   0
 860   LEU   0.299064   0
 861   ASP   -0.0777607   0.843271
 862   GLN   0.080181   0
 871   TYR   -0.0177149   0.145496
 875   TYR   -0.0355604   0.262687
 890   TYR   0.000676676   0.140707
 934   ARG   -0.0331809   -0.162985
1041   TYR   -0.0261314   0.118327
1042   HIS   -0.0345566   -0.304548
1042   HID   0.100901   -0.175958
1042   HIS   -0.15873   -0.261282
1042   HID   0.0507548   -0.482903
1048   SER   0.382058   0
1050   ASP   -0.12916   0.338237
1052   ILE   -0.109904   0
1053   ASP   -0.0745688   0.333714
1056   LYS   -0.0670118   -0.264151
1057   LYS   -0.0365821   -0.142935
1059   ARG   -0.00474241   -0.299141
1077   ARG   0.0272539   -0.101813
1081   TYR   -0.0182396   0.318897
1084   PHE   0.20516   0
1085   TYR   0.167759   0.396725
1086   VAL   0.090169   0
1087   PHE   0.75   0
1088   TYR   0.39963   2.10451
1089   GLU   -0.167224   0.599709
1090   GLN   -1.49726   0
1094   ILE   -0.193061   0
1096   ASP   -0.0850385   0.174458
1097   ASP   -0.085801   0.629058
1148   SER   -0.175736   0
1149   LEU   0.257299   0
1150   ASN   -1.7861   0
1151   ALA   -0.375603   0
1152   VAL   -0.272828   0
1153   SER   -0.364911   0
1154   LEU   -0.163289   0
1161   CYS   -0.0352982   0.190906
1206   LYS   0.000289739   -0.107004
1225   TYR   -0.0524918   0.667052
1227   ARG   -0.120258   -0.167205
1229   TYR   -0.0369128   0.351989
SITE:  ASP-1096
 758   HIS   0.00243046   -0.106692
1056   LYS   -0.00295298   -0.16265
1059   ARG   -0.0291182   -0.112769
1089   GLU   0.0480218   0.232047
1091   TYR   0.0383783   0.174458
1093   THR   0.373104   0
1094   ILE   0.154879   0
1095   ILE   0.169982   0
1097   ASP   -0.85994   0.925718
1098   THR   -0.187774   0
1099   ILE   -0.42954   0
1100   PHE   -0.289189   0
1161   CYS   -0.0176697   0.141906
SITE:  ASP-1097
 379   ASP   0.00911137   0.1518
 381   TRP   0.178989   0
 389   ARG   0.00884176   -0.23428
 391   GLU   -0.0477914   0.115578
 742   GLU   0.0278853   0.150055
 748   LEU   0.112601   0
 749   GLY   0.240202   0
 751   LEU   -0.158845   0
 752   SER   -1.67083   0
 753   VAL   -0.0504839   0
 754   MET   -0.0589278   0
 755   PRO   0.0330576   0
 757   VAL   -0.15273   0
 758   HIS   -0.00462707   -0.480292
 857   ASP   0.0574498   0.144583
 861   ASP   -0.00342017   0.139767
1042   HID   0.00960943   -0.136707
1056   LYS   -0.0132539   -0.160704
1059   ARG   -0.0144993   -0.210944
1081   TYR   -0.00900218   0.109619
1085   TYR   0.0777418   0.126637
1086   VAL   0.105325   0
1088   TYR   0.0385405   0.249092
1089   GLU   -0.0150914   0.535368
1090   GLN   0.515881   0
1091   TYR   -0.00665134   0.629058
1093   THR   0.41906   0
1094   ILE   0.491972   0
1095   ILE   0.255549   0
1096   ASP   -0.344224   0.925718
1098   THR   -0.713482   0
1099   ILE   -0.176017   0
1100   PHE   -0.467214   0
1101   ASN   -0.348206   0
1152   VAL   0.0447967   0
1154   LEU   -0.264562   0
1155   VAL   -0.0452259   0
1158   VAL   -0.139163   0
1161   CYS   -0.0594744   0.412324
1166   GLU   -0.00864225   0.119451
1206   LYS   -0.0050852   -0.12481
1225   TYR   0.0152334   0.411319
1229   TYR   -0.0110302   0.301622
SITE:  CYS-1119
 323   CYS   0.0500841   0.327322
 324   CYS   0.0233009   1.38379
 325   ASP   0.125791   0.525869
 327   VAL   -0.256506   0
 328   SER   -0.261568   0
 332   GLU   -0.067022   0.413434
 334   CYS   -0.0953546   0.179974
 336   ARG   -0.0632267   -0.121382
 730   GLU   0.0201069   0.1251
 742   GLU   -0.0118256   0.106381
1110   PHE   0.154391   0
1111   LEU   0.215709   0
1112   VAL   0.129834   0
1113   THR   0.121774   0
1114   MET   1.19033   0
1115   VAL   0.379312   0
1118   GLY   -0.0455532   0
1120   GLU   -0.56354   1.02078
1128   CYS   -0.028877   0.228888
1168   CYS   0.00595798   0.192699
1170   HIS   0.0242461   -0.143449
1173   ARG   -0.0409834   -0.3942
1186   ARG   -0.0176613   -0.165294
1256   ASN   -0.20023   0
1259   LYS   -0.035136   -0.657143
SITE:  GLU-1120
 317   ASP   0.0384368   0.133993
 321   ALA   -0.184312   0
 322   SER   0.00829698   0
 323   CYS   -0.00684963   0.223476
 324   CYS   -0.145507   0.828844
 325   ASP   0.214188   1.41359
 326   PRO   0.0982836   0
 328   SER   0.117371   0
 331   PHE   -0.198425   0
 332   GLU   0.0512879   1.28034
 334   CYS   -0.0649263   0.17584
 336   ARG   -0.188313   -0.294905
 337   ARG   -0.00995693   -0.127196
 700   ASP   0.0198282   0.182447
 711   ARG   -0.0288238   -0.17992
 712   ASP   -0.0108741   0.124032
 726   ARG   0.0251484   -0.128569
 730   GLU   0.0863517   0.401259
 733   PRO   0.00882763   0
 742   GLU   -0.021659   0.182564
 835   ARG   0.0154759   -0.112907
1110   PHE   0.16489   0
1111   LEU   0.139235   0
1113   THR   0.212435   0
1114   MET   0.370304   0
1115   VAL   0.176042   0
1116   LEU   0.0810001   0
1117   LEU   0.720114   0
1118   GLY   -0.509164   0
1119   CYS   -0.756249   1.02078
1121   LEU   -0.230442   0
1122   TRP   -0.317002   0
1123   SER   -0.439692   0
1124   ALA   -0.197056   0
1126   ILE   -0.16105   0
1128   CYS   -0.0454388   0.347474
1161   CYS   0.0333548   0.12429
1166   GLU   0.022635   0.184178
1168   CYS   0.0444861   0.447703
1169   SER   0.193604   0
1170   HIS   0.100286   -0.37543
1172   THR   0.187189   0
1173   ARG   0.0696401   -1.04391
1176   THR   -0.0807476   0
1177   VAL   -0.0782674   0
1178   SER   0.102501   0
1180   LYS   0.0713932   -0.127461
1183   ARG   0.0625139   -0.363295
1185   GLU   -0.0187464   0.103582
1186   ARG   -0.139341   -0.857869
1188   GLU   -0.0211073   0.109592
1189   GLU   -0.018859   0.288309
1193   HIS   -0.0318981   -0.231063
1206   LYS   -0.00848872   -0.120328
1239   HIS   0.0153806   -0.103751
1239   HID   0.197347   -0.271656
1252   GLY   -0.188209   0
1253   PRO   -0.373117   0
1254   SER   0.72641   0
1255   VAL   -0.149373   0
1256   ASN   -2.19728   0
1257   LYS   -0.03696   -0.322792
1258   ALA   -0.2668   0
1259   LYS   -0.228651   -3.99725
1261   CYS   -0.0715672   0.245515
1264   GLU   -0.0349291   0.146387
1265   GLU   -0.0397836   0.11291
1266   ARG   -0.100037   -0.196735
1267   TYR   -0.0479856   0.271179
1272   ARG   -0.0127248   -0.159639
SITE:  CYS-1128
 324   CYS   -0.0156172   0.127187
 325   ASP   0.0235526   0.109249
 332   GLU   -0.00331616   0.200412
 700   ASP   -0.00980859   0.29246
 730   GLU   0.0320364   0.133692
 738   SER   0.165883   0
 742   GLU   -0.0489331   0.474672
 771   ASP   -0.0247344   0.140118
 825   TYR   -0.0189009   0.136912
1102   LEU   0.180263   0
1103   GLY   0.202396   0
1104   VAL   0.103888   0
1105   SER   0.214855   0
1106   LEU   0.817584   0
1107   GLY   0.247119   0
1109   ILE   -0.250286   0
1110   PHE   -0.434032   0
1111   LEU   0.155431   0
1112   VAL   -0.196095   0
1113   THR   -0.633388   0
1114   MET   -0.249502   0
1119   CYS   -0.0860744   0.228888
1120   GLU   0.10497   0.347474
1121   LEU   0.346037   0
1122   TRP   0.268568   0
1123   SER   0.13473   0
1124   ALA   1.30434   0
1125   VAL   0.470551   0
1126   ILE   0.016113   0
1127   MET   -0.422235   0
1129   ALA   -0.359205   0
1130   THR   -0.537733   0
1131   ILE   -0.549253   0
1132   ALA   -0.195607   0
1134   VAL   -0.153164   0
1158   VAL   0.123618   0
1161   CYS   0.200388   0.913307
1162   GLY   0.126765   0
1165   VAL   -0.0579321   0
1166   GLU   -0.0164999   0.42808
1168   CYS   -0.0611939   1.48838
1170   HIS   0.00341842   -0.438898
1173   ARG   -0.110253   -0.400553
1183   ARG   0.00329289   -0.100576
1186   ARG   0.00325603   -0.163261
1206   LYS   -0.015389   -0.314037
1225   TYR   0.0275171   0.109652
1229   TYR   0.0351432   0.183168
1236   GLY   0.0412766   0
1239   HIS   -0.0302104   -0.371381
1239   HID   0.32808   -0.521015
1240   GLY   0.00364639   0
1245   PRO   0.0106452   0
1253   PRO   -0.0306682   0
1259   LYS   -0.00504729   -0.269817
SITE:  CYS-1161
 332   GLU   0.00117106   0.113632
 620   ASP   0.0194935   0.117263
 628   TYR   -0.0172354   0.208988
 634   TYR   -0.0334497   0.124137
 670   CYS   -0.0265951   0.105129
 688   GLU   -0.0160438   0.150656
 700   ASP   -0.0741303   0.494157
 730   GLU   0.0165818   0.103675
 738   SER   0.24203   0
 739   SER   0.170715   0
 741   SER   0.320234   0
 742   GLU   0.0327223   1.02506
 743   THR   -0.0113446   0
 744   VAL   -0.0713568   0
 748   LEU   -0.2389   0
 749   GLY   -0.171711   0
 757   VAL   0.0679956   0
 758   HIS   0.0892836   -0.222821
 761   SER   0.162141   0
 765   GLY   -0.00917525   0
 771   ASP   -0.083541   0.309741
 825   TYR   -0.0161972   0.151286
 857   ASP   0.0480308   0.107417
1091   TYR   0.00990039   0.190906
1096   ASP   0.069865   0.141906
1097   ASP   0.137874   0.412324
1098   THR   0.314388   0
1099   ILE   0.156433   0
1101   ASN   -0.046906   0
1102   LEU   0.390908   0
1103   GLY   0.104461   0
1104   VAL   -0.113371   0
1105   SER   -1.58072   0
1106   LEU   0.0792353   0
1107   GLY   -0.0172324   0
1108   ALA   -0.273623   0
1109   ILE   -0.422004   0
1120   GLU   0.0212916   0.12429
1128   CYS   0.312938   0.913307
1131   ILE   0.0307519   0
1134   VAL   -0.257068   0
1135   LEU   -0.22878   0
1136   VAL   -5.2526e-05   0
1138   MET   -0.223328   0
1150   ASN   0.200518   0
1152   VAL   0.14905   0
1153   SER   0.26042   0
1154   LEU   0.38016   0
1155   VAL   0.401077   0
1156   ASN   0.358825   0
1157   LEU   1.28105   0
1158   VAL   2.3722   0
1159   MET   0.593728   0
1160   SER   -0.232379   0
1162   GLY   -0.774633   0
1163   ILE   -0.275294   0
1164   SER   -0.689799   0
1165   VAL   -0.279462   0
1166   GLU   -0.130867   0.847023
1167   PHE   -0.163065   0
1168   CYS   -0.0599432   0.979294
1169   SER   -0.172903   0
1170   HIS   -0.0351207   -0.461596
1173   ARG   -0.077076   -0.244153
1206   LYS   -0.0378429   -0.764882
1225   TYR   0.111574   0.507458
1227   ARG   -0.0351889   -0.116233
1229   TYR   0.0694943   0.794473
1233   VAL   0.0511666   0
1236   GLY   -0.0628023   0
1239   HIS   -0.0876534   -0.532402
1239   HID   0.136793   -0.533392
1240   GLY   -0.0589686   0
1259   LYS   -0.00217554   -0.123129
SITE:  GLU-1166
 332   GLU   0.0117002   0.249124
 336   ARG   -0.0330714   -0.10963
 346   CYS   -0.0183079   0.160799
 620   ASP   0.036904   0.155917
 628   TYR   -0.0176316   0.52571
 634   TYR   -0.160309   0.578039
 641   HIS   -0.0224944   -0.192963
 653   LYS   0.0339532   -0.237483
 660   GLY   0.089309   0
 670   CYS   -0.0741446   0.209139
 688   GLU   0.0279881   0.22341
 689   VAL   0.111134   0
 690   ILE   0.180017   0
 691   PRO   0.150351   0
 692   PHE   0.150635   0
 693   LEU   0.336416   0
 694   VAL   0.223927   0
 695   LEU   0.1802   0
 696   ALA   0.398605   0
 697   VAL   0.0806602   0
 698   GLY   0.0674276   0
 699   VAL   -0.18637   0
 700   ASP   -1.39767   3.87724
 701   ASN   -0.252392   0
 702   ILE   -0.103759   0
 703   PHE   -0.198537   0
 704   ILE   -0.228616   0
 707   GLN   -0.192611   0
 709   TYR   -0.0555144   0.137304
 711   ARG   -0.0911107   -0.285143
 712   ASP   -0.0174696   0.182312
 726   ARG   0.0277162   -0.143074
 730   GLU   0.0427125   0.330246
 731   VAL   0.0853397   0
 733   PRO   0.0608974   0
 734   SER   0.0951911   0
 735   MET   0.236098   0
 737   LEU   -0.0910759   0
 739   SER   0.0675286   0
 741   SER   -0.421072   0
 742   GLU   0.210105   3.43072
 743   THR   -0.161091   0
 745   ALA   -0.17188   0
 758   HIS   0.057571   -0.108289
 765   GLY   0.0864338   0
 768   VAL   0.0139486   0
 771   ASP   -0.142794   0.991225
 778   CYS   -0.0630648   0.194958
 786   ASP   -0.0263935   0.143236
 825   TYR   -0.0483232   0.366201
1097   ASP   0.0235194   0.119451
1120   GLU   0.0246263   0.184178
1128   CYS   0.0931893   0.42808
1131   ILE   -0.0102753   0
1134   VAL   -0.106507   0
1155   VAL   0.0931044   0
1156   ASN   0.208894   0
1157   LEU   0.145753   0
1158   VAL   0.121641   0
1159   MET   0.409616   0
1160   SER   0.30351   0
1161   CYS   0.131103   0.847023
1162   GLY   0.240732   0
1163   ILE   0.784432   0
1164   SER   0.0688379   0
1165   VAL   -0.0406698   0
1167   PHE   -0.229425   0
1168   CYS   -0.0579985   1.36058
1169   SER   -0.5558   0
1170   HIS   -0.200041   -2.02318
1171   ILE   -0.147032   0
1173   ARG   -0.157838   -0.547098
1186   ARG   0.01362   -0.136262
1189   GLU   0.00552253   0.172081
1193   HIS   0.0256547   -0.253913
1195   GLY   0.11485   0
1198   VAL   0.175252   0
1201   GLY   -0.214102   0
1202   ILE   -0.416142   0
1203   THR   -0.0346204   0
1205   THR   -0.427287   0
1206   LYS   -0.0785893   -6.08836
1209   GLY   -0.167482   0
1225   TYR   0.110056   0.389663
1227   ARG   0.0200648   -0.11722
1229   TYR   0.216132   0.884363
1230   LEU   0.11161   0
1232   MET   0.0772209   0
1233   VAL   0.100926   0
1236   GLY   -0.156034   0
1239   HIS   -0.0944334   -0.560256
1239   HID   0.455096   -0.98925
1240   GLY   -0.145555   0
1245   PRO   -0.0498809   0
1259   LYS   -0.00143033   -0.225972
1266   ARG   -0.0311579   -0.109506
1267   TYR   -0.0113192   0.161364
1272   ARG   0.00950326   -0.146795
SITE:  CYS-1168
 324   CYS   -0.0105441   0.108302
 325   ASP   0.0263586   0.135015
 332   GLU   0.0115767   0.380008
 336   ARG   -0.0681514   -0.127904
 628   TYR   -0.000726162   0.152445
 634   TYR   -0.0414243   0.213863
 641   HIS   -0.0124925   -0.100795
 653   LYS   0.011283   -0.112594
 697   VAL   0.0374316   0
 700   ASP   -0.00455695   0.872007
 711   ARG   -0.0491765   -0.261364
 712   ASP   -0.0208288   0.145547
 726   ARG   0.0199349   -0.123422
 730   GLU   0.0767563   0.351005
 731   VAL   0.102523   0
 733   PRO   0.107191   0
 734   SER   0.150797   0
 735   MET   0.110148   0
 737   LEU   -0.207948   0
 738   SER   0.248196   0
 741   SER   -0.336603   0
 742   GLU   -0.16022   1.03625
 771   ASP   -0.0399954   0.309186
 825   TYR   -0.0817812   0.480452
 835   ARG   0.0463285   -0.200013
1106   LEU   0.10155   0
1109   ILE   0.107242   0
1110   PHE   0.140797   0
1113   THR   0.17119   0
1117   LEU   -0.125839   0
1119   CYS   -0.0940423   0.192699
1120   GLU   0.11271   0.447703
1121   LEU   0.182544   0
1122   TRP   0.172693   0
1123   SER   0.24433   0
1124   ALA   0.390213   0
1125   VAL   0.134711   0
1126   ILE   0.0273777   0
1127   MET   1.05149   0
1128   CYS   0.30434   1.48838
1129   ALA   -0.151194   0
1130   THR   -0.806049   0
1131   ILE   -0.341112   0
1134   VAL   -0.289695   0
1137   ASN   -0.210472   0
1157   LEU   0.152516   0
1158   VAL   0.160603   0
1159   MET   0.225007   0
1160   SER   0.27406   0
1161   CYS   0.397592   0.979294
1162   GLY   0.338536   0
1163   ILE   0.232913   0
1164   SER   1.13183   0
1165   VAL   0.689594   0
1166   GLU   0.0946155   1.36058
1167   PHE   -0.16982   0
1169   SER   -0.978298   0
1170   HIS   -0.096829   -1.62149
1171   ILE   -0.550974   0
1172   THR   -0.527999   0
1173   ARG   -0.296204   -0.859162
1174   ALA   -0.168086   0
1175   PHE   -0.173854   0
1176   THR   -0.23763   0
1180   LYS   0.0132984   -0.117511
1183   ARG   0.0294595   -0.160544
1186   ARG   0.020897   -0.323012
1188   GLU   0.0034422   0.162089
1189   GLU   -0.0267126   0.26134
1193   HIS   -0.0340694   -0.291541
1195   GLY   -0.00537392   0
1198   VAL   -0.0815293   0
1202   ILE   -0.130695   0
1206   LYS   -0.0560327   -0.879953
1225   TYR   0.0504286   0.175699
1229   TYR   0.0971668   0.340198
1232   MET   0.137201   0
1233   VAL   0.150433   0
1235   LEU   0.106631   0
1236   GLY   0.265868   0
1237   ALA   0.173551   0
1239   HIS   -0.12514   -0.991311
1239   HID   2.81285   -2.55537
1240   GLY   -0.0218894   0
1243   PHE   -0.179069   0
1244   LEU   -0.347581   0
1245   PRO   -0.038114   0
1247   LEU   -0.221914   0
1248   LEU   -0.203248   0
1250   TYR   -0.107752   0.17169
1252   GLY   -0.173185   0
1253   PRO   -0.00392447   0
1259   LYS   -0.00581412   -0.44159
1266   ARG   -0.0440946   -0.115176
1267   TYR   -0.020632   0.182096
1272   ARG   0.0103508   -0.149788
SITE:  HIS-1170
 325   ASP   0.0323554   0.116778
 332   GLU   0.024696   0.581631
 334   CYS   -0.00406752   0.115728
 336   ARG   -0.105907   -0.242042
 337   ARG   0.025124   -0.104431
 346   CYS   -0.0342832   0.208726
 628   TYR   0.0100846   0.234156
 634   TYR   -0.0841881   0.442952
 641   HIS   -0.0337626   -0.269038
 643   LYS   -0.0148945   -0.114266
 653   LYS   0.0297112   -0.323097
 660   GLY   0.0414544   0
 670   CYS   -0.0419912   0.132905
 693   LEU   0.102101   0
 694   VAL   0.109687   0
 695   LEU   0.121235   0
 696   ALA   0.148067   0
 697   VAL   0.21904   0
 698   GLY   0.148546   0
 699   VAL   0.0544049   0
 700   ASP   0.449028   2.49662
 701   ASN   0.4159   0
 702   ILE   0.0361844   0
 703   PHE   -0.156917   0
 704   ILE   -0.441248   0
 705   LEU   -0.0383708   0
 707   GLN   -0.322456   0
 708   ALA   -0.151443   0
 709   TYR   -0.0708424   0.224188
 711   ARG   -0.184947   -0.668688
 712   ASP   -0.0493339   0.394036
 713   GLU   0.00804893   0.129835
 718   GLU   -0.0139839   0.103333
 726   ARG   0.0531542   -0.313855
 727   VAL   0.105698   0
 728   LEU   0.139685   0
 729   GLY   0.0683348   0
 730   GLU   0.141693   0.861587
 731   VAL   0.292784   0
 732   ALA   0.200744   0
 733   PRO   0.0349176   0
 734   SER   -0.362757   0
 735   MET   0.127042   0
 737   LEU   -0.426188   0
 738   SER   -0.845778   0
 739   SER   -0.17529   0
 741   SER   -0.422104   0
 742   GLU   -0.0424222   1.4309
 768   VAL   0.0774806   0
 771   ASP   -0.0423176   0.625709
 775   GLN   0.102465   0
 778   CYS   -0.0492214   0.187856
 786   ASP   -0.0342544   0.177967
 814   GLU   -0.0930101   0.172324
 816   CYS   -0.000606634   0.103128
 822   LYS   -0.0146608   -0.182121
 825   TYR   -0.0929902   0.443607
 835   ARG   0.0138464   -0.133754
1119   CYS   -0.071508   0.143449
1120   GLU   0.0555776   0.37543
1128   CYS   0.0582914   0.438898
1159   MET   0.159   0
1160   SER   0.133568   0
1161   CYS   0.119525   0.461596
1162   GLY   0.191467   0
1163   ILE   0.269327   0
1164   SER   0.222213   0
1165   VAL   0.585369   0
1166   GLU   1.40274   2.02318
1167   PHE   0.652987   0
1168   CYS   0.179302   1.62149
1169   SER   -0.308124   0
1171   ILE   -0.544472   0
1172   THR   -0.409676   0
1173   ARG   -0.469847   -1.26216
1174   ALA   -0.26667   0
1176   THR   -0.222572   0
1177   VAL   0.00380209   0
1180   LYS   0.00700273   -0.164686
1183   ARG   0.0385893   -0.113452
1185   GLU   0.0201132   0.106346
1186   ARG   0.0286046   -0.297287
1188   GLU   0.019961   0.197174
1189   GLU   0.0112762   0.418067
1190   ALA   0.161517   0
1191   LEU   0.158182   0
1193   HIS   0.008756   -0.633789
1194   MET   0.158433   0
1195   GLY   0.0924261   0
1197   SER   -0.459748   0
1198   VAL   -0.198666   0
1201   GLY   -0.327809   0
1202   ILE   -0.301318   0
1205   THR   -0.209882   0
1206   LYS   -0.0636733   -1.14738
1225   TYR   0.0388458   0.155912
1229   TYR   0.0838046   0.320279
1233   VAL   0.0915282   0
1236   GLY   0.0520681   0
1239   HIS   -0.0143673   -0.426369
1239   HID   0.733069   -1.53738
1240   GLY   0.0328218   0
1244   LEU   -0.141479   0
1245   PRO   -0.0709421   0
1253   PRO   0.00801694   0
1259   LYS   0.0113734   -0.509138
1266   ARG   -0.0846108   -0.2449
1267   TYR   -0.0313638   0.392737
1272   ARG   0.0182928   -0.355811
SITE:  ARG-1173
 324   CYS   0.0323262   0.198961
 325   ASP   0.0845516   0.297031
 328   SER   0.245638   0
 332   GLU   -0.127506   2.17544
 333   GLY   0.00943275   0
 334   CYS   -0.0768402   0.308227
 335   LEU   -0.283102   0
 336   ARG   -0.415728   -0.59386
 337   ARG   0.0239401   -0.248409
 339   PHE   -0.161879   0
 346   CYS   -0.0344264   0.17434
 634   TYR   -0.0220961   0.146476
 641   HIS   -0.0168668   -0.134761
 653   LYS   0.0114112   -0.173891
 700   ASP   0.0788288   0.629504
 709   TYR   -0.0199837   0.154426
 711   ARG   -0.124631   -0.510907
 712   ASP   -0.0372384   0.372797
 713   GLU   0.0219915   0.110658
 718   GLU   -0.00698143   0.128718
 725   GLY   0.112087   0
 726   ARG   0.108565   -0.36756
 727   VAL   0.185319   0
 728   LEU   0.218708   0
 729   GLY   0.30958   0
 730   GLU   0.477842   1.26085
 731   VAL   0.473156   0
 733   PRO   -0.0109977   0
 734   SER   1.38536   0
 735   MET   -0.11387   0
 736   PHE   -0.351267   0
 737   LEU   -0.526055   0
 738   SER   -0.143394   0
 741   SER   -0.22867   0
 742   GLU   -0.0535813   0.564622
 771   ASP   -0.0122729   0.279277
 778   CYS   -0.0202744   0.113847
 814   GLU   -0.0533228   0.114335
 822   LYS   -0.00846995   -0.137642
 825   TYR   -0.0471254   0.192716
 835   ARG   0.0132128   -0.112665
1109   ILE   0.129245   0
1110   PHE   0.153556   0
1111   LEU   0.1213   0
1112   VAL   0.116545   0
1113   THR   0.361679   0
1114   MET   0.158897   0
1115   VAL   0.0745424   0
1116   LEU   0.481262   0
1117   LEU   0.110134   0
1118   GLY   0.0118405   0
1119   CYS   -0.19888   0.3942
1120   GLU   0.0696912   1.04391
1128   CYS   0.00917995   0.400553
1161   CYS   0.0622429   0.244153
1162   GLY   0.0867508   0
1165   VAL   0.126064   0
1166   GLU   0.0663785   0.547098
1168   CYS   0.130217   0.859162
1169   SER   0.472378   0
1170   HIS   0.292571   -1.26216
1171   ILE   0.141171   0
1172   THR   -0.112831   0
1174   ALA   -0.223764   0
1175   PHE   -0.223494   0
1176   THR   -0.58251   0
1177   VAL   -0.111848   0
1180   LYS   0.0164678   -0.177828
1183   ARG   0.0286155   -0.167628
1185   GLU   0.00339105   0.118953
1186   ARG   -0.0552186   -0.475008
1188   GLU   -0.0126104   0.173543
1189   GLU   -0.0390684   0.49843
1193   HIS   -0.0376353   -0.578492
1194   MET   -0.181272   0
1195   GLY   -0.0152631   0
1197   SER   -0.177634   0
1206   LYS   -0.0185025   -0.343278
1229   TYR   0.0266509   0.12531
1239   HIS   0.0175192   -0.185889
1239   HID   0.377994   -0.587238
1240   GLY   0.0521826   0
1245   PRO   0.00613742   0
1253   PRO   -0.0502001   0
1254   SER   0.218644   0
1257   LYS   0.013438   -0.112553
1259   LYS   0.0434711   -1.82551
1261   CYS   -0.0168333   0.156131
1264   GLU   -0.0195286   0.145898
1265   GLU   -0.0459462   0.118734
1266   ARG   -0.166613   -0.475863
1267   TYR   -0.0729643   0.622452
1272   ARG   -0.0401467   -0.402288
SITE:  LYS-1180
 294   ARG   0.0133337   -0.141436
 332   GLU   0.0160894   0.167691
 711   ARG   0.0491304   -0.348492
 712   ASP   -0.0242833   0.149203
 726   ARG   0.00798967   -0.130104
 730   GLU   0.0405714   0.274131
 814   GLU   -0.00663082   0.189242
 822   LYS   0.0648869   -0.422955
 825   TYR   -0.0376996   0.148358
 827   PRO   -0.0107764   0
 831   LYS   -0.00610511   -0.104262
 832   ASP   0.00824474   0.166409
 835   ARG   -0.0445412   -0.208754
1120   GLU   0.0164368   0.127461
1168   CYS   0.0252852   0.117511
1170   HIS   0.0318494   -0.164686
1173   ARG   0.033209   -0.177828
1178   SER   -0.211388   0
1181   GLY   -0.36112   0
1182   SER   0.34446   0
1183   ARG   0.105424   -0.19473
1184   VAL   0.0885356   0
1185   GLU   -0.558728   1.5582
1186   ARG   0.141524   -0.594395
1188   GLU   -0.348869   1.99224
1189   GLU   -0.416808   1.37019
1192   ALA   -0.163723   0
1193   HIS   -0.130342   -0.646418
1239   HID   0.063922   -0.145281
1250   TYR   0.00108308   0.113429
1259   LYS   -0.000255373   -0.164942
1261   CYS   0.00918324   0.105079
1264   GLU   -0.02929   0.162961
1266   ARG   -0.0699731   -0.100866
1267   TYR   -0.0418551   0.280856
1272   ARG   0.0641507   -0.279243
1275   LEU   0.118105   0
1278   PHE   0.0253296   0.559111
SITE:  ARG-1183
 294   ARG   -0.000925999   -0.184025
 317   ASP   0.0725039   0.314242
 324   CYS   -0.0407563   0.120591
 325   ASP   0.0392371   0.297224
 332   GLU   0.0093591   0.152597
 730   GLU   0.0208419   0.107872
 832   ASP   0.0326263   0.158538
 835   ARG   0.0679271   -0.432761
1120   GLU   -0.00761654   0.363295
1122   TRP   -0.259714   0
1128   CYS   -0.0133014   0.100576
1168   CYS   0.01744   0.160544
1170   HIS   0.0223218   -0.113452
1173   ARG   0.0419989   -0.167628
1180   LYS   0.153173   -0.19473
1181   GLY   0.163397   0
1185   GLU   -0.142974   0.317729
1186   ARG   0.187711   -1.40812
1188   GLU   -0.0618109   0.188738
1189   GLU   -0.0416672   0.22882
1193   HIS   -0.02477   -0.115326
1239   HID   0.0852843   -0.142081
1245   PRO   0.116169   0
1247   LEU   0.121388   0
1248   LEU   0.303196   0
1250   TYR   0.326606   0.263628
1252   GLY   0.953696   0
1253   PRO   0.60459   0
1254   SER   -0.0025937   0
1255   VAL   0.0418714   0
1257   LYS   -0.0459114   -0.305723
1259   LYS   -0.0475368   -0.262127
1261   CYS   -0.0144755   0.106311
SITE:  GLU-1185
 294   ARG   0.0635444   -0.35654
 317   ASP   -0.00462529   0.105935
 332   GLU   0.00957195   0.106556
 711   ARG   0.0216664   -0.159506
 730   GLU   0.0212544   0.146682
 822   LYS   0.0406901   -0.168653
 825   TYR   -0.00404247   0.117632
 827   PRO   0.0269695   0
 831   LYS   -0.0166403   -0.129499
 832   ASP   0.0285728   0.313622
 835   ARG   -0.0718934   -0.352477
1120   GLU   0.0106354   0.103582
1170   HIS   0.0197812   -0.106346
1173   ARG   0.0278702   -0.118953
1180   LYS   -0.28627   -1.5582
1181   GLY   -0.393641   0
1182   SER   -0.150664   0
1183   ARG   0.0642376   -0.317729
1184   VAL   0.0262764   0
1186   ARG   -0.231314   -0.719797
1187   ALA   -0.189279   0
1188   GLU   -0.164436   1.13149
1189   GLU   -0.195229   0.640962
1193   HIS   -0.0578242   -0.271104
1239   HID   0.0525798   -0.115133
1250   TYR   0.0261772   0.181749
1253   PRO   0.0908794   0
1259   LYS   -0.00839952   -0.118668
1264   GLU   -0.0159824   0.115884
1267   TYR   -0.0231406   0.143359
1272   ARG   0.0290814   -0.13129
1278   PHE   0.0144717   0.416417
SITE:  ARG-1186
 294   ARG   0.0090512   -0.157827
 317   ASP   0.0557536   0.291735
 324   CYS   -0.0541256   0.179929
 325   ASP   0.0558894   0.47496
 332   GLU   0.0542684   0.469901
 336   ARG   -0.111357   -0.165353
 700   ASP   0.0178077   0.136171
 711   ARG   -0.00768243   -0.242915
 712   ASP   -0.0170206   0.130865
 726   ARG   0.0129944   -0.126076
 730   GLU   0.0690912   0.357057
 742   GLU   -0.00972039   0.111571
 822   LYS   0.0180752   -0.12721
 825   TYR   -0.0322064   0.169402
 832   ASP   0.0183099   0.158882
 835   ARG   0.0292352   -0.388707
1119   CYS   -0.0866072   0.165294
1120   GLU   0.0453014   0.857869
1122   TRP   -0.220816   0
1128   CYS   -0.0189255   0.163261
1166   GLU   0.0233873   0.136262
1168   CYS   0.058115   0.323012
1170   HIS   0.0838106   -0.297287
1171   ILE   0.164645   0
1172   THR   0.188903   0
1173   ARG   0.173206   -0.475008
1175   PHE   0.932523   0
1176   THR   0.52154   0
1177   VAL   -0.142803   0
1178   SER   0.40013   0
1180   LYS   0.490608   -0.594395
1181   GLY   0.279244   0
1182   SER   0.521228   0
1183   ARG   -0.175116   -1.40812
1184   VAL   0.230286   0
1185   GLU   -0.475226   0.719797
1187   ALA   -0.218809   0
1188   GLU   -0.238832   0.489712
1189   GLU   -0.150485   0.853161
1190   ALA   -0.211913   0
1193   HIS   -0.0817376   -0.384739
1239   HIS   0.0412045   -0.116963
1239   HID   0.189838   -0.302192
1245   PRO   0.13477   0
1246   VAL   0.0875876   0
1248   LEU   0.201516   0
1249   SER   -0.071206   0
1250   TYR   0.0316456   0.216313
1252   GLY   -0.299919   0
1253   PRO   2.22538   0
1254   SER   0.901592   0
1255   VAL   -0.12305   0
1256   ASN   -0.18108   0
1257   LYS   -0.0214455   -0.407384
1259   LYS   -0.13556   -0.736692
1260   SER   -0.155118   0
1261   CYS   -0.0260199   0.239029
1264   GLU   -0.0389434   0.212587
1266   ARG   -0.101845   -0.13998
1267   TYR   -0.0596017   0.291825
1272   ARG   0.0123359   -0.201489
1278   PHE   0.00393422   0.189804
SITE:  GLU-1188
 294   ARG   0.00379561   -0.200365
 332   GLU   0.0119443   0.13247
 700   ASP   0.0166303   0.100693
 711   ARG   0.037015   -0.338349
 712   ASP   -0.0186591   0.1247
 726   ARG   0.0148861   -0.101865
 730   GLU   0.0337321   0.222283
 814   GLU   -0.00413797   0.204755
 819   ARG   0.0953721   -0.108266
 822   LYS   0.224796   -0.448752
 823   ASN   0.146415   0
 825   TYR   -0.0598314   0.278824
 826   SER   -0.189943   0
 827   PRO   0.00390219   0
 830   LEU   -0.106496   0
 831   LYS   -0.0121611   -0.229106
 832   ASP   -0.00939629   0.323906
 835   ARG   -0.108382   -0.371141
1120   GLU   0.0138783   0.109592
1168   CYS   0.0307394   0.162089
1170   HIS   0.0211142   -0.197174
1173   ARG   0.0177326   -0.173543
1180   LYS   -0.00467745   -1.99224
1182   SER   0.284003   0
1183   ARG   0.101978   -0.188738
1184   VAL   0.384426   0
1185   GLU   0.0215822   1.13149
1186   ARG   0.171898   -0.489712
1189   GLU   -0.896614   0.989334
1190   ALA   -0.15197   0
1191   LEU   -0.289418   0
1192   ALA   -0.277532   0
1193   HIS   -0.139744   -0.570821
1239   HID   0.0860527   -0.21763
1245   PRO   0.0405535   0
1250   TYR   -0.00387677   0.208164
1259   LYS   -0.00174276   -0.133318
1267   TYR   -0.021012   0.189625
1272   ARG   0.0390055   -0.202989
1278   PHE   0.00865676   0.253618
SITE:  GLU-1189
 325   ASP   0.0205307   0.136363
 332   GLU   0.0442346   0.464549
 336   ARG   -0.144863   -0.244113
 641   HIS   -0.0149652   -0.12823
 653   LYS   0.0051303   -0.118816
 700   ASP   0.0402434   0.201265
 709   TYR   0.010662   0.120281
 711   ARG   0.0684211   -0.795655
 712   ASP   -0.0540402   0.369029
 713   GLU   0.0106068   0.15373
 718   GLU   -0.00569374   0.108446
 726   ARG   0.0255583   -0.337671
 730   GLU   0.117435   0.816507
 733   PRO   -0.0531396   0
 742   GLU   -0.0074232   0.131506
 814   GLU   -0.0396136   0.267763
 822   LYS   0.00697059   -0.480973
 825   TYR   -0.0734648   0.223149
 827   PRO   -0.00186913   0
 832   ASP   0.00711686   0.114056
 835   ARG   -0.0157208   -0.197553
1120   GLU   0.036661   0.288309
1166   GLU   0.0341651   0.172081
1168   CYS   0.0603722   0.26134
1170   HIS   0.107893   -0.418067
1171   ILE   0.168543   0
1172   THR   0.0532922   0
1173   ARG   0.0999145   -0.49843
1174   ALA   0.267742   0
1175   PHE   0.154033   0
1177   VAL   0.16959   0
1178   SER   -1.50966   0
1179   MET   -0.475448   0
1180   LYS   -0.361328   -1.37019
1182   SER   0.345778   0
1183   ARG   0.159479   -0.22882
1184   VAL   0.222338   0
1185   GLU   0.311736   0.640962
1186   ARG   0.130769   -0.853161
1188   GLU   -0.429061   0.989334
1190   ALA   -0.401792   0
1192   ALA   -0.261358   0
1193   HIS   -0.350104   -1.62089
1194   MET   -0.197374   0
1195   GLY   -0.106667   0
1206   LYS   -0.011272   -0.120173
1239   HIS   0.0326856   -0.100252
1239   HID   0.148298   -0.306735
1245   PRO   0.0130365   0
1250   TYR   -0.0139605   0.11407
1253   PRO   0.081585   0
1257   LYS   0.0231258   -0.13109
1259   LYS   0.0192639   -0.407512
1261   CYS   0.018126   0.178769
1264   GLU   -0.0373063   0.272155
1265   GLU   -0.0512418   0.101456
1266   ARG   -0.189981   -0.272862
1267   TYR   -0.105288   0.768127
1271   GLU   0.00147582   0.124478
1272   ARG   0.0986075   -0.677504
1273   GLU   0.0180486   0.1736
1278   PHE   0.00462755   0.462895
SITE:  HIS-1193
 332   GLU   0.0458142   0.474053
 336   ARG   -0.139995   -0.272739
 634   TYR   -0.00879209   0.171947
 641   HIS   -0.0462098   -0.262455
 643   LYS   -0.005588   -0.147157
 653   LYS   0.00811431   -0.231132
 700   ASP   0.075037   0.331613
 704   ILE   0.0997846   0
 709   TYR   0.0267426   0.229201
 711   ARG   0.197449   -2.73145
 712   ASP   -0.115247   0.694456
 713   GLU   0.0136282   0.272024
 714   ARG   -0.032414   -0.120703
 718   GLU   -0.0131957   0.162559
 726   ARG   0.061576   -0.54206
 727   VAL   0.0453097   0
 730   GLU   0.194002   1.18599
 731   VAL   -0.00148447   0
 733   PRO   -0.0689148   0
 742   GLU   -0.00914043   0.190416
 771   ASP   0.00422663   0.120034
 786   ASP   -0.00915618   0.106958
 814   GLU   -0.137752   0.489058
 816   CYS   0.0289086   0.11344
 819   ARG   0.0543938   -0.141782
 822   LYS   -0.0751153   -0.772821
 825   TYR   -0.10858   0.257557
 835   ARG   -0.00478636   -0.121092
1120   GLU   0.0295554   0.231063
1166   GLU   0.0490772   0.253913
1168   CYS   0.066054   0.291541
1170   HIS   0.0883842   -0.633789
1171   ILE   0.12406   0
1173   ARG   0.0269895   -0.578492
1177   VAL   0.189994   0
1179   MET   -0.195666   0
1180   LYS   -0.0549931   -0.646418
1183   ARG   0.0580191   -0.115326
1185   GLU   0.0875919   0.271104
1186   ARG   0.102924   -0.384739
1188   GLU   0.0528061   0.570821
1189   GLU   0.229875   1.62089
1190   ALA   0.329129   0
1191   LEU   0.120371   0
1194   MET   -0.464554   0
1195   GLY   -0.156563   0
1196   SER   -0.392706   0
1197   SER   -0.286514   0
1206   LYS   -0.0153366   -0.179925
1239   HIS   0.0263426   -0.110049
1239   HID   0.144964   -0.353453
1245   PRO   -0.0250817   0
1259   LYS   0.0227666   -0.359907
1261   CYS   0.0194597   0.117562
1264   GLU   -0.0201777   0.177641
1266   ARG   -0.190813   -0.329048
1267   TYR   -0.0733102   0.910776
1271   GLU   -0.0143228   0.15752
1272   ARG   0.22313   -1.11762
1273   GLU   0.000123402   0.138832
1278   PHE   -0.00297725   0.259822
SITE:  LYS-1206
 332   GLU   0.00785761   0.16256
 346   CYS   -0.0140329   0.120743
 620   ASP   0.0423794   0.212
 628   TYR   -0.0131512   0.64865
 634   TYR   -0.188416   0.700602
 641   HIS   -0.0212866   -0.170552
 653   LYS   0.0289636   -0.203118
 660   GLY   0.0826074   0
 670   CYS   -0.0649597   0.19353
 688   GLU   0.0489533   0.297067
 689   VAL   0.166992   0
 690   ILE   0.229769   0
 691   PRO   0.180352   0
 692   PHE   0.235366   0
 693   LEU   0.442961   0
 694   VAL   0.198036   0
 695   LEU   0.0727492   0
 696   ALA   0.222482   0
 697   VAL   0.0943895   0
 698   GLY   -0.0384524   0
 699   VAL   -0.257496   0
 700   ASP   -1.06494   2.4373
 701   ASN   -0.203414   0
 703   PHE   -0.159556   0
 704   ILE   -0.158715   0
 709   TYR   -0.0436546   0.107455
 711   ARG   -0.0602072   -0.207259
 712   ASP   -0.0156843   0.131811
 726   ARG   0.0130162   -0.101732
 730   GLU   0.0255617   0.221111
 735   MET   0.146935   0
 741   SER   -0.208732   0
 742   GLU   0.147104   2.13775
 758   HIS   0.0604192   -0.112734
 765   GLY   0.0603605   0
 768   VAL   -0.0135834   0
 771   ASP   -0.153652   0.86673
 778   CYS   -0.0539413   0.161506
 786   ASP   -0.0219088   0.1238
 825   TYR   -0.0339144   0.331007
1091   TYR   0.00401323   0.107004
1097   ASP   0.02771   0.12481
1120   GLU   0.0185544   0.120328
1128   CYS   0.0882274   0.314037
1134   VAL   -0.0788647   0
1155   VAL   0.101245   0
1156   ASN   0.220442   0
1157   LEU   0.156946   0
1158   VAL   0.0886622   0
1159   MET   0.40623   0
1160   SER   0.317684   0
1161   CYS   0.0546171   0.764882
1162   GLY   -0.00973017   0
1163   ILE   0.336768   0
1164   SER   -0.0562824   0
1165   VAL   -0.146015   0
1166   GLU   1.71171   6.08836
1168   CYS   -0.0427994   0.879953
1169   SER   -0.279207   0
1170   HIS   -0.119702   -1.14738
1173   ARG   -0.0924268   -0.343278
1189   GLU   0.00584324   0.120173
1193   HIS   0.0293564   -0.179925
1195   GLY   0.0927411   0
1198   VAL   0.250846   0
1199   PHE   0.163521   0
1201   GLY   0.00558376   0
1202   ILE   0.128448   0
1203   THR   0.122147   0
1205   THR   -0.455888   0
1207   PHE   -0.236756   0
1208   GLY   -0.191218   0
1209   GLY   -0.348114   0
1210   ILE   -0.185333   0
1225   TYR   0.160941   0.501103
1227   ARG   0.0391694   -0.169669
1229   TYR   0.338259   1.21917
1230   LEU   0.182713   0
1232   MET   -0.0515503   0
1233   VAL   -0.0171359   0
1236   GLY   -0.285706   0
1239   HIS   -0.106877   -0.54206
1239   HID   0.271288   -0.747703
1240   GLY   -0.14334   0
1245   PRO   -0.041645   0
1259   LYS   0.0013646   -0.146817
1267   TYR   -0.00657629   0.109213
1272   ARG   0.00855634   -0.104277
SITE:  LYS-1217
 592   LYS   -0.000877745   -0.120767
 611   ASP   0.0255399   0.147638
 612   GLU   0.131557   0.349768
 615   ARG   -0.187414   -0.53597
 616   GLU   0.364351   1.22795
 618   ASP   -0.103104   0.223581
 619   SER   0.0931473   0
 620   ASP   -0.166435   0.730189
 623   THR   -0.153514   0
 688   GLU   -0.0448648   0.297699
 867   PRO   -0.237336   0
 868   ASP   -0.323747   0.42529
 869   ASP   0.0417669   0.844997
 871   TYR   -0.02215   0.149419
1218   SER   -0.463534   0
1225   TYR   -0.0566154   0.168635
1227   ARG   0.00224342   -0.139996
1229   TYR   -0.0279794   0.139165
SITE:  TYR-1225
 374   THR   0.168804   0
 377   PRO   0.0935595   0
 379   ASP   -0.0501245   0.244177
 380   LEU   0.0923935   0
 389   ARG   0.0277514   -0.192368
 392   LYS   -0.0168073   -0.113164
 404   ARG   -0.00505052   -0.105495
 606   GLU   0.0352308   0.157997
 607   ARG   -0.00780397   -0.103165
 610   GLU   -0.00483228   0.249196
 611   ASP   0.000269187   0.148488
 612   GLU   -0.0272963   0.238596
 614   ASN   0.213819   0
 615   ARG   -0.0786135   -0.156586
 616   GLU   -0.136749   0.383052
 618   ASP   -0.0181305   0.241565
 620   ASP   0.10099   0.74059
 628   TYR   -0.0494592   0.447674
 634   TYR   -0.0362336   0.10736
 670   CYS   -0.0254226   0.145347
 681   PRO   0.116277   0
 683   THR   -0.0303211   0
 685   ILE   -0.0815814   0
 686   VAL   0.0310964   0
 688   GLU   -0.391014   0.82239
 689   VAL   -0.357818   0
 690   ILE   0.0362892   0
 691   PRO   -0.028396   0
 693   LEU   -0.178042   0
 700   ASP   -0.0736681   0.266791
 742   GLU   0.0594368   0.41003
 749   GLY   -0.0302357   0
 754   MET   -0.0084902   0
 755   PRO   0.0500856   0
 757   VAL   0.0501273   0
 758   HIS   0.100861   -0.393054
 759   THR   -0.200598   0
 760   PHE   -0.0269567   0
 764   ALA   -0.163203   0
 771   ASP   -0.0789732   0.278727
 857   ASP   0.033452   0.200573
 859   GLY   -0.00254579   0
 861   ASP   -0.0347914   0.352554
 868   ASP   -0.03599   0.118611
 871   TYR   -0.0180749   0.121541
 875   TYR   -0.0235394   0.118429
1042   HID   0.0102849   -0.117586
1081   TYR   -0.0049231   0.129575
1088   TYR   0.0243681   0.420803
1089   GLU   -0.0497523   0.163726
1091   TYR   0.0100619   0.667052
1097   ASP   0.0471956   0.411319
1101   ASN   -0.227432   0
1128   CYS   0.0315   0.109652
1148   SER   0.152304   0
1150   ASN   0.309935   0
1152   VAL   0.196236   0
1153   SER   0.270922   0
1155   VAL   -0.360073   0
1156   ASN   0.0550212   0
1158   VAL   -0.17274   0
1159   MET   -0.409405   0
1160   SER   -0.156922   0
1161   CYS   -0.0928658   0.507458
1166   GLU   0.000348101   0.389663
1168   CYS   -0.0137403   0.175699
1170   HIS   -0.0156503   -0.155912
1206   LYS   0.0143084   -0.501103
1216   ALA   -0.172692   0
1217   LYS   -0.0872111   -0.168635
1220   ILE   0.0386577   0
1221   PHE   -0.0234154   0
1224   PHE   -0.297264   0
1227   ARG   -0.216272   -0.326582
1228   MET   -0.343477   0
1229   TYR   -0.541796   2.77315
1239   HIS   -0.0222506   -0.153833
1239   HID   0.00523686   -0.146582
SITE:  ARG-1227
 616   GLU   -0.0226626   0.163913
 620   ASP   0.0149655   0.220152
 688   GLU   -0.0299342   0.164458
 857   ASP   -0.0133957   0.226526
 861   ASP   0.0155032   0.381348
 868   ASP   -0.0355324   0.25305
1088   TYR   0.00885391   0.125683
1091   TYR   -0.00220987   0.167205
1145   TRP   0.430925   0
1146   GLY   0.147016   0
1161   CYS   -0.0143216   0.116233
1166   GLU   0.00182153   0.11722
1206   LYS   0.0200186   -0.169669
1217   LYS   0.0160626   -0.139996
1219   GLN   0.10021   0
1220   ILE   0.194214   0
1221   PHE   0.167579   0
1222   GLN   0.486818   0
1223   ILE   0.139188   0
1224   PHE   0.169803   0
1225   TYR   0.037019   0.326582
1228   MET   -0.286214   0
1229   TYR   -0.161195   0.38943
1230   LEU   -0.200282   0
1239   HIS   -0.0133194   -0.103531
SITE:  TYR-1229
 379   ASP   -0.0164265   0.122206
 610   GLU   -0.00113996   0.123089
 612   GLU   -0.00491027   0.129272
 616   GLU   -0.0400085   0.246605
 618   ASP   -0.0131494   0.161198
 620   ASP   0.135838   0.626587
 628   TYR   -0.0913969   0.723218
 634   TYR   -0.0777634   0.232526
 670   CYS   -0.0573737   0.188758
 685   ILE   0.139927   0
 686   VAL   0.192942   0
 688   GLU   -0.107284   0.787174
 689   VAL   0.381652   0
 690   ILE   0.310183   0
 691   PRO   0.0325116   0
 692   PHE   -0.256013   0
 693   LEU   -0.32211   0
 694   VAL   -0.0648198   0
 696   ALA   -0.23466   0
 697   VAL   -0.120851   0
 698   GLY   -0.0835738   0
 700   ASP   -0.167482   0.573301
 742   GLU   0.0672779   0.820714
 749   GLY   -0.095677   0
 755   PRO   0.052684   0
 757   VAL   0.0984782   0
 758   HIS   0.108106   -0.266369
 761   SER   0.168151   0
 764   ALA   -0.155358   0
 765   GLY   -0.0101621   0
 768   VAL   -0.0914146   0
 771   ASP   -0.13371   0.50037
 825   TYR   -0.0078095   0.121566
 857   ASP   0.0321117   0.155515
 861   ASP   -0.00811974   0.219492
1088   TYR   0.0144293   0.204122
1091   TYR   0.0119053   0.351989
1097   ASP   0.0413118   0.301622
1101   ASN   -0.162572   0
1128   CYS   0.0478366   0.183168
1138   MET   -0.1111   0
1142   MET   -0.15153   0
1148   SER   0.149713   0
1150   ASN   0.293286   0
1152   VAL   0.395468   0
1153   SER   0.409824   0
1154   LEU   0.116559   0
1155   VAL   -0.0480716   0
1156   ASN   0.821965   0
1157   LEU   0.0981694   0
1158   VAL   -0.099512   0
1159   MET   -0.964008   0
1160   SER   -0.171967   0
1161   CYS   -0.120981   0.794473
1162   GLY   -0.197112   0
1163   ILE   -0.179972   0
1164   SER   -0.143138   0
1166   GLU   0.0191361   0.884363
1168   CYS   -0.0242704   0.340198
1170   HIS   -0.0347574   -0.320279
1173   ARG   -0.0326075   -0.12531
1202   ILE   0.101375   0
1206   LYS   -0.0081597   -1.21917
1209   GLY   -0.153255   0
1210   ILE   -0.0254065   0
1213   LEU   -0.121949   0
1217   LYS   -0.0734737   -0.139165
1220   ILE   0.150172   0
1221   PHE   0.231082   0
1223   ILE   0.0530513   0
1225   TYR   -0.293244   2.77315
1226   PHE   0.165118   0
1227   ARG   -0.167695   -0.38943
1228   MET   -0.30023   0
1231   ALA   -0.175377   0
1233   VAL   -0.119645   0
1236   GLY   -0.125032   0
1239   HIS   -0.0434716   -0.292226
1239   HID   0.0248816   -0.291759
SITE:  HIS-1239
 276   TYR   -0.0279866   0.295067
 634   TYR   -0.0254758   0.14737
 700   ASP   -0.0359059   0.343568
 730   GLU   0.0188293   0.101811
 742   GLU   -0.0284991   0.366515
 771   ASP   -0.0233805   0.128059
 825   TYR   -0.0294309   0.633308
 835   ARG   0.0903559   -0.194615
 838   VAL   0.169277   0
 839   ILE   0.149973   0
 842   PHE   0.250078   0
 843   VAL   0.0557566   0
 845   VAL   -0.292405   0
 846   LEU   -0.111307   0
 849   SER   -0.32459   0
1120   GLU   0.0213377   0.103751
1126   ILE   0.139769   0
1127   MET   0.246506   0
1128   CYS   0.150513   0.371381
1130   THR   0.445048   0
1131   ILE   0.24685   0
1133   MET   -0.238544   0
1134   VAL   0.00734939   0
1135   LEU   0.0406616   0
1136   VAL   -0.218168   0
1137   ASN   -1.82898   0
1140   GLY   -0.151286   0
1160   SER   0.170093   0
1161   CYS   0.0414992   0.532402
1162   GLY   0.0295894   0
1164   SER   0.135224   0
1165   VAL   0.0481172   0
1166   GLU   -0.0413996   0.560256
1168   CYS   -0.181236   0.991311
1170   HIS   -0.0535907   -0.426369
1173   ARG   -0.0504268   -0.185889
1186   ARG   0.0047882   -0.116963
1189   GLU   -0.00541201   0.100252
1193   HIS   -0.00940896   -0.110049
1206   LYS   -0.0553148   -0.54206
1225   TYR   0.0661101   0.153833
1227   ARG   0.0257164   -0.103531
1228   MET   0.137862   0
1229   TYR   0.113528   0.292226
1230   LEU   0.129547   0
1231   ALA   0.262504   0
1232   MET   0.194672   0
1233   VAL   0.237697   0
1234   LEU   0.372686   0
1235   LEU   1.86769   0
1236   GLY   0.628716   0
1238   THR   0.67831   0
1239   HID   -11.1407   -7.4316
1240   GLY   0.329815   0
1241   LEU   -0.216666   0
1242   ILE   -0.407684   0
1243   PHE   -0.396904   0
1244   LEU   -0.241753   0
1245   PRO   -0.0949763   0
1246   VAL   -0.161493   0
1247   LEU   -0.160476   0
1250   TYR   -0.106015   0.212772
1259   LYS   -0.0020465   -0.10187
SITE:  HID-1239
 276   TYR   -0.0166446   0.163485
 332   GLU   0.0174198   0.275127
 336   ARG   -0.0545332   -0.102633
 628   TYR   0.00017628   0.125888
 634   TYR   -0.0400296   0.253177
 641   HIS   -0.0152549   -0.116795
 653   LYS   0.00953952   -0.114569
 700   ASP   0.0149794   0.730329
 711   ARG   -0.0418525   -0.307754
 712   ASP   -0.0162552   0.147758
 726   ARG   0.017293   -0.120311
 730   GLU   0.0657173   0.336041
 733   PRO   0.034397   0
 742   GLU   -0.0561704   0.616257
 771   ASP   -0.0258102   0.22304
 822   LYS   -0.000809107   -0.121098
 825   TYR   -0.132625   0.84328
 835   ARG   0.0536795   -0.253723
1120   GLU   0.0494103   0.271656
1123   SER   0.106405   0
1126   ILE   0.0513446   0
1127   MET   0.375511   0
1128   CYS   0.112498   0.521015
1131   ILE   0.055155   0
1134   VAL   -0.108282   0
1137   ASN   -0.801936   0
1160   SER   0.186509   0
1161   CYS   0.118585   0.533392
1162   GLY   0.10028   0
1163   ILE   0.149753   0
1164   SER   0.444458   0
1165   VAL   0.373212   0
1166   GLU   0.155478   0.98925
1167   PHE   1.10795   0
1168   CYS   -0.32337   2.55537
1169   SER   -0.0188459   0
1170   HIS   -0.575358   -1.53738
1171   ILE   -1.67851   0
1172   THR   -0.446826   0
1173   ARG   -0.213882   -0.587238
1174   ALA   -0.251608   0
1175   PHE   -0.180117   0
1176   THR   -0.163733   0
1180   LYS   0.00761462   -0.145281
1183   ARG   0.0407012   -0.142081
1185   GLU   0.0257332   0.115133
1186   ARG   0.0380196   -0.302192
1187   ALA   0.147765   0
1188   GLU   0.0152943   0.21763
1189   GLU   -0.00717683   0.306735
1191   LEU   0.0880053   0
1193   HIS   -0.0658533   -0.353453
1194   MET   -0.245034   0
1195   GLY   -0.0352641   0
1197   SER   -0.160145   0
1198   VAL   -0.195524   0
1202   ILE   -0.169325   0
1206   LYS   -0.0643297   -0.747703
1225   TYR   0.0555921   0.146582
1229   TYR   0.113584   0.291759
1231   ALA   0.169926   0
1232   MET   0.163053   0
1233   VAL   0.227797   0
1234   LEU   0.246627   0
1235   LEU   0.99921   0
1236   GLY   0.618666   0
1237   ALA   0.260392   0
1238   THR   0.190962   0
1239   HIS   -2.98318   -7.4316
1240   GLY   -0.65844   0
1241   LEU   -0.0390245   0
1242   ILE   -0.14633   0
1243   PHE   -0.311239   0
1244   LEU   -0.267312   0
1245   PRO   -0.175858   0
1246   VAL   -0.126025   0
1247   LEU   -0.222314   0
1248   LEU   -0.239034   0
1249   SER   -0.167451   0
1250   TYR   -0.114343   0.219155
1252   GLY   -0.139768   0
1253   PRO   0.0404764   0
1259   LYS   4.48337e-05   -0.297861
1267   TYR   -0.0187838   0.175767
1272   ARG   0.0132936   -0.155515
SITE:  TYR-1250
 276   TYR   0.00285044   0.248444
 283   PHE   -0.00765035   0
 290   VAL   -0.181991   0
 292   CYS   -0.0451465   0.160745
 294   ARG   -0.249862   -0.377318
 825   TYR   0.0331136   0.239058
 829   LEU   0.2515   0
 830   LEU   0.12284   0
 831   LYS   0.409448   -0.23279
 832   ASP   0.539363   1.00537
 833   TRP   0.164809   0
 835   ARG   -0.551797   -2.43641
 836   PRO   0.0753354   0
 838   VAL   -0.273799   0
 839   ILE   -0.466325   0
1168   CYS   0.00293319   0.17169
1180   LYS   0.0115049   -0.113429
1183   ARG   -0.182769   -0.263628
1185   GLU   -0.00508229   0.181749
1186   ARG   -0.0165315   -0.216313
1188   GLU   -0.0401016   0.208164
1189   GLU   -0.0254908   0.11407
1239   HIS   0.0712231   -0.212772
1239   HID   0.041224   -0.219155
1242   ILE   0.146405   0
1243   PHE   0.202486   0
1244   LEU   0.118834   0
1245   PRO   0.0920387   0
1246   VAL   0.253974   0
1247   LEU   0.182207   0
1249   SER   0.15316   0
1253   PRO   0.075726   0
SITE:  LYS-1257
 313   VAL   0.143463   0
 317   ASP   1.33711   1.16883
 318   LYS   -0.256546   -0.25648
 319   GLY   1.04445   0
 320   GLU   0.152748   0.358306
 321   ALA   -0.141232   0
 323   CYS   -0.00903584   0.101147
 324   CYS   -0.0553464   0.148041
 325   ASP   0.0218986   0.677049
 332   GLU   -0.00497112   0.167278
1120   GLU   0.0225467   0.322792
1173   ARG   0.0302435   -0.112553
1181   GLY   0.108984   0
1183   ARG   0.0749203   -0.305723
1186   ARG   -0.00415388   -0.407384
1189   GLU   0.00158822   0.13109
1254   SER   -0.230452   0
1255   VAL   0.243677   0
1256   ASN   0.18268   0
1258   ALA   -0.224008   0
1259   LYS   -0.11525   -0.294906
1260   SER   -0.218298   0
1261   CYS   -0.11083   0.578815
1264   GLU   -0.00644677   0.256155
1265   GLU   -0.0448001   0.120598
SITE:  LYS-1259
 317   ASP   0.0268802   0.109056
 323   CYS   0.031668   0.14616
 324   CYS   0.0684717   0.452576
 325   ASP   0.263636   0.864067
 326   PRO   0.162023   0
 328   SER   0.560092   0
 331   PHE   -0.343647   0
 332   GLU   0.845733   3.59887
 333   GLY   -0.0577447   0
 334   CYS   -0.125898   0.293979
 335   LEU   -0.214036   0
 336   ARG   -0.410558   -0.600015
 337   ARG   -0.00878537   -0.236356
 700   ASP   0.0330205   0.246272
 711   ARG   -0.0488806   -0.287899
 712   ASP   -0.0164806   0.216256
 726   ARG   0.0506123   -0.231842
 729   GLY   0.142375   0
 730   GLU   0.149781   0.719398
 731   VAL   0.101415   0
 733   PRO   -0.0441099   0
 742   GLU   -0.023765   0.22682
 771   ASP   -0.00381801   0.113449
 825   TYR   -0.0241924   0.107537
 835   ARG   0.0121623   -0.100218
1112   VAL   0.101254   0
1113   THR   0.26099   0
1114   MET   0.259767   0
1115   VAL   0.189198   0
1116   LEU   0.357993   0
1117   LEU   1.58899   0
1118   GLY   -0.228034   0
1119   CYS   -0.464204   0.657143
1120   GLU   1.13892   3.99725
1128   CYS   -0.0150626   0.269817
1161   CYS   0.0324292   0.123129
1166   GLU   0.0275476   0.225972
1168   CYS   0.0577992   0.44159
1169   SER   0.241641   0
1170   HIS   0.154858   -0.509138
1171   ILE   0.0945474   0
1172   THR   0.146174   0
1173   ARG   0.299292   -1.82551
1176   THR   -0.00984509   0
1177   VAL   -0.189714   0
1178   SER   0.11332   0
1179   MET   -0.177167   0
1180   LYS   0.0696968   -0.164942
1183   ARG   0.0332373   -0.262127
1185   GLU   -0.0176292   0.118668
1186   ARG   -0.178015   -0.736692
1188   GLU   -0.022836   0.133318
1189   GLU   -0.0164552   0.407512
1193   HIS   -0.0339498   -0.359907
1206   LYS   -0.00891999   -0.146817
1239   HIS   0.0154038   -0.10187
1239   HID   0.19844   -0.297861
1252   GLY   -0.139123   0
1253   PRO   -0.143552   0
1254   SER   0.442892   0
1255   VAL   -0.21376   0
1256   ASN   -0.330186   0
1257   LYS   0.0658963   -0.294906
1258   ALA   -0.157497   0
1260   SER   -0.270102   0
1261   CYS   -0.109289   0.407274
1262   ALA   -0.174073   0
1264   GLU   -0.0729709   0.251545
1265   GLU   -0.0810352   0.205646
1266   ARG   -0.192186   -0.387203
1267   TYR   -0.0955015   0.508945
1272   ARG   -0.0382525   -0.271959
SITE:  CYS-1261
 314   ASN   0.181807   0
 317   ASP   0.054643   0.196088
 319   GLY   0.124774   0
 320   GLU   -0.092228   0.119992
 325   ASP   -0.0665039   0.381509
 326   PRO   0.0285258   0
 332   GLU   -0.0238152   0.29708
 336   ARG   -0.0714264   -0.245567
 730   GLU   0.00677488   0.180471
1120   GLU   0.0404858   0.245515
1173   ARG   0.0403434   -0.156131
1180   LYS   0.0606604   -0.105079
1183   ARG   0.025882   -0.106311
1186   ARG   -0.0402423   -0.239029
1189   GLU   0.011538   0.178769
1193   HIS   -0.00943641   -0.117562
1256   ASN   0.4134   0
1257   LYS   1.60174   -0.578815
1258   ALA   0.424988   0
1259   LYS   0.0181681   -0.407274
1262   ALA   -0.38844   0
1263   THR   -0.3768   0
1264   GLU   -0.172642   1.06691
1265   GLU   -0.373194   0.684872
1266   ARG   -0.145348   -0.169387
1267   TYR   -0.105259   0.222334
1268   LYS   -0.0502762   -0.268877
1272   ARG   -0.0176746   -0.113632
1273   GLU   0.00140887   0.217087
1278   PHE   -4.62527e-05   0.112628
SITE:  GLU-1264
 314   ASN   0.129811   0
 317   ASP   0.0081744   0.132148
 325   ASP   -0.00114838   0.148103
 332   GLU   -0.000545185   0.239626
 336   ARG   -0.0705397   -0.239755
 711   ARG   -0.000695173   -0.125317
 712   ASP   -0.0100463   0.114774
 726   ARG   -0.0020278   -0.140531
 730   GLU   0.00472405   0.234367
1120   GLU   0.0222462   0.146387
1173   ARG   0.0432166   -0.145898
1180   LYS   0.0389832   -0.162961
1185   GLU   -0.0172028   0.115884
1186   ARG   -0.0436683   -0.212587
1189   GLU   0.0274511   0.272155
1193   HIS   -0.0188098   -0.177641
1256   ASN   0.168403   0
1257   LYS   0.148315   -0.256155
1259   LYS   0.100856   -0.251545
1260   SER   0.44778   0
1261   CYS   0.406082   1.06691
1263   THR   -0.217162   0
1265   GLU   -0.923399   0.67551
1266   ARG   -0.341846   -0.246152
1267   TYR   -0.322346   0.383648
1268   LYS   -0.223984   -0.554315
1272   ARG   -0.0433245   -0.207351
1273   GLU   -0.0244047   0.757122
1274   ARG   0.0733696   -0.140921
1277   ASN   0.321724   0
1278   PHE   -0.00172633   0.244425
SITE:  GLU-1265
 325   ASP   -0.000859409   0.126882
 332   GLU   -0.0317237   0.241208
 336   ARG   -0.00415883   -0.432208
 337   ARG   -0.0451838   -0.148752
 726   ARG   -0.0100924   -0.116575
 730   GLU   -0.0128905   0.161107
1120   GLU   0.0184612   0.11291
1173   ARG   0.0280434   -0.118734
1189   GLU   0.00837468   0.101456
1257   LYS   0.0952682   -0.120598
1258   ALA   0.163891   0
1259   LYS   0.0976932   -0.205646
1260   SER   0.137322   0
1261   CYS   0.337836   0.684872
1264   GLU   -0.263376   0.67551
1266   ARG   -0.399272   -0.449048
1267   TYR   -0.143788   0.244753
1268   LYS   -0.0867974   -0.630283
1272   ARG   -0.0716344   -0.108575
1273   GLU   -0.0128828   0.269713
SITE:  ARG-1266
 332   GLU   0.0793598   0.713173
 333   GLY   0.128682   0
 334   CYS   0.134296   0.236388
 336   ARG   0.316948   -1.9682
 337   ARG   0.00395183   -0.511228
 340   THR   0.12011   0
 341   ARG   -0.0611008   -0.243833
 346   CYS   -0.0486266   0.15903
 348   ARG   -0.0691002   -0.139293
 653   LYS   0.00701647   -0.130029
 700   ASP   0.0304685   0.152253
 709   TYR   0.00502567   0.179358
 711   ARG   -0.0843362   -0.323254
 712   ASP   0.00723198   0.547571
 713   GLU   0.0500074   0.156663
 718   GLU   0.0537418   0.545908
 721   ASP   0.0475729   0.193232
 722   GLN   0.421191   0
 723   GLN   0.107628   0
 724   LEU   0.1383   0
 725   GLY   0.182232   0
 726   ARG   0.00972455   -0.973665
 727   VAL   0.162801   0
 729   GLY   -0.293593   0
 730   GLU   -0.30483   0.999987
 733   PRO   -0.116105   0
 742   GLU   -0.00538457   0.105938
1120   GLU   0.0256046   0.196735
1166   GLU   0.00811579   0.109506
1168   CYS   0.0178681   0.115176
1170   HIS   0.0349336   -0.2449
1173   ARG   0.103242   -0.475863
1180   LYS   0.00411883   -0.100866
1186   ARG   -0.0222582   -0.13998
1189   GLU   0.00561044   0.272862
1193   HIS   -0.000339399   -0.329048
1259   LYS   0.0778704   -0.387203
1261   CYS   0.057059   0.169387
1263   THR   0.203156   0
1264   GLU   0.0790899   0.246152
1265   GLU   -0.345942   0.449048
1267   TYR   -0.113331   1.18532
1268   LYS   0.0551966   -0.1693
1271   GLU   -0.043406   0.123156
1272   ARG   -0.240842   -0.519989
1273   GLU   -0.0429828   0.199612
SITE:  TYR-1267
 325   ASP   0.0264955   0.125861
 332   GLU   0.0866832   0.824743
 333   GLY   0.0161299   0
 334   CYS   0.0207916   0.126955
 336   ARG   -0.340076   -0.752721
 337   ARG   0.0146716   -0.189375
 346   CYS   -0.0295164   0.112544
 641   HIS   -0.0195221   -0.155856
 643   LYS   -0.00194215   -0.109858
 653   LYS   0.00634843   -0.188318
 700   ASP   0.0478094   0.216039
 709   TYR   0.0543576   0.244511
 711   ARG   -0.134873   -0.798258
 712   ASP   -0.0906418   0.975802
 713   GLU   0.0976032   0.310655
 714   ARG   -0.0655984   -0.159899
 718   GLU   0.00970736   0.43743
 721   ASP   0.0165362   0.128962
 723   GLN   0.00374863   0
 724   LEU   0.120597   0
 725   GLY   0.0685348   0
 726   ARG   -0.0999027   -1.25867
 727   VAL   0.130176   0
 729   GLY   -0.0528126   0
 730   GLU   -0.2441   1.77184
 731   VAL   -0.0248581   0
 733   PRO   -0.115789   0
 742   GLU   -0.00769747   0.139268
 814   GLU   -0.0753495   0.204683
 822   LYS   -0.0165484   -0.254462
1120   GLU   0.0401378   0.271179
1166   GLU   0.0221176   0.161364
1168   CYS   0.0363464   0.182096
1170   HIS   0.0745027   -0.392737
1173   ARG   0.134993   -0.622452
1177   VAL   0.117141   0
1179   MET   -0.223102   0
1180   LYS   -0.00515857   -0.280856
1185   GLU   0.0039692   0.143359
1186   ARG   -0.0489659   -0.291825
1188   GLU   -0.0175942   0.189625
1189   GLU   0.0444046   0.768127
1193   HIS   -0.0559131   -0.910776
1206   LYS   -0.00820562   -0.109213
1239   HID   0.0885719   -0.175767
1259   LYS   0.119269   -0.508945
1260   SER   0.153164   0
1261   CYS   0.0649129   0.222334
1263   THR   0.330804   0
1264   GLU   0.0445553   0.383648
1265   GLU   -0.119788   0.244753
1266   ARG   -0.678724   -1.18532
1268   LYS   -0.0300034   -0.154648
1271   GLU   -0.0908547   0.279998
1272   ARG   -1.37858   -1.82416
1273   GLU   -0.0567079   0.33806
1274   ARG   -0.0454767   -0.122742
1278   PHE   -0.0082924   0.205788
SITE:  LYS-1268
 336   ARG   -0.00114911   -0.133313
1261   CYS   0.123343   0.268877
1264   GLU   0.040939   0.554315
1265   GLU   -0.139671   0.630283
1266   ARG   -0.0445382   -0.1693
1267   TYR   0.00890523   0.154648
1269   GLY   -0.323211   0
1273   GLU   0.0668795   0.67183
1274   ARG   0.0340961   -0.119759
SITE:  GLU-1271
 709   TYR   0.0329068   0.112992
 711   ARG   0.0312845   -0.169129
 712   ASP   -0.0322025   0.289024
 713   GLU   -0.012123   0.394149
 714   ARG   0.118555   -0.253551
 718   GLU   -0.0182712   0.197472
 726   ARG   0.030114   -0.307027
 730   GLU   -0.0151165   0.152025
 814   GLU   -0.0276279   0.107519
 822   LYS   -0.00131382   -0.116113
1189   GLU   0.0108218   0.124478
1193   HIS   -0.00440805   -0.15752
1266   ARG   -0.0238917   -0.123156
1267   TYR   0.137166   0.279998
1272   ARG   -0.266602   -0.564642
1273   GLU   -0.172516   0.327209
1274   ARG   -0.44447   -0.480776
1278   PHE   -0.0124674   0.101022
SITE:  ARG-1272
 332   GLU   0.0422244   0.417831
 336   ARG   -0.134092   -0.333326
 634   TYR   -0.00411608   0.106164
 641   HIS   -0.0217854   -0.233108
 643   LYS   -0.0108034   -0.177844
 651   ASP   0.0176493   0.108089
 653   LYS   0.00876838   -0.244636
 700   ASP   0.0539135   0.208567
 704   ILE   0.0913232   0
 708   ALA   0.190938   0
 709   TYR   0.115196   0.339967
 711   ARG   0.0318283   -1.1888
 712   ASP   -0.297056   1.47395
 713   GLU   0.0921214   0.564339
 714   ARG   -0.0349128   -0.253774
 718   GLU   -0.0418472   0.363499
 721   ASP   0.0137157   0.120442
 723   GLN   -0.104099   0
 726   ARG   0.135848   -1.32842
 727   VAL   0.0302839   0
 730   GLU   -0.0467444   1.21166
 731   VAL   -0.0490001   0
 733   PRO   -0.0657878   0
 742   GLU   -0.00253943   0.122879
 786   ASP   -0.00921041   0.120847
 791   GLU   -0.0163981   0.123709
 814   GLU   -0.132329   0.36855
 822   LYS   -0.0270583   -0.426572
1120   GLU   0.0235764   0.159639
1166   GLU   0.0197453   0.146795
1168   CYS   0.0254328   0.149788
1170   HIS   0.0434255   -0.355811
1173   ARG   0.0636566   -0.402288
1177   VAL   0.0926147   0
1180   LYS   -0.0254425   -0.279243
1185   GLU   0.0138332   0.13129
1186   ARG   -0.00499421   -0.201489
1188   GLU   -0.0041012   0.202989
1189   GLU   0.0478285   0.677504
1193   HIS   -0.0518793   -1.11762
1206   LYS   -0.008977   -0.104277
1239   HID   0.0697598   -0.155515
1259   LYS   0.0464372   -0.271959
1261   CYS   0.023473   0.113632
1264   GLU   0.000402856   0.207351
1265   GLU   -0.0418198   0.108575
1266   ARG   -0.216464   -0.519989
1267   TYR   0.265004   1.82416
1271   GLU   -0.360806   0.564642
1273   GLU   -0.294964   0.310538
1274   ARG   -0.176392   -0.155276
1275   LEU   -0.183198   0
1278   PHE   -0.0037914   0.208558
SITE:  GLU-1273
 332   GLU   0.00325306   0.116503
 336   ARG   -0.0232427   -0.140239
 711   ARG   0.00602974   -0.110178
 712   ASP   -0.00894224   0.131757
 718   GLU   0.00434314   0.117031
 726   ARG   -0.000733737   -0.170995
 730   GLU   -0.0070875   0.161308
1189   GLU   0.0183487   0.1736
1193   HIS   -0.0164603   -0.138832
1261   CYS   0.112301   0.217087
1264   GLU   0.0901139   0.757122
1265   GLU   -0.0701811   0.269713
1266   ARG   -0.157894   -0.199612
1267   TYR   0.174339   0.33806
1268   LYS   -1.10219   -0.67183
1269   GLY   -1.02463   0
1270   THR   0.467478   0
1271   GLU   0.0406673   0.327209
1272   ARG   0.12929   -0.310538
1274   ARG   -0.23485   -0.718766
1276   LEU   -0.302112   0
1277   ASN   -0.437713   0
1278   PHE   -0.0144162   0.199967
SITE:  ARG-1274
1264   GLU   0.00599775   0.140921
1267   TYR   0.0581029   0.122742
1268   LYS   -0.0874984   -0.119759
1270   THR   0.150918   0
1271   GLU   -0.0747744   0.480776
1272   ARG   0.00276806   -0.155276
1273   GLU   -0.39287   0.718766
1275   LEU   -0.221456   0
1277   ASN   -0.273158   0
1278   PHE   -0.0320806   0.125355
SITE:  CTphe-1278
 711   ARG   0.024478   -0.15963
 730   GLU   0.0136679   0.153061
 822   LYS   0.00423014   -0.180297
1180   LYS   -0.189508   -0.559111
1185   GLU   -0.0264927   0.416417
1186   ARG   -0.0241498   -0.189804
1188   GLU   -0.0109743   0.253618
1189   GLU   0.0227037   0.462895
1193   HIS   -0.0401569   -0.259822
1261   CYS   0.0219376   0.112628
1264   GLU   -0.0376603   0.244425
1267   TYR   -0.0282506   0.205788
1271   GLU   0.0455854   0.101022
1272   ARG   0.108879   -0.208558
1273   GLU   0.0837422   0.199967
1274   ARG   0.222546   -0.125355
1275   LEU   0.458102   0
1276   LEU   0.145975   0
1278   PHE   0.146547   0
