default_name
 19848
 129.0020000 152.8060000 226.0320000 129.4160000 153.5870000 226.1320000
 129.5970000 152.1610000 225.8820000 128.5540000 152.6210000 226.7790000
 128.0500000 152.8820000 224.9040000 127.3930000 153.5720000 225.0850000
 128.6810000 153.1430000 223.5210000 129.3350000 152.4540000 223.3260000
 127.9910000 153.0800000 222.8420000 129.3130000 154.5330000 223.3990000
 128.6340000 155.1990000 223.5890000 129.6140000 154.6670000 222.4870000
 130.4830000 154.7190000 224.3620000 130.2690000 155.1180000 225.4900000
 131.4040000 153.7640000 224.3050000 132.0430000 153.8810000 224.8690000
 131.5220000 153.3280000 223.5730000 127.3280000 151.5750000 224.8220000
 127.8070000 150.5790000 225.3620000 126.1990000 151.6080000 224.1420000
 125.9250000 152.3270000 223.7580000 125.3360000 150.4660000 223.9770000
 125.8840000 149.7230000 223.6800000 124.6940000 150.1400000 225.3310000
 125.3340000 149.6270000 225.8500000 123.9150000 149.5870000 225.1630000
 124.3140000 151.2700000 226.0980000 123.9750000 150.9870000 226.8120000
 124.3240000 150.7360000 222.8640000 124.4980000 151.6880000 222.1050000
 123.4510000 149.7560000 222.6300000 123.3730000 149.1050000 223.1860000
 122.4050000 149.8520000 221.6230000 122.5160000 150.6480000 221.0800000
 122.5240000 148.6430000 220.7100000 121.8200000 148.6510000 220.0430000
 122.4270000 147.8410000 221.2470000 124.1650000 148.7380000 219.9180000
 123.9320000 147.9160000 219.0750000 121.0400000 149.9570000 222.2890000
 120.8870000 149.6010000 223.4560000 120.0930000 150.5140000 221.5540000
 120.2320000 150.5710000 220.7070000 118.7060000 150.6500000 221.9750000
 118.6290000 150.2760000 222.8670000 118.3290000 152.1430000 222.1270000
 117.3800000 152.1740000 222.3250000 119.0550000 152.7860000 223.3310000
 119.5450000 153.5870000 223.0890000 119.6850000 152.1670000 223.7330000
 118.3920000 153.0440000 223.9910000 118.5640000 152.9970000 220.8740000
 119.2830000 153.6390000 220.9830000 117.7530000 153.4930000 220.6810000
 118.8040000 152.4320000 220.1230000 117.8160000 149.7720000 221.0700000
 118.3270000 148.9590000 220.3090000 116.5060000 149.7440000 221.3340000
 116.2260000 150.2900000 221.9370000 115.4900000 149.0580000 220.5100000
 114.7470000 148.9340000 221.1220000 114.9420000 149.9890000 219.4190000
 114.1660000 149.5660000 219.0190000 114.6530000 150.7960000 219.8740000
 115.8400000 150.4400000 218.3150000 116.7310000 151.4350000 218.4380000
 116.8580000 151.9140000 219.2250000 117.4100000 151.6050000 217.2570000
 118.0610000 152.1570000 217.1550000 116.8910000 150.8230000 216.2530000
 117.1730000 150.7040000 214.8830000 117.8440000 151.2170000 214.4950000
 116.4230000 149.8030000 214.1080000 116.5910000 149.7120000 213.1980000
 115.4230000 149.0290000 214.7190000 114.9360000 148.4180000 214.2140000
 115.1810000 149.1520000 216.1000000 114.5510000 148.6160000 216.5250000
 115.8960000 150.0480000 216.9070000 115.7910000 147.6180000 220.0310000
 115.7400000 147.3090000 218.8430000 116.0220000 146.7030000 220.9840000
 115.9230000 146.9340000 221.8070000 116.3360000 145.3060000 220.6780000
 116.7710000 145.3270000 219.8110000 117.3490000 144.7630000 221.7030000
 116.9040000 144.6820000 222.5610000 118.0720000 145.4030000 221.7950000
 117.9560000 143.4180000 221.3420000 118.2150000 143.1100000 219.9960000
 118.0800000 143.7270000 219.3130000 118.7560000 141.8720000 219.6450000
 118.9110000 141.7070000 218.7430000 119.1210000 140.9400000 220.6270000
 119.7730000 139.8000000 220.2770000 120.2380000 139.9210000 219.5880000
 118.8640000 141.2370000 221.9820000 119.0900000 140.6050000 222.6260000
 118.2740000 142.4710000 222.3380000 118.0970000 142.6670000 223.2300000
 115.1110000 144.3740000 220.5480000 114.3210000 144.2470000 221.4850000
 115.1420000 143.5040000 219.5280000 115.7480000 143.6210000 218.9290000
 114.1080000 142.5100000 219.2050000 114.4980000 141.8060000 218.6630000
 113.7660000 142.1140000 220.0220000 112.9240000 143.1080000 218.4290000
 112.7880000 144.3230000 218.3500000 111.9580000 142.2820000 218.0470000
 112.1760000 141.4520000 217.9850000 110.7680000 142.7050000 217.3020000
 110.5790000 143.6280000 217.5340000 111.0440000 142.7200000 215.7640000
 110.3090000 143.1960000 215.3460000 111.8360000 143.2620000 215.6240000
 111.2440000 141.3670000 215.0480000 110.3960000 140.8970000 215.0290000
 111.4260000 141.5880000 214.1210000 112.3510000 140.4230000 215.5560000
 113.4000000 141.0380000 216.0370000 112.1940000 139.2570000 215.3360000
 109.4970000 141.9470000 217.7230000 109.1850000 140.8670000 217.2280000
 108.8010000 142.4760000 218.7370000 109.0590000 143.2260000 219.0690000
 107.6420000 141.8060000 219.3290000 107.6680000 140.8660000 219.0900000
 107.7250000 141.8710000 220.8630000 107.0250000 141.3050000 221.2240000
 108.5840000 141.5120000 221.1350000 107.5210000 143.5360000 221.5770000
 106.3400000 143.5710000 221.7890000 106.3090000 142.3300000 218.7940000
 105.4120000 141.5320000 218.5190000 106.2300000 143.6410000 218.5410000
 106.9180000 144.1360000 218.6900000 105.0530000 144.2950000 217.9980000
 104.3090000 144.1800000 218.6100000 105.2410000 145.2410000 217.8920000
 104.6330000 143.7700000 216.6370000 105.4050000 143.1460000 215.9110000
 103.4520000 144.2100000 216.2130000 102.9560000 144.6750000 216.7390000
 102.9760000 144.0200000 214.8500000 103.7450000 144.1100000 214.2660000
 102.4310000 142.5840000 214.6860000 103.0900000 141.9830000 215.0670000
 101.1170000 142.3620000 215.4590000 100.9280000 141.4130000 215.5340000
 100.3820000 142.8060000 215.0070000 101.1940000 142.7220000 216.3560000
 102.3130000 142.2180000 213.1950000 101.6010000 142.7300000 212.7800000
 103.1480000 142.4370000 212.7520000 102.0690000 140.7210000 212.9760000
 102.0280000 140.5420000 212.0240000 102.7980000 140.2080000 213.3580000
 101.2300000 140.4500000 213.3800000 101.9810000 145.1270000 214.4880000
 101.1370000 145.4900000 215.3060000 102.1510000 145.7330000 213.3130000
 102.8100000 145.4760000 212.8230000 101.2360000 146.7360000 212.7750000
 100.8560000 147.2440000 213.5090000 102.0220000 147.7080000 211.8750000
 102.2040000 147.3160000 211.0060000 102.8720000 147.9200000 212.2910000
 101.5110000 148.5240000 211.7570000 100.0860000 146.0500000 212.0250000
  98.9320000 146.1010000 212.4420000 100.4280000 145.3790000 210.9210000
 101.2580000 145.3800000 210.6970000  99.5470000 144.5640000 210.0880000
  99.0810000 143.9330000 210.6590000  98.5010000 145.4420000 209.3790000
  97.8960000 145.7950000 210.0500000  97.9600000 144.8750000 208.8080000
  99.0130000 146.6070000 208.5470000  99.3680000 146.4090000 207.1970000
  99.3810000 145.5500000 206.8400000  99.6570000 147.5120000 206.3690000
  99.8760000 147.3780000 205.4750000  99.5780000 148.8170000 206.8950000
  99.8440000 149.8910000 206.1040000  99.6220000 150.6160000 206.4660000
  99.3000000 149.0150000 208.2620000  99.2480000 149.8790000 208.6030000
  99.0130000 147.9090000 209.0870000  98.7730000 148.0400000 209.9760000
 100.3740000 143.7620000 209.0690000 101.4970000 144.1450000 208.7310000
  99.8130000 142.6560000 208.5710000  99.0520000 142.4070000 208.8840000
 100.5340000 141.7090000 207.7160000  99.9280000 141.0170000 207.4080000
 100.8960000 142.1690000 206.9420000 101.6660000 141.0350000 208.4890000
 101.4110000 140.3490000 209.4760000 102.9050000 141.3070000 208.0930000
 103.0260000 141.7750000 207.3820000 104.1320000 140.8230000 208.7330000
 103.9140000 140.1350000 209.3810000 105.0120000 140.1930000 207.6370000
 105.8480000 139.8940000 208.0290000 104.5530000 139.4060000 207.3060000
 105.2990000 141.1500000 206.4600000 105.2030000 142.3790000 206.6730000
 105.1010000 140.7090000 205.3120000 104.9050000 141.9180000 209.4940000
 105.8550000 141.5940000 210.2020000 104.5210000 143.2000000 209.3760000
 103.8530000 143.3560000 208.8570000 105.3240000 144.3430000 209.8390000
 106.2330000 144.2300000 209.5190000 104.7430000 145.6560000 209.2820000
 105.2070000 146.3990000 209.6980000 103.8140000 145.7300000 209.5490000
 104.8200000 145.7890000 207.7450000 104.5940000 146.7030000 207.5110000
 104.1440000 145.2090000 207.3600000 106.1920000 145.4410000 207.1260000
 106.8660000 146.0560000 207.4550000 106.4650000 144.5460000 207.3830000
 106.2200000 145.5120000 205.5980000 105.8870000 146.3740000 205.3050000
 107.1480000 145.4490000 205.3230000 105.4610000 144.4050000 204.9730000
 104.6640000 144.6720000 204.6810000 105.9170000 144.0550000 204.2940000
 105.3710000 143.7210000 205.5350000 105.4170000 144.3810000 211.3580000
 104.4320000 144.7100000 212.0170000 106.6270000 144.1740000 211.8930000
 107.2810000 144.0050000 211.3610000 106.8990000 144.1450000 213.3380000
 106.0500000 144.0820000 213.8030000 107.7380000 142.9170000 213.7400000
 108.6200000 142.9770000 213.3410000 107.8340000 142.9010000 214.7050000
 107.0720000 141.6160000 213.2910000 106.1620000 141.5790000 213.6240000
 107.0590000 141.6070000 212.3210000 107.8410000 140.3710000 213.7280000
 107.8940000 140.3360000 214.6960000 108.7430000 140.4290000 213.3750000
 107.1960000 139.1600000 213.1850000 107.4740000 138.9100000 212.4110000
 106.1760000 138.5170000 213.7170000 105.6190000 138.8970000 214.8340000
 104.9450000 138.4860000 215.1760000 105.9260000 139.6050000 215.2150000
 105.6830000 137.4670000 213.1170000 104.9890000 137.0780000 213.4430000
 105.9720000 137.2630000 212.3330000 107.5590000 145.4330000 213.7930000
 108.5870000 145.8330000 213.2500000 106.9720000 146.0710000 214.8000000
 106.3100000 145.6860000 215.1920000 107.6540000 147.1490000 215.5050000
 108.1160000 147.7120000 214.8640000 106.6550000 148.0290000 216.2620000
 107.1560000 148.7450000 216.6830000 106.2450000 147.4950000 216.9600000
 105.5560000 148.6680000 215.4350000 105.7300000 148.9150000 214.0570000
 106.5120000 148.6700000 213.6160000 104.7570000 149.6390000 213.3430000
 104.8980000 149.8410000 212.4460000 103.5930000 150.0940000 213.9910000
 102.7620000 150.9200000 213.2730000 102.0570000 151.0020000 213.7220000
 103.3780000 149.7970000 215.3310000 102.6140000 150.1010000 215.7650000
 104.3690000 149.1030000 216.0650000 104.2620000 148.9950000 216.9820000
 108.7160000 146.5370000 216.4160000 108.4830000 145.5120000 217.0670000
 109.9300000 147.0750000 216.3190000 110.0250000 147.8120000 215.8860000
 111.0140000 146.6490000 217.1890000 111.1150000 145.6870000 217.1120000
 112.3270000 147.2710000 216.7200000 112.1760000 148.1700000 216.3890000
 112.9230000 147.3180000 217.4840000 113.0330000 146.4500000 215.6460000
 114.1700000 146.0520000 215.7890000 112.3730000 146.0260000 214.5940000
 111.5460000 146.2260000 214.4690000 112.8270000 145.5200000 214.0670000
 110.6740000 146.9730000 218.6530000 110.0110000 147.9700000 218.9290000
 111.0580000 146.1090000 219.5900000 111.6300000 145.5110000 219.3550000
 110.9040000 146.3820000 221.0190000 110.0060000 146.7130000 221.1780000
 111.1310000 145.1230000 221.8830000 112.0550000 145.1110000 222.1790000
 110.5680000 145.1820000 222.6710000 110.8080000 143.5560000 221.0300000
 109.6160000 143.6910000 221.0220000 111.9230000 147.4480000 221.4220000
 113.0910000 147.3170000 221.0910000 111.5640000 148.3920000 222.2810000
 110.7430000 148.4120000 222.5360000 112.4780000 149.2930000 222.9860000
 113.1100000 149.6250000 222.3300000 111.7840000 150.5290000 223.5630000
 111.1290000 150.8820000 222.9400000 111.3260000 150.2790000 224.3810000
 112.8090000 151.6340000 223.8920000 113.5590000 151.2380000 224.3620000
 113.1520000 151.9810000 223.0540000 112.2750000 152.7840000 224.7630000
 111.1140000 153.2810000 224.4050000 112.9720000 153.1890000 225.6460000
 113.2360000 148.5220000 224.0770000 112.6480000 147.8450000 224.9230000
 114.5510000 148.7130000 224.1110000 114.9000000 149.2090000 223.5010000
 115.4340000 148.1850000 225.1400000 114.9990000 148.2360000 226.0050000
 115.7450000 146.7140000 224.8120000 114.9440000 146.1820000 224.9370000
 115.9900000 146.6510000 223.8760000 116.8700000 146.1310000 225.6430000
 116.6130000 145.7190000 226.9610000 115.7460000 145.7680000 227.2930000
 117.6650000 145.2510000 227.7700000 117.4900000 144.9800000 228.6420000
 118.9760000 145.1940000 227.2490000 119.9890000 144.8060000 228.0710000
 120.6830000 144.6700000 227.6180000 119.2390000 145.6160000 225.9350000
 120.1070000 145.6110000 225.6020000 118.1820000 146.0770000 225.1290000
 118.3570000 146.3860000 224.2700000 116.7200000 149.0140000 225.1740000
 117.5720000 148.8240000 224.3190000 116.9020000 149.8910000 226.1620000
 116.2150000 150.1060000 226.6330000 118.0530000 150.8220000 226.1970000
 118.3770000 150.9170000 225.2880000 117.5830000 152.2210000 226.6250000
 117.3350000 152.2150000 227.5630000 118.2960000 152.8630000 226.4820000
 116.4650000 152.5590000 225.8200000 116.1520000 153.3170000 226.0020000
 119.2680000 150.3080000 226.9980000 119.9930000 151.0880000 227.6200000
 119.3890000 148.9820000 227.1480000 118.8960000 148.5000000 226.6340000
 120.4820000 148.3230000 227.8790000 120.1560000 147.4770000 228.2230000
 120.7460000 148.8710000 228.6350000 121.7270000 148.0620000 227.0130000
 121.9010000 148.7060000 225.9890000 122.6980000 147.2310000 227.4440000
 122.8040000 146.6030000 228.7480000 122.0090000 146.0930000 228.9680000
 122.9600000 147.2870000 229.4180000 124.0180000 145.6740000 228.6590000
 124.4710000 145.5900000 229.5130000 123.7420000 144.8060000 228.3260000
 124.9050000 146.3530000 227.6190000 125.3890000 147.0860000 228.0300000
 125.5190000 145.7330000 227.1950000 123.8830000 146.9220000 226.6400000
 124.2420000 147.7500000 226.2840000 123.5860000 145.9800000 225.4540000
 122.7390000 145.0960000 225.5760000 124.3780000 146.0530000 224.3630000
 125.6010000 146.8290000 224.2330000 125.3400000 147.7470000 224.0610000
 126.1600000 146.7680000 225.0230000 126.3530000 146.2860000 223.0200000
 126.9310000 145.5520000 223.2810000 126.8590000 146.9800000 222.5690000
 125.2050000 145.7780000 222.1590000 125.4860000 145.1060000 221.5190000
 124.8310000 146.5460000 221.6990000 124.1860000 145.2370000 223.1690000
 123.2900000 145.3570000 222.8160000 124.4170000 143.7590000 223.5100000
 125.4470000 143.4010000 224.0920000 123.4000000 142.9120000 223.3130000
 122.6780000 143.2050000 222.9490000 123.4710000 141.4960000 223.6910000
 123.9850000 141.4570000 224.5130000 122.0550000 140.9360000 223.9570000
 121.4200000 141.3730000 223.3680000 122.0370000 139.9940000 223.7250000
 121.5660000 141.0680000 225.4150000 120.7490000 140.5520000 225.4990000
 121.3510000 141.9970000 225.5920000 122.5560000 140.5840000 226.4940000
 122.0990000 140.5480000 227.3490000 123.2640000 141.2420000 226.5730000
 123.1480000 139.2010000 226.1680000 122.4940000 138.5140000 226.3720000
 123.3200000 139.1570000 225.2140000 124.4180000 138.9620000 226.8990000
 124.9070000 138.3370000 226.4960000 124.2340000 138.7030000 227.7300000
 124.8810000 139.7210000 226.9400000 124.2230000 140.6830000 222.6190000
 123.5730000 140.2930000 221.6610000 125.4580000 140.1880000 222.9030000
 126.0830000 140.1460000 224.2140000 125.5830000 139.4950000 224.7310000
 126.0990000 141.0100000 224.6540000 127.5020000 139.6200000 224.0510000
 127.7540000 139.0600000 224.8020000 128.1220000 140.3620000 223.9730000
 127.4340000 138.8130000 222.7590000 127.2250000 137.8930000 222.9850000
 128.2730000 138.8440000 222.2730000 126.2780000 139.4320000 221.9530000
 126.6240000 140.0490000 221.2890000 125.4970000 138.3250000 221.2510000
 124.7860000 137.5790000 221.9250000 125.8480000 138.1090000 219.9730000
 126.4050000 138.6580000 219.6150000 125.1160000 137.2360000 219.0540000
 124.2860000 137.6900000 218.8400000 125.9540000 137.0470000 217.7720000
 126.3200000 137.9000000 217.4910000 126.7020000 136.4730000 218.0000000
 125.2150000 136.4130000 216.5770000 124.7570000 135.6110000 216.8750000
 124.2120000 137.3340000 215.8790000 123.6290000 136.8060000 215.3110000
 124.6620000 137.9840000 215.3170000 123.6680000 137.8200000 216.5180000
 126.2510000 135.9670000 215.5610000 126.7860000 135.2690000 215.9710000
 126.8190000 136.7090000 215.3020000 125.8110000 135.6000000 214.7790000
 124.8070000 135.8760000 219.6960000 125.7370000 135.2600000 220.2310000
 123.6260000 135.2860000 219.4320000 122.5100000 135.8480000 218.6740000
 122.0250000 136.4860000 219.2200000 122.7910000 136.2750000 217.8500000
 121.6200000 134.6640000 218.3260000 120.7050000 134.9360000 218.1530000
 121.9900000 134.1830000 217.5690000 121.7580000 133.8330000 219.5960000
 121.4770000 132.9150000 219.4580000 121.2300000 134.2430000 220.2990000
 123.2510000 133.9660000 219.9350000 123.3580000 133.9590000 220.8990000
 124.0840000 132.7980000 219.3720000 123.7160000 131.6500000 219.5920000
 125.1940000 133.0520000 218.6470000 125.4350000 133.8770000 218.6120000
 126.1010000 132.0520000 218.0340000 126.7970000 132.5320000 217.5580000
 126.7730000 131.2710000 219.1880000 127.3880000 131.8780000 219.6290000
 126.1030000 131.0200000 219.8420000 127.5160000 129.9800000 218.8350000
 126.9020000 129.3360000 218.4480000 128.2260000 130.1720000 218.2020000
 128.1180000 129.3790000 220.1050000 127.4040000 129.1620000 220.7240000
 128.7110000 130.0310000 220.5110000 128.8910000 128.1110000 219.7430000
 128.2530000 127.4250000 219.4920000 129.4450000 128.2950000 218.9680000
 129.7300000 127.6590000 220.8780000 130.1960000 126.9370000 220.6460000
 129.2150000 127.4610000 221.5770000 130.2970000 128.3050000 221.1100000
 125.4570000 131.1930000 216.9290000 126.1620000 130.4460000 216.2600000
 124.1790000 131.4320000 216.6620000 123.7610000 131.9340000 217.2210000
 123.3450000 130.7210000 215.7010000 123.5840000 129.7810000 215.6950000
 121.9050000 130.8470000 216.2290000 121.8960000 130.6440000 217.1770000
 121.5960000 131.7610000 216.1290000 120.9490000 129.9010000 215.5180000
 120.5890000 130.2520000 214.3670000 120.5690000 128.9020000 216.1490000
 123.5290000 131.2530000 214.2630000 124.3070000 130.7040000 213.4880000
 123.1590000 132.5320000 214.0740000 122.6930000 132.9040000 214.6940000
 123.1930000 133.1900000 212.7650000 122.9220000 132.5460000 212.0920000
 122.5530000 133.9190000 212.7600000 124.5560000 133.7490000 212.3530000
 124.6080000 134.8520000 211.8180000 125.6710000 133.0830000 212.6700000
 125.5770000 132.3050000 213.0240000 127.0070000 133.5460000 212.2550000
 127.1430000 134.4420000 212.6010000 128.0940000 132.6040000 212.7910000
 128.8960000 132.7440000 212.2640000 127.8110000 131.6890000 212.6350000
 128.5200000 132.7650000 214.2410000 128.7480000 134.0410000 214.7900000
 128.5510000 134.8030000 214.2950000 129.3070000 134.1820000 216.0750000
 129.4530000 135.0260000 216.4360000 129.6590000 133.0360000 216.8110000
 130.1320000 133.1670000 218.0780000 130.2630000 132.4110000 218.4190000
 129.4580000 131.7570000 216.2540000 129.7340000 130.9970000 216.7140000
 128.8710000 131.6230000 214.9820000 128.7260000 130.7780000 214.6210000
 127.1610000 133.6580000 210.7300000 127.7730000 134.6140000 210.2610000
 126.5150000 132.7640000 209.9770000 126.1090000 132.1160000 210.3710000
 126.3460000 132.8770000 208.5230000 127.2150000 132.9360000 208.0960000
 125.6310000 131.6140000 208.0090000 124.9440000 131.3610000 208.6450000
 125.1920000 131.8160000 207.1680000 126.5730000 130.4220000 207.7820000
 127.7020000 130.6140000 207.2610000 126.1060000 129.2730000 207.9200000
 125.5720000 134.1460000 208.1200000 126.0570000 134.8870000 207.2730000
 124.5270000 134.5340000 208.8670000 124.2800000 134.0390000 209.5250000
 123.7980000 135.7860000 208.6210000 123.5740000 135.8200000 207.6780000
 122.4630000 135.8480000 209.3910000 122.5900000 135.6400000 210.3300000
 122.1640000 136.7690000 209.3390000 121.3360000 134.9780000 208.7970000
 121.3320000 135.0750000 207.8320000 121.4840000 133.4960000 209.1470000
 120.7160000 133.0070000 208.8130000 122.2710000 133.1290000 208.7140000
 121.5410000 133.3780000 210.1080000 119.9750000 135.4450000 209.3200000
 119.7910000 136.3360000 208.9840000 119.2750000 134.8580000 208.9950000
 119.9630000 135.4530000 210.2900000 124.6650000 137.0240000 208.9040000
 124.7190000 137.9280000 208.0800000 125.4620000 137.0280000 209.9790000
 125.3940000 136.3710000 210.5300000 126.4030000 138.1350000 210.2620000
 125.9060000 138.9680000 210.2350000 127.0140000 137.9980000 211.6700000
 127.5480000 137.1900000 211.7140000 127.9090000 139.1770000 212.0850000
 128.2670000 139.0230000 212.9730000 127.3920000 139.9980000 212.0860000
 128.6530000 139.2720000 211.4700000 125.8930000 137.8950000 212.7080000
 125.1280000 138.4250000 212.4350000 126.2020000 138.2180000 213.5690000
 125.6200000 136.9690000 212.7990000 127.5030000 138.2510000 209.1990000
 127.9200000 139.3560000 208.8660000 127.9460000 137.1280000 208.6280000
 127.6010000 136.3820000 208.8800000 128.9200000 137.0990000 207.5330000
 129.6250000 137.7380000 207.7220000 129.5300000 135.6950000 207.4400000
 129.8410000 135.5360000 206.5350000 128.8420000 135.0350000 207.6170000
 130.6850000 135.5010000 208.4380000 130.7440000 136.2470000 209.0550000
 130.4790000 134.7160000 208.9680000 132.0530000 135.2860000 207.7830000
 132.3430000 135.6220000 206.6390000 132.9180000 134.5660000 208.4600000
 132.6700000 134.2710000 209.2290000 133.4150000 134.0850000 207.9490000
 128.3480000 137.4940000 206.1670000 129.0740000 138.1100000 205.3880000
 127.1360000 137.0530000 205.8170000 126.7020000 136.5420000 206.3560000
 126.5340000 137.3560000 204.5100000 127.2410000 137.3420000 203.8460000
 125.5140000 136.2700000 204.0850000 125.8440000 135.3980000 204.3530000
 125.4620000 136.2840000 203.1160000 124.0930000 136.4720000 204.6340000
 124.1400000 136.4680000 205.6030000 123.7750000 137.3450000 204.3550000
 123.0380000 135.4510000 204.1810000 123.3010000 134.5900000 203.3130000
 121.8470000 135.7250000 204.4460000 125.9450000 138.7750000 204.4640000
 126.0370000 139.4300000 203.4290000 125.3890000 139.2660000 205.5800000
 125.3310000 138.7540000 206.2680000 124.7240000 140.5680000 205.6340000
 124.3210000 140.7430000 204.7690000 123.6020000 140.5470000 206.6860000
 123.9780000 140.3380000 207.5550000 123.2210000 141.4370000 206.7460000
 122.4750000 139.5450000 206.3580000 122.8170000 138.6370000 206.3560000
 121.4260000 139.6160000 207.4580000 121.8170000 139.1840000 208.2340000
 121.2020000 140.5380000 207.6610000 120.6270000 139.1290000 207.2010000
 121.8220000 139.8150000 205.0030000 120.9850000 139.3300000 204.9340000
 121.6710000 140.7660000 204.8860000 122.4120000 139.4950000 204.3030000
 125.7050000 141.7140000 205.8750000 125.6900000 142.6950000 205.1400000
 126.5980000 141.5950000 206.8640000 126.5590000 140.9160000 207.3910000
 127.6040000 142.6300000 207.1090000 127.8930000 142.9740000 206.2490000
 126.9330000 143.8070000 207.8240000 127.5800000 144.5220000 207.9330000
 126.2180000 144.1420000 207.2600000 126.2610000 143.3160000 209.4460000
 127.2700000 142.7480000 209.7590000 128.8430000 142.0830000 207.8520000
 129.0220000 142.3010000 209.0600000 129.8260000 141.5230000 207.1190000
 129.8880000 141.4160000 205.6650000 129.7070000 142.2650000 205.2320000
 129.2580000 140.7470000 205.3560000 131.3180000 140.9850000 205.3490000
 131.3620000 140.4500000 204.5410000 131.8840000 141.7690000 205.2720000
 131.7180000 140.1840000 206.5880000 132.6800000 140.1640000 206.7110000
 131.3720000 139.2810000 206.5090000 131.0000000 140.9020000 207.7350000
 130.6980000 140.2410000 208.3770000 131.9160000 141.8920000 208.4850000
 132.7340000 141.4540000 209.2930000 131.6760000 143.2080000 208.3740000
 131.0210000 143.4420000 207.8690000 132.3630000 144.2720000 209.1220000
 131.9680000 145.1190000 208.8640000 133.3000000 144.2840000 208.8700000
 132.2710000 144.1750000 210.6550000 133.1170000 144.7310000 211.3550000
 131.3260000 143.3960000 211.1910000 130.7400000 143.0600000 210.6590000
 131.1940000 143.1220000 212.6310000 131.6610000 143.8080000 213.1330000
 129.7010000 143.2000000 212.9960000 129.5920000 142.9860000 213.9360000
 129.2370000 142.5180000 212.4850000 129.0170000 144.5400000 212.7330000
 129.7440000 145.7520000 212.7000000 130.6600000 145.7680000 212.8590000
 129.1020000 146.9580000 212.3680000 129.5910000 147.7470000 212.3070000
 127.7270000 146.9660000 212.0850000 127.3060000 147.7570000 211.8350000
 126.9860000 145.7770000 212.1730000 126.0750000 145.7840000 211.9850000
 127.6290000 144.5680000 212.4910000 127.1320000 143.7820000 212.5080000
 131.8310000 141.7940000 213.0850000 131.9060000 141.5240000 214.2880000
 132.2930000 140.9410000 212.1640000 132.2820000 141.1740000 211.3360000
 132.7730000 139.5980000 212.4950000 132.2910000 139.3080000 213.2850000
 132.3830000 138.6080000 211.3880000 131.4660000 138.7820000 211.1250000
 132.9430000 138.7470000 210.6080000 132.4770000 137.1650000 211.8490000
 131.3780000 136.5660000 212.4880000 130.5830000 137.0370000 212.5910000
 131.4790000 135.2470000 212.9610000 130.7460000 134.8380000 213.3610000
 132.6750000 134.5260000 212.8260000 132.7290000 133.6550000 213.1480000
 133.7760000 135.1230000 212.1920000 134.5720000 134.6510000 212.0970000
 133.6710000 136.4330000 211.6930000 134.4000000 136.8220000 211.2660000
 134.2680000 139.5720000 212.8770000 135.1270000 139.0820000 212.1480000
 134.5590000 139.9530000 214.1220000 133.9430000 140.3550000 214.5670000
 135.8610000 139.7570000 214.7690000 136.3240000 139.0290000 214.3250000
 136.7450000 141.0050000 214.5890000 136.9450000 141.0980000 213.6440000
 137.5910000 140.8550000 215.0390000 136.1450000 142.3120000 215.0710000
 135.2260000 143.0070000 214.2620000 134.9980000 142.6790000 213.4220000
 134.6350000 144.1940000 214.7230000 134.0220000 144.6410000 214.1850000
 134.9750000 144.7020000 215.9890000 134.5790000 145.4870000 216.2930000
 135.9150000 144.0270000 216.7890000 136.1440000 144.3660000 217.6240000
 136.5000000 142.8340000 216.3300000 137.1110000 142.3800000 216.8650000
 135.6240000 139.3310000 216.2290000 135.1390000 140.1000000 217.0570000
 135.6070000 138.0090000 216.4330000 135.8490000 137.5190000 215.7690000
 134.7700000 137.3590000 217.4490000 134.8230000 136.3990000 217.3220000
 133.8500000 137.6200000 217.2860000 135.0950000 137.6450000 218.9250000
 135.4880000 136.7260000 219.6300000 134.4830000 138.7170000 219.4430000
 134.2590000 139.3260000 218.8780000 133.9610000 138.8400000 220.8210000
 133.8990000 137.9560000 221.2150000 134.8960000 139.6980000 221.6940000
 134.4330000 139.9620000 222.5050000 135.1380000 140.5030000 221.2100000
 136.1320000 138.9630000 222.1620000 136.0750000 137.8470000 222.6420000
 137.1930000 139.7010000 222.3930000 137.8500000 139.2930000 222.7690000
 137.1960000 140.5350000 222.1810000 132.5280000 139.4040000 220.7980000
 132.1650000 140.2580000 221.6040000 131.8070000 139.0810000 219.7210000
 132.1250000 138.4190000 219.2740000 131.0590000 140.0400000 218.8880000
 131.6920000 140.4790000 218.2990000 130.0720000 139.2850000 217.9890000
 129.6080000 139.9740000 217.4880000 130.7470000 138.3640000 216.9640000
 130.0700000 137.9810000 216.3850000 131.2250000 137.6430000 217.4020000
 131.3500000 138.8800000 216.4070000 129.0410000 138.4680000 218.7910000
 129.4060000 138.1400000 219.6280000 128.7430000 137.7020000 218.2760000
 128.2770000 139.0320000 218.9890000 130.3180000 141.1770000 219.6030000
 130.4410000 142.3160000 219.1760000 129.5630000 140.8960000 220.6750000
 129.6120000 140.0960000 220.9870000 128.8700000 141.9160000 221.4920000
 128.2240000 141.4530000 222.0480000 129.8400000 142.5990000 222.4600000
 130.4890000 143.1230000 221.9650000 129.3410000 143.1800000 223.0550000
 130.5030000 141.6100000 223.2320000 131.0480000 141.2210000 222.7250000
 128.0040000 142.8930000 220.6830000 127.7820000 144.0300000 221.0820000
 127.4880000 142.3890000 219.5590000 127.6810000 141.5690000 219.3850000
 126.5280000 143.0270000 218.6670000 126.7760000 143.9590000 218.5620000
 126.6360000 142.3420000 217.2790000 126.0690000 142.8080000 216.6450000
 127.5520000 142.4700000 216.9870000 126.3350000 140.8240000 217.2020000
 126.6740000 140.3990000 218.0060000 124.8500000 140.4940000 217.1310000
 124.3170000 141.2570000 217.4030000 124.5940000 140.2450000 216.2290000
 124.6310000 139.7690000 217.7380000 127.0210000 140.1690000 215.9890000
 127.1900000 140.8220000 215.2920000 126.4800000 139.4580000 215.6110000
 127.8540000 139.7430000 216.2440000 125.1320000 142.9850000 219.3020000
 124.8000000 142.0160000 219.9640000 124.3540000 144.0530000 219.1330000
 124.6590000 144.7020000 218.6580000 122.9570000 144.2020000 219.5730000
 122.8330000 143.8390000 220.4640000 122.6670000 145.6980000 219.5760000
 121.7310000 145.8630000 219.7690000 123.2170000 146.1200000 220.2550000
 123.0520000 146.3990000 217.9460000 122.4030000 147.4070000 218.0100000
 121.9140000 143.5400000 218.6690000 120.7350000 143.8110000 218.8150000
 122.3600000 142.9190000 217.5870000 123.2090000 142.8040000 217.5160000
 121.5000000 142.3680000 216.5560000 120.8460000 143.0370000 216.3000000
 122.3870000 142.0100000 215.3670000 122.7840000 141.1390000 215.5250000
 123.0840000 142.6710000 215.2290000 121.3550000 141.8980000 213.9000000
 121.8040000 142.8240000 213.2830000 120.7730000 141.1070000 217.0320000
 121.3170000 140.3400000 217.8340000 119.6390000 140.7870000 216.4020000
 119.2800000 141.3530000 215.8630000 119.0270000 139.4610000 216.5110000
 119.5270000 138.9580000 217.1730000 117.5650000 139.5450000 216.9860000
 117.4300000 140.3430000 217.5210000 116.9940000 139.6150000 216.2050000
 117.1630000 138.2940000 217.7930000 117.9740000 137.3400000 217.8220000
 115.9410000 138.1630000 218.0330000 119.1160000 138.6750000 215.2020000
 118.9930000 139.2450000 214.1180000 119.1260000 137.3440000 215.2890000
 119.0080000 137.0100000 216.0730000 119.0320000 136.4890000 214.0950000
 119.7280000 136.7720000 213.4810000 119.2820000 135.0100000 214.4340000
 120.1000000 134.9570000 214.9520000 118.1490000 134.3820000 215.2550000
 118.4320000 133.5150000 215.5840000 117.9280000 134.9470000 216.0120000
 117.3580000 134.2610000 214.7060000 119.4860000 134.1840000 213.1580000
 120.2180000 134.5550000 212.6410000 119.6930000 133.2640000 213.3850000
 118.6860000 134.1920000 212.6090000 117.7060000 136.6780000 213.3570000
 117.6890000 136.6410000 212.1260000 116.6110000 136.9930000 214.0660000
 116.6630000 137.0460000 214.9230000 115.3350000 137.2610000 213.3980000
 115.3250000 136.6760000 212.6240000 114.1510000 136.8770000 214.2960000
 114.2950000 135.9830000 214.6430000 114.1070000 137.4840000 215.0520000
 112.8170000 136.8950000 213.5250000 112.1120000 136.6230000 214.1340000
 112.6210000 137.7950000 213.2200000 112.8620000 135.9510000 212.3010000
 113.5110000 136.2970000 211.6690000 113.1490000 135.0680000 212.5810000
 111.5970000 135.8620000 211.5580000 111.6510000 136.1020000 210.7340000
 110.5080000 135.2310000 211.9400000 110.3980000 134.7080000 213.1310000
 109.6820000 134.3080000 213.3900000 111.0500000 134.8450000 213.6750000
 109.5130000 135.0920000 211.1120000 109.6190000 135.3800000 210.3090000
 108.8580000 134.5690000 211.3050000 115.2190000 138.6760000 212.8180000
 114.7460000 138.7760000 211.6890000 115.9430000 139.6500000 213.3840000
 116.2890000 139.5010000 214.1570000 116.1910000 140.9500000 212.7410000
 115.3350000 141.3590000 212.5360000 116.8600000 141.9230000 213.7190000
 117.0780000 142.7360000 213.2360000 117.6820000 141.5440000 214.0670000
 115.9300000 142.2950000 214.8850000 115.0870000 142.6150000 214.5280000
 115.7490000 141.5120000 215.4300000 116.5140000 143.3770000 215.7860000
 115.8460000 143.9410000 216.6430000 117.7970000 143.6310000 215.6550000
 118.2240000 143.1650000 215.0720000 118.2090000 143.7810000 216.3950000
 116.9870000 140.8070000 211.4280000 116.5620000 141.2990000 210.3830000
 118.0190000 139.9550000 211.4310000 118.2660000 139.6310000 212.1880000
 118.8070000 139.6190000 210.2390000 119.1040000 140.4410000 209.8190000
 120.0370000 138.7980000 210.6630000 119.7350000 138.0400000 211.1870000
 120.4690000 138.4450000 209.8700000 121.0680000 139.5790000 211.4900000
 120.5900000 139.9410000 212.2530000 122.1610000 138.6500000 212.0180000
 122.7270000 139.1540000 212.6240000 121.7590000 137.9130000 212.5040000
 122.6920000 138.3120000 211.2800000 121.7580000 140.7350000 210.7540000
 122.3360000 141.2170000 211.3650000 122.3150000 140.4110000 210.0290000
 121.0950000 141.3610000 210.4220000 117.9940000 138.8610000 209.1780000
 118.1210000 139.1310000 207.9850000 117.0940000 137.9650000 209.5820000
 117.0500000 137.7610000 210.4160000 116.2510000 137.2690000 208.6110000
 116.8160000 137.0490000 207.8540000 115.7730000 135.9290000 209.1900000
 115.1560000 136.0780000 209.9230000 116.5490000 135.4660000 209.5440000
 115.1400000 135.0210000 208.1190000 115.6600000 135.0880000 207.3030000
 115.1980000 134.1000000 208.4170000 113.6680000 135.3250000 207.8230000
 112.8610000 135.5830000 208.7140000 113.2560000 135.1730000 206.5820000
 112.4730000 135.4660000 206.3830000 113.8280000 135.0560000 205.9510000
 115.1300000 138.1660000 208.0500000 114.8570000 138.0720000 206.8560000
 114.5880000 139.1230000 208.8190000 114.8170000 139.1730000 209.6470000
 113.5880000 140.0790000 208.2940000 112.9960000 139.5720000 207.7170000
 112.6870000 140.6680000 209.3960000 112.3570000 139.9380000 209.9430000
 113.3560000 141.6830000 210.3160000 112.6930000 142.1390000 210.8570000
 113.8640000 142.3420000 209.8170000 113.9500000 141.1890000 210.9030000
 111.5730000 141.3280000 208.8420000 111.1020000 141.6360000 209.4660000
 114.1860000 141.1720000 207.4010000 113.5720000 141.4890000 206.3840000
 115.4350000 141.6160000 207.6290000 115.8370000 141.4030000 208.3590000
 116.1140000 142.4830000 206.6540000 115.4820000 143.1750000 206.4030000
 117.3190000 143.2260000 207.2760000 117.4970000 144.0160000 206.7420000
 117.0430000 143.5410000 208.1510000 118.6480000 142.4610000 207.4310000
 118.4520000 141.5840000 207.7950000 119.4330000 142.2900000 206.1200000
 119.0750000 142.8560000 205.4180000 120.3700000 142.5130000 206.2370000
 119.3880000 141.3630000 205.8380000 119.5430000 143.1740000 208.4470000
 119.7110000 144.0850000 208.1590000 120.3880000 142.7040000 208.5270000
 119.1080000 143.1780000 209.3140000 116.4230000 141.7150000 205.3600000
 116.0290000 142.1710000 204.2930000 116.8820000 140.4580000 205.4520000
 117.1080000 140.1610000 206.2270000 117.1280000 139.6090000 204.2720000
 117.7550000 140.0650000 203.6890000 117.7560000 138.2880000 204.7400000
 118.5650000 138.4810000 205.2390000 117.1350000 137.8390000 205.3350000
 118.1050000 137.3520000 203.5720000 117.3180000 137.2010000 203.0250000
 118.7980000 137.7570000 203.0270000 118.5740000 135.9930000 204.0990000
 117.8680000 135.6210000 204.6500000 119.3550000 136.1100000 204.6630000
 118.8670000 135.0060000 202.9570000 118.1830000 135.1050000 202.2760000
 118.8030000 134.1090000 203.3200000 120.2230000 135.1970000 202.3790000
 120.2330000 135.7780000 201.7050000 120.8200000 135.4310000 202.9960000
 120.5200000 134.4270000 202.0470000 115.8590000 139.3790000 203.4370000
 115.9330000 139.3980000 202.2140000 114.7160000 139.1990000 204.0960000
 114.7530000 139.1510000 204.9540000 113.3980000 139.0520000 203.4660000
 113.4380000 138.3520000 202.7960000 112.4260000 138.6100000 204.5700000
 112.3780000 139.3000000 205.2500000 112.7770000 137.8080000 204.9890000
 111.0190000 138.2980000 204.0630000 110.8850000 137.1480000 203.5870000
 110.0990000 138.9250000 204.6350000 112.9150000 140.3410000 202.7650000
 112.5650000 140.3120000 201.5840000 113.0800000 141.5040000 203.4100000
 113.3760000 141.4830000 204.2170000 112.7310000 142.8060000 202.8220000
 111.8290000 142.7460000 202.4690000 112.7630000 143.8740000 203.9370000
 113.6450000 144.2740000 203.9930000 112.5780000 143.4510000 204.7900000
 111.7330000 144.9770000 203.7310000 111.5050000 145.4820000 202.6500000
 111.0280000 145.3660000 204.7690000 111.1630000 145.0040000 205.5380000
 110.4300000 145.9640000 204.6130000 113.6540000 143.1850000 201.6450000
 113.2050000 143.7230000 200.6340000 114.9290000 142.7820000 201.7070000
 115.1900000 142.3810000 202.4220000 115.9250000 143.0620000 200.6730000
 115.7550000 143.9640000 200.3600000 117.3630000 143.0350000 201.2650000
 117.9890000 142.8330000 200.5520000 117.4350000 142.3060000 201.9010000
 117.8830000 144.3370000 201.9240000 118.8110000 144.1870000 202.1610000
 117.8660000 145.5340000 200.9690000 118.3580000 146.2690000 201.3660000
 116.9550000 145.8230000 200.8020000 118.2980000 145.2940000 200.1340000
 117.1530000 144.7370000 203.2070000 117.3280000 145.6630000 203.4380000
 116.1940000 144.6330000 203.1080000 117.4730000 144.1820000 203.9360000
 115.7660000 142.1920000 199.4060000 116.5900000 142.3440000 198.5110000
 114.6540000 141.4660000 199.2000000 114.0880000 141.4020000 199.8450000
 114.4400000 140.6450000 197.9930000 115.1710000 140.0090000 197.9650000
 113.1390000 139.8080000 198.1040000 113.2150000 139.0820000 197.4660000
 113.0990000 139.4090000 198.9870000 111.7990000 140.5270000 197.8330000
 111.8280000 140.9860000 196.9790000 111.6220000 141.1760000 198.5320000
 110.6280000 139.5650000 197.6780000 110.4910000 138.8810000 196.6780000
 109.6230000 139.6550000 198.5190000 109.7080000 140.1020000 199.2490000
 108.9450000 139.1560000 198.3460000 114.5290000 141.4420000 196.6720000
 115.3710000 141.1390000 195.8290000 113.7260000 142.5010000 196.5090000
 113.1820000 142.6930000 197.1470000 113.6270000 143.2590000 195.2570000
 113.8400000 142.6440000 194.5380000 112.1600000 143.6870000 194.9870000
 111.5980000 142.9150000 195.1550000 112.0670000 143.8860000 194.0420000
 111.6130000 144.8800000 195.7980000 111.8760000 144.7590000 196.7240000
 112.1220000 146.2420000 195.2990000 111.3990000 146.7760000 194.9340000
 112.7820000 146.1360000 194.5960000 112.5220000 146.7280000 196.0370000
 110.0870000 144.9180000 195.8290000 109.7450000 144.0960000 196.2150000
 109.8030000 145.6600000 196.3860000 109.7340000 145.0310000 194.9330000
 114.6780000 144.3840000 195.1460000 115.2370000 144.5260000 194.0580000
 115.1230000 145.0650000 196.2320000 114.6860000 145.0490000 197.6210000
 113.7490000 144.8350000 197.7520000 115.2310000 144.4070000 198.1020000
 114.9990000 146.4360000 198.1570000 115.0600000 146.4390000 199.1250000
 114.3320000 147.0700000 197.8490000 116.3460000 146.7080000 197.4900000
 116.5000000 147.6590000 197.3810000 117.0510000 146.3120000 198.0260000
 116.2470000 145.9910000 196.1340000 116.0600000 146.6420000 195.4400000
 117.5410000 145.2460000 195.7860000 118.3210000 145.7630000 194.9930000
 117.6970000 143.9880000 196.2350000 117.1140000 143.6560000 196.7740000
 118.7590000 143.1000000 195.7620000 119.6020000 143.5660000 195.8770000
 118.8000000 141.8090000 196.6130000 118.9650000 142.0460000 197.5390000
 117.9290000 141.3870000 196.5580000 119.8430000 140.7610000 196.1850000
 119.7560000 140.5920000 195.2340000 121.2750000 141.2020000 196.4880000
 121.4910000 141.0510000 197.4210000 121.8920000 140.7020000 195.9310000
 121.3820000 142.1480000 196.3020000 119.6210000 139.4380000 196.9240000
 118.7220000 139.1140000 196.7560000 120.2600000 138.7800000 196.6070000
 119.7360000 139.5660000 197.8790000 118.6150000 142.8140000 194.2610000
 119.5460000 143.1130000 193.5260000 117.4560000 142.3550000 193.7720000
 116.8060000 142.1940000 194.3120000 117.3010000 142.0040000 192.3450000
 117.9000000 141.2680000 192.1470000 115.8640000 141.5480000 192.0470000
 115.2520000 142.2300000 192.3660000 115.7490000 141.4660000 191.0870000
 115.5250000 140.1870000 192.6800000 115.8920000 140.1390000 193.5770000
 115.9460000 139.4830000 192.1620000 114.0220000 139.9110000 192.7720000
 113.1640000 140.7060000 192.4310000 113.6280000 138.7900000 193.3370000
 114.2020000 138.2430000 193.6710000 112.7760000 138.7040000 193.4170000
 117.6870000 143.1450000 191.3850000 118.3990000 142.8980000 190.4130000
 117.3380000 144.3930000 191.7140000 116.8170000 144.5030000 192.3890000
 117.6750000 145.5520000 190.8820000 117.6570000 145.2770000 189.9520000
 116.5950000 146.6280000 191.0660000 116.6380000 146.9540000 191.9780000
 116.7920000 147.3730000 190.4770000 115.1820000 146.1430000 190.7720000
 114.8650000 145.5730000 189.5240000 115.5140000 145.5090000 188.8610000
 113.5750000 145.0680000 189.2830000 113.3720000 144.6720000 188.4660000
 112.5880000 145.1500000 190.2810000 111.7370000 144.8110000 190.1220000
 112.8920000 145.7390000 191.5190000 112.2380000 145.7920000 192.1780000
 114.1890000 146.2220000 191.7650000 114.4020000 146.5670000 192.6020000
 119.0880000 146.1100000 191.1260000 119.8250000 146.3410000 190.1710000
 119.4850000 146.3550000 192.3800000 118.9610000 146.1470000 193.0290000
 120.7190000 147.0980000 192.6960000 120.9150000 147.7010000 191.9620000
 120.4810000 147.9590000 193.9490000 120.2820000 147.3630000 194.6880000
 121.2990000 148.4350000 194.1620000 119.3320000 148.9810000 193.8420000
 118.5020000 148.5220000 193.6400000 119.1650000 149.6910000 195.1860000
 118.9560000 149.0380000 195.8720000 118.4380000 150.3310000 195.1320000
 119.9830000 150.1600000 195.4140000 119.5910000 150.0380000 192.7680000
 118.8940000 150.7120000 192.7800000 120.4440000 150.4700000 192.9280000
 119.5960000 149.6210000 191.8920000 121.9700000 146.2080000 192.8370000
 123.0880000 146.6870000 192.6490000 121.8040000 144.8900000 193.0080000
 121.0010000 144.5960000 193.1030000 122.9070000 143.9060000 193.0740000
 123.4920000 144.1370000 193.8130000 122.3190000 142.5190000 193.3460000
 121.7750000 142.5800000 194.1470000 121.7550000 142.2690000 192.5970000
 123.2900000 141.5120000 193.5530000 122.8760000 140.7950000 193.6940000
 123.7620000 143.8320000 191.8020000 124.9240000 143.4310000 191.8720000
 123.2440000 144.3230000 190.6610000 122.4530000 144.6590000 190.6960000
 123.9660000 144.3580000 189.3750000 124.1340000 143.4510000 189.0750000
 123.1560000 145.1160000 188.3120000 123.7210000 145.1960000 187.5270000
 122.9630000 146.0180000 188.6140000 121.8420000 144.4090000 187.9410000
 121.9420000 143.4490000 188.0390000 121.1440000 144.7030000 188.5470000
 121.4260000 144.7230000 186.4980000 121.3520000 145.6850000 186.3990000
 120.5600000 144.3210000 186.3290000 122.4200000 144.1900000 185.5390000
 123.0640000 143.7360000 185.8830000 122.6250000 144.6120000 184.3030000
 121.7760000 145.3890000 183.6910000 121.1730000 145.7570000 184.1810000
 122.0400000 145.8300000 183.0020000 123.6850000 144.2090000 183.6550000
 124.3070000 143.8110000 184.0960000 123.9340000 144.6250000 182.9440000
 125.3350000 145.0210000 189.4700000 126.2710000 144.5850000 188.8070000
 125.4500000 146.0360000 190.3240000 124.7550000 146.2660000 190.7750000
 126.6780000 146.7820000 190.5210000 127.3940000 146.3330000 190.0450000
 126.5200000 148.1120000 189.7530000 125.6800000 148.1210000 189.2680000
 127.2150000 148.1480000 189.0770000 126.6260000 149.6160000 190.7380000
 126.4300000 149.0940000 191.8010000 127.0600000 146.7420000 192.0270000
 126.4970000 147.4760000 192.8520000 127.9010000 145.7610000 192.4430000
 128.5190000 144.7290000 191.6140000 129.3330000 145.0820000 191.2230000
 127.9220000 144.4070000 190.9200000 128.8560000 143.5640000 192.5390000
 128.0960000 142.9650000 192.6070000 129.6410000 143.0850000 192.2310000
 129.0970000 144.2550000 193.8760000 130.0100000 144.5800000 193.9090000
 128.9250000 143.6560000 194.6190000 128.1200000 145.4360000 193.8550000
 127.2790000 145.1440000 194.2390000 128.6560000 146.5990000 194.6920000
 128.2780000 146.7070000 195.8510000 129.4040000 147.5400000 194.0970000
 129.6070000 147.4280000 193.2690000 129.8960000 148.7560000 194.7820000
 130.4020000 148.4920000 195.5670000 130.8470000 149.5380000 193.8590000
 131.3830000 148.9120000 193.3470000 130.3170000 150.0840000 193.2580000
 131.7130000 150.3870000 194.5850000 132.1040000 150.9030000 194.0500000
 128.7820000 149.6510000 195.3360000 128.8980000 150.1960000 196.4360000
 127.6130000 149.6120000 194.6960000 127.5390000 149.1100000 194.0020000
 126.4290000 150.3420000 195.1260000 126.7190000 151.1850000 195.5090000
 125.6230000 150.6760000 193.8620000 126.2140000 150.6310000 193.0940000
 125.3590000 151.6060000 193.9370000 124.1120000 149.6970000 193.5450000
 124.6050000 148.6560000 193.2090000 125.6500000 149.6100000 196.2270000
 125.4930000 150.1340000 197.3350000 125.3490000 148.3290000 195.9950000
 125.5050000 148.0190000 195.2080000 124.5450000 147.5250000 196.9110000
 123.7650000 148.0450000 197.1590000 124.0640000 146.2670000 196.1830000
 123.7080000 146.5240000 195.3180000 124.8130000 145.6710000 196.0270000
 122.9700000 145.5500000 196.9450000 121.6890000 146.1250000 197.0020000
 121.5290000 146.9320000 196.5690000 120.6610000 145.5030000 197.7260000
 119.8120000 145.8820000 197.7430000 120.9230000 144.3140000 198.4280000
 120.2430000 143.8980000 198.9070000 122.2120000 143.7530000 198.4010000
 122.3880000 142.9700000 198.8700000 123.2330000 144.3600000 197.6470000
 124.0820000 143.9820000 197.6250000 125.2940000 147.1910000 198.2080000
 124.6970000 147.1960000 199.2810000 126.6270000 147.1680000 198.1380000
 126.9860000 147.1890000 197.3570000 127.5330000 147.1510000 199.2790000
 127.3850000 146.3370000 199.7850000 128.9640000 147.1270000 198.7340000
 129.0600000 147.8370000 198.0800000 129.1110000 146.2830000 198.2800000
 130.0380000 147.3000000 199.7770000 130.3860000 146.2210000 200.6070000
 129.9640000 145.3990000 200.5000000 131.3760000 146.3910000 201.5920000
 131.6220000 145.6810000 202.1400000 132.0080000 147.6390000 201.7450000
 133.0110000 147.7840000 202.6510000 133.3200000 148.5640000 202.6070000
 131.6480000 148.7270000 200.9200000 132.0320000 149.5650000 201.0390000
 130.6690000 148.5480000 199.9270000 130.4290000 149.2570000 199.3750000
 127.3210000 148.3320000 200.2400000 127.0410000 148.0950000 201.4130000
 127.3320000 149.5860000 199.7630000 127.4560000 149.7100000 198.9210000
 127.1170000 150.7480000 200.6410000 127.6740000 150.6370000 201.4270000
 127.5260000 152.0640000 199.9520000 127.3830000 152.7960000 200.5720000
 126.9480000 152.2020000 199.1850000 128.9730000 152.1250000 199.4900000
 129.8930000 151.6540000 200.1370000 129.2300000 152.8080000 198.3980000
 128.5700000 153.1330000 197.9530000 129.9470000 152.6150000 197.9650000
 125.6640000 150.8450000 201.1400000 125.4520000 151.2150000 202.2950000
 124.6750000 150.4460000 200.3260000 124.8730000 150.2030000 199.5250000
 123.2780000 150.3530000 200.7730000 123.0190000 151.2150000 201.1360000
 122.3580000 150.0470000 199.5730000 122.6150000 149.2070000 199.1610000
 122.4910000 150.7490000 198.9170000 120.8620000 149.9960000 199.9670000
 120.7100000 150.5660000 200.7370000 119.9870000 150.5190000 198.8280000
 119.0550000 150.4980000 199.0940000 120.2260000 151.4370000 198.6270000
 120.1120000 149.9730000 198.0360000 120.3650000 148.5790000 200.2840000
 119.4230000 148.6110000 200.5150000 120.4930000 147.9970000 199.5190000
 120.8410000 148.2100000 201.0440000 123.1090000 149.3250000 201.9030000
 122.4070000 149.5850000 202.8800000 123.7820000 148.1760000 201.8110000
 124.2200000 148.0010000 201.0920000 123.7100000 147.1610000 202.8570000
 122.7780000 147.1080000 203.1220000 124.1440000 145.8020000 202.2930000
 123.7140000 145.6630000 201.4350000 125.1040000 145.8070000 202.1530000
 123.7750000 144.6350000 203.2290000 124.2700000 144.7160000 204.0590000
 122.2760000 144.5980000 203.5570000 122.0360000 143.7390000 203.9390000
 121.7580000 144.7550000 202.7520000 122.0730000 145.2820000 204.2140000
 124.1580000 143.3230000 202.5460000 123.7330000 143.2540000 201.6770000
 125.1220000 143.2890000 202.4450000 123.8900000 142.5750000 203.1020000
 124.5080000 147.5410000 204.1090000 124.0020000 147.3570000 205.2170000
 125.6470000 148.2240000 203.9270000 125.9380000 148.3040000 203.1220000
 126.4210000 148.8500000 205.0030000 126.7330000 148.1470000 205.5940000
 127.6520000 149.5520000 204.3710000 127.4000000 150.4330000 204.0520000
 127.9640000 149.0380000 203.6100000 128.8650000 149.6870000 205.2800000
 129.0720000 148.9490000 206.2290000 129.8640000 150.4220000 204.8420000
 129.8080000 150.8530000 204.1000000 130.5970000 150.3590000 205.2870000
 125.5230000 149.7990000 205.8370000 125.3620000 149.5600000 207.0340000
 124.6870000 150.6010000 205.1380000 124.7950000 150.6420000 204.2860000
 123.6890000 151.5070000 205.7370000 124.1600000 152.0900000 206.3530000
 123.0820000 152.4100000 204.6300000 123.8310000 152.8290000 204.1780000
 122.6210000 151.8650000 203.9730000 122.1180000 153.5340000 205.0920000
 122.5070000 153.9780000 205.8620000 121.8960000 154.5840000 203.9840000
 120.9680000 154.6430000 203.7080000 122.4150000 154.3670000 203.1940000
 122.1580000 155.4530000 204.3280000 120.7090000 153.0630000 205.4590000
 120.1500000 153.8290000 205.6610000 120.7250000 152.5100000 206.2560000
 120.3330000 152.5720000 204.7110000 122.6220000 150.7660000 206.5600000
 122.3880000 151.1140000 207.7160000 121.9310000 149.7610000 206.0090000
 122.0920000 149.5370000 205.1940000 120.8490000 149.1020000 206.7630000
 120.3040000 149.7810000 207.1900000 119.9580000 148.2710000 205.8340000
 119.3990000 147.7020000 206.3860000 120.5240000 147.6910000 205.3020000
 119.0230000 149.0330000 204.9090000 118.6540000 150.3750000 205.1370000
 118.9990000 150.8560000 205.8540000 117.7560000 151.0180000 204.2720000
 117.5500000 151.9160000 204.3970000 117.1580000 150.3030000 203.2250000
 116.5290000 150.7220000 202.6830000 117.4990000 148.9610000 203.0030000
 117.0990000 148.4870000 202.3100000 118.4510000 148.3400000 203.8300000
 118.7030000 147.4580000 203.6760000 121.3550000 148.2420000 207.9220000
 120.7310000 148.2310000 208.9900000 122.4960000 147.5690000 207.7510000
 122.9160000 147.6370000 207.0030000 123.0860000 146.7620000 208.8140000
 122.4090000 146.1480000 209.1370000 124.2380000 145.9340000 208.2240000
 124.0760000 145.7630000 207.2830000 124.2440000 145.0740000 208.6730000
 125.8780000 146.7160000 208.4440000 125.6570000 147.7680000 207.9100000
 123.5170000 147.6320000 210.0020000 123.2210000 147.2990000 211.1530000
 124.1020000 148.8060000 209.7260000 124.2320000 149.0320000 208.9070000
 124.6090000 149.6800000 210.7730000 125.0280000 149.1070000 211.4340000
 125.7130000 150.6250000 210.2490000 126.1670000 151.0130000 211.0140000
 126.3580000 150.0890000 209.7620000 125.2300000 151.7720000 209.3470000
 124.7050000 152.3940000 209.8740000 124.6500000 151.3850000 208.6730000
 126.3640000 152.5320000 208.6330000 127.5130000 152.4750000 209.1330000
 126.0260000 153.3590000 207.7580000 126.8097538 153.7683787 207.3841843
 123.4440000 150.3900000 211.4660000 123.2380000 150.1510000 212.6570000
 122.5140000 150.9580000 210.6890000 122.6650000 151.0050000 209.8440000
 121.2910000 151.5890000 211.1900000 121.5360000 152.3900000 211.6790000
 120.4520000 152.0080000 209.9630000 120.9580000 152.7060000 209.5190000
 120.3840000 151.2630000 209.3460000 119.0270000 152.5210000 210.2610000
 119.0320000 152.9790000 211.1160000 118.5190000 153.4980000 209.1920000
 117.9240000 153.0710000 208.5560000 119.2600000 153.8670000 208.6860000
 118.0400000 154.2190000 209.6310000 117.9940000 151.3880000 210.2830000
 118.1810000 150.7460000 210.9860000 117.9960000 150.9260000 209.4300000
 117.1120000 151.7580000 210.4450000 120.5240000 150.6730000 212.1580000
 120.1280000 151.1060000 213.2410000 120.4250000 149.3840000 211.8120000
 120.7830000 149.1410000 211.0690000 119.6370000 148.4060000 212.5750000
 118.8380000 148.8420000 212.9110000 119.1970000 147.2450000 211.6730000
 119.9830000 146.7850000 211.3390000 118.2990000 146.2300000 212.3830000
 117.9650000 145.5860000 211.7390000 118.8000000 145.7540000 213.0630000
 117.5530000 146.6860000 212.8030000 118.4760000 147.7510000 210.5760000
 119.0430000 147.9510000 209.9890000 120.3800000 147.8540000 213.7830000
 119.7650000 147.6500000 214.8260000 121.6690000 147.5260000 213.6470000
 122.0500000 147.6420000 212.8850000 122.3520000 146.6970000 214.6430000
 122.0000000 146.9490000 215.5110000 121.9620000 145.2400000 214.4040000
 122.2970000 144.7190000 215.1510000 120.9970000 145.1480000 214.3840000
 122.6980000 144.6680000 212.8420000 122.8800000 145.7560000 212.3710000
 123.8800000 146.8970000 214.7310000 124.6090000 146.0400000 215.2460000
 124.3680000 148.0890000 214.3690000 123.8370000 148.6460000 213.9850000
 125.7590000 148.4950000 214.6260000 126.3320000 147.9040000 214.1130000
 125.9920000 149.9460000 214.1740000 125.7370000 150.5500000 214.8890000
 125.4390000 150.1400000 213.4010000 127.3280000 150.2140000 213.7880000
 127.3430000 151.0230000 213.5610000 126.1080000 148.3670000 216.1200000
 125.3060000 148.7770000 216.9670000 127.3520000 148.0200000 216.4990000
 128.4770000 147.7250000 215.6230000 128.3620000 146.8480000 215.2250000
 128.5760000 148.3920000 214.9260000 129.7100000 147.7480000 216.5200000
 130.0430000 148.6560000 216.5920000 130.4020000 147.1520000 216.1920000
 129.1510000 147.2950000 217.8680000 129.7120000 147.5810000 218.6060000
 129.0620000 146.3290000 217.8700000 127.7600000 147.9350000 217.9080000
 127.1520000 147.3500000 218.3870000 127.7750000 149.3010000 218.6290000
 127.9740000 149.3600000 219.8440000 127.6230000 150.4070000 217.8830000
 127.4960000 150.2810000 217.0420000 127.5680000 151.7910000 218.3850000
 127.5950000 151.7530000 219.3540000 128.8040000 152.5820000 217.9230000
 128.7680000 153.4670000 218.3190000 129.5860000 152.1270000 218.2730000
 128.9460000 152.7250000 216.3900000 128.1270000 153.0940000 216.0230000
 129.0680000 151.8430000 216.0050000 130.1120000 153.6250000 215.9230000
 130.5200000 153.2170000 215.1430000 129.7480000 154.4830000 215.6550000
 131.1360000 153.8410000 216.9680000 130.9670000 153.4860000 217.7330000
 132.1890000 154.6320000 216.8960000 132.5270000 155.2640000 215.8100000
 133.1530000 155.8530000 215.8110000 132.0020000 155.2320000 215.1290000
 132.9350000 154.7950000 217.9550000 132.6860000 154.4590000 218.7070000
 133.5880000 155.3530000 217.9180000 126.2500000 152.5150000 218.0990000
 126.2460000 153.7370000 218.0290000 125.1430000 151.7810000 218.0080000
 125.2160000 150.9250000 218.0520000 123.8440000 152.3170000 217.5960000
 123.9110000 152.5990000 216.6700000 122.8520000 151.1610000 217.6480000
 123.2170000 150.3850000 217.1950000 122.7390000 150.9370000 218.5850000
 121.4900000 151.4610000 217.0140000 121.1880000 152.3520000 217.2490000
 121.5500000 151.3920000 216.0480000 120.4710000 150.4810000 217.5640000
 120.3620000 150.3410000 218.7720000 119.7620000 149.7550000 216.7430000
 119.8160000 149.8240000 215.8870000 119.1830000 149.2150000 217.0790000
 123.3460000 153.5520000 218.3860000 122.9680000 154.5300000 217.7560000
 123.5980000 153.6380000 219.7130000 123.8740000 152.9480000 220.1450000
 123.2550000 154.8610000 220.4870000 122.3040000 155.0290000 220.4000000
 123.5860000 154.6800000 221.9810000 123.7480000 155.5480000 222.3820000
 124.4030000 154.1640000 222.0680000 122.5290000 154.0370000 222.6870000
 122.7440000 153.2280000 222.7520000 123.9740000 156.1470000 220.0350000
 123.6610000 157.2150000 220.5530000 125.0810000 156.0440000 219.2900000
 125.2700000 155.2870000 218.9270000 125.8780000 157.2150000 218.9190000
 125.9530000 157.7870000 219.6990000 127.2940000 156.7460000 218.5330000
 127.5820000 156.0390000 219.1310000 127.2520000 156.3660000 217.6410000
 128.3400000 157.8790000 218.5290000 127.9170000 158.7190000 218.2930000
 128.9950000 157.6900000 217.8390000 129.1090000 158.0740000 219.8380000
 129.1170000 157.2560000 220.7560000 129.9630000 159.0730000 219.8830000
 130.0510000 159.5910000 219.2020000 130.3640000 159.2300000 220.6270000
 125.2100000 158.0500000 217.8040000 125.3230000 159.2740000 217.8290000
 124.4340000 157.3930000 216.9260000 124.3470000 156.5440000 217.0310000
 123.8680000 157.9470000 215.6830000 124.0800000 158.8920000 215.6390000
 124.5420000 157.2630000 214.4780000 125.4870000 157.4830000 214.4990000
 124.1920000 157.6490000 213.6600000 124.3920000 155.7470000 214.3980000
 123.1380000 155.1430000 214.1600000 122.3690000 155.6550000 214.0520000
 123.0220000 153.7540000 214.0180000 122.1920000 153.3700000 213.8480000
 124.1690000 152.9570000 214.0950000 124.0840000 152.0360000 213.9950000
 125.4250000 153.5370000 214.3340000 126.1860000 153.0030000 214.3580000
 125.5340000 154.9300000 214.4960000 126.3680000 155.3180000 214.6350000
 122.3330000 157.8530000 215.5890000 121.7630000 157.9870000 214.5030000
 121.6500000 157.5460000 216.6930000 122.0820000 157.4450000 217.4290000
 120.2090000 157.2980000 216.7280000 119.7840000 157.7660000 215.9920000
 119.9780000 155.7910000 216.5270000 120.2700000 155.5820000 215.6260000
 120.5460000 155.2940000 217.1360000 118.5300000 155.3000000 216.7090000
 117.8980000 156.0070000 216.5060000 118.3110000 154.1460000 215.7330000
 118.3480000 154.4790000 214.8230000 118.9930000 153.4660000 215.8500000
 117.4290000 153.7610000 215.8570000 118.2750000 154.7860000 218.1290000
 117.3550000 154.4940000 218.2210000 118.4350000 155.4860000 218.7810000
 118.8790000 154.0510000 218.3180000 119.5980000 157.8290000 218.0240000
 120.1460000 157.6100000 219.1030000 118.3630000 158.3240000 217.9260000
 118.0110000 158.4040000 217.1450000 117.5460000 158.6760000 219.0840000
 117.8360000 158.1580000 219.8510000 117.7700000 160.1550000 219.3970000
 118.7220000 160.2790000 219.5320000 117.4880000 160.7040000 218.6490000
 117.0890000 160.6390000 220.6580000 116.6560000 159.8820000 221.5070000
 117.2110000 161.9210000 220.9200000 117.5760000 162.4380000 220.3370000
 116.8250000 162.1900000 221.6400000 116.0750000 158.3650000 218.8280000
 115.5010000 158.8250000 217.8400000 115.4850000 157.5470000 219.6980000
 115.9190000 157.3160000 220.4030000 114.0670000 157.2010000 219.6130000
 113.8910000 157.0080000 218.6790000 113.7700000 155.9060000 220.3810000
 114.4110000 155.2350000 220.0990000 113.8520000 156.0290000 221.9060000
 114.7440000 156.3030000 222.1710000 113.6500000 155.1720000 222.3140000
 113.2100000 156.6820000 222.2270000 112.3910000 155.4010000 219.9880000
 111.7000000 155.9690000 220.3630000 112.3040000 155.4000000 219.0220000
 112.2870000 154.4920000 220.3110000 113.1490000 158.3780000 219.9610000
 113.4700000 159.2000000 220.8170000 112.0290000 158.4940000 219.2420000
 111.8630000 157.8990000 218.6430000 111.0860000 159.6150000 219.3680000
 111.4120000 160.2390000 220.0350000 110.9380000 160.3750000 218.0400000
 110.5170000 159.7950000 217.3860000 110.0780000 161.6300000 218.2060000
 110.0310000 162.1050000 217.3620000 110.4580000 162.2060000 218.8880000
 109.1760000 161.3850000 218.4670000 112.1940000 160.7650000 217.5330000
 112.0750000 161.1740000 216.8090000 109.7060000 159.1640000 219.8310000
 109.1710000 159.7250000 220.7850000 109.0870000 158.2300000 219.1020000
 109.5290000 157.8300000 218.4820000 107.7530000 157.7260000 219.4010000
 107.3840000 158.2140000 220.1530000 106.8110000 157.9460000 218.2090000
 105.8940000 157.8160000 218.4980000 106.9150000 158.8450000 217.8600000
 107.0010000 157.3000000 217.5110000 107.8510000 156.2540000 219.7920000
 108.2080000 155.4070000 218.9670000 107.4790000 155.9620000 221.0340000
 107.2140000 156.5880000 221.5610000 107.3610000 154.6040000 221.5520000
 107.2550000 154.0120000 220.7910000 108.6110000 154.1570000 222.3430000
 108.4500000 153.2420000 222.6220000 109.9250000 154.1030000 221.5810000
 110.5960000 154.6520000 222.0170000 110.2420000 153.1870000 221.5950000
 109.8140000 154.3890000 220.6610000 108.8660000 154.9240000 223.4950000
 109.5340000 154.5620000 223.8530000 106.0920000 154.4490000 222.3890000
 105.5690000 155.4210000 222.9410000 105.5540000 153.2280000 222.4330000
 105.9410000 152.6020000 221.9890000 104.3350000 152.8990000 223.1800000
 104.2720000 153.5090000 223.9320000 103.0790000 153.1080000 222.3080000
 102.3200000 152.9920000 222.9010000 103.0430000 154.0280000 222.0040000
 102.8520000 152.1450000 221.1160000 103.0540000 151.2330000 221.3790000
 101.9020000 152.1630000 220.9220000 103.5820000 152.4730000 219.7970000
 103.9310000 153.6670000 219.6090000 103.3510000 151.6940000 218.8430000
 104.3610000 151.4780000 223.7600000 104.8550000 150.5530000 223.1200000
 103.7090000 151.2590000 224.9050000 103.4690000 151.9250000 225.3940000
 103.4570000 149.9230000 225.4600000 104.3080000 149.5630000 225.7550000
 102.5490000 150.0290000 226.6970000 101.7310000 150.4830000 226.4390000
 102.2970000 149.1350000 226.9750000 103.1860000 150.7650000 227.8890000
 103.2740000 152.0360000 227.7480000 103.3460000 150.1290000 228.9330000
 102.8260000 148.9330000 224.4490000 101.6810000 149.0740000 224.0120000
 103.4890000 147.7830000 224.3200000 104.2690000 147.7440000 224.6800000
 103.0620000 146.5930000 223.5970000 102.3010000 146.8130000 223.0370000
 104.1790000 146.0620000 222.6910000 104.3800000 146.7390000 222.0260000
 104.9860000 145.9120000 223.2080000 103.8600000 144.7380000 222.0310000
 102.9330000 144.6740000 220.9770000 102.5130000 145.4500000 220.6830000
 102.6120000 143.4260000 220.4060000 101.9810000 143.3610000 219.7260000
 103.2370000 142.2540000 220.8660000 102.8520000 141.0540000 220.3550000
 103.3860000 140.4590000 220.6130000 104.1640000 142.3170000 221.9230000
 104.5750000 141.5460000 222.2410000 104.4530000 143.5570000 222.5190000
 105.0330000 143.5910000 223.2450000 102.6510000 145.5410000 224.6100000
 103.4830000 144.9210000 225.2750000 101.3430000 145.4170000 224.7820000
 100.8370000 145.9580000 224.3440000 100.7150000 144.3440000 225.5470000
 101.0770000 144.3570000 226.4470000  99.1920000 144.5850000 225.6380000
  98.7960000 143.8470000 226.1270000  98.9060000 145.8750000 226.4230000
  97.9490000 146.0010000 226.5160000  99.2760000 146.6450000 225.9640000
  99.3010000 145.8170000 227.3070000  98.4750000 144.7020000 224.2800000
  98.5280000 143.8630000 223.7950000  97.5360000 144.9060000 224.4140000
  98.8730000 145.4010000 223.7380000 101.0570000 142.9830000 224.9180000
 100.7070000 142.6960000 223.7730000 101.7010000 142.1010000 225.6840000
 102.0590000 142.3790000 226.4150000 102.0110000 140.7470000 225.2120000
 102.3280000 140.8040000 224.2970000 103.1340000 140.1310000 226.0850000
 103.0470000 139.1680000 226.0120000 102.9500000 140.3530000 227.0110000
 104.6120000 140.4890000 225.7680000 104.9290000 141.0270000 224.6920000
 105.5080000 139.8780000 226.4100000 100.7280000 139.8660000 225.2760000
 100.3700000 139.4580000 226.3830000 100.1830000 139.3110000 224.1640000
 100.5860000 139.5570000 222.7880000 100.2850000 140.4380000 222.5160000
 101.5470000 139.4770000 222.6820000  99.8830000 138.4940000 221.9420000
 100.4260000 137.6910000 221.9060000  99.6900000 138.8170000 221.0480000
  98.6060000 138.2120000 222.7280000  97.9450000 138.8930000 222.5260000
  98.2470000 137.3350000 222.5220000  99.0590000 138.3490000 224.1900000
  98.3250000 138.7170000 224.7060000  99.4160000 136.9810000 224.8140000
  98.6020000 136.0610000 224.8130000 100.6550000 136.8270000 225.2950000
 101.1600000 137.5210000 225.2470000 101.2080000 135.6160000 225.9220000
 100.5820000 134.8880000 225.7860000 102.5330000 135.2030000 225.2340000
 102.7570000 134.3070000 225.5310000 102.4120000 135.1740000 223.7020000
 103.2410000 134.8520000 223.3140000 101.6910000 134.5790000 223.4430000
 102.2370000 136.0620000 223.3520000 103.7250000 136.1100000 225.5720000
 104.5080000 135.8250000 225.0750000 103.9330000 136.0490000 226.5170000
 103.5300000 137.0270000 225.3240000 101.3880000 135.7450000 227.4440000
 101.4710000 134.7320000 228.1300000 101.4840000 136.9720000 227.9820000
 101.4320000 137.6460000 227.4510000 101.7920000 137.2220000 229.4130000
 101.4050000 136.5060000 229.9400000 103.3220000 137.1400000 229.6340000
 103.6320000 136.2690000 229.3410000 104.1130000 138.1990000 228.8740000
 104.0890000 138.0120000 227.9230000 105.0420000 138.2000000 229.1540000
 103.7270000 139.0740000 229.0370000 103.6840000 137.2910000 230.9820000
 104.4990000 137.0990000 231.0490000 101.1760000 138.5220000 229.9780000
 101.0760000 138.6900000 231.1900000 100.5530000 139.3510000 229.1290000
 100.5060000 139.1240000 228.3010000 100.0100000 140.6880000 229.4280000
  99.6660000 141.0280000 228.5870000  98.8040000 140.6210000 230.3900000
  99.1300000 140.5250000 231.2990000  98.3150000 141.4570000 230.3450000
  97.8410000 139.4900000 230.0920000  96.9590000 139.5830000 229.2590000
  97.9880000 138.3740000 230.7670000  97.4860000 137.7190000 230.5270000
  98.6810000 138.2930000 231.2700000 101.0660000 141.7210000 229.8800000
 100.7030000 142.7770000 230.3950000 102.3640000 141.4210000 229.7330000
 102.5650000 140.7400000 229.2480000 103.4320000 142.3630000 230.0880000
 103.1540000 142.8240000 230.8950000 104.7600000 141.6460000 230.4280000
 104.5630000 140.8030000 230.8660000 105.2480000 142.2030000 231.0540000
 105.6790000 141.3840000 229.2260000 105.1850000 140.8300000 228.6020000
 105.9010000 142.2150000 228.7780000 106.9960000 140.6870000 229.5570000
 107.3990000 140.4900000 230.6910000 107.7010000 140.2230000 228.5490000
 107.2880000 140.1540000 227.7980000 108.4190000 139.8030000 228.7650000
 103.5700000 143.4180000 228.9870000 103.4020000 143.0990000 227.8100000
 103.8870000 144.6510000 229.3820000 103.9890000 144.8260000 230.2180000
 104.0670000 145.7720000 228.4580000 103.5580000 145.5900000 227.6520000
 103.4510000 147.0660000 229.0280000 103.4040000 147.7010000 228.2960000
 102.0400000 146.8400000 229.5900000 101.6060000 147.6980000 229.7220000
 102.0910000 146.3820000 230.4440000 101.5140000 146.3090000 228.9720000
 104.1830000 147.6550000 230.0700000 104.0860000 148.4800000 229.9450000
 105.5460000 145.9040000 228.0560000 106.4370000 145.9370000 228.9040000
 105.8420000 145.7870000 226.7550000 105.1920000 145.6320000 226.2140000
 107.1560000 146.1090000 226.1590000 107.8280000 146.2340000 226.8480000
 107.5940000 145.0010000 225.1980000 106.8990000 144.8350000 224.5420000
 108.3840000 145.3020000 224.7230000 107.8990000 143.6990000 225.9370000
 108.3340000 143.8900000 226.7830000 107.0690000 143.2250000 226.1030000
 108.8440000 142.8620000 225.0730000 108.5350000 142.8480000 224.1540000
 109.7230000 143.2720000 225.0880000 108.9330000 141.4320000 225.5910000
 109.7520000 141.0460000 225.2440000 108.9940000 141.4550000 226.5590000
 107.7590000 140.6440000 225.1310000 107.9610000 139.8190000 224.8640000
 107.3440000 141.0150000 224.4370000 107.1780000 140.5050000 225.7900000
 107.0200000 147.3950000 225.3740000 106.0980000 147.4850000 224.5970000
 107.8510000 148.4090000 225.5340000 108.6130000 148.3010000 225.9180000
 107.5720000 149.6500000 224.7850000 106.6180000 149.8230000 224.7730000
 108.2190000 150.8380000 225.5010000 109.1850000 150.7790000 225.4350000
 107.7300000 152.1570000 224.9340000 107.0140000 152.5330000 225.4690000
 107.3990000 152.0200000 224.0330000 108.4790000 152.7730000 224.9300000
 107.8310000 150.8170000 226.8600000 108.1910000 151.4700000 227.2460000
 108.0480000 149.4690000 223.3350000 109.1900000 149.1000000 223.1840000
 107.1960000 149.4030000 222.3040000 106.3730000 149.6060000 222.4490000
 107.6490000 149.3000000 220.9030000 108.3420000 148.6250000 220.8320000
 106.4950000 148.9330000 219.9570000 106.7490000 149.1580000 219.0480000
 105.7210000 149.4740000 220.1790000 106.1160000 147.4670000 219.9400000
 106.8940000 146.5500000 220.1340000 104.9130000 147.2070000 219.4720000
 104.6750000 146.3830000 219.5400000 104.3720000 147.8630000 219.3420000
 108.2390000 150.6200000 220.4100000 107.7320000 151.6800000 220.7570000
 109.1080000 150.5430000 219.4040000 109.3750000 149.7630000 219.1600000
 109.7160000 151.6910000 218.7310000 109.6060000 152.4740000 219.2920000
 111.2260000 151.4850000 218.5510000 111.3920000 150.7400000 217.9520000
 111.8400000 152.7410000 217.9230000 111.8360000 152.6410000 216.9580000
 112.7540000 152.8670000 218.2210000 111.3140000 153.5250000 218.1480000
 111.8550000 151.1450000 219.9120000 111.2320000 151.3050000 220.6380000
 112.6370000 151.6910000 220.0900000 112.0770000 150.2010000 219.9220000
 109.0140000 151.9770000 217.4150000 109.2000000 151.2650000 216.4250000
 108.1010000 152.9470000 217.4670000 107.9850000 153.3600000 218.2120000
 107.2740000 153.3580000 216.3350000 107.1080000 152.5790000 215.7810000
 105.9490000 153.8780000 216.8880000 105.6610000 153.3120000 217.6210000
 106.0470000 154.7870000 217.2120000 104.9070000 153.8160000 215.7760000
 104.8480000 152.9020000 215.4550000 105.1560000 154.4000000 215.0430000
 103.5510000 154.2490000 216.3060000 103.3420000 153.7490000 217.1110000
 103.5630000 155.1980000 216.5050000 102.5320000 153.9190000 215.2280000
 102.6110000 152.9750000 215.0210000 102.7450000 154.4300000 214.4310000
 101.1800000 154.2250000 215.7270000 100.5720000 154.0650000 215.0970000
 101.1500000 155.0770000 215.9820000 101.0280000 153.7160000 216.4410000
 107.9290000 154.4090000 215.4410000 107.6680000 154.4180000 214.2450000
 108.7220000 155.3080000 216.0200000 108.8110000 155.2760000 216.8750000
 109.4470000 156.3500000 215.2850000 109.6920000 156.0000000 214.4140000
 108.5610000 157.5920000 215.0720000 108.5030000 158.0540000 215.9230000
 107.6650000 157.3110000 214.8300000 109.1010000 158.6140000 214.0480000
 110.0550000 158.4960000 213.9210000 108.9830000 159.5000000 214.4240000
 108.4030000 158.5650000 212.6800000 107.1560000 158.4810000 212.6540000
 109.1160000 158.8670000 211.6920000 110.7270000 156.7350000 216.0300000
 110.7760000 156.7740000 217.2640000 111.7430000 157.1140000 215.2670000
 111.6090000 157.1740000 214.4200000 113.0300000 157.5960000 215.7340000
 112.9000000 158.1650000 216.5090000 113.8970000 156.3940000 216.1340000
 113.4040000 155.9360000 216.8320000 114.7310000 156.7100000 216.5160000
 114.2290000 155.3500000 215.0530000 113.4530000 155.1650000 214.5010000
 115.4230000 155.7200000 214.1710000 115.2180000 156.4920000 213.6200000
 116.1970000 155.9300000 214.7170000 115.6280000 154.9790000 213.5800000
 114.6040000 154.0830000 215.8160000 113.8280000 153.7720000 216.3080000
 114.8800000 153.3820000 215.2040000 115.3070000 154.2810000 216.4550000
 113.6850000 158.4420000 214.6530000 113.3760000 158.2890000 213.4690000
 114.6900000 159.2060000 215.0680000 114.8880000 159.1840000 215.9050000
 115.5880000 159.9370000 214.1860000 115.1810000 159.9760000 213.3070000
 115.7620000 161.3960000 214.6440000 116.5860000 161.7330000 214.2600000
 115.0250000 161.9100000 214.2770000 115.7930000 161.6320000 216.1660000
 116.5920000 161.2100000 216.5190000 115.0110000 161.2330000 216.5790000
 115.7920000 163.1090000 216.5570000 115.0950000 163.5490000 217.4570000
 116.4790000 163.9760000 215.8430000 116.8860000 163.7000000 215.1380000
 116.2760000 164.7990000 215.9900000 116.9010000 159.1850000 213.9750000
 117.5770000 158.8020000 214.9370000 117.2740000 159.0410000 212.7000000
 116.7610000 159.3680000 212.0920000 118.5400000 158.4530000 212.2670000
 118.9920000 158.0770000 213.0380000 118.2950000 157.3280000 211.2530000
 117.7610000 156.6320000 211.6680000 117.7830000 157.6900000 210.5130000
 119.5760000 156.7130000 210.7090000 120.6550000 156.4090000 211.5680000
 120.5900000 156.5760000 212.4810000 121.8570000 155.8860000 211.0490000
 122.5900000 155.7420000 211.6030000 121.9660000 155.6170000 209.6710000
 123.0910000 155.0630000 209.1450000 123.0610000 154.9300000 208.3160000
 120.8940000 155.9090000 208.8170000 120.9920000 155.7400000 207.9080000
 119.7100000 156.4820000 209.3260000 119.0140000 156.6920000 208.7460000
 119.4390000 159.5240000 211.6570000 119.0510000 160.1620000 210.6760000
 120.6170000 159.7390000 212.2450000 120.8730000 159.2160000 212.8780000
 121.5630000 160.7430000 211.7500000 121.0490000 161.3570000 211.2030000
 122.2140000 161.5460000 212.9290000 122.5470000 160.7340000 213.3410000
 121.3630000 161.9910000 212.7930000 121.6600000 162.0310000 214.2860000
 121.0520000 161.1380000 215.1960000 121.0960000 160.2210000 215.0480000
 120.2800000 161.5970000 216.2740000 119.8580000 160.9930000 216.8420000
 120.0590000 162.9740000 216.4320000 119.1460000 163.4100000 217.3400000
 119.1910000 164.2420000 217.4430000 120.7030000 163.8870000 215.5730000
 120.5410000 164.7980000 215.6700000 121.5410000 163.4180000 214.5390000
 121.9310000 164.0180000 213.9450000 122.5180000 160.1340000 210.7100000
 123.2320000 159.1670000 210.9800000 122.4880000 160.7200000 209.5040000
 121.9700000 161.4020000 209.4220000 123.1990000 160.3020000 208.2820000
 123.7620000 159.5370000 208.4780000 122.2180000 159.9230000 207.1460000
 121.8230000 160.7330000 206.7870000 122.9330000 159.2210000 205.9850000
 122.2880000 158.9750000 205.3030000 123.3780000 158.4210000 206.3060000
 123.5820000 159.8200000 205.5840000 121.0660000 159.0430000 207.6180000
 120.5440000 158.7240000 206.8650000 120.4810000 159.5380000 208.2120000
 121.4530000 158.2960000 208.1000000 124.0510000 161.4660000 207.7830000
 123.5070000 162.5370000 207.5250000 125.3300000 161.2230000 207.4820000
 125.6500000 160.4390000 207.6330000 126.2080000 162.2550000 206.9170000
 126.2760000 162.9930000 207.5430000 127.1010000 161.8990000 206.7890000
 125.6980000 162.7880000 205.5720000 125.3250000 162.0050000 204.6930000
 125.8130000 164.1010000 205.3410000 126.1710000 164.5840000 205.9560000
 125.4380000 164.7300000 204.0630000 124.5120000 164.5090000 203.8760000
 125.6050000 166.2620000 204.1600000 126.2780000 166.5720000 203.5340000
 125.9190000 166.4850000 205.0500000 124.2940000 167.0160000 203.8790000
 124.2020000 167.1230000 202.9190000 123.5420000 166.4920000 204.1970000
 124.1960000 168.3890000 204.5500000 124.8950000 168.7590000 205.4780000
 123.2840000 169.2260000 204.1060000 122.7340000 168.9800000 203.4920000
 123.1960000 169.9420000 204.5750000 126.2750000 164.1700000 202.9070000
 125.7270000 163.5900000 201.9650000 127.5930000 164.1040000 203.1250000
 127.9020000 164.4950000 203.8260000 128.5420000 163.4460000 202.2250000
 128.5040000 163.8810000 201.3590000 129.9520000 163.6510000 202.7940000
 130.1820000 164.5910000 202.7240000 129.9610000 163.4000000 203.7310000
 130.9200000 162.8900000 202.0990000 131.6710000 163.0370000 202.4450000
 128.2340000 161.9580000 201.9920000 128.3900000 161.4930000 200.8680000
 127.5960000 161.2550000 202.9370000 127.3120000 161.6640000 203.6380000
 127.2200000 159.8500000 202.7480000 127.9590000 159.3950000 202.3150000
 126.9980000 159.1710000 204.0900000 126.2320000 159.5600000 204.5400000
 127.7840000 159.3460000 204.6310000 126.7830000 157.6770000 203.9510000
 127.8780000 156.8040000 203.7890000 128.7460000 157.1360000 203.7500000
 127.6750000 155.4180000 203.6850000 128.4020000 154.8400000 203.6350000
 126.3700000 154.9030000 203.6650000 126.2270000 153.9860000 203.6000000
 125.2800000 155.7800000 203.7560000 124.4170000 155.4350000 203.7320000
 125.4770000 157.1590000 203.9180000 124.7420000 157.7230000 203.9970000
 125.9990000 159.6400000 201.8580000 126.1000000 158.9130000 200.8770000
 124.8740000 160.3190000 202.1110000 124.8390000 160.8370000 202.7960000
 123.7180000 160.2150000 201.2140000 123.4710000 159.2810000 201.1280000
 122.5310000 160.9740000 201.8160000 121.7590000 160.8710000 201.2380000
 122.3170000 160.6120000 202.6900000 122.7450000 161.9160000 201.9000000
 124.0570000 160.7310000 199.8050000 123.6270000 160.1480000 198.8110000
 124.9310000 161.7410000 199.7120000 125.2230000 162.0930000 200.4400000
 125.4570000 162.2390000 198.4440000 124.7110000 162.3710000 197.8380000
 126.1370000 163.6060000 198.6670000 126.8740000 163.5000000 199.2880000
 126.4970000 163.9130000 197.8200000 125.2280000 164.7140000 199.1970000
 125.6790000 165.7690000 199.6050000 123.9200000 164.5770000 199.1290000
 123.5840000 163.8170000 198.9090000 123.4670000 165.1980000 199.5150000
 126.3660000 161.2160000 197.7370000 126.0790000 160.9110000 196.5850000
 127.3470000 160.6090000 198.4170000 127.5090000 160.8590000 199.2240000
 128.2390000 159.5840000 197.8550000 128.6010000 159.9150000 197.0180000
 129.4240000 159.3700000 198.8060000 130.0410000 158.7330000 198.4120000
 129.8920000 160.2070000 198.9490000 129.1140000 159.0220000 199.6570000
 127.5390000 158.2430000 197.5640000 127.9070000 157.5440000 196.6250000
 126.5260000 157.8700000 198.3510000 126.3440000 158.3570000 199.0360000
 125.7360000 156.6590000 198.1290000 126.3460000 155.9280000 197.9410000
 124.9310000 156.2890000 199.3870000 124.3610000 157.0300000 199.6450000
 125.5600000 156.1310000 200.1080000 124.0810000 155.0170000 199.2120000
 124.6250000 154.3440000 198.7740000 123.8580000 154.6810000 200.0940000
 122.5290000 155.1650000 198.2780000 121.5480000 156.2160000 199.3800000
 120.6820000 156.3540000 198.9650000 121.4200000 155.7740000 200.2340000
 121.9820000 157.0730000 199.5120000 124.8550000 156.8240000 196.8950000
 125.0880000 156.1350000 195.9050000 123.9710000 157.8340000 196.8760000
 123.8910000 158.3430000 197.5640000 123.1200000 158.0780000 195.7130000
 122.6180000 157.2690000 195.5270000 122.1020000 159.2000000 195.9790000
 122.5610000 159.9310000 196.4210000 121.4230000 158.8710000 196.5890000
 121.4280000 159.7680000 194.7350000 120.2130000 159.2390000 194.2520000
 119.8140000 158.5160000 194.6800000 119.5950000 159.8030000 193.1140000
 118.7890000 159.4670000 192.7960000 120.2040000 160.8820000 192.4420000
 119.6300000 161.4280000 191.3380000 120.0770000 162.0660000 191.0230000
 121.4230000 161.4030000 192.9160000 121.8100000 162.1190000 192.4670000
 122.0280000 160.8530000 194.0630000 122.8210000 161.2150000 194.3860000
 123.9760000 158.3630000 194.4790000 123.8240000 157.6560000 193.4940000
 124.9650000 159.2650000 194.5310000 125.1360000 159.6670000 195.2720000
 125.6770000 159.6770000 193.3160000 124.9840000 159.8850000 192.6700000
 126.4570000 160.9930000 193.5280000 126.5720000 161.4050000 192.6570000
 125.9340000 161.6020000 194.0730000 127.8450000 160.8460000 194.1390000
 128.2670000 159.8120000 194.6040000 128.7010000 161.8240000 193.9730000
 129.4980000 161.6390000 194.2380000 128.4820000 162.5520000 193.5710000
 126.5220000 158.5700000 192.6480000 126.6690000 158.6380000 191.4270000
 126.9630000 157.5500000 193.3970000 126.8890000 157.6250000 194.2510000
 127.7320000 156.4000000 192.9090000 128.2220000 156.6590000 192.1130000
 128.7490000 156.0370000 194.0000000 129.3760000 155.3770000 193.6640000
 128.2890000 155.6690000 194.7700000 129.2380000 156.8290000 194.2750000
 126.8500000 155.1840000 192.5450000 127.2750000 154.3070000 191.7980000
 125.6300000 155.1210000 193.0920000 125.4420000 155.7150000 193.6850000
 124.6220000 154.0800000 192.8510000 125.0550000 153.2650000 192.5520000
 123.9390000 153.8580000 194.2180000 123.6310000 154.7110000 194.5630000
 124.5900000 153.5080000 194.8460000 122.5070000 152.7430000 194.1630000
 123.1210000 151.7390000 193.9290000 123.6040000 154.4490000 191.7530000
 123.0580000 153.5830000 191.0800000 123.3250000 155.7410000 191.5590000
 123.7130000 156.2930000 192.0920000 122.1930000 156.2540000 190.7590000
 121.4040000 155.7660000 191.0440000 121.9530000 157.7390000 191.0840000
 121.7370000 157.8010000 192.0270000 121.1760000 158.0640000 190.6020000
 123.1510000 158.6600000 190.7920000 123.0690000 159.4340000 191.3710000
 123.9820000 158.2060000 191.0040000 123.2400000 159.1530000 189.3500000
 123.3580000 158.3970000 188.7530000 122.4140000 159.6110000 189.1270000
 124.3820000 160.0700000 189.1960000 124.9000000 160.1550000 189.8770000
 124.7450000 160.6520000 188.0700000 124.1720000 160.3740000 186.9340000
 123.6940000 159.6600000 186.9060000 124.5180000 160.6400000 186.1930000
 125.7070000 161.5320000 188.0720000 125.9410000 161.9000000 187.3310000
 126.1470000 161.6740000 188.7970000 122.2560000 156.0200000 189.2530000
 121.3650000 156.4890000 188.5480000 123.3770000 155.5180000 188.7480000
 123.9700000 155.2120000 189.2910000 123.5640000 155.2870000 187.3150000
 122.9070000 155.8200000 186.8400000 124.9590000 155.7750000 186.8860000
 125.5370000 155.0060000 186.7640000 125.3510000 156.3090000 187.5950000
 124.9310000 156.6460000 185.6170000 123.9520000 157.4320000 185.4530000
 126.0470000 156.8410000 185.0740000 123.2680000 153.8450000 186.8700000
 123.1010000 153.6450000 185.6710000 122.9920000 152.9250000 187.8110000
 123.0820000 153.1370000 188.6400000 122.5940000 151.5370000 187.5040000
 123.3020000 151.1540000 186.9630000 122.4650000 150.6640000 188.7740000
 122.2760000 149.7550000 188.4940000 123.7730000 150.6100000 189.5610000
 124.4780000 150.2980000 188.9720000 124.0170000 151.4860000 189.8990000
 123.6810000 149.9950000 190.3060000 121.3480000 151.0780000 189.7400000
 121.5120000 150.7180000 190.6260000 120.5170000 150.7050000 189.4060000
 121.2740000 152.0430000 189.7970000 121.3190000 151.4950000 186.6620000
 120.3190000 152.1370000 187.0050000 121.3640000 150.8060000 185.5220000
 122.0470000 150.3140000 185.3450000 120.2260000 150.7580000 184.6010000
 119.8060000 151.6320000 184.6120000 120.7030000 150.5900000 183.1270000
 120.1360000 151.1230000 182.5480000 121.6160000 150.9040000 183.0310000
 120.6180000 149.1490000 182.6310000 121.0890000 148.5780000 183.2580000
 119.6870000 148.8760000 182.6470000 121.1000000 148.8530000 181.2020000
 121.1880000 147.6440000 180.9540000 121.4310000 149.7990000 180.4290000
 119.1660000 149.7270000 185.0580000 119.4680000 148.7670000 185.7750000
 117.8970000 149.9290000 184.6940000 117.7380000 150.5680000 184.1410000
 116.8440000 148.9370000 184.9150000 117.0010000 148.5210000 185.7770000
 115.4850000 149.6420000 184.9670000 114.7860000 148.9930000 185.1450000
 115.3050000 150.0720000 184.1160000 115.4810000 150.3130000 185.6670000
 116.8690000 147.8370000 183.8320000 117.1730000 148.1120000 182.6720000
 116.4620000 146.5910000 184.1310000 115.9910000 146.0840000 185.4140000
 116.7290000 146.0370000 186.0420000 115.2830000 146.6430000 185.7700000
 115.4440000 144.6810000 185.1380000 114.4840000 144.7230000 185.0070000
 115.6610000 144.0650000 185.8550000 116.1190000 144.2760000 183.8270000
 115.5640000 143.6740000 183.3070000 116.9830000 143.8780000 184.0150000
 116.3100000 145.5910000 183.0830000 117.1240000 145.5410000 182.5570000
 115.1310000 145.9330000 182.1470000 114.1280000 146.5040000 182.5690000
 115.1820000 145.4330000 180.9030000 115.8950000 145.0100000 180.6730000
 114.1440000 145.6270000 179.8630000 114.4240000 145.1060000 179.0940000
 112.8010000 145.0380000 180.3280000 112.3290000 145.6870000 180.8720000
 112.9620000 144.2450000 180.8630000 111.9960000 144.6890000 179.2270000
 111.9910000 145.3470000 178.7050000 113.9700000 147.0690000 179.3410000
 112.9770000 147.3780000 178.6860000 114.9200000 147.9550000 179.6560000
 115.5850000 147.6980000 180.1380000 114.9020000 149.4020000 179.3960000
 114.5960000 149.5740000 178.4920000 113.9350000 150.0930000 180.3800000
 114.1090000 151.0470000 180.3970000 113.0240000 149.9600000 180.0740000
 114.0670000 149.5790000 181.6950000 113.5270000 149.9800000 182.1980000
 116.3380000 149.9500000 179.5210000 117.2480000 149.2000000 179.8670000
 116.5620000 151.2000000 179.0890000 115.8900000 151.6610000 178.8150000
 117.8350000 151.9280000 179.2770000 118.5080000 151.3150000 179.6130000
 118.3330000 152.4600000 177.9190000 117.7350000 153.1650000 177.6250000
 119.2140000 152.8500000 178.0360000 118.4320000 151.3960000 176.8340000
 118.9650000 150.3120000 176.9900000 117.9020000 151.6580000 175.6620000
 117.5040000 152.4070000 175.5180000 117.9760000 151.0320000 175.0770000
 117.7060000 153.0420000 180.3460000 118.4990000 153.9860000 180.3930000
 116.6000000 153.0210000 181.0950000 116.0780000 152.3430000 181.0130000
 116.3300000 153.9220000 182.2130000 116.5360000 154.8280000 181.9360000
 114.8450000 153.8640000 182.6140000 114.6890000 153.0390000 183.0990000
 114.6620000 154.6010000 183.2170000 113.8760000 153.9530000 181.4300000
 114.1460000 154.7430000 180.5060000 112.8470000 153.2390000 181.4880000
 117.2030000 153.5500000 183.4190000 117.7590000 152.4600000 183.5060000
 117.2100000 154.4080000 184.4430000 116.6750000 155.0790000 184.3940000
 117.8570000 154.1050000 185.7310000 118.6760000 153.6090000 185.5750000
 118.2110000 155.4310000 186.4170000 117.4260000 155.9980000 186.3570000
 118.4390000 155.2930000 187.3500000 119.3860000 156.0880000 185.6770000
 119.3040000 155.8850000 184.7320000 120.2130000 155.6940000 185.9960000
 119.4730000 157.6180000 185.8170000 118.5820000 157.9960000 185.8840000
 119.9510000 157.8430000 186.6310000 120.1550000 158.2740000 184.6000000
 120.4540000 159.1590000 184.8610000 119.4740000 158.3940000 183.9200000
 121.2880000 157.4760000 184.0390000 120.9850000 156.7160000 183.6900000
 121.9030000 157.2670000 184.6480000 121.7030000 157.9190000 183.3890000
 116.9430000 153.2190000 186.5730000 115.7750000 153.5630000 186.7410000
 117.5210000 152.3090000 187.3580000 118.3580000 152.1490000 187.2410000
 116.7810000 151.4890000 188.3250000 116.0710000 151.0230000 187.8560000
 117.7290000 150.4440000 188.9150000 117.2120000 149.7220000 189.3050000
 118.2620000 150.8540000 189.6140000 118.3060000 150.0790000 188.2260000
 116.1280000 152.3200000 189.4460000 115.1010000 151.9340000 189.9960000
 116.6140000 153.5430000 189.6800000 117.3340000 153.7710000 189.2680000
 115.9730000 154.5110000 190.5690000 115.7840000 154.0720000 191.4130000
 116.9350000 155.6760000 190.8470000 116.4140000 156.4190000 191.1910000
 117.3560000 155.9740000 190.0250000 118.0130000 155.3270000 191.8920000
 117.5990000 154.8990000 192.6580000 119.1000000 154.4020000 191.3350000
 119.8290000 154.3290000 191.9710000 119.4280000 154.7410000 190.4880000
 118.7480000 153.5070000 191.2070000 118.6590000 156.6230000 192.3720000
 117.9820000 157.1620000 192.8100000 119.3610000 156.4260000 193.0120000
 119.0230000 157.1120000 191.6180000 114.6160000 155.0070000 190.0410000
 113.7370000 155.2490000 190.8600000 114.3510000 154.9220000 188.7340000
 114.9630000 154.6240000 188.2090000 113.0150000 155.1060000 188.1560000
 112.6780000 155.9870000 188.3830000 113.0840000 155.0350000 187.1910000
 112.0070000 154.0540000 188.6320000 110.8370000 154.3670000 188.8350000
 112.5010000 152.8680000 189.0060000 113.3380000 152.7170000 188.8790000
 111.7100000 151.7970000 189.6080000 110.7860000 151.9480000 189.3520000
 112.1630000 150.4670000 188.9690000 113.0760000 150.2760000 189.2350000
 112.1570000 150.5800000 188.0060000 111.2890000 149.2470000 189.3160000
 111.4430000 148.9880000 190.2380000 109.7950000 149.5210000 189.1050000
 109.2940000 148.6910000 189.1340000 109.6540000 149.9580000 188.2500000
 109.4640000 150.0930000 189.8150000 111.6710000 148.0740000 188.4130000
 112.6140000 147.8730000 188.5160000 111.4860000 148.2900000 187.4860000
 111.1570000 147.2910000 188.6650000 111.7250000 151.7810000 191.1540000
 110.8570000 151.1630000 191.7640000 112.6350000 152.5130000 191.8130000
 113.2260000 152.9230000 191.3410000 112.7980000 152.4600000 193.2810000
 112.1840000 151.8040000 193.6460000 114.2220000 151.9980000 193.6220000
 114.8570000 152.6110000 193.2190000 114.3400000 152.0370000 194.5840000
 114.5210000 150.5640000 193.1520000 114.3810000 150.4830000 192.1960000
 115.9790000 150.2480000 193.4520000 116.1970000 149.3690000 193.1050000
 116.1320000 150.2690000 194.4100000 116.5390000 150.9070000 193.0130000
 113.6600000 149.5270000 193.8760000 113.9410000 148.6370000 193.6120000
 112.7300000 149.6280000 193.6180000 113.7490000 149.6210000 194.8370000
 112.4350000 153.7480000 194.0230000 112.1480000 153.7050000 195.2200000
 112.3740000 154.8790000 193.3240000 112.6390000 154.8670000 192.5060000
 111.9400000 156.1640000 193.8730000 112.2440000 156.2400000 194.7910000
 112.5980000 157.2770000 193.0590000 112.3110000 158.1360000 193.4060000
 112.3460000 157.2070000 192.1250000 114.3920000 157.1020000 193.2370000
 114.3530000 156.8540000 194.4100000 110.4160000 156.3490000 193.9180000
 109.9450000 157.3980000 194.3510000 109.6790000 155.4300000 193.2680000
 110.0850000 154.7630000 192.9080000 108.2380000 155.5810000 193.0390000
 107.7970000 155.7530000 193.8860000 107.8990000 154.7500000 192.6700000
 107.8870000 156.7200000 192.0680000 106.7770000 157.2520000 192.1120000
 108.8790000 157.2030000 191.3110000 109.6250000 156.7750000 191.3240000
 108.7900000 158.2700000 190.3090000 107.9680000 158.1470000 189.8080000
 108.7540000 159.6490000 191.0020000 108.3160000 160.2740000 190.4030000
 108.2100000 159.5720000 191.8010000 110.1340000 160.2260000 191.3790000
 110.7310000 159.5030000 191.6280000 110.5090000 160.6730000 190.6040000
 110.1040000 161.2330000 192.5380000 109.7600000 160.8010000 193.3350000
 111.0210000 161.4930000 192.7160000 109.3120000 162.5110000 192.2260000
 109.6160000 163.2080000 192.8280000 109.5220000 162.7890000 191.3210000
 107.8510000 162.3080000 192.3840000 107.4570000 162.2530000 191.5880000
 107.4930000 162.9720000 192.8560000 107.7080000 161.5470000 192.8220000
 109.9500000 158.1250000 189.3220000 110.8900000 157.3800000 189.5890000
 109.9520000 158.9510000 188.2860000 109.3990000 159.6090000 188.3000000
 111.0630000 159.1140000 187.3560000 111.1130000 158.3120000 186.8130000
 110.7820000 160.3040000 186.4130000 111.5610000 160.4330000 185.8490000
 110.0530000 160.0430000 185.8280000 110.3910000 161.6450000 187.0890000
 109.8500000 161.6510000 188.2210000 110.4460000 162.6620000 186.3650000
 112.4240000 159.2860000 188.0580000 112.6030000 160.1050000 188.9670000
 113.4470000 158.6130000 187.5240000 113.2980000 158.0550000 186.8870000
 114.8190000 158.7640000 188.0080000 114.7660000 158.6790000 188.9730000
 115.6820000 157.5960000 187.5450000 116.4830000 157.9400000 187.1200000
 115.9560000 157.0870000 188.3240000 115.2060000 157.0170000 186.9290000
 115.4610000 160.1400000 187.6970000 116.6130000 160.3780000 188.0470000
 114.7270000 161.0040000 186.9920000 113.9320000 160.7600000 186.7750000
 115.1240000 162.3550000 186.5840000 116.0680000 162.3580000 186.3630000
 114.3220000 162.6640000 185.3020000 114.3830000 161.8930000 184.7160000
 113.3860000 162.7740000 185.5320000 114.8060000 163.8820000 184.5000000
 115.9620000 164.3130000 184.7250000 114.1210000 164.2160000 183.5110000
 114.8950000 163.4000000 187.7050000 115.7780000 164.2030000 188.0070000
 113.8330000 163.2280000 188.5140000 113.2620000 162.6230000 188.2960000
 113.4600000 164.1710000 189.5820000 114.1840000 164.8070000 189.6870000
 112.2330000 164.9710000 189.1340000 112.0680000 165.6910000 189.7630000
 112.3990000 165.3520000 188.2570000 111.4580000 164.3890000 189.0870000
 113.2910000 163.5400000 190.9800000 112.8560000 164.2050000 191.9300000
 113.7530000 162.3040000 191.1770000 114.0730000 161.8860000 190.4970000
 114.1180000 161.8230000 192.5080000 113.4300000 162.0900000 193.1380000
 114.1550000 160.2980000 192.5290000 114.4330000 159.9950000 193.4070000
 113.2700000 159.9520000 192.3340000 115.3070000 159.6630000 191.2940000
 115.2320000 158.5290000 191.6780000 115.4340000 162.4730000 192.9710000
 116.5470000 162.0340000 192.6840000 115.2980000 163.5140000 193.7870000
 114.5120000 163.8410000 193.9100000 116.4390000 164.1030000 194.4760000
 117.0740000 164.3930000 193.8020000 115.9320000 165.3130000 195.2770000
 115.1870000 165.7260000 194.8130000 115.6160000 165.0160000 196.1450000
 116.9910000 166.3810000 195.4720000 118.1680000 166.2000000 195.2130000
 116.6140000 167.4800000 196.0830000 115.7990000 167.5670000 196.3430000
 117.2130000 168.0910000 196.1690000 117.1200000 163.0510000 195.3790000
 116.4250000 162.2700000 196.0330000 118.4240000 163.2060000 195.6370000
 118.8580000 163.8020000 195.1940000 119.1770000 162.2980000 196.5160000
 119.0970000 161.3980000 196.1640000 120.6540000 162.7070000 196.4960000
 120.7910000 163.4950000 197.0450000 121.1820000 161.9790000 196.8600000
 120.9410000 162.8890000 195.5880000 118.6670000 162.2820000 197.9720000
 118.9800000 161.3790000 198.7340000 117.9420000 163.3260000 198.3820000
 117.8120000 163.9490000 197.8030000 117.2310000 163.4070000 199.6680000
 117.7530000 162.9280000 200.3300000 117.1730000 164.8950000 200.0850000
 118.0800000 165.2390000 200.0800000 116.3250000 165.7730000 199.1680000
 116.4530000 166.7030000 199.4120000 115.3850000 165.5540000 199.2670000
 116.5980000 165.6520000 198.2450000 116.6250000 165.1190000 201.3540000
 117.2020000 164.9670000 201.9460000 115.8480000 162.7270000 199.6190000
 115.5400000 161.8900000 200.4630000 115.1190000 162.8880000 198.5070000
 115.4760000 163.3240000 197.8570000 113.7560000 162.3890000 198.3050000
 113.2140000 162.6450000 199.0670000 113.1700000 163.0140000 197.0260000
 113.8480000 163.0690000 196.3350000 112.4610000 162.4450000 196.6880000
 112.5850000 164.3830000 197.2760000 113.2300000 165.4050000 197.1080000
 111.3270000 164.4370000 197.6440000 111.0160000 165.2130000 197.8440000
 110.9050000 163.7100000 197.8240000 113.6370000 160.8700000 198.1910000
 112.5940000 160.3390000 198.5630000 114.5920000 160.1890000 197.5470000
 115.2630000 160.6060000 197.2070000 114.4810000 158.7340000 197.4150000
 113.6070000 158.5260000 197.0490000 115.5350000 158.1670000 196.4640000
 115.3890000 158.5440000 195.5820000 116.4180000 158.4390000 196.7590000
 115.5000000 156.6680000 196.3580000 114.3920000 155.8980000 196.4590000
 113.5320000 156.2120000 196.6250000 114.7150000 154.5730000 196.2860000
 114.1190000 153.9540000 196.2720000 116.0730000 154.4020000 196.1410000
 116.8870000 153.2680000 196.0200000 116.5090000 152.4180000 196.0230000
 118.2800000 153.4350000 195.9560000 118.8390000 152.6930000 195.9110000
 118.8370000 154.7260000 195.9930000 119.7610000 154.8260000 195.9760000
 118.0070000 155.8600000 196.0920000 118.3830000 156.7090000 196.1390000
 116.6040000 155.7280000 196.1740000 114.5650000 158.0400000 198.7780000
 113.6560000 157.3050000 199.1390000 115.5300000 158.4320000 199.6100000
 116.1040000 159.0050000 199.3250000 115.6970000 157.8990000 200.9670000
 115.7120000 156.9310000 200.9140000 117.0490000 158.3700000 201.5520000
 117.1180000 159.3340000 201.4690000 117.1570000 158.0290000 203.0420000
 118.0210000 158.2970000 203.3910000 116.4750000 158.4990000 203.5460000
 117.0410000 157.0740000 203.1650000 118.2330000 157.6970000 200.8140000
 117.9780000 156.8040000 200.5350000 118.9890000 157.6040000 201.4150000
 118.7290000 158.4920000 199.6000000 119.0660000 157.8880000 198.9200000
 118.0160000 159.0130000 199.1990000 119.4400000 159.0890000 199.8810000
 114.5000000 158.2610000 201.8610000 113.9730000 157.3830000 202.5380000
 113.9350000 159.4610000 201.6930000 114.3480000 160.0500000 201.2220000
 112.6750000 159.8520000 202.3400000 112.7900000 159.8040000 203.3020000
 112.3630000 161.3090000 201.9530000 112.1510000 161.3430000 201.0070000
 113.1520000 161.8570000 202.0870000 111.1840000 161.9280000 202.7190000
 111.0100000 162.8020000 202.3360000 110.3920000 161.3870000 202.5730000
 111.4350000 162.0950000 204.2260000 112.6260000 162.1680000 204.6070000
 110.4510000 162.4300000 204.9200000 111.5060000 158.9190000 201.9600000
 110.8020000 158.4180000 202.8320000 111.3940000 158.5420000 200.6810000
 111.9480000 158.8710000 200.1120000 110.4120000 157.5640000 200.1960000
 109.5360000 157.8170000 200.5270000 110.3780000 157.6290000 198.6630000
 110.1370000 158.5280000 198.3910000 111.2660000 157.4570000 198.3120000
 109.4260000 156.6530000 198.0150000 108.0500000 156.9500000 197.9550000
 107.7260000 157.7310000 198.3410000 107.1640000 156.0720000 197.2970000
 106.2560000 156.2710000 197.2620000 107.6740000 154.9020000 196.6910000
 106.8310000 154.0960000 195.9810000 107.2410000 153.4450000 195.6440000
 109.0340000 154.5880000 196.7820000 109.3560000 153.8100000 196.3870000
 109.9160000 155.4560000 197.4560000 110.8200000 155.2440000 197.5120000
 110.6770000 156.1260000 200.6840000 109.7310000 155.4040000 200.9930000
 111.9440000 155.7180000 200.8200000 112.5660000 156.2640000 200.5850000
 112.3240000 154.4090000 201.3750000 111.8460000 153.7130000 200.8970000
 113.8330000 154.1660000 201.2260000 114.3260000 154.8680000 201.6790000
 114.0410000 153.3290000 201.6710000 114.3090000 154.0800000 199.7730000
 114.1490000 154.9310000 199.3360000 113.7920000 153.4060000 199.3050000
 116.0710000 153.6970000 199.5940000 116.0260000 151.9510000 200.0570000
 116.9220000 151.5800000 200.0260000 115.4460000 151.4650000 199.4500000
 115.6740000 151.8770000 200.9580000 111.9650000 154.2710000 202.8580000
 111.5600000 153.1940000 203.2970000 112.1850000 155.3290000 203.6420000
 112.5370000 156.0320000 203.2930000 111.8700000 155.3600000 205.0700000
 112.0240000 154.4820000 205.4510000 112.7940000 156.3630000 205.7670000
 112.6480000 157.2390000 205.3770000 112.5270000 156.4090000 206.6980000
 114.2830000 156.0480000 205.7480000 114.7630000 154.7230000 205.6960000
 114.1750000 154.0050000 205.6390000 116.1440000 154.4660000 205.7350000
 116.4480000 153.5880000 205.7070000 117.0590000 155.5250000 205.8350000
 117.9730000 155.3560000 205.8510000 116.5870000 156.8440000 205.9090000
 117.1970000 157.5440000 205.9650000 115.2040000 157.1030000 205.8550000
 114.8870000 157.9770000 205.8840000 110.4000000 155.6650000 205.3680000
 109.9310000 155.3400000 206.4590000 109.6330000 156.1540000 204.3910000
 110.0030000 156.4000000 203.6550000 108.1960000 156.3190000 204.5420000
 108.0470000 156.7320000 205.4070000 107.6550000 157.2810000 203.4730000
 107.4720000 156.8090000 202.6460000 108.3180000 157.9660000 203.2940000
 106.3970000 157.9720000 203.9540000 105.6280000 157.4410000 204.7410000
 106.1990000 159.2120000 203.5780000 105.5010000 159.6060000 203.8900000
 106.7860000 159.6090000 203.0920000 107.4720000 154.9610000 204.5320000
 107.4400000 154.2450000 203.5260000 106.6720000 154.7150000 205.5750000
 106.6740000 155.2840000 206.2200000 105.7210000 153.5950000 205.6030000
 106.2110000 152.7860000 205.3890000 105.1730000 153.4610000 207.0280000
 105.9190000 153.2810000 207.6210000 104.7400000 154.2870000 207.2960000
 104.1620000 152.3190000 207.1250000 103.3380000 152.5930000 206.6930000
 104.5170000 151.5470000 206.6570000 103.8360000 151.9320000 208.5670000
 104.6620000 151.9010000 209.0750000 103.2610000 152.6090000 208.9570000
 103.1760000 150.5500000 208.6550000 102.7160000 150.4780000 209.5060000
 103.8790000 149.8820000 208.6430000 102.2660000 150.2830000 207.5210000
 101.6140000 149.7200000 207.7440000 102.7270000 149.9300000 206.8460000
 101.8940000 151.0310000 207.2140000 104.6160000 153.7030000 204.5370000
 104.0250000 152.6760000 204.2000000 104.3900000 154.8890000 203.9680000
 104.8310000 155.5650000 204.2650000 103.4150000 155.1600000 202.8970000
 102.5200000 155.0290000 203.2480000 103.5460000 156.6390000 202.5010000
 103.4500000 157.1830000 203.2990000 104.4280000 156.7950000 202.1300000
 102.4690000 157.0920000 201.5120000 101.3010000 157.1220000 201.9530000
 102.8690000 157.7220000 200.5030000 103.5570000 154.2480000 201.6580000
 102.5480000 153.7750000 201.1450000 104.7730000 153.7530000 201.3630000
 105.4520000 154.0570000 201.7950000 105.0020000 152.7610000 200.2950000
 104.6670000 153.1260000 199.4610000 106.5360000 152.5840000 200.2360000
 106.8270000 151.9780000 200.9360000 106.9660000 153.4400000 200.3890000
 107.0490000 152.0540000 198.9030000 108.2090000 152.1300000 198.5470000
 106.2070000 151.3840000 198.1560000 105.4120000 151.2340000 198.4470000
 106.5900000 150.8720000 197.5810000 104.2790000 151.4100000 200.5460000
 103.9780000 150.6520000 199.6290000 104.1140000 151.0330000 201.8220000
 104.2490000 151.6310000 202.4260000 103.6060000 149.7210000 202.2440000
 103.1550000 149.2980000 201.4960000 102.9500000 149.8530000 202.9460000
 104.6840000 148.7450000 202.7500000 104.3560000 147.8320000 203.5140000
 105.9700000 149.0120000 202.4650000 106.1270000 149.6810000 201.9480000
 107.0820000 148.0910000 202.7760000 106.7160000 147.2000000 202.8920000
 108.0940000 148.0250000 201.6180000 108.6330000 148.8320000 201.6270000
 108.6880000 147.2770000 201.7880000 107.5100000 147.8680000 200.2040000
 107.1540000 148.7250000 199.9210000 108.2330000 147.6420000 199.5980000
 106.4140000 146.8130000 200.0540000 106.2430000 145.8960000 200.8450000
 105.5570000 146.9680000 199.0710000 104.9360000 146.3770000 198.9970000
 105.6180000 147.6450000 198.5440000 107.8440000 148.4000000 204.0730000
 108.2190000 147.4690000 204.7900000 108.0290000 149.6750000 204.4310000
 107.7710000 150.3100000 203.9110000 108.6110000 150.0290000 205.7260000
 109.4510000 149.5510000 205.8090000 108.9370000 151.5350000 205.7660000
 109.8750000 151.6570000 205.9810000 108.7710000 151.9590000 204.9100000
 108.4120000 151.9860000 206.4460000 107.6490000 149.5880000 206.8560000
 106.4570000 149.9120000 206.7990000 108.0840000 148.8080000 207.8700000
 109.3600000 148.1180000 207.9830000 110.1080000 148.7110000 207.8110000
 109.3720000 147.3720000 207.3640000 109.4260000 147.5930000 209.4170000
 109.9050000 146.7510000 209.4670000 109.8510000 148.2580000 209.9810000
 107.9640000 147.4190000 209.8300000 107.8350000 147.5840000 210.7770000
 107.6790000 146.5140000 209.6270000 107.1930000 148.4230000 208.9620000
 106.4040000 148.0020000 208.5860000 106.7030000 149.6150000 209.7770000
 105.5350000 149.6400000 210.1540000 107.5380000 150.6350000 209.9330000
 108.3120000 150.5870000 209.5610000 107.2890000 151.8880000 210.6380000
 106.3480000 152.1190000 210.5920000 107.6520000 151.7180000 212.1190000
 107.4370000 152.5460000 212.5760000 107.0810000 151.0320000 212.4980000
 109.0940000 151.3390000 212.4010000 109.5040000 149.9960000 212.2950000
 108.8810000 149.3390000 212.0830000 110.8520000 149.6440000 212.4780000
 111.1270000 148.7630000 212.3680000 111.7900000 150.6340000 212.8170000
 112.6850000 150.4110000 212.9350000 111.3740000 151.9680000 212.9790000
 111.9920000 152.6220000 213.2160000 110.0320000 152.3240000 212.7580000
 109.7680000 153.2110000 212.8460000 108.0780000 153.0000000 209.9340000
 108.9650000 152.6890000 209.1400000 107.5800000 154.2400000 210.0120000
 107.0740000 154.4320000 210.6810000 108.3060000 155.3650000 209.3980000
 108.6330000 155.0790000 208.5310000 107.4080000 156.5870000 209.1470000
 107.0120000 156.8800000 209.9830000 108.1000000 157.7710000 208.4750000
 107.4400000 158.4390000 208.2340000 108.5760000 157.4860000 207.6790000
 108.7280000 158.1790000 209.0920000 106.3810000 156.1700000 208.2700000
 105.9010000 156.8480000 208.1460000 109.5170000 155.7120000 210.2590000
 109.4920000 155.5330000 211.4790000 110.6310000 156.0120000 209.5970000
 110.5870000 156.0790000 208.7410000 111.8360000 156.5260000 210.2440000
 111.7000000 156.5830000 211.2030000 113.0340000 155.5830000 209.9710000
 113.1010000 155.4350000 209.0150000 114.3540000 156.2170000 210.4490000
 114.5320000 157.0350000 209.9600000 115.0990000 155.6160000 210.2910000
 114.2920000 156.4200000 211.3950000 112.7950000 154.2200000 210.6650000
 112.8190000 154.3470000 211.6260000 111.9130000 153.8900000 210.4320000
 113.7870000 153.1140000 210.2800000 113.5190000 152.2840000 210.7050000
 113.7830000 152.9870000 209.3180000 114.6830000 153.3360000 210.5780000
 112.0410000 157.9440000 209.7210000 112.0180000 158.1440000 208.5090000
 112.3120000 158.9140000 210.5960000 112.3410000 158.7300000 211.4360000
 112.6580000 160.2710000 210.1540000 112.2060000 160.4230000 209.3090000
 112.0720000 161.3510000 211.0860000 111.1060000 161.3310000 211.0000000
 112.3920000 161.2130000 212.5760000 112.5020000 162.0830000 212.9910000
 113.2150000 160.7110000 212.6830000 111.6750000 160.7310000 213.0170000
 112.5110000 162.6270000 210.6730000 112.0700000 163.1960000 211.1050000
 114.1770000 160.3850000 209.9180000 114.9700000 160.2410000 210.8600000
 114.6470000 160.5400000 208.6630000 113.9030000 160.5250000 207.4030000
 113.5900000 159.6260000 207.2180000 113.1550000 161.1420000 207.4130000
 114.8920000 160.9400000 206.3150000 114.8560000 161.9010000 206.1900000
 114.7210000 160.4840000 205.4760000 116.2450000 160.5550000 206.9040000
 116.4350000 159.6210000 206.7250000 116.9510000 161.1230000 206.5580000
 116.0640000 160.7500000 208.4030000 116.5910000 160.0860000 208.8750000
 116.5130000 162.1490000 208.8370000 115.8330000 163.1490000 208.6090000
 117.7590000 162.2470000 209.2980000 118.1830000 161.5180000 209.4660000
 118.3890000 163.5050000 209.7090000 117.8250000 164.2470000 209.4410000
 118.5420000 163.5710000 211.2410000 119.1210000 162.8540000 211.5430000
 119.1630000 164.9070000 211.6680000 119.2360000 164.9380000 212.6350000
 120.0550000 164.9910000 211.2970000 118.6110000 165.6410000 211.3560000
 117.1950000 163.4200000 211.9580000 117.3140000 163.5720000 212.9090000
 116.8540000 162.5220000 211.8260000 116.5490000 164.0510000 211.6040000
 119.7310000 163.6540000 209.0000000 120.7160000 163.0190000 209.3690000
 119.7800000 164.5110000 207.9800000 119.0520000 164.8990000 207.7360000
 120.9730000 164.6910000 207.1410000 121.4920000 163.8720000 207.1690000
 120.5570000 164.8880000 205.6750000 121.3660000 164.9790000 205.1480000
 120.0630000 165.7200000 205.6050000 119.7280000 163.7660000 205.0530000
 119.7400000 162.4560000 205.5810000 120.2140000 162.2620000 206.3570000
 119.0140000 161.4220000 204.9690000 119.0250000 160.5650000 205.3300000
 118.2040000 161.7020000 203.8620000 117.6730000 161.0380000 203.4850000
 118.1600000 163.0030000 203.3480000 117.5840000 163.1580000 202.6350000
 118.9370000 164.0310000 203.9190000 118.9120000 164.8910000 203.5670000
 121.9190000 165.7660000 207.6940000 122.0590000 166.8490000 207.1220000
 122.3930000 165.5480000 208.9210000 122.2970000 164.7510000 209.2300000
 123.4470000 166.3500000 209.5490000 123.4170000 167.2500000 209.1900000
 123.1780000 166.4460000 211.0640000 122.3020000 166.8430000 211.1940000
 123.8400000 167.0210000 211.4780000 123.1820000 165.1910000 211.7160000
 123.0320000 165.3060000 212.5340000 124.8230000 165.7490000 209.2050000
 124.9290000 164.5460000 209.0340000 125.8840000 166.5570000 209.0830000
 125.7550000 167.4050000 209.0250000 127.2730000 166.0570000 208.8840000
 127.2390000 165.0930000 208.7770000 127.8780000 166.6650000 207.5920000
 128.4450000 167.4140000 207.8330000 127.1530000 167.0290000 207.0600000
 128.6590000 165.6830000 206.6800000 128.5240000 164.4540000 206.8720000
 128.9650000 166.1200000 205.5440000 128.1710000 166.3010000 210.1190000
 129.3790000 166.0760000 210.0880000 127.5900000 166.8200000 211.2110000
 126.7350000 166.9150000 211.1960000 128.2890000 167.1490000 212.4580000
 129.1600000 166.7240000 212.4290000 128.4980000 168.6690000 212.5700000
 127.6320000 169.1050000 212.6130000 128.9560000 168.8630000 213.4030000
 129.3070000 169.2680000 211.4380000 130.6940000 169.0380000 211.3760000
 131.1090000 168.5200000 212.0270000 131.4430000 169.5340000 210.2950000
 132.3510000 169.3440000 210.2360000 130.8060000 170.2610000 209.2740000
 131.2950000 170.5560000 208.5400000 129.4220000 170.4980000 209.3370000
 128.9960000 170.9490000 208.6440000 128.6730000 170.0030000 210.4190000
 127.7520000 170.1330000 210.4410000 127.5310000 166.6250000 213.6870000
 126.2950000 166.6270000 213.6660000 128.2260000 166.3750000 214.8200000
 129.6750000 166.3600000 214.9670000 129.9970000 167.2710000 215.0480000
 130.1060000 165.9140000 214.2210000 129.9820000 165.5920000 216.2500000
 130.7190000 166.0000000 216.7310000 130.2120000 164.6750000 216.0320000
 128.6890000 165.6450000 217.0690000 128.7720000 166.3260000 217.7550000
 128.5090000 164.7890000 217.4880000 127.5780000 166.0030000 216.0710000
 127.0560000 165.2040000 215.8960000 126.6450000 167.1100000 216.5840000
 127.0890000 168.1790000 217.0110000 125.3470000 166.8160000 216.6420000
 125.1140000 166.0250000 216.3990000 124.2810000 167.7020000 217.1370000
 124.6870000 168.5070000 217.4940000 123.3440000 168.1330000 215.9890000
 123.8700000 168.6070000 215.3260000 122.6520000 166.9560000 215.2930000
 122.0580000 167.2770000 214.5960000 122.1390000 166.4520000 215.9430000
 123.3140000 166.3690000 214.8950000 122.2570000 169.0900000 216.5000000
 121.7470000 169.4290000 215.7470000 122.6670000 169.8380000 216.9620000
 121.6480000 168.6260000 217.0960000 123.5380000 167.0010000 218.2710000
 123.4310000 165.7870000 218.2660000 123.1690000 167.7150000 219.3430000
 123.2660000 168.5690000 219.3180000 122.6160000 167.0860000 220.5660000
 122.4960000 167.7790000 221.2350000 121.2110000 166.5010000 220.2770000
 120.8240000 166.1820000 221.1070000 121.2910000 165.7330000 219.6900000
 120.2310000 167.4680000 219.6540000 119.2170000 167.1170000 218.7630000
 118.5180000 168.2340000 218.5270000 117.7690000 168.2790000 217.9770000
 119.0330000 169.2620000 219.2230000 118.7090000 170.0580000 219.2370000
 120.1060000 168.7960000 219.9500000 120.6260000 169.2740000 220.5550000
 123.5710000 166.0640000 221.2300000 123.1430000 165.2360000 222.0250000
 124.8830000 166.1760000 220.9570000 125.1210000 166.7880000 220.4020000
 125.8960000 165.1790000 221.3390000 126.7750000 165.5730000 221.2230000
 125.7860000 164.9440000 222.2740000 125.8690000 163.8780000 220.5190000
 126.5830000 162.9420000 220.8670000 125.0820000 163.8360000 219.4420000
 124.6260000 164.5370000 219.2400000 124.8760000 162.7000000 218.5430000
 125.3040000 161.9060000 218.9000000 123.3690000 162.4390000 218.4190000
 122.8650000 163.2540000 218.5680000 123.1480000 162.1050000 217.5360000
 122.9880000 161.3950000 219.4620000 123.3320000 161.6610000 220.3290000
 123.4040000 160.5560000 219.2080000 121.2250000 161.1020000 219.6210000
 120.6410000 162.6500000 220.3610000 121.3860000 163.2480000 220.5290000
 120.1900000 162.4470000 221.1950000 120.0130000 163.0800000 219.7600000
 125.4880000 162.9780000 217.1770000 125.0790000 163.9130000 216.4850000
 126.5380000 162.2300000 216.8420000 126.7070000 161.5360000 217.3210000
 127.1300000 162.2620000 215.5070000 126.8730000 163.1120000 215.1170000
 128.6710000 162.3420000 215.5650000 128.9170000 162.6360000 216.4560000
 128.9390000 163.0390000 214.9460000 129.5210000 161.1050000 215.2410000
 129.6280000 161.0510000 214.2780000 129.0740000 160.3040000 215.5560000
 130.9060000 161.1970000 215.9120000 131.6790000 162.1180000 215.5340000
 131.0900000 160.5190000 216.9550000 126.5390000 161.1550000 214.6150000
 126.4060000 160.0140000 215.0650000 126.1600000 161.4810000 213.3660000
 126.0740000 162.8280000 212.8350000 126.9670000 163.2020000 212.7710000
 125.5050000 163.3860000 213.3880000 125.4760000 162.7100000 211.4470000
 124.5150000 162.8400000 211.4770000 125.9200000 163.3470000 210.8650000
 125.7920000 161.2890000 211.0120000 125.1010000 160.9310000 210.4320000
 126.6370000 161.2870000 210.5360000 125.9030000 160.4970000 212.3200000
 125.0760000 160.0280000 212.5140000 127.0490000 159.4990000 212.1860000
 128.1810000 159.7950000 212.5650000 126.8350000 158.4530000 211.3940000
 126.0640000 158.3440000 211.0280000 127.9400000 157.6150000 210.9410000
 128.7720000 158.0850000 211.1050000 127.9760000 156.3220000 211.7710000
 127.8180000 156.5460000 212.7010000 127.2630000 155.7380000 211.4700000
 129.3120000 155.5690000 211.6860000 129.4810000 155.3390000 210.7590000
 129.2210000 154.7390000 212.1790000 130.7520000 156.4580000 212.3670000
 132.0350000 155.8820000 211.2180000 132.8330000 156.4220000 211.3290000
 131.7250000 155.9670000 210.3030000 132.2380000 154.9510000 211.4020000
 127.8920000 157.3980000 209.4340000 126.8390000 157.4710000 208.8050000
 129.0840000 157.2880000 208.8560000 129.7830000 157.4610000 209.3260000
 129.3010000 156.9650000 207.4620000 128.5750000 156.3990000 207.1560000
 129.2590000 158.2470000 206.6150000 128.3390000 158.5520000 206.6390000
 129.4990000 158.0110000 205.7050000 130.1270000 159.4330000 207.0090000
 130.7830000 159.4980000 208.0330000 130.0300000 160.4930000 206.2310000
 129.5100000 160.4800000 205.5460000 130.3910000 161.2150000 206.5270000
 130.5900000 156.1500000 207.3300000 131.7010000 156.6820000 207.2940000
 130.4550000 154.8250000 207.4160000 129.6680000 154.4910000 207.5090000
 131.5650000 153.9240000 207.1230000 132.3070000 154.1770000 207.6940000
 131.1500000 152.4830000 207.4740000 131.6090000 151.8570000 206.8920000
 130.1980000 152.3570000 207.3380000 131.5000000 152.1480000 208.9180000
 130.8680000 152.5180000 209.8850000 132.7390000 151.7580000 209.1450000
 132.9090000 151.6290000 209.9780000 133.2690000 151.5600000 208.4980000
 132.0640000 154.0880000 205.6710000 131.4240000 154.7230000 204.8370000
 133.2600000 153.5520000 205.3880000 133.6780000 153.1230000 206.0050000
 133.9160000 153.7050000 204.0900000 134.1560000 154.6390000 203.9840000
 135.1970000 152.8640000 204.0510000 135.6220000 152.9740000 203.1860000
 135.8100000 153.1520000 204.7460000 134.9750000 151.9270000 204.1700000
 132.9960000 153.3180000 202.9230000 132.4220000 152.2290000 202.9050000
 133.0860000 154.1250000 201.8690000 133.5790000 154.8280000 201.9210000
 132.3120000 153.9940000 200.6380000 131.7060000 153.2400000 200.7160000
 131.4750000 155.2620000 200.3910000 130.9800000 155.1640000 199.5620000
 130.4840000 155.5240000 201.5240000 129.9260000 156.2850000 201.3000000
 129.9250000 154.7420000 201.6550000 130.9570000 155.7190000 202.3480000
 132.3180000 156.3920000 200.3040000 131.8410000 157.0700000 200.1680000
 133.2530000 153.7310000 199.4750000 134.4060000 154.1670000 199.4880000
 132.7590000 153.0350000 198.4560000 131.9460000 152.7610000 198.5100000
 133.4810000 152.7570000 197.2090000 134.3590000 153.1680000 197.2330000
 133.6560000 151.2370000 197.0220000 134.1980000 151.0670000 196.2360000
 132.7830000 150.8380000 196.8860000 134.2940000 150.5470000 198.2370000
 134.2280000 149.5850000 198.1270000 133.8010000 150.7740000 199.0410000
 135.7690000 150.9120000 198.4030000 135.9250000 151.8510000 198.2160000
 136.2930000 150.3830000 197.7810000 136.2040000 150.6320000 199.8370000
 135.8000000 151.3020000 200.4100000 135.8750000 149.7590000 200.1030000
 137.6790000 150.6870000 199.9100000 137.9690000 150.4660000 200.7220000
 138.0190000 150.1320000 199.3030000 137.9560000 151.5010000 199.6800000
 132.7230000 153.4000000 196.0560000 131.4930000 153.4370000 196.0800000
 133.4630000 154.0960000 195.1950000 134.3180000 154.0230000 195.2530000
 132.9180000 154.5930000 193.9390000 133.4560000 155.3330000 193.6150000
 132.0090000 154.9080000 194.0630000 132.9020000 153.4950000 192.8800000
 133.2010000 152.3300000 193.1380000 132.5630000 153.8980000 191.6650000
 132.2460000 154.6910000 191.5610000 132.5690000 153.0440000 190.4860000
 132.1900000 152.1800000 190.7130000 131.6570000 153.7170000 189.4470000
 131.3060000 153.0480000 188.8390000 132.1850000 154.3460000 188.9310000
 130.2750000 154.6370000 190.2330000 130.3420000 155.6550000 189.6010000
 134.0070000 152.7890000 189.9710000 134.3170000 151.6700000 189.5820000
 134.9140000 153.7510000 190.2130000 134.6210000 154.5210000 190.4580000
 136.3750000 153.6720000 190.0120000 136.5470000 153.3380000 189.1180000
 136.9470000 155.1020000 190.0930000 136.6710000 155.5050000 190.9310000
 137.9170000 155.0770000 190.0860000 136.4680000 155.9830000 188.9380000
 135.4800000 156.7140000 189.1600000 137.1020000 155.9200000 187.8570000
 137.1300000 152.7310000 190.9860000 138.3550000 152.6240000 190.9160000
 136.4300000 152.0250000 191.8830000 135.5720000 152.0460000 191.8310000
 137.0150000 151.0580000 192.8230000 137.8730000 150.7680000 192.4750000
 137.2480000 151.6970000 194.2120000 136.6330000 152.4370000 194.3380000
 137.0630000 151.0340000 194.8960000 138.6930000 152.1850000 194.4200000
 139.2820000 151.4160000 194.3620000 138.9280000 152.7890000 193.6990000
 138.9080000 152.8760000 195.7900000 138.2210000 152.5130000 196.7790000
 139.9280000 153.6010000 195.9080000 136.1480000 149.7960000 192.9540000
 134.9160000 149.8400000 192.9310000 136.8000000 148.6550000 193.1810000
 137.6580000 148.6690000 193.2380000 136.1410000 147.4140000 193.5850000
 135.2810000 147.3590000 193.1390000 136.9750000 146.2230000 193.1160000
 136.4920000 145.4150000 193.3510000 137.0820000 146.2570000 192.1520000
 138.2460000 146.1700000 193.7290000 138.7960000 145.9360000 193.1380000
 135.8960000 147.3590000 195.1030000 136.6490000 147.9220000 195.9000000
 134.8630000 146.6200000 195.5270000 134.3400000 146.2760000 194.9370000
 134.5280000 146.4500000 196.9610000 134.6750000 147.2990000 197.4060000
 133.0540000 146.0670000 197.1720000 132.9080000 145.8780000 198.1120000
 132.1890000 147.2540000 196.7990000 132.4160000 148.0250000 197.3420000
 131.2610000 147.0240000 196.9610000 132.3190000 147.4730000 195.8630000
 132.5650000 144.8630000 196.3530000 133.0550000 144.0640000 196.6020000
 131.6250000 144.7080000 196.5350000 132.6700000 145.0340000 195.4040000
 135.4010000 145.4390000 197.6970000 135.7240000 145.6500000 198.8630000
 135.7940000 144.3700000 197.0070000 135.5890000 144.3380000 196.1720000
 136.6020000 143.2590000 197.5210000 137.0480000 143.5470000 198.3330000
 135.6930000 142.0370000 197.8190000 134.7600000 142.2960000 197.7540000
 135.8420000 141.3590000 197.1420000 135.9230000 141.3950000 199.1990000
 137.0410000 141.5770000 199.7370000 135.1120000 140.5150000 199.5640000
 137.6720000 142.9170000 196.4730000 137.4420000 143.1190000 195.2810000
 138.7720000 142.2630000 196.8590000 138.8640000 142.0890000 197.6960000
 139.8640000 141.8810000 195.9280000 140.0580000 142.6620000 195.3870000
 141.1590000 141.5590000 196.7110000 141.8890000 141.5660000 196.0720000
 141.3230000 142.2700000 197.3500000 141.1410000 140.2000000 197.4470000
 140.7820000 139.5330000 196.8410000 140.5340000 140.2710000 198.2000000
 142.5180000 139.6740000 197.9240000 143.5330000 140.3960000 197.7440000
 142.5810000 138.4810000 198.3140000 139.4840000 140.7680000 194.9160000
 140.2970000 140.3400000 194.0940000 138.2170000 140.3370000 194.9230000
 137.7040000 140.7150000 195.5010000 137.6500000 139.2950000 194.0480000
 138.2850000 139.1090000 193.3390000 137.4200000 137.9850000 194.8290000
 137.0610000 137.3290000 194.2110000 138.7300000 137.4110000 195.3790000
 139.3930000 137.3600000 194.6730000 138.5710000 136.5270000 195.7460000
 139.0680000 137.9820000 196.0860000 136.4210000 138.1410000 195.9860000
 135.5580000 138.4310000 195.6520000 136.3010000 137.2870000 196.4300000
 136.7460000 138.7850000 196.6350000 136.3500000 139.7000000 193.3480000
 136.0240000 139.1080000 192.3240000 135.6330000 140.7100000 193.8530000
 136.0060000 141.1940000 194.4580000 134.4490000 141.2880000 193.1960000
 133.9960000 140.6230000 192.6550000 133.4590000 141.8140000 194.2490000
 133.9380000 142.3460000 194.9030000 132.3340000 142.6660000 193.6660000
 131.9720000 142.2480000 192.8690000 131.6330000 142.7710000 194.3280000
 132.6730000 143.5450000 193.4360000 132.8470000 140.7280000 194.9050000
 132.2180000 141.0300000 195.3730000 134.9000000 142.4350000 192.3060000
 135.4480000 143.3940000 192.8330000 134.6650000 142.3770000 190.9940000
 134.2650000 141.6910000 190.6630000 135.0190000 143.4740000 190.0880000
 135.9740000 143.6250000 190.1670000 134.7360000 143.0190000 188.6500000
 134.9740000 143.7210000 188.0250000 135.2640000 142.2310000 188.4460000
 133.7940000 142.8150000 188.5430000 134.3270000 144.8130000 190.4540000
 133.2900000 144.8050000 191.1290000 134.8730000 145.9730000 190.0260000
 136.1330000 146.1710000 189.3260000 136.0120000 145.9590000 188.3870000
 136.8510000 145.6390000 189.7040000 136.4540000 147.6580000 189.4740000
 136.9220000 147.8180000 190.3080000 136.9750000 147.9890000 188.7260000
 135.0810000 148.3200000 189.5270000 135.0880000 149.0930000 190.1130000
 134.8190000 148.5860000 188.6320000 134.1380000 147.2330000 190.0620000
 133.8960000 147.4400000 190.9780000 132.8650000 147.1570000 189.2110000
 132.6260000 146.2020000 188.4700000 132.0650000 148.2130000 189.2700000
 132.3370000 148.9080000 189.6970000 130.8500000 148.3130000 188.4680000
 130.3470000 147.4910000 188.5770000 129.9960000 149.4740000 188.9820000
 130.4240000 150.3200000 188.7780000 129.1250000 149.4570000 188.5550000
 129.8260000 149.2750000 190.7750000 128.6310000 149.3780000 190.7990000
 131.1870000 148.4640000 186.9820000 132.0690000 149.2400000 186.6110000
 130.4170000 147.7910000 186.1290000 129.7820000 147.2940000 186.4280000
 130.5690000 147.9090000 184.6810000 131.5010000 147.7570000 184.4580000
 129.7170000 146.8600000 183.9630000 128.8060000 146.8930000 184.2940000
 129.7150000 147.0390000 183.0100000 130.2740000 145.5830000 184.1880000
 129.8050000 145.0080000 183.7950000 130.1760000 149.3020000 184.2030000
 129.1940000 149.8680000 184.6700000 130.7560000 149.6990000 183.0690000
 131.4260000 149.2470000 182.7760000 130.3490000 150.8940000 182.3300000
 130.4390000 151.6630000 182.9140000 131.3400000 151.0480000 181.1710000
 132.1060000 151.5220000 181.5310000 131.6360000 150.1790000 180.8580000
 130.6480000 151.9430000 179.7460000 130.8490000 153.0480000 180.1680000
 128.8800000 150.8820000 181.8720000 128.2490000 151.9340000 181.8780000
 128.3040000 149.6910000 181.6510000 128.7930000 148.9860000 181.7140000
 126.8760000 149.5250000 181.3540000 126.6840000 149.9520000 180.5040000
 126.5680000 148.0150000 181.2340000 127.1820000 147.6030000 180.6070000
 126.6920000 147.5990000 182.1020000 125.1330000 147.7270000 180.7550000
 125.0980000 147.8790000 179.7980000 124.5260000 148.3810000 181.1360000
 124.5970000 146.3180000 181.0540000 125.3170000 145.3660000 181.4110000
 123.3120000 146.1340000 180.8110000 122.8140000 146.8340000 180.7730000
 123.0230000 145.3290000 180.9050000 125.9780000 150.1840000 182.4200000
 125.0210000 150.8670000 182.0840000 126.3700000 150.0590000 183.6880000
 127.0970000 149.6280000 183.8470000 125.6610000 150.5670000 184.8620000
 124.7780000 150.8680000 184.5950000 125.4910000 149.3900000 185.8440000
 125.0270000 149.6950000 186.6390000 126.3710000 149.0910000 186.1200000
 124.7190000 148.2020000 185.2470000 123.4640000 148.2470000 185.3150000
 125.3530000 147.1590000 184.9820000 126.3610000 151.7900000 185.5050000
 126.0000000 152.2020000 186.6100000 127.4040000 152.3480000 184.8630000
 127.6290000 152.0200000 184.1010000 128.0670000 153.5750000 185.3150000
 127.3780000 154.1690000 185.6530000 129.0090000 153.2530000 186.4820000
 128.5120000 152.8630000 187.2180000 129.7020000 152.6400000 186.1890000
 129.7370000 154.8300000 186.9760000 129.5900000 154.5990000 188.1440000
 128.8260000 154.3430000 184.2080000 129.9100000 153.9310000 183.7960000
 128.5450000 155.6520000 184.1280000 127.8270000 155.9220000 184.5170000
 129.1600000 156.5630000 183.1450000 129.1780000 156.1090000 182.2880000
 128.2810000 157.8100000 182.9970000 128.3250000 158.3300000 183.8150000
 128.6170000 158.3480000 182.2630000 126.9310000 157.4870000 182.7350000
 126.5460000 157.3840000 183.4740000 130.6040000 157.0370000 183.4240000
 131.2100000 157.6190000 182.5260000 131.1170000 156.9780000 184.6670000
 130.6180000 156.6780000 185.3000000 132.4380000 157.5600000 185.0200000
 132.5590000 158.3500000 184.4700000 132.4440000 158.0460000 186.4950000
 131.6510000 158.5910000 186.6180000 132.3410000 156.8980000 187.5190000
 133.1000000 156.8950000 188.1230000 132.3250000 156.0310000 187.0850000
 131.5340000 157.0000000 188.0480000 133.6580000 158.9450000 186.8390000
 133.7520000 159.0100000 187.8020000 134.4790000 158.5580000 186.4970000
 133.5030000 160.3780000 186.3140000 134.3120000 160.8780000 186.5030000
 132.7580000 160.8070000 186.7630000 133.3490000 160.3770000 185.3560000
 133.6480000 156.6550000 184.6960000 134.6630000 157.1520000 184.2140000
 133.4960000 155.3260000 184.8050000 132.7260000 155.0330000 185.0520000
 134.6050000 154.3380000 184.7290000 135.3220000 154.6370000 185.3100000
 134.1340000 152.9510000 185.2240000 134.9040000 152.3630000 185.2650000
 133.5350000 153.0270000 186.6290000 132.6900000 153.5030000 186.6160000
 133.3820000 152.1280000 186.9610000 134.1610000 153.4800000 187.2150000
 133.0880000 152.2950000 184.3100000 132.8170000 151.4430000 184.6860000
 133.4670000 152.1370000 183.4310000 132.3080000 152.8650000 184.2280000
 135.1970000 154.1850000 183.3210000 136.1800000 153.4780000 183.1010000
 134.4670000 154.6910000 182.3310000 133.7840000 155.1600000 182.5610000
 134.6440000 154.4550000 180.9110000 135.3340000 153.7870000 180.7760000
 133.3400000 153.9120000 180.3290000 133.3500000 153.9820000 179.3620000
 133.2830000 152.9720000 180.5620000 131.8960000 154.8090000 180.9880000
 132.3460000 155.9140000 180.8570000 135.0640000 155.7410000 180.2070000
 134.2900000 156.6880000 180.0720000 136.2670000 155.7130000 179.6410000
 136.7460000 155.0070000 179.7500000 136.8080000 156.8220000 178.8710000
 136.3200000 157.6360000 179.0730000 137.7220000 156.9530000 179.1680000
 136.7350000 156.5980000 177.3530000 135.7450000 156.0800000 176.8330000
 137.7540000 157.0430000 176.5970000 139.0100000 157.5880000 177.0890000
 138.8650000 158.4870000 177.4240000 139.3870000 157.0250000 177.7830000
 139.9570000 157.6090000 175.8940000 140.4520000 156.7750000 175.8630000
 140.5620000 158.3660000 175.9380000 139.0110000 157.6970000 174.6950000
 138.7650000 158.6240000 174.5510000 139.4120000 157.3240000 173.8940000
 137.7750000 156.9100000 175.1450000 136.9800000 157.3190000 174.7690000
 137.8310000 155.4330000 174.7210000 138.7220000 154.6950000 175.1380000
 136.9740000 155.0460000 173.7640000 136.3690000 155.6050000 173.5180000
 137.0430000 153.7280000 173.1100000 137.0310000 153.0650000 173.8180000
 135.8190000 153.4800000 172.2090000 135.8890000 152.5810000 171.8520000
 135.0170000 153.5080000 172.7550000 135.6490000 154.4640000 171.0360000
 136.5100000 154.7480000 170.6910000 135.1730000 155.2480000 171.3520000
 134.8840000 153.7910000 169.8840000 135.5010000 153.2050000 169.4180000
 134.1640000 153.2430000 170.2330000 134.3150000 154.8080000 168.8880000
 134.9930000 155.4760000 168.7010000 134.1120000 154.3410000 168.0620000
 133.0840000 155.4510000 169.4130000 132.7650000 156.0490000 168.8360000
 132.4520000 154.8390000 169.5470000 133.2450000 155.8540000 170.1900000
 138.3670000 153.5390000 172.3440000 138.8660000 154.5120000 171.7690000
 138.8710000 152.2990000 172.1970000 138.3220000 151.0430000 172.7000000
 138.3940000 151.0170000 173.6670000 137.3980000 150.9250000 172.4300000
 139.1670000 149.9260000 172.0810000 138.7490000 149.6170000 171.2620000
 139.2920000 149.1880000 172.6980000 140.4890000 150.6210000 171.7580000
 140.9680000 150.1810000 171.0380000 141.0390000 150.6500000 172.5560000
 140.0580000 152.0410000 171.3930000 140.7620000 152.6610000 171.6410000
 139.7650000 152.2120000 169.8970000 138.6460000 151.9940000 169.4300000
 140.7960000 152.5920000 169.1410000 141.5560000 152.7210000 169.5220000
 140.7710000 152.7240000 167.6840000 140.0840000 152.1320000 167.3410000
 140.4210000 154.1580000 167.2500000 140.5400000 154.2300000 166.2900000
 141.0240000 154.7820000 167.6830000 138.9700000 154.5240000 167.5860000
 138.3760000 153.8980000 167.1420000 138.8290000 154.4530000 168.5430000
 138.5730000 155.9370000 167.1880000 139.3410000 156.7620000 166.7280000
 137.3250000 156.2840000 167.4020000 136.7840000 155.6910000 167.7100000
 137.1250000 157.0940000 167.1960000 142.1430000 152.3290000 167.1150000
 143.1680000 152.7570000 167.6500000 142.1940000 151.5290000 166.0390000
 141.0550000 150.9370000 165.3610000 140.4710000 150.4870000 165.9910000
 140.5590000 151.6100000 164.8700000 141.6280000 149.9110000 164.4010000
 141.5110000 150.2080000 163.4850000 141.1650000 149.0740000 164.5600000
 143.1220000 149.8090000 164.7350000 143.2610000 149.1210000 165.4040000
 143.6630000 149.6300000 163.9500000 143.4260000 151.1750000 165.3480000
 144.1580000 151.0960000 165.9790000 143.7560000 152.2300000 164.2750000
 142.8400000 152.7680000 163.6480000 145.0360000 152.4550000 163.9330000
 146.2250000 151.8330000 164.5010000 146.2960000 152.0440000 165.4450000
 146.1940000 150.8720000 164.3720000 147.4230000 152.4120000 163.7380000
 147.7610000 151.7550000 163.1090000 148.1280000 152.6850000 164.3450000
 146.8530000 153.6110000 162.9740000 146.9050000 154.3990000 163.5380000
 147.3190000 153.7670000 162.1380000 145.3810000 153.2500000 162.7620000
 144.8540000 154.0640000 162.7410000 145.1420000 152.4070000 161.4910000
 145.6400000 151.2820000 161.4330000 144.4360000 152.9070000 160.4580000
 143.4970000 154.0220000 160.5370000 143.9640000 154.8640000 160.6510000
 142.8830000 153.8790000 161.2740000 142.7060000 154.0280000 159.2270000
 143.0770000 154.6920000 158.6250000 141.7650000 154.2080000 159.3810000
 142.9220000 152.6230000 158.6600000 142.2590000 152.0240000 159.0380000
 142.8620000 152.6130000 157.6920000 144.3150000 152.2230000 159.1670000
 144.3350000 151.2600000 159.2790000 145.4420000 152.6580000 158.2020000
 145.3590000 153.7530000 157.6410000 146.5010000 151.8560000 157.9590000
 146.8540000 150.5890000 158.5910000 146.9490000 150.7050000 159.5490000
 146.1930000 149.9080000 158.3910000 148.2240000 150.1760000 158.0410000
 148.1190000 149.4740000 157.3800000 148.8150000 149.8740000 158.7490000
 148.7580000 151.4490000 157.3800000 149.2180000 151.9880000 158.0430000
 149.3480000 151.2530000 156.6360000 147.4880000 152.1740000 156.9350000
 147.6640000 153.1280000 156.9130000 146.9900000 151.6740000 155.5660000
 146.9050000 150.4650000 155.3630000 146.8050000 152.5450000 154.5590000
 146.7640000 154.0010000 154.6380000 146.0370000 154.2780000 155.2180000
 147.6060000 154.3590000 154.9590000 146.4910000 154.4950000 153.2190000
 147.3350000 154.7240000 152.7990000 145.9010000 155.2650000 153.2150000
 145.8430000 153.2810000 152.5410000 144.9000000 153.2670000 152.7660000
 145.9350000 153.2870000 151.5750000 146.5270000 152.0780000 153.2020000
 145.9030000 151.3350000 153.2170000 147.8120000 151.5960000 152.4870000
 147.7390000 150.8840000 151.4940000 148.9770000 152.1410000 152.8860000
 148.9390000 152.6700000 153.5630000 150.3020000 151.9290000 152.2820000
 150.8670000 152.6400000 152.6240000 150.8830000 150.6200000 152.8460000
 150.8480000 150.6320000 153.8150000 150.3720000 149.8630000 152.5180000
 151.8070000 150.5190000 152.5700000 150.4340000 152.0630000 150.7300000
 151.3640000 151.4800000 150.1630000 149.6430000 152.9040000 150.0170000
 148.7440000 153.9500000 150.4860000 149.2350000 154.6180000 150.9890000
 148.0380000 153.5620000 151.0270000 148.0690000 154.5810000 149.2640000
 147.1070000 154.6290000 149.3810000 148.4300000 155.4670000 149.1040000
 148.4450000 153.6250000 148.1320000 148.4970000 154.0670000 147.2700000
 147.7990000 152.9020000 148.0950000 149.7970000 153.0780000 148.5860000
 149.9720000 152.2310000 148.1460000 150.9490000 154.0600000 148.3440000
 150.9870000 155.1520000 148.9080000 151.8280000 153.7610000 147.3930000
 151.7880000 152.9890000 147.0170000 152.9460000 154.6590000 147.0820000
 153.4140000 154.8900000 147.9000000 153.9090000 153.9150000 146.1610000
 153.4100000 153.3900000 145.5150000 154.4310000 154.5680000 145.6700000
 154.8590000 153.0260000 146.8930000 154.5280000 152.0330000 147.7520000
 153.6630000 151.7720000 147.9700000 155.6730000 151.5110000 148.3150000
 155.6590000 150.9000000 148.9200000 156.8040000 152.1510000 147.8550000
 158.1700000 152.0120000 148.1370000 158.4580000 151.3730000 148.7480000
 159.0920000 152.8540000 147.4900000 160.0010000 152.7720000 147.6670000
 158.6380000 153.8260000 146.5800000 159.2480000 154.3870000 146.1590000
 157.2620000 153.9620000 146.3130000 156.9670000 154.6180000 145.7230000
 156.3130000 153.1250000 146.9380000 152.4890000 155.9830000 146.4560000
 153.0970000 157.0210000 146.6740000 151.4600000 155.8880000 145.6010000
 151.1310000 155.1000000 145.5000000 150.7580000 156.9800000 144.9070000
 150.3980000 156.5890000 144.0960000 149.5390000 157.4350000 145.7330000
 149.8260000 157.8330000 146.5700000 148.5810000 158.3770000 145.0070000
 147.8430000 158.6030000 145.5940000 148.2330000 157.9430000 144.2120000
 149.0320000 159.2010000 144.7670000 148.7590000 156.2970000 145.9990000
 148.0990000 156.5560000 146.4500000 151.6660000 158.1410000 144.4610000
 151.4740000 159.2630000 144.9170000 152.6600000 157.8910000 143.5750000
 152.7510000 157.0770000 143.3130000 153.8010000 158.8250000 143.3770000
 154.3200000 158.8130000 144.1960000 154.7530000 158.4170000 142.2010000
 154.2060000 158.3000000 141.4090000 155.7730000 159.5280000 141.8620000
 156.6380000 159.1790000 141.5950000 155.9280000 160.1030000 142.6280000
 155.4310000 160.0460000 141.1160000 155.5520000 157.1050000 142.3700000
 154.9910000 156.3630000 142.0950000 156.2940000 157.0770000 141.7460000
 156.1090000 156.8660000 143.7760000 156.7280000 156.1190000 143.7500000
 156.5800000 157.6550000 144.0870000 155.3850000 156.6600000 144.3880000
 153.3430000 160.2870000 143.2210000 153.7950000 161.1450000 143.9740000
 152.4190000 160.5580000 142.2860000 152.1280000 159.8960000 141.8200000
 151.9250000 161.9110000 141.9680000 152.2380000 162.5080000 142.6650000
 152.5400000 162.3730000 140.6120000 152.8060000 161.5940000 140.0990000
 151.8520000 162.8090000 140.0860000 153.7320000 163.3640000 140.6540000
 153.9530000 163.5760000 139.7340000 153.3590000 164.6860000 141.3250000
 154.1110000 165.2970000 141.2810000 152.6060000 165.0820000 140.8590000
 153.1280000 164.5450000 142.2560000 155.0220000 162.8310000 141.2830000
 155.5590000 163.5500000 141.6500000 154.8140000 162.2320000 142.0170000
 155.5450000 162.3590000 140.6160000 150.3780000 162.0420000 142.0320000
 149.8260000 162.9960000 141.4900000 149.6670000 161.0830000 142.6450000
 150.1080000 160.4890000 143.0840000 148.2020000 161.1460000 142.8690000
 147.8320000 161.9290000 142.4320000 148.0280000 161.2310000 143.8200000
 147.4010000 159.9450000 142.3500000 146.2820000 159.7060000 142.7900000
 147.9970000 159.1540000 141.4560000 148.8080000 159.3540000 141.2520000
 147.4930000 157.8650000 140.9740000 146.6310000 157.6710000 141.3740000
 147.3240000 157.9110000 139.4400000 147.1800000 157.0060000 139.1210000
 148.1440000 158.2330000 139.0330000 146.1300000 158.7660000 138.9620000
 145.3380000 158.5050000 139.4570000 146.3440000 160.2740000 139.1250000
 145.7640000 160.7710000 138.5270000 147.2680000 160.5100000 138.9490000
 146.1070000 160.5320000 140.0290000 145.8640000 158.4860000 137.4840000
 145.6290000 157.5520000 137.3700000 145.1100000 159.0160000 137.1830000
 146.6460000 158.7030000 136.9530000 148.4520000 156.7640000 141.4330000
 149.5670000 157.0710000 141.8510000 148.0850000 155.5130000 141.1520000
 147.3270000 155.4310000 140.7540000 148.5630000 154.2260000 141.6980000
 148.1480000 154.0740000 142.5620000 148.0320000 153.1840000 140.7040000
 148.5050000 153.2640000 139.8610000 147.0870000 153.3350000 140.5480000
 148.2180000 151.7700000 141.2600000 147.6130000 151.5760000 142.3260000
 148.1600000 150.9140000 140.3470000 150.0770000 153.9600000 141.8770000
 150.4890000 152.8890000 142.3100000 150.9390000 154.8580000 141.4080000
 150.5970000 155.6080000 141.1630000 152.3930000 154.7250000 141.3770000
 152.7420000 155.5860000 141.0970000 152.8820000 154.4780000 142.8150000
 152.8380000 153.5350000 143.0370000 153.7920000 154.7770000 142.9680000
 152.2930000 154.9610000 143.4160000 152.9020000 153.7110000 140.3310000
 153.9080000 153.9850000 139.6880000 152.0080000 152.8100000 139.8810000
 151.3050000 152.6780000 140.3590000 152.3030000 151.8510000 138.8190000
 153.2680000 151.7810000 138.7530000 151.7480000 150.4820000 139.2360000
 151.7200000 150.4110000 140.2030000 150.8410000 150.3750000 138.9080000
 152.6490000 149.3720000 138.6880000 152.2600000 148.5160000 138.9270000
 152.6490000 149.4450000 137.7210000 154.3850000 149.4060000 139.2460000
 154.1720000 149.2510000 141.0410000 155.0430000 149.2070000 141.4660000
 153.6760000 148.4410000 141.2380000 153.6920000 150.0190000 141.3880000
 151.8250000 152.2990000 137.4310000 152.6500000 152.3470000 136.5190000
 150.6730000 152.9930000 137.3680000 150.1290000 152.9290000 138.0310000
 150.2360000 153.7470000 136.1750000 150.0790000 153.1330000 135.4400000
 148.9250000 154.5120000 136.4690000 149.0460000 155.0310000 137.2800000
 148.7910000 155.1490000 135.7500000 147.6190000 153.7360000 136.6020000
 147.5680000 152.3260000 136.6070000 148.3370000 151.8100000 136.5290000
 146.3300000 151.6670000 136.7390000 146.2920000 150.7380000 136.7600000
 145.1380000 152.3970000 136.8570000 143.9580000 151.7380000 137.0320000
 143.2980000 152.2510000 137.1160000 145.1730000 153.8070000 136.8290000
 144.3840000 154.2960000 136.8840000 146.4150000 154.4660000 136.7000000
 146.4390000 155.3950000 136.6660000 151.3000000 154.7600000 135.7070000
 151.4800000 154.9630000 134.5080000 152.0380000 155.3710000 136.6460000
 151.9160000 155.1320000 137.4630000 153.0610000 156.3850000 136.3410000
 152.7860000 156.8480000 135.5340000 153.1600000 157.4520000 137.4460000
 153.3400000 157.0210000 138.2960000 154.2760000 158.4670000 137.1610000
 154.2560000 159.1810000 137.8180000 154.1620000 158.8450000 136.2750000
 155.1440000 158.0370000 137.2110000 151.8370000 158.2240000 137.5510000
 151.9120000 158.9250000 138.2180000 151.1180000 157.6270000 137.8100000
 151.6200000 158.6240000 136.6940000 154.4260000 155.7820000 136.0170000
 154.9780000 156.1500000 134.9810000 154.9610000 154.8480000 136.8240000
 154.5370000 154.5930000 137.5270000 156.2540000 154.2030000 136.5120000
 156.9320000 154.8930000 136.4430000 156.7000000 153.2190000 137.6300000
 155.9690000 152.6020000 137.7930000 157.9510000 152.3910000 137.2550000
 157.9080000 152.0580000 136.3450000 158.0160000 151.6220000 137.8420000
 158.7550000 152.9260000 137.3480000 157.0320000 153.9720000 138.9430000
 156.2840000 154.5360000 139.1960000 157.7880000 154.5620000 138.7970000
 157.3580000 153.0450000 140.1280000 157.1940000 153.5130000 140.9620000
 156.8040000 152.2490000 140.1000000 158.2920000 152.7850000 140.0960000
 156.1760000 153.5260000 135.1330000 157.0270000 153.7900000 134.2830000
 155.0600000 152.8570000 134.8170000 154.4590000 152.7270000 135.4190000
 154.8930000 152.2040000 133.5160000 155.7330000 151.7620000 133.3160000
 153.8120000 151.1240000 133.5750000 153.0150000 151.4730000 134.0040000
 153.5800000 150.8440000 132.6760000 154.3540000 149.9120000 134.3370000
 153.6620000 149.2330000 134.3770000 154.5670000 150.1730000 135.2470000
 155.8000000 149.1430000 133.5530000 157.0130000 149.3560000 134.8660000
 157.8530000 148.9600000 134.5870000 157.1350000 150.3050000 135.0250000
 156.6950000 148.9230000 135.6740000 154.6650000 153.1520000 132.3430000
 155.4160000 153.0450000 131.3730000 153.8320000 154.1920000 132.4720000
 153.3390000 154.2570000 133.1740000 153.7110000 155.2170000 131.4220000
 153.4310000 154.7870000 130.5990000 152.6340000 156.2440000 131.8090000
 151.8000000 155.7670000 131.9430000 152.8770000 156.6510000 132.6550000
 152.3790000 157.3420000 130.8110000 153.2590000 158.3120000 130.4720000
 154.1170000 158.3950000 130.8220000 152.7200000 159.1250000 129.5010000
 153.1460000 159.7830000 129.1460000 151.4450000 158.7310000 129.1650000
 150.5120000 159.2290000 128.2440000 150.7150000 159.9710000 127.7210000
 149.2660000 158.5930000 128.1270000 148.6330000 158.9100000 127.5240000
 148.9720000 157.4780000 128.9330000 148.1420000 157.0650000 128.8620000
 149.9230000 156.9840000 129.8510000 149.7120000 156.2490000 130.3800000
 151.1910000 157.5920000 129.9880000 155.0620000 155.8980000 131.1390000
 155.4510000 156.0370000 129.9790000 155.8460000 156.2100000 132.1780000
 155.5490000 156.0580000 132.9700000 157.1990000 156.7710000 132.0390000
 157.1550000 157.5300000 131.4370000 157.7140000 157.2520000 133.4230000
 157.4180000 156.6020000 134.0800000 159.2510000 157.2410000 133.5410000
 159.5220000 157.6120000 134.3950000 159.5760000 156.3280000 133.5150000
 159.6510000 157.7530000 132.8210000 157.1680000 158.6340000 133.8910000
 156.6040000 158.4840000 134.6660000 157.9040000 159.1900000 134.1920000
 156.3550000 159.4810000 132.9000000 156.1160000 160.3220000 133.3200000
 156.8790000 159.6730000 132.1060000 155.5370000 159.0160000 132.6620000
 158.1570000 155.7930000 131.3430000 158.8050000 156.1840000 130.3710000
 158.1850000 154.5150000 131.7350000 157.7330000 154.2850000 132.4300000
 159.0450000 153.5130000 131.0730000 159.9530000 153.8540000 131.0500000
 159.0790000 152.1720000 131.8190000 159.6970000 151.5920000 131.3480000
 159.5800000 152.2700000 133.2640000 160.5040000 151.9770000 133.2980000
 159.0520000 151.6960000 133.8410000 159.5350000 153.1810000 133.5950000
 157.8280000 151.5340000 131.7700000 157.2210000 152.0990000 131.6370000
 158.6250000 153.2530000 129.6260000 159.4880000 153.1310000 128.7600000
 157.3280000 153.3540000 129.3190000 156.7620000 153.4530000 129.9590000
 156.8090000 153.1990000 127.9660000 157.2390000 152.4220000 127.5750000
 155.2970000 152.9490000 128.0040000 154.8540000 153.7280000 128.3760000
 155.1110000 152.1950000 128.5860000 154.7370000 152.6470000 126.6270000
 155.2740000 151.5760000 125.8840000 155.9350000 151.0360000 126.2540000
 154.8130000 151.3140000 124.5820000 155.1680000 150.6040000 124.0980000
 153.7650000 152.0850000 124.0400000 153.2640000 151.7710000 122.8160000
 153.5980000 151.0610000 122.5150000 153.2250000 153.1570000 124.7810000
 152.5350000 153.6610000 124.4150000 153.7240000 153.4510000 126.0670000
 153.3750000 154.1660000 126.5480000 157.1360000 154.3960000 127.0720000
 157.6330000 154.1980000 125.9660000 157.0610000 155.6240000 127.5960000
 156.7120000 155.7160000 128.3760000 157.5370000 156.8140000 126.8830000
 157.1530000 156.8040000 125.9920000 157.0770000 158.0980000 127.5930000
 157.3390000 158.0680000 128.5260000 157.5180000 158.8560000 127.1780000
 155.5610000 158.3310000 127.5010000 155.3730000 159.1990000 127.8900000
 155.0990000 157.6630000 128.0310000 154.8840000 158.3120000 125.8100000
 153.1460000 158.6910000 126.1650000 152.6480000 158.7350000 125.3340000
 152.7640000 158.0000000 126.7280000 153.0920000 159.5480000 126.6150000
 159.0590000 156.8140000 126.6830000 159.5200000 157.1380000 125.5870000
 159.8330000 156.3140000 127.6530000 159.4730000 156.1020000 128.4050000
 161.2700000 156.0930000 127.4850000 161.6650000 156.9130000 127.1510000
 161.9070000 155.8000000 128.8480000 162.8700000 155.7460000 128.7450000
 161.5790000 154.9570000 129.1980000 161.6980000 156.5130000 129.4710000
 161.5860000 154.9920000 126.4560000 162.4580000 155.1790000 125.6120000
 160.8030000 153.9150000 126.3930000 160.2090000 153.7890000 127.0020000
 160.9650000 152.9190000 125.3370000 161.9050000 152.6850000 125.2840000
 160.2000000 151.6390000 125.6880000 159.2710000 151.8510000 125.8690000
 160.5800000 151.2530000 126.4930000 160.2750000 150.6310000 124.5620000
 161.3870000 149.7750000 124.4480000 162.0530000 149.7880000 125.0970000
 161.4970000 148.9050000 123.3470000 162.2210000 148.3250000 123.2830000
 160.5180000 148.9230000 122.3370000 160.5850000 148.3470000 121.6100000
 159.4380000 149.8190000 122.4260000 158.7980000 149.8470000 121.7520000
 159.2960000 150.6440000 123.5530000 158.5680000 151.2200000 123.6180000
 160.5780000 153.4730000 123.9560000 161.3750000 153.3780000 123.0240000
 159.4440000 154.1730000 123.8380000 158.9370000 154.2290000 124.5300000
 158.9610000 154.7660000 122.5880000 158.8940000 154.0560000 121.9300000
 157.5370000 155.3280000 122.8170000 156.9720000 154.5760000 123.0530000
 157.5380000 155.9350000 123.5740000 156.9130000 156.0410000 121.5960000
 157.2720000 155.6460000 120.7860000 155.3960000 155.8600000 121.5390000
 155.1770000 154.9160000 121.5060000 154.9820000 156.2560000 122.3220000
 155.0460000 156.2840000 120.7400000 157.1860000 157.5490000 121.5710000
 158.1390000 157.7280000 121.5560000 156.7950000 157.9380000 120.7730000
 156.7970000 157.9680000 122.3540000 159.9490000 155.7960000 122.0180000
 160.2960000 155.6980000 120.8380000 160.4910000 156.7000000 122.8530000
 160.2210000 156.7200000 123.6690000 161.4470000 157.7160000 122.3910000
 161.0450000 158.1500000 121.6220000 161.6580000 158.8210000 123.4610000
 161.9880000 159.6190000 123.0190000 160.7850000 159.0420000 123.8210000
 162.6080000 158.4970000 124.6360000 162.5120000 157.5570000 124.8540000
 164.0860000 158.8010000 124.3500000 164.2140000 159.7530000 124.2140000
 164.6210000 158.5110000 125.1050000 164.4000000 158.3280000 123.5630000
 162.2650000 159.3080000 125.8880000 162.4110000 160.2540000 125.7330000
 162.8250000 159.0150000 126.6240000 161.3380000 159.1600000 126.1320000
 162.7550000 157.0830000 121.8900000 163.2570000 157.4890000 120.8400000
 163.2740000 156.0480000 122.5670000 162.8710000 155.7690000 123.2740000
 164.5400000 155.4100000 122.1650000 165.1520000 156.1050000 121.8770000
 165.2230000 154.6370000 123.3130000 164.6780000 153.8660000 123.5350000
 166.6230000 154.1580000 122.8930000 167.0250000 153.6510000 123.6160000
 167.1840000 154.9230000 122.6930000 166.5780000 153.5890000 122.1090000
 165.4480000 155.4660000 124.5850000 165.6650000 154.8680000 125.3180000
 166.1650000 156.1080000 124.4620000 164.6450000 155.9550000 124.8260000
 164.3250000 154.4770000 120.9750000 165.1170000 154.5070000 120.0380000
 163.2370000 153.7050000 120.9520000 162.7010000 153.7270000 121.6240000
 162.9650000 152.7330000 119.8960000 163.7640000 152.1990000 119.7600000
 161.8400000 151.7870000 120.3350000 161.0420000 152.3010000 120.5340000
 162.1070000 151.3240000 121.1440000 161.5220000 150.7680000 119.2640000
 160.4320000 150.9760000 118.3990000 159.8500000 151.6880000 118.5380000
 160.2480000 150.1330000 117.2920000 159.5280000 150.2820000 116.7230000
 161.1530000 149.0830000 117.0480000 161.0450000 148.5360000 116.3040000
 162.2100000 148.8410000 117.9410000 162.7950000 148.1340000 117.7920000
 162.3960000 149.6860000 119.0480000 163.1150000 149.5490000 119.6220000
 162.6490000 153.4020000 118.5530000 163.3320000 153.1270000 117.5630000
 161.7610000 154.4050000 118.5310000 161.3500000 154.6260000 119.2530000
 161.5660000 155.2100000 117.3220000 161.4860000 154.6030000 116.5690000
 160.2660000 156.0160000 117.3780000 160.3110000 156.7240000 116.7170000
 160.1780000 156.4430000 118.2440000 159.0360000 155.1850000 117.0710000
 158.6990000 154.8830000 115.7370000 159.2400000 155.1820000 115.0420000
 157.5430000 154.1310000 115.4540000 157.3190000 153.9320000 114.5730000
 156.7140000 153.6940000 116.5040000 155.9410000 153.2110000 116.3210000
 157.0560000 153.9860000 117.8360000 156.5080000 153.7020000 118.5320000
 158.2270000 154.7120000 118.1160000 158.4730000 154.8880000 118.9950000
 162.7670000 156.1110000 117.0230000 163.1430000 156.2040000 115.8590000
 163.4790000 156.6310000 118.0280000 163.1930000 156.5480000 118.8350000
 164.7170000 157.3900000 117.8200000 165.0560000 157.6690000 118.6850000
 164.5270000 158.1800000 117.2900000 165.8140000 156.5790000 117.1200000
 166.3370000 157.0080000 116.0910000 166.0110000 155.3270000 117.5380000
 165.5920000 155.0680000 118.2430000 166.9100000 154.3680000 116.9060000
 167.7770000 154.7880000 116.7880000 167.0820000 153.1690000 117.8450000
 167.7010000 152.5330000 117.4540000 166.2280000 152.7330000 117.9910000
 167.4350000 153.4670000 118.6980000 166.4130000 153.9260000 115.5220000
 167.1960000 153.9330000 114.5760000 165.1090000 153.6870000 115.3450000
 164.5940000 153.6840000 116.0340000 164.5290000 153.3670000 114.0370000
 164.9960000 152.5990000 113.6730000 163.0520000 152.9860000 114.2040000
 162.9880000 152.2100000 114.7830000 162.5870000 153.7170000 114.6410000
 162.3540000 152.6860000 112.8910000 161.6260000 153.6950000 112.2310000
 161.5500000 154.5400000 112.6120000 161.0210000 153.4310000 110.9900000
 160.5360000 154.0980000 110.5600000 161.1420000 152.1570000 110.4060000
 160.7270000 151.9720000 109.5950000 161.8580000 151.1450000 111.0680000
 161.9160000 150.2970000 110.6900000 162.4660000 151.4090000 112.3080000
 162.9420000 150.7390000 112.7430000 164.6970000 154.5130000 113.0260000
 165.2130000 154.2870000 111.9330000 164.4360000 155.7610000 113.4260000
 164.1100000 155.8750000 114.2140000 164.6700000 156.9470000 112.6000000
 164.2690000 156.7910000 111.7310000 164.0000000 158.1830000 113.2240000
 164.2320000 158.2300000 114.1650000 164.3620000 158.9770000 112.8010000
 162.4890000 158.2360000 113.0570000 161.9290000 158.2610000 111.7650000
 162.4810000 158.2420000 111.0170000 160.5340000 158.3260000 111.5960000
 160.1680000 158.3450000 110.7410000 159.6920000 158.3710000 112.7200000
 158.7690000 158.4170000 112.6130000 160.2460000 158.3680000 114.0120000
 159.6900000 158.4120000 114.7560000 161.6410000 158.3130000 114.1790000
 162.0000000 158.3330000 115.0370000 166.1590000 157.2090000 112.3490000
 166.5090000 157.5600000 111.2220000 167.0460000 156.9250000 113.3080000
 166.7550000 156.7170000 114.0900000 168.4930000 157.0170000 113.1180000
 168.6970000 157.8870000 112.7400000 169.1900000 156.9240000 114.4810000
 170.1480000 157.0170000 114.3640000 168.8740000 157.6350000 115.0610000
 169.0040000 156.0680000 114.8970000 169.0260000 155.9560000 112.1380000
 169.7080000 156.3180000 111.1810000 168.5890000 154.6970000 112.2530000
 168.0910000 154.5080000 112.9280000 168.9190000 153.6080000 111.3140000
 169.8820000 153.5740000 111.2060000 168.4550000 152.2370000 111.8560000
 167.5160000 152.2930000 112.0930000 168.6260000 151.0980000 110.8370000
 168.0830000 151.2560000 110.0490000 168.3390000 150.2610000 111.2340000
 169.5570000 151.0220000 110.5770000 169.2620000 151.8290000 113.0960000
 169.2070000 152.5130000 113.7820000 170.1950000 151.6970000 112.8650000
 168.9040000 151.0050000 113.4620000 168.3220000 153.8680000 109.9310000
 169.0270000 153.7250000 108.9360000 167.0870000 154.3650000 109.8440000
 166.6240000 154.4330000 110.5660000 166.4440000 154.7270000 108.5780000
 166.5030000 153.9710000 107.9740000 164.9600000 155.0220000 108.8210000
 164.5400000 154.2340000 109.1990000 164.8830000 155.7350000 109.4740000
 164.1980000 155.4280000 107.5970000 163.6680000 154.5740000 106.6950000
 163.7060000 153.6470000 106.7600000 163.0580000 155.2860000 105.6800000
 162.6340000 154.9070000 105.0350000 163.1510000 156.6460000 105.8890000
 162.6570000 157.7590000 105.1880000 162.1390000 157.6320000 104.4260000
 162.8870000 159.0470000 105.7030000 162.5120000 159.7920000 105.2910000
 163.6330000 159.2050000 106.8860000 163.7640000 160.0530000 107.2440000
 164.1320000 158.0800000 107.5730000 164.5920000 158.1930000 108.3740000
 163.8930000 156.7710000 107.1020000 167.1410000 155.9040000 107.8880000
 167.5030000 155.7960000 106.7160000 167.5220000 156.9340000 108.6490000
 167.2770000 156.9480000 109.4730000 168.3510000 158.0320000 108.1600000
 167.9330000 158.4120000 107.3710000 168.4510000 159.1300000 109.2270000
 169.1630000 159.7470000 108.9950000 168.6440000 158.7410000 110.0950000
 166.8860000 160.0430000 109.2920000 166.3540000 159.2920000 110.0630000
 169.7440000 157.5590000 107.7310000 170.1840000 157.9410000 106.6530000
 170.3920000 156.6700000 108.4880000 170.0390000 156.4400000 109.2380000
 171.7110000 156.1180000 108.1640000 172.3250000 156.8530000 108.0090000
 172.2320000 155.3050000 109.3580000 171.6670000 154.5290000 109.4960000
 172.1720000 155.8510000 110.1570000 173.6710000 154.8590000 109.2070000
 173.9900000 153.5740000 108.7190000 173.3130000 152.9820000 108.4820000
 175.3410000 153.1790000 108.6010000 175.5570000 152.3350000 108.2740000
 176.3680000 154.0780000 108.9650000 177.6800000 153.7230000 108.9150000
 178.0140000 153.8570000 108.1560000 176.0460000 155.3630000 109.4310000
 176.7350000 155.9380000 109.6760000 174.7010000 155.7510000 109.5610000
 174.4930000 156.5920000 109.8990000 171.6860000 155.2640000 106.8910000
 172.4190000 155.5570000 105.9470000 170.6910000 154.3730000 106.7720000
 170.1780000 154.2660000 107.4540000 170.4530000 153.5310000 105.5910000
 171.2740000 153.0540000 105.3930000 169.3370000 152.5110000 105.8990000
 168.4730000 152.9480000 105.8450000 169.4530000 152.1850000 106.8050000
 169.3610000 151.2890000 104.9630000 170.2190000 150.8450000 105.0530000
 169.2510000 151.5770000 104.0430000 168.2400000 150.2970000 105.3290000
 168.3370000 150.0470000 106.2610000 167.3870000 150.7440000 105.2140000
 168.2770000 149.0770000 104.4940000 168.9920000 148.9460000 104.0340000
 167.3220000 148.1630000 104.3710000 166.1920000 148.2330000 105.0220000
 166.0340000 148.9030000 105.5380000 165.5430000 147.6930000 104.8580000
 167.4920000 147.1430000 103.5780000 168.2110000 147.0570000 103.1140000
 166.8670000 146.5590000 103.4940000 170.1390000 154.3810000 104.3610000
 170.8000000 154.2050000 103.3460000 169.3180000 155.4310000 104.5050000
 168.9110000 155.5160000 105.2580000 169.0500000 156.4200000 103.4460000
 168.7760000 155.9400000 102.6490000 167.8930000 157.3380000 103.8890000
 168.1950000 157.9230000 104.6020000 167.1710000 156.7880000 104.2310000
 167.3350000 158.1840000 102.7330000 167.0440000 157.5920000 102.0210000
 168.0300000 158.7680000 102.3910000 166.1420000 159.0380000 103.1900000
 165.4460000 158.4570000 103.5350000 166.4320000 159.6370000 103.8960000
 165.6000000 159.8490000 102.0060000 166.3190000 160.3910000 101.6460000
 165.3230000 159.2320000 101.3100000 164.4600000 160.7110000 102.4080000
 164.1610000 161.1760000 101.7110000 163.7930000 160.2140000 102.7250000
 164.7110000 161.2830000 103.0420000 170.3060000 157.2100000 103.0550000
 170.5270000 157.4210000 101.8680000 171.1580000 157.5950000 104.0130000
 170.9460000 157.4200000 104.8280000 172.4140000 158.3290000 103.7570000
 172.2100000 159.0750000 103.1710000 173.0040000 158.8590000 105.0800000
 172.3210000 158.8590000 105.7690000 173.7220000 158.2810000 105.3820000
 173.5150000 160.3000000 104.9560000 174.2620000 160.3320000 104.3380000
 172.7970000 160.8610000 104.6230000 173.9500000 160.8140000 106.3360000
 174.6970000 160.2780000 106.6460000 173.2100000 160.7040000 106.9530000
 174.3400000 162.2380000 106.2970000 174.3420000 162.6150000 105.5240000
 174.7000000 162.9780000 107.3320000 174.7520000 162.4960000 108.5430000
 174.5680000 161.6650000 108.6660000 175.0040000 162.9840000 109.2050000
 175.0140000 164.2320000 107.1720000 175.0060000 164.5840000 106.3870000
 175.2580000 164.7060000 107.8470000 173.4380000 157.4840000 102.9980000
 174.0320000 157.9930000 102.0560000 173.5680000 156.2020000 103.3450000
 173.1330000 155.9190000 104.0300000 174.4470000 155.2630000 102.6420000
 175.2960000 155.7050000 102.4850000 174.7260000 154.0300000 103.5240000
 174.5630000 153.2240000 103.0100000 174.1180000 154.0070000 104.2790000
 176.1540000 153.9850000 104.0360000 177.1350000 153.3000000 103.2920000
 176.9080000 152.8610000 102.5040000 178.4730000 153.2820000 103.7320000
 179.1220000 152.8290000 103.2430000 178.8400000 153.9650000 104.9040000
 180.1450000 153.9910000 105.2890000 180.2620000 154.4440000 105.9870000
 177.8590000 154.6510000 105.6570000 178.1000000 155.0820000 106.4450000
 176.5160000 154.6550000 105.2240000 175.8690000 155.0980000 105.7240000
 173.9090000 154.8830000 101.2510000 174.6250000 155.0760000 100.2770000
 172.6030000 154.6210000 101.1020000 172.1160000 154.5240000 101.8040000
 172.0170000 154.2780000  99.7910000 172.5440000 153.5580000  99.4110000
 170.5700000 153.7800000  99.9590000 169.9620000 154.3910000  99.5150000
 170.3140000 153.7760000 100.8950000 170.3450000 152.3900000  99.4040000
 170.0710000 152.2140000  98.0350000 170.0450000 152.9480000  97.4650000
 169.8860000 150.9210000  97.5140000 169.7340000 150.8040000  96.6040000
 169.9870000 149.8020000  98.3580000 169.8980000 148.9470000  98.0030000
 170.2780000 149.9730000  99.7230000 170.3890000 149.2270000 100.2670000
 170.4570000 151.2670000 100.2460000 170.6840000 151.3800000 101.1410000
 172.0600000 155.4280000  98.7680000 172.1100000 155.1790000  97.5690000
 172.0400000 156.6900000  99.2150000 171.9590000 156.8220000 100.0610000
 172.2450000 157.8550000  98.3290000 171.7240000 157.7220000  97.5220000
 171.7290000 159.1410000  99.0130000 172.1050000 159.1980000  99.9050000
 172.0610000 160.4440000  98.2720000 173.0210000 160.5810000  98.2470000
 171.7300000 160.4000000  97.3610000 171.6610000 161.2020000  98.7260000
 170.1940000 159.1070000  99.1200000 169.9020000 158.2930000  99.5600000
 169.8020000 159.1320000  98.2330000 169.8850000 159.8690000  99.6350000
 173.7050000 157.9870000  97.8610000 173.9490000 158.5750000  96.8120000
 174.6630000 157.3970000  98.5810000 174.4340000 156.9100000  99.2520000
 176.0970000 157.4330000  98.2530000 176.3250000 158.3260000  97.9500000
 176.8880000 157.1550000  99.5430000 176.4590000 157.6160000 100.2810000
 176.8800000 156.2030000  99.7280000 178.2280000 157.6080000  99.4860000
 178.5910000 157.4230000 100.2210000 176.4970000 156.4610000  97.1260000
 177.4850000 156.7020000  96.4410000 175.6920000 155.4240000  96.8530000
 175.0090000 155.2970000  97.3600000 176.0700000 154.3080000  95.9600000
 177.0130000 154.4090000  95.7560000 175.9410000 152.9790000  96.7330000
 176.1160000 153.1710000  97.6680000 175.0370000 152.6340000  96.6630000
 176.9540000 151.9090000  96.2830000 177.8000000 152.3480000  96.1010000
 176.6510000 151.5020000  95.4560000 177.2020000 150.8180000  97.3440000
 178.2860000 150.2020000  97.2830000 176.3920000 150.7140000  98.3020000
 175.3800000 154.3250000  94.5760000 175.4070000 153.3430000  93.8360000
 174.8450000 155.4770000  94.1480000 174.8830000 156.1530000  94.6790000
 174.4020000 155.6930000  92.7600000 173.9360000 154.8930000  92.4690000
 173.3890000 156.8530000  92.6760000 173.3120000 157.1330000  91.7510000
 173.7240000 157.6130000  93.1770000 171.9830000 156.5090000  93.1300000
 171.1060000 155.8620000  92.2360000 171.4020000 155.6250000  91.3870000
 169.7880000 155.5600000  92.6300000 169.2100000 155.1200000  92.0490000
 169.3520000 155.8930000  93.9270000 168.1010000 155.5450000  94.3290000
 167.9790000 155.7750000  95.1280000 170.2270000 156.5470000  94.8230000
 169.9410000 156.7640000  95.6810000 171.5400000 156.8590000  94.4190000
 172.1260000 157.2810000  95.0050000 175.5870000 155.8720000  91.7800000
 175.7210000 156.9140000  91.1360000 176.2510000 154.7610000  91.4470000
 176.1170000 154.0690000  91.9390000 176.8020000 154.5310000  90.0950000
 176.6270000 155.3210000  89.5600000 178.3230000 154.3380000  90.0620000
 178.5660000 154.0660000  89.1630000 179.0740000 155.6320000  90.3700000
 180.0280000 155.4750000  90.2920000 178.8690000 155.9280000  91.2710000
 178.8130000 156.3210000  89.7380000 178.7520000 153.3430000  90.9580000
 178.1290000 152.7870000  91.0540000 176.1100000 153.3200000  89.4560000
 176.1050000 152.2550000  90.0690000 175.4930000 153.4470000  88.2640000
 175.4780000 154.6190000  87.3940000 175.3550000 155.4390000  87.8970000
 176.3040000 154.6550000  86.8870000 174.2930000 154.4470000  86.4410000
 174.6190000 154.2750000  85.5440000 173.7300000 155.2370000  86.4440000
 173.5370000 153.2260000  86.9780000 172.8620000 153.5200000  87.6100000
 173.1280000 152.7160000  86.2620000 174.6080000 152.4200000  87.7210000
 174.1890000 151.9070000  88.4300000 175.3550000 151.4690000  86.7740000
 175.7180000 151.8850000  85.6760000 175.4760000 150.1820000  87.1260000
 175.2220000 149.9320000  87.9090000 175.9580000 149.1340000  86.2050000
 175.7850000 149.4280000  85.2970000 177.4940000 148.9150000  86.3040000
 177.7100000 148.6090000  87.1990000 177.9250000 147.8220000  85.3040000
 178.8870000 147.6980000  85.3110000 177.6390000 148.0570000  84.4070000
 177.5300000 146.9710000  85.5500000 178.2730000 150.2280000  86.0420000
 178.0640000 150.8560000  86.7510000 177.9800000 150.6100000  85.2000000
 179.8010000 150.1060000  85.9970000 180.1940000 150.9870000  86.1020000
 180.1110000 149.5320000  86.7140000 180.0780000 149.7460000  85.1400000
 175.1640000 147.8290000  86.3950000 175.3190000 147.1320000  87.3920000
 174.2360000 147.5980000  85.4670000 174.1450000 148.2320000  84.8940000
 173.9360000 146.3090000  84.8300000 173.0840000 146.4550000  84.3900000
 174.9200000 146.0980000  83.6650000 174.7010000 145.2680000  83.2120000
 175.8170000 146.0160000  84.0240000 174.8760000 147.2530000  82.6460000
 173.8920000 148.0330000  82.6720000 175.8930000 147.4340000  81.9380000
 173.7280000 145.0390000  85.6880000 174.6570000 144.3460000  86.0990000
 172.4830000 144.5610000  85.5680000 171.9490000 145.1540000  85.2470000
 172.0970000 143.1950000  85.1680000 171.4910000 142.8660000  85.8500000
 171.2700000 143.3140000  83.8700000 170.4150000 143.7190000  84.0850000
 171.1100000 142.4330000  83.4980000 171.9000000 144.1480000  82.9120000
 171.4370000 144.1990000  82.2130000 173.2240000 142.1400000  85.0080000
 173.9620000 142.1370000  84.0270000 173.0160000 141.0140000  85.7100000
 172.3870000 141.0460000  86.2960000 173.7360000 139.7300000  85.5950000
 173.2370000 139.1190000  86.1590000 173.6570000 139.1240000  84.1770000
 174.0300000 138.2290000  84.2000000 174.2150000 139.6490000  83.5820000
 172.2750000 139.0060000  83.5820000 171.2610000 138.9330000  84.2550000
 172.2220000 138.7540000  82.2960000 171.4460000 138.5800000  81.9680000
 172.9470000 138.7870000  81.8340000 175.1690000 139.6630000  86.1650000
 175.9790000 138.9000000  85.6360000 175.3260000 140.0470000  87.4380000
 174.7320000 140.5580000  87.7920000 176.2200000 139.3100000  88.3510000
 176.5040000 138.4930000  87.9120000 177.5350000 140.0600000  88.6790000
 177.3150000 140.9220000  89.0650000 178.3760000 139.2570000  89.6970000
 177.9080000 139.1830000  90.5430000 178.5620000 138.3670000  89.3590000
 179.2170000 139.7040000  89.8790000 178.3730000 140.2680000  87.3940000
 178.7500000 139.4200000  87.1120000 177.8020000 140.5900000  86.6790000
 179.4960000 141.3000000  87.5380000 179.9510000 141.3910000  86.6860000
 180.1410000 141.0220000  88.2070000 179.1160000 142.1570000  87.7860000
 175.4320000 138.8560000  89.5810000 175.1620000 139.6220000  90.5030000
 175.1670000 137.5480000  89.6020000 175.3210000 137.1100000  88.8780000
 175.0220000 136.7430000  90.8090000 174.1230000 136.8120000  91.1660000
 175.2880000 135.2930000  90.3660000 175.3010000 134.7050000  91.1380000
 176.1510000 135.2400000  89.9270000 174.6020000 134.9970000  89.7480000
 176.0410000 137.1700000  91.8840000 177.2270000 136.8570000  91.7600000
 175.5930000 137.8600000  92.9410000 174.7720000 138.1170000  92.9580000
 176.4430000 138.1500000  94.0970000 177.3040000 138.4540000  93.7690000
 175.8700000 139.2810000  94.9630000 175.5610000 139.9940000  94.3830000
 175.1040000 138.9610000  95.4650000 176.9020000 139.8630000  95.9170000
 177.0550000 139.3530000  97.2230000 176.5180000 138.6520000  97.5150000
 178.0220000 139.9030000  98.0870000 178.1210000 139.5700000  98.9500000
 178.8410000 140.9590000  97.6490000 179.4750000 141.3270000  98.2210000
 178.7000000 141.4600000  96.3430000 179.2410000 142.1580000  96.0510000
 177.7350000 140.9100000  95.4800000 177.6470000 141.2450000  94.6170000
 176.6790000 136.8590000  94.8840000 175.9000000 136.4760000  95.7540000
 177.6750000 136.0980000  94.4410000 178.1050000 136.3770000  93.7510000
 178.1290000 134.8380000  95.0140000 177.4190000 134.1820000  94.9300000
 179.3300000 134.3400000  94.1920000 179.7960000 133.6480000  94.6870000
 179.0060000 133.9620000  93.3590000 180.2270000 135.3980000  93.8890000
 180.8750000 135.1060000  93.4420000 178.4580000 135.0070000  96.5040000
 179.6020000 135.2410000  96.8950000 177.4750000 134.6700000  97.3480000
 176.6920000 134.5920000  97.0010000 177.5380000 134.7250000  98.8260000
 177.7480000 135.6370000  99.0800000 176.1350000 134.3960000  99.4020000
 175.8350000 133.5520000  99.0290000 176.0820000 134.2850000 100.9290000
 176.6170000 133.5340000 101.2290000 175.1680000 134.1290000 101.2140000
 176.4100000 135.1030000 101.3350000 175.1160000 135.4830000  99.0170000
 175.0220000 135.5430000  98.0530000 175.3950000 136.3450000  99.3630000
 174.2420000 135.2640000  99.3770000 178.6620000 133.8470000  99.4280000
 179.1630000 134.1430000 100.5110000 179.2750000 132.9940000  98.5980000
 178.9360000 132.9300000  97.8100000 180.5130000 132.2510000  98.8570000
 180.3980000 131.7740000  99.6940000 180.6930000 131.2100000  97.7270000
 180.6040000 131.6410000  96.8630000 181.5800000 130.8220000  97.7810000
 179.6940000 130.0650000  97.8260000 178.9830000 129.9140000  98.7980000
 179.6140000 129.2050000  96.8390000 180.1110000 129.2600000  96.1390000
 179.0420000 128.5750000  96.9600000 181.7860000 133.1090000  99.0560000
 182.8300000 132.5490000  99.3930000 181.7380000 134.4390000  98.9020000
 181.0120000 134.7890000  98.6010000 182.8950000 135.3130000  99.1160000
 183.5700000 134.8210000  99.6090000 183.5170000 135.6590000  97.7550000
 184.3150000 136.1930000  97.8910000 183.7590000 134.8440000  97.2880000
 182.8850000 136.1650000  97.2200000 182.5850000 136.5550000  99.9780000
 182.6360000 137.6800000  99.4830000 182.6070000 136.3700000 101.3100000
 182.4040000 135.5670000 101.5410000 183.6290000 136.9920000 102.1980000
 184.4590000 136.5150000 102.0440000 183.9350000 138.4740000 101.8850000
 184.4940000 138.8560000 102.5800000 184.4400000 138.5160000 101.0580000
 182.7680000 139.2480000 101.7410000 182.4580000 139.0490000 100.9860000
 183.3850000 136.8460000 103.7180000 184.3590000 136.9840000 104.4600000
 182.2190000 136.3360000 104.1770000 181.5630000 136.2150000 103.6340000
 181.9390000 136.2160000 105.6310000 182.3990000 136.9650000 106.0410000
 180.4300000 136.3970000 105.9480000 180.0140000 135.5360000 106.1090000
 179.9840000 136.7890000 105.1810000 180.1580000 137.2880000 107.1770000
 181.1350000 137.5990000 107.8970000 178.9690000 137.3480000 107.5560000
 182.5650000 134.9530000 106.2740000 181.8860000 134.0120000 106.7180000
 183.9060000 134.9470000 106.3340000 184.2760000 135.6410000 105.9870000
 184.7880000 133.9670000 107.0050000 184.5300000 133.0760000 106.7200000
 186.2540000 134.2150000 106.5930000 186.4500000 135.1600000 106.6880000
 186.8410000 133.7310000 107.1950000 186.6330000 133.7470000 105.1820000
 186.4900000 132.7900000 105.1100000 186.1000000 134.2080000 104.5150000
 188.1240000 134.0610000 104.9810000 188.6310000 133.6560000 105.7020000
 188.2450000 135.0230000 105.0200000 188.6580000 133.5320000 103.6490000
 188.5400000 132.5690000 103.6300000 188.1340000 133.9150000 102.9280000
 190.0930000 133.8780000 103.4930000 190.4080000 133.5710000 102.7190000
 190.5670000 133.5230000 104.1570000 190.1980000 134.7610000 103.5160000
 184.6500000 133.9560000 108.5440000 185.6160000 133.6980000 109.2550000
 183.4490000 134.1840000 109.0690000 182.8010000 134.3070000 108.5170000
 183.1410000 133.8610000 110.4580000 183.8080000 134.2520000 111.0430000
 182.2700000 134.2130000 110.7010000 183.1270000 132.3460000 110.6410000
 182.2870000 131.6740000 110.0280000 184.0730000 131.8430000 111.4380000
 184.6560000 132.3830000 111.7670000 184.0880000 130.4780000 111.9700000
 184.2700000 129.8540000 111.2500000 185.2080000 130.3400000 113.0240000
 185.0260000 129.5780000 113.5960000 185.2200000 131.1400000 113.5720000
 186.5800000 130.1290000 112.3560000 186.7010000 130.8010000 111.6670000
 186.5700000 129.2600000 111.9250000 187.7790000 130.1980000 113.3190000
 188.8920000 129.8670000 112.8360000 187.6230000 130.7070000 114.4460000
 182.7250000 130.1180000 112.5770000 182.0740000 130.9390000 113.2260000
 182.2660000 128.8960000 112.2970000 182.7730000 128.3560000 111.8600000
 181.1200000 128.3240000 112.9890000 180.3400000 128.8810000 112.8390000
 180.8560000 126.9320000 112.4040000 180.0850000 126.5410000 112.8440000
 180.6730000 127.0010000 111.4540000 181.6260000 126.3610000 112.5510000
 181.4020000 128.2810000 114.5000000 182.4870000 127.8750000 114.9250000
 180.4240000 128.6860000 115.3090000 179.6480000 128.8010000 114.9570000
 180.5100000 128.5730000 116.7650000 181.2960000 129.0580000 117.0610000
 179.2760000 129.2410000 117.3890000 179.4910000 130.1660000 117.5880000
 178.5520000 129.2450000 116.7440000 178.8140000 128.6040000 118.5650000
 178.1490000 129.0600000 118.8010000 180.6850000 127.1030000 117.1650000
 180.1630000 126.2050000 116.5090000 181.3800000 126.8430000 118.2780000
 181.7280000 127.5090000 118.6960000 181.6580000 125.4840000 118.7670000
 182.2080000 125.0250000 118.1130000 182.4700000 125.6360000 120.0660000
 181.9510000 126.1350000 120.7160000 183.2870000 126.1220000 119.8730000
 182.9110000 124.0210000 120.7720000 183.5110000 124.4300000 121.7280000
 180.3840000 124.6240000 118.9570000 180.4110000 123.4100000 118.7550000
 179.2310000 125.2630000 119.1820000 179.2520000 126.1190000 119.2570000
 177.9330000 124.5960000 119.2800000 178.0620000 123.7420000 119.7220000
 177.0230000 125.4530000 120.1690000 176.8990000 126.3280000 119.7690000
 176.1590000 125.0190000 120.2470000 177.7640000 125.6250000 121.8220000
 176.9080000 126.3080000 122.3120000 177.2590000 124.2870000 117.9260000
 176.4210000 123.3850000 117.8680000 177.6380000 124.9450000 116.8260000
 178.2590000 125.5370000 116.8840000 176.9970000 124.7810000 115.5120000
 176.0510000 124.9590000 115.6330000 177.4980000 125.8150000 114.4800000
 177.0250000 125.6640000 113.6470000 178.4370000 125.6450000 114.3050000
 177.3600000 127.3040000 114.8470000 176.8150000 127.6270000 115.9310000
 177.9030000 128.1200000 114.0680000 177.1280000 123.3430000 114.9490000
 176.0890000 122.7590000 114.6210000 178.2980000 122.6600000 114.9920000
 179.6110000 123.1480000 115.3860000 179.7650000 124.0700000 115.1260000
 179.7070000 123.0520000 116.3470000 180.6250000 122.2550000 114.6820000
 180.8140000 122.6100000 113.7990000 181.4410000 122.1720000 115.2000000
 179.9000000 120.9160000 114.5590000 180.1170000 120.3670000 115.3290000
 180.1560000 120.4560000 113.7440000 178.4050000 121.2660000 114.5510000
 178.0660000 121.1980000 113.6450000 177.6230000 120.2980000 115.4470000
 176.9980000 119.3660000 114.9420000 177.5930000 120.5480000 116.7630000
 178.0090000 121.2440000 117.0500000 176.8240000 119.7460000 117.7320000
 177.0540000 118.8110000 117.6120000 177.1720000 120.1390000 119.1850000
 177.0130000 121.0880000 119.3040000 176.3270000 119.3800000 120.2170000
 175.3860000 119.5930000 120.1160000 176.5910000 119.6420000 121.1130000
 176.4510000 118.4230000 120.1170000 178.6470000 119.8500000 119.4950000
 179.2250000 120.3570000 118.9030000 178.8320000 118.9030000 119.3950000
 178.8460000 120.1180000 120.4060000 175.3210000 119.8750000 117.4760000
 174.6390000 118.8580000 117.3650000 174.8400000 121.0870000 117.1830000
 175.3700000 121.7600000 117.2630000 173.4340000 121.3460000 116.8450000
 172.8850000 121.0200000 117.5750000 173.2050000 122.8600000 116.7190000
 172.2550000 123.0460000 116.7870000 173.6610000 123.3270000 117.4370000
 173.6590000 123.3450000 115.4740000 174.4490000 123.0930000 115.3420000
 172.9970000 120.6090000 115.5670000 171.9970000 119.8890000 115.5810000
 173.8420000 120.6200000 114.5290000 174.5350000 121.1260000 114.5830000
 173.5960000 119.9440000 113.2590000 172.6980000 120.1600000 112.9610000
 174.5960000 120.4990000 112.2360000 174.4380000 120.0950000 111.3680000
 175.5030000 120.3050000 112.5190000 174.4880000 121.4600000 112.1600000
 173.6910000 118.4110000 113.3810000 172.8830000 117.6910000 112.7890000
 174.5970000 117.8980000 114.2200000 175.1550000 118.4340000 114.5960000
 174.7070000 116.4730000 114.5250000 174.7200000 115.9780000 113.6910000
 176.0310000 116.2290000 115.2560000 176.1240000 115.2840000 115.4540000
 176.0490000 116.7300000 116.0860000 176.7720000 116.5130000 114.6980000
 173.5210000 115.9510000 115.3530000 173.0160000 114.8630000 115.0700000
 173.0380000 116.7290000 116.3250000 173.4480000 117.4650000 116.4990000
 171.8960000 116.3760000 117.1680000 172.0210000 115.4740000 117.5020000
 171.8660000 117.3200000 118.3770000 172.7050000 117.2520000 118.8590000
 171.7800000 118.2360000 118.0690000 170.7350000 117.0080000 119.3280000
 169.5450000 117.7510000 119.2630000 169.4580000 118.4590000 118.6670000
 168.4800000 117.4350000 120.1160000 167.7070000 117.9500000 120.0750000
 168.5840000 116.3690000 121.0250000 167.8740000 116.1690000 121.5910000
 169.7740000 115.6250000 121.0940000 169.8530000 114.9330000 121.7110000
 170.8520000 115.9480000 120.2490000 171.6460000 115.4660000 120.3060000
 170.5690000 116.3950000 116.3920000 169.9050000 115.3590000 116.2950000
 170.3310000 117.4550000 115.6120000 170.8510000 118.1370000 115.6760000
 169.1870000 117.5520000 114.6950000 168.3710000 117.4140000 115.2010000
 169.1460000 118.9720000 114.0980000 169.9250000 119.1090000 113.5370000
 169.1660000 119.6190000 114.8210000 167.8760000 119.1900000 113.2630000
 167.8610000 118.5340000 112.5490000 167.1020000 119.0290000 113.8260000
 167.7790000 120.5980000 112.6480000 167.4080000 120.6540000 111.4610000
 168.1020000 121.5940000 113.3550000 169.2450000 116.4790000 113.5900000
 168.2840000 115.7380000 113.3670000 170.4410000 116.2300000 113.0480000
 171.0900000 116.7590000 113.2460000 170.7140000 115.1530000 112.0990000
 171.6230000 115.2580000 111.7780000 170.1010000 115.2300000 111.3510000
 170.5860000 113.7470000 112.6920000 170.3150000 112.7990000 111.9460000
 170.7310000 113.5790000 114.0080000 170.9690000 114.2540000 114.4860000
 170.4120000 112.3340000 114.6900000 170.7520000 111.6020000 114.1520000
 171.1430000 112.2600000 116.0380000 172.0690000 112.5240000 115.9220000
 170.7330000 112.8530000 116.6870000 171.0910000 110.5350000 116.6160000
 171.6970000 110.7140000 117.6360000 168.8930000 112.1240000 114.7720000
 168.4070000 111.2570000 114.0350000 168.1630000 113.0680000 115.3950000
 168.5890000 113.7130000 115.7710000 166.6930000 113.0620000 115.5410000
 166.4300000 112.3320000 116.1240000 166.2180000 114.3930000 116.1700000
 165.2530000 114.4440000 116.0880000 166.5880000 115.1280000 115.6560000
 166.5700000 114.6210000 117.6520000 167.5270000 114.5310000 117.7840000
 166.1450000 116.0340000 118.0460000 165.2190000 116.1980000 117.8100000
 166.2420000 116.1310000 119.0060000 166.7170000 116.6880000 117.6150000
 165.8430000 113.6520000 118.5880000 166.0630000 112.7320000 118.3740000
 166.1180000 113.8240000 119.5020000 164.8840000 113.7860000 118.5300000
 165.9650000 112.8530000 114.2050000 165.2280000 111.8810000 114.0350000
 166.3460000 113.6190000 113.1800000 166.8900000 114.2620000 113.3530000
 165.7580000 113.5420000 111.8360000 164.8220000 113.7890000 111.8880000
 166.4970000 114.5570000 110.9580000 167.4420000 114.3390000 110.9600000
 166.3910000 115.4390000 111.3480000 165.9870000 114.6040000 109.5140000
 165.0900000 114.9720000 109.5020000 165.9630000 113.7190000 109.1170000
 166.8850000 115.5190000 108.6880000 166.3870000 115.7870000 107.9000000
 167.0830000 116.3160000 109.2040000 168.1310000 114.8340000 108.2870000
 168.2510000 114.0450000 108.6070000 169.0900000 115.3530000 107.5410000
 169.0410000 116.5810000 107.1120000 168.4610000 117.1110000 107.4630000
 169.7160000 116.9380000 106.7160000 170.0910000 114.6140000 107.1490000
 170.2100000 113.8290000 107.4810000 170.7210000 114.9810000 106.6930000
 165.8190000 112.1330000 111.2460000 164.8130000 111.6000000 110.7820000
 167.0320000 111.5680000 111.1290000 167.6820000 111.9450000 111.5470000
 167.2340000 110.2940000 110.4090000 166.7840000 110.3410000 109.5510000
 168.7180000 109.9640000 110.2060000 168.7800000 109.1210000 109.7300000
 169.0850000 109.8320000 111.0940000 169.5580000 111.0020000 109.4380000
 169.3830000 111.8900000 109.7880000 169.2930000 110.9990000 108.5050000
 171.0720000 110.7120000 109.5260000 171.5530000 111.4880000 109.1980000
 171.2900000 109.9680000 108.9430000 171.5160000 110.4450000 110.9130000
 171.4110000 111.1040000 111.4550000 171.8230000 109.2750000 111.4510000
 171.8860000 108.1810000 110.7390000 171.8300000 108.2550000 109.8840000
 172.1640000 107.4500000 111.0970000 172.0120000 109.1550000 112.7350000
 171.9800000 109.8490000 113.2410000 172.2080000 108.3960000 113.0880000
 166.5930000 109.1320000 111.1620000 166.0790000 108.2260000 110.5140000
 166.7840000 109.0550000 112.4870000 167.1600000 109.7120000 112.8950000
 166.2140000 107.9560000 113.2780000 166.5020000 107.1230000 112.8740000
 166.7460000 107.9580000 114.7250000 166.4130000 107.1690000 115.1810000
 167.7100000 107.8700000 114.6690000 166.4140000 109.1990000 115.5810000
 166.5140000 109.9780000 115.0120000 165.0010000 109.2270000 116.1720000
 165.0130000 109.4750000 117.1100000 164.4850000 109.9140000 115.7210000
 164.5490000 108.3740000 116.0770000 167.4250000 109.3440000 116.7120000
 167.2840000 110.1960000 117.1530000 167.3110000 108.6280000 117.3560000
 168.3270000 109.3330000 116.3550000 164.6850000 107.9470000 113.2050000
 164.1400000 106.8940000 112.8680000 164.0520000 109.1280000 113.2200000
 164.4800000 109.8410000 113.4390000 162.6050000 109.2290000 113.0620000
 162.2070000 108.5870000 113.6710000 162.0830000 110.6280000 113.4560000
 161.1970000 110.7450000 113.0800000 162.6550000 111.3050000 113.0630000
 161.9660000 110.8560000 114.9620000 161.2830000 109.9210000 115.7690000
 160.8570000 109.1880000 115.3860000 161.2290000 110.0820000 117.1650000
 160.7840000 109.4580000 117.6920000 161.8340000 111.1960000 117.7680000
 161.7970000 111.3050000 118.6910000 162.4650000 112.1640000 116.9690000
 162.8340000 112.9170000 117.3700000 162.5270000 111.9990000 115.5710000
 162.9450000 112.6490000 115.0540000 162.1790000 108.7700000 111.6650000
 161.4730000 107.7630000 111.6070000 162.8450000 109.2300000 110.5840000
 163.3450000 109.9230000 110.6800000 162.5850000 108.7480000 109.2020000
 161.7160000 109.0690000 108.9140000 163.6440000 109.2520000 108.1950000
 164.5280000 109.0550000 108.5420000 163.5420000 108.6200000 106.7970000
 164.1890000 107.9020000 106.7120000 163.7070000 109.2760000 106.1020000
 162.6600000 108.2440000 106.6530000 163.5570000 110.6400000 108.0130000
 162.8110000 110.7660000 107.6470000 162.5430000 107.2260000 109.1090000
 161.5600000 106.6570000 108.6360000 163.5750000 106.5520000 109.6330000
 164.1790000 107.0070000 110.0430000 163.6820000 105.0890000 109.5690000
 163.6050000 104.8040000 108.6450000 165.0140000 104.6220000 110.1620000
 165.0340000 104.8820000 111.0960000 165.0370000 103.6530000 110.1220000
 166.2670000 105.1660000 109.4600000 166.1720000 106.1120000 109.2700000
 166.3980000 104.7120000 108.6130000 167.4780000 104.9490000 110.3760000
 168.2440000 105.4100000 110.0010000 167.2820000 105.3360000 111.2440000
 167.7660000 103.5060000 110.5020000 167.4010000 103.0050000 109.9060000
 168.4390000 102.8840000 111.4520000 169.0060000 103.5140000 112.4420000
 169.3990000 103.0740000 113.0680000 168.8690000 104.3590000 112.5290000
 168.5500000 101.5870000 111.4150000 168.1590000 101.1360000 110.7960000
 168.9790000 101.1690000 112.0320000 162.5550000 104.4020000 110.3350000
 162.0780000 103.3650000 109.8800000 162.2500000 104.8840000 111.5420000
 162.6150000 105.6190000 111.8000000 161.2610000 104.2570000 112.4160000
 161.4350000 103.3030000 112.4280000 161.3960000 104.7830000 113.8480000
 161.0840000 105.7010000 113.8810000 162.3330000 104.7810000 114.1000000
 160.6460000 103.9720000 114.8640000 160.6540000 102.6190000 114.9410000
 161.1170000 102.0510000 114.3680000 159.8710000 102.2050000 115.9980000
 159.7440000 101.3820000 116.2120000 159.3250000 103.2730000 116.6720000
 158.4930000 103.3570000 117.7960000 158.2090000 102.5880000 118.2350000
 158.0930000 104.6230000 118.2540000 157.5460000 104.6980000 119.0030000
 158.5230000 105.7790000 117.5780000 158.2480000 106.6130000 117.8850000
 159.3630000 105.6820000 116.4480000 159.6340000 106.4580000 116.0130000
 159.7930000 104.4240000 115.9670000 159.8320000 104.4410000 111.9050000
 159.1210000 103.4530000 111.7580000 159.5280000 105.5990000 111.3190000
 160.0740000 106.2600000 111.3940000 158.2570000 105.8030000 110.6320000
 158.1590000 106.7520000 110.4580000 157.5310000 105.5460000 111.2210000
 158.1300000 105.0110000 109.3210000 157.1890000 104.2360000 109.1900000
 159.1880000 104.9120000 108.5000000 159.8430000 105.4620000 108.5930000
 159.2190000 103.9810000 107.3500000 158.4610000 104.1710000 106.7750000
 160.5020000 104.1670000 106.5360000 161.2600000 104.0630000 107.1330000
 160.5510000 103.4790000 105.8540000 160.5760000 105.4350000 105.9230000
 160.0080000 105.5140000 105.3090000 159.1440000 102.4900000 107.7360000
 158.7780000 101.6600000 106.8990000 159.6020000 102.1140000 108.9390000
 159.9540000 102.7150000 109.4440000 159.3810000 100.7820000 109.5240000
 159.5860000 100.1010000 108.8640000 160.3530000 100.5840000 110.7010000
 161.2620000 100.6060000 110.3640000 160.2710000 101.3190000 111.3290000
 160.1370000  99.3040000 111.4810000 159.1740000  99.2560000 112.5090000
 158.6770000 100.0120000 112.7230000 158.9520000  98.0600000 113.2120000
 158.3130000  98.0320000 113.8880000 159.7080000  96.9150000 112.9040000
 159.5750000  96.1270000 113.3800000 160.6830000  96.9660000 111.8910000
 161.1910000  96.2110000 111.6980000 160.8950000  98.1590000 111.1780000
 161.5430000  98.1930000 110.5110000 157.9140000 100.5860000 109.9590000
 157.2840000  99.5840000 109.6300000 157.3210000 101.6140000 110.5540000
 157.8100000 102.2930000 110.7520000 155.9460000 101.6480000 111.0440000
 155.7890000 100.8700000 111.6010000 155.9080000 102.8980000 111.9400000
 155.8450000 103.7100000 111.4130000 156.7230000 102.9350000 112.4640000
 154.5780000 102.8300000 113.1450000 153.6330000 102.6690000 112.4230000
 154.8920000 101.6280000 109.9020000 153.9390000 100.8480000 109.9460000
 155.2220000 102.2360000 108.7500000 155.8870000 102.7790000 108.7930000
 154.4090000 102.2510000 107.5070000 153.4850000 102.4230000 107.7450000
 154.8880000 103.3990000 106.5810000 155.8010000 103.2000000 106.3220000
 154.0500000 103.5220000 105.3000000 154.3440000 104.2890000 104.7840000
 153.1150000 103.6350000 105.5310000 154.1530000 102.7340000 104.7440000
 154.8840000 104.7880000 107.2480000 154.1370000 105.3290000 106.9460000
 155.7090000 105.2480000 107.0270000 154.8180000 104.7230000 108.2140000
 154.4460000 100.9100000 106.7410000 153.4800000 100.5360000 106.0600000
 155.5420000 100.1430000 106.8730000 156.1820000 100.4500000 107.3590000
 155.6670000  98.7760000 106.3210000 155.0500000  98.6980000 105.5770000
 157.0700000  98.5340000 105.7340000 157.0320000  97.7620000 105.1480000
 157.3250000  99.3020000 105.1990000 158.1330000  98.2680000 106.8080000
 158.1480000  99.0260000 107.4130000 157.9090000  97.4660000 107.3060000
 159.5370000  98.0960000 106.2330000 159.5020000  97.4550000 105.5060000
 160.1110000  97.7490000 106.9340000 160.0760000  99.3850000 105.7630000
 159.6240000 100.0850000 105.9770000 161.1800000  99.5630000 105.0700000
 161.5440000 100.7560000 104.7010000 161.0090000 101.4140000 104.8440000
 162.2410000 100.8690000 104.2100000 161.9430000  98.5580000 104.7360000
 162.6390000  98.6740000 104.2440000 161.6810000  97.7670000 104.9480000
 155.2450000  97.6640000 107.2860000 155.1200000  96.5300000 106.8400000
 154.9710000  97.9780000 108.5570000 155.0870000  98.7910000 108.8110000
 154.5630000  97.0020000 109.5730000 154.3580000  96.1740000 109.1110000
 155.7650000  96.7320000 110.5090000 156.5970000  96.8470000 110.0230000
 155.7630000  97.3640000 111.2450000 155.7670000  95.3130000 111.0500000
 155.1800000  94.4040000 110.4940000 156.5080000  95.0450000 112.0970000
 156.4890000  94.2250000 112.3560000 156.9410000  95.6670000 112.5040000
 153.2450000  97.3890000 110.2930000 153.1800000  97.3510000 111.5260000
 152.1750000  97.7380000 109.5410000 152.0100000  97.5190000 108.1080000
 152.4970000  98.1990000 107.6170000 152.3060000  96.6320000 107.8490000
 150.5190000  97.6810000 107.8240000 150.0540000  96.8480000 107.9970000
 150.3550000  97.9850000 106.9180000 150.1180000  98.7270000 108.8610000
 150.3860000  99.6080000 108.5570000 149.1660000  98.7070000 109.0440000
 150.9490000  98.3260000 110.0850000 151.1590000  99.1250000 110.5940000
 150.1530000  97.3720000 110.9860000 149.4250000  97.8410000 111.8480000
 150.3050000  96.0510000 110.8190000 150.8470000  95.7760000 110.2110000
 149.6420000  95.0560000 111.6690000 148.7110000  95.2980000 111.7920000
 149.6770000  94.1900000 111.2330000 150.2850000  94.9190000 113.0530000
 149.5770000  94.9060000 114.0530000 151.6190000  94.9670000 113.1400000
 152.0930000  94.9770000 112.4230000 152.3100000  94.8880000 114.4290000
 151.9150000  94.1700000 114.9480000 153.7890000  94.5480000 114.2040000
 154.2180000  94.4580000 115.0690000 154.2220000  95.2610000 113.7090000
 153.9290000  92.9770000 113.2980000 154.2550000  93.4290000 112.2350000
 152.1480000  96.1680000 115.2620000 151.8350000  96.0860000 116.4430000
 152.2790000  97.3510000 114.6570000 152.4690000  97.3720000 113.8190000
 152.1690000  98.6320000 115.3870000 152.7610000  98.5960000 116.1550000
 152.6580000  99.7850000 114.5000000 153.5430000  99.5500000 114.1800000
 151.7720000  99.9400000 113.2570000 151.3680000  99.0950000 113.0050000
 152.3410000 100.2120000 112.5200000 151.0690000 100.5890000 113.4140000
 152.7800000 101.1010000 115.2820000 152.3090000 101.0730000 116.1300000
 152.4270000 101.8440000 114.7680000 153.7150000 101.2790000 115.4710000
 150.7580000  98.9100000 115.9290000 150.6230000  99.2330000 117.1100000
 149.7060000  98.6550000 115.1360000 149.8450000  98.4210000 114.3200000
 148.3160000  98.8510000 115.5720000 148.2560000  99.7370000 115.9610000
 147.3510000  98.7960000 114.3630000 147.7430000  99.3220000 113.6490000
 147.1410000  97.3640000 113.8370000 146.7230000  97.3880000 112.9620000
 147.9990000  96.9210000 113.7410000 146.5840000  96.8510000 114.4430000
 145.9990000  99.4480000 114.7230000 146.1560000 100.3840000 114.9260000
 145.6270000  99.0260000 115.5130000 144.9550000  99.3720000 113.5990000
 144.2330000  99.9920000 113.7860000 144.5870000  98.4760000 113.5510000
 145.3600000  99.6010000 112.7480000 147.9340000  97.8510000 116.6690000
 147.3230000  98.2350000 117.6620000 148.4470000  96.6180000 116.5790000
 148.8870000  96.4090000 115.8700000 148.2630000  95.5900000 117.5960000
 147.3140000  95.5040000 117.7780000 148.7660000  94.2460000 117.0430000
 149.6730000  94.3580000 116.7190000 148.2140000  93.9910000 116.2870000
 148.7480000  93.1270000 118.0630000 147.5290000  92.5600000 118.4750000
 146.7320000  92.8290000 118.0780000 147.5120000  91.6130000 119.5150000
 146.7040000  91.2540000 119.8030000 148.7100000  91.2420000 120.1530000
 148.6930000  90.6470000 120.8670000 149.9320000  91.7830000 119.7210000
 150.7260000  91.5480000 120.1450000 149.9480000  92.7050000 118.6630000
 150.7590000  93.0540000 118.3730000 148.9340000  95.9680000 118.9270000
 148.2490000  96.0220000 119.9440000 150.2020000  96.3990000 118.9100000
 150.6230000  96.4150000 118.1600000 150.9240000  96.8150000 120.1260000
 150.8740000  96.1000000 120.7800000 152.4120000  97.0750000 119.8090000
 152.7560000  97.6880000 120.4780000 152.4910000  97.5200000 118.9510000
 153.2960000  95.8330000 119.8220000 152.9620000  94.7110000 119.0450000
 152.2230000  94.7520000 118.4820000 153.7000000  93.5190000 119.1350000
 153.4390000  92.7720000 118.6460000 154.8090000  93.4510000 119.9930000
 155.2860000  92.6570000 120.0760000 155.1840000  94.5820000 120.7400000
 155.9160000  94.5390000 121.3120000 154.4280000  95.7680000 120.6580000
 154.6650000  96.5020000 121.1780000 150.2900000  98.0500000 120.7840000
 150.1840000  98.1050000 122.0050000 149.7720000  98.9780000 119.9820000
 149.8940000  98.8940000 119.1350000 149.1270000 100.2080000 120.4580000
 149.6650000 100.5980000 121.1650000 149.0750000 101.2080000 119.3100000
 148.5260000 100.8360000 118.6020000 148.6870000 102.0420000 119.6170000
 150.3790000 101.4380000 118.8120000 150.5540000 100.8340000 118.2550000
 147.7140000  99.9870000 121.0140000 147.3880000 100.5330000 122.0650000
 146.9240000  99.0710000 120.4360000 147.1790000  98.7080000 119.6990000
 145.6530000  98.6290000 121.0330000 145.1320000  99.4180000 121.2510000
 144.8620000  97.7950000 120.0010000 144.9190000  98.2460000 119.1440000
 145.2850000  96.9280000 119.9030000 143.3580000  97.6030000 120.3090000
 142.9290000  98.4730000 120.3150000 142.7060000  96.7630000 119.2110000
 142.8490000  97.1830000 118.3480000 143.0800000  95.8680000 119.2120000
 141.7510000  96.7110000 119.3730000 143.0540000  96.9110000 121.6380000
 142.1660000  96.5220000 121.6400000 143.7060000  96.2180000 121.8280000
 143.0620000  97.5820000 122.3380000 145.9050000  97.8580000 122.3440000
 145.2660000  98.1450000 123.3580000 146.9130000  96.9740000 122.3650000
 147.3380000  96.8240000 121.6330000 147.3490000  96.2730000 123.5870000
 146.5990000  95.7630000 123.9320000 148.5080000  95.2910000 123.3020000
 149.1740000  95.7270000 122.7480000 149.2060000  94.8080000 124.5840000
 149.8020000  94.0680000 124.3880000 149.7360000  95.5280000 124.9620000
 148.5460000  94.5250000 125.2360000 148.0030000  94.0460000 122.5610000
 148.7540000  93.4730000 122.3410000 147.3740000  93.5590000 123.1160000
 147.5620000  94.3010000 121.7350000 147.7370000  97.2660000 124.6830000
 147.2210000  97.1560000 125.7910000 148.5040000  98.3040000 124.3400000
 148.8330000  98.3250000 123.5460000 148.8510000  99.3990000 125.2450000
 149.3150000  99.0340000 126.0150000 149.8200000 100.3470000 124.5190000
 150.6780000  99.9080000 124.4100000 149.4820000 100.5400000 123.6300000
 150.0120000 101.6650000 125.2320000 149.0560000 102.6790000 125.0560000
 148.3490000 102.5690000 124.4620000 149.1330000 103.8550000 125.8070000
 148.4790000 104.5070000 125.6950000 150.1970000 104.0480000 126.7020000
 150.2510000 104.8340000 127.1960000 151.1770000 103.0530000 126.8550000
 151.8740000 103.1850000 127.4560000 151.0800000 101.8540000 126.1280000
 151.7120000 101.1830000 126.2530000 147.6060000 100.1280000 125.7900000
 147.4370000 100.1890000 127.0110000 146.6770000 100.5360000 124.9080000
 146.8510000 100.4500000 124.0700000 145.4380000 101.2400000 125.2880000
 145.6720000 102.0650000 125.7420000 144.5830000 101.5940000 124.0370000
 144.5730000 100.8290000 123.4400000 143.1200000 101.8980000 124.4370000
 142.6180000 102.2850000 123.7030000 142.6620000 101.0830000 124.6960000
 143.0990000 102.5260000 125.1760000 145.1780000 102.7990000 123.2690000
 145.0070000 103.6060000 123.7790000 146.1400000 102.6980000 123.1980000
 144.6400000 102.9810000 121.8340000 145.1000000 102.3800000 121.2270000
 143.6880000 102.8040000 121.7820000 144.7960000 103.8940000 121.5480000
 144.6330000 100.3970000 126.2810000 144.2010000 100.8880000 127.3220000
 144.4390000  99.1100000 125.9880000 144.7900000  98.8020000 125.2660000
 143.6260000  98.2370000 126.8460000 142.8010000  98.6980000 127.0640000
 143.2400000  96.9440000 126.1220000 144.0390000  96.4430000 125.8930000
 142.3070000  96.0720000 126.9620000 142.0200000  95.3070000 126.4400000
 142.7650000  95.7540000 127.7560000 141.5290000  96.5870000 127.2280000
 142.5440000  97.2590000 124.9410000 142.3460000  96.5350000 124.5640000
 144.3270000  97.9230000 128.1680000 143.7080000  98.0330000 129.2250000
 145.6320000  97.6370000 128.1480000 146.0490000  97.6250000 127.3960000
 146.3980000  97.3160000 129.3540000 145.9730000  96.5680000 129.8030000
 147.8090000  96.8880000 128.9330000 148.3240000  96.6570000 129.7220000
 147.7570000  96.1140000 128.3510000 148.2510000  97.6140000 128.4660000
 146.4450000  98.4750000 130.3650000 146.3510000  98.2340000 131.5620000
 146.4570000  99.7210000 129.8890000 146.5680000  99.8370000 129.0440000
 146.3940000 100.9030000 130.7470000 146.8460000 100.7250000 131.5870000
 147.1560000 102.0120000 130.0280000 147.0390000 102.8510000 130.5000000
 146.8000000 102.0870000 129.1290000 148.9270000 101.6150000 129.9170000
 149.2420000 102.6150000 129.3330000 144.9530000 101.3250000 131.1080000
 144.6570000 101.5600000 132.2770000 144.0170000 101.3400000 130.1480000
 144.2430000 101.1490000 129.3410000 142.6370000 101.8060000 130.3970000
 142.6880000 102.6150000 130.9300000 141.9540000 102.2020000 129.0830000
 142.5600000 102.7530000 128.5630000 141.1600000 102.7240000 129.2780000
 141.6110000 101.0540000 128.3280000 142.3050000 100.8370000 127.9080000
 141.7660000 100.8120000 131.1910000 140.8580000 101.2310000 131.9040000
 142.1550000  99.5280000 131.2490000 142.8210000  99.2870000 130.7620000
 141.4930000  98.5040000 132.0840000 140.5440000  98.5310000 131.8860000
 141.9820000  97.0960000 131.7130000 141.6670000  96.8730000 130.8230000
 141.6120000  96.4530000 132.3380000 143.3890000  96.9910000 131.7340000
 143.6740000  97.2820000 131.0000000 141.6180000  98.7400000 133.6000000
 140.7550000  98.2750000 134.3460000 142.5050000  99.6440000 134.0410000
 143.0570000  99.9800000 133.4730000 142.5540000 100.1480000 135.4210000
 142.5950000  99.3940000 136.0300000 143.3640000 100.6700000 135.5310000
 141.3620000 101.0260000 135.8410000 141.1710000 101.2590000 137.0370000
 140.4620000 101.3800000 134.9110000 140.6260000 101.1850000 134.0900000
 139.2060000 102.0880000 135.1990000 139.4300000 102.9260000 135.6330000
 138.5180000 102.4260000 133.8590000 139.1610000 102.9170000 133.3240000
 138.3110000 101.6080000 133.3810000 137.2380000 103.2850000 133.9960000
 137.2660000 103.7850000 134.8270000 137.1430000 104.2950000 132.8510000
 137.9160000 104.8800000 132.8670000 137.1020000 103.8350000 131.9980000
 136.3480000 104.8390000 132.9630000 135.9590000 102.4410000 133.9510000
 135.1870000 103.0200000 134.0510000 135.9480000 101.8040000 134.6820000
 135.8950000 101.9660000 133.1080000 138.2720000 101.3320000 136.1670000
 137.5100000 101.9710000 136.8810000 138.4360000 100.0140000 136.3520000
 139.0160000  99.6000000 135.8700000 137.6810000  99.2570000 137.3760000
 136.7360000  99.3880000 137.1980000 137.9750000  97.7460000 137.2620000
 137.7780000  97.4840000 136.3490000 139.4410000  97.3620000 137.5400000
 139.8470000  97.0340000 136.7220000 139.9630000  98.1200000 137.8460000
 139.4960000  96.6620000 138.2090000 137.0450000  96.9180000 138.1630000
 137.1940000  95.9710000 138.0120000 137.2060000  97.1140000 139.0990000
 136.1210000  97.1300000 137.9550000 137.9140000  99.7580000 138.8110000
 137.0330000  99.6300000 139.6550000 139.0820000 100.3390000 139.1000000
 139.6550000 100.4470000 138.4680000 139.4150000 100.8800000 140.4220000
 138.8430000 100.4680000 141.0880000 140.8730000 100.5360000 140.7750000
 141.0730000 100.9000000 141.6520000 141.4510000 100.9870000 140.1400000
 141.2590000  99.0650000 140.8130000 140.2990000  98.0300000 140.8430000
 139.3890000  98.2200000 140.8450000 140.7080000  96.6850000 140.8410000
 140.0690000  96.0100000 140.8290000 142.0760000  96.3650000 140.8400000
 142.3450000  95.4750000 140.8310000 143.0360000  97.3920000 140.8570000
 143.9420000  97.1840000 140.8690000 142.6270000  98.7370000 140.8430000
 143.2630000  99.4150000 140.8460000 139.1330000 102.3830000 140.5400000
 139.6470000 103.0080000 141.4710000 138.3750000 102.9640000 139.5940000
 138.0260000 102.4810000 138.9740000 138.0740000 104.3970000 139.5990000
 138.9270000 104.8590000 139.5810000 137.2990000 104.8450000 138.3420000
 137.7400000 104.4630000 137.5670000 135.8260000 104.4130000 138.3230000
 135.4620000 104.5250000 137.4310000 135.3070000 104.9460000 138.9450000
 135.7520000 103.4790000 138.5760000 137.3620000 106.3680000 138.1700000
 138.2870000 106.6530000 138.1050000 136.9040000 106.6220000 137.3530000
 136.9390000 106.8170000 138.9190000 137.3630000 104.7560000 140.9000000
 136.3770000 104.1380000 141.3020000 137.9930000 105.6530000 141.6490000
 138.6870000 106.0260000 141.3040000 137.4160000 106.2740000 142.8420000
 136.6130000 105.8000000 143.1070000 138.4270000 106.2550000 143.9980000
 139.2080000 106.7700000 143.7430000 138.0210000 106.6500000 144.7850000
 138.8600000 104.8190000 144.3070000 138.0710000 104.2800000 144.4770000
 139.3200000 104.4670000 143.5290000 139.8210000 104.7110000 145.4920000
 139.4520000 105.2060000 146.2400000 140.6750000 105.1080000 145.2610000
 139.9990000 103.3020000 145.8940000 139.6460000 103.0860000 146.6480000
 140.6060000 102.3400000 145.2170000 140.6390000 101.1330000 145.7090000
 141.0150000 100.5040000 145.2590000 140.2470000 100.9670000 146.4560000
 141.1620000 102.5180000 144.0520000 141.5110000 101.8680000 143.6100000
 141.0100000 103.2480000 143.6230000 137.0010000 107.6820000 142.4550000
 137.5790000 108.2450000 141.5270000 136.1060000 108.2720000 143.2410000
 135.8090000 107.8650000 143.9380000 135.7330000 109.6790000 143.0920000
 136.4010000 110.1030000 142.5300000 134.3850000 109.8700000 142.3630000
 134.2110000 110.8230000 142.3200000 134.4100000 109.3380000 140.9210000
 133.6700000 109.7220000 140.4250000 135.2370000 109.5910000 140.4820000
 134.3360000 108.3710000 140.9050000 133.2070000 109.1860000 143.0620000
 133.1050000 109.5330000 143.9620000 133.3450000 108.2270000 143.0980000
 132.3930000 109.3680000 142.5680000 135.7890000 110.3720000 144.4540000
 135.4440000 109.7720000 145.4690000 136.4440000 111.5300000 144.5000000
 136.7610000 111.8420000 143.7640000 136.5730000 112.4080000 145.6670000
 136.4340000 111.8990000 146.4810000 137.9760000 113.0480000 145.7310000
 138.0360000 113.6030000 146.5240000 139.0930000 112.0200000 145.7460000
 139.8830000 112.4120000 146.1500000 138.8340000 111.2280000 146.2430000
 139.2830000 111.7940000 144.8220000 138.2070000 113.8300000 144.5840000
 137.4390000 114.0920000 144.3690000 135.5350000 113.5220000 145.5700000
 135.6010000 114.3340000 144.6440000 134.7040000 113.6720000 146.5960000
 134.6220000 113.0240000 147.1550000 133.6660000 114.7190000 146.6220000
 133.8120000 115.3510000 145.9000000 132.2830000 114.1020000 146.3800000
 131.6290000 114.8160000 146.3250000 132.2100000 113.2610000 145.1050000
 131.2910000 112.9860000 144.9640000 132.5050000 113.7920000 144.3490000
 132.7620000 112.4680000 145.1920000 131.9770000 113.2410000 147.4420000
 131.1470000 113.3300000 147.5310000 133.6940000 115.5440000 147.9130000
 133.4090000 116.7370000 147.8680000 134.3300000 115.0190000 148.9710000
 134.5630000 114.1930000 148.9210000 134.4910000 115.7000000 150.2560000
 133.6030000 115.9190000 150.5780000 135.1000000 114.7010000 151.2600000
 134.5650000 113.8920000 151.2780000 136.0010000 114.4710000 150.9850000
 135.1460000 115.2580000 152.6750000 134.6310000 116.3180000 152.9850000
 135.9590000 114.6800000 153.5300000 136.4260000 113.9940000 153.3050000
 135.9920000 115.0400000 154.3100000 135.3450000 116.9910000 150.1250000
 136.5620000 116.8820000 149.9230000 134.7980000 118.2050000 150.3630000
 133.4060000 118.4670000 150.7190000 132.7890000 117.8570000 150.2860000
 133.3060000 118.4130000 151.6820000 133.1040000 119.8830000 150.2430000
 132.7950000 119.8560000 149.3240000 132.4490000 120.3160000 150.8120000
 134.4640000 120.5740000 150.3180000 134.6020000 120.9080000 151.2180000
 134.5260000 121.2990000 149.6760000 135.4730000 119.4610000 150.0070000
 135.6380000 119.4490000 149.0510000 136.8070000 119.7150000 150.7310000
 137.7160000 120.3210000 150.1640000 136.9810000 119.1890000 151.9490000
 136.3310000 118.7340000 152.2800000 138.2550000 119.2680000 152.6950000
 138.5460000 120.1930000 152.7080000 138.0660000 118.8180000 154.1580000
 137.3280000 119.3220000 154.5350000 137.7360000 117.3270000 154.2820000
 137.3680000 117.1390000 155.1590000 137.0740000 117.0980000 153.6110000
 138.5230000 116.7800000 154.1360000 139.3140000 119.0900000 155.0070000
 139.1560000 118.8020000 155.9200000 140.0730000 118.6050000 154.6470000
 139.5130000 120.0390000 154.9960000 139.3850000 118.4890000 152.0230000
 140.5130000 118.9790000 151.9740000 139.0820000 117.3180000 151.4570000
 138.2610000 117.0640000 151.4230000 140.0660000 116.5100000 150.7340000
 140.9000000 116.5560000 151.2260000 139.5930000 115.0460000 150.6180000
 138.8060000 114.9110000 151.1690000 139.3270000 114.8720000 149.7020000
 140.6640000 114.0250000 151.0490000 141.5830000 114.4180000 151.8180000
 140.3520000 112.8240000 150.8560000 140.3580000 117.0550000 149.3340000
 141.3760000 116.7140000 148.7470000 139.4710000 117.9110000 148.8050000
 138.7320000 118.0420000 149.2250000 139.7240000 118.6310000 147.5600000
 140.2360000 118.0610000 146.9660000 138.3940000 119.0030000 146.8890000
 137.8590000 119.5400000 147.4940000 138.5940000 119.5460000 146.1100000
 137.5820000 117.7830000 146.4380000 137.2530000 117.2980000 147.2110000
 136.3910000 118.2470000 145.6050000 135.8440000 118.8550000 146.1270000
 135.8480000 117.4810000 145.3620000 136.6970000 118.6930000 144.8000000
 138.4350000 116.8480000 145.5800000 137.8530000 116.2870000 145.0440000
 139.0130000 117.3570000 144.9900000 138.9770000 116.2860000 146.1560000
 140.5720000 119.8790000 147.7460000 141.3600000 120.1910000 146.8590000
 140.3770000 120.6160000 148.8400000 139.7430000 120.3710000 149.3670000
 140.8370000 122.0030000 148.9420000 141.2430000 122.2650000 148.1010000
 139.6020000 122.8790000 149.1460000 139.3450000 122.8180000 150.0790000
 138.8640000 122.5340000 148.6200000 139.7650000 124.3170000 148.7830000
 139.3480000 125.3350000 149.5550000 138.9370000 125.2210000 150.3810000
 139.6220000 126.5370000 148.9500000 139.5980000 127.2830000 149.3770000
 140.0830000 126.3440000 147.6690000 140.3570000 127.2260000 146.6210000
 140.1700000 128.1300000 146.7340000 140.8280000 126.7340000 145.3980000
 140.9910000 127.3140000 144.6890000 140.9940000 125.3510000 145.2370000
 141.2440000 125.0190000 144.4050000 140.7070000 124.4610000 146.2930000
 140.7910000 123.5440000 146.1620000 140.2320000 124.9320000 147.5390000
 141.9250000 122.2350000 149.9960000 142.4170000 123.3500000 150.1490000
 142.3520000 121.1790000 150.6940000 141.9520000 120.4260000 150.5820000
 143.3610000 121.2750000 151.7460000 143.7760000 122.1510000 151.7110000
 142.6860000 121.1300000 153.1140000 141.7250000 121.2330000 153.0310000
 142.8630000 120.2450000 153.4680000 143.1900000 122.1060000 154.0070000
 142.7700000 122.8200000 153.8680000 144.4720000 120.2440000 151.5490000
 144.2240000 119.0390000 151.4910000 145.7270000 120.6960000 151.5860000
 145.8580000 121.5450000 151.6270000 146.8820000 119.8050000 151.6430000
 146.8540000 119.2470000 150.8500000 148.1590000 120.6510000 151.5910000
 148.9430000 120.0810000 151.5550000 148.2130000 121.2300000 152.3670000
 148.1460000 121.2050000 150.7950000 146.8190000 118.9060000 152.9040000
 146.4410000 119.3860000 153.9790000 147.2490000 117.6310000 152.8310000
 147.7820000 116.9730000 151.6480000 147.0550000 116.7810000 151.0350000
 148.4590000 117.5130000 151.2100000 148.3950000 115.6670000 152.1450000
 149.3030000 115.8250000 152.4480000 148.3750000 114.9790000 151.4620000
 147.5060000 115.3130000 153.3370000 146.7000000 114.8800000 153.0160000
 147.9640000 114.7360000 153.9680000 147.1400000 116.6740000 153.9430000
 146.2230000 116.6350000 154.2560000 148.0230000 117.0140000 155.1570000
 147.8010000 116.4890000 156.2390000 148.9890000 117.9230000 154.9930000
 149.0840000 118.2500000 154.2030000 149.9640000 118.3290000 156.0160000
 149.6380000 118.0470000 156.8850000 151.2770000 117.5710000 155.7590000
 151.6110000 117.8050000 154.8790000 151.1030000 116.6170000 155.7800000
 152.2620000 117.8730000 156.7230000 152.1410000 118.6730000 156.9500000
 150.1380000 119.8620000 156.0950000 151.2060000 120.3510000 156.4670000
 149.1390000 120.6380000 155.6490000 148.4030000 120.2480000 155.4350000
 149.0870000 122.0940000 155.9100000 149.9000000 122.5010000 155.5710000
 147.8890000 122.7340000 155.1770000 147.1430000 122.1140000 155.1800000
 148.1420000 122.9040000 154.2560000 147.4550000 123.9480000 155.7800000
 146.8050000 124.2690000 155.3560000 149.0250000 122.3650000 157.4190000
 148.4370000 121.5770000 158.1600000 149.5080000 123.5340000 157.8610000
 149.8340000 124.0870000 157.2890000 149.3830000 123.9530000 159.2580000
 149.8350000 123.2920000 159.8050000 150.0840000 125.3100000 159.4710000
 151.0050000 125.2420000 159.1730000 149.6450000 125.9830000 158.9280000
 150.0760000 125.7750000 160.9410000 149.1620000 125.9170000 161.2340000
 150.5490000 126.6190000 161.0090000 150.7160000 124.7730000 161.8970000
 150.0530000 124.0210000 162.5690000 152.0140000 124.5640000 161.8560000
 152.2760000 123.9290000 162.3740000 152.5330000 125.0050000 161.3310000
 147.9120000 123.9760000 159.7140000 147.5720000 123.2570000 160.6360000
 146.9930000 124.6000000 158.9600000 147.2330000 124.9620000 158.2180000
 145.5600000 124.5480000 159.3090000 145.4480000 124.9000000 160.2060000
 144.7460000 125.4160000 158.3450000 143.8110000 125.1620000 158.3810000
 145.0630000 125.2970000 157.4360000 144.8010000 126.3450000 158.6200000
 144.9680000 123.1300000 159.3250000 144.0160000 122.8870000 160.0660000
 145.5000000 122.2040000 158.5140000 146.1950000 122.4170000 158.0540000
 145.0590000 120.8040000 158.5300000 144.0890000 120.8030000 158.5550000
 145.5370000 120.0780000 157.2630000 145.4670000 120.6690000 156.4970000
 146.4700000 119.8320000 157.3680000 144.7190000 118.8050000 156.9850000
 144.5990000 118.2980000 157.8030000 145.2160000 118.2550000 156.3590000
 143.3460000 119.1310000 156.3790000 142.8080000 119.5960000 157.0390000
 143.4680000 119.7360000 155.6300000 142.6320000 117.9080000 155.9400000
 142.0440000 117.5940000 156.4830000 142.7910000 117.2550000 154.7950000
 142.0510000 116.2210000 154.4980000 141.4950000 115.9000000 155.0700000
 142.1520000 115.7950000 153.7580000 143.6830000 117.6190000 153.9220000
 144.1790000 118.3020000 154.0870000 143.6290000 117.3240000 153.1160000
 145.5120000 120.0740000 159.7990000 144.6830000 119.4050000 160.4040000
 146.7360000 120.3210000 160.2760000 147.2510000 120.8410000 159.8240000
 147.2070000 119.8220000 161.5750000 147.0520000 118.8650000 161.6080000
 148.7150000 120.0920000 161.7470000 148.9030000 121.0080000 161.4900000
 148.9180000 120.0150000 162.6920000 149.6750000 119.1570000 160.9850000
 149.5980000 119.3090000 160.0300000 151.1070000 119.4730000 161.4280000
 151.7340000 118.8990000 160.9610000 151.3120000 120.4000000 161.2290000
 151.1920000 119.3280000 162.3830000 149.4320000 117.6720000 161.2760000
 148.5950000 117.3860000 160.8770000 150.1420000 117.1350000 160.8910000
 149.3970000 117.5220000 162.2340000 146.4290000 120.4030000 162.7600000
 145.9990000 119.6470000 163.6190000 146.0890000 121.6850000 162.7470000
 146.4650000 122.1900000 162.1620000 145.2840000 122.3090000 163.8100000
 145.6910000 122.1340000 164.6730000 145.3220000 123.8560000 163.5690000
 144.7150000 124.1950000 164.2460000 144.7530000 123.9900000 162.7950000
 146.5090000 124.6470000 163.6100000 146.2820000 125.5510000 163.3400000
 146.9840000 124.3190000 162.8300000 147.4940000 124.6810000 164.8740000
 147.2930000 123.5120000 165.5750000 148.2510000 125.6000000 164.7620000
 143.8330000 121.7450000 163.8250000 143.3140000 121.5140000 164.8970000
 143.2720000 121.4870000 162.6510000 143.6950000 121.6880000 161.9300000
 142.0220000 120.7540000 162.5480000 141.3530000 121.1970000 163.0930000
 141.4830000 120.7250000 161.0900000 141.2780000 121.6350000 160.8230000
 142.1600000 120.3700000 160.4930000 140.2140000 119.8530000 161.0270000
 140.4740000 118.9270000 161.1510000 139.6280000 120.1130000 161.7550000
 139.4300000 119.9400000 159.7150000 139.9130000 119.4640000 159.0210000
 139.3530000 120.8710000 159.4530000 138.0040000 119.3620000 159.8540000
 137.4730000 120.0120000 160.3410000 137.6210000 119.2840000 158.9660000
 137.9420000 118.0670000 160.5980000 137.2850000 117.5360000 160.3160000
 138.7060000 117.6100000 160.5840000 137.7290000 118.1980000 161.4520000
 142.1350000 119.3410000 163.1370000 141.2970000 118.9890000 163.9590000
 143.1580000 118.5710000 162.7630000 143.7260000 118.8830000 162.1980000
 143.3610000 117.2070000 163.2790000 142.5680000 116.6790000 163.0950000
 144.5810000 116.5410000 162.6050000 144.9910000 115.9240000 163.2310000
 145.2480000 117.2140000 162.3970000 144.2620000 115.7570000 161.3180000
 144.0580000 116.3910000 160.6130000 145.0610000 115.2760000 161.0530000
 143.1060000 114.7530000 161.4720000 143.1490000 113.9330000 162.4090000
 142.2020000 114.8070000 160.5910000 143.5220000 117.1730000 164.8050000
 142.8840000 116.3530000 165.4580000 144.2120000 118.1480000 165.4100000
 144.6440000 118.7170000 164.9300000 144.2870000 118.2240000 166.8710000
 144.5570000 117.3520000 167.2000000 145.3590000 119.2340000 167.2970000
 145.0630000 120.1360000 167.0990000 146.1680000 119.0740000 166.7870000
 145.6810000 119.1080000 168.7720000 144.9190000 119.7990000 169.7360000
 144.2230000 120.3530000 169.4650000 145.1840000 119.6230000 171.1090000
 144.6660000 120.0630000 171.7440000 146.2160000 118.7470000 171.5120000
 146.5210000 118.6130000 172.8290000 147.0100000 117.9450000 172.9680000
 146.9530000 118.0310000 170.5530000 147.6160000 117.4440000 170.8360000
 146.6860000 118.2110000 169.1830000 147.1720000 117.7360000 168.5490000
 142.9270000 118.5490000 167.5190000 142.5610000 117.9440000 168.5340000
 142.1780000 119.4980000 166.9410000 142.4860000 119.8890000 166.2400000
 140.8780000 119.9340000 167.4620000 140.9880000 120.1460000 168.4020000
 140.4240000 121.2100000 166.7400000 141.1030000 121.8940000 166.8460000
 140.3320000 121.0310000 165.7910000 139.1070000 121.7360000 167.2820000
 139.0960000 122.4320000 168.5020000 139.8930000 122.5460000 168.9680000
 137.8890000 122.8830000 169.0610000 137.8890000 123.3280000 169.8780000
 136.6740000 122.5900000 168.4200000 135.8710000 122.8450000 168.8130000
 136.6730000 121.8440000 167.2270000 135.8660000 121.5810000 166.8460000
 137.8880000 121.4290000 166.6490000 137.8800000 120.9050000 165.8810000
 139.7870000 118.8550000 167.3790000 139.1980000 118.5150000 168.4080000
 139.6280000 118.2300000 166.2030000 140.1280000 118.4700000 165.5460000
 138.6740000 117.1330000 165.9560000 137.7720000 117.4670000 166.0800000
 138.8240000 116.6170000 164.5020000 139.0060000 115.6640000 164.5050000
 139.5930000 117.0330000 164.0820000 137.6020000 116.9150000 163.6150000
 137.4360000 118.1090000 163.2600000 137.2450000 116.0100000 162.8260000
 138.8850000 115.9670000 166.9420000 137.9200000 115.3260000 167.3560000
 140.1330000 115.7630000 167.3870000 140.7530000 116.2580000 167.0540000
 140.5330000 114.6660000 168.2680000 140.0840000 113.8640000 167.9580000
 142.0510000 114.4690000 168.1200000 142.5200000 115.1120000 168.6750000
 142.3050000 114.6200000 167.1960000 142.5070000 113.0530000 168.4800000
 142.2560000 112.8410000 169.3930000 142.0710000 112.4260000 167.8830000
 144.0180000 112.9180000 168.3350000 144.7970000 113.2540000 169.2120000
 144.5100000 112.4340000 167.2150000 143.9900000 112.3140000 166.5410000
 145.3660000 112.4800000 167.1400000 140.1580000 114.8630000 169.7480000
 139.8260000 113.8860000 170.4160000 140.3050000 116.0810000 170.2920000
 140.5620000 116.7230000 169.7810000 140.1170000 116.3490000 171.7310000
 140.2300000 115.5210000 172.2230000 141.1810000 117.3310000 172.2460000
 140.9580000 117.5710000 173.1590000 141.1640000 118.1410000 171.7130000
 142.5770000 116.7670000 172.2560000 143.3620000 116.4990000 171.1580000
 143.1920000 116.7250000 170.3460000 144.4590000 115.8490000 171.5850000
 145.1400000 115.5390000 171.0330000 144.4330000 115.7010000 172.9220000
 145.1370000 115.3070000 173.5300000 143.2340000 116.2770000 173.3520000
 142.9170000 116.2860000 174.2260000 138.7210000 116.8650000 172.1020000
 138.3350000 116.7490000 173.2610000 138.0000000 117.4930000 171.1670000
 138.3620000 117.6360000 170.4000000 136.6980000 118.1320000 171.4350000
 136.4330000 117.9620000 172.3530000 136.8530000 119.6490000 171.2710000
 136.0250000 120.0770000 171.5400000 136.9950000 119.8530000 170.3330000
 137.9880000 120.2320000 172.0890000 139.2370000 120.4920000 171.4960000
 139.3690000 120.2950000 170.5970000 140.2860000 121.0190000 172.2690000
 141.1170000 121.1730000 171.8800000 140.0800000 121.3000000 173.6310000
 140.7700000 121.6700000 174.1330000 138.8480000 120.9980000 174.2370000
 138.7110000 121.1480000 175.1450000 137.8120000 120.4510000 173.4640000
 137.0030000 120.2220000 173.8610000 135.5610000 117.5900000 170.5590000
 134.4030000 117.9650000 170.7380000 135.8920000 116.7020000 169.6180000
 136.7230000 116.4960000 169.5390000 135.0150000 116.3190000 168.5210000
 134.1230000 116.1400000 168.8570000 135.3670000 115.5020000 168.1350000
 134.9250000 117.3950000 167.4220000 135.3200000 118.5480000 167.6160000
 134.4640000 117.0150000 166.2200000 134.0950000 115.6680000 165.8370000
 134.9160000 115.1670000 165.7080000 133.5320000 115.2420000 166.5020000
 133.3440000 115.8040000 164.5190000 132.4050000 115.9510000 164.7120000
 133.4690000 115.0280000 163.9500000 133.9340000 117.0610000 163.8890000
 134.7290000 116.8280000 163.3850000 133.2930000 117.5020000 163.3100000
 134.3190000 117.9270000 165.0930000 135.1710000 118.3560000 164.9190000
 133.2710000 119.0080000 165.3590000 132.2510000 118.7840000 166.0110000
 133.4230000 120.1270000 164.6500000 134.1170000 120.1890000 164.1460000
 132.3960000 121.1620000 164.5780000 132.2180000 121.4610000 165.4830000
 132.9250000 122.3460000 163.7670000 133.7500000 122.6580000 164.1700000
 133.1180000 122.0570000 162.8610000 131.9430000 123.4920000 163.7330000
 131.7650000 124.2630000 164.8890000 132.2600000 124.0570000 165.6490000
 130.8110000 125.2910000 164.9130000 130.6710000 125.7840000 165.6890000
 130.0140000 125.5390000 163.7840000 129.3520000 126.1920000 163.8110000
 130.1670000 124.7470000 162.6370000 129.5970000 124.8600000 161.9110000
 131.1290000 123.7220000 162.6100000 131.1810000 123.1680000 161.8650000
 131.0730000 120.6330000 163.9940000 131.0800000 119.8800000 163.0210000
 129.9570000 121.0510000 164.5980000 130.0310000 121.6550000 165.2060000
 128.5930000 120.6320000 164.2720000 128.5740000 119.6630000 164.2360000
 127.6700000 121.0700000 165.4250000 126.7670000 120.7650000 165.2420000
 127.9570000 120.6200000 166.2350000 127.6140000 122.5650000 165.6870000
 128.4570000 123.1690000 166.6400000 129.0580000 122.6500000 167.1240000
 128.3790000 124.5560000 166.8720000 128.9380000 124.9550000 167.4990000
 127.4620000 125.3430000 166.1510000 127.4130000 126.2600000 166.2950000
 126.6090000 124.7400000 165.2140000 125.9890000 125.2480000 164.7430000
 126.6880000 123.3570000 164.9880000 126.1140000 122.9590000 164.3740000
 128.1020000 121.1390000 162.8990000 128.6090000 122.1140000 162.3530000
 127.0850000 120.4660000 162.3570000 126.7190000 119.8640000 162.8510000
 126.3630000 120.8300000 161.1240000 126.9840000 121.1710000 160.4620000
 125.6480000 119.5740000 160.6220000 124.8340000 119.8170000 160.1530000
 125.4070000 119.0170000 161.3790000 126.5270000 118.7780000 159.6700000
 126.0060000 118.6350000 158.8650000 127.3250000 119.2830000 159.4480000
 126.9630000 117.4220000 160.2150000 127.6370000 117.5550000 160.9000000
 126.2070000 116.9640000 160.6140000 127.5170000 116.6250000 159.1090000
 128.3560000 116.7220000 158.9490000 126.7940000 115.9400000 158.2420000
 125.5040000 115.8450000 158.3260000 125.1050000 116.4520000 158.7870000
 125.0290000 115.7290000 157.6180000 127.3470000 115.3370000 157.2340000
 128.1900000 115.4350000 157.0980000 126.8330000 114.8470000 156.7490000
 125.3350000 121.9270000 161.3560000 124.8400000 122.0310000 162.4720000
 124.9340000 122.6620000 160.3140000 125.2330000 122.4790000 159.5290000
 123.9050000 123.7060000 160.4460000 123.3910000 123.5080000 161.2440000
 124.4860000 125.1260000 160.6760000 123.8170000 125.6390000 161.1550000
 125.7920000 125.1760000 161.4660000 126.0470000 126.1020000 161.6040000
 125.6690000 124.7350000 162.3210000 126.4930000 124.7290000 160.9670000
 124.7830000 125.8100000 159.4810000 124.4720000 125.3300000 158.8660000
 122.9050000 123.6940000 159.2900000 123.2290000 124.1380000 158.1810000
 121.6330000 123.5920000 159.6650000 121.4540000 123.2390000 160.4280000
 120.5240000 123.9330000 158.7830000 120.8360000 123.9830000 157.8660000
 119.4550000 122.8370000 158.8350000 119.1700000 122.6940000 159.7510000
 118.6870000 123.1630000 158.3400000 119.9230000 121.5100000 158.2120000
 120.3090000 121.6910000 157.3410000 119.1450000 120.9500000 158.0650000
 120.9320000 120.7460000 159.0830000 120.4930000 120.2280000 160.1360000
 122.1230000 120.6990000 158.7000000 122.6427646 120.1952337 159.3306056
 119.9840000 125.3080000 159.1820000 119.5070000 125.4860000 160.3040000
 120.1800000 126.3210000 158.3310000 120.5040000 126.1380000 157.5560000
 119.6410000 127.6660000 158.5720000 119.4700000 127.7650000 159.5220000
 120.6340000 128.7620000 158.1720000 120.1400000 129.5870000 158.0440000
 121.0300000 128.5190000 157.3210000 121.7200000 129.0010000 159.2400000
 121.3520000 128.8270000 160.1200000 122.4520000 128.3820000 159.0910000
 122.2440000 130.4390000 159.2670000 121.5200000 131.4090000 159.1360000
 123.5020000 130.6510000 159.5800000 124.0360000 129.9920000 159.7200000
 123.7330000 131.4780000 159.6320000 118.3010000 127.8920000 157.8720000
 118.0690000 127.4150000 156.7560000 117.5380000 128.8320000 158.4430000
 117.7950000 129.1550000 159.1970000 116.2850000 129.3190000 157.8810000
 116.3160000 129.1930000 156.9200000 115.1270000 128.4970000 158.4840000
 115.4550000 127.6500000 158.8230000 114.7410000 128.9990000 159.2180000
 113.9980000 128.2200000 157.4990000 113.7420000 129.0540000 157.0760000
 114.4300000 127.2180000 156.4440000 113.7020000 127.1180000 155.8110000
 114.6360000 126.3620000 156.8520000 115.2220000 127.5400000 155.9870000
 112.7840000 127.6190000 158.2010000 112.0950000 127.4350000 157.5440000
 113.0300000 126.7970000 158.6530000 112.4330000 128.2440000 158.8550000
 116.1360000 130.8190000 158.1440000 116.0850000 131.2490000 159.2920000
 116.1050000 131.6060000 157.0670000 116.1780000 131.2240000 156.3000000
 116.0110000 133.0670000 157.0970000 116.1650000 133.3640000 158.0070000
 117.0810000 133.7470000 156.2150000 116.7900000 133.7100000 155.2910000
 117.1670000 135.2340000 156.6010000 116.3330000 135.6860000 156.3980000
 117.3480000 135.3270000 157.5490000 117.8890000 135.6600000 156.1130000
 118.4780000 133.0920000 156.2410000 119.0880000 133.6480000 155.7310000
 118.4360000 132.2340000 155.7900000 119.0810000 132.8730000 157.6320000
 120.0390000 132.7610000 157.5300000 118.9120000 133.6310000 158.2130000
 118.7160000 132.0700000 158.0360000 114.5960000 133.4790000 156.6990000
 114.2720000 133.5640000 155.5080000 113.7090000 133.5230000 157.6900000
 114.0190000 133.4750000 158.4910000 112.3030000 133.8850000 157.5130000
 112.0100000 133.5440000 156.6530000 111.4100000 133.2500000 158.6060000
 111.6700000 133.6220000 159.4630000 109.9290000 133.6020000 158.3830000
 109.3690000 133.0860000 158.9840000 109.7740000 134.5400000 158.5740000
 109.6690000 133.4100000 157.4680000 111.5860000 131.7190000 158.7170000
 111.0770000 131.4010000 159.4790000 112.5170000 131.5120000 158.8920000
 111.1320000 130.9420000 157.4770000 111.3870000 130.0100000 157.5680000
 110.1670000 130.9880000 157.3860000 111.5650000 131.3040000 156.6880000
 112.1600000 135.4060000 157.4580000 112.8380000 136.1500000 158.1660000
 111.2410000 135.8640000 156.6100000 110.7970000 135.2830000 156.1580000
 110.8910000 137.2700000 156.4050000 111.1240000 137.7950000 157.1870000
 111.5910000 137.8340000 155.1670000 111.2080000 137.3870000 154.3960000
 111.3900000 138.7800000 155.0940000 113.1090000 137.6470000 155.1270000
 113.5250000 138.2050000 155.8030000 113.3400000 136.7210000 155.2990000
 113.6010000 138.0410000 153.7300000 114.1330000 138.8470000 153.8240000
 112.8540000 138.2810000 153.1600000 114.3580000 136.9410000 153.0920000
 114.1630000 136.1480000 153.3610000 115.2320000 137.0370000 152.1030000
 115.6810000 135.9520000 151.5370000 116.2220000 135.9800000 150.8690000
 115.4050000 135.1840000 151.8080000 115.6800000 138.1860000 151.6720000
 115.4830000 138.8980000 152.1130000 116.3580000 138.1970000 151.1430000
 109.4030000 137.3610000 156.1560000 108.8710000 136.5230000 155.4270000
 108.8450000 138.5140000 156.4820000 109.3080000 139.0800000 156.9350000
 107.4560000 138.8470000 156.2400000 106.9910000 138.1130000 155.8100000
 106.8290000 139.0140000 157.6120000 107.3810000 139.5660000 158.1880000
 106.6970000 138.1390000 158.0100000 105.9710000 139.4480000 157.4850000
 107.3390000 140.1190000 155.3730000 107.6300000 141.2090000 155.8620000
 107.0220000 140.0000000 154.0690000 106.8640000 138.7470000 153.3490000
 107.6440000 138.1870000 153.4860000 106.0640000 138.2880000 153.6490000
 106.7060000 139.1110000 151.8760000 105.7630000 139.1020000 151.6500000
 107.1700000 138.5000000 151.2830000 107.2550000 140.5300000 151.7670000
 106.8170000 141.0220000 151.0550000 108.2110000 140.4930000 151.6100000
 106.9840000 141.1380000 153.1480000 107.6960000 141.7610000 153.3600000
 105.6540000 141.9190000 153.1580000 105.6190000 143.0360000 152.6530000
 104.5400000 141.2960000 153.5790000 104.6180000 140.4960000 153.8840000
 103.1760000 141.8620000 153.4760000 103.1870000 142.5250000 152.7680000
 102.1580000 140.7520000 153.0960000 101.2750000 140.9930000 153.4190000
 102.3950000 139.9320000 153.5570000 101.9670000 140.4530000 151.5970000
 101.2920000 139.7600000 151.5270000 101.4670000 141.6580000 150.7940000
 101.3270000 141.3970000 149.8700000 102.1100000 142.3830000 150.8200000
 100.6270000 141.9640000 151.1690000 103.2300000 139.9130000 150.9430000
 103.0460000 139.6540000 150.0270000 103.9270000 140.5880000 150.9550000
 103.5030000 139.1230000 151.4360000 102.7170000 142.6630000 154.7150000
 101.5220000 142.8850000 154.8880000 103.6390000 143.0970000 155.5700000
 104.4710000 143.0090000 155.3700000 103.3340000 143.7940000 156.8330000
 102.4310000 144.1460000 156.8020000 103.3850000 142.8230000 158.0280000
 102.6580000 142.1860000 157.9490000 104.7020000 142.0530000 158.0220000
 104.5370000 141.2030000 157.5850000 105.0100000 141.9130000 158.9310000
 105.3860000 142.5210000 157.5180000 103.2520000 143.4800000 159.2650000
 102.8450000 142.9930000 159.8150000 104.2580000 144.9920000 157.0360000
 105.3550000 145.0700000 156.4730000 103.7370000 145.9880000 157.7350000
 102.9730000 145.8570000 158.1080000 104.4390000 147.1670000 158.2010000
 105.2810000 147.2340000 157.7240000 103.6280000 148.4380000 157.8820000
 103.6010000 148.5270000 156.9160000 104.1140000 149.2040000 158.2260000
 102.1710000 148.5150000 158.3800000 101.4390000 147.5080000 158.1840000
 101.7250000 149.6740000 158.4670000 104.7770000 147.0420000 159.6940000
 104.1600000 146.3020000 160.4530000 105.7670000 147.8180000 160.1420000
 106.1340000 148.3610000 159.5850000 106.0370000 147.9650000 161.5750000
 106.1770000 147.0760000 161.9360000 107.2960000 148.8020000 161.8450000
 107.3690000 148.9490000 162.8010000 108.0740000 148.3020000 161.5520000
 107.2760000 150.1660000 161.1520000 106.4800000 150.6600000 161.4030000
 107.2760000 150.0250000 160.1920000 108.4960000 150.9980000 161.5560000
 108.5430000 151.0470000 162.5240000 109.3020000 150.5670000 161.2320000
 108.3950000 152.4230000 161.0010000 109.2410000 152.8680000 161.1640000
 107.7070000 152.8950000 161.4950000 108.0680000 152.4250000 159.5520000
 107.1870000 152.4410000 159.4240000 108.4080000 151.6930000 159.1760000
 108.4430000 153.1320000 159.1620000 104.8200000 148.5330000 162.3070000
 104.2840000 149.5640000 161.8940000 104.6110000 148.0540000 163.5270000
 105.1300000 147.4270000 163.8050000 103.6670000 148.6280000 164.4870000
 103.2390000 149.4020000 164.0890000 102.5540000 147.6050000 164.7700000
 101.8280000 148.0450000 165.2390000 102.2010000 147.2860000 163.9240000
 102.9980000 146.4210000 165.5890000 103.3810000 146.4840000 166.9280000
 103.4160000 147.2960000 167.5280000 103.6960000 145.2310000 167.2800000
 103.9890000 144.9870000 168.1280000 103.5340000 144.3940000 166.2390000
 103.6910000 143.5480000 166.2440000 103.0860000 145.1290000 165.1610000
 102.8800000 144.8140000 164.3100000 104.4110000 149.1390000 165.7320000
 105.6430000 149.0820000 165.7960000 103.6920000 149.8600000 166.5940000
 102.8350000 149.8080000 166.5460000 104.2420000 150.4380000 167.8260000
 105.2080000 150.3450000 167.8330000 103.9020000 151.9450000 167.9290000
 102.9360000 152.0330000 167.9140000 104.3940000 152.5380000 169.2600000
 103.8630000 152.1910000 169.9940000 105.3220000 152.3020000 169.4160000
 104.3020000 153.5040000 169.2570000 104.4500000 152.7660000 166.7360000
 104.0190000 153.6350000 166.7350000 104.2040000 152.3300000 165.9050000
 105.9680000 152.9930000 166.7360000 106.2570000 153.2450000 165.8450000
 106.1940000 153.7060000 167.3530000 106.4300000 152.1830000 167.0040000
 103.7030000 149.6450000 169.0160000 102.4910000 149.4590000 169.1160000
 104.5880000 149.3070000 169.9540000 105.4110000 149.5210000 169.8290000
 104.2230000 148.9220000 171.3140000 103.2770000 148.7080000 171.3400000
 104.9960000 147.6470000 171.7110000 105.9350000 147.7880000 171.5110000
 104.6920000 146.9120000 171.1550000 104.8550000 147.2480000 173.1710000
 103.5900000 146.9480000 173.7090000 102.8490000 146.8830000 173.1510000
 103.4360000 146.7800000 175.1010000 102.5930000 146.6080000 175.4540000
 104.5540000 146.9210000 175.9530000 104.3920000 146.8570000 177.3040000
 104.6960000 146.1310000 177.5980000 105.8320000 147.1220000 175.4100000
 106.5690000 147.1950000 175.9730000 105.9810000 147.2500000 174.0170000
 106.8310000 147.3640000 173.6570000 104.4430000 150.1190000 172.2590000
 105.4320000 150.8500000 172.1480000 103.4740000 150.3550000 173.1410000
 102.7700000 149.8640000 173.0950000 103.4480000 151.4320000 174.1260000
 104.2140000 152.0140000 174.0000000 102.1860000 152.3080000 173.9720000
 101.4040000 151.8300000 174.2890000 102.3000000 153.0830000 174.5440000
 101.9090000 152.8050000 172.5440000 101.4970000 153.6810000 172.6040000
 102.7430000 152.9170000 172.0610000 100.9670000 151.8750000 171.7730000
 101.0860000 150.6640000 171.7490000  99.8550000 152.3690000 171.2750000
  99.6680000 153.2040000 171.3640000  99.3430000 151.7790000 170.9150000
 103.4850000 150.7820000 175.5150000 102.5230000 150.0980000 175.8820000
 104.5610000 150.9460000 176.3010000 105.7980000 151.6440000 175.9880000
 106.0830000 151.4900000 175.0740000 105.6790000 152.5930000 176.1510000
 106.8330000 151.0780000 176.9530000 107.5010000 151.7430000 177.1820000
 107.2510000 150.2980000 176.5550000 106.0110000 150.6560000 178.1750000
 106.3790000 149.8580000 178.5860000 105.9930000 151.3810000 178.8190000
 104.5910000 150.4150000 177.6550000 104.4220000 149.4600000 177.6260000
 103.5190000 151.1110000 178.5070000 103.5130000 152.3330000 178.6310000
 102.6320000 150.3340000 179.1400000 102.6460000 149.4880000 178.9840000
 101.5550000 150.8790000 179.9790000 101.0100000 151.4440000 179.4090000
 100.6490000 149.7340000 180.4830000 101.1840000 148.9350000 180.6110000
  99.9950000 149.5320000 179.7950000  99.9210000 150.0360000 181.7830000
  98.8570000 150.9600000 181.8070000  98.5610000 151.3450000 181.0140000
  98.2970000 151.3650000 183.0360000  97.6160000 151.9980000 183.0480000
  98.8000000 150.8340000 184.2440000  98.3220000 151.2840000 185.4350000
  98.5680000 150.7810000 186.0610000  99.8320000 149.8770000 184.2190000
 100.1610000 149.5380000 185.0200000 100.3930000 149.4810000 182.9900000
 101.1000000 148.8770000 182.9790000 102.0290000 151.8060000 181.1290000
 101.3920000 152.8440000 181.3210000 103.0570000 151.4640000 181.9420000
 103.8620000 150.2460000 181.9120000 103.3060000 149.4800000 182.1260000
 104.2960000 150.1160000 181.0540000 104.9370000 150.4180000 182.9830000
 105.7200000 150.8370000 182.5920000 105.1740000 149.5690000 183.3890000
 104.2860000 151.3660000 183.9890000 104.9510000 151.8790000 184.4740000
 103.7400000 150.8550000 184.6060000 103.3790000 152.2580000 183.1310000
 102.5670000 152.4480000 183.6260000 104.0510000 153.5990000 182.8000000
 103.7250000 154.6190000 183.4090000 105.0710000 153.5720000 181.9410000
 105.2680000 152.8260000 181.5620000 105.8900000 154.7150000 181.5270000
 105.3050000 155.4190000 181.2060000 106.7210000 155.2460000 182.7130000
 107.0080000 156.1510000 182.5130000 106.1760000 155.2710000 183.5150000
 107.8550000 154.4350000 182.9670000 108.2900000 154.7460000 183.6150000
 106.8320000 154.2870000 180.3900000 107.0830000 153.0970000 180.2180000
 107.4470000 155.2520000 179.7010000 107.2040000 156.0680000 179.8220000
 108.5150000 155.0050000 178.7260000 108.6650000 154.0530000 178.6190000
 109.3390000 155.3920000 179.0610000 108.2310000 155.5970000 177.3450000
 107.2070000 156.2410000 177.1240000 109.2360000 155.5220000 176.4730000
 109.9240000 155.0560000 176.6940000 109.1110000 155.8970000 175.0660000
 108.5550000 156.6890000 174.9990000 110.5130000 156.2440000 174.5440000
 110.4630000 156.5100000 173.6130000 111.0940000 155.4710000 174.6200000
 110.8840000 156.9750000 175.0630000 108.4340000 154.7830000 174.2400000
 108.5150000 153.6070000 174.5950000 107.8830000 155.1460000 173.0780000
 107.8650000 155.9800000 172.8710000 107.3820000 154.1960000 172.0760000
 106.6980000 153.6420000 172.4830000 106.7630000 154.9540000 170.8890000
 106.5760000 154.3170000 170.1820000 107.4210000 155.5780000 170.5440000
 105.4700000 155.7140000 171.2010000 104.6770000 155.2170000 172.0410000
 105.2020000 156.6890000 170.4720000 108.4980000 153.2780000 171.5550000
 109.5850000 153.7450000 171.1980000 108.1780000 151.9950000 171.3500000
 107.3930000 151.7280000 171.5790000 109.1320000 150.9890000 170.8570000
 109.9590000 151.4460000 170.6360000 109.5470000 150.0020000 171.9730000
 110.2760000 149.4600000 171.6340000 110.0690000 150.7240000 173.2270000
 110.7820000 151.3370000 172.9880000 110.4080000 150.0820000 173.8700000
 109.3520000 151.2230000 173.6480000 108.4500000 149.0450000 172.4250000
 108.6540000 148.6980000 173.3080000 108.3740000 148.3100000 171.7970000
 107.6030000 149.5150000 172.4720000 108.5830000 150.3300000 169.5720000
 107.5350000 149.6820000 169.6110000 109.1780000 150.6020000 168.3910000
 110.3450000 151.4480000 168.1800000 111.1150000 151.0930000 168.6510000
 110.1520000 152.3500000 168.4790000 110.6180000 151.4480000 166.6760000
 110.9180000 152.3160000 166.3630000 111.2850000 150.7720000 166.4790000
 109.2820000 151.0450000 166.0530000 109.4050000 150.5990000 165.2000000
 108.7230000 151.8310000 165.9480000 108.6770000 150.1120000 167.1050000
 107.7090000 150.1620000 167.0720000 109.1090000 148.6670000 166.8610000
 110.2950000 148.3570000 166.9670000 108.1880000 147.7990000 166.4450000
 107.3780000 148.0660000 166.3350000 108.5200000 146.4200000 166.0800000
 109.4120000 146.2140000 166.4020000 107.5770000 145.4270000 166.7580000
 107.5730000 144.6090000 166.2370000 106.6720000 145.7760000 166.7610000
 107.9540000 145.0520000 168.1790000 108.9380000 145.7470000 168.9150000
 109.3520000 146.5060000 168.5710000 109.3190000 145.3160000 170.1930000
 109.9900000 145.7750000 170.6450000 108.6880000 144.2040000 170.7690000
 108.9180000 143.9220000 171.6250000 107.6890000 143.5230000 170.0500000
 107.2580000 142.7900000 170.4270000 107.3270000 143.9390000 168.7610000
 106.6710000 143.4740000 168.2930000 108.5870000 146.2040000 164.5790000
 107.7230000 146.6560000 163.8330000 109.5980000 145.4510000 164.1490000
 110.1720000 145.1770000 164.7280000 109.7780000 145.0530000 162.7630000
 109.8490000 145.8570000 162.2250000 110.6020000 144.5470000 162.6810000
 108.6270000 144.1810000 162.2430000 108.0310000 143.4270000 163.0140000
 108.4430000 144.1310000 160.9080000 109.2720000 144.8080000 159.9200000
 109.0020000 145.7370000 159.8500000 110.2110000 144.7470000 160.1540000
 109.0380000 144.0930000 158.5960000 109.7090000 143.4040000 158.4710000
 109.0560000 144.7140000 157.8510000 107.6610000 143.4560000 158.7600000
 106.9960000 144.0590000 158.3920000 107.6290000 142.5990000 158.3060000
 107.4140000 143.3130000 160.2690000 106.5470000 143.7020000 160.4630000
 107.3560000 141.8370000 160.7310000 106.2710000 141.3720000 161.0670000
 108.4590000 141.0710000 160.8690000 109.8590000 141.4030000 160.6360000
 110.1210000 142.2400000 161.0490000 110.0350000 141.4210000 159.6820000
 110.6460000 140.2670000 161.2810000 111.5290000 140.1550000 160.8950000
 110.7080000 140.4100000 162.2380000 109.7400000 139.0810000 160.9820000
 109.9330000 138.3200000 161.5520000 109.8160000 138.8390000 160.0460000
 108.3560000 139.6620000 161.2640000 107.7050000 139.2150000 160.7010000
 107.9430000 139.4240000 162.7310000 107.6700000 138.2790000 163.0840000
 107.9290000 140.4560000 163.5870000 108.0790000 141.2430000 163.2740000
 107.4930000 140.3850000 164.9940000 107.6730000 139.4900000 165.3210000
 108.3150000 141.3800000 165.8370000 108.0030000 141.3360000 166.7540000
 108.1360000 142.2740000 165.5070000 109.8430000 141.1660000 165.8410000
 110.1980000 141.3150000 164.9510000 110.4780000 142.1780000 166.7960000
 110.2600000 143.0780000 166.5070000 111.4430000 142.0810000 166.7940000
 110.1450000 142.0470000 167.6980000 110.2440000 139.7600000 166.3020000
 111.2090000 139.7050000 166.3790000 109.9500000 139.1040000 165.6510000
 109.8420000 139.5660000 167.1630000 105.9700000 140.5840000 165.1820000
 105.4790000 140.7430000 166.3060000 105.2070000 140.5590000 164.0860000
 105.5940000 140.4710000 163.3230000 103.7490000 140.4630000 164.1140000
 103.4000000 141.2100000 164.6240000 103.2000000 140.5270000 162.6780000
 103.8840000 140.8370000 162.0640000 102.9340000 139.6340000 162.4090000
 101.9590000 141.4060000 162.5710000 101.1050000 141.2140000 163.4430000
 101.7480000 141.8880000 161.4150000 103.3060000 139.1510000 164.7700000
 103.7790000 138.0770000 164.3930000 102.2730000 139.1920000 165.6150000
 101.8950000 139.9510000 165.7590000 101.7840000 137.9960000 166.3230000
 102.5360000 137.6220000 166.8080000 100.6890000 138.3990000 167.3390000
 101.0230000 139.1400000 167.8690000  99.3920000 138.8780000 166.6530000
  98.8050000 139.2760000 167.3150000  99.5900000 139.5490000 165.9820000
  98.9300000 138.1310000 166.2410000 100.3290000 137.2520000 168.3060000
  99.5970000 137.5390000 168.8740000 100.0130000 136.4890000 167.7970000
 101.4790000 136.7930000 169.2150000 101.6400000 135.8470000 169.0730000
 102.2970000 137.2810000 169.0330000 101.2350000 136.9340000 170.1430000
 101.2910000 136.9130000 165.3520000 101.5350000 135.7230000 165.5400000
 100.6890000 137.3340000 164.2380000 100.6360000 138.1840000 164.1220000
 100.1160000 136.4410000 163.2300000  99.5870000 135.7690000 163.6870000
  99.2050000 137.2030000 162.2360000  98.4100000 136.6580000 162.1260000
  99.6310000 137.2220000 161.3650000  98.7810000 138.6590000 162.5590000
  99.3070000 139.2720000 162.0220000  98.9310000 138.8860000 163.4900000
  97.2970000 138.8990000 162.3060000  96.8670000 139.4780000 161.3250000
  96.4330000 138.2640000 163.0740000  95.6070000 138.4370000 162.9080000
  96.7070000 137.8110000 163.7520000 101.2150000 135.7020000 162.4610000
 101.0670000 134.5320000 162.1080000 102.3100000 136.4120000 162.1940000
 102.3580000 137.2100000 162.5110000 103.4920000 135.8980000 161.5120000
 103.2130000 135.3550000 160.7580000 104.3320000 137.0710000 160.9700000
 104.6520000 137.5990000 161.7180000 105.5520000 136.5600000 160.1790000
 105.9470000 135.7750000 160.5910000 106.2350000 137.2480000 160.1640000
 105.2860000 136.3430000 159.2720000 103.4320000 137.9510000 160.0670000
 103.1020000 137.4140000 159.3300000 102.6530000 138.2650000 160.5530000
 104.0990000 139.1930000 159.4960000 103.6090000 139.9860000 159.7650000
 104.0530000 139.1230000 158.5300000 105.0170000 139.2780000 159.7980000
 104.2840000 135.0010000 162.4650000 104.5930000 133.8800000 162.0760000
 104.3950000 135.3850000 163.7450000 104.1340000 136.1790000 163.9460000
 105.0170000 134.5990000 164.8170000 105.9200000 134.3790000 164.5390000
 105.1540000 135.4440000 166.0930000 105.3270000 134.8420000 166.8340000
 104.3150000 135.8970000 166.2700000 106.3000000 136.4780000 166.0480000
 106.1240000 137.1440000 165.3660000 106.3760000 137.1770000 167.4060000
 105.5240000 137.6000000 167.5950000 107.0640000 137.8600000 167.3850000
 106.5770000 136.5320000 168.1020000 107.6650000 135.8320000 165.7660000
 108.3830000 136.4200000 166.0480000 107.7570000 135.6920000 164.8110000
 107.7370000 134.9830000 166.2300000 104.3120000 133.2600000 165.0950000
 104.9890000 132.2370000 165.1830000 102.9820000 133.2110000 164.9910000
 102.5460000 133.9520000 164.9790000 102.2350000 131.9470000 164.9800000
 102.5190000 131.4050000 165.7330000 100.7370000 132.2350000 165.1690000
 100.2330000 131.4580000 164.8800000 100.4710000 132.9850000 164.6140000
 100.3630000 132.4990000 166.6120000 100.4720000 131.5550000 167.6270000
 100.8120000 130.7680000 167.5630000  99.9420000 132.1140000 168.7250000
  99.8640000 131.6900000 169.5490000  99.5130000 133.3580000 168.4620000
  99.0740000 133.8390000 169.0240000  99.7710000 133.6190000 167.1260000
  99.5640000 134.3930000 166.6550000 102.5160000 131.0990000 163.7250000
 102.8050000 129.9140000 163.8460000 102.5910000 131.6930000 162.5280000
 102.4340000 132.5370000 162.4820000 102.8560000 130.9490000 161.2790000
 102.2940000 130.1580000 161.2750000 102.4700000 131.8060000 160.0660000
 102.9480000 132.6490000 160.1130000 102.7380000 131.3500000 159.2530000
 100.9570000 132.0660000 159.9940000 100.6190000 132.2930000 160.8740000
 100.5010000 131.2590000 159.7070000 100.5950000 133.2090000 159.0520000
 101.3420000 133.6260000 158.1820000  99.3720000 133.6910000 159.1030000
  99.2190000 134.3970000 158.6360000  98.8730000 133.4610000 159.7640000
 104.3050000 130.4460000 161.1200000 104.5150000 129.3890000 160.5220000
 105.3090000 131.1820000 161.6150000 105.1110000 131.9390000 161.9710000
 106.6940000 130.6780000 161.7360000 106.9290000 130.2480000 160.8990000
 107.7280000 131.8070000 161.9610000 107.6710000 132.4240000 161.2150000
 107.4720000 132.5830000 163.2420000 108.0580000 133.3530000 163.3060000
 107.5770000 132.0150000 164.0210000 106.5520000 132.8880000 163.2090000
 109.1740000 131.3070000 162.0630000 109.3970000 130.7790000 161.2810000
 109.7770000 132.0640000 162.1270000 109.2890000 130.7590000 162.8550000
 106.7980000 129.6060000 162.8210000 107.5040000 128.6260000 162.5970000
 106.0230000 129.6940000 163.9120000 105.5470000 130.3970000 164.0480000
 105.9840000 128.6280000 164.9140000 106.9090000 128.4160000 165.1140000
 105.3150000 129.1140000 166.2150000 105.7790000 129.9060000 166.5290000
 104.3930000 129.3550000 166.0350000 105.3290000 128.0470000 167.3300000
 104.7580000 127.3030000 167.0810000 106.7380000 127.5190000 167.5830000
 106.7340000 126.9290000 168.3530000 107.3540000 128.2540000 167.7310000
 107.0430000 126.9850000 166.8330000 104.8370000 128.6180000 168.6600000
 104.8310000 127.9140000 169.3270000 105.4200000 129.3350000 168.9550000
 103.9340000 128.9550000 168.5540000 105.3380000 127.3430000 164.3720000
 105.9510000 126.2880000 164.4740000 104.2470000 127.4480000 163.6110000
 103.8160000 128.1920000 163.6230000 103.6480000 126.3130000 162.8910000
 103.4050000 125.6280000 163.5330000 102.3770000 126.7610000 162.1450000
 102.4210000 127.7130000 161.9630000 102.3410000 126.3130000 161.2850000
 101.0830000 126.4450000 162.9070000 101.0850000 126.5980000 164.1590000
 100.1450000 125.9700000 162.2330000 104.6190000 125.6660000 161.8900000
 104.7280000 124.4390000 161.8430000 105.3870000 126.4700000 161.1420000
 105.2740000 127.3200000 161.2140000 106.4530000 125.9570000 160.2740000
 106.0610000 125.3050000 159.6710000 107.0410000 127.1120000 159.4390000
 107.5000000 127.7410000 160.0170000 106.2920000 127.5780000 159.0350000
 107.9990000 126.6630000 158.3110000 107.5790000 125.9360000 157.8250000
 108.2440000 127.8090000 157.3200000 108.9720000 128.3750000 157.6210000
 108.4650000 127.4260000 156.4560000 107.4500000 128.3600000 157.2370000
 109.3880000 126.2100000 158.7770000 110.0300000 126.2830000 158.0540000
 109.6830000 126.7470000 159.5290000 109.3680000 125.2750000 159.0340000
 107.5250000 125.2310000 161.0940000 107.9300000 124.1290000 160.7320000
 107.9460000 125.8250000 162.2100000 107.6060000 126.5860000 162.4210000
 108.9940000 125.2870000 163.0640000 109.7690000 125.1470000 162.4970000
 109.4120000 126.3630000 164.0610000 109.6760000 127.1510000 163.5620000
 108.6480000 126.5860000 164.6160000 110.5940000 125.9630000 164.9580000
 110.3310000 125.2320000 165.5390000 111.3490000 125.6810000 164.4180000
 111.0210000 127.1320000 165.8350000 112.1880000 127.4200000 166.0380000
 110.1070000 127.9720000 166.2570000 109.3030000 127.6720000 166.2020000
 110.3120000 128.3540000 167.0000000 108.5950000 123.9510000 163.7250000
 109.2670000 122.9480000 163.5300000 107.3740000 123.8450000 164.2440000
 106.8910000 124.5550000 164.3010000 106.8430000 122.5850000 164.7920000
 107.5100000 122.2040000 165.3840000 105.5690000 122.8860000 165.6160000
 104.9450000 123.3430000 165.0300000 104.8790000 121.6060000 166.1160000
 104.1170000 121.8380000 166.6700000 104.5670000 121.0760000 165.3660000
 105.5050000 121.0740000 166.6320000 105.8550000 123.8340000 166.8080000
 105.0110000 124.1360000 167.1790000 106.3170000 124.6240000 166.4870000
 106.6940000 123.2460000 167.9490000 107.0400000 123.9800000 168.4800000
 107.4450000 122.7350000 167.6080000 106.1440000 122.6810000 168.5140000
 106.6050000 121.5370000 163.6860000 106.8330000 120.3480000 163.8920000
 106.2730000 121.9520000 162.4580000 106.1030000 122.7850000 162.3280000
 106.1900000 121.0240000 161.3290000 105.7010000 120.2400000 161.6250000
 105.3930000 121.6730000 160.1960000 105.2930000 121.0350000 159.4720000
 105.8600000 122.4600000 159.8740000 104.5160000 121.9290000 160.5210000
 107.5630000 120.5260000 160.8350000 107.6530000 119.3680000 160.4190000
 108.6220000 121.3510000 160.8860000 108.5060000 122.1500000 161.1820000
 109.9940000 120.8970000 160.5910000 109.9400000 120.3940000 159.7630000
 110.9810000 122.0870000 160.3880000 110.5280000 122.7580000 159.8530000
 111.4680000 122.7680000 161.6660000 112.3910000 123.0530000 161.5760000
 110.9430000 123.5730000 161.7970000 111.4250000 122.1990000 162.4500000
 112.2930000 121.7450000 159.6510000 112.8100000 122.5560000 159.5260000
 112.8210000 121.1210000 160.1720000 112.0330000 121.1860000 158.2690000
 111.0760000 121.2170000 158.1150000 112.3700000 120.2770000 158.2400000
 112.4620000 121.7300000 157.5910000 110.4880000 119.8970000 161.6380000
 111.1610000 118.9320000 161.2760000 109.9970000 120.0190000 162.8820000
 109.5410000 120.7200000 163.0830000 110.4080000 119.1290000 163.9660000
 111.3780000 119.1300000 163.9400000 109.9620000 119.6370000 165.3500000
 109.0200000 119.8680000 165.3220000 110.0770000 118.9040000 165.9750000
 110.7700000 120.8310000 165.8900000 111.7100000 120.5910000 165.8890000
 110.6680000 121.5890000 165.2940000 110.3640000 121.2490000 167.3210000
 109.4830000 120.5850000 167.9240000 110.9440000 122.2320000 167.8250000
 109.9710000 117.6730000 163.7580000 110.7060000 116.7380000 164.0800000
 108.8540000 117.4760000 163.0560000 108.4030000 118.1760000 162.8420000
 108.2720000 116.1580000 162.8220000 108.2680000 115.6770000 163.6640000
 106.8240000 116.3390000 162.3380000 106.8160000 116.9350000 161.5730000
 106.4860000 115.4760000 162.0520000 105.8690000 116.8650000 163.3940000
 106.1690000 117.0240000 164.5580000 104.5910000 116.7880000 163.0960000
 104.0700000 117.0300000 163.7360000 104.3410000 116.5460000 162.3090000
 109.0380000 115.2820000 161.8160000 108.6530000 114.1240000 161.6330000
 109.9620000 115.8370000 161.0170000 110.2180000 116.6440000 161.1700000
 110.5990000 115.0550000 159.9480000 109.8890000 114.6380000 159.4360000
 111.4120000 115.9210000 158.9620000 112.0260000 116.4830000 159.4600000
 112.2250000 115.0540000 157.9700000 112.7640000 115.6190000 157.3950000
 111.6310000 114.5140000 157.4250000 112.8490000 114.4780000 158.4390000
 110.4040000 116.8020000 158.1970000 109.7460000 116.2400000 157.7590000
 109.9410000 117.3750000 158.8270000 111.0410000 117.6950000 157.1390000
 110.3470000 118.2760000 156.7910000 111.7490000 118.2180000 157.5470000
 111.4040000 117.1760000 156.4040000 111.4260000 113.9310000 160.5590000
 112.3970000 114.1640000 161.2820000 111.1290000 112.7100000 160.1150000
 110.4140000 112.6090000 159.6470000 111.8760000 111.5140000 160.4910000
 112.7270000 111.8210000 160.8410000 111.1930000 110.7180000 161.6280000
 111.8550000 110.1000000 161.9750000 110.6670000 111.5490000 162.8050000
 110.7130000 111.0160000 163.6140000 111.1920000 112.3560000 162.9260000
 109.7430000 111.8000000 162.6510000 110.0880000 109.9810000 161.1540000
 110.2770000 109.8010000 160.3560000 112.1890000 110.6660000 159.2520000
 111.4450000 109.7390000 158.9200000 113.1170000 111.1330000 158.4080000
 113.6010000 111.8030000 158.6480000 113.4840000 110.4060000 157.1900000
 112.6960000 110.3520000 156.6270000 114.5560000 111.1940000 156.4240000
 115.4170000 111.1160000 156.8630000 114.6310000 110.8570000 155.5180000
 114.3050000 112.1300000 156.3850000 113.9340000 108.9680000 157.5310000
 114.4800000 108.7190000 158.6050000 113.6680000 107.9990000 156.6480000
 113.2960000 108.1960000 155.8980000 114.1180000 106.6150000 156.8640000
 114.4350000 106.5320000 157.7770000 112.9560000 105.6250000 156.7330000
 112.8110000 105.4180000 155.7970000 112.1510000 106.0180000 157.1040000
 113.2580000 104.4280000 157.4280000 113.9810000 104.5470000 157.8390000
 115.2950000 106.2700000 155.9470000 115.2010000 106.4290000 154.7280000
 116.4030000 105.8320000 156.5420000 116.3570000 105.6650000 157.3840000
 117.6400000 105.4230000 155.8730000 117.5140000 105.4430000 154.9110000
 118.7560000 106.4330000 156.2240000 118.6380000 107.2260000 155.6780000
 118.6610000 106.7070000 157.1490000 120.1660000 105.9080000 156.0480000
 120.7150000 105.0840000 157.0490000 120.2340000 104.8950000 157.8220000
 121.9660000 104.4750000 156.8620000 122.2930000 103.9050000 157.5200000
 122.6810000 104.7030000 155.6710000 123.8650000 104.0610000 155.4770000
 123.7980000 103.5900000 154.7840000 122.1610000 105.5680000 154.6870000
 122.6430000 105.7200000 153.9060000 120.9070000 106.1830000 154.8800000
 120.5650000 106.7560000 154.2320000 117.9590000 103.9720000 156.2790000
 117.7390000 103.6010000 157.4210000 118.3340000 103.1140000 155.3220000
 118.5310000 103.4380000 154.5500000 118.6860000 101.6910000 155.5610000
 118.7060000 101.2800000 154.6830000 120.1270000 101.5710000 156.1080000
 120.6920000 102.1750000 155.6010000 120.1460000 101.8510000 157.0360000
 120.7090000 100.1470000 155.9420000 120.5220000  99.6310000 154.8050000
 121.6440000  99.8240000 156.7190000 117.6450000 100.8540000 156.3550000
 117.9860000  99.9160000 157.0680000 116.3440000 101.1470000 156.1710000
 116.1700000 101.8380000 155.6900000 115.2380000 100.5480000 156.9450000
 114.4260000 100.9840000 156.6450000 115.1060000  99.0510000 156.5810000
 115.1670000  98.9420000 155.6190000 115.8470000  98.5770000 156.9900000
 113.8160000  98.3910000 157.0450000 112.7230000  98.9290000 156.9820000
 113.8680000  97.0790000 157.1820000 114.6440000  96.7100000 157.2050000
 113.1520000  96.7310000 157.5060000 115.2900000 100.8470000 158.4660000
 114.6910000 100.1250000 159.2630000 115.8540000 102.0030000 158.8260000
 116.2770000 102.4550000 158.2290000 115.8930000 102.5770000 160.1730000
 115.3150000 102.0610000 160.7560000 117.3290000 102.4810000 160.7280000
 117.8900000 103.0860000 160.2180000 117.6730000 101.5870000 160.5780000
 117.4380000 102.8610000 162.2220000 116.6040000 103.2600000 162.5150000
 118.1190000 103.5470000 162.3000000 117.7830000 101.7080000 163.1910000
 117.4530000 100.5340000 162.8780000 118.1410000 102.0380000 164.3430000
 115.3810000 104.0320000 160.1250000 115.6060000 104.7600000 159.1530000
 114.5780000 104.4530000 161.1050000 114.4950000 103.9580000 161.8030000
 114.0500000 105.8270000 161.1570000 114.1150000 106.2340000 160.2790000
 112.5690000 105.8790000 161.5340000 112.4290000 105.4430000 162.3890000
 112.0380000 107.3120000 161.6030000 111.0770000 107.3120000 161.7360000
 112.4450000 107.7800000 162.3490000 112.2530000 107.7820000 160.7820000
 111.8190000 105.2190000 160.5390000 111.0130000 105.2620000 160.7720000
 114.8670000 106.6820000 162.1060000 114.8890000 106.4270000 163.3070000
 115.3020000 107.8240000 161.5870000 115.1630000 107.9750000 160.7520000
 116.0140000 108.8680000 162.3170000 116.2420000 108.5420000 163.2010000
 117.3470000 109.1890000 161.6150000 117.9850000 108.5490000 161.9660000
 117.3330000 109.0140000 160.0850000 116.5650000 109.4810000 159.7200000
 118.1250000 109.4050000 159.6840000 117.3020000 108.0700000 159.8640000
 117.8880000 110.5930000 161.8890000 117.6400000 111.2140000 161.1870000
 118.8540000 110.5180000 161.9370000 117.5740000 110.9320000 162.7420000
 115.1120000 110.0790000 162.5030000 114.5910000 110.6280000 161.5350000
 114.8650000 110.4390000 163.7610000 115.3700000 110.0710000 164.3520000
 114.1670000 111.6710000 164.1580000 113.5160000 111.8920000 163.4740000
 113.3840000 111.4890000 165.4850000 112.5630000 111.0170000 165.2730000
 114.0700000 110.6920000 166.6040000 113.3910000 110.3370000 167.1990000
 114.6600000 111.2650000 167.1180000 114.5710000 109.9390000 166.2530000
 113.0370000 112.7350000 166.0590000 112.6130000 112.6130000 166.7740000
 115.1640000 112.8290000 164.2160000 116.2920000 112.6430000 164.6650000
 114.6940000 114.0470000 163.9090000 113.9070000 114.1180000 163.5690000
 115.4260000 115.2940000 164.1660000 116.1290000 115.3910000 163.5050000
 114.4350000 116.4640000 163.9890000 113.5650000 116.1930000 164.3210000
 114.3360000 116.6480000 163.0420000 114.8400000 117.7630000 164.7190000
 115.0210000 117.5850000 165.6550000 116.0300000 118.4600000 164.0810000
 115.8020000 118.8010000 163.2020000 116.2850000 119.1990000 164.6550000
 116.7750000 117.8440000 163.9980000 113.7060000 118.7560000 164.6950000
 113.9500000 119.5570000 165.1850000 112.9450000 118.3460000 165.1340000
 113.5100000 118.9830000 163.7730000 116.0950000 115.3130000 165.5570000
 117.2850000 115.5960000 165.6640000 115.3660000 114.9540000 166.6180000
 114.5410000 114.7420000 166.5030000 115.9050000 114.9660000 167.9820000
 116.2310000 115.8610000 168.1670000 114.7440000 114.6900000 168.9660000
 114.0640000 114.1470000 168.5380000 114.3410000 115.5390000 169.2060000
 115.1980000 113.9740000 170.2460000 115.5020000 113.0820000 170.0170000
 115.9400000 114.4670000 170.6300000 114.1250000 113.8210000 171.3170000
 112.9290000 113.7560000 171.0880000 114.5470000 113.5370000 172.5280000
 113.9270000 113.5280000 173.1230000 115.3430000 113.8120000 172.7020000
 117.1230000 114.0200000 168.1620000 118.0130000 114.3390000 168.9440000
 117.1730000 112.8800000 167.4570000 116.5650000 112.7550000 166.8620000
 118.2760000 111.8910000 167.5090000 118.4810000 111.7200000 168.4420000
 117.7880000 110.5520000 166.8850000 117.6490000 109.9210000 167.6080000
 116.9130000 110.7030000 166.4940000 118.6490000 109.8630000 165.7970000
 119.7450000 109.3440000 166.1130000 118.0180000 109.4410000 164.8010000
 119.5810000 112.4140000 166.8820000 120.6620000 112.1820000 167.4230000
 119.4800000 113.1900000 165.7980000 118.6930000 113.3490000 165.4910000
 120.6500000 113.7440000 165.0900000 121.3760000 113.1060000 165.1720000
 120.3540000 113.9300000 163.5890000 121.1210000 114.3600000 163.1800000
 120.2390000 112.5390000 162.9630000 121.0950000 112.0860000 163.0110000
 119.5880000 112.0220000 163.4640000 119.9650000 112.6070000 162.0350000
 119.1200000 114.8150000 163.3150000 118.3170000 114.3390000 163.5780000
 119.1860000 115.6310000 163.8360000 118.9660000 115.2470000 161.8600000
 118.2480000 115.8970000 161.8120000 118.7410000 114.4810000 161.3090000
 119.7840000 115.6580000 161.5400000 121.1690000 115.0450000 165.6960000
 122.3610000 115.3530000 165.5800000 120.2910000 115.8510000 166.2910000
 119.4640000 115.6180000 166.3330000 120.7220000 117.0710000 166.9520000
 121.2000000 117.6240000 166.3140000 119.5510000 117.8730000 167.4830000
 119.0660000 117.3330000 168.1260000 119.9070000 118.6710000 167.9040000
 118.4720000 118.4080000 166.1540000 118.0050000 117.3210000 165.9520000
 121.6250000 116.7680000 168.1400000 121.3510000 115.8700000 168.9350000
 122.4050000 117.7930000 168.4880000 122.3970000 118.5000000 167.9990000
 123.0150000 117.8330000 169.8070000 123.2070000 116.9120000 170.0430000
 124.3870000 118.5180000 169.7320000 124.9210000 118.1910000 170.4730000
 124.8110000 118.2390000 168.9060000 124.4070000 120.0460000 169.7660000
 123.9840000 120.3790000 170.5730000 125.8520000 120.5430000 169.7190000
 125.8580000 121.5100000 169.7990000 126.2600000 120.2930000 168.8750000
 126.3550000 120.1650000 170.4570000 123.7230000 120.6220000 168.5450000
 124.0600000 121.5240000 168.4270000 122.7620000 120.6510000 168.6750000
 123.9230000 120.1000000 167.7520000 122.0480000 118.3730000 170.8790000
 121.4470000 119.4490000 170.7460000 122.0840000 117.7040000 172.0300000
 122.5220000 116.9640000 172.0370000 121.6130000 118.1970000 173.3160000
 121.2210000 119.0770000 173.2010000 120.5130000 117.2580000 173.8290000
 120.1840000 117.5760000 174.6840000 119.7810000 117.2270000 173.1930000
 120.8680000 116.3620000 173.9410000 122.8190000 118.2660000 174.2770000
 123.4320000 117.2250000 174.5240000 123.2230000 119.4540000 174.7710000
 122.6510000 120.7600000 174.4680000 121.6900000 120.7650000 174.6010000
 122.8660000 121.0050000 173.5540000 123.3110000 121.7420000 175.4300000
 123.3970000 122.6260000 175.0410000 122.7900000 121.7890000 176.2470000
 124.6710000 121.1050000 175.7160000 125.3050000 121.3990000 175.0430000
 124.9950000 121.3420000 176.5990000 124.4390000 119.5930000 175.5790000
 125.1920000 119.2120000 175.1010000 124.3560000 118.8850000 176.9450000
 125.3170000 118.2360000 177.3480000 123.2080000 118.9660000 177.6370000
 122.5780000 119.4480000 177.3050000 122.9990000 118.4090000 178.9890000
 123.8820000 118.1750000 179.3160000 122.4680000 119.4790000 179.9760000
 122.3950000 119.0480000 180.8420000 123.1270000 120.1860000 180.0610000
 121.0960000 120.1040000 179.6770000 120.4640000 119.3920000 179.4930000
 120.5530000 120.9130000 180.8590000 120.6190000 120.3940000 181.6760000
 121.0590000 121.7340000 180.9610000 119.6200000 121.1250000 180.6960000
 121.1670000 121.0560000 178.4890000 120.5540000 121.7970000 178.6150000
 120.9230000 120.5890000 177.6740000 122.0540000 121.4430000 178.4210000
 122.2190000 117.0710000 179.0230000 121.2090000 116.9420000 179.7290000
 122.6180000 116.1070000 178.1860000 123.3670000 116.2010000 177.7740000
 121.9110000 114.8160000 178.0600000 120.9910000 114.9660000 178.3290000
 121.8320000 114.4090000 176.5820000 121.8330000 115.2110000 176.0360000
 120.9960000 113.9440000 176.4210000 122.9040000 113.5770000 176.1920000
 122.8020000 113.3900000 175.3790000 122.4800000 113.7160000 178.9920000
 123.6200000 113.8220000 179.4480000 121.6850000 112.6990000 179.3940000
 122.1810000 111.5890000 180.2030000 122.4690000 111.8980000 181.0760000
 122.9220000 111.1610000 179.7460000 121.0240000 110.5980000 180.3490000
 121.3320000 109.6790000 180.3050000 120.5530000 110.7600000 181.1810000
 120.1220000 110.9470000 179.1680000 120.4710000 110.5300000 178.3650000
 119.2050000 110.6670000 179.3140000 120.2780000 112.4690000 179.0540000
 120.1020000 112.7220000 178.1340000 119.2810000 113.2400000 179.9520000
 118.0950000 112.9220000 179.9510000 119.7450000 114.1770000 180.7940000
 120.5790000 114.3820000 180.7600000 118.8890000 114.9550000 181.7080000
 118.3860000 114.3390000 182.2640000 119.7750000 115.8150000 182.6260000
 120.2340000 115.2390000 183.2580000 120.4600000 116.2480000 182.0930000
 119.0270000 116.8990000 183.3810000 118.3660000 116.6070000 184.5890000
 118.3880000 115.7410000 184.9270000 117.6640000 117.6230000 185.2710000
 117.2180000 117.4280000 186.0640000 117.6120000 118.9270000 184.7280000
 116.9870000 119.9250000 185.4090000 117.0460000 120.6580000 185.0030000
 118.2440000 119.2090000 183.5040000 118.1950000 120.0670000 183.1480000
 118.9580000 118.1960000 182.8390000 119.3860000 118.3800000 182.0340000
 117.8560000 115.8240000 180.9660000 116.6580000 115.7050000 181.2160000
 118.3170000 116.6220000 179.9990000 119.1660000 116.6360000 179.8640000
 117.4910000 117.2790000 178.9880000 116.5570000 117.0700000 179.1430000
 117.6790000 118.8050000 179.0670000 118.4610000 119.0570000 178.5510000
 117.7990000 119.0750000 179.9910000 116.5180000 119.5770000 178.4790000
 115.8260000 119.1070000 177.5920000 116.3540000 120.8180000 178.8710000
 116.9790000 121.1950000 179.3250000 115.8200000 121.2820000 178.3820000
 117.9080000 116.7360000 177.6170000 119.1020000 116.5970000 177.3480000
 116.9440000 116.4020000 176.7580000 116.1280000 116.5810000 176.9630000
 117.2310000 115.7160000 175.4820000 118.1520000 115.9000000 175.2400000
 117.1190000 114.1740000 175.6200000 116.1820000 113.9280000 175.6640000
 117.7830000 113.3820000 174.4830000 118.1290000 112.5360000 174.8080000
 117.1330000 113.1890000 173.7900000 118.5100000 113.8910000 174.0930000
 117.7460000 113.7170000 176.8030000 117.4400000 112.9570000 176.9880000
 116.4000000 116.2660000 174.3170000 116.2460000 115.5690000 173.3270000
 115.8120000 117.4680000 174.4440000 115.8930000 117.8810000 175.1940000
 114.8870000 118.0450000 173.4530000 114.1600000 117.4180000 173.3130000
 114.2860000 119.3630000 173.9910000 114.9920000 119.9620000 174.2820000
 113.8020000 119.7910000 173.2670000 113.3210000 119.1720000 175.1500000
 113.3600000 118.2120000 175.8980000 112.3240000 120.0200000 175.2470000
 112.1840000 120.6010000 174.6280000 111.7540000 119.8470000 175.8670000
 115.5590000 118.2150000 172.0790000 115.4810000 117.3240000 171.2440000
 116.1860000 119.3720000 171.8490000 115.9770000 120.0280000 172.3650000
 117.4730000 119.5530000 171.1670000 118.1840000 119.2180000 171.7360000
 117.5340000 118.8250000 169.8260000 118.4120000 118.9970000 169.4510000
 117.4390000 117.8670000 169.9430000 116.2620000 119.4620000 168.7030000
 116.8630000 119.1820000 167.7030000 117.7230000 121.0490000 170.9200000
 116.8590000 121.8900000 171.1920000 118.9190000 121.3950000 170.4420000
 119.4730000 120.7770000 170.2180000 119.2300000 122.7780000 170.0730000
 119.0000000 123.3510000 170.8210000 120.7290000 122.9760000 169.7970000
 120.9750000 122.5600000 168.9560000 121.0640000 124.4690000 169.7430000
 122.0240000 124.5870000 169.6660000 120.6330000 124.8750000 168.9740000
 120.7570000 124.9090000 170.5510000 121.5040000 122.4030000 170.8300000
 121.4940000 121.5700000 170.7230000 118.4010000 123.2110000 168.8590000
 118.7000000 122.8210000 167.7390000 117.5180000 124.1900000 169.0600000
 117.3420000 124.4130000 169.8720000 116.9800000 125.0510000 168.0000000
 117.4760000 124.8960000 167.1810000 115.4920000 124.7560000 167.6970000
 114.9820000 124.8790000 168.5130000 114.9320000 125.7320000 166.6390000
 115.1240000 126.6580000 166.8550000 113.9670000 125.6410000 166.6120000
 115.2870000 125.5160000 165.7620000 115.3080000 123.2960000 167.2220000
 115.9050000 123.1140000 166.4790000 115.5370000 122.6980000 167.9510000
 113.8740000 122.9700000 166.7890000 113.7570000 122.0080000 166.7440000
 113.6900000 123.3520000 165.9160000 113.2500000 123.3410000 167.4320000
 117.2120000 126.4940000 168.4350000 116.8510000 126.8740000 169.5500000
 117.8940000 127.2830000 167.6060000 118.1250000 126.9590000 166.8440000
 118.1550000 128.6990000 167.8840000 117.9970000 128.8880000 168.8220000
 119.6200000 129.0660000 167.5870000 119.7620000 129.0250000 166.6280000
 119.7650000 129.9850000 167.8620000 120.6640000 128.1700000 168.2710000
 120.5300000 127.2510000 167.9920000 122.0570000 128.6000000 167.8190000
 122.7240000 128.0160000 168.2130000 122.2250000 129.5180000 168.0840000
 122.1130000 128.5360000 166.8530000 120.5970000 128.2380000 169.8000000
 121.2750000 127.6580000 170.1820000 120.7500000 129.1460000 170.1050000
 119.7300000 127.9320000 170.1090000 117.1710000 129.5550000 167.0950000
 117.4690000 129.9900000 165.9900000 115.9690000 129.7350000 167.6380000
 115.7910000 129.3640000 168.3930000 114.9980000 130.6930000 167.1130000
 115.4380000 131.2630000 166.4630000 113.8670000 129.9850000 166.3660000
 114.2050000 129.1650000 165.9730000 113.5460000 130.5620000 165.6560000
 112.7770000 129.6720000 167.2060000 112.6470000 128.8550000 167.0600000
 114.4760000 131.5950000 168.2210000 114.4730000 131.2300000 169.3990000
 113.9400000 132.7500000 167.8370000 113.9940000 132.9690000 167.0070000
 113.3200000 133.6950000 168.7730000 113.9620000 133.8730000 169.4780000
 113.0780000 135.0170000 168.0300000 113.9110000 135.2670000 167.6010000
 111.9870000 134.9760000 166.9550000 111.9450000 135.8390000 166.5140000
 111.1220000 134.8140000 167.3640000 112.1810000 134.2930000 166.2940000
 112.7110000 136.1400000 168.9850000 112.8070000 136.9680000 168.4880000
 113.3240000 136.1420000 169.7370000 111.7980000 136.0500000 169.2990000
 112.0610000 133.1440000 169.4700000 111.7530000 133.5450000 170.5910000
 111.4650000 132.0680000 168.9400000 111.7950000 131.7270000 168.2220000
 110.3550000 131.3580000 169.5840000 109.7370000 132.0190000 169.9350000
 109.5870000 130.5060000 168.5520000 109.0160000 129.8880000 169.0350000
 110.2340000 129.9710000 168.0660000 108.6900000 131.2400000 167.5280000
 108.3270000 130.5690000 166.9280000 107.5150000 131.9550000 168.2010000
 106.9170000 132.3050000 167.5220000 107.8250000 132.6900000 168.7530000
 107.0200000 131.3280000 168.7510000 109.4320000 132.2620000 166.6680000
 108.8690000 132.5330000 165.9260000 109.6260000 133.0510000 167.1980000
 110.2510000 131.8760000 166.3190000 110.8080000 130.5190000 170.7980000
 109.9740000 130.2420000 171.6590000 112.1160000 130.2940000 171.0090000
 112.6790000 130.5270000 170.4020000 112.6300000 129.7290000 172.2670000
 112.0640000 128.9760000 172.4990000 114.0740000 129.2070000 172.1070000
 114.5230000 129.2550000 172.9650000 114.5800000 129.7600000 171.4910000
 114.1310000 127.7560000 171.6610000 113.1320000 127.1020000 171.4370000
 115.2390000 127.1040000 171.8950000 115.9660000 127.5520000 171.9950000
 115.2610000 126.3420000 171.4970000 112.5270000 130.6710000 173.4770000
 112.3780000 130.1590000 174.5890000 112.3830000 131.9900000 173.2840000
 112.4380000 132.3150000 172.4900000 112.0050000 132.8930000 174.3830000
 112.6100000 132.7370000 175.1250000 112.1360000 134.3630000 173.9430000
 111.5470000 134.5020000 173.1850000 111.8060000 134.9260000 174.6610000
 113.5320000 134.8630000 173.5750000 114.6780000 134.4570000 174.2940000
 114.6090000 133.8620000 175.0050000 115.9500000 134.9550000 173.9510000
 116.7000000 134.6860000 174.4300000 116.0990000 135.8340000 172.8590000
 117.3430000 136.2140000 172.4610000 117.9190000 135.6420000 172.6770000
 114.9530000 136.2770000 172.1660000 115.0510000 136.8790000 171.4640000
 113.6750000 135.8060000 172.5380000 112.9190000 136.1140000 172.0930000
 110.5810000 132.6090000 174.9040000 110.3260000 132.7500000 176.1000000
 109.7130000 132.0420000 174.0580000 109.9690000 131.9350000 173.2440000
 108.3660000 131.5420000 174.3810000 108.1310000 131.8490000 175.2710000
 107.3470000 132.1330000 173.3920000 107.4370000 131.6780000 172.5400000
 106.4510000 131.9600000 173.7200000 107.5130000 133.6210000 173.1680000
 108.3630000 134.0860000 172.1460000 108.7940000 133.4790000 171.5890000
 108.5760000 135.4620000 171.9680000 109.1300000 135.7630000 171.2850000
 107.9490000 136.3790000 172.8280000 108.0770000 137.2930000 172.7090000
 107.1150000 135.9150000 173.8580000 106.7020000 136.5240000 174.4260000
 106.8760000 134.5400000 174.0190000 106.3000000 134.2410000 174.6850000
 108.2960000 130.0020000 174.4110000 107.2220000 129.4090000 174.3220000
 109.4620000 129.3430000 174.4370000 110.1810000 129.8140000 174.4590000
 109.6100000 127.8890000 174.5330000 110.5470000 127.6990000 174.3720000
 109.2810000 127.4340000 175.9680000 109.4550000 126.4820000 176.0290000
 108.3330000 127.5590000 176.1320000 110.0750000 128.1840000 177.0600000
 110.8020000 128.6850000 176.6580000 109.4870000 128.8140000 177.5040000
 110.6940000 127.2490000 178.0940000 110.4750000 127.3420000 179.2870000
 111.4760000 126.2740000 177.6810000 111.5810000 126.1340000 176.8390000
 111.7370000 125.7310000 178.2940000 108.8470000 127.0790000 173.4630000
 108.4190000 125.9620000 173.7500000 108.6690000 127.6190000 172.2480000
 108.9780000 128.4080000 172.1040000 107.9260000 126.9630000 171.1590000
 107.8390000 127.6100000 170.4420000 108.7560000 125.7780000 170.6090000
 108.1670000 125.1310000 170.1900000 109.2230000 125.3050000 171.3150000
 109.7290000 126.2010000 169.5320000 109.3300000 126.5810000 168.4540000
 110.9760000 126.4500000 169.8290000 111.4950000 126.6050000 169.1610000
 111.3160000 126.2520000 170.5940000 106.4580000 126.6060000 171.5110000
 105.8580000 125.7150000 170.9150000 105.8330000 127.3650000 172.4240000
 106.2600000 128.0160000 172.7900000 104.4680000 127.0940000 172.8870000
 104.1470000 126.2620000 172.5060000 104.4640000 126.9370000 174.4150000
 105.3670000 127.0240000 174.7590000 103.9130000 127.6280000 174.8160000
 103.9310000 125.6830000 174.7950000 103.9560000 125.6550000 175.6340000
 103.5190000 128.2080000 172.4530000 103.6070000 129.3220000 172.9640000
 102.4590000 127.8470000 171.7230000 102.4600000 127.0620000 171.3720000
 101.3430000 128.7520000 171.4000000 101.6600000 129.4890000 170.8550000
 100.2730000 127.9860000 170.6080000 100.0340000 127.1680000 171.0720000
  99.4780000 128.5410000 170.5650000 100.6610000 127.6680000 169.1870000
 100.2090000 128.3950000 168.0940000  99.5690000 129.1770000 168.0950000
 100.8040000 127.8650000 167.0160000 100.6900000 128.1610000 166.1420000
 101.5800000 126.8320000 167.3760000 102.0110000 126.3500000 166.8090000
 101.5080000 126.6880000 168.7490000 101.9580000 126.0610000 169.2690000
 100.7040000 129.3600000 172.6530000 100.4280000 130.5520000 172.6830000
 100.5770000 128.5830000 173.7350000 100.8590000 127.7710000 173.7000000
 100.0260000 129.0810000 175.0020000  99.1850000 129.5240000 174.8100000
  99.7300000 127.9070000 175.9440000  99.1840000 127.2560000 175.4760000
  99.2330000 128.2380000 176.7080000 100.9250000 127.2760000 176.3800000
 100.7180000 126.6430000 176.8920000 100.9320000 130.1210000 175.6800000
 100.4190000 131.1220000 176.1670000 102.2560000 129.9200000 175.6580000
 102.5340000 129.1930000 175.2910000 103.2750000 130.8620000 176.1680000
 103.0100000 131.1750000 177.0470000 104.6360000 130.1570000 176.3430000
 104.9090000 129.8030000 175.4820000 105.7400000 131.0870000 176.8690000
 106.5580000 130.5850000 177.0110000 105.9190000 131.7920000 176.2270000
 105.4640000 131.4890000 177.7080000 104.5450000 128.9940000 177.3450000
 105.4060000 128.5520000 177.4050000 104.3060000 129.3350000 178.2210000
 103.8820000 128.3440000 177.0650000 103.4140000 132.1120000 175.2890000
 103.7470000 133.1780000 175.7980000 103.1500000 132.0000000 173.9830000
 103.0060000 131.2160000 173.6590000 103.1400000 133.1420000 173.0660000
 103.8880000 133.7120000 173.3030000 103.3560000 132.6300000 171.6250000
 104.1300000 132.0450000 171.6030000 102.5800000 132.1080000 171.3680000
 103.5560000 133.7610000 170.5940000 102.8290000 134.3980000 170.6720000
 104.8860000 134.4940000 170.7850000 104.9670000 135.1980000 170.1220000
 105.6260000 133.8740000 170.6960000 104.9140000 134.9080000 171.6620000
 103.5480000 133.2110000 169.1670000 103.6050000 133.9470000 168.5370000
 102.7150000 132.7420000 169.0030000 104.2890000 132.6010000 169.0280000
 101.8660000 134.0060000 173.1980000 101.9610000 135.2260000 173.1280000
 100.6810000 133.3920000 173.3340000 100.6680000 132.5330000 173.2990000
  99.3850000 134.1040000 173.3020000  99.4800000 134.8790000 172.7260000
  98.2890000 133.1910000 172.7210000  98.6850000 132.4750000 172.2000000
  97.7920000 132.7800000 173.4460000  97.3300000 133.9900000 171.8270000
  97.6970000 134.1660000 170.6290000  96.2480000 134.3820000 172.3210000
  98.8810000 134.6000000 174.6700000  97.9100000 135.3720000 174.7420000
  99.3390000 133.9740000 175.7680000 100.0060000 133.4340000 175.7070000
  98.8650000 134.4060000 177.0820000  97.8970000 134.4040000 177.0260000
  99.2120000 133.4360000 178.2310000  99.0320000 132.5270000 177.9450000
  98.6190000 133.6260000 178.9750000 100.6220000 133.5290000 178.7490000
 101.1950000 134.6880000 179.2650000 100.7560000 135.5680000 179.4930000
 102.4880000 134.3870000 179.4340000 103.1410000 135.0120000 179.6520000
 102.7200000 133.0830000 179.2220000 103.4640000 132.6870000 179.3950000
 101.5400000 132.5210000 178.7810000 101.4050000 131.6470000 178.4920000
  99.2970000 135.8620000 177.3180000 100.3660000 136.3100000 176.9140000
  98.3590000 136.6420000 177.8570000  97.6370000 136.2680000 178.1380000
  98.5670000 138.0530000 178.1780000  99.5050000 138.2620000 178.0500000
  97.7820000 138.9660000 177.2330000  97.9930000 139.8870000 177.4530000
  98.1200000 138.8140000 176.3370000  96.2500000 138.7900000 177.2880000
  96.0090000 137.8830000 177.5330000  95.8940000 139.3820000 177.9690000
  95.6070000 139.1280000 175.9340000  94.6430000 139.1680000 176.0350000
  95.9100000 140.0120000 175.6750000  95.9940000 138.1330000 174.8140000
  96.9590000 138.0420000 174.7930000  95.7250000 138.5100000 173.9620000
  95.4050000 136.7770000 174.9690000  96.0520000 136.1680000 174.9210000
  95.0640000 136.6860000 175.7860000  94.7920000 136.6140000 174.3450000
  98.2550000 138.2920000 179.6340000  97.3280000 137.6960000 180.1880000
  98.9810000 139.2280000 180.2360000  99.5920000 139.6180000 179.7730000
  98.9260000 139.4910000 181.6750000  98.4290000 138.7630000 182.0800000
 100.3810000 139.4340000 182.1880000 100.7910000 138.6330000 181.8250000
 100.8670000 140.1930000 181.8300000 100.5960000 139.3890000 183.7070000
 101.5230000 139.1580000 183.8720000 100.4350000 140.2660000 184.0900000
  99.6930000 138.3640000 184.3980000  98.7690000 138.6440000 184.3080000
  99.8120000 137.4940000 183.9850000 100.0500000 138.2910000 185.8800000
 100.9280000 137.8880000 185.9690000 100.1020000 139.1950000 186.2280000
  99.0260000 137.5130000 186.6150000  99.2250000 137.4910000 187.4820000
  98.2290000 137.8930000 186.5030000  98.9970000 136.6820000 186.2970000
  98.1300000 140.7620000 182.0190000  98.3730000 141.3580000 183.0590000
  97.2720000 141.2220000 181.0990000  97.0910000 140.7040000 180.4360000
  96.5680000 142.5120000 181.1550000  96.5090000 142.8620000 180.2520000
  97.0780000 143.1360000 181.6950000  95.1400000 142.4860000 181.7120000
  94.5650000 141.4170000 181.9040000  94.5670000 143.6860000 181.8430000
  95.0090000 144.3740000 181.5780000  93.1390000 143.9460000 182.0910000
  92.6730000 143.1020000 182.1970000  92.9720000 144.7640000 183.3850000
  93.0050000 145.7120000 183.1840000  93.7100000 144.5610000 183.9800000
  91.6890000 144.4180000 184.1470000  91.5930000 143.2570000 184.6040000
  90.9070000 145.3550000 184.4190000  92.5200000 144.6890000 180.8890000
  93.2370000 145.1520000 180.0040000  91.1890000 144.8050000 180.8710000
  90.7520000 144.5050000 181.5480000  90.3980000 145.4090000 179.7890000
  90.4160000 144.7890000 179.0430000  88.9350000 145.5290000 180.2720000
  88.8920000 145.4310000 181.2360000  88.5960000 146.4150000 180.0680000
  88.0130000 144.5140000 179.5890000  87.9310000 144.6010000 178.3440000
  87.2010000 143.8820000 180.3110000  90.9400000 146.7550000 179.2440000
  91.4530000 147.6040000 179.9740000  90.8050000 146.9370000 177.9200000
  90.4260000 146.2920000 177.4950000  91.2630000 148.0910000 177.1150000
  91.2220000 147.7790000 176.1970000  90.2660000 149.2780000 177.1600000
  90.6310000 150.0180000 176.6500000  89.4610000 148.9990000 176.6970000
  89.8510000 149.7850000 178.5310000  88.8350000 149.1170000 179.2370000
  88.4090000 148.3900000 178.8440000  88.5580000 149.4540000 180.5730000
  87.9660000 148.9340000 181.0670000  89.2410000 150.5200000 181.1810000
  89.0940000 150.7130000 182.0790000  90.1770000 151.2650000 180.4420000
  90.6260000 151.9710000 180.8490000  90.4940000 150.8890000 179.1210000
  91.1580000 151.3390000 178.6500000  92.7550000 148.4880000 177.2340000
  93.1730000 149.4190000 176.5460000  93.5910000 147.6170000 177.8200000
  93.2520000 146.9640000 178.2640000  95.0600000 147.7080000 177.8260000
  95.3590000 148.1930000 177.0410000  95.4890000 148.4910000 179.0850000
  95.1030000 148.0620000 179.8650000  96.4540000 148.4550000 179.1810000
  95.0870000 149.9550000 179.0570000  95.7290000 150.8370000 178.1660000
  96.4100000 150.5250000 177.6140000  95.3140000 152.1760000 178.0710000
  95.7200000 152.7430000 177.4560000  94.2750000 152.6480000 178.8900000
  93.9900000 153.5300000 178.8190000  93.6590000 151.7790000 179.8070000
  92.9720000 152.0890000 180.3520000  94.0440000 150.4280000 179.8750000
  93.5950000 149.8430000 180.4410000  95.7020000 146.3000000 177.7700000
  95.0120000 145.2860000 177.7100000  97.0440000 146.2360000 177.8470000
  97.5010000 146.9650000 177.8470000  97.7430000 145.0210000 178.3050000
  97.1020000 144.4830000 178.7950000  98.2850000 144.1400000 177.1510000
  99.1020000 144.5350000 176.8070000  98.5940000 142.7400000 177.7000000
  97.7690000 142.2390000 177.7950000  99.0450000 142.7900000 178.5570000
  99.1760000 142.2780000 177.0760000  97.3080000 143.9470000 175.9790000
  97.7050000 143.3550000 175.3210000  96.4740000 143.5630000 176.2920000
  97.1290000 144.7980000 175.5490000  98.8660000 145.4310000 179.2680000
  99.6300000 146.3410000 178.9610000  98.9100000 144.8530000 180.4780000
  98.3100000 144.2710000 180.6800000  99.9380000 145.1900000 181.4780000
 100.0300000 146.1550000 181.5110000  99.5460000 144.6990000 182.8870000
  99.5340000 143.7290000 182.8870000 100.2490000 144.9830000 183.4920000
  98.2610000 145.2130000 183.5130000  97.9960000 146.5950000 183.5470000
  98.5850000 147.1940000 183.1480000  96.8560000 147.0830000 184.2150000
  96.6890000 147.9970000 184.2460000  95.9850000 146.1890000 184.8700000
  94.8770000 146.6550000 185.5040000  94.4370000 146.0280000 185.8480000
  96.2720000 144.8100000 184.8760000  95.6960000 144.2260000 185.3140000
  97.4070000 144.3260000 184.2020000  97.5920000 143.4150000 184.2320000
 101.3200000 144.6230000 181.0950000 102.3050000 145.3550000 181.0860000
 101.3750000 143.3220000 180.7720000 100.6420000 142.8730000 180.7930000
 102.5300000 142.6280000 180.1890000 103.1580000 143.2840000 179.8470000
 103.2550000 141.7550000 181.2300000 104.1690000 142.0600000 181.3380000
 102.7940000 141.7860000 182.0830000 103.2770000 140.8310000 180.9360000
 102.0660000 141.7560000 179.0180000 101.0160000 141.1080000 179.1050000
 102.9430000 141.6290000 178.0260000 103.6750000 142.0790000 178.0630000
 102.6490000 141.0030000 176.7370000 101.9670000 140.3240000 176.8570000
 102.0860000 142.1050000 175.8170000 101.6350000 142.7760000 176.3530000
 102.8310000 142.5540000 175.3880000 101.0850000 141.5740000 174.7760000
 101.1450000 140.3600000 174.4800000 100.1190000 142.3170000 174.4850000
 103.8990000 140.3150000 176.1450000 105.0110000 140.4470000 176.6740000
 103.7430000 139.5850000 175.0400000 102.9590000 139.5660000 174.6860000
 104.8270000 138.8300000 174.4050000 105.1930000 138.2410000 175.0830000
 104.2470000 137.9510000 173.2810000 103.4450000 137.5160000 173.6100000
 104.8750000 137.2400000 173.0770000 103.9400000 138.6630000 171.9780000
 104.9700000 138.8900000 171.0420000 105.8300000 138.5830000 171.2190000
 104.7070000 139.5970000 169.8520000 105.3930000 139.7680000 169.2480000
 103.3990000 140.0500000 169.5840000 103.1710000 140.7520000 168.4340000
 103.8330000 140.6990000 167.9200000 102.3610000 139.7910000 170.5010000
 101.4970000 140.0870000 170.3270000 102.6330000 139.1030000 171.7020000
 101.9510000 138.9440000 172.3140000 105.9700000 139.7480000 173.9210000
 107.1460000 139.4100000 174.0820000 105.6380000 140.9920000 173.5490000
 104.7990000 141.1580000 173.4570000 106.5690000 142.0870000 173.2370000
 107.1410000 141.8030000 172.5070000 105.7870000 143.3660000 172.8430000
 106.3410000 143.9500000 172.3020000 105.5790000 143.8750000 173.6420000
 104.4670000 143.1400000 172.1580000 103.3110000 142.7810000 172.8350000
 102.3450000 142.6850000 171.9140000 101.4700000 142.4280000 172.0960000
 102.8450000 142.9550000 170.6930000 102.4180000 142.8420000 169.9550000
 104.1900000 143.2370000 170.8260000 104.7930000 143.4410000 170.1480000
 107.4700000 142.4290000 174.4230000 108.6940000 142.4030000 174.3140000
 106.8560000 142.6610000 175.5850000 105.9970000 142.6300000 175.5960000
 107.5370000 142.9430000 176.8520000 108.0870000 143.7370000 176.7590000
 106.4990000 143.1650000 177.9610000 105.9870000 142.3480000 178.0720000
 107.1120000 143.5090000 179.3140000 106.4130000 143.7790000 179.9300000
 107.5490000 142.7230000 179.6770000 107.7660000 144.2200000 179.2220000
 105.5770000 144.1650000 177.6040000 104.9490000 144.1870000 178.1610000
 108.4330000 141.7800000 177.2590000 109.6040000 141.9870000 177.5770000
 107.9410000 140.5480000 177.0810000 107.1180000 140.4680000 176.8460000
 108.7080000 139.3530000 177.4140000 109.0160000 139.4740000 178.3260000
 107.8050000 138.1100000 177.3530000 107.3990000 138.0440000 176.4740000
 107.0990000 138.2010000 178.0120000 108.5720000 136.8460000 177.6460000
 109.5710000 136.7470000 178.5860000 109.7820000 137.3850000 179.1230000
 110.0110000 135.4820000 178.6090000 110.6610000 135.1530000 179.1870000
 109.3290000 134.7710000 177.6870000 109.4810000 133.9550000 177.4620000
 108.4060000 135.6090000 177.0880000 107.7730000 135.3710000 176.4500000
 109.9740000 139.1990000 176.5640000 111.0560000 138.9860000 177.1130000
 109.8610000 139.4110000 175.2520000 109.0750000 139.5570000 174.9350000
 111.0020000 139.5050000 174.3380000 111.4890000 138.6660000 174.3510000
 110.4520000 139.7140000 172.9110000 110.0060000 138.8970000 172.6390000
 109.7730000 140.4060000 172.9330000 111.4580000 140.1050000 171.8410000
 111.9910000 141.4070000 171.8310000 111.7200000 142.0190000 172.4770000
 112.9230000 141.8050000 170.8610000 113.2890000 142.6600000 170.8850000
 113.2820000 140.9120000 169.8430000 113.8810000 141.1700000 169.1800000
 112.7170000 139.6310000 169.8140000 112.9460000 139.0710000 169.1080000
 111.8150000 139.2130000 170.8130000 111.4400000 138.3620000 170.7790000
 111.9930000 140.6010000 174.7840000 113.1720000 140.3070000 174.9770000
 111.5030000 141.8090000 175.1080000 110.6590000 141.9380000 175.0050000
 112.3290000 142.9660000 175.5030000 112.9390000 143.1790000 174.7790000
 111.4180000 144.1860000 175.7810000 110.5160000 143.8760000 175.9600000
 111.7260000 144.6340000 176.5850000 111.3670000 145.2600000 174.6850000
 112.1930000 145.7690000 174.6920000 111.1820000 144.6740000 173.2950000
 112.0240000 144.3150000 172.9730000 110.8940000 145.3710000 172.6850000
 110.5120000 143.9740000 173.3310000 110.1990000 146.2140000 174.9520000
 110.3170000 146.6400000 175.8150000 110.1710000 146.9030000 174.2700000
 109.3610000 145.7250000 174.9450000 113.2100000 142.6780000 176.7250000
 114.3930000 143.0250000 176.7140000 112.6910000 141.9630000 177.7230000
 111.8500000 141.7860000 177.7100000 113.4700000 141.6410000 178.9170000
 113.8780000 142.4590000 179.2410000 112.5290000 141.1290000 180.0160000
 111.9620000 140.4300000 179.6540000 111.9530000 141.8510000 180.3100000
 113.2970000 140.5860000 181.2000000 114.0230000 141.4550000 182.0400000
 113.9620000 142.3750000 181.9160000 114.8770000 140.9280000 183.0290000
 115.3860000 141.4710000 183.5860000 115.0050000 139.5410000 183.1760000
 115.9240000 139.0400000 184.0430000 115.8010000 138.2160000 184.1490000
 114.2450000 138.6780000 182.3650000 114.2930000 137.7580000 182.4950000
 113.4000000 139.1960000 181.3710000 112.9210000 138.6250000 180.8150000
 114.6250000 140.6590000 178.6380000 115.7420000 140.8530000 179.1250000
 114.4170000 139.6460000 177.7940000 113.6460000 139.5720000 177.4200000
 115.4000000 138.5750000 177.6010000 115.9840000 138.5550000 178.3750000
 114.6880000 137.2310000 177.6060000 114.2860000 137.1310000 178.4830000
 115.3390000 136.5240000 177.4740000 113.4030000 137.1160000 176.3280000
 112.6230000 137.8590000 176.8570000 116.3430000 138.7340000 176.4040000
 117.4750000 138.2720000 176.5110000 116.0520000 139.6120000 175.4370000
 115.2490000 139.9120000 175.3680000 117.1080000 140.1010000 174.5240000
 117.5810000 139.3290000 174.1750000 116.5380000 140.8550000 173.3080000
 117.2830000 141.0870000 172.7310000 115.6090000 139.9440000 172.4980000
 116.0610000 139.1120000 172.2890000 114.8020000 139.7390000 172.9960000
 115.3650000 140.3840000 171.6690000 115.8110000 142.1560000 173.6690000
 116.4210000 142.7770000 174.0970000 115.0730000 141.9690000 174.2710000
 115.4600000 142.5700000 172.8650000 118.1520000 140.9480000 175.2710000
 119.3390000 140.8710000 174.9640000 117.7560000 141.6100000 176.3700000
 116.9150000 141.6040000 176.5480000 118.6690000 142.2910000 177.3070000
 119.3570000 142.7530000 176.8030000 117.8730000 143.3140000 178.1330000
 118.4270000 143.6140000 178.8710000 117.0980000 142.8820000 178.5250000
 117.3810000 144.5200000 177.3110000 117.6480000 144.4350000 176.3820000
 116.4120000 144.5420000 177.3410000 117.8980000 145.8510000 177.8640000
 117.4440000 146.5750000 177.4050000 117.6770000 145.9240000 178.8060000
 119.3500000 145.9970000 177.6330000 119.5810000 146.3200000 176.8700000
 120.3160000 145.9110000 178.5270000 120.1050000 145.6110000 179.7720000
 119.2790000 145.5760000 180.0100000 120.5200000 146.1940000 180.2490000
 121.5550000 146.1250000 178.1820000 121.7360000 146.4610000 177.4110000
 122.1410000 146.1500000 178.8110000 119.4220000 141.3320000 178.2380000
 120.5790000 141.5900000 178.5560000 118.7730000 140.2650000 178.7060000
 117.9360000 140.2010000 178.5170000 119.3420000 139.2920000 179.6440000
 120.3100000 139.3400000 179.6000000 118.9460000 139.7080000 181.0700000
 119.3210000 140.5790000 181.2720000 117.9800000 139.7500000 181.1510000
 119.2920000 139.0640000 181.7080000 118.9320000 137.8420000 179.2790000
 118.1070000 137.2400000 179.9720000 119.5850000 137.2080000 178.2810000
 120.7130000 137.7380000 177.5260000 120.4200000 138.4880000 176.9860000
 121.4370000 138.0070000 178.1130000 121.1790000 136.6010000 176.6190000
 121.8020000 136.0330000 177.0980000 121.5760000 136.9380000 175.8010000
 119.8870000 135.8350000 176.3520000 120.0600000 134.9230000 176.0720000
 119.3730000 136.2980000 175.6720000 119.1550000 135.9240000 177.7000000
 118.2000000 135.9520000 177.5340000 119.4270000 134.7000000 178.5920000
 119.2960000 133.5650000 178.1380000 119.9170000 134.9200000 179.8160000
 119.9660000 135.7400000 180.0720000 120.2590000 133.8850000 180.7890000
 120.1940000 133.0280000 180.3400000 121.7360000 134.0460000 181.1790000
 122.0010000 133.3100000 181.7530000 122.2880000 134.0320000 180.3820000
 121.8690000 134.8820000 181.6530000 119.2970000 133.8120000 182.0010000
 119.6300000 133.1690000 182.9960000 118.1570000 134.5190000 181.9860000
 117.9470000 134.9650000 181.2810000 117.1910000 134.5050000 183.0980000
 117.6950000 134.6050000 183.9210000 116.2480000 135.7070000 183.0110000
 115.8430000 135.8520000 183.8800000 116.7450000 136.5030000 182.7650000
 115.2200000 135.4740000 182.0750000 114.4870000 135.5460000 182.4780000
 116.3790000 133.1980000 183.2020000 116.0460000 132.5560000 182.2050000
 115.9400000 132.8640000 184.4250000 116.1880000 133.3500000 185.0890000
 115.0670000 131.7070000 184.7080000 114.9410000 131.2160000 183.8810000
 115.7430000 130.7430000 185.7040000 116.0820000 131.2270000 186.4730000
 115.0630000 130.1270000 186.0190000 116.8590000 129.9200000 185.0250000
 116.5760000 129.7290000 184.1170000 118.2080000 130.6420000 185.0050000
 118.9090000 130.0300000 184.7320000 118.4140000 130.9940000 185.8850000
 118.1860000 131.3690000 184.3640000 117.0900000 128.5650000 185.6950000
 117.4840000 127.9580000 185.0500000 116.2490000 128.1830000 185.9920000
 117.7090000 128.6610000 186.4360000 113.6320000 132.0950000 185.1040000
 112.8210000 131.2440000 185.4610000 113.2900000 133.3610000 184.8970000
 113.9160000 133.9050000 184.6710000 111.9480000 133.9140000 184.8060000
 111.4170000 133.3600000 184.2120000 111.2480000 133.9220000 186.1860000
 111.0990000 133.0020000 186.4550000 110.3720000 134.3300000 186.0980000
 111.9880000 134.6050000 187.3290000 113.1270000 135.0220000 187.2490000
 111.3370000 134.7700000 188.4570000 110.5460000 134.4490000 188.5610000
 111.7980000 135.1040000 189.1020000 112.0640000 135.3070000 184.1620000
 113.1550000 135.8680000 184.0520000 110.9490000 135.8460000 183.6770000
 110.3160000 135.3180000 183.4320000 110.8790000 137.2340000 183.2090000
 111.5860000 137.4000000 182.5660000 109.5270000 137.4260000 182.5180000
 109.3650000 136.6880000 181.9100000 108.8200000 137.4340000 183.1820000
 109.5050000 138.7410000 181.7500000 109.1270000 139.7300000 182.3830000
 109.5340000 138.5950000 180.4910000 111.0490000 138.2330000 184.3610000
 111.5430000 139.3340000 184.1750000 110.6640000 137.8150000 185.5770000
 110.3840000 137.0030000 185.6140000 110.7710000 138.5490000 186.8560000
 110.2950000 138.0020000 187.5010000 112.2320000 138.5450000 187.3560000
 112.5730000 137.6430000 187.2470000 113.2140000 139.4820000 186.6550000
 113.9940000 139.6250000 187.2140000 113.5120000 139.0720000 185.8280000
 112.7970000 140.3350000 186.4580000 112.2750000 138.8350000 188.7300000
 113.0760000 138.8270000 188.9840000 110.0620000 139.9320000 186.9210000
 109.6750000 140.3740000 188.0020000 109.4770000 140.3300000 185.7770000
 109.7660000 139.9640000 185.0540000 108.8440000 141.6330000 185.5710000
 108.8890000 142.1750000 186.3740000 109.6420000 142.3430000 184.4700000
 109.0960000 143.0080000 184.0220000 109.9460000 141.6940000 183.8160000
 110.7680000 142.9660000 185.0560000 111.1870000 143.3450000 184.4340000
 107.3700000 141.4550000 185.1980000 107.0100000 141.3130000 184.0350000
 106.5020000 141.3930000 186.2220000 106.8400000 141.4800000 187.0080000
 105.0320000 141.2370000 186.1310000 104.6970000 141.2180000 187.0410000
 104.4560000 142.5220000 185.4890000 104.5820000 143.2630000 186.1030000
 104.9750000 142.7170000 184.6930000 102.9870000 142.4940000 185.0410000
 102.8680000 141.7540000 184.4250000 101.9690000 142.3420000 186.1740000
 101.0760000 142.3310000 185.7950000 102.0460000 143.0860000 186.7920000
 102.1210000 141.5110000 186.6510000 102.6660000 143.7910000 184.2960000
 103.4550000 144.1670000 183.8750000 102.0340000 143.5760000 183.5920000
 102.2850000 144.4560000 184.8900000 104.5140000 139.9110000 185.5100000
 103.4560000 139.4330000 185.9360000 105.2960000 139.2410000 184.6500000
 105.9710000 139.6570000 184.3170000 104.9270000 137.9440000 184.0780000
 103.9600000 137.8740000 184.1050000 105.3250000 137.9190000 182.5910000
 104.8140000 138.5960000 182.1210000 106.2660000 138.1370000 182.4990000
 105.0740000 136.5500000 181.9390000 105.6970000 135.9230000 182.3390000
 103.6480000 136.0310000 182.1730000 103.5580000 135.1570000 181.7610000
 103.4790000 135.8810000 183.1160000 102.9940000 136.6530000 181.8170000
 105.3620000 136.6240000 180.4400000 105.3380000 135.7310000 180.0610000
 106.2470000 136.9930000 180.2920000 104.7030000 137.1810000 179.9960000
 105.4510000 136.7420000 184.8900000 104.6480000 135.9680000 185.4030000
 106.7740000 136.6450000 185.0920000 107.2620000 137.2360000 184.7030000
 107.4500000 135.5280000 185.7900000 108.3920000 135.7570000 185.8150000
 107.0280000 135.4160000 187.2850000 107.4900000 134.6610000 187.6820000
 106.0800000 135.2180000 187.3470000 107.3120000 136.6020000 188.1840000
 107.4210000 136.5250000 189.5770000 107.2390000 135.7250000 190.1660000
 107.7310000 137.7610000 189.9990000 107.9130000 137.9950000 190.8810000
 107.8270000 138.5950000 188.9550000 108.1960000 139.3720000 188.9760000
 107.5570000 137.8910000 187.8070000 107.5850000 138.2300000 186.9410000
 107.4310000 134.1710000 185.0330000 107.4720000 133.1230000 185.6690000
 107.6900000 134.2130000 183.7110000 107.7410000 134.9800000 183.3260000
 107.9060000 133.0280000 182.8390000 107.7610000 132.2240000 183.3620000
 106.9160000 133.0440000 181.6460000 107.4080000 132.8960000 180.8230000
 106.5230000 133.9270000 181.5660000 105.7780000 132.0130000 181.6810000
 105.8650000 131.0590000 182.4880000 104.9230000 132.1020000 180.7680000
 109.3500000 132.9990000 182.2820000 109.8540000 134.0470000 181.8640000
 110.0740000 131.8620000 182.2920000 109.6700000 130.5800000 182.8450000
 109.6440000 130.6440000 183.8130000 108.8050000 130.3090000 182.5000000
 110.7410000 129.5740000 182.4190000 110.4800000 129.1570000 181.5830000
 110.8950000 128.9040000 183.1040000 111.9870000 130.4220000 182.1880000
 112.4680000 130.5350000 183.0230000 112.5760000 130.0190000 181.5310000
 111.4210000 131.7700000 181.7310000 111.9760000 132.4800000 182.0900000
 111.4470000 131.8780000 180.2020000 110.4620000 131.7150000 179.4930000
 112.6640000 132.0770000 179.6990000 113.3020000 132.2500000 180.2490000
 112.9850000 132.2310000 178.2790000 112.3470000 131.7350000 177.7430000
 112.8830000 133.7170000 177.9200000 113.3280000 133.9000000 177.0780000
 111.9460000 133.9390000 177.8070000 113.6280000 134.7180000 179.2420000
 112.8210000 135.6060000 179.2480000 114.3700000 131.6450000 177.9640000
 114.9960000 131.9950000 176.9680000 114.8370000 130.7270000 178.8280000
 114.3420000 130.4970000 179.4920000 116.1620000 130.1220000 178.7040000
 116.7730000 130.8430000 178.4860000 116.5580000 129.4890000 180.0540000
 116.2210000 128.5800000 180.0870000 116.1500000 129.9850000 180.7810000
 118.0840000 129.4750000 180.2740000 118.5260000 128.9630000 179.5790000
 118.6520000 130.8920000 180.2870000 119.4760000 130.9230000 180.7980000
 118.8350000 131.1760000 179.3780000 118.0110000 131.5040000 180.6810000
 118.4210000 128.8310000 181.6150000 118.0730000 127.9260000 181.6460000
 118.0290000 129.3630000 182.3250000 119.3830000 128.8080000 181.7340000
 116.2570000 129.0970000 177.5600000 117.3320000 128.5740000 177.2970000
 115.1140000 128.7370000 176.9620000 114.3810000 129.0610000 177.2730000
 115.0360000 127.7810000 175.8640000 115.8360000 127.8400000 175.3190000
 114.2730000 128.0130000 175.3110000 114.8820000 126.3400000 176.3440000
 115.3710000 125.9400000 177.3990000 114.1550000 125.5460000 175.5610000
 113.8800000 125.8470000 174.8040000 113.7990000 124.1540000 175.8790000
 113.3380000 124.1220000 176.7320000 112.8750000 123.6050000 174.7880000
 112.7880000 122.6440000 174.8890000 111.4850000 124.2330000 174.8570000
 110.9080000 123.8000000 174.2080000 111.5290000 125.1790000 174.6480000
 111.1050000 124.1040000 175.7400000 113.4230000 123.9060000 173.5230000
 112.9280000 123.6100000 172.9130000 114.9980000 123.2220000 175.9990000
 114.9770000 122.3330000 176.8430000 116.0600000 123.4400000 175.2150000
 116.0410000 124.0910000 174.6530000 117.2930000 122.6610000 175.3520000
 117.0570000 121.7210000 175.3860000 118.1960000 122.8580000 174.1290000
 118.9730000 122.2840000 174.2160000 117.6970000 122.5380000 173.3610000
 118.6640000 124.2710000 173.8380000 119.8270000 124.7590000 174.4610000
 120.3060000 124.2200000 175.0490000 120.2680000 126.0670000 174.2010000
 121.0260000 126.3970000 174.6270000 119.5620000 126.8860000 173.3060000
 119.8520000 127.7560000 173.1530000 118.4300000 126.3850000 172.6430000
 117.9960000 126.9200000 172.0190000 117.9740000 125.0810000 172.9120000
 117.2280000 124.7500000 172.4660000 118.0450000 122.9610000 176.6510000
 118.6230000 122.0370000 177.2050000 117.8980000 124.1660000 177.2150000
 117.3760000 124.7310000 176.8300000 118.6230000 124.6370000 178.3950000
 118.0770000 125.2940000 178.8550000 118.7830000 123.8960000 179.0000000
 119.9780000 125.2630000 178.0430000 120.9610000 124.5560000 177.8340000
 120.0480000 126.5960000 178.1010000 119.3070000 127.0280000 178.1620000
 121.2310000 127.3870000 177.7400000 121.8580000 126.8520000 177.2280000
 121.6670000 127.6840000 178.5540000 120.8320000 128.6020000 176.8920000
 119.8850000 128.5070000 176.1190000 121.4750000 129.7690000 177.0710000
 122.8010000 129.9430000 177.6390000 122.7450000 129.9630000 178.6070000
 123.3970000 129.2380000 177.3420000 123.2890000 131.2930000 177.1110000
 123.6950000 131.1710000 176.2390000 123.9090000 131.7210000 177.7220000
 121.9920000 132.0890000 176.9640000 121.7200000 132.4270000 177.8310000
 122.0770000 132.8160000 176.3280000 121.0040000 131.0230000 176.4880000
 120.1180000 131.2290000 176.8260000 120.9470000 130.9640000 174.9570000
 121.8380000 130.4160000 174.3070000 120.0190000 131.7360000 174.3920000
 119.4760000 132.1580000 174.9080000 119.9120000 131.9860000 172.9520000
 120.5980000 131.4770000 172.4920000 118.5620000 131.4700000 172.4160000
 118.4900000 130.5280000 172.6360000 117.3280000 132.1830000 172.9830000
 116.5360000 131.6430000 172.8330000 117.2080000 133.0340000 172.5340000
 117.4260000 132.3320000 173.9360000 118.5120000 131.6100000 170.8980000
 119.2300000 131.1030000 170.4890000 118.6030000 132.5450000 170.6550000
 117.6610000 131.2790000 170.5690000 120.1770000 133.4670000 172.6840000
 119.4300000 134.3420000 173.1310000 121.3600000 133.7680000 172.1450000
 121.8890000 133.1360000 171.9000000 121.8060000 135.1530000 172.0140000
 121.5860000 135.5900000 172.8510000 123.3300000 135.2330000 171.8580000
 123.5770000 136.1710000 171.8640000 123.5820000 134.8670000 170.9960000
 124.1120000 134.5300000 172.9580000 123.8360000 134.8130000 174.3100000
 123.1940000 135.4490000 174.5300000 124.5180000 134.1340000 175.3340000
 124.3220000 134.3190000 176.2240000 125.4890000 133.1710000 175.0110000
 125.9350000 132.7140000 175.6870000 125.7860000 132.8990000 173.6650000
 126.4310000 132.2640000 173.4500000 125.1050000 133.5830000 172.6410000
 125.3120000 133.4020000 171.7530000 121.0470000 135.8740000 170.8840000
 120.9490000 135.3300000 169.7820000 120.5470000 137.1030000 171.1090000
 120.6920000 137.8830000 172.3280000 120.0800000 137.5430000 173.0000000
 121.6030000 137.8700000 172.6620000 120.2960000 139.3010000 171.9380000
 121.0490000 139.7520000 171.5240000 119.9700000 139.8040000 172.7010000
 119.1970000 139.0550000 170.9090000 119.0800000 139.8130000 170.3150000
 118.3670000 138.8670000 171.3750000 119.6500000 137.7880000 170.1730000
 118.8660000 137.2370000 170.0220000 120.2880000 138.0900000 168.8040000
 119.6300000 137.9310000 167.7790000 121.6140000 138.2820000 168.7590000
 122.0470000 138.3160000 169.5010000 122.3830000 138.4520000 167.5160000
 121.9190000 139.0860000 166.9470000 123.7560000 139.0450000 167.8670000
 124.2250000 139.2420000 167.0410000 123.6170000 139.8920000 168.3190000
 124.6520000 138.1930000 168.7230000 125.3630000 137.1320000 168.2840000
 125.3540000 136.8230000 167.4070000 126.0910000 136.5840000 169.3180000
 126.6310000 135.9230000 169.2170000 125.8580000 137.2480000 170.5000000
 126.3280000 137.0590000 171.8080000 126.9290000 136.3750000 171.9970000
 125.8550000 137.9000000 172.8290000 126.1500000 137.7810000 173.7030000
 124.9330000 138.9190000 172.5270000 124.6290000 139.4800000 173.2030000
 124.4770000 139.1080000 171.2070000 123.8850000 139.7990000 171.0170000
 124.9240000 138.2750000 170.1580000 122.5590000 137.1640000 166.6830000
 123.0610000 137.2280000 165.5620000 122.2640000 135.9840000 167.2490000
 121.9470000 135.9870000 168.0480000 122.2680000 134.7020000 166.5270000
 122.9070000 134.7450000 165.7990000 122.6790000 133.5570000 167.4770000
 122.6430000 132.7240000 166.9810000 122.0210000 133.4960000 168.1870000
 124.0750000 133.6730000 168.1120000 124.1370000 134.5020000 168.6120000
 124.3000000 132.5070000 169.0770000 125.1970000 132.5490000 169.4430000
 124.1910000 131.6630000 168.6110000 123.6560000 132.5550000 169.8010000
 125.2010000 133.6400000 167.0780000 125.1130000 134.3910000 166.4710000
 125.1590000 132.8150000 166.5700000 126.0590000 133.7040000 167.5250000
 120.9090000 134.3700000 165.8860000 120.8570000 133.4930000 165.0310000
 119.8140000 134.9930000 166.3450000 119.9190000 135.5940000 166.9510000
 118.4280000 134.6200000 165.9740000 118.4740000 133.8480000 165.3890000
 117.6100000 134.1180000 167.1750000 116.7650000 133.7750000 166.8460000
 118.3290000 132.9530000 167.8530000 117.7060000 132.5260000 168.4620000
 118.6060000 132.3070000 167.1840000 119.1080000 133.2730000 168.3340000
 117.2990000 135.1880000 168.2260000 116.9260000 134.7800000 169.0230000
 118.1110000 135.6640000 168.4610000 116.6430000 135.8080000 167.8710000
 117.6760000 135.7010000 165.1880000 116.5370000 135.4850000 164.7730000
 118.3160000 136.8430000 164.9260000 119.1260000 136.9260000 165.2030000
 117.7370000 138.0020000 164.2400000 116.9400000 137.7260000 163.7610000
 117.3570000 139.0970000 165.2640000 118.1700000 139.3910000 165.7040000
 116.9880000 139.8590000 164.7910000 116.3530000 138.6450000 166.3390000
 116.6830000 137.8320000 166.7540000 116.2060000 139.6790000 167.4510000
 115.5930000 139.3400000 168.1220000 117.0710000 139.8210000 167.8670000
 115.8690000 140.5150000 167.0930000 114.9720000 138.3660000 165.7520000
 114.3780000 138.0330000 166.4430000 114.5970000 139.1720000 165.3640000
 115.0490000 137.6870000 165.0640000 118.7020000 138.5630000 163.1970000
 119.9190000 138.4420000 163.3270000 118.1450000 139.3100000 162.2450000
 117.2870000 139.3410000 162.1990000 118.9110000 140.1000000 161.2900000
 119.1390000 139.5430000 160.5290000 119.7390000 140.3960000 161.7000000
 118.1570000 141.3320000 160.7890000 116.9340000 141.4590000 160.9330000
 118.9120000 142.2840000 160.2410000 119.7550000 142.1270000 160.1750000
 118.3680000 143.5190000 159.6590000 117.6650000 143.2840000 159.0330000
 119.0690000 143.9640000 159.1580000 117.8060000 144.5390000 160.6640000
 116.9030000 145.2800000 160.2930000 118.2060000 144.4600000 161.9370000
 118.7910000 143.8570000 162.1180000 118.1020000 145.5440000 162.9260000
 117.3180000 146.0810000 162.7320000 117.9260000 144.9290000 164.3260000
 117.8360000 145.6580000 164.9590000 117.0990000 144.4230000 164.3590000
 119.0670000 144.0400000 164.7830000 119.1670000 142.7130000 164.3150000
 118.5090000 142.3590000 163.7610000 120.2870000 141.9300000 164.6540000
 120.3940000 141.0730000 164.3090000 121.2950000 142.4660000 165.4810000
 122.3990000 141.7340000 165.7760000 122.9200000 142.1770000 166.2640000
 121.1700000 143.7760000 165.9920000 121.8270000 144.1210000 166.5530000
 120.0540000 144.5590000 165.6440000 119.9810000 145.4270000 165.9710000
 119.3350000 146.4830000 162.8730000 120.3160000 146.2020000 162.1810000
 119.3050000 147.5700000 163.6600000 118.5880000 147.6880000 164.1210000
 120.1850000 148.7590000 163.5390000 120.6730000 148.6930000 162.7030000
 119.3030000 150.0260000 163.4360000 119.8570000 150.7830000 163.1880000
 118.9430000 150.2030000 164.3190000 118.1170000 149.9130000 162.4770000
 118.3370000 150.2110000 161.2570000 117.0100000 149.8680000 163.0060000
 121.2430000 148.9170000 164.6800000 121.2640000 149.9190000 165.4060000
 122.0050000 147.8350000 164.9450000 121.8760000 147.1420000 164.4520000
 123.1710000 147.7710000 165.8750000 123.6640000 146.9880000 165.5830000
 124.1840000 148.9340000 165.7150000 124.9530000 148.7310000 166.2710000
 123.7960000 149.7480000 166.0710000 124.7060000 149.2100000 164.2960000
 124.5290000 148.3420000 163.4160000 125.4920000 150.1880000 164.1840000
 122.8880000 147.5040000 167.3680000 123.6890000 146.8260000 168.0100000
 121.7060000 147.8500000 167.8930000 121.2240000 148.3770000 167.4150000
 121.2080000 147.3710000 169.2090000 121.6100000 146.5100000 169.4040000
 121.5810000 148.3550000 170.3410000 121.3020000 149.2500000 170.0910000
 121.0910000 148.1140000 171.1430000 123.0710000 148.3760000 170.7120000
 123.1980000 148.9860000 171.4550000 123.5770000 148.7250000 169.9610000
 123.6260000 147.0080000 171.1190000 122.9790000 146.1770000 171.7420000
 124.8830000 146.7480000 170.8390000 125.2490000 147.2150000 170.2160000
 125.1230000 145.9350000 170.9820000 119.6920000 147.1290000 169.2570000
 119.1800000 146.5140000 170.1900000 118.9480000 147.6480000 168.2790000
 119.3430000 148.0800000 167.6490000 117.4940000 147.7230000 168.3590000
 117.2330000 147.8530000 169.2840000 117.0140000 148.9490000 167.5590000
 117.2300000 148.8150000 166.6230000 116.0500000 149.0230000 167.6400000
 117.6180000 150.2670000 168.0070000 118.0400000 150.4550000 169.1340000
 117.7840000 151.1940000 167.0960000 117.5680000 151.0350000 166.2790000
 118.2320000 151.8870000 167.3370000 116.8440000 146.4170000 167.8820000
 116.2720000 146.3850000 166.7970000 116.8660000 145.3520000 168.6920000
 117.3540000 145.3960000 169.3990000 116.2070000 144.0700000 168.3660000
 116.6000000 143.7310000 167.5460000 116.4820000 143.0470000 169.4810000
 116.2020000 142.1690000 169.1780000 115.9410000 143.2750000 170.2540000
 117.9390000 142.9700000 169.9000000 118.9040000 142.4430000 169.0170000
 118.6460000 142.0990000 168.1920000 120.2700000 142.4820000 169.3620000
 120.9140000 142.1630000 168.7720000 120.6750000 143.0630000 170.5820000
 121.9960000 143.1830000 170.8780000 122.1890000 143.9700000 171.0990000
 119.7050000 143.5580000 171.4800000 119.9730000 143.9450000 172.2820000
 118.3400000 143.5090000 171.1380000 117.7090000 143.8720000 171.7170000
 114.6900000 144.2050000 168.1050000 114.1220000 143.4200000 167.3530000
 114.1000000 145.3190000 168.5550000 114.5760000 145.8290000 169.0580000
 112.7800000 145.8330000 168.1820000 112.1030000 145.2110000 168.4920000
 112.5750000 147.2020000 168.8880000 111.6270000 147.4070000 168.9140000
 113.0000000 147.9000000 168.3660000 113.1420000 147.3130000 170.2980000
 114.3440000 147.2880000 170.5070000 112.3180000 147.4890000 171.3050000
 111.4730000 147.5750000 171.1730000 112.6820000 147.5990000 172.0760000
 112.6190000 145.9740000 166.6480000 111.6870000 145.4250000 166.0680000
 113.6240000 146.5300000 165.9660000 114.3200000 146.7740000 166.4090000
 113.6410000 146.7870000 164.5210000 112.7580000 147.0940000 164.2640000
 114.6380000 147.9330000 164.2250000 115.5320000 147.6500000 164.4720000
 114.6560000 148.1140000 163.2720000 114.3170000 149.2410000 164.9350000
 113.2000000 149.5150000 165.3400000 115.2640000 150.1370000 165.0530000
 114.9990000 150.9060000 165.3330000 115.9050000 150.0570000 164.4850000
 113.9330000 145.5490000 163.6430000 114.0590000 145.7030000 162.4300000
 114.0950000 144.3430000 164.2040000 113.9630000 144.2590000 165.0500000
 114.5000000 143.1530000 163.4440000 115.3880000 143.3120000 163.0880000
 114.5920000 141.9640000 164.4060000 114.8660000 141.1730000 163.9160000
 115.2430000 142.1510000 165.1000000 113.7280000 141.8030000 164.8170000
 113.5700000 142.8540000 162.2460000 112.3560000 142.7240000 162.3990000
 114.1450000 142.6830000 161.0470000 115.0030000 142.7250000 161.0090000
 113.3880000 142.4770000 159.7860000 112.4480000 142.6500000 159.9520000
 113.8280000 143.4320000 158.6710000 113.2680000 143.2660000 157.8960000
 113.6990000 144.9120000 159.0210000 114.0480000 145.4470000 158.2910000
 112.7660000 145.1340000 159.1630000 114.2020000 145.1180000 159.8250000
 115.1600000 143.1760000 158.3060000 115.3450000 143.7230000 157.6960000
 113.4780000 141.0550000 159.2300000 112.6430000 140.6650000 158.4090000
 114.4070000 140.2500000 159.7480000 114.9440000 140.5730000 160.3370000
 114.5730000 138.8440000 159.4210000 113.7900000 138.5320000 158.9410000
 115.7940000 138.6790000 158.5090000 115.8660000 137.7530000 158.2300000
 115.6990000 139.2440000 157.7270000 116.5980000 138.9300000 158.9910000
 114.7000000 138.0120000 160.7010000 115.2710000 138.4620000 161.6990000
 114.2140000 136.7760000 160.6290000 113.8980000 136.5110000 159.8740000
 114.2940000 135.7840000 161.6940000 114.6820000 136.1800000 162.4900000
 112.8870000 135.2700000 162.0330000 112.9620000 134.5420000 162.6700000
 112.4850000 134.9220000 161.2220000 111.9570000 136.3520000 162.6020000
 111.8440000 137.0490000 161.9370000 110.5870000 135.7530000 162.9170000
 110.1900000 135.4000000 162.1050000 110.0020000 136.4430000 163.2670000
 110.6720000 135.0460000 163.5760000 112.5400000 136.9820000 163.8620000
 111.8500000 137.4320000 164.3750000 113.2000000 137.6420000 163.5990000
 112.9680000 136.3020000 164.4050000 115.2170000 134.6580000 161.2570000
 115.0510000 134.1060000 160.1680000 116.2070000 134.3810000 162.0960000
 116.1980000 134.7570000 162.8700000 117.1830000 133.3130000 161.9110000
 117.1850000 133.0400000 160.9800000 118.6110000 133.7830000 162.2600000
 118.6570000 133.9310000 163.2170000 119.6810000 132.7450000 161.9050000
 120.5550000 133.0890000 162.1490000 119.5400000 131.9280000 162.4090000
 119.6690000 132.5540000 160.9540000 118.9720000 135.1150000 161.5860000
 119.8680000 135.3780000 161.8480000 118.9250000 135.0270000 160.6210000
 118.3650000 135.8120000 161.8800000 116.7420000 132.1260000 162.7600000
 116.2330000 132.2760000 163.8740000 116.8380000 130.9490000 162.1610000
 117.1590000 130.9370000 161.3630000 116.5910000 129.6550000 162.7850000
 116.5150000 129.7670000 163.7460000 115.2820000 129.0150000 162.2750000
 115.3930000 128.8890000 161.3200000 115.0550000 127.6200000 162.8900000
 114.2070000 127.2480000 162.6020000 115.7470000 127.0090000 162.5910000
 115.0670000 127.6660000 163.8590000 114.0670000 129.9430000 162.5150000
 114.2590000 130.8260000 162.1630000 113.9250000 130.0280000 163.4710000
 112.7530000 129.5030000 161.8620000 112.0850000 130.1930000 162.0010000
 112.4280000 128.6770000 162.2530000 112.8890000 129.3900000 160.9080000
 117.8210000 128.8040000 162.4920000 118.4620000 128.9560000 161.4470000
 118.1470000 127.8940000 163.4010000 117.6630000 127.8240000 164.1080000
 119.2550000 126.9600000 163.2310000 119.4310000 126.8410000 162.2850000
 120.5410000 127.5010000 163.8770000 120.4330000 127.5200000 164.8410000
 121.7740000 126.6740000 163.5300000 122.5660000 127.1230000 163.8650000
 121.8370000 126.5600000 162.5690000 121.7060000 125.7990000 163.9420000
 120.8300000 128.8020000 163.4250000 121.5360000 129.0510000 163.8060000
 118.8740000 125.6120000 163.8220000 118.4300000 125.5800000 164.9720000
 119.2100000 124.5360000 163.1060000 119.4860000 124.6590000 162.3010000
 119.2780000 123.1590000 163.6050000 118.9350000 123.1140000 164.5110000
 118.4390000 122.1790000 162.7510000 118.3870000 121.3320000 163.2220000
 118.8910000 121.9940000 161.9130000 117.0360000 122.6750000 162.4640000
 116.8410000 123.7280000 161.5500000 117.5480000 124.0200000 161.0210000
 115.6260000 124.4230000 161.5230000 115.5290000 125.1660000 160.9720000
 114.5900000 124.0320000 162.3820000 113.8040000 124.5280000 162.4130000
 114.7150000 122.8600000 163.1530000 113.9990000 122.5480000 163.6570000
 115.9480000 122.1900000 163.2080000 116.0530000 121.4580000 163.7720000
 120.7540000 122.7600000 163.6100000 121.3520000 122.6220000 162.5410000
 121.4440000 122.9090000 164.7500000 121.1550000 123.8010000 165.8600000
 120.5910000 124.5550000 165.6240000 120.7470000 123.2790000 166.5680000
 122.5250000 124.2900000 166.3250000 122.9230000 124.9220000 165.7060000
 122.5050000 124.6430000 167.2280000 123.2380000 122.9550000 166.2510000
 122.8560000 122.4390000 166.9780000 124.2030000 123.0290000 166.3140000
 122.7580000 122.3320000 164.9420000 123.3380000 122.6230000 164.2210000
 122.6580000 120.7960000 165.0170000 122.0040000 120.2560000 165.9120000
 123.4170000 120.0830000 164.1820000 123.8590000 120.5120000 163.5820000
 123.4150000 118.6040000 164.1300000 122.7940000 118.2610000 164.7920000
 122.8950000 118.1110000 162.7590000 123.3170000 118.6260000 162.0540000
 123.1730000 116.6290000 162.4780000 122.7510000 116.3680000 161.6450000
 122.8090000 116.0840000 163.1930000 124.1260000 116.4660000 162.4060000
 121.3890000 118.3560000 162.6490000 121.0720000 118.0600000 161.7810000
 121.2090000 119.3080000 162.7030000 120.9050000 117.8930000 163.3510000
 124.7850000 118.0480000 164.5180000 125.8150000 118.6290000 164.1630000
 124.8360000 116.9480000 165.2840000 124.1090000 116.5210000 165.4560000
 126.1160000 116.3310000 165.6410000 126.6340000 116.9870000 166.1330000
 125.9290000 115.0890000 166.5300000 126.7730000 114.6130000 166.5860000
 125.2750000 114.4970000 166.1270000 125.4990000 115.4100000 167.9460000
 124.4920000 114.9580000 168.4410000 126.3110000 116.1030000 168.7130000
 126.0050000 116.2580000 169.5020000 127.0660000 116.3980000 168.4250000
 126.9080000 115.9660000 164.3790000 126.4240000 115.2580000 163.4970000
 128.1710000 116.3810000 164.3480000 128.4910000 116.7720000 165.0440000
 129.1370000 115.8560000 163.3970000 128.6660000 115.4810000 162.6370000
 130.0000000 117.0260000 162.9060000 129.4330000 117.8070000 162.8090000
 130.6830000 117.2410000 163.5600000 130.6380000 116.8050000 161.5480000
 130.3860000 115.8330000 160.8510000 131.2720000 117.8310000 161.0380000
 131.2880000 118.5600000 161.4940000 131.4720000 117.8080000 160.2020000
 129.9140000 114.7230000 164.0790000 130.0980000 114.7470000 165.2990000
 130.3590000 113.7310000 163.3100000 130.2710000 113.7960000 162.4570000
 131.0350000 112.5500000 163.8490000 131.1400000 112.6580000 164.8070000
 130.1880000 111.2880000 163.6600000 130.7380000 110.5230000 163.8910000
 129.9440000 111.1880000 162.7270000 128.9480000 111.2420000 164.5290000
 129.0760000 110.8080000 165.8610000 129.9130000 110.5730000 166.1910000
 127.9430000 110.7190000 166.6890000 128.0270000 110.4340000 167.5700000
 126.6760000 111.0610000 166.1850000 125.5910000 110.8660000 166.9840000
 124.9040000 111.2390000 166.6770000 126.5430000 111.5300000 164.8610000
 125.7050000 111.7640000 164.5320000 127.6840000 111.6240000 164.0330000
 127.5970000 111.9280000 163.1590000 132.4410000 112.3870000 163.2790000
 132.6840000 112.5570000 162.0860000 133.3660000 112.0310000 164.1660000
 133.1120000 111.8750000 164.9730000 134.7500000 111.7110000 163.8440000
 135.0080000 112.1590000 163.0230000 135.6300000 112.2520000 164.9730000
 135.6340000 113.2200000 164.9070000 135.2430000 112.0150000 165.8300000
 137.0650000 111.7900000 164.9350000 137.9610000 112.3950000 164.0360000
 137.6700000 113.0750000 163.4720000 139.3140000 112.0120000 164.0290000
 139.9080000 112.4260000 163.4450000 139.7670000 111.0340000 164.9400000
 141.0850000 110.7000000 164.9430000 141.2210000 110.1180000 165.5330000
 138.8640000 110.4070000 165.8220000 139.1730000 109.7730000 166.4280000
 137.5080000 110.7860000 165.8180000 136.9090000 110.4000000 166.4160000
 134.9010000 110.1980000 163.6560000 134.5990000 109.4360000 164.5730000
 135.3800000 109.7700000 162.4800000 135.5540000 110.3650000 161.8840000
 135.5110000 108.3540000 162.1000000 135.7060000 108.3360000 161.1500000
 136.7200000 107.7140000 162.8190000 136.6700000 106.7490000 162.7380000
 136.6950000 107.9320000 163.7640000 138.0490000 108.1180000 162.2160000
 138.2950000 107.9400000 161.0350000 139.0060000 108.5110000 163.0200000
 138.8240000 108.7140000 163.8360000 139.7450000 108.7430000 162.6460000
 134.1980000 107.5430000 162.2320000 134.1980000 106.4100000 162.7130000
 133.1120000 108.0600000 161.6460000 133.1660000 108.8240000 161.2550000
 131.8570000 107.3220000 161.4430000 132.0610000 106.3760000 161.3760000
 130.9250000 107.5080000 162.6590000 131.4440000 107.3570000 163.4640000
 130.6150000 108.4270000 162.6710000 129.7030000 106.5700000 162.6940000
 129.4120000 105.9110000 161.6690000 129.0120000 106.5820000 163.7450000
 131.2180000 107.7550000 160.1110000 131.3770000 108.8950000 159.6730000
 130.6430000 106.7880000 159.3920000 130.4620000 106.0700000 159.8290000
 129.9930000 107.0060000 158.0940000 130.1110000 107.9360000 157.8430000
 130.6680000 106.1770000 156.9880000 131.6180000 106.3740000 156.9930000
 130.4750000 104.6640000 157.1160000 131.0990000 104.2160000 156.5240000
 130.6410000 104.3750000 158.0270000 129.5720000 104.4200000 156.8580000
 130.1440000 106.5140000 155.7250000 130.5240000 106.0540000 155.1340000
 128.4860000 106.7800000 158.1450000 127.7640000 107.6320000 157.6400000
 127.9850000 105.7860000 158.8900000 128.5080000 105.3510000 159.4160000
 126.5470000 105.4590000 158.9240000 126.2440000 105.3160000 158.0140000
 126.3300000 104.1460000 159.7010000 126.5890000 104.2620000 160.6290000
 126.9210000 103.4770000 159.3210000 124.8880000 103.5980000 159.6190000
 124.9170000 102.6650000 159.8820000 124.6090000 103.6170000 158.6900000
 123.8640000 104.3360000 160.5190000 124.2490000 104.9210000 161.5560000
 122.6460000 104.2760000 160.2560000 125.7130000 106.6140000 159.4920000
 124.8050000 107.1010000 158.8170000 126.2230000 107.2540000 160.5500000
 126.8820000 106.8790000 160.9560000 125.6110000 108.4490000 161.1450000
 124.6780000 108.2600000 161.3290000 126.3390000 108.7880000 162.4430000
 127.2860000 108.8910000 162.2590000 126.0020000 109.6330000 162.7800000
 126.1720000 107.7310000 163.5300000 126.3860000 106.8510000 163.1840000
 126.8180000 107.9550000 164.2180000 124.7620000 107.7050000 164.1370000
 124.5280000 108.5860000 164.4670000 124.1210000 107.4430000 163.4580000
 124.7000000 106.6950000 165.2840000 124.8320000 105.8100000 164.9100000
 123.8160000 106.7310000 165.6810000 125.7440000 106.9950000 166.2940000
 126.4670000 106.4910000 166.1720000 125.9670000 107.8540000 166.2220000
 125.4140000 106.8690000 167.1110000 125.6410000 109.6720000 160.2340000
 124.6970000 110.4570000 160.2400000 126.7040000 109.8420000 159.4460000
 127.3040000 109.2260000 159.4410000 126.7700000 110.9090000 158.4450000
 126.4770000 111.7380000 158.8550000 128.2150000 111.0960000 157.9410000
 128.1820000 111.3660000 157.0100000 128.6970000 110.2550000 157.9860000
 128.9850000 112.1830000 158.7100000 128.5070000 113.0230000 158.6270000
 129.1450000 111.8660000 160.1920000 129.6930000 112.5480000 160.6110000
 128.2780000 111.8540000 160.6280000 129.5760000 111.0030000 160.2950000
 130.3770000 112.3640000 158.1070000 130.3060000 112.6050000 157.1700000
 130.8470000 113.0680000 158.5810000 130.8800000 111.5390000 158.1940000
 125.8010000 110.6370000 157.2900000 125.0580000 111.5420000 156.9320000
 125.6830000 109.3940000 156.8180000 126.1910000 108.7830000 157.1460000
 124.7250000 109.0150000 155.7700000 124.8840000 109.5660000 154.9880000
 124.9050000 107.5390000 155.3780000 124.3070000 107.3860000 154.6300000
 124.6110000 106.9750000 156.1100000 126.3300000 107.1010000 154.9820000
 126.9220000 107.8680000 154.9360000 126.6610000 106.4940000 155.6630000
 126.3940000 106.3520000 153.6550000 127.1670000 106.6660000 152.7670000
 125.5470000 105.3720000 153.4220000 125.0170000 105.0920000 154.0390000
 125.6070000 105.0010000 152.6480000 123.2700000 109.2350000 156.2240000
 122.4760000 109.8540000 155.5150000 122.9870000 108.8860000 157.4830000
 123.5870000 108.4300000 157.8970000 121.7350000 109.1430000 158.1980000
 121.0000000 108.7250000 157.7230000 121.8850000 108.4860000 159.5770000
 122.6590000 108.8640000 160.0230000 122.0390000 107.5360000 159.4570000
 120.6720000 108.6730000 160.4880000 120.3690000 109.5930000 160.4380000
 119.9670000 108.0770000 160.1910000 121.0070000 108.3840000 161.9520000
 121.6640000 109.0260000 162.2640000 120.2050000 108.5010000 162.4840000
 121.5280000 107.0190000 162.1230000 121.8400000 106.6080000 161.4350000
 121.4370000 106.2870000 163.2080000 120.9040000 106.7260000 164.3240000
 120.5340000 107.5020000 164.3570000 120.7510000 106.1900000 164.9790000
 121.9850000 105.1080000 163.1910000 122.4330000 104.8910000 162.4900000
 121.7900000 104.5100000 163.7780000 121.4140000 110.6370000 158.3020000
 120.3450000 111.0540000 157.8610000 122.3590000 111.4480000 158.7840000
 123.0820000 111.0990000 159.0910000 122.1980000 112.8990000 158.8850000
 121.4370000 113.0970000 159.4520000 123.4550000 113.4860000 159.5410000
 123.5890000 113.0900000 160.4160000 124.2350000 113.3120000 158.9910000
 123.3470000 114.4440000 159.6470000 121.9330000 113.5350000 157.5090000
 120.9080000 114.1730000 157.3140000 122.6820000 113.1190000 156.4860000
 123.3290000 112.5800000 156.6620000 122.5200000 113.5570000 155.0980000
 122.5790000 114.5250000 155.0690000 123.6790000 112.9510000 154.2960000
 123.7040000 111.9970000 154.4700000 123.5070000 113.0500000 153.3460000
 125.0610000 113.5540000 154.6420000 125.1970000 113.5650000 155.6020000
 125.1240000 114.4840000 154.3740000 126.1950000 112.7660000 153.9890000
 125.9960000 111.9020000 153.1550000 127.4410000 113.0880000 154.2630000
 127.6370000 113.7980000 154.7070000 128.0140000 112.6940000 153.7580000
 121.1660000 113.1630000 154.4650000 120.6110000 113.9320000 153.6710000
 120.6120000 111.9980000 154.8150000 121.0600000 111.4700000 155.3240000
 119.2590000 111.5890000 154.4330000 119.1490000 111.7210000 153.4780000
 119.1010000 110.0940000 154.7300000 118.2210000 109.7960000 154.4530000
 119.2010000 109.9310000 155.6810000 119.7760000 109.5890000 154.2500000
 118.1680000 112.4160000 155.1380000 117.1890000 112.8000000 154.4950000
 118.3890000 112.8210000 156.3920000 119.0880000 112.5400000 156.8060000
 117.5160000 113.7810000 157.0690000 116.5980000 113.4990000 156.9350000
 117.7630000 113.7740000 158.5780000 117.7270000 112.8620000 158.9070000
 118.6470000 114.1260000 158.7670000 116.7510000 114.5970000 159.3100000
 115.6220000 114.1190000 159.8760000 115.3850000 113.2210000 159.9150000
 114.8690000 115.1700000 160.3580000 114.1170000 115.0620000 160.7610000
 115.4880000 116.3840000 160.1500000 115.1390000 117.7060000 160.4670000
 114.3250000 117.8940000 160.8750000 116.0700000 118.7310000 160.2270000
 115.8840000 119.6050000 160.4850000 117.3140000 118.4260000 159.6450000
 117.9490000 119.0970000 159.5390000 117.6240000 117.1060000 159.2670000
 118.4630000 116.9220000 158.9110000 116.7190000 116.0470000 159.5120000
 117.6160000 115.1980000 156.4850000 116.6020000 115.7200000 156.0320000
 118.8290000 115.7140000 156.2410000 119.5100000 115.3140000 156.5830000
 119.0340000 117.0340000 155.6190000 118.5990000 117.7070000 156.1650000
 120.5250000 117.3980000 155.5390000 120.9870000 116.7310000 155.0080000
 120.5750000 118.2430000 155.0660000 121.2540000 117.5670000 156.8820000
 120.7990000 118.2410000 157.4110000 121.1960000 116.7340000 157.3750000
 122.7440000 117.9380000 156.6740000 123.0220000 118.6620000 155.6760000
 123.5690000 117.0890000 157.0870000 118.4540000 117.1050000 154.1950000
 117.9090000 118.1300000 153.7810000 118.4550000 115.9830000 153.4600000
 118.8380000 115.2930000 153.8020000 117.7150000 115.8450000 152.1970000
 118.0220000 116.5390000 151.5930000 117.9900000 114.4580000 151.5910000
 117.7320000 113.7790000 152.2340000 118.9430000 114.3550000 151.4400000
 117.2400000 114.1430000 150.2880000 117.4780000 113.2370000 150.0360000
 116.2840000 114.1550000 150.4510000 117.5720000 115.1060000 149.1350000
 117.0980000 115.9410000 149.2740000 118.5220000 115.3020000 149.1240000
 117.1680000 114.5090000 147.7800000 116.2470000 114.2090000 147.8340000
 117.2210000 115.2050000 147.1060000 118.0570000 113.3800000 147.4030000
 117.9760000 113.1860000 146.5380000 118.9080000 113.5860000 147.5630000
 117.8480000 112.6560000 147.8760000 116.2160000 116.0790000 152.3950000
 115.6330000 116.8260000 151.6120000 115.5640000 115.3620000 153.3040000
 116.0160000 114.8580000 153.8340000 114.1180000 115.5010000 153.5400000
 113.6600000 115.4660000 152.6850000 113.6100000 114.3420000 154.4110000
 114.2640000 114.1570000 155.1030000 112.7880000 114.6110000 154.8500000
 113.3270000 113.0570000 153.6060000 112.9010000 112.4150000 154.1950000
 114.1770000 112.6790000 153.3290000 112.4370000 113.2750000 152.3620000
 111.5300000 114.1370000 152.4320000 112.8480000 112.8060000 151.2750000
 113.7250000 116.8570000 154.1440000 112.8370000 117.5080000 153.5920000
 114.5710000 117.4130000 155.0190000 115.1990000 116.9200000 155.3400000
 114.5300000 118.8130000 155.4540000 113.7270000 118.9570000 155.9780000
 115.7470000 119.0870000 156.3590000 115.5890000 118.6810000 157.2260000
 116.5270000 118.6550000 155.9770000 116.0700000 120.5580000 156.5490000
 115.2440000 121.3360000 157.3680000 114.5910000 120.9070000 157.8730000
 115.4210000 122.7280000 157.4600000 114.8590000 123.2330000 158.0030000
 116.4810000 123.3380000 156.7710000 116.6400000 124.2490000 156.8730000
 117.3660000 122.5480000 156.0130000 118.1190000 122.9360000 155.6290000
 117.1580000 121.1610000 155.8930000 117.7610000 120.6420000 155.4110000
 114.4700000 119.7810000 154.2590000 113.4670000 120.4850000 154.0960000
 115.3970000 119.6350000 153.2950000 116.0620000 119.1170000 153.4620000
 115.4040000 120.4160000 152.0470000 115.4240000 121.3540000 152.2930000
 116.6870000 120.1710000 151.2150000 116.8240000 119.2150000 151.1260000
 116.5480000 120.7730000 149.7990000 117.3610000 120.6560000 149.2830000
 116.3500000 121.7200000 149.8740000 115.8330000 120.3200000 149.3260000
 117.9190000 120.7940000 151.9070000 117.9480000 120.5120000 152.8350000
 117.8450000 121.7610000 151.9030000 119.2430000 120.3780000 151.2510000
 119.9850000 120.7520000 151.7510000 119.3190000 119.4110000 151.2330000
 119.3090000 120.7210000 150.3460000 114.1290000 120.1870000 151.2120000
 113.6120000 121.1380000 150.6220000 113.6690000 118.9460000 151.0220000
 114.0360000 118.3020000 151.4580000 112.4750000 118.6840000 150.2030000
 112.5960000 119.1020000 149.3360000 112.2700000 117.1810000 149.9790000
 111.3770000 117.0230000 149.6340000 112.3410000 116.6990000 150.8180000
 113.2420000 116.6330000 148.9590000 113.2710000 117.0310000 147.8000000
 114.2450000 115.9300000 149.4060000 114.3360000 115.8470000 150.2570000
 114.8530000 115.6970000 148.8450000 111.2120000 119.3100000 150.7970000
 110.4480000 119.9400000 150.0570000 111.0430000 119.2380000 152.1180000
 111.6070000 118.7930000 152.5900000 109.9010000 119.8470000 152.7830000
 109.0980000 119.5520000 152.3260000 109.8060000 119.3740000 154.2280000
 110.6580000 119.5530000 154.6550000 109.6640000 118.4150000 154.2530000
 108.6990000 120.0700000 155.0080000 107.3970000 120.2260000 154.4980000
 107.1760000 119.8750000 153.6660000 106.4290000 120.9270000 155.2430000
 105.5680000 121.0260000 154.9060000 106.7550000 121.4680000 156.5020000
 106.1180000 121.9250000 157.0030000 108.0510000 121.3100000 157.0140000
 108.2750000 121.6510000 157.8500000 109.0080000 120.6210000 156.2530000
 109.8760000 120.5020000 156.5650000 109.9300000 121.3750000 152.7150000
 108.9920000 121.9470000 152.1610000 111.0480000 122.0280000 153.0700000
 111.6920000 121.5810000 153.4230000 111.1490000 123.5030000 153.0060000
 110.4400000 123.8660000 153.5590000 112.4800000 124.0120000 153.6020000
 112.5630000 123.6660000 154.5050000 113.7220000 123.5870000 152.8180000
 114.5240000 123.8950000 153.2690000 113.7130000 123.9320000 151.9110000
 113.7370000 122.6170000 152.7990000 112.5190000 125.5370000 153.6720000
 111.8110000 125.8580000 154.2520000 113.3800000 125.7980000 154.0340000
 112.4300000 125.9290000 152.7890000 110.9220000 124.0400000 151.5850000
 110.1320000 124.9600000 151.3920000 111.3910000 123.3060000 150.5660000
 111.8900000 122.6360000 150.7700000 111.1850000 123.6160000 149.1390000
 111.4190000 124.5450000 148.9880000 112.1370000 122.7040000 148.3600000
 111.7770000 121.8040000 148.3430000 112.9700000 122.7080000 148.8580000
 112.4950000 123.1450000 146.9350000 111.6890000 123.2280000 146.4020000
 112.9230000 124.0140000 146.9840000 113.4540000 122.1480000 146.2460000
 113.8520000 122.5910000 145.4800000 112.9350000 121.3930000 145.9280000
 114.5680000 121.6340000 147.1790000 115.0580000 122.3930000 147.5320000
 114.1500000 121.1880000 147.9320000 115.5030000 120.6890000 146.5170000
 115.6990000 120.0230000 147.0740000 116.2690000 121.0910000 146.3060000
 115.1330000 120.3380000 145.7870000 109.7360000 123.4260000 148.6870000
 109.2930000 124.0430000 147.7140000 109.0070000 122.4960000 149.3090000
 109.3660000 122.0650000 149.9610000 107.5900000 122.2950000 149.0370000
 107.4370000 122.6390000 148.1430000 107.2420000 120.7980000 149.0090000
 107.1180000 120.4700000 149.9130000 107.9680000 120.3000000 148.6030000
 105.9790000 120.5470000 148.1970000 104.9230000 120.2080000 148.6900000
 105.9650000 120.9500000 146.9390000 106.7270000 121.0170000 146.5460000
 105.2530000 120.6850000 146.5350000 106.6460000 123.1020000 149.9420000
 105.4850000 123.2570000 149.5620000 107.1440000 123.7610000 150.9870000
 107.9760000 123.6670000 151.1820000 106.3400000 124.5880000 151.8790000
 105.5200000 124.1070000 152.0710000 107.0950000 124.7530000 153.2000000
 107.4240000 123.8890000 153.4940000 107.8650000 125.3260000 153.0630000
 106.2300000 125.3210000 154.2930000 105.3220000 124.4950000 154.9870000
 105.2770000 123.5880000 154.7850000 104.4970000 125.0350000 156.0040000
 103.9140000 124.4840000 156.4740000 104.6180000 126.4040000 156.3200000
 103.7650000 127.0100000 157.2110000 104.1690000 127.3350000 157.8720000
 105.5360000 127.2060000 155.6490000 105.6240000 128.1020000 155.8820000
 106.3300000 126.6830000 154.6130000 106.9320000 127.2300000 154.1620000
 105.9740000 125.9330000 151.2220000 106.7810000 126.5070000 150.4930000
 104.6800000 126.3070000 151.2470000 104.1360000 125.8250000 151.7060000
 104.1580000 127.4170000 150.4110000 104.7960000 127.5880000 149.7000000
 102.8110000 127.0810000 149.7350000 102.5560000 127.8490000 149.2000000
 102.1250000 126.9570000 150.4100000 102.8140000 125.8490000 148.8110000
 102.6550000 125.0570000 149.3480000 102.0830000 125.9390000 148.1800000
 104.1260000 125.6680000 148.0330000 104.8560000 125.5690000 148.6640000
 104.3010000 126.4480000 147.4840000 104.1050000 124.4110000 147.1700000
 103.5280000 124.5570000 146.4040000 103.7470000 123.6830000 147.7020000
 105.4890000 124.0690000 146.7680000 106.0230000 123.9520000 147.4700000
 105.7920000 124.7410000 146.2690000 105.4950000 123.3440000 146.2510000
 104.1120000 128.7600000 151.1240000 104.6410000 129.7200000 150.5890000
 103.2450000 128.8410000 152.1380000 102.8660000 128.1040000 152.3680000
 103.0480000 129.9810000 153.0400000 102.1210000 129.9620000 153.3240000
 103.8870000 129.7200000 154.3020000 103.8380000 128.7710000 154.4940000
 104.8140000 129.9660000 154.1590000 103.3430000 130.4610000 155.5130000
 102.5640000 131.3900000 155.3810000 103.4770000 129.8890000 156.6890000
 103.0920000 130.2710000 157.3560000 103.9030000 129.1510000 156.8050000
 103.2830000 131.3730000 152.3990000 104.3220000 131.9860000 152.6400000
 102.3290000 131.8860000 151.5870000 101.0430000 131.2710000 151.2890000
 100.4220000 131.4770000 152.0050000 101.1150000 130.3110000 151.1730000
 100.5630000 131.9060000 149.9880000 100.9190000 131.4130000 149.2320000
  99.5950000 131.9450000 149.9480000 101.1800000 133.3010000 150.0340000
 100.5940000 133.8900000 150.5340000 101.3270000 133.6550000 149.1430000
 102.5020000 133.1110000 150.7890000 103.2170000 132.9600000 150.1510000
 102.8360000 134.3820000 151.5890000 103.1760000 135.4060000 151.0010000
 102.6820000 134.3310000 152.9130000 102.4460000 133.5800000 153.2600000
 103.0050000 135.4050000 153.8440000 102.7210000 136.2520000 153.4650000
 102.2270000 135.1540000 155.1470000 102.4590000 135.8440000 155.7880000
 102.5000000 134.3040000 155.5270000 100.7120000 135.1530000 155.0100000
 100.1170000 135.2930000 153.9510000 100.0300000 134.9280000 156.1010000
 100.4720000 134.6600000 156.7880000  99.1760000 134.8630000 156.0220000
 104.5120000 135.5200000 154.1430000 104.9110000 136.4710000 154.8110000
 105.3340000 134.5470000 153.7260000 105.0050000 133.9010000 153.2640000
 106.7430000 134.4280000 154.1060000 106.9980000 135.2310000 154.5860000
 106.9340000 133.2230000 155.0500000 106.6840000 132.4220000 154.5630000
 107.8750000 133.1520000 155.2750000 106.1190000 133.2600000 156.3570000
 105.1720000 133.3030000 156.1510000 106.3760000 131.9790000 157.1530000
 105.8380000 131.9840000 157.9600000 107.3120000 131.9120000 157.3970000
 106.1270000 131.2070000 156.6210000 106.4830000 134.4450000 157.2510000
 105.9900000 134.3780000 158.0840000 107.4340000 134.4510000 157.4430000
 106.2440000 135.2810000 156.8210000 107.6670000 134.3240000 152.8840000
 107.3350000 133.6810000 151.8910000 108.9050000 134.8130000 153.0200000
 109.0830000 135.2490000 153.7390000 109.9760000 134.6030000 152.0230000
 109.6440000 133.9970000 151.3420000 110.3900000 135.8740000 151.2500000
 110.7280000 135.6040000 150.3820000 109.2450000 136.8510000 151.0500000
 109.5140000 137.5550000 150.4390000 109.0340000 137.2470000 151.9100000
 108.4670000 136.3890000 150.7010000 111.3840000 136.6200000 151.8990000
 111.6680000 136.1380000 152.5260000 111.1590000 133.9100000 152.6820000
 111.9120000 134.5290000 153.4380000 111.2220000 132.5940000 152.5040000
 110.6640000 132.2260000 151.9630000 112.1770000 131.7190000 153.1760000
 112.4040000 132.1050000 154.0370000 111.5330000 130.3380000 153.4340000
 111.3230000 129.9170000 152.5860000 112.5330000 129.4310000 154.1690000
 112.1120000 128.5850000 154.3900000 112.8330000 129.8610000 154.9850000
 113.3020000 129.2410000 153.6100000 110.2330000 130.4670000 154.2730000
 110.1900000 129.7520000 154.9270000 110.2340000 131.3080000 154.7570000
 108.9410000 130.3950000 153.4510000 108.1820000 130.4480000 154.0530000
 108.8990000 129.5530000 152.9710000 108.8930000 131.1320000 152.8220000
 113.4640000 131.6250000 152.3520000 113.4220000 131.3140000 151.1640000
 114.6050000 131.8240000 153.0060000 114.5520000 132.0260000 153.8400000
 115.9300000 131.4480000 152.4970000 115.8760000 131.1590000 151.5730000
 116.8610000 132.6620000 152.5930000 117.5250000 132.5040000 153.2820000
 116.3560000 133.4520000 152.8430000 117.5360000 132.9010000 151.3770000
 117.0780000 133.3370000 150.8240000 116.4470000 130.2880000 153.3530000
 116.3320000 130.3680000 154.5730000 116.9280000 129.1950000 152.7590000
 117.0140000 129.1750000 151.9040000 117.2990000 127.9760000 153.4950000
 117.4110000 128.1980000 154.4330000 116.1680000 126.9360000 153.4070000
 115.3560000 127.3470000 153.7420000 116.3790000 126.1920000 153.9920000
 115.8650000 126.3970000 152.0240000 116.6220000 125.3420000 151.4810000
 117.3260000 124.9740000 151.9640000 116.3270000 124.8590000 150.1950000
 116.8530000 124.1880000 149.8240000 115.2840000 125.4290000 149.4450000
 115.1210000 125.1360000 148.5780000 114.5090000 126.4630000 149.9970000
 113.8150000 126.8430000 149.5090000 114.7990000 126.9440000 151.2850000
 114.2870000 127.6300000 151.6480000 118.6360000 127.3920000 153.0350000
 119.1200000 127.6960000 151.9460000 119.2190000 126.5250000 153.8630000
 118.8530000 126.3830000 154.6280000 120.4940000 125.8350000 153.6130000
 120.5270000 125.5350000 152.6910000 121.6560000 126.8030000 153.8620000
 121.3860000 127.4620000 154.5200000 123.0220000 126.2410000 154.2680000
 123.6540000 126.9710000 154.3600000 122.9620000 125.7860000 155.1230000
 123.3530000 125.6320000 153.5890000 121.8590000 127.4090000 152.6280000
 121.7520000 128.2370000 152.7190000 120.6210000 124.6120000 154.5010000
 120.0810000 124.6080000 155.6030000 121.4050000 123.6380000 154.0440000
 121.8660000 123.7920000 153.3350000 121.8350000 122.4830000 154.8250000
 121.6520000 122.6350000 155.7650000 121.0620000 121.2560000 154.3400000
 121.1310000 120.5600000 155.0120000 120.1270000 121.4750000 154.2000000
 121.4610000 120.9320000 153.5170000 123.3480000 122.2910000 154.6700000
 123.8940000 122.7130000 153.6450000 123.9970000 121.5570000 155.5750000
 123.5540000 121.1630000 156.1980000 125.4460000 121.3220000 155.4860000
 125.9060000 122.1750000 155.5090000 125.9210000 120.4850000 156.6870000
 125.4040000 119.6640000 156.7060000 125.7380000 120.9630000 157.5110000
 127.4130000 120.0990000 156.6270000 127.5500000 119.3160000 157.1830000
 127.6620000 119.8080000 155.7360000 128.3690000 121.2080000 157.1020000
 128.1230000 122.3970000 156.7360000 129.3240000 120.8650000 157.8110000
 125.8290000 120.6330000 154.1650000 126.6270000 121.1500000 153.3790000
 125.1270000 119.5380000 153.8200000 124.5300000 119.2480000 154.3670000
 125.4520000 118.7910000 152.5880000 126.4190000 118.7970000 152.5060000
 125.0430000 117.3270000 152.7320000 125.4060000 116.9740000 153.5600000
 125.4500000 116.8370000 152.0010000 123.5230000 117.1160000 152.7280000
 123.1730000 117.2590000 153.6210000 123.0710000 117.7150000 152.1140000
 123.2400000 115.6760000 152.3390000 123.9180000 115.1100000 152.7410000
 122.3670000 115.4140000 152.6710000 123.3430000 115.4610000 150.8970000
 124.1340000 115.3910000 150.5660000 122.3500000 115.4990000 150.0480000
 122.5880000 115.2320000 148.8030000 122.1300000 115.6430000 148.2020000
 123.4060000 115.0910000 148.5760000 121.1200000 115.7260000 150.4190000
 120.9620000 115.8140000 151.2600000 120.5050000 115.7730000 149.8200000
 124.9550000 119.4300000 151.2850000 124.9390000 118.7750000 150.2430000
 124.4470000 120.6620000 151.3450000 124.5060000 121.0830000 152.0920000
 123.8850000 121.3630000 150.1820000 123.3010000 120.7520000 149.7060000
 123.0170000 122.5220000 150.6860000 122.3570000 122.1740000 151.3060000
 123.5770000 123.1600000 151.1550000 122.3580000 123.2000000 149.6360000
 122.4630000 124.0300000 149.7100000 124.9550000 121.8340000 149.1850000
 124.7310000 121.6980000 147.9840000 126.1680000 122.1850000 149.6430000
 126.2890000 122.2320000 150.4930000 127.2660000 122.5860000 148.7390000
 126.8940000 123.2520000 148.1400000 128.4300000 123.2600000 149.5170000
 128.0300000 123.8530000 150.1720000 129.3430000 122.2670000 150.2680000
 129.9380000 122.7490000 150.8640000 129.8830000 121.7630000 149.6390000
 128.8100000 121.6560000 150.8010000 129.3020000 124.1210000 148.5710000
 129.8910000 123.5530000 148.0510000 128.7260000 124.5880000 147.9460000
 130.1430000 125.1810000 149.3000000 130.5410000 125.7780000 148.6480000
 129.5820000 125.7010000 149.8960000 130.8510000 124.7560000 149.8080000
 127.7360000 121.4340000 147.8370000 127.8160000 121.6000000 146.6260000
 127.9350000 120.2360000 148.3910000 127.8280000 120.1500000 149.2400000
 128.3240000 119.0600000 147.6060000 129.1060000 119.2800000 147.0760000
 128.7120000 117.9140000 148.5620000 127.9190000 117.6510000 149.0540000
 129.3730000 118.2360000 149.1950000 129.3050000 116.6810000 147.8460000
 128.7830000 116.4860000 147.0520000 130.2020000 116.9020000 147.5500000
 129.3490000 115.4010000 148.7210000 129.0300000 115.4970000 149.9390000
 129.8890000 114.3970000 148.2070000 127.2200000 118.6300000 146.6250000
 127.5230000 118.3880000 145.4570000 125.9430000 118.7030000 147.0400000
 125.7860000 118.9520000 147.8480000 124.7980000 118.4150000 146.1610000
 124.9460000 117.5320000 145.7870000 123.4650000 118.3750000 146.9440000
 123.2140000 119.2830000 147.1760000 123.6190000 117.8990000 147.7750000
 122.2880000 117.6950000 146.1960000 121.5160000 118.4430000 145.5530000
 121.8650000 116.6130000 146.6800000 124.7390000 119.3860000 144.9750000
 124.8200000 118.8980000 143.8600000 124.8770000 120.7070000 145.1680000
 124.9350000 121.0030000 145.9730000 124.9070000 121.6790000 144.0530000
 124.1100000 121.5610000 143.5130000 124.9300000 123.1280000 144.5820000
 125.2520000 123.7020000 143.8700000 125.5740000 123.1890000 145.3040000
 123.5850000 123.7130000 145.0650000 123.3650000 123.3200000 145.9240000
 123.7100000 124.6640000 145.2080000 122.4000000 123.5230000 144.0960000
 122.6110000 123.6670000 142.8780000 121.2380000 123.7060000 144.5260000
 126.0870000 121.4720000 143.0850000 125.8900000 121.5060000 141.8690000
 127.2840000 121.1340000 143.5780000 127.3750000 121.0680000 144.4310000
 128.4440000 120.8990000 142.7090000 128.4770000 121.5940000 142.0330000
 129.7500000 120.9580000 143.5260000 130.4290000 120.5030000 143.0040000
 129.6360000 120.4650000 144.3540000 130.2990000 122.3760000 143.8110000
 130.4520000 122.8220000 142.9640000 129.4550000 123.3060000 144.6880000
 129.7560000 124.2210000 144.5750000 129.5410000 123.0560000 145.6210000
 128.5200000 123.2740000 144.4300000 131.6450000 122.2260000 144.5320000
 131.9840000 123.0990000 144.7840000 131.5240000 121.6880000 145.3300000
 132.2810000 121.7900000 143.9430000 128.3190000 119.5690000 141.9460000
 128.7090000 119.4930000 140.7850000 127.7540000 118.5220000 142.5570000
 127.4820000 118.6250000 143.3660000 127.4490000 117.2530000 141.8790000
 128.1920000 117.0020000 141.3080000 127.3100000 116.1550000 142.9540000
 127.0510000 115.3290000 142.5180000 126.6080000 116.4060000 143.5750000
 128.5620000 115.8480000 143.7740000 129.6120000 116.4230000 143.5550000
 128.5590000 114.8590000 144.6420000 127.8310000 114.4130000 144.7480000
 129.3400000 114.5570000 144.8390000 126.2260000 117.3670000 140.9430000
 126.2130000 116.7570000 139.8780000 125.2800000 118.2630000 141.2490000
 125.3450000 118.6590000 142.0100000 124.1380000 118.6180000 140.3930000
 123.6800000 117.8030000 140.1320000 123.1880000 119.5350000 141.1850000
 123.1710000 119.2820000 142.1210000 123.5060000 120.4500000 141.1320000
 121.7380000 119.4470000 140.7150000 121.6920000 119.4030000 139.7470000
 121.3430000 118.6430000 141.0880000 120.9730000 120.6750000 141.2180000
 121.2160000 120.8590000 142.1390000 120.0230000 120.4820000 141.1820000
 121.2640000 121.8410000 140.3630000 121.7800000 121.7250000 139.6850000
 120.7690000 123.0560000 140.4720000 120.8800000 123.8480000 139.4460000
 121.4990000 123.6830000 138.8730000 120.4930000 124.6150000 139.4020000
 120.1250000 123.4510000 141.5390000 120.4750000 123.1280000 142.2550000
 119.9950000 124.3000000 141.5750000 124.6030000 119.3130000 139.1150000
 124.0540000 119.0630000 138.0390000 125.6050000 120.1840000 139.2470000
 125.8380000 120.4100000 140.0440000 126.1630000 120.9310000 138.1240000
 125.4440000 121.0360000 137.4820000 126.6730000 122.3070000 138.5930000
 127.2940000 122.6620000 137.9380000 127.1510000 122.2250000 139.4330000
 125.5200000 123.3030000 138.7490000 125.0610000 123.0820000 139.5740000
 125.8960000 124.1940000 138.8230000 124.5070000 123.2630000 137.5900000
 125.0190000 123.0880000 136.4370000 123.2890000 123.2370000 137.8150000
 127.2230000 120.2130000 137.3000000 127.1370000 120.2740000 136.0760000
 128.0570000 119.3820000 137.9330000 128.0520000 119.3680000 138.7930000
 129.0620000 118.5510000 137.2420000 129.6880000 119.1250000 136.7740000
 129.8100000 117.7110000 138.2800000 130.0620000 116.8650000 137.8780000
 129.2180000 117.5190000 139.0240000 130.9840000 118.3550000 138.7520000
 131.3260000 117.8300000 139.3120000 128.4770000 117.5690000 136.2150000
 129.2080000 117.0620000 135.3670000 127.2020000 117.1980000 136.3670000
 126.7800000 117.4940000 137.0550000 126.5260000 116.2420000 135.4830000
 127.1960000 115.7590000 134.9740000 125.7450000 115.2030000 136.3090000
 125.2870000 114.6190000 135.6840000 125.0680000 115.6690000 136.8240000
 126.5520000 114.2990000 137.2620000 127.8080000 114.3140000 137.1960000
 125.9110000 113.3550000 137.7710000 125.5930000 116.9270000 134.4590000
 125.1680000 116.3030000 133.4820000 125.2600000 118.2140000 134.6450000
 125.6680000 118.6460000 135.2660000 124.3750000 118.9640000 133.7310000
 123.7490000 118.3370000 133.3360000 123.5440000 120.0020000 134.4900000
 124.1210000 120.6210000 134.9640000 123.0060000 120.4980000 133.8530000
 122.6700000 119.3530000 135.3960000 123.0760000 119.2800000 136.1280000
 125.1140000 119.6040000 132.5470000 124.4830000 120.2040000 131.6650000
 126.4240000 119.3820000 132.4590000 126.8240000 119.0650000 133.1510000
 127.3090000 119.9680000 131.4590000 126.7760000 120.2950000 130.7170000
 128.0120000 121.1890000 132.0650000 127.3700000 121.7160000 132.5660000
 128.3480000 121.7420000 131.3420000 129.1810000 120.8010000 132.9730000
 129.0540000 119.7080000 133.6280000 130.1560000 121.5210000 132.8380000
 128.3360000 118.9820000 130.8580000 128.8520000 119.3280000 129.8010000
 128.2230000 117.6760000 131.1510000 127.9510000 117.4680000 131.9400000
 128.7350000 116.6160000 130.2470000 129.6820000 116.7770000 130.1150000
 128.5820000 115.1960000 130.8350000 129.0070000 114.5810000 130.2170000
 129.2940000 115.0260000 132.1840000 128.8650000 114.3490000 132.7300000
 130.2150000 114.7650000 132.0260000 129.3100000 115.8560000 132.6860000
 127.1170000 114.7380000 130.9370000 126.7150000 114.6790000 130.0560000
 126.6150000 115.3590000 131.4880000 127.0780000 113.8580000 131.3440000
 128.0420000 116.6760000 128.8740000 128.5950000 116.3030000 127.8360000
 126.8310000 117.2480000 128.8330000 126.4980000 117.4960000 129.5860000
 126.2010000 117.6710000 127.5880000 126.1630000 116.8940000 127.0080000
 124.7340000 118.0440000 127.8560000 124.2320000 117.2250000 127.9910000
 124.6730000 118.5530000 128.6790000 124.0790000 118.8310000 126.7380000
 123.6600000 118.1940000 125.5530000 123.7710000 117.2760000 125.4540000
 123.0870000 118.9510000 124.5130000 122.8100000 118.5310000 123.7310000
 122.9490000 120.3440000 124.6500000 122.5860000 120.8490000 123.9580000
 123.3670000 120.9780000 125.8330000 123.2830000 121.8990000 125.9290000
 123.9240000 120.2210000 126.8770000 124.2020000 120.6380000 127.6610000
 127.0250000 118.7530000 126.8380000 127.2760000 118.5950000 125.6470000
 127.6280000 119.7350000 127.5190000 127.6290000 119.6770000 128.3770000
 128.5890000 120.6910000 126.9250000 128.1230000 121.0910000 126.1740000
 128.9600000 121.8570000 127.8810000 128.2240000 122.0020000 128.4970000
 130.2700000 121.7980000 128.6950000 130.9690000 122.3330000 128.2870000
 130.1030000 122.1380000 129.5880000 130.5970000 120.8920000 128.8120000
 129.0850000 123.0050000 127.0660000 129.2850000 123.6550000 127.5590000
 129.8470000 120.0450000 126.3310000 130.1840000 120.3670000 125.1820000
 130.4650000 119.0410000 126.9770000 130.2540000 118.8710000 127.7930000
 131.6860000 118.4270000 126.4170000 132.2410000 119.1640000 126.1160000
 132.5310000 117.6730000 127.4580000 132.6010000 118.2610000 128.2260000
 131.9900000 116.3030000 127.8840000 132.5380000 115.9570000 128.6060000
 131.0940000 116.4090000 128.2390000 131.9870000 115.6730000 127.1460000
 133.9660000 117.4580000 126.9660000 134.0700000 116.6000000 126.5260000
 134.2440000 118.1710000 126.3700000 134.5250000 117.4880000 127.7580000
 131.4030000 117.5650000 125.2000000 132.1270000 117.6650000 124.2080000
 130.2330000 116.9220000 125.1420000 129.7470000 116.9000000 125.8510000
 129.8430000 116.1380000 123.9600000 130.6250000 115.6310000 123.6900000
 128.7480000 115.0910000 124.2680000 128.6710000 114.5250000 123.4840000
 129.0890000 114.1740000 125.4640000 129.3620000 113.2980000 125.1480000
 129.8020000 114.5430000 126.0090000 128.3230000 114.0670000 126.0500000
 127.3620000 115.6880000 124.5070000 126.6910000 114.9880000 124.4860000
 127.3730000 116.0940000 125.3880000 127.1370000 116.3630000 123.8470000
 129.4800000 117.0400000 122.7670000 129.8440000 116.7040000 121.6380000
 128.9200000 118.2430000 122.9890000 128.7070000 118.4500000 123.7960000
 128.6930000 119.2290000 121.9090000 128.3770000 118.7430000 121.1310000
 127.5960000 120.2690000 122.2680000 127.9300000 120.8190000 122.9940000
 127.3060000 121.1990000 121.0710000 128.1090000 121.6670000 120.7920000
 126.9600000 120.6870000 120.3240000 126.6510000 121.8660000 121.3300000
 126.2300000 119.6880000 122.7120000 125.5700000 120.3990000 122.7280000
 126.2930000 119.3850000 123.6310000 125.6690000 118.5260000 121.8810000
 124.7800000 118.3100000 122.2020000 126.2300000 117.7420000 121.9830000
 125.6160000 118.7710000 120.9440000 130.0060000 119.9160000 121.4850000
 130.2590000 120.0550000 120.2850000 130.9190000 120.1770000 122.4260000
 130.6950000 120.0620000 123.2480000 132.2910000 120.6350000 122.1480000
 132.2700000 121.4580000 121.6350000 133.0230000 120.9270000 123.4500000
 133.9700000 121.0420000 123.2740000 132.9130000 120.1850000 124.0650000
 132.5180000 122.1170000 124.0120000 131.8210000 121.9330000 124.4430000
 133.1020000 119.6130000 121.3620000 133.8150000 119.9630000 120.4240000
 132.9030000 118.3260000 121.6190000 132.4450000 118.1010000 122.3110000
 133.4870000 117.2840000 120.7930000 134.4170000 117.4970000 120.6210000
 133.4470000 115.9480000 121.5290000 133.4960000 115.2460000 120.8620000
 132.6040000 115.8480000 121.9980000 134.5930000 115.7240000 122.4980000
 135.3410000 116.7810000 123.0710000 135.0920000 117.6690000 122.9490000
 136.5040000 116.5050000 123.8150000 137.0270000 117.1940000 124.1570000
 136.8880000 115.1690000 124.0330000 138.0770000 114.8600000 124.6080000
 138.5640000 115.5360000 124.7160000 136.0500000 114.1300000 123.6000000
 136.2290000 113.2590000 123.8730000 134.9380000 114.3960000 122.7920000
 134.4270000 113.6940000 122.4580000 132.8090000 117.2200000 119.4300000
 133.5240000 117.2400000 118.4390000 131.4830000 117.3550000 119.3330000
 131.0180000 117.3630000 120.0560000 130.7770000 117.3380000 118.0510000
 130.9990000 116.5070000 117.6020000 129.2680000 117.3300000 118.3210000
 128.7870000 117.2450000 117.4830000 129.0400000 116.5800000 118.8920000
 129.0020000 118.1540000 118.7570000 131.1840000 118.4860000 117.1000000
 131.4250000 118.2250000 115.9180000 131.3710000 119.7190000 117.5950000
 131.1940000 119.8560000 118.4250000 131.8440000 120.8430000 116.7640000
 131.3160000 120.8420000 115.9500000 131.6160000 122.2140000 117.4490000
 130.6670000 122.2890000 117.6350000 132.3550000 122.3480000 118.7920000
 133.0240000 121.6570000 118.9150000 131.7210000 122.2460000 119.5190000
 132.8310000 123.1900000 118.8720000 131.9820000 123.3590000 116.4710000
 131.4990000 123.2120000 115.6430000 132.9320000 123.3390000 116.2740000
 131.6320000 124.7700000 116.9620000 131.6410000 125.3860000 116.2130000
 130.7520000 124.7780000 117.3690000 132.2940000 125.0750000 117.6020000
 133.3050000 120.6690000 116.3290000 133.6120000 120.8390000 115.1480000
 134.1930000 120.2700000 117.2460000 133.9190000 120.1320000 118.0500000
 135.6200000 120.1270000 116.9770000 135.9320000 120.9140000 116.5040000
 136.4030000 120.0290000 118.2980000 137.3260000 119.8130000 118.0950000
 136.0330000 119.3200000 118.8470000 136.3880000 121.3600000 119.0740000
 136.6750000 122.0630000 118.4700000 135.4840000 121.5710000 119.3560000
 137.4820000 121.4340000 120.5210000 136.6790000 120.2900000 121.6840000
 135.9730000 120.7550000 122.1590000 136.3000000 119.5340000 121.2090000
 137.3300000 119.9650000 122.3250000 135.8540000 118.9280000 116.0570000
 136.4260000 119.1030000 114.9890000 135.1420000 117.8220000 116.2840000
 134.6780000 117.7960000 117.0070000 135.0610000 116.6520000 115.4090000
 135.9400000 116.2470000 115.3460000 134.0820000 115.6450000 116.0370000
 133.2390000 116.0920000 116.2110000 134.4420000 115.3370000 116.8830000
 133.7850000 114.4550000 115.1610000 132.7410000 114.5060000 114.2180000
 132.1810000 115.2480000 114.1810000 132.5720000 113.4530000 113.3040000
 131.8970000 113.4950000 112.6660000 133.4390000 112.3480000 113.3440000
 133.3380000 111.6640000 112.7220000 134.4470000 112.2790000 114.3240000
 135.0270000 111.5530000 114.3740000 134.6070000 113.3240000 115.2400000
 135.2690000 113.2720000 115.8910000 134.6170000 116.9870000 113.9830000
 135.2520000 116.5450000 113.0170000 133.5290000 117.7540000 113.8480000
 133.1080000 117.9980000 114.5570000 133.0070000 118.1760000 112.5520000
 132.8880000 117.3830000 112.0060000 131.6380000 118.8550000 112.7560000
 131.7610000 119.6220000 113.3380000 131.0380000 118.2380000 113.2030000
 130.9800000 119.3310000 111.4470000 131.6090000 119.8650000 110.9370000
 130.5140000 118.1550000 110.5850000 131.2710000 117.5980000 110.3450000
 130.1080000 118.4880000 109.7700000 129.8660000 117.6240000 111.0740000
 129.7660000 120.2100000 111.7470000 130.0430000 120.9750000 112.2750000
 129.3790000 120.5290000 110.9170000 129.1020000 119.7060000 112.2440000
 134.0080000 119.0880000 111.8340000 134.3370000 118.8310000 110.6760000
 134.5990000 120.0500000 112.5490000 134.3650000 120.1560000 113.3700000
 135.6510000 120.9130000 112.0150000 135.3030000 121.3670000 111.2320000
 136.0390000 121.9860000 113.0450000 135.2730000 122.5570000 113.2130000
 136.2740000 121.5630000 113.8860000 137.2080000 122.8360000 112.5800000
 138.5240000 122.4860000 112.9420000 138.6790000 121.7750000 113.5210000
 139.6160000 123.1940000 112.4040000 140.4850000 122.9360000 112.6130000
 139.3990000 124.2860000 111.5420000 140.4490000 124.9880000 111.0360000
 141.1760000 124.7850000 111.4050000 138.0800000 124.6450000 111.1910000
 137.9440000 125.3600000 110.6120000 136.9880000 123.9120000 111.6980000
 136.1200000 124.1320000 111.4470000 136.8790000 120.1130000 111.5570000
 137.2680000 120.2250000 110.4000000 137.3790000 119.1870000 112.3790000
 137.0280000 119.1300000 113.1620000 138.5710000 118.3690000 112.1090000
 139.3160000 118.9630000 111.9250000 138.9200000 117.5240000 113.3550000
 138.1040000 117.0810000 113.6370000 139.9640000 116.4260000 113.0660000
 139.5940000 115.7470000 112.4810000 140.7490000 116.8080000 112.6440000
 140.2340000 115.9910000 113.8900000 139.4110000 118.4300000 114.5050000
 138.9610000 119.2890000 114.4760000 140.3610000 118.6050000 114.4210000
 139.1260000 117.8090000 115.8730000 138.2050000 117.5130000 115.9430000
 139.2860000 118.4820000 116.5530000 139.6930000 117.0350000 116.0130000
 138.3630000 117.4780000 110.8840000 139.1560000 117.5100000 109.9430000
 137.2280000 116.7810000 110.8380000 136.6910000 116.8410000 111.5070000
 136.8710000 115.8780000 109.7410000 137.5690000 115.2130000 109.6370000
 135.5660000 115.1600000 110.0860000 134.8690000 115.8110000 110.2610000
 135.3030000 114.6080000 109.3330000 135.7350000 114.3330000 111.2200000
 135.6310000 114.8090000 111.9040000 136.7160000 116.6040000 108.3990000
 137.0800000 116.0540000 107.3590000 136.2390000 117.8540000 108.4160000
 136.0050000 118.1880000 109.1730000 136.1470000 118.7060000 107.2280000
 135.8970000 118.1590000 106.4670000 135.0580000 119.7710000 107.4580000
 135.0860000 120.4080000 106.7270000 135.2690000 120.2520000 108.2730000
 133.6250000 119.2130000 107.5670000 133.5780000 118.5350000 108.2590000
 132.6640000 120.3470000 107.9280000 132.9420000 120.7450000 108.7670000
 132.6680000 121.0250000 107.2350000 131.7670000 119.9950000 108.0380000
 133.1400000 118.5780000 106.2610000 133.6820000 117.8010000 106.0530000
 133.1960000 119.2200000 105.5360000 132.2220000 118.2830000 106.3680000
 137.4840000 119.3630000 106.8530000 137.8150000 119.4230000 105.6720000
 138.2510000 119.8570000 107.8260000 137.9610000 119.8040000 108.6340000
 139.4650000 120.6420000 107.6020000 139.3190000 121.2120000 106.8300000
 139.6600000 121.5630000 108.8160000 140.4490000 122.1150000 108.6980000
 138.8870000 122.1400000 108.9220000 139.7490000 121.0380000 109.6270000
 140.7100000 119.7860000 107.2790000 141.5960000 120.2630000 106.5700000
 140.7240000 118.4980000 107.6540000 140.1180000 118.2310000 108.2020000
 141.6960000 117.5070000 107.1610000 142.5840000 117.8950000 107.1920000
 141.6400000 116.2500000 108.0530000 140.7160000 115.9650000 108.1290000
 142.1270000 115.5370000 107.6110000 142.2250000 116.4130000 109.4660000
 141.7890000 117.1400000 109.9380000 142.0400000 115.1130000 110.2470000
 141.0920000 114.9300000 110.3420000 142.4290000 115.2100000 111.1300000
 142.4720000 114.3750000 109.7890000 143.7220000 116.6760000 109.4110000
 143.9030000 117.5270000 108.9830000 144.0790000 116.7220000 110.3120000
 144.1510000 115.9550000 108.9240000 141.4560000 117.0900000 105.6980000
 142.3700000 116.5860000 105.0420000 140.2090000 117.1620000 105.2220000
 139.6100000 117.5290000 105.7180000 139.8300000 116.7820000 103.8610000
 140.3450000 116.0080000 103.5840000 138.8900000 116.5430000 103.8520000
 140.0350000 117.9180000 102.8540000 139.4710000 119.0020000 102.9960000
 140.6220000 117.6130000 101.6910000 140.9420000 116.8230000 101.5780000
 140.6630000 118.5850000 100.5910000 140.6790000 119.4720000 100.9840000
 141.9680000 118.5030000  99.7920000 141.8450000 118.9490000  98.9390000
 142.2060000 117.5770000  99.6290000 143.0730000 119.2090000 100.5290000
 143.8170000 120.2470000  99.9930000 144.6640000 120.6500000 100.9400000
 145.2590000 121.3570000 100.8360000 144.4260000 119.9730000 102.0810000
 144.8030000 120.1350000 102.8370000 143.4400000 119.0390000 101.8340000
 143.1130000 118.3990000 102.4250000 139.4030000 118.5060000  99.7380000
 139.3120000 117.7050000  98.8100000 138.5720000 119.5390000  99.8710000
 138.6790000 120.0310000 100.5680000 137.4180000 119.8130000  99.0090000
 136.9140000 118.9900000  98.9090000 136.5040000 120.8420000  99.7040000
 137.0130000 121.6460000  99.8920000 135.7890000 121.0810000  99.0930000
 135.8820000 120.3320000 101.0140000 135.9950000 121.0100000 101.6980000
 136.3510000 119.5390000 101.3170000 134.1150000 119.9380000 100.8960000
 133.4090000 121.5970000 100.6910000 132.4420000 121.5320000 100.6600000
 133.6670000 122.1580000 101.4390000 133.7270000 121.9940000  99.8650000
 137.8270000 120.2730000  97.5890000 137.5580000 121.4060000  97.1910000
 138.4940000 119.4120000  96.8020000 138.7220000 118.6600000  97.1510000
 138.8540000 119.7020000  95.3970000 139.2130000 120.6020000  95.3490000
 139.9150000 118.7140000  94.8680000 139.9750000 118.8280000  93.9070000
 139.6330000 117.8030000  95.0460000 141.3170000 118.9420000  95.4580000
 141.3050000 118.7060000  96.3990000 141.5460000 119.8810000  95.3750000
 142.3900000 118.1070000  94.7330000 142.1360000 117.1710000  94.7580000
 142.4460000 118.3990000  93.8100000 143.7510000 118.2900000  95.4280000
 143.6880000 117.8960000  96.3120000 143.9080000 119.2400000  95.5420000
 144.8920000 117.6900000  94.6840000 145.2440000 116.9980000  95.1190000
 144.6190000 117.3570000  93.9050000 145.5230000 118.2970000  94.5220000
 137.6360000 119.7020000  94.4660000 137.5890000 120.4920000  93.5290000
 136.7120000 118.7510000  94.6340000 136.8270000 118.1870000  95.2730000
 135.5240000 118.6010000  93.7800000 135.1370000 119.4780000  93.6310000
 135.9310000 118.0190000  92.4190000 136.4540000 118.6810000  91.9400000
 136.4790000 117.2300000  92.5570000 134.8010000 117.6670000  91.6340000
 135.0940000 117.3600000  90.9090000 134.4680000 117.7080000  94.4310000
 134.7850000 116.6250000  94.9200000 133.1910000 118.0620000  94.2510000
 133.0390000 118.8070000  93.8480000 132.0430000 117.3430000  94.8170000
 132.0970000 117.3790000  95.7850000 130.7720000 118.0900000  94.3750000
 130.5960000 117.9220000  93.4360000 130.8840000 119.0430000  94.5140000
 129.3570000 117.5210000  95.3560000 128.5160000 118.2160000  94.8560000
 131.9890000 115.8520000  94.4150000 131.7040000 114.9940000  95.2430000
 132.4370000 115.5100000  93.1950000 132.7540000 116.1370000  92.6990000
 132.4870000 114.1140000  92.7150000 131.6530000 113.6750000  92.9420000
 132.6910000 114.0790000  91.1940000 133.2900000 114.7910000  90.9190000
 133.0970000 113.2320000  90.9510000 131.3530000 114.1890000  90.4570000
 130.9370000 115.0440000  90.6500000 130.7700000 113.4750000  90.7600000
 131.5760000 114.0440000  88.9480000 132.0540000 114.8220000  88.6220000
 132.1320000 113.2640000  88.7970000 130.2900000 113.9130000  88.2350000
 129.6790000 114.4800000  88.4460000 129.9640000 112.9950000  87.3400000
 130.8020000 112.0850000  86.9250000 130.5750000 111.5030000  86.3340000
 131.6100000 112.0940000  87.2180000 128.7610000 112.9750000  86.8390000
 128.5470000 112.3740000  86.2630000 128.1770000 113.5540000  87.0910000
 133.5560000 113.2530000  93.3850000 133.3520000 112.0510000  93.5090000
 134.7020000 113.8380000  93.7480000 134.7520000 114.6950000  93.6930000
 135.7950000 113.1240000  94.4320000 135.7060000 112.1770000  94.2410000
 137.1680000 113.5910000  93.9020000 137.0560000 114.2270000  93.1780000
 137.6600000 114.0310000  94.6130000 137.9880000 112.3920000  93.3930000
 138.1020000 111.7590000  94.1190000 137.5080000 111.9590000  92.6700000
 139.3690000 112.8130000  92.8840000 139.7780000 113.3930000  93.5450000
 139.2600000 113.3070000  92.0570000 140.2470000 111.6440000  92.6640000
 139.9430000 110.8770000  92.9080000 141.5190000 111.6810000  92.3170000
 142.1020000 112.8060000  92.0060000 141.6330000 113.5220000  92.0890000
 142.9090000 112.8130000  91.7090000 142.2360000 110.5930000  92.2450000
 141.9100000 109.8280000  92.4620000 143.0650000 110.6360000  92.0210000
 135.7000000 113.2060000  95.9560000 136.4560000 112.5190000  96.6310000
 134.6870000 113.8990000  96.4880000 134.1870000 114.3420000  95.9470000
 134.5670000 114.2250000  97.9090000 135.3240000 114.7840000  98.1420000
 133.2900000 115.0650000  98.1100000 133.2980000 115.7620000  97.4350000
 132.5030000 114.5200000  97.9520000 133.1930000 115.7390000  99.4960000
 134.0800000 115.8400000  99.8740000 132.5760000 117.1320000  99.3520000
 133.1510000 117.6910000  98.8060000 132.5000000 117.5420000 100.2280000
 131.6940000 117.0750000  98.9520000 132.3170000 114.9470000 100.4680000
 132.6820000 114.0590000 100.6060000 131.4100000 114.8810000 100.1300000
 132.2980000 115.4020000 101.3250000 134.6360000 112.9940000  98.8270000
 135.4710000 112.9800000  99.7110000 133.9790000 111.8770000  98.4980000
 133.4470000 111.9080000  97.8230000 134.0420000 110.6370000  99.3000000
 134.0140000 110.8820000 100.2380000 132.8100000 109.7760000  98.9820000
 132.8840000 108.9450000  99.4770000 132.8350000 109.5670000  98.0350000
 131.4410000 110.3880000  99.3160000 131.3360000 111.2370000  98.8580000
 130.3610000 109.4260000  98.8180000 130.4540000 109.2950000  97.8610000
 129.4830000 109.7960000  99.0000000 130.4450000 108.5710000  99.2680000
 131.2500000 110.5960000 100.8180000 131.8840000 111.2500000 101.1510000
 130.3560000 110.9290000 100.9920000 131.3750000 109.7600000 101.2930000
 135.3290000 109.7860000  99.1370000 135.4360000 108.7260000  99.7590000
 136.2180000 110.1430000  98.2020000 136.0890000 110.8940000  97.8030000
 137.5350000 109.5000000  98.0020000 137.5520000 108.6430000  98.4570000
 137.8180000 109.2450000  96.5030000 137.8260000 110.0960000  96.0370000
 139.1680000 108.5530000  96.2690000 139.8900000 109.1190000  96.5830000
 139.1970000 107.7090000  96.7460000 139.3030000 108.3980000  95.3210000
 136.7510000 108.3570000  95.8460000 135.8790000 108.7760000  95.9150000
 136.7340000 107.4880000  96.2780000 136.9560000 108.2410000  94.9050000
 138.6530000 110.3520000  98.6170000 139.4750000 109.8200000  99.3610000
 138.6120000 111.6690000  98.3810000 138.0200000 111.9580000  97.8280000
 139.5720000 112.6600000  98.8940000 140.4550000 112.2590000  98.8950000
 139.6060000 113.9040000  97.9720000 138.7180000 114.2950000  97.9680000
 140.2040000 114.5540000  98.3730000 140.0480000 113.7090000  96.5030000
 140.3160000 112.5650000  96.0650000 140.0830000 114.7330000  95.7750000
 139.2720000 113.0970000 100.3490000 140.1420000 113.6610000 101.0190000
 138.0530000 112.8460000 100.8460000 137.4650000 112.5120000 100.3150000
 137.6730000 112.9950000 102.2570000 137.8000000 113.9210000 102.5150000
 136.1920000 112.6480000 102.4750000 135.6440000 113.3510000 102.0930000
 135.9880000 111.8050000 102.0410000 135.8600000 112.5440000 103.8410000
 135.0450000 112.3550000 103.9140000 138.5440000 112.1140000 103.1440000
 138.6940000 110.9170000 102.8960000 139.0080000 112.7090000 104.2440000
 138.7970000 113.5340000 104.3610000 139.7970000 112.0660000 105.2980000
 140.0060000 111.1590000 105.0260000 141.1260000 112.8290000 105.4730000
 140.9460000 113.7610000 105.6720000 141.6150000 112.4500000 106.2200000
 142.0090000 112.7280000 104.2200000 142.0720000 111.7990000 103.9490000
 141.6110000 113.2400000 103.4990000 143.4200000 113.2540000 104.4980000
 143.8220000 112.7190000 105.2000000 143.3730000 114.1780000 104.7890000
 144.2730000 113.1510000 103.2320000 144.2400000 112.2340000 102.9160000
 143.8880000 113.7280000 102.5540000 145.6750000 113.5470000 103.4930000
 146.1680000 113.4300000 102.7610000 146.0040000 113.0520000 104.1560000
 145.7170000 114.4080000 103.7140000 138.9900000 111.9220000 106.5930000
 139.5520000 112.0250000 107.6780000 137.6690000 111.7390000 106.4980000
 137.3450000 111.5700000 105.7200000 136.7840000 111.5900000 107.6690000
 136.9250000 112.3420000 108.2650000 135.2940000 111.5840000 107.2610000
 135.1710000 110.9340000 106.5520000 134.3470000 111.2020000 108.4070000
 134.5150000 110.2900000 108.6900000 134.4770000 111.7990000 109.1610000
 133.4260000 111.2580000 108.1080000 134.8250000 112.9500000 106.7380000
 134.5100000 113.5110000 107.4640000 135.5470000 113.4160000 106.2890000
 134.0950000 112.8190000 106.1130000 137.1380000 110.3270000 108.4550000
 137.2630000 110.4100000 109.6700000 137.4690000 109.2070000 107.8000000
 137.3710000 109.1850000 106.9460000 137.9010000 107.9930000 108.5180000
 137.2410000 107.8040000 109.2040000 137.9490000 106.7730000 107.5920000
 138.0300000 105.9770000 108.1410000 137.1220000 106.7160000 107.0880000
 139.0440000 106.8130000 106.6980000 138.7890000 107.1940000 105.9940000
 139.2420000 108.1750000 109.2420000 139.3520000 107.8080000 110.4100000
 140.1830000 108.9130000 108.6410000 140.0430000 109.1420000 107.8240000
 141.4430000 109.3090000 109.2730000 141.8400000 108.5200000 109.6740000
 142.3920000 109.8380000 108.1840000 141.9910000 110.6390000 107.8120000
 142.4680000 109.1840000 107.4720000 143.8030000 110.1930000 108.6950000
 143.7360000 110.7450000 109.4900000 144.6320000 108.9470000 109.0180000
 144.2100000 108.4490000 109.7360000 144.7100000 108.3840000 108.2320000
 145.5160000 109.2130000 109.3160000 144.5420000 111.0170000 107.6470000
 144.0400000 111.8290000 107.4740000 145.4130000 111.2630000 107.9970000
 144.6380000 110.5060000 106.8280000 141.2410000 110.3400000 110.3990000
 141.9190000 110.2490000 111.4130000 140.2820000 111.2610000 110.2690000
 139.8740000 111.3080000 109.5130000 139.9250000 112.2500000 111.2920000
 140.7280000 112.6940000 111.6080000 139.3420000 112.9160000 110.8940000
 139.2020000 111.6430000 112.4970000 139.6690000 111.8150000 113.6180000
 138.2820000 110.6980000 112.2630000 138.0250000 110.5820000 111.4510000
 137.7210000 109.8210000 113.3040000 137.3080000 110.3720000 113.9870000
 136.6540000 108.8520000 112.7280000 137.0580000 108.3610000 111.9950000
 136.1880000 107.8380000 113.7950000 136.9290000 107.2980000 114.1110000
 135.7990000 108.3070000 114.5500000 135.5280000 107.2300000 113.4270000
 135.4030000 109.5870000 112.2000000 134.8370000 109.8170000 112.9530000
 135.6590000 110.4090000 111.7530000 134.5520000 108.7610000 111.2300000
 133.8200000 109.3100000 110.9080000 134.1750000 107.9890000 111.6800000
 135.0900000 108.4690000 110.4770000 138.8450000 109.0290000 113.9760000
 138.9050000 108.9770000 115.2020000 139.7800000 108.4770000 113.1990000
 139.6900000 108.5160000 112.3450000 140.8850000 107.6980000 113.7420000
 140.5080000 107.1030000 114.4090000 141.4420000 106.7880000 112.6540000
 142.0190000 106.1420000 113.0910000 140.7200000 106.3020000 112.2270000
 141.9350000 107.3020000 111.9960000 141.9670000 108.5400000 114.4550000
 142.6110000 108.0400000 115.3740000 142.0630000 109.8310000 114.1220000
 141.6270000 110.0830000 113.4250000 142.8530000 110.8650000 114.7970000
 143.0330000 111.5770000 114.1630000 143.7060000 110.4950000 115.0750000
 142.1650000 111.4930000 116.0210000 142.8550000 112.0490000 116.8660000
 140.8590000 111.2500000 116.2160000 140.4120000 110.9360000 115.5520000
 140.1180000 111.6620000 117.4250000 140.6450000 112.3140000 117.9120000
 138.7920000 112.3560000 117.0470000 138.3080000 111.7730000 116.4410000
 137.9010000 112.6180000 118.2810000 137.6580000 111.7870000 118.7190000
 138.3700000 113.1800000 118.9170000 137.0760000 113.0570000 118.0230000
 139.1050000 113.6910000 116.3320000 139.8030000 113.5640000 115.6710000
 139.4270000 114.3410000 116.9760000 137.8960000 114.2620000 115.5960000
 138.1760000 115.0150000 115.0520000 137.2410000 114.5700000 116.2420000
 137.5120000 113.5860000 115.0160000 139.9030000 110.4940000 118.3920000
 140.1670000 110.6590000 119.5780000 139.5940000 109.2760000 117.9200000
 139.4300000 109.1840000 117.0810000 139.5080000 108.0990000 118.8050000
 138.8610000 108.3000000 119.4990000 139.0070000 106.8470000 118.0510000
 138.1880000 107.0950000 117.5940000 138.7810000 106.1610000 118.6990000
 139.9920000 106.2470000 117.0270000 140.3980000 106.9960000 116.5630000
 141.1310000 105.3830000 117.5950000 141.0770000 104.4660000 117.2820000
 141.1140000 105.3680000 118.5650000 141.9780000 105.7540000 117.3020000
 139.2290000 105.3930000 116.0090000 138.7680000 104.6710000 116.4650000
 138.5830000 105.9460000 115.5430000 139.8490000 105.0240000 115.3610000
 140.8380000 107.8320000 119.5130000 140.8290000 107.3490000 120.6440000
 141.9640000 108.1830000 118.8770000 141.9110000 108.4910000 118.0760000
 143.2750000 108.1030000 119.5130000 143.3080000 107.2190000 119.9120000
 144.4280000 108.2120000 118.4850000 144.3470000 107.4780000 117.8560000
 144.4110000 109.5100000 117.6780000 145.1300000 109.5120000 117.0270000
 143.5650000 109.5560000 117.2060000 144.5020000 110.2850000 118.2540000
 145.8010000 108.1110000 119.1610000 146.5040000 108.2300000 118.5030000
 145.9080000 108.8140000 119.8200000 145.9750000 106.7440000 119.8210000
 145.1600000 106.2200000 119.8610000 146.2720000 106.8860000 120.7340000
 146.6060000 106.2290000 119.2940000 143.4250000 109.0890000 120.6730000
 143.8400000 108.6680000 121.7470000 142.8650000 110.2920000 120.5540000
 142.4880000 110.5040000 119.8110000 142.8330000 111.2750000 121.6440000
 143.7320000 111.3780000 121.9940000 142.3630000 112.6440000 121.1230000
 141.5100000 112.5370000 120.6730000 142.1480000 113.6400000 122.2570000
 141.7740000 114.4470000 121.8690000 142.9920000 113.8320000 122.6960000
 141.5050000 113.3140000 122.9060000 143.3450000 113.2590000 120.1160000
 142.9920000 114.0950000 119.7730000 143.4940000 112.6560000 119.3710000
 144.1950000 113.4320000 120.5510000 141.9880000 110.7950000 122.8220000
 142.4530000 110.7830000 123.9630000 140.8080000 110.2350000 122.5410000
 140.5370000 110.2600000 121.7250000 139.9410000 109.6620000 123.5820000
 139.7690000 110.3390000 124.2550000 138.6130000 109.1740000 122.9860000
 138.7710000 108.3660000 122.4730000 138.0360000 108.9430000 123.7300000
 137.8820000 110.1680000 122.0800000 138.3420000 110.2410000 121.2290000
 136.4660000 109.6650000 121.8110000 135.9990000 110.2960000 121.2410000
 136.5100000 108.8040000 121.3660000 135.9830000 109.5720000 122.6470000
 137.8080000 111.5430000 122.7190000 138.6900000 111.9390000 122.7950000
 137.2660000 112.1230000 122.1620000 137.4300000 111.4390000 123.6060000
 140.5980000 108.4770000 124.2840000 140.4900000 108.3190000 125.4980000
 141.2920000 107.6550000 123.4980000 141.3400000 107.8490000 122.6620000
 142.0980000 106.5530000 123.9970000 141.5320000 105.9490000 124.5030000
 142.7150000 105.7920000 122.8250000 143.5840000 105.4420000 123.0760000
 142.8310000 106.3830000 122.0640000 141.8440000 104.7380000 122.4640000
 142.0440000 104.5180000 121.6780000 143.1760000 107.0470000 124.9470000
 143.2440000 106.5340000 126.0510000 143.8770000 108.1310000 124.6290000
 143.7880000 108.4610000 123.8400000 144.9700000 108.6820000 125.4420000
 145.5790000 107.9650000 125.6790000 145.7450000 109.6690000 124.5790000
 146.5350000 109.9690000 125.0560000 145.1900000 110.4340000 124.3600000
 146.1100000 108.9880000 123.3930000 145.4450000 109.0390000 122.8830000
 144.5060000 109.3430000 126.7450000 145.0680000 109.0530000 127.8030000
 143.3300000 109.9800000 126.7190000 142.9910000 110.1510000 125.9470000
 142.5800000 110.3950000 127.9200000 143.1390000 110.9800000 128.4550000
 141.3110000 111.1730000 127.5240000 140.8330000 110.6990000 126.8260000
 140.3450000 111.4300000 128.6880000 139.7170000 112.1340000 128.4620000
 139.8310000 110.6260000 128.8590000 140.8330000 111.6910000 129.4850000
 141.7300000 112.5240000 126.9860000 142.3220000 112.4270000 126.2230000
 142.1880000 113.0110000 127.6890000 140.9390000 113.0100000 126.7030000
 142.2160000 109.2100000 128.8060000 142.6790000 109.1290000 129.9420000
 141.4980000 108.2260000 128.2630000 141.2410000 108.3060000 127.4460000
 141.0630000 107.0500000 129.0160000 140.5660000 107.3460000 129.7950000
 140.1270000 106.2460000 128.1090000 139.7830000 105.4800000 128.5940000
 139.3840000 106.8050000 127.8310000 140.6080000 105.9440000 127.3230000
 142.2420000 106.1930000 129.5140000 142.2040000 105.6340000 130.6110000
 143.3360000 106.1870000 128.7550000 143.2840000 106.5790000 127.9910000
 144.5990000 105.5600000 129.0980000 144.4360000 104.6260000 129.3040000
 145.5200000 105.6480000 127.8740000 145.0310000 105.4110000 127.0710000
 145.8740000 106.5460000 127.7810000 146.8600000 104.4600000 128.0180000
 147.4070000 104.6940000 126.9760000 145.2310000 106.2170000 130.3310000
 145.6020000 105.4850000 131.2440000 145.2300000 107.5580000 130.4010000
 144.9340000 107.9890000 129.7180000 145.7140000 108.3670000 131.5350000
 146.6160000 108.0880000 131.7550000 145.7960000 109.8390000 131.1290000
 146.3030000 109.9050000 130.3050000 144.9060000 110.1970000 130.9880000
 146.4490000 110.5620000 132.1540000 146.3920000 111.3900000 132.0240000
 144.8530000 108.2510000 132.8010000 145.3810000 108.0200000 133.8890000
 143.5230000 108.2050000 132.6530000 143.1950000 108.3620000 131.8740000
 142.6130000 107.9300000 133.7760000 142.7740000 108.5750000 134.4820000
 141.1430000 108.0260000 133.3190000 140.5690000 107.8440000 134.0790000
 141.0090000 107.3100000 132.6780000 140.6890000 109.3500000 132.6700000
 141.3910000 109.6780000 132.0860000 139.4320000 109.1250000 131.8160000
 138.6450000 109.5000000 132.2400000 139.2670000 108.1820000 131.6580000
 139.5570000 109.5610000 130.9590000 140.3970000 110.4480000 133.6930000
 140.1220000 111.2530000 133.2270000 141.1940000 110.6400000 134.2110000
 139.6830000 110.1650000 134.2860000 142.8620000 106.5220000 134.3480000
 142.9510000 106.3410000 135.5590000 142.9850000 105.5150000 133.4750000
 142.9000000 105.6970000 132.6390000 143.0620000 104.1060000 133.8720000
 142.3610000 103.9230000 134.5170000 142.9060000 103.5550000 133.0890000
 144.4050000 103.7000000 134.4880000 144.4160000 103.0740000 135.5500000
 145.5200000 104.2220000 133.9620000 145.4540000 104.6760000 133.2340000
 146.8480000 104.0900000 134.5940000 147.0060000 103.1470000 134.7570000
 147.9770000 104.5870000 133.6650000 147.9340000 104.0790000 132.8400000
 147.8510000 106.0660000 133.3240000 146.9260000 106.2670000 133.1110000
 148.1040000 106.6200000 134.0790000 148.3920000 106.2740000 132.5460000
 149.3780000 104.4190000 134.2660000 149.5340000 103.4880000 134.4910000
 149.4700000 104.9610000 135.0650000 150.0430000 104.7110000 133.6230000
 146.8980000 104.7890000 135.9530000 147.3750000 104.1870000 136.9140000
 146.3240000 105.9890000 136.0980000 146.0050000 106.4040000 135.4160000
 146.3300000 106.6690000 137.3930000 147.2010000 106.5060000 137.7880000
 146.1950000 108.1800000 137.2230000 145.8880000 108.5330000 138.0730000
 145.5120000 108.3830000 136.5640000 147.4930000 108.8970000 136.8930000
 148.6220000 108.7330000 137.7230000 148.5800000 108.1670000 138.4600000
 149.8060000 109.4500000 137.4800000 150.5440000 109.3350000 138.0340000
 149.8560000 110.3700000 136.4220000 150.6280000 110.8650000 136.2670000
 148.7240000 110.5560000 135.6120000 148.7430000 111.1820000 134.9250000
 147.5540000 109.8090000 135.8270000 146.8130000 109.9420000 135.2810000
 145.3190000 106.1160000 138.4080000 145.6380000 106.0730000 139.5940000
 144.2540000 105.4620000 137.9420000 144.0560000 105.5600000 137.1110000
 143.3500000 104.6570000 138.7720000 143.0480000 105.1940000 139.5210000
 142.1320000 104.2910000 137.9210000 141.6890000 105.1030000 137.6290000
 142.4260000 103.7950000 137.1410000 141.2180000 103.4930000 138.6320000
 141.1350000 102.7700000 138.2120000 144.0320000 103.3990000 139.3370000
 143.9390000 103.1380000 140.5370000 144.9070000 102.7510000 138.5490000
 144.9530000 102.9770000 137.7200000 145.8470000 101.7390000 139.0580000
 145.3370000 101.0670000 139.5370000 146.5760000 101.0370000 137.8960000
 146.7900000 101.6910000 137.2120000 145.9740000 100.3930000 137.4920000
 147.8610000 100.3250000 138.3010000 147.8370000  99.3480000 139.3180000
 147.0340000  99.1430000 139.7410000 149.0300000  98.7390000 139.7530000
 149.0080000  98.1280000 140.4540000 150.2550000  99.0970000 139.1500000
 151.3990000  98.4560000 139.5230000 152.0550000  98.7400000 139.0820000
 150.2890000 100.0840000 138.1510000 151.1050000 100.3320000 137.7810000
 149.0930000 100.7040000 137.7300000 149.1200000 101.3760000 137.0870000
 146.8580000 102.3110000 140.0680000 147.0560000 101.7060000 141.1210000
 147.4570000 103.4770000 139.7880000 147.3040000 103.8340000 139.0210000
 148.3880000 104.1500000 140.7180000 149.0910000 103.5220000 140.9450000
 149.0500000 105.3780000 140.0350000 148.3500000 105.9160000 139.6320000
 149.7820000 106.2770000 141.0520000 150.2500000 107.0060000 140.6160000
 150.4140000 105.7500000 141.5650000 149.1420000 106.6790000 141.6600000
 150.0310000 104.9020000 138.9300000 149.5950000 104.2380000 138.3740000
 150.7850000 104.4660000 139.3570000 150.5720000 105.9830000 137.9770000
 151.3410000 105.6320000 137.5020000 149.8920000 106.2240000 137.3290000
 150.8560000 106.7760000 138.4580000 147.6990000 104.5130000 142.0490000
 148.3470000 104.4960000 143.0940000 146.3820000 104.7360000 142.0280000
 145.9930000 104.7320000 141.2610000 145.5500000 105.0040000 143.2020000
 146.0550000 104.8340000 144.0120000 144.7870000 104.4050000 143.1830000
 145.0200000 106.4340000 143.2840000 144.4770000 106.7990000 144.3230000
 145.2130000 107.2570000 142.2450000 145.4870000 106.9220000 141.5020000
 144.7590000 108.6470000 142.2500000 144.9570000 109.0220000 143.1220000
 145.5220000 109.4960000 141.2180000 145.2510000 110.4170000 141.3570000
 145.2090000 109.2210000 140.3420000 147.0680000 109.4200000 141.2190000
 147.3370000 108.6120000 140.7540000 147.6970000 110.6240000 140.4960000
 148.6310000 110.7260000 140.7370000 147.2240000 111.4420000 140.7170000
 147.6710000 110.4930000 139.5350000 147.6800000 109.3820000 142.6210000
 148.6470000 109.4230000 142.5620000 147.4500000 108.5470000 143.0570000
 147.3490000 110.1270000 143.1470000 143.2380000 108.6880000 141.9960000
 142.7860000 108.2150000 140.9480000 142.4300000 109.1520000 142.9620000
 142.8400000 109.7170000 144.2420000 143.2570000 109.0350000 144.7920000
 143.4430000 110.4660000 144.1130000 141.5640000 110.2000000 144.9130000
 141.5980000 110.0950000 145.8770000 141.4350000 111.1300000 144.6690000
 140.4970000 109.3070000 144.2710000 139.5900000 109.6450000 144.3360000
 140.5480000 108.4350000 144.6930000 140.9810000 109.2130000 142.8240000
 140.6430000 108.3950000 142.4280000 140.5690000 110.4080000 141.9340000
 141.2640000 111.4210000 141.8590000 139.4770000 110.2660000 141.1820000
 138.9890000 109.5670000 141.2920000 138.9640000 111.2980000 140.2780000
 139.7210000 111.6890000 139.8130000 138.0020000 110.6310000 139.2800000
 137.1300000 110.5880000 139.7020000 138.2920000 109.7210000 139.1130000
 137.8190000 111.3360000 137.9290000 137.5030000 112.2430000 138.0640000
 139.1310000 111.4040000 137.1530000 138.9800000 111.6950000 136.2400000
 139.7040000 112.0620000 137.5770000 139.5540000 110.5310000 137.1480000
 136.7800000 110.5670000 137.1130000 136.7050000 109.6460000 137.4090000
 137.0290000 110.5560000 136.1760000 135.9170000 110.9990000 137.2120000
 138.2360000 112.3940000 141.0660000 137.5310000 112.0900000 142.0130000
 138.1550000 113.6080000 140.5320000 138.6340000 113.7880000 139.8410000
 137.4580000 114.7240000 141.2170000 137.2800000 114.4850000 142.1400000
 138.3560000 115.9590000 141.2460000 137.9450000 116.6570000 141.7790000
 139.7820000 115.7040000 141.7510000 140.2710000 116.5410000 141.7770000
 139.7440000 115.3380000 142.6480000 140.2570000 115.0790000 141.1810000
 138.4760000 116.3860000 139.9200000 138.1560000 117.1620000 139.8970000
 136.0960000 115.0990000 140.6060000 135.5060000 116.0930000 141.0120000
 135.7030000 114.4320000 139.5100000 136.1800000 113.7480000 139.2990000
 134.5460000 114.7160000 138.6330000 134.6100000 114.0760000 137.9070000
 133.2370000 114.3640000 139.3590000 133.3120000 113.4700000 139.7280000
 133.1350000 114.9850000 140.0970000 131.9680000 114.4290000 138.4780000
 131.9640000 115.2430000 137.9500000 131.8420000 113.2260000 137.5380000
 132.5660000 113.2250000 136.8930000 131.8280000 112.3970000 138.0410000
 131.0110000 113.3080000 137.0440000 130.7500000 114.4670000 139.3920000
 130.7880000 115.2500000 139.9640000 129.9490000 114.5280000 138.8490000
 130.7020000 113.6630000 139.9330000 134.5060000 116.0990000 137.9360000
 134.0910000 116.1670000 136.7900000 135.2280000 117.1030000 138.4310000
 135.4770000 117.0540000 139.2530000 135.5000000 118.3240000 137.6580000
 134.7130000 118.5520000 137.1380000 135.7770000 119.4990000 138.6210000
 136.4590000 119.2300000 139.2560000 136.2880000 120.7400000 137.8680000
 137.1190000 120.5530000 137.4040000 136.4440000 121.4760000 138.4800000
 135.6130000 121.0070000 137.2240000 134.4640000 119.8100000 139.3850000
 134.1300000 118.9970000 139.7960000 133.7900000 120.1140000 138.7570000
 134.5970000 120.8410000 140.5080000 133.7450000 120.9170000 140.9650000
 134.8300000 121.7120000 140.1500000 135.2700000 120.5500000 141.1430000
 136.6230000 118.0640000 136.6460000 136.5040000 118.4160000 135.4770000
 137.6680000 117.3190000 137.0330000 137.7130000 117.1130000 137.8670000
 138.8270000 117.0540000 136.1530000 139.1440000 117.9070000 135.8170000
 140.0240000 116.4590000 136.9140000 140.7670000 116.3940000 136.2940000
 140.4880000 117.4450000 138.0000000 140.9010000 118.2100000 137.5700000
 139.7500000 117.8330000 138.4960000 141.1210000 117.0290000 138.6060000
 139.7800000 115.0300000 137.4270000 140.4690000 114.7740000 138.0600000
 139.8300000 114.4200000 136.6740000 138.8990000 114.9460000 137.8250000
 138.4700000 116.2180000 134.9190000 138.8710000 116.5800000 133.8210000
 137.6760000 115.1530000 135.0760000 137.3240000 115.0390000 135.8520000
 137.1810000 114.2960000 133.9740000 137.9460000 113.9200000 133.5110000
 136.3500000 113.1230000 134.5620000 136.8980000 112.7150000 135.2500000
 135.0970000 113.6810000 135.2350000 134.4370000 113.9600000 134.5810000
 134.6980000 113.0300000 135.8330000 135.3500000 114.4530000 135.7650000
 135.9390000 112.0240000 133.5510000 135.3910000 112.4310000 132.8620000
 136.7410000 111.6790000 133.1280000 135.1510000 110.8190000 134.1180000
 134.4840000 110.5350000 133.4740000 135.7480000 110.0730000 134.2860000
 134.6850000 111.0260000 134.9430000 136.3820000 115.0910000 132.9250000
 136.4850000 114.7700000 131.7460000 135.7660000 116.2050000 133.3510000
 135.7350000 116.3700000 134.1940000 135.0130000 117.1230000 132.4970000
 134.6000000 116.6120000 131.7840000 133.8970000 117.7580000 133.3540000
 134.3020000 118.3400000 134.0170000 133.4260000 117.0600000 133.8350000
 132.8740000 118.5870000 132.5600000 133.3440000 119.3350000 132.1610000
 132.2370000 118.9520000 133.1940000 132.1110000 117.8030000 131.4670000
 132.2180000 116.5490000 131.4340000 131.7560000 118.4560000 130.4620000
 131.2940056 117.8775726 129.8507864 135.9100000 118.1830000 131.8290000
 135.8800000 118.3320000 130.6150000 136.8780000 118.7750000 132.5510000
 136.8480000 118.6610000 133.4030000 137.7580000 119.8260000 131.9830000
 137.2240000 120.3120000 131.3360000 138.1380000 120.8570000 133.0590000
 137.3180000 121.1950000 133.4530000 139.0130000 120.2980000 134.1840000
 139.2800000 121.0070000 134.7890000 138.4830000 119.6590000 134.6860000
 139.7990000 119.8560000 133.8270000 138.8960000 122.0480000 132.4740000
 138.8310000 122.7690000 133.1190000 139.8270000 121.8220000 132.3240000
 138.4840000 122.3340000 131.6440000 138.9920000 119.3260000 131.2050000
 139.4110000 119.9780000 130.2490000 139.5660000 118.1650000 131.5460000
 139.1970000 117.7250000 132.1870000 140.6680000 117.5160000 130.8010000
 141.4320000 118.1130000 130.8370000 141.0820000 116.1890000 131.5070000
 140.2820000 115.6580000 131.6430000 142.0610000 115.3690000 130.6410000
 142.4480000 114.6360000 131.1450000 141.5920000 114.9860000 129.8830000
 142.7800000 115.9410000 130.3300000 141.7480000 116.4340000 132.8880000
 141.2740000 117.1370000 133.3590000 142.6580000 116.7430000 132.7580000
 141.7650000 115.2010000 133.8190000 142.1160000 114.4160000 133.3700000
 140.8680000 114.9930000 134.1250000 142.3210000 115.3940000 134.5900000
 140.3730000 117.3050000 129.2860000 141.2440000 117.6470000 128.4750000
 139.2140000 116.7540000 128.8530000 138.0980000 116.2950000 129.6670000
 137.8820000 116.8820000 130.4090000 138.2740000 115.4000000 129.9970000
 136.9140000 116.2800000 128.7230000 136.1760000 115.7430000 129.0520000
 136.6430000 117.1930000 128.5410000 137.5460000 115.7180000 127.4710000
 137.0090000 115.9650000 126.7020000 137.6210000 114.7540000 127.5500000
 138.9450000 116.3600000 127.4590000 139.5780000 115.6730000 127.1990000
 139.0290000 117.4870000 126.4150000 139.5270000 117.2640000 125.3110000
 138.6880000 118.7350000 126.7450000 138.3470000 118.8880000 127.5200000
 138.8280000 119.8390000 125.7810000 138.3670000 119.5990000 124.9620000
 138.1850000 121.1130000 126.3460000 138.1730000 121.7850000 125.6470000
 138.7490000 121.4510000 127.0590000 136.7790000 120.9580000 126.8960000
 136.5940000 120.7290000 128.2720000 137.3260000 120.6360000 128.8380000
 135.2990000 120.6460000 128.8100000 135.1660000 120.4940000 129.7180000
 134.1820000 120.7740000 127.9820000 133.3310000 120.6950000 128.3480000
 134.3630000 121.0110000 126.6140000 133.6030000 121.1210000 126.0900000
 135.6550000 121.0960000 126.0600000 135.7620000 121.2620000 125.1510000
 140.3020000 120.1160000 125.4220000 140.6260000 120.4340000 124.2770000
 141.1910000 119.9870000 126.4140000 140.8910000 119.7140000 127.1720000
 142.5950000 120.4200000 126.3550000 142.6450000 121.2740000 125.8970000
 143.1600000 120.5840000 127.7840000 143.3880000 119.7130000 128.1440000
 143.9740000 121.1090000 127.7380000 142.1920000 121.2350000 128.7760000
 141.4330000 120.6430000 128.8960000 142.8410000 121.4300000 130.1430000
 143.2000000 120.5840000 130.4530000 143.5530000 122.0860000 130.0830000
 142.1690000 121.7280000 130.7760000 141.6800000 122.5750000 128.2620000
 141.1140000 122.9390000 128.9610000 142.4190000 123.1700000 128.0590000
 141.1260000 122.4580000 127.4750000 143.4490000 119.4230000 125.5820000
 144.0770000 119.7600000 124.5840000 143.3200000 118.1540000 125.9550000
 142.8070000 117.9880000 126.6250000 143.9460000 117.0210000 125.2640000
 144.9040000 117.1690000 125.2240000 143.6830000 115.7260000 126.0450000
 144.1300000 114.9910000 125.5960000 144.2230000 115.7930000 127.4800000
 145.1740000 115.9840000 127.4670000 144.0760000 114.9390000 127.9160000
 143.7630000 116.4800000 127.9870000 142.1810000 115.4320000 126.0910000
 141.6610000 116.2410000 125.9640000 141.9210000 115.1100000 126.9680000
 141.9470000 114.8020000 125.3920000 143.4430000 116.8800000 123.8240000
 144.2520000 116.6100000 122.9400000 142.1730000 117.2280000 123.5480000
 141.6380000 117.4160000 124.1950000 141.6790000 117.3520000 122.1810000
 141.9330000 116.5500000 121.6980000 140.1400000 117.4560000 122.1470000
 139.7900000 116.7600000 122.7240000 139.8490000 118.3100000 122.5040000
 139.5490000 117.2390000 120.7370000 140.0460000 116.5430000 120.2800000
 138.0890000 116.7900000 120.8190000 138.0290000 115.9540000 121.3070000
 137.7240000 116.6600000 119.9300000 137.5670000 117.4610000 121.2860000
 139.5610000 118.5030000 119.8810000 139.0880000 119.2080000 120.3500000
 139.1280000 118.3260000 119.0310000 140.4680000 118.8030000 119.7110000
 142.4120000 118.4630000 121.4470000 143.0470000 118.1620000 120.4440000
 142.4590000 119.6730000 122.0060000 142.0420000 119.7980000 122.7480000
 143.1130000 120.8250000 121.3950000 142.6340000 121.0510000 120.5820000
 142.9920000 122.0020000 122.3630000 143.3880000 122.7840000 121.9470000
 142.0610000 122.1830000 122.5660000 143.4780000 121.8200000 123.1820000
 144.5880000 120.5960000 121.0060000 144.9950000 121.0690000 119.9470000
 145.3630000 119.8950000 121.8470000 145.0240000 119.6560000 122.6000000
 146.7820000 119.5720000 121.5850000 147.2120000 120.3410000 121.1790000
 147.5430000 119.2630000 122.8880000 147.1840000 118.4520000 123.2810000
 149.0270000 119.0400000 122.5840000 149.1670000 118.2490000 122.0400000
 149.5300000 118.9460000 123.4080000 149.3760000 119.8090000 122.1070000
 147.4160000 120.3900000 123.9230000 147.9420000 120.1690000 124.7080000
 147.7570000 121.2180000 123.5500000 146.4930000 120.5110000 124.1960000
 146.9440000 118.3940000 120.6180000 147.6670000 118.4880000 119.6290000
 146.1640000 117.3220000 120.7860000 145.6360000 117.2790000 121.4630000
 146.2270000 116.1810000 119.8730000 145.5960000 115.5080000 120.1720000
 147.1190000 115.8000000 119.8880000 145.8790000 116.5830000 118.4350000
 146.5770000 116.2220000 117.4890000 144.8640000 117.4330000 118.2610000
 144.4230000 117.6880000 118.9540000 144.4710000 117.9350000 116.9340000
 144.4860000 117.1780000 116.3270000 143.0450000 118.4920000 116.9150000
 142.8100000 118.6760000 115.9920000 142.0490000 117.4460000 117.4300000
 142.3430000 117.0390000 118.2600000 141.2020000 117.8820000 117.6110000
 141.9380000 116.7500000 116.7630000 142.8920000 119.8150000 117.6720000
 141.9690000 120.1050000 117.6010000 143.1020000 119.6980000 118.6120000
 143.4790000 120.4990000 117.3140000 145.4170000 118.9900000 116.3710000
 145.4650000 119.1630000 115.1600000 146.1510000 119.7120000 117.2150000
 146.1130000 119.5360000 118.0560000 147.2500000 120.5690000 116.7700000
 146.9060000 121.2380000 116.1580000 147.8200000 121.3020000 118.0090000
 147.3930000 122.1710000 118.0700000 147.5490000 120.8480000 118.8220000
 149.3520000 121.4480000 118.0230000 149.8220000 122.2950000 117.2340000
 150.0210000 120.4650000 118.4030000 150.9558601 120.6801880 118.3665054
 148.2680000 119.7190000 115.9800000 148.3330000 119.8120000 114.7430000
 148.7260000 118.6380000 116.6250000 148.6170000 118.6440000 117.4780000
 149.7550000 117.7510000 116.0960000 150.5340000 118.2870000 115.8790000
 150.1620000 116.7950000 117.2230000 149.4590000 116.1410000 117.3630000
 150.2650000 117.2960000 118.0470000 151.4690000 116.0760000 116.9520000
 152.1910000 116.2970000 115.9910000 151.8440000 115.1710000 117.8180000
 151.3140000 114.9960000 118.4730000 152.6120000 114.8040000 117.6960000
 149.3200000 117.0030000 114.8210000 150.0480000 117.0070000 113.8160000
 148.0800000 116.4850000 114.7790000 147.6150000 116.4990000 115.5030000
 147.5850000 115.7590000 113.5930000 148.2260000 115.0520000 113.4190000
 146.2070000 115.0630000 113.8080000 146.1240000 114.4090000 113.0960000
 146.1410000 114.2670000 115.1240000 145.7920000 113.3760000 114.9660000
 147.0200000 114.1870000 115.5260000 145.5650000 114.7070000 115.7690000
 145.0220000 116.0390000 113.6370000 145.1900000 116.8060000 114.2060000
 145.0080000 116.3470000 112.7170000 143.6080000 115.5280000 113.9370000
 142.9830000 116.2480000 113.7600000 143.5150000 115.2740000 114.8680000
 143.3990000 114.7710000 113.3680000 147.5820000 116.6660000 112.3480000
 147.9850000 116.2130000 111.2710000 147.2000000 117.9470000 112.4920000
 147.0260000 118.2330000 113.2840000 147.1290000 118.9080000 111.3850000
 146.6680000 118.4900000 110.6410000 146.3250000 120.1560000 111.7720000
 146.4550000 120.3570000 112.7120000 146.6600000 120.9160000 111.2710000
 144.8460000 120.0280000 111.4780000 144.0290000 119.2750000 112.3320000
 144.3990000 118.8330000 113.0620000 142.6530000 119.1850000 112.1100000
 142.1250000 118.7210000 112.7190000 142.0900000 119.7990000 110.9850000
 141.1770000 119.7130000 110.8290000 142.9030000 120.5180000 110.0930000
 142.5300000 120.9200000 109.3420000 144.2800000 120.6460000 110.3460000
 144.8130000 121.1400000 109.7650000 148.5080000 119.3200000 110.8800000
 148.6950000 119.4260000 109.6680000 149.5020000 119.4560000 111.7560000
 149.3270000 119.3730000 112.5940000 150.8810000 119.7390000 111.3320000
 150.8880000 120.5550000 110.8070000 151.7660000 119.9520000 112.5720000
 151.6170000 119.2090000 113.1780000 153.2650000 119.9670000 112.2190000
 153.5290000 119.1210000 111.8260000 153.7880000 120.0600000 113.0310000
 153.4650000 120.6950000 111.6100000 151.3410000 121.2750000 113.2460000
 151.9500000 121.9970000 113.0270000 150.4630000 121.5480000 112.9360000
 151.2210000 121.1390000 114.7570000 152.0790000 121.0770000 115.2060000
 150.7290000 120.3330000 114.9790000 150.7330000 121.9180000 115.0660000
 151.4060000 118.6160000 110.4380000 151.8310000 118.8730000 109.3050000
 151.2520000 117.3660000 110.8850000 150.9280000 117.2560000 111.6740000
 151.7710000 116.2110000 110.1610000 152.7070000 116.3900000 109.9780000
 151.6750000 114.9600000 111.0540000 150.7480000 114.8090000 111.2950000
 152.1650000 115.1170000 111.8760000 152.2270000 113.7010000 110.3570000
 151.6800000 113.4960000 109.5820000 153.6780000 113.8840000 109.8960000
 154.0640000 113.0300000 109.6460000 153.7020000 114.4690000 109.1230000
 154.1960000 114.2830000 110.6130000 152.1690000 112.4950000 111.2880000
 152.4500000 111.7030000 110.8040000 151.2570000 112.3690000 111.5950000
 152.7440000 112.6360000 112.0570000 151.0700000 115.9970000 108.8110000
 151.7280000 115.8990000 107.7690000 149.7350000 115.9250000 108.8110000
 149.3210000 116.0210000 109.5590000 148.9520000 115.6550000 107.5910000
 149.2840000 114.8290000 107.2050000 147.4670000 115.4400000 107.9390000
 147.4190000 114.7460000 108.6150000 146.8160000 116.7030000 108.5040000
 147.4870000 117.3430000 108.7880000 146.2230000 117.1310000 107.8670000
 146.3310000 116.4570000 109.3070000 146.6460000 114.9640000 106.7310000
 147.0220000 114.1360000 106.3920000 145.7300000 114.8100000 107.0110000
 146.6500000 115.6410000 106.0370000 149.1230000 116.7530000 106.5350000
 149.2130000 116.4400000 105.3470000 149.2930000 118.0130000 106.9490000
 149.2460000 118.1790000 107.7920000 149.4440000 119.1480000 106.0380000
 148.8430000 119.0230000 105.2870000 149.0530000 120.4410000 106.7590000
 149.5700000 120.5130000 107.5770000 149.2850000 121.2010000 106.2030000
 147.5480000 120.4950000 107.0760000 147.3920000 121.2050000 107.7180000
 147.2440000 119.6670000 107.4790000 146.7280000 120.7760000 105.8250000
 146.3020000 119.9000000 105.0910000 146.7410000 122.0060000 105.3590000
 147.0730000 122.6250000 105.8560000 146.2210000 122.1340000 104.6860000
 150.8580000 119.2660000 105.4650000 151.0040000 119.5950000 104.2840000
 151.8890000 118.8750000 106.2250000 151.7540000 118.6580000 107.0460000
 153.2350000 118.7270000 105.6790000 153.4740000 119.5570000 105.2370000
 154.2420000 118.4880000 106.8060000 155.1370000 118.4660000 106.4320000
 154.0600000 117.6420000 107.2450000 154.1920000 119.2070000 107.4550000
 153.3060000 117.6160000 104.6220000 153.9260000 117.8390000 103.5900000
 152.5490000 116.5200000 104.7700000 152.1270000 116.4100000 105.5110000
 152.3910000 115.5250000 103.6990000 153.2680000 115.3120000 103.3440000
 151.7800000 114.2290000 104.2540000 152.4220000 113.8050000 104.8450000
 150.9940000 114.4450000 104.7790000 151.3800000 113.2610000 103.1580000
 152.3540000 112.4590000 102.5320000 153.2330000 112.4700000 102.8360000
 152.0210000 111.7050000 101.3840000 152.6660000 111.1900000 100.9560000
 150.7090000 111.7620000 100.8680000 150.4180000 111.1370000  99.6840000
 149.5880000 111.1070000  99.5600000 149.7280000 112.5130000 101.5180000
 148.8720000 112.5490000 101.1560000 150.0590000 113.2750000 102.6610000
 149.4290000 113.8440000 103.0410000 151.5700000 116.0530000 102.5120000
 152.0020000 115.9350000 101.3720000 150.4320000 116.7080000 102.7570000
 150.1530000 116.7500000 103.5690000 149.5460000 117.1910000 101.6910000
 149.2740000 116.4350000 101.1470000 148.3060000 117.7880000 102.3650000
 148.5840000 118.5550000 102.8910000 147.9070000 117.1450000 102.9710000
 147.2410000 118.2600000 101.3710000 146.6820000 118.8880000 101.8550000
 147.6370000 118.7570000 100.6380000 146.3510000 117.1500000 100.8080000
 145.4730000 117.3310000  99.9730000 146.4770000 115.9560000 101.3460000
 147.2450000 115.7740000 101.6860000 146.0100000 115.3520000 100.9510000
 150.2280000 118.2170000 100.7650000 149.9090000 118.2990000  99.5770000
 151.1180000 119.0490000 101.3240000 151.2260000 118.9930000 102.1750000
 151.9410000 120.0150000 100.5760000 151.4130000 120.3300000  99.8260000
 152.2350000 121.2310000 101.4910000 151.4910000 121.3550000 102.1000000
 152.3030000 122.0320000 100.9480000 153.5350000 121.0650000 102.2980000
 153.5670000 120.1540000 102.6300000 154.2960000 121.2000000 101.7110000
 153.6640000 121.9970000 103.5080000 154.3120000 121.6110000 104.1180000
 152.8160000 122.0300000 103.9780000 154.0960000 123.3610000 103.1380000
 153.4910000 123.9720000 103.1600000 155.3450000 123.7670000 102.9650000
 156.3670000 122.9600000 103.0230000 156.2260000 122.1360000 103.2270000
 157.1620000 123.2870000 103.0370000 155.6020000 125.0190000 102.7250000
 154.9560000 125.5850000 102.6830000 156.4170000 125.2900000 102.7750000
 153.2130000 119.3970000  99.9510000 153.9490000 120.1310000  99.2930000
 153.5880000 118.1640000 100.3140000 153.0180000 117.6660000 100.7210000
 154.8130000 117.4960000  99.8350000 155.5010000 118.1740000  99.7420000
 155.3360000 116.4730000 100.8780000 154.7400000 115.7080000 100.9020000
 155.3320000 116.8840000 101.7570000 156.7660000 115.9740000 100.5900000
 156.9630000 115.3290000  99.5450000 157.6900000 116.1270000 101.4410000
 154.5770000 116.8740000  98.4460000 153.6350000 116.1090000  98.2470000
 155.4210000 117.2260000  97.4710000 156.1480000 117.6200000  97.7050000
 155.4210000 116.5770000  96.1550000 154.5420000 116.1930000  96.0080000
 155.7270000 117.5710000  95.0130000 155.9020000 118.4460000  95.3920000
 156.5450000 117.3030000  94.5670000 154.6370000 117.7250000  93.9310000
 154.9950000 118.3320000  93.2640000 153.8740000 118.1710000  94.3300000
 154.1750000 116.4190000  93.2240000 153.6620000 115.4890000  93.9000000
 154.0770000 116.4340000  91.9750000 156.4520000 115.4490000  96.1580000
 157.6160000 115.6580000  96.5230000 156.0660000 114.2820000  95.6330000
 155.2630000 114.2250000  95.3310000 156.9780000 113.1320000  95.5730000
 157.2970000 113.0210000  96.4820000 156.2640000 111.8180000  95.2030000
 155.4800000 111.7160000  95.7650000 156.8660000 111.0880000  95.4170000
 155.8490000 111.6460000  93.7340000 156.6040000 111.8120000  93.1480000
 155.5700000 110.7260000  93.6070000 154.6880000 112.5650000  93.3520000
 153.9560000 112.4280000  93.9740000 154.9830000 113.4880000  93.3970000
 154.2210000 112.2910000  91.9890000 154.6590000 111.6980000  91.5470000
 153.2140000 112.9070000  91.4050000 152.5270000 113.8500000  91.9810000
 151.9140000 114.3030000  91.5830000 152.9000000 114.2690000  92.6330000
 152.8600000 112.5240000  90.2090000 153.3450000 111.9370000  89.8100000
 152.2750000 112.9960000  89.7910000 158.2210000 113.4180000  94.7170000
 158.1420000 113.9570000  93.6170000 159.3670000 112.9760000  95.2360000
 159.3130000 112.5800000  95.9970000 160.6620000 112.9550000  94.5510000
 160.8070000 113.8120000  94.1200000 161.7700000 112.7200000  95.6090000
 161.4440000 112.0730000  96.2540000 162.5500000 112.3230000  95.1910000
 162.2820000 113.9470000  96.3780000 162.7080000 114.5640000  95.7620000
 161.1770000 114.6730000  97.1400000 161.5580000 115.3020000  97.7730000
 160.6250000 114.0230000  97.6030000 160.6160000 115.1630000  96.5180000
 163.3280000 113.4680000  97.3880000 163.7610000 114.2220000  97.8180000
 163.9970000 112.9220000  96.9460000 162.9000000 112.9070000  98.0530000
 160.6840000 111.8720000  93.4460000 159.7030000 111.1870000  93.1740000
 161.8730000 111.6650000  92.8710000 162.5270000 112.1510000  93.1460000
 162.1100000 110.8320000  91.6900000 161.5210000 111.1350000  90.9810000
 163.5700000 111.0430000  91.2380000 163.6610000 110.6430000  90.3590000
 164.1650000 110.5700000  91.8400000 164.0170000 112.5220000  91.1850000
 163.2630000 113.0810000  90.9420000 164.3200000 112.7920000  92.0660000
 165.1210000 112.7820000  90.1610000 165.0430000 112.4010000  89.0080000
 166.1790000 113.4800000  90.5150000 166.7530000 113.6240000  89.8910000
 166.3050000 113.7480000  91.3220000 161.8420000 109.3240000  91.8870000
 161.4610000 108.6530000  90.9330000 162.1640000 108.7620000  93.0640000
 162.4450000 109.2720000  93.6970000 162.2470000 107.3030000  93.2730000
 161.7120000 106.8530000  92.6010000 163.1670000 107.0130000  93.1760000
 161.7220000 106.8220000  94.6250000 162.3040000 105.9220000  95.2330000
 160.6340000 107.4320000  95.0860000 160.2140000 107.9600000  94.5530000
 159.9600000 107.1010000  96.3430000 160.5530000 106.5750000  96.9030000
 159.5860000 108.3940000  97.1060000 159.4260000 108.1760000  98.0380000
 158.7440000 108.7240000  96.7550000 160.5740000 109.5740000  97.0270000
 160.7110000 109.8140000  96.0970000 160.1390000 110.3330000  97.4450000
 161.9400000 109.3810000  97.7100000 162.3920000 108.2120000  97.8440000
 162.4520000 110.3900000  98.2260000 158.6950000 106.2870000  96.0190000
 157.9120000 106.7080000  95.1730000 158.4640000 105.1450000  96.6820000
 159.0510000 104.8410000  97.2330000 157.1780000 104.4250000  96.5900000
 156.8940000 104.3920000  95.6630000 157.2740000 102.9840000  97.1300000
 156.3780000 102.6440000  97.2770000 157.9730000 102.0760000  96.1250000
 157.9850000 101.1660000  96.4610000 157.4900000 102.0960000  95.2840000
 158.8800000 102.3850000  95.9770000 157.9980000 102.9480000  98.3550000
 157.5030000 102.6790000  98.9780000 156.0900000 105.1830000  97.3350000
 155.2700000 105.8520000  96.7270000 156.1380000 105.1180000  98.6670000
 156.7410000 104.6080000  99.0070000 155.2510000 105.8550000  99.5560000
 155.1530000 106.7470000  99.1890000 153.8840000 105.1340000  99.5680000
 153.6330000 104.9100000  98.6580000 153.9550000 104.3040000 100.0650000
 152.7410000 105.9780000 100.1470000 152.8890000 106.1020000 101.0980000
 152.7080000 107.3430000  99.4490000 151.8090000 107.7040000  99.4000000
 152.9910000 107.2530000  98.5260000 153.2840000 107.9730000  99.9090000
 151.4190000 105.2240000  99.9680000 151.5700000 104.2670000  99.9160000
 151.0040000 105.4950000  99.1340000 150.8210000 105.4240000 100.7050000
 155.8590000 105.9840000 100.9560000 156.1490000 107.0840000 101.4150000
 156.3860000 104.8730000 101.4740000 156.2030000 104.1280000 101.0850000
 157.1060000 104.7990000 102.7540000 156.5180000 105.1610000 103.4350000
 157.4270000 103.3310000 103.1260000 157.2240000 103.2050000 104.0660000
 158.3810000 103.1880000 103.0280000 156.7010000 102.2660000 102.2820000
 155.6230000 101.7990000 102.7260000 157.1250000 102.0930000 101.1120000
 158.4050000 105.6330000 102.7970000 158.8510000 106.0070000 103.8830000
 159.0370000 105.8660000 101.6350000 158.6820000 105.5440000 100.9210000
 160.2090000 106.7430000 101.4910000 160.7980000 106.5980000 102.2480000
 160.9540000 106.4070000 100.1780000 160.5060000 105.6780000  99.7210000
 160.8820000 107.1760000  99.5910000 162.4570000 106.0700000 100.2710000
 162.9670000 106.8950000 100.2590000 162.7020000 105.5790000  99.4710000
 162.8830000 105.2700000 101.5000000 163.1920000 105.7840000 102.5620000
 163.0620000 103.9700000 101.3940000 163.4610000 103.6210000 102.0710000
 162.9740000 103.5960000 100.6250000 159.8230000 108.2310000 101.5330000
 160.3870000 108.9610000 102.3450000 158.7330000 108.6330000 100.8560000
 158.2920000 108.0580000 100.3920000 158.1760000 109.9880000 100.9780000
 158.8740000 110.6250000 100.7580000 157.0050000 110.2020000  99.9950000
 157.3030000 110.0210000  99.0900000 156.3020000 109.5710000 100.2150000
 156.4320000 111.6400000 100.0550000 156.2800000 111.9010000 100.9770000
 157.0770000 112.2570000  99.6750000 155.0950000 111.8190000  99.3330000
 154.3920000 110.8720000  99.0240000 154.6290000 113.0380000  99.1820000
 153.8420000 113.1350000  98.8500000 155.1020000 113.7330000  99.3640000
 157.7400000 110.2580000 102.4220000 158.2280000 111.2150000 103.0220000
 156.9930000 109.3270000 103.0330000 156.6870000 108.6800000 102.5560000
 156.5140000 109.4730000 104.4120000 156.0860000 110.3410000 104.4720000
 155.4320000 108.4350000 104.7630000 155.4580000 108.2650000 105.7180000
 155.6210000 107.5970000 104.3120000 153.9970000 108.8900000 104.4170000
 153.4010000 108.1480000 104.6060000 153.5220000 110.0870000 105.2550000
 153.6340000 109.9030000 106.2010000 152.5820000 110.2510000 105.0810000
 154.0090000 110.8950000 105.0280000 153.8630000 109.2450000 102.9390000
 152.9280000 109.3930000 102.7260000 154.3560000 110.0530000 102.7280000
 154.1840000 108.5130000 102.3900000 157.6640000 109.4920000 105.4210000
 157.7380000 110.4220000 106.2190000 158.6800000 108.6430000 105.2350000
 158.6100000 108.0440000 104.6220000 159.9330000 108.7130000 105.9890000
 159.7760000 108.5050000 106.9230000 160.5330000 108.0450000 105.6230000
 160.6350000 110.0730000 105.8840000 161.1420000 110.6060000 106.8770000
 160.6570000 110.6660000 104.6910000 160.3020000 110.2480000 104.0290000
 161.3250000 111.9420000 104.4260000 162.2000000 111.9100000 104.8430000
 161.4970000 112.0770000 102.9100000 161.6440000 111.2030000 102.5150000
 160.6750000 112.4400000 102.5450000 162.6980000 112.9490000 102.5220000
 162.6120000 113.8280000 102.9220000 163.5070000 112.5370000 102.8630000
 162.8210000 113.0650000 100.9910000 163.5250000 113.6920000 100.7620000
 163.0810000 112.1970000 100.6460000 161.5540000 113.4490000 100.3290000
 161.2330000 112.8550000  99.7960000 160.7750000 114.4960000 100.5630000
 161.1370000 115.4930000 101.3200000 160.5220000 116.0630000 101.5110000
 161.9030000 115.4650000 101.7100000 159.5800000 114.5630000 100.0720000
 158.9990000 115.1350000 100.3460000 159.2660000 114.0090000  99.4940000
 160.5910000 113.1450000 105.0350000 161.2710000 113.9520000 105.6680000
 159.2560000 113.2170000 104.9300000 158.8590000 112.6020000 104.4780000
 158.4240000 114.2690000 105.5680000 158.8220000 115.1310000 105.3670000
 156.9720000 114.3220000 105.0200000 157.0200000 114.5070000 104.0690000
 156.1950000 113.0190000 105.1890000 155.3380000 113.0810000 104.7380000
 156.0410000 112.8040000 106.1220000 156.7220000 112.3230000 104.7660000
 156.1050000 115.4050000 105.6730000 156.5040000 116.2770000 105.5290000
 155.2250000 115.4000000 105.2650000 156.0000000 115.2480000 106.6240000
 158.4370000 114.1380000 107.0870000 158.8500000 115.0760000 107.7630000
 158.2320000 112.9250000 107.6210000 157.9960000 112.2750000 107.1090000
 158.1810000 112.7280000 109.0690000 157.5360000 113.3600000 109.4230000
 157.5980000 111.3530000 109.4160000 157.2940000 111.3650000 110.3370000
 156.8140000 111.2130000 108.8630000 158.5740000 110.1880000 109.2290000
 159.1120000 110.3410000 108.4360000 159.5110000 110.0110000 110.4240000
 159.1300000 110.3830000 111.2350000 159.6740000 109.0650000 110.5620000
 160.3560000 110.4550000 110.2490000 157.8010000 108.8920000 109.0230000
 157.2790000 108.7040000 109.8190000 157.1970000 108.9780000 108.2690000
 158.4320000 108.1820000 108.8280000 159.5350000 113.0150000 109.7320000
 159.5640000 113.5590000 110.8240000 160.6590000 112.7790000 109.0440000
 160.5930000 112.4240000 108.2630000 161.9790000 113.1340000 109.5690000
 162.6620000 112.7990000 108.9680000 162.1090000 112.7440000 110.4470000
 162.1860000 114.6410000 109.6700000 162.8610000 115.1060000 110.5830000
 161.7090000 115.3740000 108.6660000 161.2000000 114.9940000 108.0860000
 161.8330000 116.8300000 108.5740000 162.7330000 117.0790000 108.8350000
 161.6470000 117.2020000 107.0890000 162.0660000 116.5080000 106.5560000
 160.7080000 117.2070000 106.8470000 162.3490000 118.5010000 106.6720000
 162.4990000 118.4580000 105.7150000 163.2240000 118.5340000 107.0900000
 161.5580000 119.7830000 106.9600000 160.3290000 119.7190000 106.7320000
 162.2360000 120.8240000 106.8520000 160.8920000 117.5750000 109.5470000
 161.3570000 118.4620000 110.2570000 159.7030000 117.0120000 109.8200000
 159.4420000 116.3730000 109.3080000 158.7090000 117.6100000 110.7400000
 158.8620000 118.5680000 110.7520000 157.2970000 117.3930000 110.1530000
 157.3420000 117.5370000 109.1950000 156.8000000 115.9670000 110.3810000
 156.0260000 115.7950000 109.8220000 156.5640000 115.8260000 111.3110000
 157.5200000 115.3610000 110.1440000 156.2530000 118.3600000 110.7060000
 156.5100000 119.2720000 110.4980000 156.1720000 118.2610000 111.6670000
 155.3930000 118.1760000 110.2960000 158.8180000 117.1350000 112.2070000
 158.6530000 117.9400000 113.1250000 159.2130000 115.8710000 112.4560000
 159.3370000 115.3410000 111.7900000 159.2370000 115.2740000 113.7990000
 158.3210000 115.2410000 114.1160000 159.7450000 113.8260000 113.7550000
 159.8090000 113.4740000 114.6570000 160.6180000 113.7840000 113.3350000
 159.1140000 113.2710000 113.2700000 160.0020000 116.0610000 114.8720000
 159.4530000 116.1700000 115.9670000 161.1840000 116.6750000 114.6410000
 162.0030000 116.7240000 113.4300000 161.4940000 116.8710000 112.6170000
 162.5230000 115.9080000 113.3580000 162.9420000 117.9090000 113.6430000
 163.7420000 117.8520000 113.0970000 162.4660000 118.7360000 113.4710000
 163.2360000 117.7530000 115.1360000 163.6340000 118.5420000 115.5370000
 163.8350000 117.0010000 115.2650000 161.8530000 117.4150000 115.7090000
 161.9690000 116.8400000 116.4810000 161.0750000 118.6640000 116.1810000
 161.4370000 119.2070000 117.2180000 160.1480000 119.2090000 115.3670000
 159.9910000 118.8430000 114.6050000 159.2410000 120.3060000 115.7670000
 159.7090000 120.9310000 116.3420000 158.7360000 121.0750000 114.5390000
 158.1940000 120.4890000 113.9880000 158.1850000 121.8170000 114.8330000
 159.8180000 121.5600000 113.7670000 159.4910000 121.9690000 113.1100000
 158.0130000 119.8050000 116.5340000 157.7200000 120.3290000 117.6020000
 157.3630000 118.7350000 116.0580000 157.6200000 118.3990000 115.3090000
 156.1850000 118.1430000 116.7230000 155.5280000 118.8370000 116.8910000
 155.5390000 117.0610000 115.8420000 154.6840000 116.8270000 116.2360000
 156.1020000 116.2710000 115.8490000 155.3280000 117.4960000 114.3890000
 154.8590000 118.3450000 114.3920000 156.2000000 117.6360000 113.9880000
 154.4120000 116.3600000 113.3050000 155.1290000 114.7500000 113.7310000
 154.8670000 114.0940000 113.0660000 154.7980000 114.4720000 114.5990000
 156.0960000 114.8170000 113.7520000 156.5520000 117.5090000 118.0710000
 155.8950000 117.7540000 119.0760000 157.7070000 116.8320000 118.1090000
 158.1370000 116.7170000 117.3730000 158.3150000 116.3260000 119.3360000
 157.6710000 115.7640000 119.7950000 159.5550000 115.4760000 118.9920000
 160.1900000 116.0380000 118.5200000 159.2850000 114.7640000 118.3910000
 160.2760000 114.8640000 120.1860000 161.0440000 115.6840000 121.0320000
 161.1040000 116.5940000 120.8490000 161.6370000 115.1670000 122.1960000
 162.0730000 115.7310000 122.7930000 161.5170000 113.8030000 122.4910000
 161.8910000 113.4690000 123.2740000 160.7980000 112.9610000 121.6240000
 160.7050000 112.0590000 121.8330000 160.1690000 113.4910000 120.4800000
 159.6600000 112.9370000 119.9330000 158.6720000 117.4680000 120.2930000
 158.4720000 117.2900000 121.4860000 159.2120000 118.6070000 119.8050000
 159.3210000 118.6920000 118.9560000 159.4350000 119.7780000 120.6690000
 160.0020000 119.5000000 121.4060000 160.1120000 120.9730000 119.9480000
 159.5410000 121.2460000 119.2130000 160.9620000 120.6910000 119.5750000
 160.3340000 122.2270000 120.8370000 159.4810000 122.5170000 121.1970000
 161.2970000 122.0030000 122.0030000 161.4210000 122.8290000 122.4950000
 162.1550000 121.7050000 121.6620000 160.9240000 121.3530000 122.6190000
 160.9350000 123.3890000 120.0340000 161.9030000 123.4090000 120.0960000
 160.5820000 124.2180000 120.3930000 160.6740000 123.3250000 119.1020000
 158.1370000 120.1730000 121.3380000 158.0510000 119.9610000 122.5320000
 157.1210000 120.5010000 120.5350000 157.2610000 120.4810000 119.6870000
 155.8000000 120.9780000 120.9740000 155.8950000 121.8770000 121.3260000
 154.8790000 121.0340000 119.7370000 154.3040000 120.2540000 119.6950000
 155.4260000 121.0430000 118.9360000 154.1100000 122.2130000 119.7130000
 153.6360000 122.1820000 119.0200000 155.2070000 120.1060000 122.0910000
 155.3400000 120.4860000 123.2540000 155.0810000 118.8060000 121.7820000
 155.1480000 118.5810000 120.9550000 154.6040000 117.7960000 122.7280000
 153.7000000 118.0300000 122.9890000 154.5700000 116.4320000 122.0400000
 153.8230000 116.3900000 121.4220000 155.3940000 116.2950000 121.5460000
 154.4570000 115.4130000 123.0120000 154.7180000 114.6910000 122.6710000
 155.4450000 117.6990000 124.0030000 154.8980000 117.7740000 125.1010000
 156.7630000 117.4880000 123.8980000 157.1260000 117.4750000 123.1180000
 157.6010000 117.2520000 125.0790000 157.2660000 116.4670000 125.5410000
 159.0490000 116.9920000 124.6420000 159.0450000 116.4370000 123.8460000
 159.4760000 117.8310000 124.4100000 159.8690000 116.2750000 125.6950000
 160.4590000 116.9770000 126.7640000 160.3540000 117.8980000 126.8350000
 161.1630000 116.2740000 127.7600000 161.5270000 116.7330000 128.4820000
 161.2710000 114.8740000 127.6920000 161.7080000 114.4090000 128.3690000
 160.6840000 114.1730000 126.6240000 160.7300000 113.2450000 126.5920000
 159.9840000 114.8750000 125.6280000 159.5680000 114.4120000 124.9370000
 157.5490000 118.4420000 126.0430000 157.4210000 118.2760000 127.2550000
 157.5410000 119.6370000 125.4600000 157.5020000 119.6400000 124.6010000
 157.4480000 120.9440000 126.1040000 158.1850000 121.0610000 126.7240000
 157.5530000 121.9800000 124.9700000 156.7150000 122.4610000 124.8860000
 157.6580000 121.5230000 124.1210000 158.6690000 122.8540000 125.0510000
 158.7590000 123.1490000 124.2700000 156.1280000 121.1120000 126.8780000
 156.1590000 121.4660000 128.0550000 155.0080000 120.6640000 126.3040000
 155.0410000 120.4140000 125.4820000 153.6810000 120.6570000 126.9400000
 153.5090000 121.5200000 127.3470000 152.6130000 120.4300000 125.8610000
 152.7790000 119.5820000 125.4210000 151.7380000 120.3860000 126.2770000
 152.6100000 121.5590000 124.8200000 153.5070000 121.7570000 124.5090000
 152.2600000 122.3650000 125.2310000 151.7560000 121.1620000 123.6250000
 150.5350000 121.4030000 123.7660000 152.2810000 120.4670000 122.7280000
 151.6352219 120.2908243 122.0398634 153.5500000 119.5940000 128.0420000
 153.1430000 119.9090000 129.1610000 154.0750000 118.3840000 127.8070000
 154.3400000 118.2210000 127.0050000 154.0650000 117.2860000 128.7970000
 153.1500000 117.1340000 129.0820000 154.6020000 115.9630000 128.2130000
 154.3990000 115.2650000 128.8560000 153.9790000 115.5490000 126.8780000
 153.4280000 114.7670000 127.0380000 154.6590000 115.3210000 126.2240000
 153.3980000 116.2370000 126.5170000 156.0030000 115.9580000 128.0370000
 156.2410000 116.7290000 127.8050000 154.8590000 117.6420000 130.0530000
 154.3790000 117.4480000 131.1720000 156.0090000 118.3020000 129.8700000
 156.2700000 118.4390000 129.0620000 156.8350000 118.8190000 130.9600000
 156.9020000 118.1320000 131.6420000 158.2600000 119.1400000 130.4680000
 158.2140000 119.6350000 129.6350000 159.0790000 119.9730000 131.4670000
 160.0030000 120.0330000 131.1790000 158.7170000 120.8710000 131.5200000
 159.0460000 119.5620000 132.3450000 159.0230000 117.8290000 130.2300000
 158.5750000 117.3050000 129.5470000 159.9240000 118.0240000 129.9290000
 159.0590000 117.3110000 131.0490000 156.1750000 120.0140000 131.6340000
 156.1070000 120.0150000 132.8540000 155.5640000 120.9460000 130.9000000
 155.5940000 120.9040000 130.0420000 154.8560000 122.0670000 131.5200000
 155.4850000 122.5820000 132.0500000 154.3170000 122.9690000 130.4120000
 153.8710000 123.7280000 130.8180000 153.6840000 122.4810000 129.8620000
 155.0450000 123.2860000 129.8550000 153.7220000 121.6110000 132.4600000
 153.6110000 122.1040000 133.5810000 152.9540000 120.5920000 132.0610000
 153.0710000 120.2800000 131.2680000 151.8130000 120.1010000 132.8380000
 151.3040000 120.8540000 133.1770000 150.8970000 119.2590000 131.9390000
 151.4420000 118.5860000 131.5010000 150.2750000 118.7960000 132.5220000
 150.0750000 119.9640000 130.8630000 150.4510000 121.1930000 130.2780000
 151.2140000 121.6480000 130.5520000 149.6910000 121.7440000 129.2330000
 149.9570000 122.5430000 128.8390000 148.5010000 121.1250000 128.8180000
 147.9810000 121.5150000 128.1530000 148.1040000 119.9150000 129.4100000
 147.3240000 119.4930000 129.1290000 148.9060000 119.3300000 130.4040000
 148.6620000 118.5080000 130.7640000 152.2680000 119.2830000 134.0570000
 151.8650000 119.5860000 135.1790000 153.2280000 118.3650000 133.8810000
 153.5140000 118.2070000 133.0860000 153.8190000 117.6250000 135.0010000
 153.1080000 117.2360000 135.5340000 154.7580000 116.5290000 134.4820000
 155.3410000 116.2610000 135.2090000 155.3240000 116.9110000 133.7930000
 154.1300000 115.2510000 133.9610000 152.9100000 114.7610000 134.4740000
 152.4080000 115.2490000 135.0860000 152.4380000 113.5020000 134.0760000
 151.6390000 113.1770000 134.4230000 153.1640000 112.7380000 133.1490000
 152.8390000 111.9110000 132.8750000 154.3700000 113.2230000 132.6250000
 154.8470000 112.7150000 132.0100000 154.8590000 114.4720000 133.0420000
 155.6730000 114.7820000 132.7160000 154.6040000 118.5040000 135.9740000
 154.6110000 118.2090000 137.1640000 155.2690000 119.5620000 135.5030000
 155.2750000 119.7190000 134.6570000 155.9770000 120.4750000 136.4000000
 156.3100000 119.9550000 137.1480000 157.1880000 121.1280000 135.7140000
 156.9610000 121.3770000 134.8040000 157.3880000 121.9560000 136.1770000
 158.4750000 120.2760000 135.7280000 159.1370000 120.7530000 135.2030000
 159.0320000 120.1140000 137.1470000 159.0740000 120.9780000 137.5870000
 159.9210000 119.7270000 137.1080000 158.4620000 119.5300000 137.6710000
 158.3390000 118.8650000 135.1440000 159.2190000 118.4980000 134.9670000
 157.8380000 118.8960000 134.3140000 157.8630000 118.2870000 135.7600000
 155.0540000 121.5070000 137.0480000 155.3790000 121.9230000 138.1480000
 153.8500000 121.7560000 136.5140000 153.6990000 121.5200000 135.7010000
 152.7480000 122.3550000 137.2800000 152.0430000 122.6040000 136.6630000
 153.0690000 123.1480000 137.7370000 152.1350000 121.4240000 138.3360000
 151.6620000 121.8930000 139.3710000 152.3120000 120.1090000 138.1820000
 152.6680000 119.8450000 137.4450000 151.8850000 119.0690000 139.1220000
 151.0250000 119.3450000 139.4750000 151.6740000 117.7680000 138.3390000
 152.4900000 117.2430000 138.3430000 151.4300000 117.9490000 137.4180000
 150.9640000 117.2650000 138.7690000 152.8010000 118.8980000 140.3590000
 153.0800000 117.7800000 140.7980000 153.2920000 120.0200000 140.8910000
 153.0700000 120.7530000 140.5000000 154.1420000 120.1130000 142.0850000
 154.2350000 119.2180000 142.4480000 155.5630000 120.5760000 141.6690000
 156.1950000 120.1550000 142.2720000 155.7610000 120.2530000 140.7760000
 155.8270000 122.0970000 141.7270000 155.7200000 122.3930000 142.6440000
 157.2730000 122.4210000 141.3360000 157.3880000 123.3840000 141.3250000
 157.4710000 122.0670000 140.4550000 157.8740000 122.0400000 141.9950000
 154.8590000 122.9070000 140.8690000 154.2670000 123.3900000 141.4670000
 155.3250000 123.5370000 140.2970000 154.3120000 122.3380000 140.3050000
 153.5200000 120.9620000 143.2190000 153.9990000 120.8930000 144.3500000
 152.4800000 121.7610000 142.9320000 152.1980000 121.7810000 142.1200000
 151.7760000 122.6020000 143.9210000 152.4330000 123.1390000 144.3900000
 150.7750000 123.5510000 143.2500000 150.3050000 123.0640000 142.5550000
 150.1290000 123.8680000 143.9000000 151.4190000 124.6640000 142.6700000
 151.5280000 125.2810000 143.2290000 151.0090000 121.7690000 144.9550000
 150.3420000 120.7870000 144.6280000 150.9230000 122.2900000 146.1830000
 151.3010000 123.0500000 146.3220000 150.3510000 121.5840000 147.3460000
 150.4910000 120.6350000 147.2040000 151.1040000 121.9490000 148.6430000
 150.6990000 121.4540000 149.3720000 152.5540000 121.4610000 148.5450000
 152.5660000 120.5190000 148.3130000 153.0340000 121.9600000 147.8660000
 152.9940000 121.5790000 149.4010000 151.0610000 123.4450000 149.0070000
 151.8760000 123.7150000 149.4590000 150.9450000 124.0010000 148.2200000
 150.3120000 123.6080000 149.6010000 148.8330000 121.7510000 147.4820000
 148.3250000 122.2490000 148.4820000 148.0840000 121.2120000 146.5120000
 148.4790000 120.8590000 145.8350000 146.6160000 121.2480000 146.5580000
 146.3390000 121.1880000 147.4860000 146.1580000 122.6220000 146.0290000
 146.7720000 123.3080000 146.3360000 146.1780000 122.6330000 145.0590000
 144.7630000 123.0080000 146.5160000 144.6190000 123.9450000 146.3100000
 144.7310000 122.9070000 147.4800000 143.4300000 122.0510000 145.7660000
 143.3780000 122.8160000 144.1390000 143.0200000 123.7150000 144.2110000
 144.2860000 122.8760000 143.8040000 142.8260000 122.2880000 143.5410000
 146.0300000 120.0500000 145.7840000 146.3130000 119.9050000 144.5980000
 145.3310000 119.0980000 146.4270000 144.7280000 119.2110000 147.7420000
 144.1980000 120.0200000 147.8150000 145.4110000 119.1860000 148.4300000
 143.8190000 117.9990000 147.8620000 143.7470000 117.6980000 148.7810000
 142.9490000 118.2250000 147.4970000 144.4460000 116.9380000 146.9630000
 145.1220000 116.4490000 147.4580000 143.7780000 116.3270000 146.6150000
 145.1120000 117.7630000 145.8580000 145.9710000 117.3580000 145.6620000
 144.3010000 117.7610000 144.5540000 144.6990000 117.0540000 143.6260000
 143.3390000 118.6820000 144.3890000 143.1070000 119.1670000 145.0600000
 142.6160000 118.8530000 143.1250000 142.2630000 117.9890000 142.8620000
 141.4130000 119.7910000 143.3470000 140.5970000 119.2680000 143.3890000
 141.4970000 120.2840000 144.1780000 141.3330000 120.4250000 142.6180000
 143.5310000 119.3220000 141.9700000 143.5240000 118.7050000 140.9030000
 144.3990000 120.3220000 142.1950000 144.4300000 120.6600000 142.9850000
 145.3300000 120.8240000 141.1590000 144.8210000 120.9070000 140.3370000
 145.8890000 122.2200000 141.5040000 145.1720000 122.7640000 141.8660000
 147.1320000 122.3190000 142.4010000 147.2320000 123.2300000 142.7200000
 147.0570000 121.7280000 143.1660000 147.9340000 122.0700000 141.9150000
 146.3120000 122.9030000 140.2310000 147.0000000 122.3960000 139.7720000
 146.6620000 123.7800000 140.4540000 145.5280000 122.9900000 139.6670000
 146.4790000 119.8650000 140.8720000 146.8600000 119.6810000 139.7160000
 146.9790000 119.2180000 141.9210000 146.6720000 119.4360000 142.6940000
 148.0690000 118.2510000 141.9000000 148.8590000 118.6450000 141.4980000
 148.3840000 117.9100000 143.3640000 147.5970000 117.5320000 143.7870000
 148.6070000 118.7290000 143.8330000 149.5280000 116.9590000 143.5460000
 150.8620000 117.3340000 143.6440000 151.2480000 118.2670000 143.6180000
 151.5560000 116.2000000 143.7830000 152.4810000 116.1640000 143.8680000
 150.7260000 115.1400000 143.7810000 150.9690000 114.3180000 143.8490000
 149.4360000 115.6010000 143.6270000 148.6550000 115.0990000 143.5770000
 147.6810000 117.0130000 141.0880000 148.2850000 116.7370000 140.0520000
 146.5100000 116.4410000 141.3930000 146.0710000 116.7500000 142.0650000
 145.9180000 115.3290000 140.6320000 146.5750000 114.6180000 140.5690000
 144.6940000 114.7630000 141.3710000 144.1580000 115.4920000 141.7210000
 143.7740000 113.8940000 140.5150000 143.1620000 113.4040000 141.0870000
 143.2530000 114.4600000 139.9240000 144.2970000 113.2680000 139.9900000
 145.1660000 113.9830000 142.4450000 144.4890000 113.6820000 142.8400000
 145.5670000 115.7200000 139.1960000 145.9910000 115.0260000 138.2730000
 144.9320000 116.8790000 138.9740000 144.6710000 117.3530000 139.6430000
 144.6280000 117.3610000 137.6200000 144.0340000 116.7300000 137.1840000
 143.9350000 118.7290000 137.6910000 144.4490000 119.3110000 138.2730000
 143.0640000 118.6310000 138.1060000 143.8100000 119.4070000 136.3340000
 144.7880000 120.3420000 135.9460000 145.4780000 120.5610000 136.5300000
 144.7670000 120.9040000 134.6590000 145.4300000 121.5040000 134.4040000
 143.7570000 120.5410000 133.7540000 143.7440000 120.9110000 132.9010000
 142.7800000 119.6080000 134.1310000 142.1240000 119.3610000 133.5200000
 142.8100000 119.0320000 135.4140000 142.1800000 118.3860000 135.6380000
 145.8820000 117.4830000 136.7470000 145.9120000 116.9920000 135.6190000
 146.9250000 118.1120000 137.2850000 146.8440000 118.4310000 138.0800000
 148.1550000 118.4100000 136.5540000 147.9270000 118.8280000 135.7090000
 148.9770000 119.4170000 137.3610000 149.1530000 119.0440000 138.2390000
 149.8120000 119.6000000 136.9030000 148.2610000 120.6270000 137.5240000
 147.7440000 120.5090000 138.1760000 148.9610000 117.1410000 136.2390000
 149.4090000 116.9800000 135.1000000 148.9370000 116.1380000 137.1330000
 148.5770000 116.2810000 137.9010000 149.4230000 114.7890000 136.8220000
 150.3270000 114.8620000 136.4790000 149.4370000 113.8920000 138.0820000
 149.6270000 112.9840000 137.7970000 148.5500000 113.8900000 138.4750000
 150.4570000 114.2590000 139.1800000 150.2440000 115.1290000 139.5520000
 150.3870000 113.2300000 140.3100000 149.4870000 113.2090000 140.6710000
 150.6260000 112.3510000 139.9780000 150.9980000 113.4880000 141.0170000
 151.9010000 114.2760000 138.6740000 152.4910000 114.5280000 139.4010000
 152.1530000 113.4060000 138.3280000 152.0030000 114.9400000 137.9740000
 148.5990000 114.1360000 135.7010000 149.1700000 113.6700000 134.7140000
 147.2660000 114.1730000 135.7880000 146.9110000 114.5370000 136.4820000
 146.3800000 113.5110000 134.8210000 146.6130000 112.5710000 134.7610000
 144.9150000 113.6230000 135.2720000 144.3550000 113.4270000 134.5050000
 144.7260000 114.5350000 135.5430000 144.4790000 112.6890000 136.3850000
 145.4150000 112.0270000 137.2010000 146.3310000 112.1610000 137.1100000
 144.9790000 111.1350000 138.1820000 145.6130000 110.7150000 138.7170000
 143.6210000 110.8590000 138.3570000 143.3380000 110.2530000 139.0040000
 142.6880000 111.5140000 137.5500000 141.7880000 111.3140000 137.6720000
 143.1060000 112.4400000 136.5760000 142.4750000 112.8740000 136.0490000
 146.5340000 114.0890000 133.4170000 146.7100000 113.3350000 132.4560000
 146.5480000 115.4170000 133.3080000 146.4380000 115.8870000 134.0200000
 146.6990000 116.1130000 132.0430000 146.0490000 115.7570000 131.4170000
 146.3710000 117.5930000 132.2820000 145.5160000 117.6710000 132.7340000
 147.0530000 118.0050000 132.8360000 146.3130000 118.0580000 131.4330000
 148.0970000 115.8870000 131.4360000 148.1860000 115.5160000 130.2650000
 149.1610000 115.9310000 132.2530000 149.0380000 116.1530000 133.0750000
 150.5450000 115.6960000 131.8200000 150.7900000 116.3430000 131.1400000
 151.1320000 115.8290000 132.5810000 150.8010000 114.2920000 131.2640000
 151.4170000 114.1450000 130.2060000 150.1830000 113.2640000 131.8590000
 149.7520000 113.4060000 132.5890000 150.2960000 111.9010000 131.3350000
 151.2070000 111.7820000 131.0250000 150.0300000 110.8860000 132.4530000
 150.5250000 111.1430000 133.2460000 149.0830000 110.9160000 132.6610000
 150.3990000 109.4370000 132.0900000 149.8740000 109.1510000 131.3260000
 151.8880000 109.2320000 131.7840000 152.0780000 108.2850000 131.6930000
 152.4250000 109.5880000 132.5090000 152.1160000 109.6730000 130.9510000
 150.0670000 108.5310000 133.2690000 150.2630000 107.6090000 133.0420000
 149.1230000 108.6240000 133.4730000 150.5840000 108.7820000 134.0500000
 149.3850000 111.6680000 130.1270000 149.8080000 111.0100000 129.1780000
 148.1990000 112.2880000 130.0940000 147.9630000 112.7760000 130.7620000
 147.2980000 112.1750000 128.9490000 147.1750000 111.2320000 128.7580000
 145.9200000 112.7740000 129.2740000 145.9090000 113.7200000 129.0590000
 145.6980000 112.6600000 130.2110000 145.2470000 112.3160000 128.7470000
 147.9120000 112.7930000 127.6870000 147.9640000 112.1030000 126.6730000
 148.5600000 113.9630000 127.7910000 148.5240000 114.3870000 128.5380000
 149.2510000 114.5970000 126.6520000 148.6280000 114.5940000 125.9080000
 149.5730000 116.0850000 126.9440000 148.7630000 116.5120000 127.2650000
 150.6590000 116.3230000 128.0030000 151.0430000 117.2080000 127.9040000
 150.2580000 116.2700000 128.8840000 151.3680000 115.6640000 127.9440000
 149.9800000 116.8110000 125.6580000 149.2580000 116.7530000 125.0130000
 150.7840000 116.4230000 125.2780000 150.1420000 117.7490000 125.8450000
 150.4850000 113.8050000 126.1800000 150.7280000 113.6960000 124.9770000
 151.2050000 113.1320000 127.0890000 151.0110000 113.2310000 127.9210000
 152.3610000 112.3020000 126.7230000 152.9210000 112.7920000 126.1010000
 153.1890000 111.9650000 127.9750000 152.6260000 111.5080000 128.6190000
 153.4980000 112.7850000 128.3920000 154.3850000 111.0880000 127.6510000
 154.2300000 109.6900000 127.5710000 153.4080000 109.3040000 127.7710000
 155.2890000 108.8850000 127.1180000 155.1630000 107.9680000 127.0280000
 156.5190000 109.4720000 126.7760000 157.2180000 108.9400000 126.4690000
 156.6890000 110.8650000 126.8870000 157.5000000 111.2600000 126.6590000
 155.6200000 111.6740000 127.3150000 155.7220000 112.5970000 127.3550000
 151.9470000 111.0240000 125.9950000 152.5420000 110.6490000 124.9790000
 150.9540000 110.3260000 126.5520000 150.5750000 110.6420000 127.2560000
 150.3930000 109.1330000 125.9270000 151.1190000 108.5210000 125.7310000
 149.4110000 108.4280000 126.8880000 148.7410000 109.0640000 127.1840000
 148.7040000 107.2900000 126.1380000 148.1180000 106.8020000 126.7370000
 148.1570000 107.6410000 125.4180000 149.3730000 106.6950000 125.7650000
 150.1700000 107.8810000 128.1270000 150.5880000 108.6210000 128.5950000
 150.8820000 107.2900000 127.8380000 149.2910000 107.1350000 129.1440000
 149.7600000 107.0710000 129.9910000 149.1110000 106.2330000 128.8350000
 148.4540000 107.6080000 129.2760000 149.7560000 109.5010000 124.5820000
 150.0480000 108.8240000 123.5970000 149.0810000 110.6540000 124.5040000
 148.9190000 111.0920000 125.2260000 148.4950000 111.1740000 123.2660000
 147.8580000 110.5260000 122.9270000 147.7260000 112.4820000 123.5010000
 148.3320000 113.2060000 123.7230000 147.1020000 112.3690000 124.2350000
 146.9320000 112.8120000 122.2380000 147.5450000 113.3710000 121.3110000
 145.9530000 112.0510000 122.0350000 149.5180000 111.3140000 122.1510000
 149.4920000 110.5140000 121.2140000 150.6000000 112.0420000 122.4310000
 150.5860000 112.5270000 123.1410000 151.6970000 112.2000000 121.4880000
 151.3590000 112.6630000 120.7050000 152.7870000 113.0480000 122.1360000
 152.4540000 113.9550000 122.2180000 152.9670000 112.7150000 123.0290000
 154.0760000 113.0340000 121.3320000 154.1120000 113.6720000 120.0830000
 153.3580000 114.1330000 119.7940000 155.2690000 113.6160000 119.2880000
 155.2830000 114.0460000 118.4630000 156.3980000 112.9170000 119.7510000
 157.1670000 112.8830000 119.2290000 156.3680000 112.2770000 121.0040000
 157.1160000 111.8230000 121.3200000 155.2050000 112.3330000 121.7940000
 155.1780000 111.9120000 122.6230000 152.3040000 110.8740000 121.0180000
 152.5460000 110.6930000 119.8190000 152.6160000 109.9650000 121.9490000
 152.4040000 110.1290000 122.7660000 153.2810000 108.7100000 121.6070000
 154.0770000 108.9260000 121.0970000 153.6850000 107.9700000 122.8930000
 152.8900000 107.8130000 123.4260000 154.2820000 108.5350000 123.4090000
 154.3640000 106.6140000 122.6100000 153.7330000 106.0120000 122.1860000
 155.5880000 106.7560000 121.6940000 156.1280000 105.9510000 121.7250000
 156.1170000 107.5210000 121.9700000 155.2920000 106.8880000 120.7800000
 154.8030000 105.9650000 123.9190000 155.1940000 105.0960000 123.7390000
 155.4470000 106.5330000 124.3700000 154.0270000 105.8440000 124.4880000
 152.3870000 107.8270000 120.7340000 152.8450000 107.2060000 119.7680000
 151.1170000 107.7150000 121.1060000 150.8280000 108.1830000 121.7670000
 150.1890000 106.8620000 120.3890000 150.6300000 106.0260000 120.1700000
 148.9860000 106.5520000 121.2710000 148.6550000 107.3660000 121.6830000
 148.3220000 106.2280000 120.6430000 149.1060000 105.4320000 122.3130000
 148.3570000 105.5110000 122.9240000 148.9960000 104.0690000 121.6160000
 149.0010000 103.3610000 122.2790000 149.7400000 103.9430000 121.0060000
 148.1590000 104.0210000 121.1280000 150.4090000 105.4730000 123.1090000
 150.4340000 104.7450000 123.7500000 151.1740000 105.3860000 122.5190000
 150.4570000 106.3140000 123.5890000 149.7540000 107.4980000 119.0680000
 149.6860000 106.7820000 118.0690000 149.6700000 108.8290000 118.9920000
 149.7160000 109.2900000 119.7170000 149.5700000 109.5450000 117.7240000
 148.7920000 109.2010000 117.2580000 149.3680000 111.0560000 117.9410000
 149.5590000 111.3050000 118.8590000 149.9750000 111.5620000 117.3780000
 147.9260000 111.4680000 117.6100000 147.7850000 111.4010000 116.6530000
 147.3000000 110.8840000 118.0660000 147.6650000 112.9050000 118.0290000
 148.4980000 113.7660000 117.7990000 146.4200000 113.2410000 118.2870000
 145.8620000 112.6460000 118.5600000 146.3670000 114.0470000 118.5820000
 150.7840000 109.2420000 116.8350000 150.6210000 108.5680000 115.8190000
 152.0240000 109.5180000 117.2740000 152.1180000 109.9350000 118.0200000
 153.1930000 109.3200000 116.3950000 153.0100000 109.8420000 115.5990000
 154.5010000 109.8600000 117.0310000 154.2740000 110.5970000 117.6190000
 155.2670000 108.8010000 117.8520000 155.9880000 109.2150000 118.3520000
 154.6650000 108.3970000 118.4970000 155.6300000 108.1100000 117.2760000
 155.4060000 110.4130000 115.9060000 154.8930000 111.0450000 115.3780000
 155.6830000 109.6890000 115.3230000 156.6530000 111.1480000 116.4120000
 157.1420000 111.5140000 115.6580000 157.2370000 110.5420000 116.8940000
 156.3840000 111.8740000 116.9960000 153.3580000 107.8660000 115.9180000
 153.8600000 107.6400000 114.8180000 152.9470000 106.8810000 116.7370000
 152.6460000 107.0950000 117.5140000 153.0970000 105.4620000 116.3910000
 153.8460000 105.3960000 115.7790000 153.5110000 104.6550000 117.6420000
 153.8930000 105.2650000 118.2920000 152.4150000 103.8580000 118.3400000
 152.7750000 103.4410000 119.1380000 152.0800000 103.1680000 117.7460000
 151.6900000 104.4460000 118.6050000 154.5280000 103.7420000 117.2900000
 154.7260000 103.3260000 117.9920000 151.9000000 104.9100000 115.5950000
 152.0570000 104.5340000 114.4310000 150.6650000 105.0290000 116.1010000
 150.5570000 105.4320000 116.8530000 149.4770000 104.4990000 115.4230000
 149.6930000 103.6230000 115.0660000 148.3010000 104.3580000 116.4110000
 148.5180000 104.7340000 117.2780000 147.5220000 104.8240000 116.0690000
 147.8910000 102.5970000 116.5810000 146.9930000 102.7370000 117.3640000
 149.0470000 105.3660000 114.2410000 148.7530000 104.8370000 113.1650000
 148.9760000 106.6850000 114.4320000 149.2620000 107.0190000 115.1710000
 148.4350000 107.5910000 113.4210000 147.5670000 107.2550000 113.1500000
 148.2110000 108.9870000 114.0110000 147.6710000 108.9240000 114.8150000
 149.0670000 109.3780000 114.2460000 147.5730000 109.9540000 113.0450000
 148.3850000 110.8650000 112.3450000 149.3030000 110.8770000 112.4940000
 147.8080000 111.7720000 111.4420000 148.3440000 112.3910000 111.0010000
 146.4160000 111.7660000 111.2420000 146.0290000 112.3810000 110.6610000
 145.6040000 110.8550000 111.9440000 144.6810000 110.8630000 111.8270000
 146.1820000 109.9450000 112.8450000 145.6440000 109.3520000 113.3180000
 149.3140000 107.6460000 112.1660000 148.7760000 107.5560000 111.0690000
 150.6420000 107.5140000 112.2900000 150.9770000 107.5270000 113.0820000
 151.5460000 107.3790000 111.1250000 151.3820000 108.1260000 110.5280000
 153.0230000 107.4380000 111.5680000 153.1540000 106.8230000 112.3070000
 154.0180000 107.0650000 110.4550000 153.8950000 106.1400000 110.1910000
 153.8860000 107.6410000 109.6860000 154.9240000 107.1670000 110.7850000
 153.3780000 108.8620000 112.0130000 153.3650000 109.4640000 111.2530000
 154.2620000 108.8660000 112.4130000 152.7470000 109.1740000 112.6800000
 151.2640000 106.1080000 110.3130000 151.2760000 106.1440000 109.0810000
 150.9270000 104.9960000 110.9680000 150.9360000 105.0010000 111.8280000
 150.5420000 103.7560000 110.2820000 151.1630000 103.5970000 109.5540000
 150.6530000 102.5870000 111.2470000 150.2040000 102.7960000 112.0810000
 150.2650000 101.7850000 110.8630000 152.0360000 102.4110000 111.4540000
 152.3530000 101.9010000 110.8670000 149.1470000 103.7960000 109.6700000
 148.9740000 103.2990000 108.5570000 148.1860000 104.4530000 110.3200000
 148.3680000 104.7810000 111.0940000 146.8580000 104.7000000 109.7570000
 146.5010000 103.8670000 109.4110000 145.9280000 105.2200000 110.8600000
 145.1020000 105.5230000 110.4520000 146.3460000 105.9890000 111.2780000
 145.5930000 104.1750000 111.9400000 146.4020000 103.8060000 112.3270000
 144.8010000 104.8740000 113.0350000 145.3350000 105.5740000 113.4420000
 144.0170000 105.2740000 112.6280000 144.5290000 104.2430000 113.7190000
 144.7370000 103.0280000 111.3920000 145.2460000 102.5050000 110.7530000
 143.9420000 103.3830000 110.9640000 144.4690000 102.4450000 112.1200000
 146.9000000 105.6730000 108.5730000 146.3850000 105.3300000 107.5150000
 147.7280000 106.7160000 108.6480000 148.0790000 106.8910000 109.4130000
 148.0320000 107.6280000 107.5450000 147.1950000 107.9920000 107.2160000
 148.8940000 108.7820000 108.1040000 148.4070000 109.2230000 108.8180000
 149.7000000 108.4030000 108.4890000 149.3170000 109.8380000 107.0670000
 149.7980000 109.3980000 106.3490000 148.1210000 110.5940000 106.4870000
 147.5090000 109.9770000 106.0560000 147.6600000 111.0600000 107.2020000
 148.4270000 111.2380000 105.8290000 150.2570000 110.8660000 107.6980000
 151.0490000 110.4220000 108.0400000 149.8110000 111.3240000 108.4280000
 150.5280000 111.5160000 107.0320000 148.7120000 106.8890000 106.3800000
 148.2640000 106.9840000 105.2420000 149.6470000 105.9820000 106.6750000
 149.9320000 105.9470000 107.4860000 150.2580000 105.1050000 105.6740000
 150.6700000 105.6480000 104.9840000 150.9440000 104.5810000 106.1170000
 149.2790000 104.1270000 105.0050000 149.4400000 103.8130000 103.8250000
 148.2660000 103.6340000 105.7270000 148.2080000 103.8720000 106.5510000
 147.1800000 102.8230000 105.1610000 147.5600000 102.1810000 104.5410000
 146.4490000 102.0670000 106.2870000 146.2240000 102.7000000 106.9870000
 145.6130000 101.7220000 105.9360000 147.2300000 100.8960000 106.9100000
 148.1040000 101.1930000 107.2090000 146.4530000 100.3590000 108.1120000
 146.3610000 101.0620000 108.7740000 146.9250000  99.6160000 108.5200000
 145.5690000 100.0670000 107.8400000 147.4240000  99.7390000 105.9230000
 147.9760000 100.0290000 105.1800000 147.8650000  99.0010000 106.3730000
 146.5610000  99.4440000 105.5940000 146.1790000 103.6550000 104.3420000
 145.7950000 103.2160000 103.2560000 145.8160000 104.8490000 104.8140000
 146.1130000 105.0870000 105.5850000 144.9070000 105.7820000 104.1430000
 144.0670000 105.3320000 103.9630000 144.6190000 106.9840000 105.0620000
 145.4470000 107.4500000 105.2570000 144.2500000 106.6620000 105.9000000
 143.6280000 107.9650000 104.4240000 142.6380000 107.4320000 103.8330000
 143.9570000 109.1480000 104.3140000 145.4790000 106.2690000 102.8040000
 144.8810000 106.0590000 101.7530000 146.7710000 106.5910000 102.7770000
 147.1730000 106.7030000 103.5290000 147.4400000 107.0040000 101.5420000
 146.8860000 107.6760000 101.1150000 148.7830000 107.6760000 101.8730000
 149.3490000 107.0250000 102.3170000 149.4380000 108.1220000 100.5630000
 148.8750000 108.7660000 100.1050000 149.5840000 107.3710000  99.9670000
 150.2910000 108.5410000 100.7560000 148.6410000 108.9310000 102.7710000
 147.9820000 108.7880000 103.4690000 148.3350000 109.6830000 102.2400000
 149.9680000 109.2980000 103.4460000 149.8500000 110.0890000 103.9960000
 150.6340000 109.5020000 102.7710000 150.2830000 108.5610000 103.9930000
 147.5830000 105.8350000 100.5390000 147.1580000 105.9710000  99.3890000
 147.9120000 104.6100000 100.9980000 148.1380000 104.5450000 101.8250000
 147.8840000 103.3840000 100.1540000 148.4540000 103.5310000  99.3830000
 148.3850000 102.1620000 100.9480000 147.9490000 102.1500000 101.8140000
 148.1310000 101.3540000 100.4750000 149.9070000 102.1260000 101.1270000
 150.1980000 102.9450000 101.5580000 150.3300000 102.0700000 100.2560000
 150.3410000 100.9200000 101.9780000 149.7880000 100.8780000 102.7740000
 150.2260000 100.1070000 101.4620000 151.8110000 101.1050000 102.3880000
 152.3610000 101.1690000 101.5920000 151.8780000 101.9520000 102.8560000
 152.3110000 100.0200000 103.2720000 152.9760000  99.5850000 102.8720000
 152.6280000 100.3490000 104.0360000 151.6640000  99.4290000 103.4300000
 146.4860000 103.0570000  99.6030000 146.3530000 102.1910000  98.7300000
 145.4330000 103.5560000 100.2560000 145.6040000 104.0620000 100.9300000
 144.0270000 103.4310000  99.8540000 143.9070000 102.6000000  99.3690000
 143.1960000 103.3690000 101.1520000 143.4720000 102.6020000 101.6770000
 143.3710000 104.1620000 101.6820000 141.6900000 103.2950000 100.9180000
 141.4490000 102.4020000 100.6250000 141.4650000 103.9280000 100.2190000
 140.8850000 103.6710000 102.1700000 140.5250000 102.8730000 102.5870000
 141.4630000 104.1140000 102.8110000 139.8040000 104.5860000 101.7700000
 139.2200000 104.3190000 101.1980000 139.7740000 105.8790000 102.0290000
 140.1000000 106.3510000 103.1900000 140.4930000 105.8720000 103.7870000
 139.8420000 107.1310000 103.4430000 139.2940000 106.7060000 101.1480000
 139.3190000 107.5480000 101.3240000 139.1310000 106.4320000 100.3490000
 143.6060000 104.5620000  98.8940000 142.9390000 104.2500000  97.9030000
 144.1130000 105.7850000  99.0740000 144.5520000 105.9270000  99.8000000
 143.9380000 106.9270000  98.1630000 142.9910000 107.0320000  97.9790000
 144.4350000 108.2320000  98.8210000 144.4600000 108.9180000  98.1350000
 145.3370000 108.1170000  99.1590000 143.5100000 108.7250000  99.9520000
 142.5940000 108.6890000  99.6340000 143.5800000 108.1420000 100.7240000
 143.7780000 110.1660000 100.4010000 144.7700000 110.8010000 100.0710000
 142.8120000 110.8010000 101.0260000 142.1210000 110.3700000 101.3020000
 142.9050000 111.6450000 101.1600000 144.6260000 106.7100000  96.8050000
 143.9380000 106.7480000  95.7870000 145.8540000 106.1750000  96.7820000
 146.3040000 106.1620000  97.5150000 146.5380000 105.7540000  95.5400000
 146.6360000 106.5140000  94.9450000 147.9300000 105.2040000  95.8750000
 147.8490000 104.5680000  96.6030000 148.2670000 104.7340000  95.0960000
 148.9600000 106.2800000  96.2380000 148.9930000 106.9290000  95.5180000
 148.6830000 106.7380000  97.0470000 150.3450000 105.6460000  96.4420000
 151.3330000 106.4150000  96.3040000 150.4180000 104.4420000  96.7530000
 145.7800000 104.6590000  94.7670000 145.8370000 104.5910000  93.5410000
 145.0090000 103.8230000  95.4730000 144.9810000 103.9560000  96.3220000
 144.1500000 102.7820000  94.8810000 144.5540000 102.5100000  94.0420000
 144.1160000 101.5600000  95.8160000 143.8590000 101.8470000  96.7060000
 143.4580000 100.9240000  95.4940000 145.4780000 100.8510000  95.8730000
 146.1630000 101.4740000  96.1620000 145.7130000 100.5280000  94.9890000
 145.4320000  99.6660000  96.8440000 145.0780000  99.9650000  97.6960000
 144.8570000  98.9760000  96.4780000 146.8510000  99.1270000  97.0500000
 147.2290000  98.8990000  96.1860000 147.3890000  99.8400000  97.4290000
 146.8600000  97.9480000  97.9490000 147.6910000  97.6420000  98.0400000
 146.3520000  97.2980000  97.6160000 146.5560000  98.1810000  98.7520000
 142.7440000 103.2770000  94.4940000 141.9260000 102.4460000  94.0900000
 142.4470000 104.5740000  94.6470000 143.0750000 105.0860000  94.9350000
 141.1450000 105.2170000  94.4110000 141.1880000 106.0950000  94.8220000
 140.9060000 105.4410000  92.8950000 141.0400000 104.6030000  92.4250000
 139.9840000 105.7050000  92.7520000 141.7530000 106.5350000  92.2550000
 141.7530000 107.6880000  92.6690000 142.2740000 106.2770000  91.0760000
 142.1830000 105.5020000  90.7150000 142.6750000 106.9230000  90.6740000
 139.9690000 104.4900000  95.1090000 139.0310000 104.0480000  94.4470000
 140.0330000 104.2440000  96.4270000 140.7170000 104.5340000  96.8600000
 138.9290000 103.6080000  97.1930000 138.2680000 103.2520000  96.5790000
 139.4600000 102.4300000  98.0160000 138.7250000 102.0380000  98.5130000
 140.1110000 102.7710000  98.6490000 140.1190000 101.3400000  97.1580000
 139.4640000 100.9740000  96.5440000 140.8630000 101.7090000  96.6570000
 140.6390000 100.2360000  98.0770000 141.3180000 100.6020000  98.6650000
 139.8920000  99.9320000  98.6160000 141.1910000  99.0920000  97.3290000
 141.4130000  99.2430000  96.5120000 141.3100000  97.8640000  97.8030000
 140.9470000  97.5480000  99.0160000 140.5040000  98.1300000  99.4690000
 140.9890000  96.7410000  99.3100000 141.8180000  96.9190000  97.0590000
 141.9540000  97.0720000  96.2240000 141.8080000  96.1100000  97.3490000
 138.1730000 104.6110000  98.0740000 138.7900000 105.5170000  98.6290000
 136.8700000 104.3970000  98.2760000 136.5220000 103.6820000  97.9480000
 136.0110000 105.2600000  99.1080000 136.1700000 106.1820000  98.8530000
 134.5280000 104.9190000  98.8480000 133.9740000 105.3640000  99.5090000
 134.4100000 103.9630000  98.9610000 134.0410000 105.3310000  97.4430000
 134.6730000 105.0260000  96.7730000 132.6720000 104.7320000  97.1300000
 132.7220000 103.7650000  97.1790000 132.4000000 104.9820000  96.2330000
 132.0110000 105.0420000  97.7690000 133.8570000 106.8400000  97.3200000
 134.6700000 107.3050000  97.5720000 133.6350000 107.0730000  96.4050000
 133.1400000 107.1250000  97.9080000 136.3560000 105.1780000 100.6070000
 136.9590000 104.1960000 101.0430000 136.0350000 106.2450000 101.3510000
 135.7280000 106.9350000 100.9400000 136.4800000 106.4750000 102.7360000
 137.4350000 106.3130000 102.7840000 136.2650000 107.9610000 103.1050000
 136.5350000 108.5060000 102.3490000 135.3230000 108.1280000 103.2650000
 137.0830000 108.4470000 104.3060000 138.1800000 107.8640000 104.5460000
 136.5840000 109.2930000 105.0540000 135.9060000 105.4750000 103.7500000
 136.5660000 104.5020000 104.1170000 134.5990000 105.5680000 103.9950000
 134.1900000 106.2620000 103.6940000 133.8930000 104.7000000 104.9510000
 134.4340000 104.6160000 105.7520000 132.5570000 105.3820000 105.3430000
 132.0500000 105.5350000 104.5300000 131.7070000 104.4930000 106.2680000
 131.5080000 103.6440000 105.8440000 132.1820000 104.3280000 107.0970000
 130.8610000 104.9220000 106.4680000 132.8350000 106.7540000 106.0160000
 133.2400000 106.6110000 106.8860000 133.4650000 107.2670000 105.4860000
 131.5990000 107.6470000 106.1780000 131.8750000 108.5050000 106.5360000
 130.9650000 107.2470000 106.7940000 131.1760000 107.7870000 105.3160000
 133.7080000 103.2750000 104.3890000 133.8100000 102.2900000 105.1150000
 133.5550000 103.1430000 103.0670000 133.5800000 103.8630000 102.5970000
 133.3990000 101.8580000 102.3770000 133.2390000 101.1680000 103.0400000
 132.1580000 101.8950000 101.4750000 132.2590000 102.6010000 100.8170000
 132.0960000 101.0530000 100.9980000 130.8660000 102.0920000 102.2450000
 130.3280000 101.0260000 102.9920000 130.7590000 100.2020000 103.0120000
 129.1440000 101.2050000 103.7280000 128.7950000 100.5030000 104.2290000
 128.4960000 102.4520000 103.7220000 127.7160000 102.5710000 104.2150000
 129.0330000 103.5200000 102.9820000 128.6060000 104.3460000 102.9870000
 130.2180000 103.3420000 102.2450000 130.5730000 104.0540000 101.7640000
 134.6810000 101.4550000 101.6370000 134.7250000 101.4040000 100.4060000
 135.6700000 100.9810000 102.4000000 135.5730000 101.0610000 103.2510000
 137.0290000 100.6720000 101.9270000 137.4080000 101.4920000 101.5730000
 137.8830000 100.2140000 103.1240000 137.7490000  99.2640000 103.2640000
 138.8200000 100.3580000 102.9190000 137.4670000 101.0700000 104.6760000
 137.1710000 102.1500000 104.2450000 137.1110000  99.5960000 100.8200000
 138.1760000  99.3790000 100.2330000 136.0390000  98.8230000 100.6290000
 135.3540000  98.9810000 101.1250000 135.9230000  97.7730000  99.6160000
 136.7880000  97.3500000  99.4970000 134.9440000  96.7090000 100.1360000
 134.0760000  97.1090000 100.3040000 134.8420000  96.0100000  99.4710000
 135.6020000  95.9910000 101.6710000 134.7090000  95.2190000 101.8880000
 135.4950000  98.2940000  98.2320000 135.7300000  97.6090000  97.2370000
 134.8910000  99.4850000  98.1410000 134.8220000  99.9720000  98.8460000
 134.3990000 100.0540000  96.8770000 134.2020000  99.3260000  96.2670000
 133.0820000 100.8250000  97.0840000 133.2680000 101.5940000  97.6460000
 132.4940000 101.2900000  95.7410000 133.1110000 101.8780000  95.2770000
 132.2950000 100.5260000  95.1780000 131.6720000 101.7820000  95.8960000
 132.0050000  99.9870000  97.7870000 132.3000000  99.7380000  98.6770000
 131.8090000  99.1870000  97.2740000 131.1940000 100.5100000  97.8790000
 135.4760000 100.9370000  96.2370000 135.9850000 101.8770000  96.8530000
 135.8430000 100.6210000  94.9900000 135.4120000  99.9870000  94.6010000
 136.7630000 101.4190000  94.1660000 137.4140000 101.8470000  94.7440000
 137.5110000 100.4800000  93.2010000 137.7190000  99.6600000  93.6750000
 136.9370000 100.2560000  92.4520000 138.8340000 101.0680000  92.6830000
 139.3810000 101.3330000  93.4390000 138.6610000 101.8440000  92.1270000
 139.5870000 100.0070000  91.8660000 139.0830000  99.8220000  91.0580000
 139.6470000  99.1930000  92.3910000 140.9490000 100.4430000  91.5090000
 141.1750000 101.2440000  91.7260000 141.8440000  99.7490000  90.8270000
 141.6220000  98.5300000  90.4200000 142.1730000  98.1900000  89.8540000
 140.8080000  98.2540000  90.4470000 142.9920000 100.2670000  90.5290000
 143.4350000  99.8800000  89.9010000 142.8970000 101.0890000  90.2940000
 135.9820000 102.5220000  93.4420000 134.9730000 102.2350000  92.8040000
 136.4010000 103.7720000  93.6160000 137.1540000 103.8770000  94.0170000
 135.9160000 104.9080000  92.8340000 134.9460000 104.9030000  92.8220000
 136.2150000 105.7330000  93.2480000 136.4310000 104.8730000  91.3910000
 137.2930000 104.0660000  91.0430000 135.8820000 105.7470000  90.5460000
 135.2990000 106.3060000  90.8420000 136.3020000 105.8790000  89.1530000
 136.2050000 105.0130000  88.7260000 135.3550000 106.8630000  88.4550000
 135.6110000 106.9570000  87.5240000 134.4440000 106.5340000  88.5000000
 135.4080000 107.7320000  88.8820000 137.7820000 106.3040000  89.0250000
 138.2530000 107.1890000  89.7400000 138.5070000 105.6760000  88.0980000
 138.1350000 105.0580000  87.6310000 139.8870000 106.0290000  87.7450000
 140.3660000 106.2800000  88.5500000 140.5970000 104.8010000  87.1360000
 140.0180000 104.3800000  86.4820000 141.4140000 105.0850000  86.6980000
 140.9690000 103.7980000  88.2370000 141.5550000 104.2470000  88.8660000
 140.1690000 103.5330000  88.7170000 141.6840000 102.5370000  87.7420000
 142.2120000 101.8540000  88.6570000 141.5150000 102.1240000  86.5810000
 139.9410000 107.2420000  86.8000000 140.0210000 107.0880000  85.5830000
 140.0270000 108.4480000  87.3710000 139.9690000 108.5030000  88.2270000
 140.4700000 109.6400000  86.6360000 140.2040000 109.5520000  85.7070000
 139.8010000 110.9160000  87.1820000 139.8630000 110.9230000  88.1500000
 140.2930000 111.6820000  86.8470000 138.3330000 111.0820000  86.7530000
 138.0340000 110.7630000  85.5800000 137.5970000 111.7750000  87.4950000
 142.0040000 109.7400000  86.6680000 142.6170000 109.8960000  87.7260000
 142.6360000 109.6740000  85.4920000 142.1460000 109.5330000  84.8000000
 144.0950000 109.5680000  85.3260000 144.2900000 109.3120000  84.4110000
 144.4200000 108.8650000  85.9100000 144.9090000 110.8290000  85.6400000
 146.0880000 110.8890000  85.2930000 144.3080000 111.8650000  86.2310000
 143.5160000 111.7440000  86.5440000 145.0590000 113.0400000  86.6860000
 145.6970000 113.2890000  85.9990000 144.1660000 114.2650000  86.9250000
 144.7160000 114.9840000  87.2730000 143.5150000 114.7420000  85.6270000
 142.9800000 115.5320000  85.8040000 142.9470000 114.0460000  85.2610000
 144.2040000 114.9650000  84.9820000 143.1620000 113.9700000  87.8660000
 143.5110000 113.4260000  88.4020000 145.8380000 112.6880000  87.9480000
 145.2660000 112.5580000  89.0370000 147.1630000 112.6730000  87.8010000
 147.4740000 112.7960000  87.0090000 148.1320000 112.7480000  88.8920000
 148.1910000 111.8780000  89.3170000 149.5120000 113.1000000  88.3110000
 150.1110000 113.3530000  89.0310000 149.8730000 112.3210000  87.8590000
 149.4210000 114.1670000  87.3830000 150.1770000 114.3570000  87.0690000
 147.7070000 113.7750000  89.9470000 147.2240000 114.8650000  89.6350000
 147.8460000 113.4000000  91.2210000 148.1520000 112.6150000  91.3930000
 147.5190000 114.2660000  92.3600000 146.6300000 114.6310000  92.2290000
 147.5200000 113.4740000  93.6870000 148.3980000 113.0840000  93.8200000
 147.1800000 114.3580000  94.8980000 147.8130000 115.0880000  94.9780000
 147.2490000 113.8270000  95.7070000 146.2770000 114.7060000  94.8250000
 146.4880000 112.3360000  93.6580000 146.6590000 111.7350000  92.9160000
 146.5570000 111.8220000  94.4780000 145.5890000 112.6940000  93.5860000
 148.5090000 115.4290000  92.3910000 149.5840000 115.3260000  92.9690000
 148.2080000 116.5030000  91.6650000 147.5670000 116.4480000  91.0940000
 148.9780000 117.7380000  91.7570000 149.9170000 117.5020000  91.7000000
 148.6250000 118.6890000  90.5900000 148.0060000 118.2340000  89.9980000
 148.1770000 119.4820000  90.9230000 149.8730000 119.1180000  89.7860000
 150.2380000 119.9280000  90.1750000 150.5540000 118.4300000  89.8460000
 149.6270000 119.3550000  88.2940000 148.5280000 119.2870000  87.7730000
 150.6640000 119.6270000  87.5310000 150.4990000 119.7240000  86.6930000
 151.4550000 119.6870000  87.8640000 148.7370000 118.3580000  93.1390000
 147.5840000 118.4870000  93.5860000 149.8340000 118.6890000  93.8220000
 150.6000000 118.4710000  93.4980000 149.8450000 119.4200000  95.0820000
 149.3180000 118.9390000  95.7390000 151.2930000 119.4790000  95.5860000
 151.3290000 119.9620000  96.4260000 151.8560000 119.9330000  94.9390000
 151.6320000 118.5820000  95.7300000 149.2390000 120.8200000  94.8800000
 149.8750000 121.7190000  94.3320000 147.9480000 120.9690000  95.1830000
 147.5330000 120.3120000  95.5510000 147.2780000 122.2680000  95.1530000
 147.7140000 122.8240000  94.4890000 145.8160000 122.1450000  94.6920000
 145.4080000 123.0240000  94.7270000 145.8100000 121.8480000  93.7690000
 145.0190000 121.2470000  95.4450000 144.2200000 121.4630000  95.3010000
 147.4450000 122.9580000  96.5080000 147.0010000 122.4430000  97.5340000
 148.0730000 124.1390000  96.4990000 148.3960000 124.4280000  95.7560000
 148.1950000 125.0040000  97.6780000 148.7420000 124.5560000  98.3420000
 148.8600000 126.3510000  97.3010000 148.7540000 126.9410000  98.0640000
 148.3620000 126.7380000  96.5640000 150.3630000 126.3160000  96.9170000
 150.8510000 125.8820000  97.6350000 150.4630000 125.7660000  96.1240000
 150.9760000 127.7250000  96.6470000 152.2280000 127.8790000  96.6240000
 150.2030000 128.7080000  96.5760000 146.7980000 125.2560000  98.2880000
 145.8560000 125.6150000  97.5750000 146.6360000 125.0510000  99.6020000
 147.3140000 124.8330000 100.0840000 145.3810000 125.3870000 100.2880000
 144.6560000 124.9490000  99.8150000 145.3720000 124.8590000 101.7330000
 144.5130000 125.0510000 102.1410000 145.4970000 123.8970000 101.7220000
 146.3890000 125.4670000 102.5040000 146.3630000 125.1650000 103.2870000
 145.1290000 126.9000000 100.2410000 146.0610000 127.7070000 100.2200000
 143.8570000 127.3090000 100.2910000 143.2320000 126.7190000 100.2630000
 143.4880000 128.7300000 100.2740000 143.8220000 129.1270000  99.4550000
 141.9540000 128.8180000 100.2690000 141.6000000 128.4570000 101.0970000
 141.5970000 128.3110000  99.5230000 141.4380000 130.5490000 100.1030000
 140.2530000 130.3610000 100.1220000 144.1230000 129.5170000 101.4440000
 144.7250000 130.5680000 101.2260000 144.2090000 128.8770000 102.6170000
 143.8100000 128.1180000 102.6890000 144.9160000 129.3830000 103.7980000
 144.5930000 130.2790000 103.9820000 144.5720000 128.4850000 105.0070000
 144.7840000 127.5680000 104.7740000 145.1310000 128.7320000 105.7600000
 143.0870000 128.5660000 105.4390000 142.5260000 128.4290000 104.6600000
 142.7140000 127.4810000 106.4510000 141.7720000 127.2650000 106.3640000
 142.8580000 127.7980000 107.3560000 143.2280000 126.6720000 106.3010000
 142.7450000 129.9210000 106.0640000 142.7870000 130.6240000 105.3970000
 143.3650000 130.1210000 106.7820000 141.8460000 129.8960000 106.4280000
 146.4380000 129.5200000 103.5790000 146.9620000 130.6100000 103.8030000
 147.1070000 128.5550000 102.9290000 146.7040000 127.8260000 102.7150000
 148.5330000 128.6850000 102.5730000 149.0310000 128.8940000 103.3780000
 149.0750000 127.3700000 101.9770000 148.5670000 127.1520000 101.1800000
 148.9330000 126.6490000 102.6100000 150.5550000 127.4090000 101.6150000
 150.9630000 127.6160000 100.2860000 150.3280000 127.7360000  99.6170000
 152.3300000 127.6680000  99.9640000 152.5910000 127.7940000  99.0800000
 153.3070000 127.5840000 100.9680000 154.2080000 127.6790000 100.7590000
 152.9030000 127.3890000 102.2950000 153.5260000 127.3750000 102.9850000
 151.5410000 127.2680000 102.6070000 151.3010000 127.1200000 103.4930000
 148.7970000 129.8490000 101.6250000 149.6650000 130.6840000 101.8840000
 147.9250000 130.0210000 100.6300000 147.3160000 129.4230000 100.5290000
 148.0130000 131.1260000  99.6750000 148.9150000 131.1360000  99.3190000
 147.0330000 130.8380000  98.5350000 147.1140000 129.9060000  98.2780000
 146.1240000 131.0020000  98.8310000 147.3560000 131.7040000  97.3190000
 148.2720000 131.5400000  97.0450000 147.2480000 132.6420000  97.5430000
 146.4140000 131.3410000  96.1740000 146.5220000 130.3980000  95.9760000
 145.5010000 131.5030000  96.4590000 146.7130000 132.1380000  94.9730000
 147.3650000 132.6940000  95.0390000 146.1310000 132.0150000  93.7960000
 145.1820000 131.1460000  93.5890000 144.8220000 131.0530000  92.8130000
 144.9660000 130.6220000  94.2360000 146.4930000 132.7730000  92.8000000
 146.1170000 132.6830000  92.0320000 147.1270000 133.3460000  92.9010000
 147.7820000 132.4940000 100.3290000 148.4720000 133.4480000  99.9730000
 146.8910000 132.5870000 101.3190000 146.4350000 131.8850000 101.5180000
 146.6920000 133.7980000 102.1240000 146.5510000 134.5500000 101.5270000
 145.4310000 133.6440000 102.9880000 145.4910000 132.8250000 103.5040000
 144.6580000 133.5610000 102.4070000 145.2070000 134.8000000 103.9450000
 145.5930000 134.6880000 105.2950000 145.9670000 133.8990000 105.6140000
 145.4130000 135.7700000 106.1740000 145.6650000 135.6900000 107.0660000
 144.8490000 136.9690000 105.7060000 144.7220000 137.6800000 106.2920000
 144.4620000 137.0850000 104.3590000 144.0750000 137.8750000 104.0570000
 144.6410000 136.0020000 103.4790000 144.3770000 136.0790000 102.5900000
 147.9200000 134.1390000 102.9860000 148.4320000 135.2600000 102.8960000
 148.4810000 133.1480000 103.6910000 148.0970000 132.3780000 103.6990000
 149.6880000 133.3310000 104.5060000 149.5210000 134.0610000 105.1230000
 149.9830000 132.0850000 105.3570000 149.6960000 131.2810000 104.8960000
 150.9390000 132.0170000 105.5040000 149.3080000 132.1930000 106.7060000
 150.0170000 132.7260000 107.8010000 150.9270000 132.9070000 107.7310000
 149.3380000 133.0280000 108.9940000 149.7960000 133.3910000 109.7170000
 147.9530000 132.8220000 109.0840000 147.5000000 133.0550000 109.8620000
 147.2540000 132.2400000 108.0130000 146.3410000 132.0790000 108.0870000
 147.9340000 131.9190000 106.8280000 147.4610000 131.5580000 106.1130000
 150.8980000 133.7350000 103.6680000 151.5130000 134.7650000 103.9480000
 151.1590000 133.0220000 102.5710000 150.6720000 132.3270000 102.4310000
 152.3040000 133.2510000 101.6820000 153.1150000 133.2770000 102.2130000
 152.3700000 132.0600000 100.7160000 151.5600000 132.0480000 100.1830000
 152.3930000 131.2440000 101.2410000 153.5840000 132.0670000  99.7740000
 153.5740000 132.8640000  99.2210000 154.4040000 132.0520000 100.2920000
 153.5060000 130.8190000  98.8860000 152.6500000 130.8100000  98.4290000
 153.5690000 130.0380000  99.4580000 154.6150000 130.7540000  97.8370000
 155.4750000 130.7620000  98.2860000 154.5620000 131.5550000  97.2920000
 154.4710000 129.5330000  96.9930000 154.6370000 129.7120000  96.1370000
 155.0230000 128.8880000  97.2600000 153.6630000 129.1650000  97.0490000
 152.2410000 134.5890000 100.9410000 153.2330000 135.3070000 100.9150000
 151.0900000 134.9370000 100.3600000 150.4340000 134.3830000 100.4000000
 151.0110000 136.0590000  99.4150000 151.8940000 136.2270000  99.0510000
 150.0890000 135.6820000  98.2450000 150.0390000 136.4380000  97.6390000
 149.1960000 135.5180000  98.5860000 150.5380000 134.4760000  97.4390000
 151.6210000 133.9350000  97.5560000 149.7460000 134.0920000  96.4660000
 150.0730000 133.4700000  95.9700000 149.0190000 134.5300000  96.3290000
 150.5460000 137.3850000 100.0330000 150.7150000 138.4210000  99.3960000
 149.8310000 137.3530000 101.1640000 149.6990000 136.5950000 101.5480000
 149.1970000 138.5480000 101.7430000 149.4240000 139.3290000 101.2150000
 147.6700000 138.4100000 101.6940000 147.3950000 138.2050000 100.7870000
 147.3850000 137.6910000 102.2790000 147.0590000 139.6150000 102.1040000
 146.2240000 139.5290000 102.0720000 149.6890000 138.8370000 103.1580000
 150.3550000 139.8450000 103.3870000 149.5130000 137.8810000 104.0720000
 149.1060000 137.1590000 103.8420000 149.7730000 138.1030000 105.4940000
 149.3720000 138.9470000 105.7530000 149.0620000 136.9930000 106.2720000
 149.4210000 136.1390000 105.9840000 148.1190000 137.0060000 106.0470000
 149.2010000 137.0830000 107.7720000 150.1470000 136.2740000 108.4300000
 150.6710000 135.6770000 107.9460000 150.2900000 136.3520000 109.8260000
 150.9100000 135.8200000 110.2710000 149.4670000 137.2260000 110.5620000
 149.5860000 137.2720000 111.9070000 150.3560000 137.0510000 112.1600000
 148.5170000 138.0350000 109.9060000 147.9830000 138.6070000 110.4100000
 148.3850000 137.9650000 108.5070000 147.7550000 138.4940000 108.0730000
 151.2730000 138.2100000 105.8280000 151.6960000 139.2100000 106.4110000
 152.1060000 137.3040000 105.2970000 151.7750000 136.6450000 104.8550000
 153.5540000 137.2930000 105.5800000 153.6480000 137.3930000 106.5400000
 154.2270000 135.9610000 105.1820000 154.3050000 135.8840000 104.2180000
 155.1190000 135.9320000 105.5620000 153.4920000 134.8500000 105.6550000
 152.9640000 134.6450000 105.0350000 154.3140000 138.5000000 105.0140000
 154.9820000 139.1840000 105.7980000 154.0770000 138.9140000 103.7520000
 153.4050000 138.1830000 102.6840000 152.4640000 138.4180000 102.6700000
 153.4970000 137.2210000 102.7640000 154.0720000 138.6480000 101.3980000
 154.8930000 138.1510000 101.2580000 153.4780000 138.5600000 100.6360000
 154.3890000 140.1090000 101.7110000 155.1450000 140.4270000 101.1930000
 153.6030000 140.6480000 101.5290000 154.6990000 140.1220000 103.2130000
 155.6580000 140.0560000 103.3420000 154.1960000 141.4170000 103.8680000
 154.9420000 142.3940000 103.9520000 152.9270000 141.4680000 104.3020000
 152.4240000 140.7770000 104.2060000 152.3600000 142.6530000 104.9530000
 152.5800000 143.4250000 104.4090000 150.8280000 142.5120000 105.0250000
 150.6180000 141.7160000 105.5380000 150.4790000 142.3880000 104.1290000
 150.1120000 143.7120000 105.6750000 150.4890000 143.8930000 106.5500000
 150.2300000 144.9730000 104.8140000 151.1610000 145.2340000 104.7420000
 149.7380000 145.6960000 105.2330000 149.8640000 144.8010000 103.9320000
 148.6300000 143.3920000 105.8630000 148.1750000 144.1510000 106.2600000
 148.2220000 143.1770000 105.0100000 148.5370000 142.6330000 106.4590000
 152.9610000 142.8850000 106.3440000 153.3540000 144.0080000 106.6640000
 153.0470000 141.8230000 107.1490000 152.7460000 141.0720000 106.8570000
 153.5050000 141.8710000 108.5370000 152.9720000 142.5250000 109.0160000
 153.2680000 140.4730000 109.1390000 153.7710000 139.8270000 108.6190000
 152.3290000 140.2450000 109.0610000 153.6940000 140.3490000 110.6120000
 154.6000000 140.6760000 110.7240000 152.7630000 141.1440000 111.5210000
 152.7520000 142.0810000 111.2700000 153.0910000 141.0770000 112.4320000
 151.8640000 140.7840000 111.4660000 153.6730000 138.8870000 111.0420000
 153.9330000 138.8130000 111.9740000 154.3070000 138.3840000 110.5080000
 152.7840000 138.5150000 110.9290000 154.9770000 142.2900000 108.6550000
 155.3350000 143.1300000 109.4800000 155.8240000 141.7380000 107.7850000
 155.5080000 141.1570000 107.2350000 157.2720000 141.9640000 107.7850000
 157.5520000 142.1320000 108.6980000 157.9590000 140.6770000 107.3040000
 157.5820000 140.4300000 106.4450000 158.9070000 140.8360000 107.1740000
 157.7770000 139.5130000 108.3000000 156.8430000 139.4190000 108.5460000
 158.2130000 138.2210000 107.6350000 157.6640000 138.0700000 106.8500000
 159.1430000 138.2830000 107.3680000 158.0950000 137.4770000 108.2460000
 158.6100000 139.7010000 109.5720000 158.3040000 140.4780000 110.0650000
 159.5450000 139.8080000 109.3380000 158.5110000 138.9230000 110.1430000
 157.7060000 143.2130000 107.0010000 158.8940000 143.5280000 106.9420000
 156.7510000 144.0090000 106.5090000 155.9350000 143.7580000 106.6120000
 157.0150000 145.2840000 105.8360000 157.6440000 145.0950000 105.1220000
 155.6930000 145.7750000 105.2270000 155.2280000 145.0080000 104.8580000
 155.1310000 146.1600000 105.9180000 155.9060000 146.7860000 104.0950000
 156.6220000 146.4760000 103.5190000 156.1530000 147.6450000 104.4710000
 154.6260000 146.9170000 103.2580000 154.4110000 146.0500000 102.8810000
 153.8920000 147.1930000 103.8290000 154.8430000 147.9250000 102.1220000
 155.5950000 147.6200000 101.5900000 155.0840000 148.7830000 102.5040000
 153.6380000 148.0530000 101.2620000 153.7720000 148.6610000 100.6260000
 152.9240000 148.2930000 101.7370000 153.4590000 147.2750000 100.8680000
 157.6710000 146.2900000 106.7930000 157.2100000 146.4720000 107.9180000
 158.6110000 147.0860000 106.2730000 158.9040000 146.8690000 105.4940000
 159.4920000 147.9610000 107.0790000 160.0310000 147.4020000 107.6600000
 160.4400000 148.7410000 106.1440000 160.7950000 149.5020000 106.6300000
 159.9290000 149.0940000 105.3990000 161.6460000 147.9400000 105.6270000
 162.0680000 146.9950000 106.3350000 162.3070000 148.4590000 104.7000000
 158.7770000 148.9640000 108.0030000 159.3200000 149.3140000 109.0460000
 157.5710000 149.4250000 107.6500000 157.2200000 149.1220000 106.9260000
 156.7650000 150.3080000 108.5040000 157.3590000 150.8420000 109.0550000
 155.9520000 151.2680000 107.6290000 156.5510000 151.7240000 107.0170000
 155.5660000 151.9430000 108.2080000 154.8330000 150.6410000 106.8520000
 154.9430000 150.1260000 105.6090000 155.7270000 150.1330000 105.1080000
 153.7270000 149.5990000 105.2240000 153.5860000 149.2100000 104.4700000
 152.7630000 149.7650000 106.1910000 151.4020000 149.4290000 106.2450000
 150.9860000 148.9960000 105.5350000 150.6660000 149.7720000 107.3890000
 149.7600000 149.5690000 107.4440000 151.3050000 150.4100000 108.4660000
 150.8120000 150.6270000 109.2240000 152.6780000 150.7220000 108.4070000
 153.0870000 151.1400000 109.1300000 153.4430000 150.4220000 107.2590000
 155.8340000 149.5600000 109.4670000 155.5330000 150.0920000 110.5280000
 155.4110000 148.3300000 109.1520000 155.7490000 147.9360000 108.4670000
 154.5550000 147.5440000 110.0480000 153.8670000 148.1310000 110.3990000
 153.8600000 146.4180000 109.2610000 153.4200000 146.7980000 108.4850000
 154.5230000 145.7830000 108.9490000 152.8190000 145.6700000 110.1070000
 152.4370000 144.9580000 109.5700000 153.2660000 145.2580000 110.8630000
 151.4610000 146.6930000 110.7460000 150.4970000 146.9860000 109.2380000
 150.0250000 146.1760000 108.9900000 151.0850000 147.2550000 108.5150000
 149.8540000 147.6930000 109.4030000 155.3510000 147.0070000 111.2450000
 154.9570000 147.2120000 112.3890000 156.5970000 146.5760000 111.0070000
 156.8320000 146.5050000 110.1830000 157.5090000 146.0670000 112.0440000
 157.1130000 145.2630000 112.4140000 158.8440000 145.6740000 111.4100000
 159.4680000 145.4690000 112.1240000 159.1940000 146.4230000 110.9020000
 158.7350000 144.4400000 110.5030000 158.5550000 143.6500000 111.0360000
 158.0110000 144.5520000 109.8670000 160.0420000 144.2540000 109.7290000
 159.9640000 143.4650000 109.1700000 160.1720000 145.0300000 109.1620000
 161.1950000 144.0730000 110.6260000 161.0490000 143.6600000 111.3660000
 162.4620000 144.2060000 110.2980000 162.8390000 144.6130000 109.1170000
 163.6720000 144.6960000 108.9190000 162.2420000 144.8360000 108.5400000
 163.3770000 143.9030000 111.1720000 163.1300000 143.6270000 111.9480000
 164.2020000 143.8220000 110.9420000 157.7340000 146.9970000 113.2540000
 157.7540000 146.4560000 114.3530000 157.9780000 148.3220000 113.1310000
 158.3830000 149.0260000 111.9290000 157.7710000 148.8750000 111.1920000
 159.2770000 148.7410000 111.6830000 158.4150000 150.5060000 112.3020000
 159.0340000 151.0060000 111.7470000 157.5250000 150.8870000 112.2480000
 158.8660000 150.4600000 113.7550000 159.8240000 150.3170000 113.8010000
 158.6230000 151.2650000 114.2390000 158.1370000 149.2210000 114.2790000
 158.7060000 148.8040000 114.9440000 156.8210000 149.6200000 114.9630000
 156.8180000 149.7430000 116.1840000 155.7000000 149.7740000 114.2420000
 155.7140000 149.6610000 113.3900000 154.4130000 150.0550000 114.9100000
 154.5790000 150.7290000 115.5870000 153.3420000 150.6640000 113.9650000
 152.6880000 151.0940000 114.5390000 153.9400000 151.7830000 113.0900000
 153.2320000 152.3050000 112.6810000 154.4860000 152.3750000 113.6300000
 154.4890000 151.4030000 112.3860000 152.5650000 149.6050000 113.1500000
 152.0860000 149.0300000 113.7660000 153.1920000 149.0630000 112.6460000
 151.5310000 150.1640000 112.1700000 150.9060000 149.4620000 111.9320000
 151.0400000 150.8970000 112.5740000 151.9840000 150.4700000 111.3680000
 153.9180000 148.8110000 115.6650000 153.5210000 148.9310000 116.8190000
 154.0970000 147.6110000 115.0930000 154.3790000 147.5930000 114.2810000
 153.6090000 146.3470000 115.6710000 152.6970000 146.5090000 115.9600000
 153.4770000 145.2580000 114.5950000 153.1070000 145.6570000 113.7920000
 154.8000000 144.5910000 114.2360000 154.6900000 144.1040000 113.4040000
 155.4790000 145.2730000 114.1130000 155.0730000 143.9850000 114.9430000
 152.5220000 144.1580000 115.0490000 152.4790000 143.4780000 114.3580000
 152.8280000 143.7610000 115.8790000 151.6340000 144.5240000 115.1830000
 154.4260000 145.8770000 116.8880000 153.8550000 145.4620000 117.8920000
 155.7490000 146.0800000 116.8900000 156.1270000 146.3630000 116.1710000
 156.5730000 145.8710000 118.0940000 156.3280000 145.0120000 118.4710000
 158.0750000 145.7910000 117.7350000 158.1740000 145.1050000 117.0570000
 158.5720000 147.1130000 117.1540000 157.8780000 147.5070000 116.6020000
 158.7920000 147.7400000 117.8600000 159.3450000 146.9420000 116.5940000
 158.9740000 145.4160000 118.9340000 158.8970000 146.0940000 119.6230000
 158.6690000 144.5730000 119.3040000 160.4620000 145.2670000 118.5670000
 160.9660000 145.0230000 119.3590000 160.8210000 146.1040000 118.2330000
 160.5720000 144.5790000 117.8920000 156.2630000 146.9200000 119.1750000
 156.0180000 146.5250000 120.3090000 156.1050000 148.2070000 118.8180000
 156.2480000 148.4340000 118.0010000 155.8110000 149.2860000 119.7700000
 156.4660000 149.2500000 120.4850000 155.9720000 150.6390000 119.0660000
 155.8000000 151.3520000 119.7000000 155.3400000 150.7100000 118.3340000
 156.8760000 150.7330000 118.7260000 154.4190000 149.1860000 120.4210000
 154.2800000 149.5220000 121.6010000 153.4060000 148.6840000 119.7030000
 153.5330000 148.5100000 118.8710000 152.0930000 148.3990000 120.2990000
 151.8410000 149.1690000 120.8320000 150.9880000 148.2220000 119.2250000
 151.0360000 148.9890000 118.6330000 151.1900000 146.9760000 118.3500000
 150.4800000 146.8700000 117.6970000 152.0210000 147.1230000 117.8710000
 151.2570000 146.1620000 118.8730000 149.5870000 148.2390000 119.8710000
 149.5180000 147.5430000 120.5430000 149.4780000 149.0980000 120.3080000
 148.4370000 148.0680000 118.8670000 147.6200000 148.4270000 119.2480000
 148.3050000 147.1260000 118.6760000 148.6350000 148.5400000 118.0430000
 152.1800000 147.2150000 121.2670000 151.7160000 147.3250000 122.3930000
 152.9090000 146.1520000 120.9210000 153.2580000 146.1270000 120.1360000
 152.9240000 144.9180000 121.7070000 152.0340000 144.7430000 122.0500000
 153.3220000 143.7730000 120.7750000 153.5680000 143.0020000 121.3100000
 154.1130000 144.0310000 120.2770000 152.2520000 143.2930000 119.8050000
 150.8730000 143.5650000 119.9680000 150.5650000 144.1420000 120.6290000
 149.9210000 142.9380000 119.1450000 149.0150000 143.1090000 119.2690000
 150.3330000 142.0080000 118.1790000 149.7020000 141.5530000 117.6690000
 151.7010000 141.7600000 118.0030000 151.9960000 141.1280000 117.3880000
 152.6510000 142.4260000 118.7810000 153.5540000 142.2500000 118.6470000
 153.7830000 144.9920000 122.9690000 153.2810000 144.6710000 124.0440000
 154.9520000 145.6300000 122.9090000 155.2510000 145.8770000 122.1410000
 155.6950000 146.0270000 124.1200000 155.8150000 145.2440000 124.6800000
 157.0950000 146.5620000 123.7730000 157.5510000 146.7980000 124.5960000
 157.9440000 145.4860000 123.0800000 158.8390000 145.8280000 122.9270000
 157.5500000 145.2300000 122.2310000 158.0050000 144.7060000 123.6530000
 157.0150000 147.8240000 122.9080000 156.1740000 147.8620000 122.4250000
 157.7330000 147.8200000 122.2560000 157.0730000 148.6110000 123.4720000
 154.9290000 147.0530000 124.9650000 155.0340000 147.0030000 126.1820000
 154.0470000 147.8660000 124.3670000 153.9820000 147.8400000 123.5100000
 153.1310000 148.7580000 125.0890000 153.6240000 149.2600000 125.7570000
 152.7410000 149.3810000 124.4560000 151.9810000 148.0500000 125.8000000
 151.7190000 148.3470000 126.9610000 151.4000000 147.0240000 125.1760000
 151.6130000 146.8840000 124.3550000 150.3680000 146.1710000 125.7880000
 149.6980000 146.7440000 126.1940000 149.6640000 145.2880000 124.7350000
 150.3190000 144.6700000 124.3740000 148.5320000 144.4680000 125.3680000
 148.0910000 143.9310000 124.6910000 147.8830000 145.0620000 125.7770000
 148.8800000 143.8710000 126.0490000 149.0690000 146.0870000 123.5560000
 148.0990000 146.0690000 123.5710000 149.3740000 145.6960000 122.7220000
 149.3430000 147.0170000 123.5810000 150.9630000 145.3090000 126.9080000
 150.3900000 145.2690000 127.9950000 152.2100000 144.8400000 126.7460000
 152.5830000 144.9050000 125.9740000 152.9690000 144.2450000 127.8500000
 152.4220000 143.5360000 128.2240000 154.2920000 143.6300000 127.3460000
 154.8160000 144.3200000 126.9090000 154.0880000 142.9390000 126.6970000
 155.1350000 143.0130000 128.4830000 155.2720000 143.6710000 129.1830000
 154.4350000 141.8050000 129.0890000 154.2390000 141.1330000 128.4180000
 153.5930000 142.0800000 129.4840000 154.9930000 141.4230000 129.7840000
 156.5250000 142.5760000 128.0180000 157.0010000 143.3400000 127.6570000
 156.4630000 141.8800000 127.3450000 157.0180000 142.2360000 128.7810000
 153.2110000 145.2520000 128.9810000 152.9480000 144.9270000 130.1340000
 153.6140000 146.4840000 128.6430000 153.8190000 146.6260000 127.8200000
 153.8610000 147.5680000 129.6070000 154.5410000 147.2700000 130.2320000
 154.3970000 148.8200000 128.8970000 153.7540000 149.5430000 128.9720000
 154.5430000 148.6450000 127.9540000 155.6270000 149.2160000 129.4720000
 155.9180000 149.9000000 129.0800000 152.6040000 147.9430000 130.4040000
 152.6890000 148.2080000 131.5980000 151.4240000 147.8920000 129.7750000
 151.4240000 147.7120000 128.9340000 150.1320000 148.0040000 130.4580000
 150.1270000 148.8030000 131.0070000 149.0030000 148.1140000 129.4170000
 149.0700000 148.9750000 128.9760000 149.1260000 147.4330000 128.7370000
 147.6070000 147.9480000 129.9970000 147.0510000 146.6600000 130.1500000
 147.5210000 145.9080000 129.8690000 145.8090000 146.4960000 130.7880000
 145.4660000 145.6440000 130.9320000 145.1000000 147.6210000 131.2430000
 144.2880000 147.5090000 131.6810000 145.6360000 148.9090000 131.0620000
 145.1690000 149.6490000 131.3760000 146.8910000 149.0710000 130.4490000
 147.2570000 149.9220000 130.3620000 149.8870000 146.8270000 131.4020000
 149.5170000 147.0350000 132.5550000 150.1320000 145.6000000 130.9390000
 150.3890000 145.4960000 130.1250000 149.8420000 144.4120000 131.7380000
 148.9210000 144.4640000 132.0370000 149.9580000 143.1480000 130.8880000
 149.3460000 143.1830000 130.1360000 150.8670000 143.0260000 130.5720000
 149.5620000 142.1340000 131.7810000 149.5610000 141.3760000 131.4180000
 150.7060000 144.3160000 133.0070000 150.1590000 144.2300000 134.1040000
 152.0130000 144.6030000 132.9070000 152.3510000 144.7280000 132.1260000
 152.8730000 144.7280000 134.0990000 152.7440000 143.9180000 134.6170000
 154.3730000 144.7850000 133.7040000 154.5710000 144.0170000 133.1450000
 154.6880000 146.0330000 132.8800000 155.6410000 146.1220000 132.7220000
 154.3620000 146.8240000 133.3360000 154.2400000 145.9660000 132.0220000
 155.3470000 144.7530000 134.9020000 155.1330000 145.4580000 135.5330000
 156.2500000 144.9090000 134.5850000 155.3450000 143.4010000 135.6210000
 155.9890000 143.4210000 136.3460000 155.5890000 142.6980000 134.9990000
 154.4650000 143.2230000 135.9880000 152.4450000 145.9000000 135.0130000
 152.5780000 145.7950000 136.2300000 151.8380000 146.9670000 134.4690000
 151.7200000 146.9860000 133.6170000 151.3600000 148.1080000 135.2590000
 152.0920000 148.3950000 135.8260000 150.9460000 149.2730000 134.3430000
 150.0330000 149.1550000 134.0380000 150.9990000 150.1020000 134.8440000
 151.5220000 149.3280000 133.5650000 150.1800000 147.7660000 136.1680000
 150.0650000 148.3210000 137.2570000 149.2380000 146.9830000 135.6430000
 149.3520000 146.7010000 134.8390000 147.9920000 146.6170000 136.3260000
 147.8280000 147.2670000 137.0270000 146.8050000 146.7370000 135.3360000
 146.9060000 146.0880000 134.6220000 145.4640000 146.5050000 136.0270000
 144.7370000 146.9380000 135.5520000 145.4810000 146.8260000 136.9420000
 145.3040000 145.5480000 136.0330000 146.7260000 148.1360000 134.6970000
 147.5130000 148.3100000 134.1570000 145.9520000 148.1890000 134.1140000
 146.6490000 148.8080000 135.3930000 148.1130000 145.2620000 137.0620000
 147.1670000 144.7970000 137.6900000 149.3340000 144.7030000 137.1420000
 149.9810000 145.0880000 136.7260000 149.5600000 143.3490000 137.6590000
 148.9910000 142.7470000 137.1540000 151.0270000 142.9460000 137.4090000
 151.2040000 143.0800000 136.4650000 151.6250000 143.5260000 137.9060000
 151.3060000 141.4680000 137.7670000 150.5030000 140.9450000 137.6170000
 152.4020000 140.9050000 136.8630000 152.1450000 141.0100000 135.9340000
 152.5140000 139.9590000 137.0470000 153.2390000 141.3660000 137.0310000
 151.7830000 141.2580000 139.2120000 151.9850000 140.3200000 139.3530000
 151.0880000 141.4940000 139.8460000 152.5740000 141.7900000 139.3920000
 149.1850000 143.1840000 139.1350000 148.5530000 142.2020000 139.5020000
 149.6300000 144.0870000 140.0100000 149.9940000 144.8070000 139.7110000
 149.4740000 143.9360000 141.4640000 149.5900000 142.9970000 141.6770000
 150.5900000 144.7100000 142.1870000 151.4520000 144.4080000 141.8590000
 150.5410000 144.5050000 143.1340000 150.5020000 146.2190000 142.0240000
 149.7180000 146.7670000 141.2720000 151.4250000 146.9430000 142.6120000
 151.3200000 147.7920000 142.5290000 151.9810000 146.5720000 143.1530000
 148.0680000 144.2930000 141.9870000 147.8940000 144.4570000 143.1940000
 147.0920000 144.4630000 141.0870000 147.2920000 144.3380000 140.2600000
 145.6780000 144.6930000 141.4060000 145.6100000 144.9110000 142.3490000
 145.1530000 145.8710000 140.5600000 144.3940000 145.5780000 140.0310000
 145.8200000 146.1750000 139.9240000 144.6700000 147.0290000 141.4390000
 143.8940000 147.4410000 141.0270000 144.3900000 146.7050000 142.3090000
 145.7700000 148.0780000 141.6060000 146.6450000 147.6620000 141.5680000
 145.6830000 148.4850000 142.4820000 145.6240000 149.1290000 140.4910000
 146.4200000 149.0720000 139.9400000 144.8540000 148.9230000 139.9390000
 145.5500000 150.4790000 141.0990000 145.6120000 151.1210000 140.4850000
 144.7710000 150.5230000 141.5270000 146.1590000 150.5280000 141.7460000
 144.7950000 143.4480000 141.2440000 143.5790000 143.5880000 141.2430000
 145.3850000 142.3050000 140.8900000 146.2450000 142.2780000 140.8830000
 144.6600000 141.0360000 140.7190000 143.9330000 141.1840000 140.0940000
 145.5630000 139.9280000 140.1350000 145.0560000 139.1010000 140.1160000
 145.9250000 140.2640000 138.6810000 145.1180000 140.2680000 138.1420000
 146.5330000 139.5960000 138.3270000 146.3430000 141.1380000 138.6230000
 146.8410000 139.6610000 140.9510000 146.6030000 139.3430000 141.8360000
 147.3720000 140.4680000 141.0430000 147.3740000 138.9780000 140.5150000
 144.0310000 140.5810000 142.0370000 144.6600000 140.6690000 143.0930000
 142.8090000 140.0620000 141.9560000 142.3840000 140.1010000 141.2100000
 142.0760000 139.5520000 143.1140000 142.1030000 140.2290000 143.8080000
 140.5950000 139.3230000 142.7530000 140.5440000 138.8200000 141.9250000
 140.1780000 138.7920000 143.4500000 139.7810000 140.6110000 142.5690000
 140.3780000 141.7080000 142.5510000 138.5430000 140.4770000 142.4690000
 142.7270000 138.2830000 143.6880000 143.4500000 137.5680000 142.9900000
 142.4480000 137.9800000 144.9620000 141.8990000 138.4910000 145.3830000
 142.8990000 136.7490000 145.6260000 143.2930000 136.1710000 144.9540000
 144.0010000 137.0140000 146.6810000 143.6220000 137.5930000 147.3610000
 144.4100000 135.6930000 147.3670000 143.6840000 135.3660000 147.9210000
 145.1860000 135.8350000 147.9310000 144.6200000 135.0220000 146.6980000
 145.2480000 137.7410000 146.1170000 145.7560000 138.1010000 146.8610000
 144.9670000 138.4990000 145.5810000 146.2030000 136.8800000 145.2760000
 146.7520000 137.4560000 144.7210000 145.6980000 136.2770000 144.7080000
 146.7800000 136.3600000 145.8570000 141.7000000 135.9930000 146.2120000
 141.0380000 136.4310000 147.1600000 141.5490000 134.7530000 145.7500000
 142.0300000 134.5320000 145.0720000 140.5930000 133.7740000 146.2560000
 141.0170000 132.9050000 146.1720000 140.4100000 133.9450000 147.1930000
 139.2840000 133.6870000 145.4780000 139.2900000 133.9500000 144.2830000
 138.2740000 133.0170000 146.0380000 138.2770000 132.8650000 146.8840000
 137.0720000 132.6260000 145.2930000 137.0890000 133.0720000 144.4320000
 137.1140000 131.0940000 145.0720000 138.0080000 130.8430000 144.7930000
 136.9330000 130.6500000 145.9150000 136.1210000 130.5750000 144.0220000
 135.2260000 130.7280000 144.3620000 136.3350000 131.2810000 142.6780000
 137.2770000 131.3160000 142.4480000 135.8410000 130.8260000 141.9780000
 136.0070000 132.1930000 142.7260000 136.2650000 129.0750000 143.7550000
 135.5370000 128.7890000 143.1810000 137.1070000 128.8770000 143.3160000
 136.2010000 128.5800000 144.5870000 135.8140000 133.1300000 146.0080000
 135.7680000 133.1000000 147.2340000 134.8020000 133.5930000 145.2700000
 134.8890000 133.6750000 144.4180000 133.6240000 134.2700000 145.8390000
 133.9430000 134.9790000 146.4200000 132.7390000 134.9340000 144.7560000
 132.0490000 134.3120000 144.4760000 132.2650000 135.6760000 145.1640000
 133.4920000 135.4350000 143.5180000 133.6540000 136.6550000 143.4210000
 134.1130000 134.5650000 142.8380000 132.7410000 133.3480000 146.6920000
 131.8030000 133.8190000 147.3250000 132.9330000 132.0190000 146.5600000
 133.5800000 131.7750000 146.0490000 132.1500000 130.9620000 147.2240000
 132.5140000 130.1120000 146.9300000 132.4380000 131.0630000 148.7340000
 132.1670000 131.9380000 149.0540000 133.3990000 130.9980000 148.8490000
 131.7960000 130.0210000 149.6560000 130.8300000 130.0970000 149.6240000
 132.0530000 129.1280000 149.3790000 132.2860000 130.2720000 151.0800000
 133.3750000 129.8690000 151.4670000 131.7050000 131.2450000 151.7550000
 132.1020000 131.5010000 152.4740000 131.0410000 131.6690000 151.4100000
 130.6550000 130.9130000 146.8210000 130.0010000 129.8970000 147.0280000
 130.2160000 131.8930000 146.0200000 130.7250000 132.5850000 145.9780000
 128.8560000 132.0390000 145.4910000 128.2620000 131.4390000 145.9680000
 128.4050000 133.4820000 145.7710000 128.5930000 134.0420000 145.0020000
 128.8980000 133.8330000 146.5290000 127.0270000 133.5440000 146.0760000
 126.8690000 132.9980000 146.6940000 128.7530000 131.6970000 143.9910000
 127.7070000 131.2540000 143.5390000 129.8780000 131.7610000 143.2520000
 130.5940000 132.0360000 143.6410000 129.9880000 131.4120000 141.8180000
 129.1440000 131.6810000 141.4220000 131.1000000 132.2280000 141.1240000
 130.9230000 132.2130000 140.1700000 131.0560000 133.1530000 141.4130000
 132.5240000 131.6710000 141.3420000 132.6000000 130.7570000 141.0270000
 133.5450000 132.4660000 140.5250000 133.7210000 131.9910000 139.6980000
 133.2130000 133.3580000 140.3400000 134.3820000 132.5630000 141.0060000
 132.8330000 131.6480000 142.8360000 133.7950000 131.6250000 142.9610000
 132.4510000 130.8600000 143.2540000 132.5070000 132.4620000 143.2510000
 130.2020000 129.9170000 141.5020000 130.4470000 129.5560000 140.3540000
 130.4830000 129.1140000 142.5330000 130.4060000 129.4300000 143.3290000
 130.6550000 127.6600000 142.3700000 131.1700000 127.4820000 141.5670000
 131.3990000 127.0640000 143.5690000 130.8480000 127.1550000 144.3620000
 131.5500000 126.1210000 143.4010000 132.6510000 127.6980000 143.7910000
 132.9960000 127.3220000 144.4580000 129.3050000 126.9460000 142.2190000
 129.2600000 125.7200000 142.2030000 128.2230000 127.7150000 142.3620000
 128.3400000 128.5660000 142.3300000 126.8360000 127.2900000 142.3130000
 126.7920000 126.3330000 142.4630000 126.0490000 128.0200000 143.4170000
 126.0560000 128.9720000 143.2300000 125.1260000 127.7210000 143.4090000
 126.6200000 127.8040000 144.8230000 126.1110000 128.3570000 145.4360000
 127.5440000 128.0980000 144.8580000 126.5230000 126.0890000 145.3920000
 126.7180000 126.3500000 147.1670000 126.0850000 127.0210000 147.4680000
 127.6220000 126.6470000 147.3540000 126.5350000 125.5170000 147.6300000
 126.2380000 127.6330000 140.9380000 126.6490000 128.6110000 140.3160000
 125.1710000 126.9470000 140.5110000 124.6980000 125.7010000 141.0800000
 125.3610000 125.0080000 140.9380000 124.5180000 125.7800000 142.0300000
 123.4170000 125.3800000 140.3290000 122.6490000 125.6440000 140.8590000
 123.3520000 124.4290000 140.1490000 123.4220000 126.2290000 139.0580000
 123.7960000 125.7400000 138.3080000 122.5250000 126.5300000 138.8440000
 124.3520000 127.3910000 139.3860000 124.9250000 127.5600000 138.6220000
 123.5530000 128.6640000 139.7060000 123.0810000 128.8560000 140.8250000
 123.1830000 129.3960000 138.6480000 123.4910000 129.1680000 137.8780000
 122.4120000 130.6530000 138.7340000 122.8640000 131.2480000 139.3530000
 122.4110000 131.2920000 137.3270000 123.2730000 131.1310000 136.9130000
 121.7460000 130.8420000 136.7830000 122.1620000 132.8110000 137.2540000
 122.3910000 133.5090000 138.2760000 122.0600000 133.2880000 136.1050000
 120.9640000 130.4460000 139.2420000 120.4080000 131.2940000 139.9350000
 120.3510000 129.2920000 138.9360000 120.8020000 128.6900000 138.5190000
 118.9860000 128.9380000 139.3660000 118.4920000 129.7660000 139.4670000
 118.2680000 128.1280000 138.2650000 117.3340000 128.0390000 138.5130000
 118.2930000 128.6470000 137.4460000 118.8250000 126.7230000 137.9710000
 119.7100000 126.2390000 138.7200000 118.3850000 126.1560000 136.9420000
 118.9100000 128.2450000 140.7450000 117.8270000 127.8300000 141.1720000
 120.0350000 128.1150000 141.4570000 120.7520000 128.4770000 141.1490000
 120.0670000 127.5220000 142.7990000 119.5730000 126.6880000 142.7630000
 121.5040000 127.1750000 143.1960000 121.8000000 126.4370000 142.6410000
 122.0900000 127.9350000 143.0560000 121.5840000 126.7300000 144.5330000
 121.0990000 126.0460000 144.5900000 119.3900000 128.4110000 143.8470000
 119.4510000 129.6350000 143.8080000 118.8490000 127.7890000 144.8950000
 118.9560000 126.9370000 144.9410000 118.4180000 128.4980000 146.1040000
 117.9560000 129.3110000 145.8450000 117.4340000 127.6070000 146.8650000
 117.1030000 128.0910000 147.6380000 116.6730000 127.4200000 146.2940000
 118.0500000 126.3030000 147.3210000 118.7260000 126.2440000 148.5550000
 118.7740000 126.9930000 149.1040000 119.3320000 125.0430000 148.9700000
 119.7810000 125.0120000 149.7840000 119.2530000 123.9050000 148.1400000
 119.6440000 122.6990000 148.6350000 120.4280000 122.7630000 148.9300000
 118.6440000 123.9800000 146.8810000 118.6860000 123.2450000 146.3120000
 118.0300000 125.1790000 146.4690000 117.6370000 125.2330000 145.6280000
 119.5990000 128.9070000 147.0070000 119.4660000 129.8580000 147.7770000
 120.7660000 128.2600000 146.8770000 120.8300000 127.6440000 146.2810000
 121.9720000 128.5800000 147.6530000 121.7420000 128.5810000 148.5950000
 123.0670000 127.5240000 147.4210000 123.1880000 127.3630000 146.4720000
 123.9060000 127.8710000 147.7620000 122.7650000 126.2010000 148.1300000
 123.3990000 125.5270000 147.8390000 121.8780000 125.9000000 147.8770000
 122.8380000 126.3150000 149.9360000 124.6090000 126.5720000 150.2390000
 124.7590000 126.6570000 151.1940000 125.1110000 125.8140000 149.9000000
 124.9080000 127.3860000 149.8050000 122.5250000 129.9690000 147.3240000
 122.9830000 130.6720000 148.2230000 122.3210000 130.4520000 146.0920000
 121.9750000 129.9370000 145.4960000 122.6510000 131.8390000 145.7290000
 123.5600000 132.0060000 146.0240000 122.6380000 132.0690000 144.1970000
 123.0870000 132.9130000 144.0340000 123.4440000 130.9940000 143.4560000
 123.4660000 131.1950000 142.5070000 123.0420000 130.1180000 143.5660000
 124.3560000 130.9770000 143.7850000 121.2380000 132.1980000 143.5760000
 121.0180000 133.1340000 143.4490000 120.5640000 131.7910000 144.1430000
 121.1990000 131.7550000 142.7140000 121.7510000 132.8320000 146.4800000
 122.2510000 133.8040000 147.0400000 120.4530000 132.5310000 146.6470000
 120.1650000 131.7890000 146.3210000 119.5240000 133.3590000 147.4320000
 119.6620000 134.2810000 147.1640000 118.0550000 133.0070000 147.1490000
 117.9630000 132.7850000 146.2090000 117.7940000 132.2300000 147.6670000
 117.1380000 134.2000000 147.4720000 116.7720000 134.3630000 148.6660000
 117.0880000 135.0990000 146.5930000 119.8210000 133.3460000 148.9270000
 119.9470000 134.4180000 149.5210000 120.2410000 132.1900000 149.4330000
 120.1770000 131.4830000 148.9480000 120.7580000 132.0630000 150.7840000
 120.0820000 132.3830000 151.4020000 120.9910000 130.5880000 151.0810000
 120.1550000 130.1040000 150.9920000 121.6160000 130.2180000 150.4380000
 121.5370000 130.3930000 152.4680000 120.6900000 130.5660000 153.5790000
 119.8000000 130.8040000 153.4520000 121.1960000 130.3750000 154.8770000
 120.6530000 130.4990000 155.6220000 122.5290000 129.9520000 155.0460000
 123.0060000 129.6720000 156.2860000 123.8020000 129.4070000 156.2520000
 123.3720000 129.7770000 153.9310000 124.2500000 129.4920000 154.0480000
 122.8910000 130.0540000 152.6400000 123.4420000 129.9280000 151.9020000
 122.0210000 132.9020000 151.0340000 122.0310000 133.6960000 151.9740000
 123.0020000 132.9060000 150.1230000 122.9670000 132.3380000 149.4780000
 124.2060000 133.7370000 150.2710000 124.5470000 133.6100000 151.1700000
 125.2830000 133.3020000 149.2680000 124.9010000 133.3300000 148.3770000
 126.0060000 133.9480000 149.2940000 125.8920000 131.9320000 149.5130000
 126.2760000 131.5340000 150.8110000 126.1580000 132.1060000 151.5350000
 126.8450000 130.2680000 151.0270000 127.0760000 130.0030000 151.8880000
 127.0680000 129.4040000 149.9420000 127.4480000 128.5670000 150.0820000
 126.7240000 129.8120000 148.6410000 126.8930000 129.2550000 147.9150000
 126.1320000 131.0680000 148.4280000 125.9010000 131.3270000 147.5650000
 123.9410000 135.2440000 150.1430000 124.5110000 136.0170000 150.9210000
 122.9950000 135.6650000 149.2870000 122.6200000 135.0780000 148.7830000
 122.4930000 137.0540000 149.2900000 123.2380000 137.6640000 149.1760000
 121.4660000 137.2940000 148.1680000 121.1320000 138.2000000 148.2570000
 120.7230000 136.6900000 148.3200000 121.9950000 137.1290000 146.7280000
 122.7310000 137.7450000 146.5860000 122.3430000 136.2320000 146.6040000
 120.9150000 137.3860000 145.6560000 120.5880000 138.2950000 145.7440000
 121.3110000 137.2710000 144.7780000 119.7610000 136.3870000 145.8140000
 119.4730000 136.3860000 146.7400000 120.0970000 135.4990000 145.6170000
 118.5630000 136.6580000 144.9900000 118.7170000 136.4790000 144.1320000
 117.8420000 136.2400000 145.3030000 118.4340000 137.5380000 145.0320000
 121.8530000 137.3890000 150.6430000 122.1890000 138.4110000 151.2300000
 121.0180000 136.4910000 151.1680000 120.8560000 135.7850000 150.7050000
 120.2790000 136.6620000 152.4240000 119.7940000 137.5010000 152.3800000
 119.2510000 135.5310000 152.5510000 118.8590000 135.3480000 151.6830000
 119.6880000 134.7260000 152.8700000 118.2070000 135.8880000 153.4360000
 117.6740000 135.2390000 153.4680000 121.1950000 136.7240000 153.6590000
 121.0760000 137.6710000 154.4340000 122.2550000 135.8980000 153.7110000
 122.2960000 135.2630000 153.1330000 123.3410000 136.0090000 154.7070000
 122.9570000 135.9140000 155.5930000 124.4390000 134.9210000 154.5370000
 124.7010000 134.8850000 153.6040000 125.6920000 135.2730000 155.3840000
 126.4050000 134.6250000 155.2700000 125.4550000 135.3220000 156.3230000
 126.0840000 136.1190000 155.1160000 123.9070000 133.5320000 154.9470000
 123.6870000 133.5400000 155.8920000 123.0870000 133.3380000 154.4660000
 124.8880000 132.3800000 154.6810000 125.8090000 132.5940000 154.8990000
 124.6520000 131.6360000 155.2570000 124.8390000 132.1180000 153.7480000
 123.9740000 137.3970000 154.6380000 123.9370000 138.1350000 155.6190000
 124.5420000 137.7490000 153.4770000 124.5040000 137.1940000 152.8220000
 125.2900000 139.0010000 153.2950000 126.0410000 139.0140000 153.9090000
 125.8010000 139.0970000 151.8520000 125.7680000 140.0210000 151.5590000
 125.2410000 138.5750000 151.2560000 127.1440000 138.6670000 151.7730000
 127.3950000 138.7290000 150.9740000 124.4490000 140.2460000 153.5760000
 125.0000000 141.3140000 153.8240000 123.1370000 140.1550000 153.3650000
 122.8230000 139.4090000 153.0740000 122.2120000 141.2630000 153.5390000
 122.6700000 142.0840000 153.3010000 121.0560000 141.0550000 152.5480000
 120.5550000 140.2630000 152.7990000 121.4280000 140.9230000 151.6620000
 120.1170000 142.2630000 152.4870000 119.7390000 142.4250000 153.3650000
 120.6330000 143.0450000 152.2360000 118.9600000 142.1080000 151.5080000
 118.7720000 141.1270000 150.8050000 118.1250000 143.1180000 151.4050000
 118.2400000 143.8150000 151.8960000 117.4710000 143.0130000 150.8570000
 121.7300000 141.4330000 154.9920000 121.3830000 142.5540000 155.3650000
 121.6360000 140.3540000 155.7830000 121.8320000 139.5870000 155.4470000
 120.9210000 140.3740000 157.0700000 120.6520000 141.2810000 157.2860000
 119.6650000 139.5080000 156.9700000 119.2360000 139.4670000 157.8390000
 119.9470000 138.6060000 156.7520000 118.6080000 139.9300000 155.9830000
 118.3610000 141.2800000 155.6560000 118.8830000 141.9580000 156.0200000
 117.3070000 141.6110000 154.7800000 117.1490000 142.5020000 154.5650000
 116.5000000 140.5840000 154.2490000 115.4520000 140.9110000 153.4390000
 115.6380000 141.6210000 153.0300000 116.7500000 139.2450000 154.5930000
 116.2260000 138.5440000 154.2790000 117.7980000 138.9200000 155.4560000
 117.9520000 138.0340000 155.6930000 121.6760000 139.8800000 158.2980000
 121.2650000 140.2650000 159.3900000 122.5500000 138.8740000 158.1820000
 122.8440000 138.6520000 157.4050000 123.1720000 138.2880000 159.3730000
 122.4740000 138.1150000 160.0240000 123.8640000 136.9480000 159.0500000
 124.1150000 136.9200000 158.1130000 124.6810000 136.8890000 159.5690000
 123.0010000 135.7220000 159.4060000 122.8180000 135.7370000 160.3580000
 121.6640000 135.6860000 158.6610000 121.2770000 134.7980000 158.7210000
 121.0500000 136.3140000 159.0730000 121.7870000 135.9240000 157.7290000
 123.7790000 134.4410000 159.1080000 124.6190000 134.4510000 159.5940000
 123.9530000 134.3730000 158.1560000 123.2530000 133.6790000 159.3970000
 124.1330000 139.2920000 160.0210000 124.9500000 139.9180000 159.3510000
 124.1250000 139.3090000 161.3540000 123.4880000 138.8920000 161.7530000
 124.9910000 140.1690000 162.1690000 125.4340000 140.8190000 161.6020000
 124.1030000 140.9380000 163.1550000 123.4580000 140.3310000 163.5500000
 124.6580000 141.2890000 163.8690000 123.3710000 142.1010000 162.5230000
 122.1710000 142.0500000 161.8060000 121.5840000 141.2490000 161.6220000
 121.9370000 143.3090000 161.4030000 121.2110000 143.5840000 160.8910000
 122.9010000 144.1350000 161.8320000 122.9160000 144.9860000 161.7080000
 123.8210000 143.3890000 162.5300000 124.6080000 143.6950000 162.9190000
 126.1140000 139.3990000 162.8790000 127.1360000 139.9830000 163.2300000
 125.9970000 138.0720000 162.9740000 125.2890000 137.7090000 162.6470000
 127.0470000 137.1770000 163.4490000 127.7960000 137.7050000 163.7660000
 126.5130000 136.3860000 164.6440000 127.2190000 135.8470000 165.0340000
 126.1910000 137.0210000 165.3030000 125.7810000 135.8130000 164.3660000
 127.5710000 136.2730000 162.3230000 126.8680000 135.9660000 161.3600000
 128.8240000 135.8420000 162.4580000 129.2650000 136.0910000 163.1530000
 129.5170000 134.9730000 161.5110000 130.3420000 135.4130000 161.2510000
 128.9790000 134.8410000 160.7140000 129.8660000 133.5990000 162.0920000
 129.3530000 133.2100000 163.1410000 130.8180000 132.8760000 161.4760000
 131.4710000 133.1930000 160.2180000 130.8680000 133.6250000 159.5930000
 132.2390000 133.7600000 160.3900000 131.9280000 131.8470000 159.6630000
 132.7020000 131.9440000 159.0870000 131.1960000 131.4310000 159.1820000
 132.2440000 131.0390000 160.9240000 132.1380000 130.0870000 160.7730000
 133.1490000 131.2330000 161.2150000 131.2340000 131.5610000 161.9540000
 130.4500000 130.9900000 161.9460000 131.8440000 131.6320000 163.3670000
 132.6770000 132.5140000 163.6170000 131.5740000 130.6510000 164.2470000
 130.5850000 129.5920000 164.1110000 130.6190000 129.1700000 163.2380000
 129.7000000 129.9530000 164.2770000 130.9340000 128.5690000 165.1850000
 131.5870000 127.9470000 164.8290000 130.1420000 128.1090000 165.5050000
 131.5810000 129.3980000 166.2880000 130.8900000 129.7720000 166.8570000
 132.2000000 128.8670000 166.8130000 132.2760000 130.5260000 165.5190000
 132.1630000 131.3460000 166.0250000 133.7820000 130.2760000 165.3350000
 134.2640000 129.7660000 164.3170000 134.5250000 130.6610000 166.3620000
 134.1120000 131.0310000 167.0190000 135.9720000 130.5640000 166.5320000
 136.3510000 130.0420000 165.8080000 136.6580000 131.9490000 166.6030000
 136.5270000 132.3370000 167.4820000 138.1710000 131.8230000 166.3640000
 138.5810000 132.7020000 166.3810000 138.3440000 131.3960000 165.5100000
 138.5730000 131.2970000 167.0730000 136.0900000 132.9360000 165.5850000
 135.2060000 133.2190000 165.8670000 136.0150000 132.4840000 164.7300000
 136.6520000 133.7250000 165.5310000 136.2100000 129.8620000 167.8540000
 135.5970000 130.2200000 168.8550000 137.2310000 129.0230000 167.9070000
 137.6030000 128.7900000 167.1680000 137.6690000 128.3530000 169.1180000
 137.1640000 128.6700000 169.8830000 137.3950000 126.8550000 168.9510000
 137.6180000 126.4040000 169.7800000 137.9700000 126.4930000 168.2590000
 135.9480000 126.5440000 168.6100000 134.9730000 126.7000000 169.6010000
 135.2330000 127.0260000 170.4320000 133.6300000 126.3730000 169.3580000
 132.9880000 126.4520000 170.0260000 133.2560000 125.8740000 168.1000000
 131.9670000 125.4940000 167.9160000 131.8010000 125.3310000 167.1090000
 134.2170000 125.7890000 167.0640000 133.9720000 125.5090000 166.2120000
 135.5560000 126.1490000 167.3190000 136.1840000 126.1340000 166.6340000
 139.1420000 128.6750000 169.3500000 139.9920000 128.2680000 168.5580000
 139.4490000 129.5050000 170.3510000 138.8220000 129.8060000 170.8570000
 140.8350000 129.7290000 170.7700000 141.4200000 129.7350000 169.9960000
 140.9800000 131.0830000 171.4750000 141.8380000 131.1080000 171.9270000
 140.2900000 131.1830000 172.1490000 140.9180000 132.2360000 170.5000000
 139.6750000 132.7210000 170.0550000 138.8860000 132.3600000 170.3890000
 139.6280000 133.7360000 169.0860000 138.8040000 134.0400000 168.7800000
 140.8230000 134.2740000 168.5750000 140.7990000 134.9480000 167.9350000
 142.0650000 133.7980000 169.0220000 142.8520000 134.1550000 168.6780000
 142.1120000 132.7710000 169.9790000 142.9340000 132.4410000 170.2620000
 141.2650000 128.5710000 171.6590000 140.9500000 128.5580000 172.8480000
 141.7990000 127.5220000 171.0330000 142.0120000 127.5980000 170.2030000
 142.2730000 126.3330000 171.7350000 141.6300000 126.0960000 172.4210000
 142.4280000 125.1200000 170.8020000 143.1650000 125.2750000 170.1900000
 142.7100000 123.8480000 171.6180000 143.5640000 123.9230000 172.0710000
 142.7460000 123.0790000 171.0270000 142.0130000 123.7110000 172.2780000
 141.1670000 124.8740000 169.9660000 140.9040000 125.6720000 169.4810000
 140.4340000 124.5820000 170.5310000 141.3780000 124.1950000 169.3060000
 143.5970000 126.6740000 172.3980000 144.5920000 126.9860000 171.7350000
 143.5870000 126.6990000 173.7250000 142.8670000 126.4420000 174.1180000
 144.8170000 126.6120000 174.4840000 145.4920000 127.1460000 174.0370000
 144.5840000 127.2270000 175.8760000 144.2590000 128.1320000 175.7460000
 143.9030000 126.7290000 176.3560000 145.8880000 127.2750000 176.6870000
 146.6370000 127.3550000 176.0750000 145.9330000 128.4870000 177.6230000
 145.8720000 129.3020000 177.1010000 145.1880000 128.4510000 178.2430000
 146.7700000 128.4870000 178.1130000 146.0740000 126.0160000 177.5280000
 145.6900000 126.1310000 178.4110000 147.0200000 125.8030000 177.5690000
 145.6320000 125.2550000 177.1200000 145.2790000 125.1440000 174.4640000
 144.5460000 124.2470000 174.8850000 146.4280000 124.9030000 173.8300000
 146.8430000 125.5600000 173.4620000 147.0250000 123.5710000 173.6670000
 146.3550000 122.9910000 173.2740000 148.1830000 123.6940000 172.6570000
 147.8500000 124.1890000 171.8920000 148.8870000 124.2140000 173.0740000
 148.7630000 122.3730000 172.1170000 148.1230000 121.9920000 171.4960000
 148.8720000 121.7440000 172.8470000 150.1270000 122.5470000 171.4140000
 150.9870000 121.6670000 171.6020000 150.4120000 123.6680000 170.9240000
 147.4370000 122.9490000 175.0230000 147.5330000 123.6410000 176.0410000
 147.5490000 121.6190000 175.0790000 147.6580000 121.1940000 174.3390000
 147.8340000 120.8960000 176.3250000 147.1410000 121.1400000 176.9580000
 147.7510000 119.3760000 176.0910000 147.0110000 119.2150000 175.4850000
 148.5570000 119.0550000 175.6580000 147.4510000 118.5610000 177.3630000
 147.1520000 117.6810000 177.0870000 146.7030000 118.9830000 177.8140000
 148.6070000 118.3860000 178.3700000 149.7900000 118.3040000 177.9720000
 148.3150000 118.2810000 179.5800000 149.1870000 121.3050000 176.9280000
 150.1590000 121.5160000 176.2110000 149.2420000 121.4530000 178.2550000
 148.5460000 121.2300000 178.7080000 150.5010000 121.6560000 178.9820000
 150.7100000 120.8410000 179.4650000 151.2190000 121.8200000 178.3510000
 150.4830000 122.8260000 179.9660000 151.3720000 122.9480000 180.8130000
 149.4550000 123.6780000 179.9110000 148.8730000 123.5470000 179.2920000
 149.2260000 124.7230000 180.9120000 150.0770000 125.1630000 181.0670000
 148.2420000 125.7360000 180.3320000 147.3510000 125.3640000 180.4210000
 148.4240000 125.8380000 179.3850000 148.3390000 127.1120000 180.9410000
 149.4600000 127.9160000 180.8700000 149.1940000 129.0610000 181.5310000
 149.7800000 129.7750000 181.6380000 147.9310000 129.0030000 182.0030000
 147.5710000 129.5610000 182.5490000 147.3760000 127.7930000 181.6360000
 146.5110000 127.5080000 181.8250000 148.7480000 124.1340000 182.2600000
 148.1150000 123.0920000 182.3080000 148.9770000 124.8590000 183.3610000
 149.4480000 125.5710000 183.2610000 148.8830000 124.3110000 184.7210000
 149.1870000 123.3900000 184.7180000 149.8300000 125.1410000 185.5930000
 149.4520000 126.0280000 185.7000000 150.6750000 125.2400000 185.1280000
 150.1200000 124.5590000 186.9760000 149.9340000 123.3400000 187.1720000
 150.5570000 125.3810000 187.8050000 147.4690000 124.3130000 185.3470000
 147.0510000 123.3650000 186.0130000 146.7570000 125.4490000 185.2220000
 147.1220000 126.0800000 184.7660000 145.4110000 125.7070000 185.7720000
 145.1650000 126.6120000 185.5260000 144.3590000 124.7780000 185.1190000
 144.6250000 123.8530000 185.2380000 143.5370000 124.8970000 185.6200000
 144.0090000 124.9920000 183.6470000 144.9930000 125.2870000 182.6810000
 145.8980000 125.2750000 182.8930000 144.6180000 125.5800000 181.3600000
 145.2360000 125.8320000 180.7120000 143.2910000 125.4670000 180.9450000
 143.0170000 125.8260000 179.6660000 143.5090000 126.4250000 179.3430000
 142.3210000 125.0410000 181.8700000 141.4470000 124.8930000 181.5890000
 142.6700000 124.8500000 183.2230000 142.0100000 124.6050000 183.8300000
 145.3080000 125.6710000 187.3190000 144.4150000 126.2990000 187.8800000
 146.3090000 125.1270000 188.0230000 146.8960000 124.6950000 187.5670000
 146.2350000 124.7720000 189.4560000 145.4030000 125.1090000 189.8240000
 146.2010000 123.2470000 189.6160000 147.0590000 122.8750000 189.3580000
 145.8330000 122.7750000 191.0240000 146.0090000 121.8260000 191.1160000
 144.8930000 122.9490000 191.1900000 146.3590000 123.2350000 191.6970000
 145.2060000 122.7670000 188.7380000 145.5900000 122.6140000 188.0070000
 147.3530000 125.4480000 190.2550000 148.1320000 124.8420000 190.9900000
 147.5380000 126.7280000 189.9510000 147.0050000 127.0780000 189.3730000
 148.4700000 127.6190000 190.6280000 148.4360000 127.4410000 191.5810000
 149.9100000 127.4010000 190.1360000 150.1710000 126.4840000 190.3130000
 150.5030000 127.9900000 190.6280000 150.0720000 127.6640000 188.7560000
 149.8180000 126.9560000 188.3820000 148.0360000 129.0510000 190.3730000
 147.6160000 129.3800000 189.2650000 148.2920000 129.9390000 191.3370000
 148.5250000 129.6380000 192.1080000 147.8930000 131.3520000 191.2420000
 146.9250000 131.4110000 191.2530000 148.4380000 132.1200000 192.4510000
 149.4010000 132.0120000 192.5010000 148.2390000 133.0620000 192.3330000
 147.8370000 131.6820000 193.6580000 148.0790000 130.9090000 193.8800000
 148.3780000 132.0070000 189.9380000 147.5740000 132.4110000 189.1080000
 149.6680000 131.8490000 189.6070000 150.1800000 131.4600000 190.1780000
 150.2320000 132.3180000 188.3290000 149.9060000 133.2200000 188.1860000
 151.7610000 132.4060000 188.4020000 152.0790000 132.6420000 187.5170000
 152.0020000 133.1290000 189.0020000 152.4390000 131.1100000 188.8850000
 152.1040000 130.3500000 188.3840000 152.2240000 130.9750000 189.8210000
 153.9670000 131.1540000 188.7450000 154.3080000 131.9300000 189.2160000
 154.3290000 130.3540000 189.1580000 154.3780000 131.2010000 187.2650000
 154.0270000 132.0140000 186.8690000 153.9680000 130.4490000 186.8100000
 155.8510000 131.1600000 187.0940000 156.0580000 131.1770000 186.2290000
 156.2300000 131.8630000 187.4870000 156.1830000 130.4130000 187.4470000
 149.7710000 131.5390000 187.0870000 149.6300000 132.1500000 186.0320000
 149.5790000 130.2190000 187.1680000 149.6490000 129.8210000 187.9270000
 149.0700000 129.4250000 186.0460000 149.6300000 129.5650000 185.2660000
 149.1000000 128.4860000 186.2880000 147.6260000 129.7820000 185.6790000
 147.3200000 129.8990000 184.4920000 146.8230000 130.1810000 186.6680000
 147.0990000 130.0950000 187.4780000 145.5240000 130.8220000 186.4700000
 145.0390000 130.3320000 185.7880000 144.6950000 130.7570000 187.7710000
 143.8430000 131.1960000 187.6240000 145.1700000 131.2360000 188.4680000
 144.4190000 129.3100000 188.2370000 143.7520000 128.9180000 187.6520000
 145.2270000 128.7790000 188.1580000 143.9450000 129.1650000 189.6870000
 143.9790000 130.0800000 190.4960000 143.5130000 127.9840000 190.0700000
 143.4830000 127.3410000 189.5000000 143.1710000 127.9030000 190.8550000
 145.6930000 132.2660000 185.9560000 145.1690000 132.5770000 184.8940000
 146.6000000 133.0740000 186.5250000 146.9120000 132.8290000 187.2880000
 146.7450000 134.4970000 186.1620000 145.8850000 134.9160000 186.3240000
 147.7870000 135.1860000 187.0610000 148.6320000 134.7160000 186.9870000
 147.9380000 136.0880000 186.7360000 147.3790000 135.2980000 188.5210000
 146.2360000 135.1110000 188.9010000 148.2970000 135.6890000 189.3750000
 149.0100000 136.0590000 189.0670000 147.9800000 135.9030000 190.1450000
 147.0850000 134.7910000 184.6900000 146.6820000 135.8350000 184.1870000
 147.7960000 133.8940000 183.9990000 148.1110000 133.2190000 184.4290000
 148.1030000 134.0380000 182.5640000 148.4410000 134.9320000 182.4010000
 149.1960000 133.0270000 182.1790000 149.3680000 133.0990000 181.2270000
 148.8740000 132.1320000 182.3680000 150.5200000 133.2450000 182.9220000
 150.8980000 134.0910000 182.6370000 150.3520000 133.3010000 183.8760000
 151.7400000 131.9240000 182.6550000 153.1290000 132.6290000 183.5820000
 153.9350000 132.1280000 183.3830000 153.2620000 133.5540000 183.3220000
 152.9320000 132.5830000 184.5310000 146.8760000 133.8450000 181.6450000
 146.8780000 134.3080000 180.5070000 145.8560000 133.1030000 182.0970000
 145.8890000 132.8350000 182.9130000 144.6140000 132.8360000 181.3380000
 144.7390000 133.1300000 180.4220000 144.3330000 131.3130000 181.2760000
 145.1020000 130.8920000 180.8600000 144.1340000 130.6430000 182.6440000
 144.9540000 130.6940000 183.1590000 143.4140000 131.0710000 183.1330000
 143.9070000 129.7070000 182.5270000 143.1100000 130.9720000 180.4190000
 143.2060000 131.3600000 179.5350000 143.0310000 130.0090000 180.3290000
 142.2980000 131.3120000 180.8260000 143.4030000 133.6180000 181.8640000
 142.5550000 134.0100000 181.0750000 143.3270000 133.8280000 183.1790000
 144.0060000 133.5870000 183.6490000 142.1280000 134.2210000 183.9270000
 141.4230000 133.5760000 183.7590000 142.5350000 134.1280000 185.4110000
 142.7350000 133.2020000 185.6180000 143.3510000 134.6380000 185.5290000
 141.2870000 134.7280000 186.5890000 141.6270000 135.8790000 186.6060000
 141.6020000 135.6010000 183.4910000 142.3530000 136.5720000 183.5260000
 140.3200000 135.7020000 183.1340000 139.7910000 135.0330000 183.2440000
 139.6840000 136.9110000 182.6040000 140.3240000 137.4380000 182.1000000
 138.9690000 136.6210000 182.0170000 139.0390000 137.7920000 183.6700000
 137.8210000 137.9370000 183.6870000 139.8230000 138.2030000 184.6670000
 140.6720000 138.1170000 184.5640000 139.3050000 138.6130000 185.9740000
 138.3980000 138.9440000 185.8820000 139.2700000 137.8150000 186.5240000
 140.1360000 139.6810000 186.7020000 140.7610000 140.5370000 186.0930000
 140.1380000 139.6010000 188.0390000 139.5730000 139.0450000 188.3730000
 140.6810000 140.6330000 188.9450000 140.4520000 141.5010000 188.5780000
 139.9720000 140.4920000 190.3020000 140.4680000 140.9620000 190.9910000
 139.9260000 139.5560000 190.5510000 138.5550000 141.0650000 190.2210000
 138.1800000 140.8970000 189.3420000 137.9940000 140.6200000 190.8750000
 138.5150000 142.8410000 190.5370000 138.4970000 142.7820000 192.3460000
 139.3480000 142.4560000 192.6770000 137.7870000 142.1910000 192.6420000
 138.3290000 143.6690000 192.7010000 142.2150000 140.6680000 189.1300000
 142.8400000 141.6840000 188.8560000 142.7970000 139.6630000 189.8060000
 142.2950000 139.0180000 190.0730000 144.2140000 139.6740000 190.2460000
 144.2900000 139.1720000 191.0720000 144.4940000 140.5860000 190.4190000
 145.2080000 139.0640000 189.2460000 146.4010000 138.9300000 189.5180000
 144.6420000 138.4690000 188.2030000 143.8050000 138.6340000 188.0920000
 145.3130000 138.0050000 187.0020000 146.0980000 137.4910000 187.2490000
 144.3100000 137.0960000 186.2880000 144.5980000 136.9090000 185.3810000
 144.2240000 136.2730000 186.7940000 142.6790000 137.8700000 186.2480000
 142.3670000 137.4260000 185.1780000 145.7920000 139.1770000 186.1270000
 145.5320000 140.3410000 186.4150000 146.6540000 138.8680000 185.1520000
 146.8150000 138.0450000 184.9610000 147.3310000 139.9110000 184.3870000
 147.7150000 140.5420000 185.0150000 148.4710000 139.3040000 183.5640000
 148.0920000 138.8130000 182.8190000 148.9920000 140.0430000 183.2130000
 149.4510000 138.3950000 184.2870000 149.5940000 138.3550000 185.5040000
 150.1870000 137.6200000 183.5270000 150.8700000 137.2630000 183.9090000
 150.1580000 137.7650000 182.6800000 146.3470000 140.6860000 183.4850000
 145.4330000 140.0970000 182.9030000 146.6520000 141.9610000 183.2100000
 147.3860000 142.2860000 183.5190000 145.8690000 142.7890000 182.2800000
 144.9300000 142.6270000 182.4630000 146.1450000 144.2780000 182.5800000
 145.5150000 144.8190000 182.0790000 145.9810000 144.4350000 183.5230000
 147.5490000 144.7650000 182.2510000 148.3580000 144.1170000 181.6200000
 147.9450000 145.9070000 182.7610000 148.7510000 146.1310000 182.5620000
 147.4170000 146.3780000 183.2500000 146.0750000 142.4070000 180.7920000
 145.2540000 142.7530000 179.9450000 147.0980000 141.5930000 180.5100000
 147.7030000 141.4890000 181.1120000 147.3970000 140.9590000 179.2250000
 146.8640000 141.3850000 178.5360000 148.8830000 141.2010000 178.8970000
 149.0560000 140.9420000 177.9780000 149.0670000 142.1510000 178.9680000
 149.8300000 140.4280000 179.8240000 149.7930000 140.7300000 181.0510000
 150.3830000 139.4110000 179.3770000 147.0410000 139.4540000 179.2060000
 147.4580000 138.7310000 178.3000000 146.2380000 138.9740000 180.1640000
 145.9080000 139.5340000 180.7270000 145.7090000 137.5990000 180.1810000
 146.4610000 136.9890000 180.2340000 144.8190000 137.3700000 181.4110000
 144.3880000 136.5040000 181.3390000 145.3600000 137.3770000 182.2160000
 143.8250000 138.3720000 181.5000000 144.1630000 139.0130000 181.9250000
 144.9150000 137.2670000 178.9100000 144.2850000 138.1420000 178.3100000
 144.8720000 135.9750000 178.5380000 145.3690000 135.4260000 178.9760000
 144.2430000 135.5120000 177.2870000 144.8030000 135.8020000 176.5500000
 144.1510000 133.9690000 177.2640000 143.7060000 133.6740000 178.0740000
 145.0480000 133.6000000 177.2630000 143.3580000 133.4080000 176.0560000
 142.4390000 133.7150000 176.0930000 143.9560000 133.8530000 174.7210000
 143.7190000 133.2450000 174.0030000 144.9220000 133.8930000 174.7940000
 143.6450000 134.7450000 174.5000000 143.3150000 131.8820000 176.0960000
 142.8530000 131.5940000 176.8990000 144.2120000 131.5130000 176.0770000
 142.8140000 131.5530000 175.3330000 142.8530000 136.1200000 177.0560000
 142.6190000 136.7480000 176.0270000 141.9410000 135.9350000 178.0130000
 142.1720000 135.5050000 178.7210000 140.5440000 136.3750000 177.8930000
 140.1430000 135.9460000 177.1210000 139.7580000 135.9530000 179.1490000
 140.2130000 136.3280000 179.9200000 138.2930000 136.4210000 179.1690000
 137.9650000 136.4820000 180.0800000 137.7300000 135.7730000 178.7170000
 138.1840000 137.2960000 178.7650000 139.7620000 134.4220000 179.2630000
 140.6560000 134.0980000 179.4560000 139.1820000 134.1470000 179.9900000
 139.4910000 134.0300000 178.4180000 140.4510000 137.8850000 177.6670000
 139.7830000 138.3040000 176.7220000 141.2610000 138.6800000 178.3750000
 141.7840000 138.3360000 178.9640000 141.3090000 140.1270000 178.1760000
 140.3950000 140.4510000 178.2150000 142.0990000 140.7900000 179.3180000
 141.7770000 140.4560000 180.1700000 143.0370000 140.5580000 179.2380000
 141.9560000 142.3230000 179.2960000 142.3080000 142.6740000 178.4630000
 142.4860000 142.6970000 180.0170000 140.5110000 142.7880000 179.4830000
 139.7670000 142.2780000 180.3010000 140.0130000 143.7080000 178.6890000
 139.1840000 143.9010000 178.8150000 140.4390000 143.9920000 177.9980000
 141.8820000 140.5220000 176.8060000 141.3430000 141.4210000 176.1660000
 142.8750000 139.8010000 176.2730000 143.2200000 139.1680000 176.7420000
 143.3780000 140.0530000 174.9130000 143.5930000 140.9960000 174.8420000
 144.6560000 139.2520000 174.6210000 144.4780000 138.3010000 174.6890000
 144.9000000 139.4420000 173.7020000 145.8270000 139.6160000 175.5490000
 145.7940000 139.0250000 176.3180000 145.7260000 140.5250000 175.8710000
 147.2090000 139.5130000 174.8960000 147.3930000 139.6470000 173.6930000
 148.2520000 139.4130000 175.6850000 148.1400000 139.2750000 176.5260000
 149.0330000 139.4130000 175.3260000 142.3310000 139.7550000 173.8300000
 142.1670000 140.5590000 172.9100000 141.5650000 138.6640000 173.9690000
 141.7070000 138.1550000 174.6470000 140.4600000 138.3410000 173.0480000
 140.7940000 138.4270000 172.1420000 139.9470000 136.8880000 173.2220000
 139.5160000 136.8250000 174.0880000 138.9110000 136.5550000 172.1270000
 138.5330000 135.6740000 172.2770000 139.3370000 136.5740000 171.2560000
 138.1780000 137.1900000 172.1350000 141.0740000 135.8310000 173.1580000
 141.4530000 135.7970000 172.2660000 141.7890000 136.0900000 173.7600000
 140.6170000 134.4220000 173.5750000 141.3870000 133.8350000 173.6430000
 140.0200000 134.0440000 172.9100000 140.1720000 134.4570000 174.4360000
 139.3130000 139.3550000 173.2030000 138.7770000 139.8150000 172.1970000
 139.0460000 139.8390000 174.4210000 139.4400000 139.4910000 175.1010000
 138.0690000 140.9050000 174.6570000 137.2440000 140.6380000 174.2220000
 137.7850000 141.0490000 176.1620000 137.4800000 140.1980000 176.5140000
 138.6200000 141.2660000 176.6050000 136.7690000 142.1220000 176.5370000
 135.7340000 142.5020000 175.6540000 135.6180000 142.0750000 174.8360000
 134.8820000 143.5720000 175.9750000 134.2280000 143.8430000 175.3710000
 135.0360000 144.2530000 177.1920000 134.4780000 144.9690000 177.3930000
 136.0260000 143.8450000 178.1030000 136.1150000 144.2840000 178.9180000
 136.8830000 142.7760000 177.7790000 137.5290000 142.5030000 178.3890000
 138.4970000 142.2460000 174.0320000 137.7420000 142.8040000 173.2450000
 139.7640000 142.6560000 174.1660000 140.2660000 142.2340000 174.7230000
 140.2870000 143.8690000 173.5180000 139.7410000 144.6250000 173.7860000
 141.7460000 144.1170000 173.9480000 142.0630000 144.9220000 173.5100000
 142.2890000 143.3750000 173.6400000 141.9770000 144.2890000 175.4390000
 141.1020000 144.6240000 176.2170000 143.2170000 144.2050000 175.8630000
 143.3370000 144.2780000 176.7110000 143.8480000 143.9750000 175.3260000
 140.2320000 143.7770000 171.9830000 139.9980000 144.7710000 171.2970000
 140.4800000 142.5810000 171.4450000 140.6910000 141.9350000 171.9720000
 140.3720000 142.2860000 170.0250000 140.8910000 142.9340000 169.5240000
 140.9980000 140.9080000 169.8260000 141.0030000 140.6990000 168.8790000
 140.4880000 140.2300000 170.2960000 141.9120000 140.9050000 170.1490000
 138.9210000 142.3620000 169.5070000 138.6930000 143.0040000 168.4810000
 137.9530000 141.8840000 170.2960000 138.1760000 141.4540000 171.0070000
 136.5210000 142.0720000 170.0560000 136.3360000 141.8510000 169.1300000
 135.7470000 141.0900000 170.9470000 134.8000000 141.1530000 170.7460000
 135.8860000 141.2990000 171.8840000 136.0430000 140.1830000 170.7740000
 136.0480000 143.5260000 170.2540000 135.2280000 144.0150000 169.4900000
 136.7210000 144.3050000 171.1060000 137.2450000 143.9210000 171.6690000
 136.4270000 145.7330000 171.2720000 135.4630000 145.8090000 171.3440000
 137.0700000 146.2240000 172.5830000 138.0220000 146.3490000 172.4460000
 136.9510000 145.5520000 173.2730000 136.4660000 147.5420000 173.0960000
 136.6630000 148.2560000 172.4700000 136.8790000 147.7720000 173.9430000
 134.9550000 147.4500000 173.3100000 134.4370000 146.5370000 173.9240000
 134.1850000 148.3780000 172.7820000 134.5150000 148.9220000 172.2030000
 133.3460000 148.1950000 172.8300000 136.8610000 146.5920000 170.0620000
 136.4590000 147.7530000 169.9480000 137.7860000 146.0760000 169.2340000
 138.0630000 145.2810000 169.4080000 138.2640000 146.7240000 168.0040000
 138.1740000 147.6850000 168.0990000 139.7380000 146.3550000 167.7730000
 139.8390000 145.3960000 167.8750000 139.9680000 146.5760000 166.8570000
 140.7210000 147.0790000 168.7030000 140.5390000 146.8570000 169.6300000
 142.1390000 146.6310000 168.3480000 142.1990000 145.6670000 168.4350000
 142.7670000 147.0360000 168.9670000 142.3530000 146.8980000 167.4400000
 140.6360000 148.5970000 168.5170000 141.4490000 149.0260000 168.8270000
 140.4910000 148.8010000 167.5800000 139.8840000 148.9350000 169.0290000
 137.4640000 146.3810000 166.7370000 137.4640000 147.1990000 165.8170000
 136.9880000 145.1230000 166.6430000 137.1230000 144.6150000 167.3240000
 135.8930000 144.6340000 165.7720000 135.8000000 143.6920000 165.9860000
 134.5980000 145.3110000 166.2600000 134.5460000 146.2060000 165.8890000
 134.6180000 145.3970000 167.2260000 133.3580000 144.5210000 165.8370000
 133.3700000 143.2860000 166.2100000 132.7090000 144.9620000 164.9230000
 136.0410000 144.6800000 164.2190000 135.5910000 143.7890000 163.4950000
 136.9130000 145.5660000 163.7120000 137.1820000 146.1600000 164.2730000
 137.1720000 145.7690000 162.2800000 136.6820000 145.1130000 161.7600000
 136.6640000 147.1690000 161.9000000 136.8670000 147.8090000 162.6000000
 137.0980000 147.4560000 161.0810000 135.1740000 147.1480000 161.6110000
 134.7610000 146.6140000 160.6000000 134.3990000 147.9630000 162.2930000
 134.6660000 148.2860000 163.0440000 133.5610000 147.8490000 162.1370000
 138.6520000 145.5950000 161.9100000 138.9980000 144.7890000 161.0450000
 139.5730000 146.1770000 162.6930000 139.3000000 146.6830000 163.3320000
 140.9930000 145.7930000 162.6160000 141.2650000 145.8300000 161.6860000
 141.8550000 146.7880000 163.3880000 141.7270000 147.6480000 162.9590000
 141.5330000 146.8240000 164.3020000 143.3460000 146.5110000 163.4060000
 144.1150000 146.7560000 162.2510000 143.7150000 147.1220000 161.4960000
 145.4950000 146.4670000 162.2510000 146.0140000 146.6360000 161.4980000
 146.1060000 145.9490000 163.4050000 147.4230000 145.6030000 163.3810000
 147.7250000 145.4780000 164.1550000 145.3510000 145.7490000 164.5810000
 145.7560000 145.4340000 165.3570000 143.9690000 146.0320000 164.5760000
 143.4710000 145.8980000 165.3500000 141.2330000 144.3560000 163.0950000
 142.2330000 143.7570000 162.7100000 140.2540000 143.7530000 163.7670000
 139.5460000 144.2120000 163.9350000 140.1290000 142.3140000 163.9970000
 140.7010000 141.8170000 163.3920000 140.5100000 141.9760000 165.4410000
 140.0820000 142.6020000 166.0450000 140.1050000 140.5580000 165.8230000
 140.3040000 140.4220000 166.7620000 139.1430000 140.4500000 165.7580000
 140.5620000 139.9040000 165.2720000 141.9100000 142.0810000 165.5570000
 142.0920000 141.8930000 166.3550000 138.6800000 141.9220000 163.7620000
 137.8310000 142.3950000 164.4920000 138.4280000 140.8950000 162.9430000
 139.0900000 140.5370000 162.5270000 137.0690000 140.4450000 162.5840000
 136.4930000 141.2250000 162.5710000 137.1240000 139.8610000 161.1500000
 137.8240000 139.1900000 161.1140000 136.2920000 139.4020000 160.9570000
 137.3820000 140.9200000 160.0490000 138.1590000 140.6630000 159.5280000
 137.5510000 141.7870000 160.4500000 136.1660000 141.0180000 159.1140000
 136.0990000 140.2100000 158.5810000 135.3770000 141.0890000 159.6740000
 136.1690000 142.1940000 158.2300000 136.9170000 142.4570000 157.8980000
 135.0820000 142.7800000 157.7370000 133.8710000 142.3670000 157.9820000
 133.2450000 142.6050000 157.4420000 133.7610000 141.5920000 158.3380000
 135.2110000 143.7650000 156.8980000 135.9010000 143.6820000 156.3920000
 134.4850000 143.9960000 156.5000000 136.4110000 139.5080000 163.6270000
 136.0070000 138.3990000 163.2710000 136.5350000 139.7900000 164.9250000
 136.7400000 140.6030000 165.1180000 135.9840000 138.9820000 166.0410000
 135.5310000 138.1930000 165.7060000 137.1010000 138.5190000 167.0100000
 137.5970000 139.3010000 167.3000000 136.5700000 137.8230000 168.2830000
 135.8750000 138.3500000 168.7070000 136.2240000 136.9410000 168.0770000
 137.2830000 137.7410000 168.9350000 138.0600000 137.5800000 166.2410000
 137.5580000 136.8400000 165.8650000 138.4730000 138.0690000 165.5120000
 139.1830000 137.0120000 167.1040000 139.8640000 136.6360000 166.5250000
 138.8300000 136.3170000 167.6810000 139.5700000 137.7140000 167.6500000
 134.9480000 139.8470000 166.7530000 135.3030000 140.9400000 167.1600000
 133.7000000 139.3800000 166.8280000 133.5490000 138.5660000 166.5950000
 132.5330000 140.2300000 167.1000000 131.7580000 139.8270000 166.6780000
 132.6560000 141.1000000 166.6900000 132.1820000 140.4420000 168.5740000
 131.4560000 141.3680000 168.9190000 132.5150000 139.4660000 169.4250000
 133.0210000 138.8310000 169.1410000 131.8950000 139.3240000 170.7490000
 131.5980000 140.1990000 171.0440000 130.6480000 138.4230000 170.6510000
 130.9300000 137.5100000 170.4840000 130.1870000 138.4280000 171.5050000
 129.6570000 138.8360000 169.5710000 128.6900000 139.8280000 169.8190000
 128.6430000 140.2410000 170.6510000 127.8360000 140.2520000 168.7830000
 127.2290000 140.9400000 168.9340000 127.9200000 139.6640000 167.5080000
 127.3600000 139.9530000 166.8240000 128.8900000 138.6810000 167.2530000
 128.9730000 138.3220000 166.3990000 129.7730000 138.2980000 168.2760000
 130.4860000 137.7340000 168.0820000 132.8890000 138.8160000 171.7980000
 133.9840000 138.3580000 171.4700000 132.5070000 138.9110000 173.0730000
 131.7100000 139.1870000 173.2390000 133.3340000 138.4950000 174.2040000
 134.2010000 138.9110000 174.0790000 132.7210000 139.0580000 175.5000000
 131.8080000 139.3520000 175.3590000 132.7190000 138.3850000 176.1980000
 133.2470000 139.8160000 175.8000000 133.5610000 136.9610000 174.2610000
 132.7120000 136.1960000 173.8040000 134.6530000 136.4990000 174.9090000
 135.6650000 137.3400000 175.5280000 135.2730000 138.0380000 176.0760000
 136.2330000 137.7250000 174.8430000 136.4770000 136.4060000 176.4030000
 136.0180000 136.2920000 177.2500000 137.3820000 136.7360000 176.5200000
 136.4560000 135.0960000 175.6280000 137.1370000 135.1150000 174.9380000
 136.5940000 134.3290000 176.2060000 135.0690000 135.0870000 174.9850000
 135.1810000 134.7050000 174.1000000 134.1290000 134.1120000 175.6980000
 134.3150000 132.9110000 175.5310000 133.2000000 134.6070000 176.5360000
 133.1300000 135.4610000 176.6130000 132.2430000 133.7620000 177.2780000
 131.8350000 134.3170000 177.9600000 131.1150000 133.3220000 176.3350000
 131.4380000 132.6190000 175.7510000 130.8500000 134.0790000 175.7900000
 129.9790000 132.8790000 177.0500000 129.4040000 132.6560000 176.4790000
 132.9440000 132.6150000 178.0380000 132.6530000 131.4300000 177.8610000
 134.0890000 132.9750000 178.6270000 134.2990000 133.8090000 178.6170000
 135.0850000 132.0440000 179.1490000 135.3250000 131.4330000 178.4340000
 136.3420000 132.7930000 179.5880000 136.8870000 132.2150000 180.1450000
 136.0970000 133.5870000 180.0880000 137.0900000 133.1650000 178.4540000
 137.5780000 132.5050000 178.2790000 134.5530000 131.2330000 180.3250000
 134.0040000 131.7620000 181.2870000 134.9170000 129.9500000 180.3260000
 135.3320000 129.6390000 179.6400000 134.3890000 128.9940000 181.2940000
 133.4340000 129.1380000 181.3790000 134.6280000 127.5900000 180.7220000
 134.2790000 127.5590000 179.8170000 134.1440000 126.9530000 181.2710000
 136.0570000 127.1690000 180.6730000 136.8750000 127.2620000 179.6000000
 136.6200000 127.5360000 178.7490000 138.1660000 126.9690000 179.9910000
 138.8340000 126.9790000 179.4490000 138.2320000 126.6950000 181.3410000
 139.2910000 126.4810000 182.2280000 140.1630000 126.6120000 181.9320000
 139.0180000 126.1210000 183.5600000 139.7140000 125.9560000 184.1540000
 137.6860000 126.0330000 184.0010000 137.4990000 125.8090000 184.8840000
 136.6290000 126.3400000 183.1230000 135.7530000 126.3400000 183.4350000
 136.8790000 126.6920000 181.7770000 134.9950000 129.1400000 182.6980000
 134.3790000 128.7050000 183.6670000 136.2340000 129.6440000 182.8140000
 136.6240000 129.9190000 182.0990000 136.9720000 129.6960000 184.0900000
 136.7970000 128.8620000 184.5530000 138.4950000 129.7780000 183.8440000
 138.7200000 129.0920000 183.1960000 138.9500000 131.1310000 183.2600000
 139.8680000 131.0780000 182.9510000 138.8790000 131.8320000 183.9270000
 138.3920000 131.3800000 182.5070000 139.2410000 129.4560000 185.1590000
 139.0980000 130.1740000 185.7960000 138.8660000 128.6450000 185.5380000
 140.7500000 129.2360000 185.0030000 141.1280000 129.0150000 185.8680000
 141.1790000 130.0420000 184.6750000 140.9150000 128.5030000 184.3890000
 136.4710000 130.8170000 185.0050000 136.4290000 130.6620000 186.2240000
 136.0190000 131.9080000 184.4010000 136.1600000 131.9960000 183.5570000
 135.4290000 133.0570000 185.0690000 135.9600000 133.2690000 185.8530000
 135.5520000 134.2520000 184.1030000 134.8980000 134.1460000 183.3940000
 135.3460000 135.0730000 184.5770000 136.9700000 134.3420000 183.4820000
 137.9440000 134.4930000 184.2650000 137.1300000 133.7870000 182.3670000
 133.9950000 132.7340000 185.5540000 133.7700000 132.7980000 186.7640000
 133.1940000 132.0230000 184.7340000 133.4070000 131.9850000 183.9020000
 131.9420000 131.3550000 185.1610000 131.3450000 132.0220000 185.5340000
 131.2210000 130.6710000 183.9750000 131.8880000 130.2830000 183.3870000
 130.7060000 129.9300000 184.3300000 130.2270000 131.4870000 183.1320000
 130.1130000 132.7410000 183.3930000 129.4790000 130.8940000 182.3670000
 132.1740000 130.3020000 186.2580000 131.4230000 130.2460000 187.2380000
 133.2330000 129.4800000 186.1560000 133.6950000 129.5060000 185.4310000
 133.5950000 128.5000000 187.1920000 132.8360000 127.9120000 187.3290000
 134.8010000 127.6490000 186.7550000 135.5090000 128.2430000 186.4590000
 134.5560000 127.1010000 185.9930000 135.3660000 126.7500000 187.8450000
 134.5110000 125.8890000 188.5600000 133.6060000 125.8670000 188.3450000
 134.9880000 125.1320000 189.6470000 134.4030000 124.5850000 190.1200000
 136.3380000 125.2630000 190.0340000 136.7650000 124.6500000 191.1720000
 137.3320000 124.0590000 190.9840000 137.2060000 126.0870000 189.3040000
 138.0940000 126.1510000 189.5730000 136.7270000 126.8310000 188.2060000
 137.2950000 127.4060000 187.7460000 133.8900000 129.1860000 188.5300000
 133.3890000 128.7410000 189.5660000 134.6430000 130.2930000 188.5160000
 134.9440000 130.5700000 187.7600000 134.9280000 131.0870000 189.7110000
 135.2140000 130.4710000 190.4040000 136.1150000 132.0320000 189.4850000
 136.1550000 132.6410000 190.2390000 135.9370000 132.5620000 188.6920000
 137.4900000 131.3760000 189.3680000 137.8650000 130.2770000 190.1760000
 137.2620000 129.8970000 190.7730000 139.1520000 129.7210000 190.0730000
 139.3770000 128.9750000 190.5800000 140.0860000 130.2680000 189.1780000
 140.9310000 129.8880000 189.0980000 139.7270000 131.3660000 188.3800000
 140.3310000 131.7130000 187.7640000 138.4340000 131.9160000 188.4730000
 138.1900000 132.6230000 187.9210000 133.6940000 131.8130000 190.2720000
 133.5000000 131.7880000 191.4930000 132.7920000 132.3180000 189.4250000
 132.9660000 132.3240000 188.5830000 131.5240000 132.9090000 189.8870000
 131.7630000 133.4890000 190.6270000 130.8250000 133.7390000 188.7810000
 129.9390000 133.3700000 188.6400000 131.2940000 133.6320000 187.9380000
 130.6540000 135.2390000 189.1340000 131.0100000 135.6270000 190.2630000
 129.7010000 135.8270000 188.5750000 130.5440000 131.8690000 190.4570000
 129.7640000 132.1680000 191.3670000 130.6640000 130.6180000 190.0180000
 131.1500000 130.4910000 189.3200000 129.8910000 129.4930000 190.5250000
 128.9740000 129.7790000 190.6610000 129.8780000 128.4360000 189.4230000
 129.4540000 128.8040000 188.6320000 130.7880000 128.2040000 189.1820000
 129.1780000 127.1860000 189.8070000 127.8750000 126.9160000 189.5750000
 127.2780000 127.4790000 189.1380000 127.5810000 125.6790000 190.1020000
 126.8170000 125.2860000 190.0570000 128.6840000 125.0810000 190.6610000
 128.8960000 123.8250000 191.2350000 128.1940000 123.2160000 191.2460000
 130.1600000 123.5010000 191.7500000 130.3030000 122.6670000 192.1360000
 131.1980000 124.4490000 191.6870000 132.0360000 124.2400000 192.0320000
 130.9850000 125.6940000 191.0600000 131.6890000 126.2930000 190.9600000
 129.7210000 126.0410000 190.5330000 130.3990000 128.9510000 191.8800000
 129.6040000 128.7560000 192.8030000 131.7220000 128.7980000 192.0570000
 132.2230000 128.9420000 191.3730000 132.3440000 128.2890000 193.3100000
 131.8120000 127.5340000 193.6070000 133.7820000 127.7590000 193.0610000
 133.7330000 127.0700000 192.3800000 134.7120000 128.8620000 192.5710000
 135.5710000 128.4930000 192.3110000 134.2820000 129.2510000 191.7930000
 134.8240000 129.5630000 193.2320000 134.5060000 127.1560000 194.2750000
 135.2820000 126.6610000 193.9710000 133.9100000 126.5620000 194.7580000
 134.8040000 127.8630000 194.8680000 132.3270000 129.3060000 194.4580000
 132.5380000 128.9230000 195.6150000 132.1390000 130.6080000 194.1830000
 132.0540000 130.8430000 193.3600000 132.2150000 131.6410000 195.2310000
 133.1240000 131.5890000 195.5670000 132.0470000 133.0590000 194.6520000
 132.3500000 133.7010000 195.3130000 132.6270000 133.1410000 193.8790000
 130.6100000 133.4300000 194.2550000 130.0940000 133.6170000 195.0550000
 130.2080000 132.6780000 193.7930000 130.6010000 134.6670000 193.3470000
 131.0220000 135.4090000 193.8090000 131.1290000 134.4630000 192.5590000
 129.1950000 135.0740000 192.8870000 128.6560000 135.2820000 193.6660000
 128.7930000 134.3250000 192.4200000 129.2570000 136.2440000 191.9750000
 128.4950000 136.3900000 191.5390000 129.8770000 136.1060000 191.3510000
 129.5320000 136.9800000 192.3920000 131.2380000 131.3240000 196.3820000
 130.0490000 131.1040000 196.1280000 131.6480000 131.4620000 197.6630000
 132.9680000 131.8770000 198.1210000 133.6800000 131.4420000 197.6270000
 133.0440000 132.8410000 198.0420000 133.0620000 131.4680000 199.5890000
 133.4670000 130.5900000 199.6610000 133.5730000 132.1110000 200.1050000
 131.6100000 131.4020000 200.0520000 131.3580000 132.2750000 200.3920000
 131.4860000 130.7240000 200.7340000 130.7910000 131.0890000 198.7960000
 130.6110000 130.1370000 198.7500000 129.4580000 131.8550000 198.8380000
 128.4610000 131.3430000 199.3400000 129.4580000 133.0770000 198.2940000
 130.1970000 133.3470000 197.9460000 128.3130000 133.9890000 198.2250000
 127.9450000 134.1030000 199.1150000 128.7650000 135.3590000 197.6810000
 128.8650000 135.2900000 196.7190000 128.0570000 135.9980000 197.8600000
 130.0900000 135.9100000 198.2410000 129.9880000 136.1090000 199.1850000
 130.7930000 135.2500000 198.1370000 130.5690000 137.1630000 197.5100000
 131.7160000 137.2350000 197.1130000 129.7060000 138.0830000 197.1340000
 128.8820000 138.0570000 197.3790000 130.0380000 138.7580000 196.7170000
 127.1930000 133.4650000 197.3140000 126.0240000 133.6210000 197.6360000
 127.5650000 132.8510000 196.1830000 128.4040000 132.7100000 196.0540000
 126.6360000 132.1910000 195.2580000 125.9200000 132.7990000 195.0150000
 127.4240000 131.8180000 193.9920000 127.7740000 132.6300000 193.5930000
 128.1640000 131.2350000 194.2240000 126.6420000 131.1670000 193.0280000
 125.9440000 131.6190000 192.9090000 126.0030000 130.9600000 195.9160000
 124.7950000 130.7650000 195.8570000 126.7900000 130.2330000 196.7270000
 127.6190000 130.4550000 196.7750000 126.3260000 129.0930000 197.5400000
 127.1180000 128.6700000 197.9070000 125.4790000 129.5820000 198.7300000
 124.7780000 128.9430000 198.9320000 125.0570000 130.4300000 198.5210000
 126.3040000 129.7170000 199.8750000 126.9450000 130.2170000 199.6630000
 125.6350000 127.9790000 196.7340000 125.0280000 127.0810000 197.3120000
 125.8300000 127.9600000 195.4160000 126.1990000 128.6490000 195.0560000
 125.2780000 126.9620000 194.5030000 124.3310000 126.8450000 194.6760000
 125.4620000 127.5090000 193.0880000 125.1710000 126.8570000 192.4310000
 126.3870000 127.7450000 192.9160000 124.4160000 128.9830000 193.0190000
 125.2600000 129.8360000 193.0030000 125.9470000 125.6030000 194.6770000
 125.2750000 124.5960000 194.8860000 127.2700000 125.6370000 194.8380000
 127.6790000 126.3790000 194.6890000 128.0470000 124.4860000 195.2400000
 127.6780000 123.7290000 194.7580000 129.4920000 124.6960000 194.7650000
 129.4660000 124.9610000 193.8320000 129.9810000 123.8610000 194.8320000
 130.3570000 125.9940000 195.7010000 129.5930000 126.0260000 196.6260000
 127.8910000 124.1660000 196.7370000 128.1550000 124.9850000 197.6280000
 127.5760000 122.8980000 197.0120000 127.3610000 122.3770000 196.3630000
 127.5270000 122.3350000 198.3600000 128.1950000 122.7860000 198.8990000
 126.1270000 122.5980000 198.9520000 125.8170000 123.4470000 198.5990000
 125.5020000 121.9090000 198.6770000 126.1720000 122.7170000 200.4810000
 126.8620000 123.3650000 200.6930000 126.4210000 121.8570000 200.8540000
 124.8860000 123.2040000 201.1720000 125.0790000 123.3010000 202.1180000
 124.1810000 122.5440000 201.0810000 124.4380000 124.5180000 200.6760000
 124.7310000 125.2160000 201.0850000 123.6200000 124.7440000 199.6630000
 123.0740000 123.7890000 198.9660000 123.0550000 123.0000000 199.3080000
 122.4840000 123.9820000 198.3710000 123.4370000 125.9620000 199.2590000
 123.9310000 126.5900000 199.5770000 123.1740000 126.0740000 198.4480000
 127.9110000 120.8630000 198.2920000 127.6070000 120.1830000 197.3130000
 128.6300000 120.3850000 199.3010000 128.8060000 120.8930000 199.9720000
 129.0870000 118.9920000 199.3660000 128.7070000 118.5050000 198.6180000
 130.6220000 118.9170000 199.2110000 130.8940000 119.5620000 198.5390000
 131.3960000 119.2340000 200.4960000 132.3390000 119.3330000 200.2910000
 131.0670000 120.0570000 200.8910000 131.2970000 118.5100000 201.1340000
 131.0490000 117.5430000 198.7030000 132.0150000 117.4590000 198.7240000
 130.6550000 116.8520000 199.2580000 130.7550000 117.4300000 197.7860000
 128.5550000 118.3420000 200.6400000 128.4380000 119.0070000 201.6700000
 128.1550000 117.0720000 200.5820000 128.2200000 116.6530000 199.8340000
 127.9650000 116.3050000 201.8200000 127.2870000 116.7430000 202.3580000
 127.4960000 114.8810000 201.5340000 128.2950000 114.3300000 201.5460000
 127.0700000 114.8180000 200.6650000 126.5980000 114.3510000 202.6530000
 127.0870000 114.3300000 203.7900000 125.5520000 113.7360000 202.2960000
 129.2790000 116.2400000 202.6120000 130.3430000 116.0200000 202.0320000
 129.1940000 116.2710000 203.9400000 128.4130000 116.2220000 204.2960000
 130.3730000 116.3140000 204.8020000 130.9870000 116.9690000 204.4350000
 129.9100000 116.7790000 206.1920000 129.2610000 117.4950000 206.1030000
 129.4860000 116.0310000 206.6410000 131.0480000 117.3020000 207.0530000
 132.0160000 117.8890000 206.6090000 130.8450000 117.3470000 208.3480000
 130.0910000 117.0920000 208.6740000 131.4640000 117.7480000 208.7910000
 131.1420000 114.9790000 204.8880000 132.2920000 114.9770000 205.3190000
 130.4720000 113.8330000 204.6660000 129.6370000 113.8860000 204.4660000
 131.1180000 112.5050000 204.7830000 131.9830000 112.6370000 205.2010000
 130.3000000 111.5730000 205.7070000 130.0970000 112.0680000 206.5160000
 128.9650000 111.1360000 205.0710000 128.4180000 110.6820000 205.7310000
 129.1200000 110.5280000 204.3310000 128.4700000 111.9050000 204.7470000
 131.0710000 110.2950000 206.1230000 131.1570000 109.6960000 205.3650000
 130.5520000 109.8350000 206.8010000 132.4740000 110.5570000 206.6930000
 132.7990000 109.7580000 207.1380000 132.4460000 111.2900000 207.3280000
 133.0910000 110.7770000 205.9770000 131.4220000 111.8400000 203.4400000
 132.3140000 110.9990000 203.3540000 130.5820000 112.0840000 202.4340000
 129.9520000 112.6560000 202.5590000 130.6400000 111.3580000 201.1560000
 131.1430000 110.5400000 201.2930000 129.2170000 110.9310000 200.7440000
 128.7680000 110.6000000 201.5370000 128.3580000 112.0500000 200.1580000
 128.0210000 111.8070000 199.2810000 127.5900000 112.1940000 200.7320000
 128.8740000 112.8670000 200.0690000 129.2370000 109.8820000 199.8030000
 129.8300000 110.0570000 199.2350000 131.3970000 112.1230000 200.0660000
 131.6950000 111.5440000 199.0260000 131.6900000 113.4120000 200.2950000
 131.5020000 113.7480000 201.0640000 132.3210000 114.3260000 199.3360000
 132.2420000 115.2080000 199.7320000 133.8350000 114.0610000 199.2270000
 133.9840000 113.1770000 198.8570000 134.2100000 114.7080000 198.6090000
 134.5930000 114.1910000 200.5570000 134.3790000 115.2530000 201.1780000
 135.7290000 113.6610000 200.5690000 131.5910000 114.4200000 197.9700000
 132.2040000 114.7220000 196.9460000 130.2660000 114.1970000 197.9510000
 129.8780000 114.0660000 198.7070000 129.4190000 114.3400000 196.7560000
 129.9760000 114.2320000 195.9690000 128.3160000 113.2730000 196.6940000
 127.7930000 113.2890000 197.5110000 127.7090000 113.5190000 195.9790000
 128.8520000 111.8610000 196.4060000 128.7460000 111.2930000 197.1850000
 129.7990000 111.8940000 196.1980000 128.1230000 111.2290000 195.2280000
 128.4360000 111.4580000 194.0740000 127.0250000 110.5410000 195.4550000
 126.7400000 110.4320000 196.2590000 126.5980000 110.2860000 194.7530000
 128.7580000 115.7130000 196.6580000 128.2620000 116.2480000 197.6530000
 128.5230000 116.1300000 195.4130000 128.8330000 115.6620000 194.7610000
 127.7780000 117.3330000 195.0730000 128.1760000 118.0800000 195.5470000
 127.9220000 117.5990000 193.5720000 127.4740000 116.9020000 193.0670000
 128.8600000 117.5760000 193.3250000 127.3630000 118.9450000 193.1890000
 126.1060000 119.0500000 192.5660000 125.6170000 118.2840000 192.3660000
 125.5950000 120.3170000 192.2370000 124.7860000 120.3970000 191.7850000
 126.3180000 121.4720000 192.5730000 125.9730000 122.3110000 192.3700000
 127.5810000 121.3600000 193.1760000 128.0900000 122.1220000 193.3350000
 128.1020000 120.1010000 193.4930000 128.9380000 120.0330000 193.8950000
 126.2970000 117.2490000 195.4700000 125.4920000 116.5600000 194.8400000
 125.9110000 118.0810000 196.4300000 126.5120000 118.5940000 196.7680000
 124.5300000 118.4950000 196.6140000 123.9400000 117.7490000 196.4230000
 124.3460000 118.8880000 198.0800000 125.1310000 119.3590000 198.4000000
 123.5710000 119.4620000 198.1800000 124.1120000 117.3410000 198.9970000
 123.7220000 117.8740000 199.9990000 124.1830000 119.6310000 195.6430000
 124.7840000 120.7000000 195.6830000 123.1120000 119.4130000 194.8760000
 122.7540000 118.6320000 194.9200000 122.4780000 120.3940000 193.9940000
 123.1270000 120.6670000 193.3260000 121.3140000 119.6430000 193.2930000
 121.6190000 118.7530000 193.0550000 120.5640000 119.5410000 193.9000000
 120.7840000 120.2640000 192.0150000 120.9970000 121.4200000 191.7020000
 119.8720000 119.5840000 191.3590000 119.5900000 119.9300000 190.6240000
 119.6690000 118.7840000 191.6010000 122.0540000 121.6740000 194.7620000
 121.7930000 121.6400000 195.9620000 121.7510000 122.7540000 194.0400000
 121.9110000 122.7290000 193.1950000 121.1130000 123.9560000 194.5940000
 121.5840000 124.1970000 195.4070000 121.2970000 125.1020000 193.5850000
 121.9870000 125.7010000 193.9100000 121.5660000 124.7640000 192.7160000
 120.4720000 125.6030000 193.4870000 119.6230000 123.7580000 194.9810000
 119.0400000 124.5910000 195.6730000 118.9880000 122.6750000 194.5130000
 119.4740000 122.1200000 194.0710000 117.6540000 122.2170000 194.9400000
 117.2660000 122.8450000 195.5680000 116.6870000 122.0680000 193.7510000
 117.1830000 121.8000000 192.9610000 116.0440000 121.3690000 193.9470000
 115.9600000 123.2560000 193.4810000 115.4660000 123.0820000 192.8240000
 117.8040000 120.8730000 195.6480000 117.7820000 119.8250000 195.0030000
 118.0020000 120.9110000 196.9650000 118.0260000 121.6770000 197.3550000
 118.1410000 119.7400000 197.8470000 117.6860000 118.9860000 197.4390000
 119.6200000 119.3390000 198.0590000 119.6470000 118.5760000 198.6570000
 120.2700000 118.8900000 196.7520000 121.1750000 118.5840000 196.9180000
 120.2990000 119.6520000 196.1520000 119.7520000 118.1820000 196.3390000
 120.4670000 120.4500000 198.6830000 121.3990000 120.1850000 198.7200000
 120.1730000 120.6320000 199.5890000 120.3980000 121.2710000 198.1710000
 117.4520000 120.0200000 199.1850000 117.0700000 121.1470000 199.4720000
 117.2580000 118.9760000 199.9960000 117.4960000 118.1980000 199.7170000
 116.6980000 119.0740000 201.3620000 115.9310000 119.6660000 201.3180000
 116.1730000 117.6800000 201.7870000 115.5430000 117.4060000 201.1020000
 117.2610000 116.5960000 201.8540000 116.8440000 115.7200000 201.8350000
 117.8720000 116.6610000 201.1030000 117.7600000 116.6830000 202.6810000
 115.4110000 117.6530000 203.1190000 114.9120000 116.8250000 203.1990000
 114.8010000 118.4060000 203.1630000 116.0280000 117.7140000 203.8650000
 117.6490000 119.7190000 202.3970000 117.2790000 119.8520000 203.5560000
 118.8810000 120.0710000 202.0040000 119.0420000 120.0810000 201.1590000
 119.9190000 120.6490000 202.8790000 120.7530000 120.6060000 202.3850000
 119.6420000 122.1540000 203.1010000 118.7750000 122.2620000 203.5230000
 120.3140000 122.5110000 203.7030000 119.7060000 122.9800000 201.8080000
 120.6440000 122.7180000 201.0130000 119.0250000 124.0290000 201.7620000
 120.1820000 119.8430000 204.1830000 120.2350000 120.4210000 205.2680000
 120.3240000 118.4940000 204.1350000 120.5720000 117.6760000 202.9530000
 119.7960000 117.6770000 202.3710000 121.3430000 117.9980000 202.4600000
 120.8330000 116.2550000 203.4550000 121.7880000 116.1150000 203.5550000
 120.4590000 115.5910000 202.8550000 120.1540000 116.2150000 204.8260000
 119.2200000 115.9740000 204.7190000 120.5910000 115.5860000 205.4210000
 120.2500000 117.6580000 205.3390000 119.4420000 117.8730000 205.8310000
 121.4420000 117.8460000 206.2940000 121.2640000 117.9210000 207.5060000
 122.6660000 117.8220000 205.7440000 122.7130000 117.6490000 204.9030000
 123.9180000 118.0620000 206.4750000 123.7630000 118.7780000 207.1100000
 124.2940000 116.7890000 207.2500000 125.0760000 116.9620000 207.7970000
 124.4910000 116.0710000 206.6290000 123.5640000 116.5250000 207.8310000
 125.0800000 118.5170000 205.5600000 126.2380000 118.5440000 205.9800000
 124.7990000 118.7820000 204.2800000 123.9750000 118.8350000 204.0400000
 125.7870000 119.2510000 203.3150000 126.5770000 118.6930000 203.3930000
 125.2220000 119.0900000 201.8910000 125.7880000 119.5560000 201.2560000
 125.2300000 118.1500000 201.6530000 123.5120000 119.7090000 201.7690000
 123.6180000 120.6250000 202.5370000 126.2270000 120.6910000 203.6300000
 125.3990000 121.5570000 203.9130000 127.5250000 120.9690000 203.4950000
 128.0240000 120.3590000 203.1510000 128.1640000 122.2570000 203.8050000
 127.4810000 122.8620000 204.1330000 129.1990000 122.0980000 204.9430000
 128.7320000 121.7500000 205.7190000 130.3310000 121.1270000 204.5870000
 130.9660000 121.0740000 205.3190000 129.9720000 120.2390000 204.4320000
 130.7960000 121.4220000 203.7880000 129.8400000 123.4310000 205.3650000
 130.2930000 123.3130000 206.2150000 129.1610000 124.1160000 205.4710000
 130.4980000 123.7100000 204.7090000 128.7590000 122.8910000 202.5490000
 129.0680000 122.2160000 201.5640000 128.8450000 124.2260000 202.5490000
 128.5990000 124.6370000 203.2640000 129.5190000 125.0020000 201.5010000
 128.9960000 124.9340000 200.6870000 129.5910000 126.4840000 201.9040000
 129.9670000 126.9940000 201.1700000 128.6900000 126.8050000 202.0640000
 130.4560000 126.7090000 203.1560000 131.3900000 126.5930000 202.9200000
 130.2510000 126.0460000 203.8340000 130.2800000 128.1050000 203.7510000
 129.8140000 128.6870000 203.1300000 131.1690000 128.4690000 203.8870000
 129.5940000 128.0550000 205.0560000 130.0900000 127.9810000 205.7550000
 128.2960000 128.0560000 205.3090000 127.3800000 128.1560000 204.3880000
 127.6010000 128.3920000 203.5910000 126.5620000 128.2180000 204.6470000
 127.9110000 127.8610000 206.5280000 128.4720000 128.0270000 207.1590000
 127.1480000 128.1840000 206.7570000 130.9090000 124.4360000 201.2000000
 131.6990000 124.1740000 202.1030000 131.2460000 124.4460000 199.9200000
 130.6250000 124.6130000 199.3490000 132.5050000 123.9520000 199.3810000
 132.6120000 123.0140000 199.6040000 132.3490000 124.1400000 197.8720000
 131.9920000 125.0250000 197.6950000 133.2060000 124.0840000 197.4220000
 131.1880000 122.8720000 197.2750000 132.0160000 122.0930000 196.8900000
 133.7510000 124.6890000 199.8890000 134.7620000 124.0790000 200.2270000
 133.6900000 126.0220000 199.8690000 132.9480000 126.3750000 199.6140000
 134.7530000 126.9270000 200.3090000 135.5860000 126.4360000 200.3820000
 134.9000000 128.0350000 199.2540000 134.0220000 128.4220000 199.1090000
 135.4830000 128.7290000 199.6000000 135.4160000 127.5700000 197.8800000
 135.3250000 128.3090000 197.2590000 134.8570000 126.8470000 197.5550000
 136.8800000 127.1060000 197.8740000 136.9870000 126.3870000 198.5160000
 137.0760000 126.7530000 196.9920000 137.8070000 128.2200000 198.1670000
 137.5020000 129.0190000 198.0810000 139.0240000 128.1500000 198.6770000
 139.6810000 129.2490000 198.9010000 140.4330000 129.2520000 199.3180000
 139.3620000 129.9940000 198.6130000 139.6020000 127.0140000 198.9680000
 139.2080000 126.2690000 198.7980000 140.3880000 127.0010000 199.3160000
 134.3810000 127.5010000 201.6860000 133.2570000 127.9900000 201.8270000
 135.2620000 127.4510000 202.7070000 136.6280000 126.9450000 202.6680000
 136.6160000 125.9790000 202.7520000 137.0890000 127.2070000 201.8560000
 137.3280000 127.5590000 203.8780000 137.6760000 128.4340000 203.6460000
 138.0400000 126.9890000 204.2090000 136.1950000 127.7030000 204.8940000
 136.0830000 126.8630000 205.3670000 136.3780000 128.4170000 205.5240000
 134.9500000 127.9770000 204.0370000 134.2010000 127.4840000 204.4080000
 134.5810000 129.4690000 203.9720000 135.2280000 130.2490000 203.2800000
 133.5210000 129.8870000 204.6730000 133.0890000 129.3190000 205.1540000
 133.0460000 131.2760000 204.6310000 133.1930000 131.6010000 203.7290000
 131.5250000 131.3210000 204.8700000 131.1020000 130.7730000 204.1910000
 131.3240000 130.9410000 205.7400000 130.8920000 132.7250000 204.7850000
 131.2140000 133.2770000 205.5150000 131.2110000 133.4190000 203.4560000
 130.6330000 134.1900000 203.3450000 132.1350000 133.7130000 203.4520000
 131.0530000 132.8020000 202.7250000 129.3780000 132.5910000 204.9070000
 128.9590000 133.4650000 204.8810000 129.1590000 132.1820000 205.7590000
 129.0180000 132.0450000 204.1910000 133.8750000 132.1740000 205.5660000
 133.5110000 132.4320000 206.7110000 135.0920000 132.4950000 205.1360000
 135.3360000 132.1810000 204.3730000 136.1180000 133.2360000 205.8950000
 135.6820000 133.7890000 206.5620000 137.0860000 132.2680000 206.6120000
 137.6080000 132.7680000 207.2590000 136.3930000 131.1410000 207.3860000
 137.0450000 130.6410000 207.9010000 135.9400000 130.5390000 206.7750000
 135.7390000 131.5190000 207.9940000 137.9860000 131.7140000 205.6810000
 138.5100000 131.1900000 206.0770000 136.8810000 134.1620000 204.9330000
 136.7300000 133.9910000 203.7220000 137.6350000 135.1870000 205.3930000
 137.8680000 135.6070000 206.7680000 137.9330000 134.8680000 207.3930000
 137.1590000 136.2100000 207.0420000 139.1960000 136.3610000 206.7290000
 139.2790000 136.9870000 207.4660000 139.9340000 135.7310000 206.7250000
 139.1210000 137.0730000 205.3800000 138.5980000 137.8840000 205.4790000
 140.0010000 137.2870000 205.0340000 138.3590000 136.0870000 204.4830000
 137.7230000 136.6030000 203.9640000 139.2770000 135.3490000 203.4920000
 139.2380000 135.6410000 202.3060000 139.9040000 134.2510000 203.9240000
 139.8330000 134.0330000 204.7530000 140.7520000 133.4100000 203.0670000
 141.2890000 133.9880000 202.5030000 141.7060000 132.6350000 203.9920000
 142.1200000 133.2800000 204.5870000 141.2040000 132.0260000 204.5560000
 142.8440000 131.9000000 203.2580000 143.5950000 131.8520000 203.8700000
 143.1280000 132.4410000 202.5040000 142.5020000 130.4700000 202.7920000
 141.4060000 129.9740000 203.1400000 143.4270000 129.8110000 202.2600000
 139.9640000 132.4870000 202.1120000 140.2670000 132.4260000 200.9230000
 138.8150000 131.9500000 202.5450000 138.5890000 132.0560000 203.3680000
 138.0520000 131.0000000 201.7270000 137.4090000 130.5530000 202.2990000
 138.6600000 130.3250000 201.3870000 137.3000000 131.6190000 200.5400000
 137.0040000 130.9120000 199.5720000 137.1110000 132.9490000 200.5460000
 137.4100000 133.3710000 201.2330000 136.6070000 133.7520000 199.4090000
 135.7810000 133.3730000 199.0710000 136.3710000 135.2060000 199.8600000
 137.2310000 135.5710000 200.1210000 136.0550000 135.7270000 199.1050000
 135.3620000 135.3750000 201.0130000 134.4630000 135.4240000 200.6530000
 135.4040000 134.6080000 201.6060000 135.6690000 136.6490000 201.8200000
 135.4250000 137.4380000 201.3110000 136.6260000 136.6930000 201.9700000
 134.9810000 136.6560000 203.1930000 135.2420000 135.8500000 203.6650000
 135.3150000 137.4150000 203.6960000 133.5040000 136.7260000 203.0910000
 133.1290000 136.7560000 203.8970000 133.1940000 136.0130000 202.6580000
 133.2690000 137.4530000 202.6350000 137.5960000 133.7800000 198.2370000
 137.1810000 133.9400000 197.0920000 138.8920000 133.6380000 198.5260000
 139.1190000 133.5180000 199.3470000 139.9510000 133.5860000 197.5240000
 139.8690000 134.3830000 196.9770000 141.3210000 133.6060000 198.2240000
 141.2450000 134.0760000 199.0690000 141.6030000 132.6960000 198.4050000
 142.3850000 134.3320000 197.3900000 142.5360000 133.8620000 196.5550000
 142.0750000 135.2300000 197.1930000 143.7160000 134.4170000 198.1300000
 144.3420000 133.4130000 198.4340000 144.2710000 135.5970000 198.3020000
 145.0200000 135.6000000 198.7240000 143.8350000 136.3250000 198.1610000
 139.8060000 132.3560000 196.6150000 139.1730000 131.3530000 196.9750000
 140.4420000 132.4160000 195.4390000 140.9710000 133.0810000 195.3050000
 140.3340000 131.3760000 194.4100000 139.3890000 131.2700000 194.2200000
 141.0480000 131.7770000 193.1060000 141.1520000 130.9840000 192.5580000
 141.9390000 132.1080000 193.3000000 140.2700000 132.8060000 192.2670000
 140.6940000 132.8510000 191.3960000 139.3610000 132.4940000 192.1350000
 140.2410000 134.2100000 192.9000000 139.6090000 134.2050000 193.6360000
 141.1170000 134.4250000 193.2580000 139.8330000 135.2550000 191.9410000
 139.0510000 135.5940000 192.0580000 140.5390000 135.7200000 190.9220000
 140.0390000 136.6300000 190.1370000 139.2360000 136.9070000 190.2740000
 140.4420000 136.8110000 189.3990000 141.7370000 135.2860000 190.6410000
 142.0750000 134.6610000 191.1260000 142.1610000 135.5650000 189.9470000
 140.8650000 130.0300000 194.9320000 141.9270000 129.9960000 195.5560000
 140.2010000 128.9070000 194.6080000 138.9720000 128.8290000 193.8260000
 138.2240000 129.1330000 194.3640000 139.0380000 129.3630000 193.0190000
 138.7870000 127.3600000 193.4580000 139.1960000 127.1850000 192.5960000
 137.8490000 127.1120000 193.4400000 139.5570000 126.6290000 194.5610000
 139.8620000 125.7560000 194.2680000 138.9810000 126.5360000 195.3360000
 140.7190000 127.5760000 194.9050000 140.9310000 127.4950000 195.8480000
 141.9860000 127.3210000 194.0670000 141.8900000 127.0890000 192.8680000
 143.1840000 127.5140000 194.6360000 143.2030000 127.9220000 195.3930000
 144.4390000 127.3610000 193.8730000 144.2590000 127.5720000 192.9430000
 145.5040000 128.3730000 194.3320000 145.1540000 129.2740000 194.2550000
 146.2360000 128.2890000 193.7010000 146.0620000 128.1690000 195.7550000
 145.4540000 128.5700000 196.3960000 146.1220000 127.2240000 195.9650000
 147.4660000 128.7410000 195.9580000 148.1620000 129.1900000 195.0490000
 147.9840000 128.6230000 197.1630000 147.4920000 128.3560000 197.8160000
 148.7660000 128.9600000 197.2820000 145.0150000 125.9340000 193.8750000
 145.8160000 125.6180000 193.0040000 144.7890000 125.1640000 194.9490000
 144.2270000 125.4460000 195.5360000 145.4400000 123.8660000 195.1730000
 146.3540000 123.8980000 194.8500000 145.4580000 123.6790000 196.1250000
 144.7350000 122.7160000 194.4520000 143.9080000 122.9490000 193.5780000
 144.8850000 121.4910000 194.9780000 145.4080000 121.3860000 195.6520000
 144.1190000 120.3250000 194.5030000 144.3460000 120.1500000 193.5760000
 144.3570000 119.5490000 195.0340000 142.5960000 120.5030000 194.5880000
 141.8760000 119.9600000 193.7550000 142.1420000 121.4510000 195.4160000
 142.6740000 121.7560000 196.0190000 140.7620000 121.9240000 195.4540000
 140.2120000 121.1660000 195.7080000 140.5630000 122.9920000 196.5440000
 139.6110000 123.1480000 196.6440000 140.9670000 123.8220000 196.2460000
 141.1310000 122.6420000 197.9240000 141.3730000 121.4410000 198.1890000
 141.4380000 123.6160000 198.6430000 140.2760000 122.4600000 194.0950000
 139.1910000 122.0980000 193.6720000 141.1080000 123.1150000 193.2840000
 141.9270000 123.2260000 193.5210000 140.6990000 123.5660000 191.9450000
 140.0200000 124.2530000 192.0370000 141.9200000 124.1660000 191.2400000
 142.5660000 123.4590000 191.0870000 142.3480000 124.8180000 191.8170000
 141.5800000 124.8150000 189.9170000 140.9600000 126.0760000 189.8910000
 140.7640000 126.5160000 190.6870000 140.6060000 126.6670000 188.6660000
 140.1790000 127.4930000 188.6490000 140.8300000 125.9790000 187.4660000
 140.5660000 126.3600000 186.6600000 141.4180000 124.7030000 187.4910000
 141.5350000 124.2290000 186.7000000 141.8160000 124.1300000 188.7120000
 142.2150000 123.2900000 188.7210000 140.0980000 122.4250000 191.0960000
 138.9190000 122.4430000 190.7480000 140.8140000 121.3000000 191.0280000
 141.5930000 121.2990000 191.3930000 140.3610000 120.0890000 190.3310000
 139.9600000 120.3560000 189.4890000 141.5350000 119.1530000 190.0310000
 141.6270000 118.5020000 190.7440000 141.3160000 118.6710000 189.2180000
 142.8870000 119.8410000 189.8530000 143.2560000 120.0440000 190.7270000
 142.7830000 120.6610000 189.3450000 144.0040000 118.7380000 188.9820000
 145.4070000 119.8140000 188.6830000 146.2020000 119.2810000 188.5270000
 145.2200000 120.3700000 187.9100000 145.5400000 120.3660000 189.4690000
 139.3250000 119.2710000 191.1060000 138.6500000 118.4300000 190.5260000
 139.2790000 119.4060000 192.4340000 139.8380000 119.9500000 192.7970000
 138.3270000 118.6900000 193.2940000 138.3600000 117.7440000 193.0840000
 138.7420000 118.9380000 194.7490000 138.6390000 119.8860000 194.9240000
 139.6770000 118.7070000 194.8650000 137.9160000 118.2140000 195.8070000
 136.9680000 118.3590000 195.6600000 138.1440000 118.5860000 196.6730000
 138.2260000 116.7180000 195.7990000 137.9800000 116.3450000 194.9380000
 139.1770000 116.5820000 195.9310000 137.4670000 116.0340000 196.8500000
 136.7280000 115.6630000 196.6130000 137.7170000 116.0330000 198.1450000
 138.7480000 116.6240000 198.6830000 139.2610000 117.1080000 198.1910000
 138.7920000 116.6510000 199.5410000 136.8920000 115.4280000 198.9260000
 136.2120000 114.9950000 198.6250000 136.9880000 115.3170000 199.7730000
 136.8900000 119.1520000 193.0520000 135.9750000 118.3380000 193.1180000
 136.6940000 120.4540000 192.8350000 137.3860000 120.9650000 192.8340000
 135.3680000 121.0560000 192.6630000 134.7000000 120.4240000 192.9720000
 135.2320000 122.3210000 193.5400000 135.9010000 122.9640000 193.2570000
 134.3630000 122.7180000 193.3730000 135.3920000 122.0960000 195.0460000
 136.6640000 121.8650000 195.5810000 137.3860000 121.8360000 194.9950000
 136.8990000 121.6640000 196.9460000 137.7620000 121.5130000 197.2570000
 135.8150000 121.6840000 197.8240000 135.9510000 121.5650000 198.7360000
 134.5230000 121.8780000 197.3120000 133.8140000 121.8570000 197.9140000
 134.3070000 122.1160000 195.9340000 133.4540000 122.2920000 195.6070000
 135.0210000 121.3010000 191.1870000 133.8380000 121.3540000 190.8600000
 136.0120000 121.2910000 190.2840000 136.8270000 121.3060000 190.5590000
 135.7850000 121.4720000 188.8490000 135.3110000 122.3140000 188.7670000
 137.1440000 121.6550000 188.1310000 137.6130000 122.3910000 188.5540000
 137.6850000 120.8570000 188.2370000 137.0440000 121.9800000 186.6320000
 136.6240000 121.2330000 186.1780000 136.2370000 123.2570000 186.4010000
 136.6130000 123.9910000 186.9120000 136.2300000 123.4870000 185.4590000
 135.3200000 123.1150000 186.6840000 138.4290000 122.1860000 186.0180000
 138.9480000 121.3700000 186.0940000 138.8870000 122.9140000 186.4660000
 138.3350000 122.4060000 185.0780000 134.8540000 120.4140000 188.2010000
 133.8450000 120.8330000 187.6430000 134.9910000 119.0860000 188.4220000
 136.0700000 118.4190000 189.1180000 135.9080000 118.4500000 190.0740000
 136.9220000 118.8260000 188.8950000 136.0670000 116.9700000 188.6380000
 136.6130000 116.8890000 187.8400000 136.3790000 116.3670000 189.3310000
 134.6040000 116.7190000 188.2900000 134.1330000 116.4310000 189.0880000
 134.5130000 116.0510000 187.5920000 134.0900000 118.0890000 187.8290000
 134.1490000 118.1430000 186.8620000 132.6280000 118.2700000 188.2470000
 131.7290000 118.0670000 187.4410000 132.3970000 118.7260000 189.4840000
 133.0740000 118.9150000 189.9790000 131.0590000 119.0390000 189.9870000
 130.4790000 118.2820000 189.8120000 131.0970000 119.2710000 191.5050000
 131.5380000 120.1150000 191.6910000 130.1790000 119.3330000 191.8110000
 131.8010000 118.1540000 192.2940000 132.7550000 118.1900000 192.1220000
 131.4740000 117.3010000 191.9680000 131.5310000 118.1810000 194.0950000
 132.2520000 119.7710000 194.5730000 132.0560000 119.9400000 195.5080000
 131.8790000 120.4850000 194.0330000 133.2150000 119.7320000 194.4610000
 130.4400000 120.2500000 189.2680000 129.2940000 120.1560000 188.8470000
 131.2350000 121.2760000 188.9390000 132.0560000 121.2570000 189.1950000
 130.8060000 122.3970000 188.0890000 129.9980000 122.7760000 188.4690000
 131.8790000 123.4950000 188.0960000 132.7580000 123.0990000 187.9850000
 131.8790000 123.9250000 188.9660000 131.6970000 124.5570000 187.0260000
 130.6430000 125.4820000 187.1200000 130.0260000 125.4120000 187.8130000
 130.5200000 126.5140000 186.1730000 129.8330000 127.1370000 186.2480000
 131.4370000 126.6080000 185.1120000 131.3720000 127.3040000 184.4990000
 132.4630000 125.6580000 184.9850000 133.0730000 125.7230000 184.2860000
 132.6000000 124.6460000 185.9490000 133.3080000 124.0470000 185.8790000
 130.4620000 121.9780000 186.6470000 129.3860000 122.3280000 186.1650000
 131.2720000 121.1220000 186.0040000 132.0010000 120.8810000 186.3910000
 130.9580000 120.5830000 184.6610000 130.7100000 121.3290000 184.0920000
 132.1600000 119.8360000 184.0330000 131.8330000 119.3860000 183.2390000
 132.4440000 119.1410000 184.6480000 133.4010000 120.6130000 183.5610000
 133.9590000 119.9760000 183.0880000 133.1120000 121.7620000 182.5990000
 132.1610000 121.9270000 182.5040000 133.5520000 122.5820000 182.8700000
 133.4730000 121.4960000 181.7390000 134.2530000 121.1280000 184.6990000
 135.0590000 121.5280000 184.3370000 134.4980000 120.3770000 185.2620000
 133.7580000 121.7910000 185.2060000 129.7470000 119.6280000 184.6550000
 129.2730000 119.2570000 183.5800000 129.2850000 119.2000000 185.8310000
 129.7200000 119.4370000 186.5340000 128.0780000 118.3890000 186.0370000
 127.8010000 118.0180000 185.1850000 128.4310000 117.2200000 186.9700000
 129.3950000 117.1280000 187.0250000 128.0910000 117.3950000 187.8620000
 127.9110000 115.9920000 186.4970000 128.1320000 115.3900000 187.0390000
 126.8890000 119.2140000 186.5830000 125.8070000 118.6690000 186.8040000
 127.0690000 120.5190000 186.8460000 127.8440000 120.8660000 186.7070000
 126.0240000 121.3930000 187.4000000 125.5450000 120.8690000 188.0600000
 126.6310000 122.5820000 188.1670000 127.3670000 122.2710000 188.7170000
 126.9810000 123.2310000 187.5360000 125.5820000 123.2600000 189.0640000
 124.5050000 123.6170000 188.5540000 125.8900000 123.5850000 190.2240000
 125.0070000 121.8430000 186.3310000 125.3650000 122.4220000 185.3010000
 123.7300000 121.5770000 186.6140000 123.5690000 121.4350000 187.4470000
 122.5720000 121.8380000 185.7580000 122.8610000 121.8010000 184.8330000
 121.5430000 120.7180000 186.0270000 121.5830000 120.4450000 186.9570000
 120.6430000 121.0400000 185.8600000 121.7690000 119.5270000 185.1140000
 121.8240000 119.6590000 183.9060000 121.8330000 118.3270000 185.6380000
 122.0140000 117.7050000 185.0730000 121.9250000 118.2250000 186.4870000
 121.9660000 123.2390000 185.9940000 122.0260000 123.7390000 187.1140000
 121.1480000 123.7650000 185.0570000 120.7770000 123.1500000 183.7850000
 121.5380000 123.1540000 183.1830000 120.4530000 122.2430000 183.9010000
 119.6570000 124.0190000 183.2180000 118.8040000 123.7290000 183.5780000
 119.6430000 124.0010000 182.2480000 120.0090000 125.4010000 183.7670000
 119.2470000 126.0010000 183.7690000 120.7280000 125.7760000 183.2340000
 120.5290000 125.0910000 185.1790000 121.2090000 125.7440000 185.4070000
 119.4380000 125.1530000 186.2720000 118.2450000 125.0000000 186.0070000
 119.8360000 125.2990000 187.5400000 120.6840000 125.3070000 187.6810000
 118.9130000 125.3650000 188.6700000 118.2300000 124.6930000 188.5170000
 119.6330000 125.0070000 189.9800000 120.3540000 124.3780000 189.8200000
 120.0030000 125.8120000 190.3760000 118.6910000 124.4940000 191.0390000
 117.7870000 125.1880000 191.4900000 119.0060000 123.3710000 191.6260000
 118.6120000 123.2230000 192.3760000 119.7200000 122.9500000 191.3960000
 118.2900000 126.7730000 188.7630000 119.0450000 127.7190000 188.9990000
 116.9610000 126.9090000 188.9570000 115.9600000 125.8570000 188.8690000
 116.1820000 125.1910000 188.1990000 115.8580000 125.4430000 189.7400000
 114.6680000 126.5590000 188.4750000 113.8920000 126.0820000 188.8080000
 114.6320000 126.6430000 187.5090000 114.8070000 127.9390000 189.1180000
 114.4960000 127.9030000 190.0360000 114.3140000 128.6090000 188.6180000
 116.3120000 128.2200000 189.0850000 116.5020000 128.7490000 188.2940000
 116.7600000 129.0600000 190.2900000 116.5340000 130.2640000 190.3030000
 117.3230000 128.4220000 191.3320000 117.4400000 127.5730000 191.2590000
 117.9130000 129.1180000 192.4910000 117.5260000 130.0040000 192.5680000
 117.5900000 128.3300000 193.7680000 117.7210000 127.3830000 193.6060000
 118.1930000 128.6030000 194.4770000 116.1560000 128.6190000 194.2320000
 115.5440000 128.5820000 193.4800000 116.1270000 129.5210000 194.5890000
 115.7000000 127.6440000 195.3290000 114.9200000 128.0150000 195.7700000
 116.4020000 127.5670000 195.9940000 115.3570000 126.2420000 194.8040000
 116.1460000 125.8380000 194.4100000 115.1020000 125.6940000 195.5620000
 114.2510000 126.2820000 193.8140000 113.9110000 125.4670000 193.7040000
 114.5640000 126.5730000 193.0330000 113.6130000 126.8380000 194.0890000
 119.4230000 129.3760000 192.3820000 119.9050000 130.2590000 193.0780000
 120.1600000 128.5720000 191.6060000 119.7430000 128.0290000 191.0850000
 121.5840000 128.8220000 191.3340000 121.9780000 129.1900000 192.1400000
 122.2960000 127.4940000 190.9650000 122.4990000 126.9930000 191.7700000
 121.7080000 126.9740000 190.3950000 123.8030000 127.6610000 189.9540000
 124.4450000 128.2560000 190.7750000 121.7790000 129.8810000 190.2460000
 122.4740000 130.8750000 190.4470000 121.2410000 129.6020000 189.0590000
 120.7850000 128.8770000 188.9840000 121.6900000 130.2080000 187.8120000
 122.5140000 130.6970000 187.9650000 121.0140000 130.8280000 187.4960000
 121.9410000 129.1410000 186.7440000 121.3190000 128.0780000 186.7510000
 122.8750000 129.4180000 185.8270000 123.2700000 130.1800000 185.8850000
 123.1330000 128.5900000 184.6340000 122.2870000 128.4400000 184.1840000
 124.0570000 129.3870000 183.6900000 123.6870000 130.2760000 183.5720000
 124.9340000 129.4710000 184.0970000 124.1940000 128.7290000 182.3050000
 123.3070000 128.5170000 181.9740000 124.6880000 127.8980000 182.3920000
 124.9060000 129.6060000 181.2590000 124.8970000 129.1240000 180.4170000
 124.4030000 130.4270000 181.1410000 126.3540000 129.9450000 181.6740000
 126.3660000 130.8260000 182.0800000 126.6410000 129.3130000 182.3510000
 127.3290000 129.9190000 180.5540000 127.3370000 129.1000000 180.2060000
 128.1580000 130.0940000 180.8250000 127.0960000 130.4830000 179.9060000
 123.7030000 127.1880000 184.9260000 123.4270000 126.2660000 184.1630000
 124.5380000 127.0520000 185.9590000 124.6900000 127.7480000 186.4400000
 125.4280000 125.8920000 186.1230000 125.8930000 125.9640000 186.9710000
 124.9040000 125.0760000 186.1460000 126.4810000 125.7890000 185.0000000
 126.5630000 126.6540000 184.1230000 127.3940000 124.8150000 185.1050000
 127.3080000 124.2350000 185.7340000 128.5520000 124.6730000 184.2040000
 128.7140000 125.5070000 183.7370000 129.3360000 124.4830000 184.7420000
 128.4510000 123.5650000 183.1450000 129.2700000 123.5140000 182.2240000
 127.4030000 122.7260000 183.2190000 126.6470000 122.9220000 183.8600000
 127.3170000 121.5200000 182.3910000 127.3320000 121.8000000 181.3380000
 128.4890000 120.5830000 182.6620000 129.4240000 121.0950000 182.4360000
 128.4830000 120.2870000 183.7110000 128.4880000 119.3080000 181.8530000
 129.4870000 118.3510000 181.9840000 130.2820000 118.4040000 182.6050000
 129.2150000 117.3610000 181.1550000 129.8800000 116.4990000 181.1000000
 128.1080000 117.6350000 180.5120000 127.6210000 118.8390000 180.9160000
 126.7000000 119.2280000 180.4820000 126.0330000 120.7520000 182.6730000
 125.2290000 121.1660000 183.5050000 128.9940000 123.1450000 180.9230000
 128.3360000 123.9120000 180.9230000 128.4720000 121.7930000 180.9230000
 128.8200000 121.2690000 180.0330000 128.9380000 121.0250000 182.1550000
 130.0270000 120.9780000 182.1640000 128.5890000 121.5330000 183.0540000
 128.4440000 119.6010000 182.2440000 128.7800000 118.7690000 183.3060000
 129.3630000 119.0170000 184.0930000 128.2040000 117.5980000 183.1050000
 128.3400000 116.7930000 183.8280000 127.5270000 117.6420000 181.9850000
 126.9940000 116.8760000 181.6000000 127.6490000 118.8710000 181.4150000
 127.1490000 119.0870000 180.4720000 126.9500000 121.7930000 180.9230000
 126.3260000 122.8520000 180.9230000 128.8220000 123.8920000 180.0270000
 127.8280000 123.7150000 180.0270000 129.7220000 122.7560000 180.0270000
 130.3510000 122.7900000 179.1370000 130.6210000 122.7680000 181.2590000
 131.2140000 123.6830000 181.2680000 130.0060000 122.7250000 182.1580000
 131.5970000 121.6190000 181.3480000 132.4840000 121.4870000 182.4100000
 132.5660000 122.1150000 183.1970000 133.2010000 120.3970000 182.2090000
 133.9630000 120.1050000 182.9320000 132.8190000 119.8360000 181.0890000
 131.8220000 120.5650000 180.5190000 131.3820000 120.2430000 179.5760000
 128.9500000 121.4450000 180.0270000 127.7210000 121.4450000 180.0270000
 125.4060000 122.4640000 184.2940000 125.1460000 122.5520000 185.2660000
 125.0880000 121.2290000 183.6070000 124.4310000 121.4410000 182.7630000
 126.3500000 120.5510000 183.0840000 126.8580000 121.2170000 182.3870000
 127.0140000 120.3250000 183.9190000 126.1210000 119.2610000 182.3560000
 127.0740000 118.4330000 181.7770000 128.0710000 118.5940000 181.7700000
 126.4500000 117.4010000 181.2400000 127.0210000 116.6250000 180.7300000
 125.1630000 117.5270000 181.4430000 124.4600000 116.8720000 181.1330000
 124.9110000 118.6710000 182.1350000 123.8860000 118.9370000 182.3940000
 124.3850000 120.2500000 184.5360000 124.1570000 120.5540000 185.7050000
 124.0410000 119.0710000 184.0130000 124.2500000 118.8670000 183.0460000
 123.3670000 118.0540000 184.7950000 123.9930000 117.7720000 185.6420000
 122.0310000 118.5640000 185.3250000 122.1990000 119.4350000 185.9580000
 121.3900000 118.8420000 184.4880000 121.2520000 117.5710000 186.1540000
 127.0790000 118.4750000 181.7630000 127.2530000 119.3200000 181.2390000
 119.5880000 116.8260000 187.3720000 118.6280000 116.8580000 187.8870000
 120.4770000 115.8690000 187.2690000 121.5300000 116.2910000 186.5180000
 122.3670000 115.6200000 186.3280000 123.0920000 116.8120000 183.9580000
 123.4340000 116.7670000 182.7790000 122.4720000 115.8020000 184.5730000
 126.8520000 122.7990000 183.8750000 129.2840000 121.1060000 182.3690000
 128.1940000 121.1060000 182.3690000 129.5240000 121.0950000 180.8630000
 126.6970000 120.3420000 183.9660000 125.4890000 120.9850000 183.1900000
 130.2580000 122.2990000 180.3250000 130.5540000 122.4380000 178.9730000
 126.4510000 117.4510000 181.1600000 126.8660000 116.7790000 180.6690000
 125.1300000 117.5140000 181.3850000 124.5470000 116.7090000 181.5630000
 124.6710000 118.7640000 181.1110000 124.0900000 118.9900000 182.4340000
 128.4940000 122.3630000 182.7050000 127.4030000 122.2830000 183.2650000
 129.0480000 123.5270000 182.3600000 129.9480000 123.5420000 181.9010000
 128.3960000 124.7940000 182.6250000 127.4340000 124.8210000 182.1140000
 128.1610000 124.9880000 184.1190000 127.5270000 124.1850000 184.4950000
 129.1160000 124.9720000 184.6430000 127.4830000 126.2850000 184.4950000
 127.1990000 126.6110000 185.8160000 127.9270000 118.5630000 181.8780000
 126.6120000 127.7930000 185.8260000 126.0390000 128.0360000 186.7210000
 126.5100000 128.2300000 184.5950000 127.6490000 127.4600000 183.8310000
 127.8020000 127.6300000 182.7650000 129.2420000 125.9590000 182.1320000
 130.3260000 125.7580000 181.5900000 125.9140000 122.6160000 180.6910000
 125.4640000 122.8950000 181.3690000 125.3600000 122.8640000 179.3520000
 125.2080000 122.0040000 178.9290000 124.0040000 123.5620000 179.5230000
 123.5970000 123.6980000 178.6530000 123.4100000 123.0140000 180.0590000
 124.1210000 124.4260000 179.9480000 126.2690000 123.6760000 178.4030000
 125.9490000 123.8220000 177.2260000 127.3470000 124.2730000 178.9200000
 127.5190000 124.1230000 179.7490000 128.2280000 125.1720000 178.1730000
 127.9340000 125.2350000 177.2510000 128.1010000 126.5650000 178.8030000
 128.6460000 127.1950000 178.3060000 128.4020000 126.5390000 179.7250000
 127.1740000 126.8490000 178.7690000 129.6860000 124.6920000 178.1250000
 130.3710000 124.9340000 177.1320000 130.1640000 123.9930000 179.1660000
 129.6600000 123.8770000 179.8530000 131.6020000 123.7860000 179.3570000
 132.0650000 124.0870000 178.5600000 132.1110000 124.6640000 180.5060000
 131.8050000 124.2860000 181.3450000 133.0810000 124.6430000 180.5130000
 131.6650000 126.1130000 180.4180000 131.8470000 126.8460000 179.2270000
 132.2580000 126.4560000 178.4890000 131.4160000 128.1810000 179.1440000
 131.5420000 128.6810000 178.3700000 130.7850000 128.7850000 180.2510000
 130.2840000 130.0340000 180.1170000 130.2860000 130.4490000 180.8470000
 130.6180000 128.0550000 181.4500000 130.2130000 128.4530000 182.1870000
 131.0580000 126.7220000 181.5310000 130.9410000 126.2360000 182.3150000
 132.0390000 122.3340000 179.5170000 133.2260000 122.0900000 179.3420000
 131.1120000 121.3670000 179.5820000 130.2860000 121.5920000 179.6650000
 131.4390000 119.9270000 179.5250000 131.9460000 119.6840000 180.3160000
 130.1280000 119.1250000 179.5350000 129.5270000 119.4880000 178.8660000
 129.7140000 119.2120000 180.4080000 130.3420000 117.7540000 179.2610000
 129.6000000 117.3600000 179.2790000 132.3130000 119.5710000 178.3080000
 133.4200000 119.0750000 178.4820000 131.9910000 120.1480000 177.1430000
 131.2200000 120.5230000 177.0790000 132.8480000 120.0860000 175.9480000
 133.1560000 119.1730000 175.8350000 132.0300000 120.4860000 174.7100000
 131.1030000 120.6380000 174.9510000 132.3860000 121.3030000 174.3280000
 132.0880000 119.4600000 173.7470000 131.6420000 119.6680000 173.0660000
 134.1010000 120.9730000 176.0330000 135.1110000 120.6680000 175.4170000
 134.0210000 122.1530000 176.6600000 133.3490000 122.2900000 177.1800000
 135.1420000 123.0990000 176.7260000 135.5480000 123.1550000 175.8470000
 134.6280000 124.5020000 177.0770000 135.3560000 125.1380000 176.9970000
 134.3060000 124.5210000 177.9920000 133.9220000 124.7640000 176.4650000
 136.2870000 122.6750000 177.6580000 137.3790000 123.2240000 177.5160000
 136.0850000 121.7160000 178.5700000 135.3130000 121.3390000 178.6030000
 137.0830000 121.3150000 179.5730000 137.9030000 121.8090000 179.4150000
 136.6290000 121.6440000 181.0110000 135.8930000 121.0630000 181.2580000
 137.7780000 121.4160000 182.0040000 137.4620000 121.5950000 182.9030000
 138.0810000 120.4950000 181.9690000 138.5190000 122.0070000 181.7970000
 136.1670000 123.0990000 181.1660000 135.9570000 123.2820000 182.0950000
 136.8610000 123.7060000 180.8630000 135.3640000 123.2430000 180.6410000
 137.4000000 119.8270000 179.4480000 136.5900000 118.9810000 179.8060000
 138.6740000 119.5250000 179.1830000 139.2350000 120.1640000 179.0550000
 139.1890000 118.1620000 179.2730000 138.4650000 117.5380000 179.1100000
 140.2440000 117.9630000 178.1780000 140.8520000 118.7190000 178.1700000
 140.7460000 117.1510000 178.3520000 139.5970000 117.7880000 176.8170000
 138.7950000 116.8940000 176.6370000 140.0800000 118.4720000 175.8050000
 140.4950000 119.2080000 175.9650000 139.6540000 118.3390000 175.0700000
 139.7310000 117.8670000 180.6780000 140.3830000 118.7140000 181.2890000
 139.6320000 116.6090000 181.1130000 139.2120000 116.0400000 180.6230000
 140.1150000 116.1540000 182.4220000 140.7060000 116.8320000 182.7840000
 138.9710000 115.9240000 183.4480000 138.7270000 114.9850000 183.4400000
 139.5300000 116.2200000 184.8500000 140.3280000 115.6910000 185.0070000
 138.8720000 115.9960000 185.5260000 139.7540000 117.1610000 184.9270000
 137.6600000 116.7230000 183.2450000 137.8550000 117.6630000 183.1040000
 137.1310000 116.6500000 184.0550000 136.7860000 116.1920000 182.0950000
 135.8510000 116.2190000 182.3530000 136.9000000 116.7450000 181.3060000
 137.0220000 115.2780000 181.8730000 140.9340000 114.8780000 182.2340000
 140.4010000 113.8560000 181.8030000 142.2340000 114.9280000 182.5320000
 142.5620000 115.6410000 182.8840000 143.0880000 113.7430000 182.4850000
 142.7160000 113.1270000 181.8350000 144.4810000 114.1370000 181.9450000
 144.6280000 115.0900000 182.0460000 144.4590000 113.9740000 180.9890000
 145.6830000 113.3840000 182.5450000 145.4580000 112.4460000 182.6460000
 146.8810000 113.4650000 181.5980000 146.6470000 113.0390000 180.7590000
 147.6340000 112.9890000 181.9820000 147.1010000 114.3940000 181.4250000
 146.0930000 113.9530000 183.9090000 147.0330000 114.1920000 183.9400000
 145.5610000 114.7370000 184.1150000 145.9120000 113.2860000 184.5900000
 143.0440000 113.0180000 183.8400000 143.1830000 113.6250000 184.8980000
 142.8330000 111.7000000 183.8120000 142.7000000 111.3250000 183.0490000
 142.7710000 110.8750000 185.0200000 142.3810000 111.4090000 185.7300000
 141.8610000 109.6500000 184.7840000 142.0910000 108.9670000 185.4330000
 142.0550000 109.2780000 183.9090000 140.3390000 109.8930000 184.8950000
 139.8980000 109.0700000 184.6320000 139.9190000 110.1970000 186.3370000
 138.9540000 110.2820000 186.3770000 140.3120000 111.0300000 186.6420000
 140.1920000 109.4720000 186.9210000 139.8090000 111.0080000 183.9940000
 138.8390000 110.9950000 183.9930000 140.1160000 110.8810000 183.0830000
 140.1020000 111.8770000 184.3110000 144.1780000 110.4730000 185.4910000
 145.0050000 110.0030000 184.7100000 144.3820000 110.4890000 186.8120000
 143.7770000 110.8660000 187.2940000 145.6720000 110.1770000 187.4370000
 145.5260000 109.9430000 188.3670000 146.0700000 109.4140000 186.9900000
 146.6690000 111.3400000 187.3780000 146.3150000 112.4520000 187.0130000
 147.8860000 111.1340000 187.8930000 148.1170000 110.2390000 188.3000000
 148.9040000 112.1650000 187.8890000 149.1200000 112.4590000 186.8620000
 148.4410000 113.3970000 188.6610000 147.5380000 113.7970000 188.2000000
 148.2290000 113.1200000 189.6940000 149.4380000 114.5300000 188.7120000
 149.1660000 115.7200000 189.3770000 150.2170000 116.5080000 189.2480000
 150.2130000 117.5000000 189.6990000 151.1310000 115.8880000 188.5440000
 152.0330000 116.2710000 188.3000000 150.6870000 114.6520000 188.1900000
 151.3220000 113.9940000 187.5980000 150.1900000 111.6690000 188.5340000
 150.2650000 110.5240000 188.9750000 151.2040000 112.5350000 188.5890000
 151.6240000 113.4250000 188.3620000 149.0090000 112.0920000 187.8000000
 149.0240000 111.2120000 187.1570000 148.0520000 111.8320000 188.9580000
 148.3970000 110.9710000 189.5300000 148.0190000 112.7080000 189.6070000
 146.6260000 111.5400000 188.5550000 145.6330000 111.2830000 189.4920000
 145.7540000 111.2640000 190.4950000 144.5050000 111.0660000 188.8430000
 143.5920000 110.8430000 189.3950000 144.7260000 111.1710000 187.5560000
 146.0350000 111.4660000 187.3320000 146.3990000 111.5900000 186.3120000
 148.4660000 113.2690000 187.0020000 149.1470000 114.2790000 186.8380000
 150.7220000 114.8810000 188.2560000 150.0640000 115.6480000 188.2560000
 150.2000000 113.5290000 188.2560000 150.5480000 113.0050000 187.3660000
 150.6660000 112.7610000 189.4880000 151.7550000 112.7140000 189.4970000
 150.3170000 113.2690000 190.3870000 150.1720000 111.3370000 189.5770000
 150.5080000 110.5050000 190.6390000 151.0910000 110.7530000 191.4260000
 149.9320000 109.3340000 190.4380000 150.0680000 108.5290000 191.1610000
 149.2550000 109.3780000 189.3180000 148.7220000 108.6120000 188.9330000
 149.3770000 110.6070000 188.7480000 148.8770000 110.8230000 187.8050000
 148.6780000 113.5290000 188.2560000 148.0540000 114.5880000 188.2560000
 150.1460000 116.9560000 187.6090000 150.3770000 117.7500000 187.0290000
 151.0460000 115.8200000 187.6090000 151.6750000 115.8540000 186.7190000
 149.6420000 112.0280000 186.3990000 150.0930000 111.7610000 185.4430000
 149.9120000 111.2840000 187.1480000 148.1470000 111.9310000 186.2130000
 147.5290000 110.7500000 185.8180000 147.9920000 109.8740000 185.6220000
 146.2300000 110.9750000 185.7430000 145.5550000 110.1720000 185.4470000
 145.9930000 112.2220000 186.0670000 147.1600000 112.8540000 186.3670000
 147.1510000 113.9030000 186.6600000 150.2740000 114.5090000 187.6090000
 149.0450000 114.5090000 187.6090000 150.9990000 113.3880000 187.6090000
 152.0080000 113.4390000 187.6090000 150.3820000 112.0770000 187.6090000
 149.7620000 111.9670000 188.4990000 149.5050000 111.8830000 186.3770000
 150.1580000 112.2090000 187.1860000 148.5070000 111.6910000 186.7710000
 150.0090000 110.6390000 185.9250000 150.1800000 109.4870000 186.6830000
 150.6720000 108.5480000 185.8970000 150.8830000 107.5570000 186.2980000
 150.8230000 109.0370000 184.6910000 151.1830000 108.5240000 183.8990000
 150.4220000 110.3360000 184.6620000 150.4780000 110.9030000 183.7330000
 151.8340000 112.0570000 187.1540000 152.5710000 113.0160000 187.3750000
 152.2460000 110.9590000 186.5150000 151.6030000 110.1960000 186.3570000
 153.6040000 110.8180000 186.0320000 153.8200000 111.6110000 185.3170000
 154.6070000 110.9090000 187.1780000 154.5110000 111.8770000 187.6700000
 154.4090000 110.1150000 187.8980000 156.0550000 110.7720000 186.7720000
 149.9330000 109.4530000 186.6700000 149.2990000 109.4320000 187.4560000
 158.2280000 110.6830000 187.0490000 159.1720000 110.6990000 187.5940000
 157.9750000 110.5320000 185.7730000 156.6330000 110.5810000 185.5560000
 156.2400000 110.4730000 184.5450000 153.8050000 109.4750000 185.3450000
 152.8760000 108.6750000 185.2570000 155.0220000 109.2290000 184.8560000
 148.1080000 110.3150000 188.0320000 155.3400000 107.9880000 184.1800000
 155.5920000 108.1940000 183.1390000 156.5250000 107.2910000 184.8390000
 157.3980000 107.9420000 184.8000000 156.2840000 107.0690000 185.8790000
 156.9320000 105.9840000 184.2020000 157.9930000 105.2270000 184.6860000
 150.2670000 108.4680000 185.8230000 149.3730000 108.5810000 186.4360000
 150.5770000 108.9690000 184.6150000 149.9830000 109.5780000 184.0710000
 151.8170000 108.5520000 184.2430000 152.2320000 108.8650000 183.2850000
 154.1590000 107.0280000 184.2120000 153.1090000 107.3500000 184.7640000
 154.3330000 105.8460000 183.6180000 153.8820000 104.9440000 183.5600000
 150.7810000 111.7850000 188.4170000 149.6910000 111.7850000 188.4170000
 150.4160000 113.0130000 187.5900000 151.3170000 113.4260000 187.1350000
 149.7120000 112.7300000 186.8080000 149.7710000 114.1370000 188.3660000
 149.3800000 115.3230000 187.7570000 149.4810000 115.5490000 186.7780000
 148.8540000 116.1030000 188.6830000 148.4800000 117.0910000 188.4150000
 148.8900000 115.4810000 189.8350000 148.5490000 115.8580000 190.7080000
 149.4530000 114.2520000 189.6830000 149.5640000 113.5930000 190.5450000
 149.5070000 111.2710000 189.0730000 149.1220000 110.1210000 188.8700000
 148.8530000 112.1270000 189.8610000 149.2090000 113.0620000 189.9960000
 147.6280000 111.7580000 190.5420000 146.8740000 111.4770000 189.8070000
 147.8560000 110.5780000 191.4810000 150.4450000 112.5720000 186.3920000
 148.0870000 110.9470000 192.4800000 146.6800000 109.6420000 191.6270000
 146.7290000 108.5200000 192.4460000 145.5630000 107.9060000 192.3670000
 145.3880000 106.9940000 192.9380000 144.7850000 108.5720000 191.5510000
 143.8370000 108.3150000 191.3150000 145.4410000 109.6610000 191.0670000
 144.9420000 110.3330000 190.3690000 146.4300000 112.5400000 191.0600000
 146.5400000 113.7290000 191.3510000 145.2820000 111.8680000 191.1750000
 145.2410000 110.8910000 190.9230000 144.0700000 112.5000000 191.6570000
 144.2340000 112.8790000 192.6660000 143.6640000 113.6650000 190.7590000
 143.7330000 114.5970000 191.3200000 149.0170000 112.4080000 185.7620000
 142.2580000 113.5900000 190.2150000 141.7370000 114.5740000 189.3820000
 142.2220000 115.4030000 189.0680000 140.5000000 114.2350000 189.0740000
 139.9050000 114.8760000 188.4240000 140.2100000 113.1000000 189.6610000
 141.2770000 112.6630000 190.3820000 141.2130000 111.7280000 190.9390000
 143.9140000 111.2170000 190.8530000 144.8740000 110.4690000 190.6790000
 142.6990000 110.9640000 190.3630000 141.9410000 111.6090000 190.5320000
 142.4210000 109.7750000 189.5810000 143.0500000 109.7700000 188.6910000
 142.7050000 108.5110000 190.3850000 143.7540000 108.4960000 190.6810000
 142.0770000 108.4970000 191.2760000 142.4450000 107.2170000 189.6520000
 142.6550000 105.9780000 190.2470000 142.3420000 105.0450000 189.3680000
 150.2590000 107.5630000 186.0390000 141.9500000 105.6190000 188.2580000
 150.7780000 108.5070000 183.9180000 141.9980000 106.9720000 188.3920000
 150.5360000 110.9410000 183.9650000 140.9630000 109.7330000 189.1480000
 140.1910000 110.6350000 189.4660000 147.9260000 113.6390000 189.3570000
 147.6620000 112.9110000 189.7320000 147.4380000 114.9060000 189.9120000
 147.2730000 114.7860000 190.8600000 148.1170000 115.5920000 189.8110000
 146.1350000 115.4410000 189.3040000 145.6230000 116.4020000 189.8420000
 145.5010000 114.7030000 188.3830000 145.9060000 113.9980000 188.1010000
 144.2270000 115.0000000 187.6790000 144.1150000 114.2640000 187.0580000
 142.9840000 114.9460000 188.5940000 142.9150000 115.7770000 189.0900000
 141.6600000 114.6850000 187.8650000 140.9370000 114.6460000 188.5110000
 141.4620000 115.4050000 187.2450000 141.7040000 113.8510000 187.3710000
 143.1350000 113.8830000 189.5140000 142.4350000 113.9080000 189.9780000
 144.2760000 116.2520000 186.7890000 143.2860000 116.9580000 186.6230000
 145.4760000 116.5740000 186.2770000 146.1150000 116.0140000 186.4100000
 145.7420000 117.7690000 185.4540000 145.7220000 118.5490000 186.0310000
 147.1150000 117.6560000 184.7780000 147.3290000 116.7140000 184.6900000
 147.0470000 118.0340000 183.8870000 148.2670000 118.3820000 185.4960000
 148.2920000 118.1120000 186.4270000 148.0950000 119.3360000 185.4650000
 149.6540000 118.1100000 184.8680000 150.2320000 118.8620000 185.0710000
 150.0430000 117.3330000 185.2990000 149.6180000 117.9030000 183.3970000
 149.6150000 118.6010000 182.8940000 149.4350000 116.7520000 182.7660000
 149.3610000 115.6160000 183.4050000 149.3500000 115.6430000 184.2640000
 149.0340000 114.9460000 182.9760000 149.2430000 116.6880000 181.4870000
 149.0920000 117.3880000 181.0110000 149.0580000 115.9550000 181.0770000
 144.6660000 117.9820000 184.3820000 144.2030000 117.0410000 183.7390000
 144.3700000 119.2510000 184.1280000 144.8070000 119.8680000 184.5380000
 143.3990000 119.6610000 183.1110000 142.6190000 119.0910000 183.2020000
 142.9450000 121.1190000 183.3340000 143.6150000 121.7260000 182.9830000
 141.6120000 121.3800000 182.6270000 141.7040000 121.2220000 181.6740000
 140.9270000 120.7930000 182.9840000 141.3360000 122.3010000 182.7570000
 142.7490000 121.4340000 184.8310000 142.2820000 122.2770000 184.9400000
 143.6100000 121.5060000 185.2710000 142.2320000 120.7300000 185.2530000
 143.9910000 119.4380000 181.7150000 145.1860000 119.6490000 181.5150000
 143.1940000 118.8880000 180.7960000 142.3620000 118.8030000 180.9960000
 143.5780000 118.7340000 179.3900000 143.0130000 118.0620000 178.9790000
 144.4950000 118.4240000 179.3310000 143.4590000 120.0480000 178.6040000
 143.2140000 121.1080000 179.1790000 143.5290000 119.9690000 177.2710000
 143.6470000 119.2010000 176.9020000 143.3020000 121.1250000 176.3960000
 143.9720000 121.7980000 176.5930000 143.4790000 120.6760000 174.9380000
 143.3730000 121.4380000 174.3470000 142.8160000 120.0050000 174.7110000
 144.3660000 120.3040000 174.8120000 141.9120000 121.7500000 176.6410000
 140.9420000 121.0190000 176.8490000 141.7750000 123.0700000 176.4730000
 142.4540000 123.5260000 176.2070000 140.4800000 123.7770000 176.5900000
 139.7660000 123.1440000 176.4160000 140.2060000 124.3670000 177.9960000
 139.2530000 124.5280000 178.0840000 140.6280000 123.4450000 179.1390000
 140.2500000 123.7690000 179.9710000 140.2800000 122.5530000 178.9830000
 141.5950000 123.3990000 179.1990000 140.8070000 125.6290000 178.1990000
 141.4840000 125.5030000 178.6800000 140.3650000 124.8600000 175.5290000
 141.3780000 125.3780000 175.0570000 139.1500000 125.3430000 175.2800000
 138.4650000 125.0110000 175.6800000 138.9180000 126.4130000 174.3140000
 139.7620000 126.8600000 174.1460000 138.4620000 125.8150000 172.9760000
 138.4910000 126.5090000 172.2980000 139.0940000 125.1300000 172.7060000
 137.0710000 125.2180000 172.9960000 136.8830000 123.8550000 173.2880000
 137.6150000 123.3150000 173.4810000 135.5830000 123.3090000 173.3100000
 135.4610000 122.4100000 173.5150000 134.4720000 124.1370000 173.0580000
 133.2070000 123.6660000 173.2100000 132.6510000 124.2850000 173.0930000
 134.6610000 125.4920000 172.7480000 133.9120000 126.0160000 172.5760000
 135.9610000 126.0370000 172.7350000 136.0900000 126.9420000 172.5620000
 137.9780000 127.4950000 174.8480000 137.2210000 127.2880000 175.7960000
 138.0790000 128.6760000 174.2430000 138.6790000 128.7640000 173.6330000
 137.3290000 129.8770000 174.6060000 136.6290000 129.6590000 175.2410000
 138.2780000 130.8900000 175.2670000 138.8990000 131.2300000 174.6040000
 137.7520000 131.6420000 175.5810000 139.0750000 130.3150000 176.4290000
 140.2910000 129.6420000 176.2000000 140.6140000 129.5520000 175.3330000
 140.9940000 129.0640000 177.2720000 141.7800000 128.5940000 177.1100000
 140.5110000 129.2030000 178.5860000 140.9820000 128.8340000 179.2980000
 139.3040000 129.8850000 178.8200000 138.9770000 129.9760000 179.6860000
 138.5730000 130.4030000 177.7370000 137.7450000 130.8000000 177.8820000
 136.6870000 130.4100000 173.3260000 137.4140000 130.7120000 172.3710000
 135.3900000 130.1160000 173.1750000 134.9280000 129.8670000 173.8560000
 134.7030000 130.2830000 171.8960000 135.3870000 130.1720000 171.2170000
 133.7130000 129.1380000 171.6280000 133.5870000 129.0680000 170.6690000
 134.1470000 128.3220000 171.9230000 132.3420000 129.1600000 172.3070000
 132.0240000 128.2440000 172.3480000 132.4440000 129.4740000 173.2190000
 131.0610000 130.1340000 171.4650000 130.8160000 129.1630000 169.9500000
 130.0980000 129.5590000 169.4310000 131.6250000 129.1680000 169.4150000
 130.5750000 128.2500000 170.1720000 134.1480000 131.7000000 171.7180000
 133.4520000 132.2330000 172.5750000 134.5060000 132.3220000 170.5970000
 134.9510000 131.8680000 170.0180000 134.0010000 133.6320000 170.1650000
 133.2650000 133.8920000 170.7410000 135.0660000 134.7470000 170.2040000
 134.7500000 135.4970000 169.6760000 135.2800000 135.2590000 171.6170000
 135.3870000 136.2230000 171.6030000 134.4840000 135.0540000 172.1320000
 136.0570000 134.8480000 172.0270000 136.3240000 134.3550000 169.7050000
 136.8050000 135.0400000 169.7790000 133.4320000 133.5450000 168.7690000
 133.7380000 132.6340000 168.0140000 132.5920000 134.4990000 168.3980000
 132.4130000 135.1370000 168.9460000 132.0390000 134.5670000 167.0510000
 132.0880000 133.6940000 166.6310000 130.5500000 134.9120000 167.1520000
 130.4220000 135.5740000 167.8490000 130.2400000 135.2810000 166.3100000
 129.7040000 133.7190000 167.5340000 129.6740000 133.2630000 168.8680000
 130.1540000 133.7040000 169.5310000 128.9300000 132.1160000 169.2010000
 128.9160000 131.8010000 170.0760000 128.2260000 131.4200000 168.2050000
 127.5650000 130.2720000 168.5160000 127.1060000 129.9900000 167.8720000
 128.2350000 131.8860000 166.8720000 127.7480000 131.4470000 166.2120000
 128.9700000 133.0410000 166.5450000 128.9670000 133.3570000 165.6700000
 132.8680000 135.5150000 166.1800000 133.3350000 136.5630000 166.6370000
 133.0630000 135.1620000 164.9060000 133.0490000 134.1890000 164.6350000
 133.4250000 136.1590000 163.8950000 134.2430000 136.7780000 164.2650000
 133.8790000 135.4700000 162.5890000 133.2490000 134.6060000 162.3800000
 133.8240000 136.1690000 161.7550000 135.3070000 134.9640000 162.6380000
 136.4270000 135.7220000 162.9470000 137.4880000 134.9400000 162.8880000
 138.4770000 135.3460000 163.0990000 137.1080000 133.7300000 162.5600000
 137.7270000 132.9390000 162.4480000 135.7590000 133.6950000 162.3940000
 135.2680000 132.7620000 162.1180000 132.2570000 137.1380000 163.6900000
 131.0970000 136.7820000 163.8880000 132.5740000 138.3720000 163.2920000
 133.5410000 138.6210000 163.1420000 131.5650000 139.3860000 163.0640000
 130.8790000 139.0490000 162.2870000 130.7660000 139.6620000 164.3340000
 130.2730000 138.7460000 164.6590000 131.4390000 140.0090000 165.1180000
 129.6870000 140.7080000 164.1950000 136.3990000 135.7260000 162.9950000
 136.8480000 135.1220000 163.6690000 128.0350000 142.0000000 164.8350000
 127.3020000 142.4270000 165.5200000 128.2720000 142.2410000 163.5700000
 127.7700000 142.9100000 163.0040000 129.2940000 141.4580000 163.1310000
 129.6270000 141.5270000 162.0950000 132.1960000 140.6980000 162.6190000
 133.4160000 140.7920000 162.4950000 131.3620000 141.7110000 162.3770000
 132.7200000 134.4210000 164.6350000 135.2510000 136.6900000 164.2370000
 134.1610000 136.6900000 164.2370000 136.0230000 137.0350000 165.5060000
 133.8150000 136.1010000 161.8550000 133.2760000 134.7390000 162.3840000
 137.5120000 137.2050000 165.3200000 138.3550000 137.5200000 166.3800000
 138.6240000 138.4920000 166.3320000 137.4940000 134.9440000 163.0000000
 138.3430000 135.2070000 163.2730000 137.1320000 133.7020000 162.6170000
 137.1330000 133.3770000 161.6610000 136.9590000 132.9100000 163.7090000
 135.2280000 132.9570000 162.2000000 135.8330000 135.4020000 163.6740000
 135.1190000 134.4150000 163.5060000 137.1360000 135.4120000 163.3810000
 137.6820000 136.2470000 163.5370000 137.8080000 134.2480000 162.8390000
 137.7220000 133.4190000 163.5410000 137.1910000 133.8280000 161.5090000
 136.1390000 133.5850000 161.6570000 137.2780000 134.6450000 160.7930000
 137.8270000 132.6190000 160.8650000 137.3800000 132.1110000 159.6510000
 136.3540000 136.5590000 163.2040000 138.1240000 131.0640000 159.3480000
 137.9770000 130.5500000 158.3980000 139.0110000 130.8830000 160.2950000
 139.6800000 130.1270000 160.3210000 138.8000000 131.7770000 161.3050000
 139.4470000 131.7720000 162.1810000 139.2840000 134.5310000 162.5980000
 139.7590000 135.6340000 162.8600000 132.5920000 138.3490000 163.2510000
 133.4270000 138.5050000 163.1190000 131.6420000 139.2550000 162.5770000
 130.8820000 139.4240000 163.1560000 132.3400000 140.6010000 162.3190000
 132.6830000 140.9340000 163.1630000 133.4960000 140.4790000 161.3280000
 133.1830000 140.6660000 160.4290000 133.8790000 139.5880000 161.3320000
 134.1730000 141.1260000 161.5810000 131.4460000 141.5400000 161.7860000
 131.8680000 142.2560000 161.6640000 131.1200000 138.6160000 161.2780000
 131.6470000 137.5810000 160.8510000 130.1030000 139.2040000 160.6460000
 129.8340000 139.9650000 160.9440000 129.6250000 138.7680000 159.3250000
 129.3610000 137.8390000 159.4120000 128.3510000 139.5530000 158.9360000
 127.7840000 139.5920000 159.7220000 128.6120000 140.9950000 158.4850000
 127.7720000 141.4810000 158.4780000 128.9910000 141.0140000 157.5920000
 129.2170000 141.4360000 159.1020000 127.5630000 138.8220000 157.8420000
 126.7770000 139.3420000 157.6140000 128.1000000 138.7040000 157.0430000
 127.2620000 137.9630000 158.1780000 130.7660000 138.8470000 158.2860000
 131.5340000 139.8110000 158.2530000 131.0060000 137.7380000 157.5720000
 130.4590000 137.0800000 157.6550000 132.0620000 137.6110000 156.5540000
 132.6030000 138.4160000 156.5380000 132.9850000 136.4060000 156.8490000
 132.4610000 135.5950000 156.7520000 133.6800000 136.3830000 156.1730000
 133.6420000 136.3840000 158.2390000 132.9500000 136.3970000 158.9190000
 134.4330000 135.0870000 158.4230000 134.8110000 135.0580000 159.3160000
 133.8380000 134.3300000 158.3050000 135.1410000 135.0340000 157.7630000
 134.5930000 137.5610000 158.4660000 134.9730000 137.5070000 159.3570000
 135.2990000 137.5530000 157.8000000 134.0960000 138.3910000 158.3940000
 131.4150000 137.4520000 155.1770000 130.6650000 136.4990000 154.9650000
 131.7080000 138.3670000 154.2500000 132.1740000 139.0470000 154.4960000
 130.9680000 138.4570000 152.9800000 130.2190000 137.8410000 152.9930000
 130.3500000 139.8490000 152.8150000 129.8870000 139.8810000 151.9630000
 131.0510000 140.5190000 152.8090000 129.3480000 140.1750000 153.9330000
 129.7950000 140.2220000 154.7920000 128.6760000 139.4760000 153.9760000
 128.6570000 141.5020000 153.6680000 127.7430000 141.6140000 152.8710000
 129.1640000 142.5720000 154.2320000 129.8290000 142.4660000 154.7660000
 129.0580000 143.2990000 153.7850000 131.7830000 138.0990000 151.7280000
 131.2090000 137.6890000 150.7220000 133.1120000 138.2390000 151.7560000
 133.4700000 138.5600000 152.4690000 133.9680000 138.0660000 150.5630000
 133.5000000 137.5160000 149.9160000 134.2810000 139.4260000 149.9050000
 134.9410000 139.8930000 150.4410000 134.8220000 139.2840000 148.4800000
 134.7490000 140.1320000 148.0150000 135.7580000 139.0320000 148.4990000
 134.3120000 138.6200000 147.9910000 133.1350000 140.2390000 149.8280000
 133.3480000 140.9670000 149.4670000 135.2700000 137.3540000 150.9180000
 135.7450000 137.4890000 152.0390000 135.9370000 136.7060000 149.9520000
 135.5510000 136.6150000 149.1890000 137.2270000 136.0140000 150.1610000
 137.0680000 135.2140000 150.6860000 137.7710000 135.5370000 148.8100000
 137.2180000 134.8010000 148.5050000 137.7260000 136.2530000 148.1580000
 139.1050000 135.0850000 148.9220000 139.5990000 135.5720000 148.4490000
 138.2740000 136.8420000 150.9280000 138.8130000 136.3520000 151.9170000
 138.3960000 138.1430000 150.6330000 137.9590000 138.4550000 149.9610000
 139.2610000 139.0690000 151.3750000 140.1800000 138.7730000 151.2780000
 139.1370000 140.4490000 150.7130000 139.7360000 141.0750000 151.1500000
 138.2280000 140.7790000 150.7890000 139.3780000 140.3910000 149.7750000
 138.9590000 139.1200000 152.8950000 139.8400000 138.8070000 153.6970000
 137.6780000 139.2270000 153.2670000 137.0850000 139.3060000 152.6490000
 137.1820000 139.1690000 154.6530000 137.6150000 139.8710000 155.1630000
 135.6510000 139.3990000 154.6670000 135.2770000 139.2120000 153.7920000
 135.2400000 138.7760000 155.2870000 135.1780000 140.8030000 155.0450000
 136.0370000 141.7110000 155.2210000 133.9760000 140.9020000 155.3510000
 137.5050000 137.8370000 155.3670000 137.9190000 137.8540000 156.5300000
 137.3930000 136.6840000 154.6870000 137.1260000 136.7230000 153.8700000
 137.7670000 135.3800000 155.2690000 137.3130000 135.2850000 156.1210000
 137.3370000 134.2030000 154.3690000 137.7070000 133.3860000 154.7390000
 137.7340000 134.3150000 153.4910000 135.8390000 134.0060000 154.2150000
 135.1720000 134.5730000 153.1200000 135.6640000 135.0430000 152.4860000
 133.7800000 134.4520000 152.9790000 133.3460000 134.8590000 152.2640000
 133.0460000 133.7220000 153.9280000 132.1220000 133.6580000 153.8460000
 133.7130000 133.0970000 154.9970000 133.2290000 132.5970000 155.6140000
 135.1060000 133.2450000 155.1450000 135.5390000 132.8410000 155.8620000
 139.2770000 135.2830000 155.5410000 139.6880000 134.8330000 156.6170000
 140.1160000 135.7350000 154.6010000 139.7770000 136.0810000 153.8910000
 141.5790000 135.7250000 154.7610000 141.8510000 134.8300000 155.0180000
 142.3020000 136.0980000 153.4450000 142.0600000 137.0130000 153.2330000
 143.8310000 136.0270000 153.6310000 144.2800000 136.2400000 152.7980000
 144.0840000 135.1330000 153.9090000 144.1160000 136.6720000 154.2970000
 141.9160000 135.2090000 152.2410000 142.2960000 134.3230000 152.3450000
 140.9530000 135.0990000 152.2040000 142.3650000 135.8220000 150.8990000
 142.4320000 136.7880000 150.9630000 143.2320000 135.4640000 150.6510000
 141.7190000 135.6050000 150.2080000 141.9960000 136.6810000 155.8870000
 142.7470000 136.2880000 156.7820000 141.4250000 137.8870000 155.9250000
 140.9070000 138.1130000 155.2770000 141.6740000 138.8810000 156.9740000
 142.6270000 139.0580000 157.0070000 140.9660000 140.2060000 156.6310000
 140.0180000 140.0460000 156.5010000 141.0640000 140.8060000 157.3870000
 141.5710000 140.9110000 155.4040000 142.8130000 140.8090000 155.3010000
 140.9290000 141.9190000 155.0090000 141.2540000 138.3790000 158.3640000
 142.0430000 138.4570000 159.3140000 140.1190000 137.6770000 158.4530000
 139.6050000 137.6510000 157.7640000 139.6720000 137.0120000 159.6730000
 139.6490000 137.6760000 160.3790000 138.2480000 136.4890000 159.4600000
 137.9180000 136.0910000 160.2810000 138.2430000 135.8210000 158.7570000
 137.6620000 137.2190000 159.2040000 140.6120000 135.8840000 160.1420000
 140.9000000 135.8140000 161.3450000 141.1700000 135.0650000 159.2320000
 140.9360000 135.1430000 158.4080000 142.2260000 134.1080000 159.6010000
 141.8890000 133.5680000 160.3330000 142.6190000 133.1550000 158.4470000
 141.8410000 132.6690000 158.1320000 142.9590000 133.6810000 157.7060000
 143.7180000 132.1560000 158.9030000 144.3590000 132.6020000 159.4780000
 143.1450000 130.9850000 159.6810000 143.8600000 130.4280000 160.0270000
 142.6150000 131.3130000 160.4240000 142.5870000 130.4560000 159.0900000
 144.5500000 131.5880000 157.7690000 144.9860000 132.3270000 157.3160000
 145.2400000 131.0090000 158.1280000 143.9970000 131.0980000 157.1410000
 143.4650000 134.8510000 160.1090000 143.9250000 134.5820000 161.2210000
 144.0290000 135.7540000 159.2930000 143.6370000 135.9030000 158.5420000
 145.2940000 136.4490000 159.5860000 146.0190000 135.8050000 159.6020000
 145.5750000 137.5240000 158.5230000 144.7830000 138.0750000 158.4190000
 146.2870000 138.0890000 158.8620000 145.9990000 136.9920000 157.1420000
 145.2910000 136.4450000 156.7670000 146.7910000 136.4380000 157.2270000
 146.2770000 138.1670000 156.1860000 146.2700000 137.8530000 155.2680000
 145.5620000 138.8180000 156.2680000 147.6200000 138.8490000 156.4890000
 147.7330000 138.9080000 157.4510000 147.5910000 139.7540000 156.1420000
 148.7530000 138.1070000 155.8780000 149.5210000 138.5400000 155.9980000
 148.8210000 137.2930000 156.2310000 148.6160000 138.0130000 155.0040000
 145.2560000 137.1180000 160.9600000 146.2310000 137.0380000 161.7050000
 144.1290000 137.7480000 161.3050000 143.5020000 137.7870000 160.7180000
 143.9370000 138.4290000 162.5920000 144.7610000 138.8860000 162.8210000
 142.8150000 139.4720000 162.4690000 142.0040000 139.0280000 162.1770000
 142.6480000 139.8650000 163.3400000 143.1570000 140.5970000 161.4730000
 143.4180000 140.2130000 160.6210000 142.3570000 141.1260000 161.3290000
 144.2940000 141.5150000 161.9500000 145.0630000 140.9790000 162.2010000
 144.0200000 141.9990000 162.7450000 144.7440000 142.4820000 160.8440000
 145.5000000 142.9900000 161.1780000 145.0400000 141.9610000 160.0810000
 143.6580000 143.4030000 160.4350000 143.9920000 144.1590000 160.1050000
 143.2010000 143.0310000 159.7680000 143.1100000 143.5990000 161.1080000
 143.7080000 137.4710000 163.7590000 144.3970000 137.6220000 164.7610000
 142.9910000 136.3620000 163.5670000 142.5820000 136.2440000 162.8200000
 142.9150000 135.3150000 164.5900000 142.5840000 135.7070000 165.4130000
 141.9170000 134.2490000 164.1340000 141.8060000 133.5890000 164.8360000
 141.0580000 134.6640000 163.9600000 142.2420000 133.8140000 163.3310000
 144.2970000 134.7070000 164.8990000 144.6780000 134.6160000 166.0680000
 145.1060000 134.4300000 163.8610000 144.7890000 134.5250000 163.0670000
 146.4950000 133.9720000 164.0270000 146.4990000 133.1920000 164.6030000
 147.1440000 133.5920000 162.6870000 147.1050000 134.3360000 162.0660000
 148.0780000 133.4030000 162.8690000 146.4990000 132.3450000 162.0610000
 145.7420000 132.6110000 161.5160000 146.1760000 131.7660000 162.7690000
 147.5040000 131.5650000 161.2000000 147.5670000 131.9760000 160.3240000
 148.3750000 131.6010000 161.6250000 147.1100000 130.1500000 161.0710000
 146.3110000 129.9390000 161.3090000 147.8650000 129.1580000 160.6280000
 149.0920000 129.3380000 160.2220000 149.3740000 130.1480000 160.1560000
 149.3990000 128.7670000 159.6570000 147.4090000 127.9440000 160.6310000
 146.6420000 127.7540000 160.9700000 147.9160000 127.3100000 160.3460000
 147.3700000 134.9920000 164.7480000 148.1150000 134.5910000 165.6290000
 147.2180000 136.2880000 164.4650000 146.6810000 136.5060000 163.8290000
 147.9390000 137.3480000 165.1800000 148.8890000 137.1640000 165.1140000
 147.6420000 138.7210000 164.5450000 147.6880000 139.4020000 165.2350000
 146.7330000 138.7240000 164.2060000 148.6020000 139.1270000 163.4130000
 148.6260000 138.4360000 162.7320000 148.1020000 140.4240000 162.7730000
 148.7540000 140.7570000 162.1360000 147.9550000 141.0950000 163.4580000
 147.2740000 140.2380000 162.3020000 150.0200000 139.3820000 163.9270000
 150.5740000 139.7480000 163.2200000 149.9990000 140.0050000 164.6700000
 150.4250000 138.5530000 164.2260000 147.6280000 137.3740000 166.6850000
 148.5650000 137.4290000 167.4750000 146.3620000 137.2350000 167.0930000
 145.7390000 137.1980000 166.5010000 145.9950000 137.2340000 168.5250000
 146.3750000 138.0240000 168.9390000 144.4650000 137.2810000 168.7270000
 144.0870000 136.4780000 168.3360000 144.0980000 137.3150000 170.2260000
 144.4890000 136.5660000 170.7020000 143.1370000 137.2590000 170.3480000
 144.4170000 138.1380000 170.6290000 143.8430000 138.5030000 168.0230000
 144.1770000 138.5810000 167.1160000 144.0780000 139.3200000 168.4910000
 142.3270000 138.3790000 167.9190000 142.0850000 137.5290000 167.5180000
 141.9160000 138.4560000 168.7940000 142.0140000 139.0980000 167.3490000
 146.5870000 136.0140000 169.2410000 147.2290000 136.1530000 170.2800000
 146.4780000 134.8310000 168.6310000 146.0400000 134.7860000 167.8920000
 147.0600000 133.6070000 169.1760000 146.7460000 133.4900000 170.0860000
 146.5550000 132.4390000 168.3340000 146.8990000 131.6100000 168.7020000
 146.8660000 132.5350000 167.4200000 145.5850000 132.4190000 168.3540000
 148.6000000 133.6350000 169.2190000 149.1880000 133.2040000 170.2100000
 149.2420000 134.2430000 168.2140000 148.7840000 134.4950000 167.5310000
 150.6860000 134.5130000 168.1990000 151.1640000 133.6770000 168.3130000
 151.1140000 135.1430000 166.8650000 150.3650000 135.6030000 166.4550000
 151.8140000 135.7950000 167.0280000 151.6090000 134.1600000 165.9710000
 151.8260000 134.5540000 165.2620000 151.1050000 135.4360000 169.3440000
 151.9950000 135.0570000 170.0990000 150.3830000 136.5400000 169.5740000
 149.7520000 136.7450000 169.0270000 150.6360000 137.4430000 170.7010000
 151.5480000 137.7680000 170.6470000 149.6730000 138.6470000 170.6430000
 149.5750000 139.0080000 171.5380000 148.7950000 138.3600000 170.3470000
 150.1300000 139.7940000 169.7550000 151.1520000 139.7790000 169.0910000
 149.3910000 140.8820000 169.7650000 149.7550000 141.5690000 169.3970000
 148.7140000 140.9230000 170.2930000 150.5180000 136.7160000 172.0510000
 151.4510000 136.7840000 172.8470000 149.4540000 135.9260000 172.2700000
 148.8170000 135.9280000 171.6930000 149.2820000 135.1820000 173.5370000
 149.3480000 135.8240000 174.2610000 147.8860000 134.5550000 173.6930000
 147.7480000 133.9130000 172.9790000 147.8050000 133.8210000 175.0520000
 148.5080000 133.1590000 175.1440000 146.9800000 133.3190000 175.1410000
 147.8830000 134.4590000 175.7780000 146.7790000 135.6290000 173.6200000
 147.0770000 136.4220000 173.1470000 146.5060000 135.9090000 174.5080000
 146.0130000 135.2750000 173.1410000 150.3800000 134.1230000 173.7270000
 150.9200000 133.9730000 174.8240000 150.7430000 133.4040000 172.6630000
 150.3330000 133.5370000 171.9190000 151.8630000 132.4500000 172.6790000
 151.7010000 131.7910000 173.3720000 151.9310000 131.7060000 171.3320000
 151.6760000 132.3140000 170.6200000 153.3000000 131.1270000 170.9710000
 153.2200000 130.5400000 170.2030000 153.6650000 130.6340000 171.7220000
 153.9000000 131.8530000 170.7390000 151.0160000 130.6270000 171.3430000
 150.9750000 130.3320000 170.5580000 153.1920000 133.1320000 173.0340000
 153.9220000 132.6080000 173.8750000 153.4690000 134.3250000 172.4930000
 152.9260000 134.6570000 171.9140000 154.6960000 135.0810000 172.7900000
 155.4320000 134.4540000 172.7130000 154.9550000 136.1600000 171.6980000
 154.3890000 135.9710000 170.9330000 155.8540000 135.9910000 171.3750000
 154.7870000 137.6730000 172.0180000 154.0270000 137.9990000 171.5100000
 154.5580000 137.8080000 172.9510000 156.0050000 138.5760000 171.7060000
 155.8940000 139.7900000 171.9990000 157.0050000 138.1010000 171.1200000
 154.7460000 135.5780000 174.2500000 155.6790000 135.2340000 174.9780000
 153.6520000 136.1790000 174.7480000 153.0070000 136.3400000 174.2030000
 153.6130000 136.7900000 176.0980000 154.3940000 137.3580000 176.1880000
 152.3790000 137.7010000 176.2860000 152.3770000 138.3730000 175.5860000
 151.0590000 136.9420000 176.2230000 150.3110000 137.5560000 176.2940000
 150.9980000 136.2680000 176.9180000 151.0330000 136.5080000 175.3560000
 152.4490000 138.3410000 177.5390000 151.6870000 138.5270000 177.8390000
 153.6870000 135.7550000 177.2260000 154.3430000 135.9760000 178.2450000
 153.1830000 134.5380000 176.9820000 152.7810000 134.4130000 176.2320000
 153.2380000 133.4320000 177.9440000 152.8180000 133.7270000 178.7670000
 152.4260000 132.2650000 177.3640000 151.5750000 132.6010000 177.0410000
 152.9060000 131.9310000 176.5900000 152.1710000 131.0870000 178.3230000
 152.9090000 131.0080000 178.9470000 152.1620000 130.2740000 177.7940000
 150.6280000 131.1140000 179.2870000 149.3800000 131.2640000 177.9750000
 148.5010000 131.0680000 178.3350000 149.5810000 130.6460000 177.2550000
 149.3760000 132.1700000 177.6280000 154.6820000 133.0050000 178.2830000
 154.9130000 132.4380000 179.3540000 155.6510000 133.2730000 177.3930000
 155.4350000 133.7230000 176.6930000 157.0810000 133.1120000 177.6700000
 157.5760000 133.3960000 176.8850000 157.3300000 133.6810000 178.4150000
 157.4850000 131.6700000 177.9900000 158.0670000 131.3940000 179.0430000
 157.0660000 130.7230000 177.1410000 156.6890000 130.9760000 176.4100000
 157.3350000 129.2950000 177.3430000 157.0360000 129.0750000 178.2390000
 156.5290000 128.4090000 176.3520000 156.7800000 128.6390000 175.4440000
 156.8550000 126.9150000 176.5570000 156.2720000 126.3720000 176.0030000
 157.7680000 126.7320000 176.2860000 156.7270000 126.6650000 177.4860000
 154.9970000 128.5890000 176.5160000 154.7810000 128.7920000 177.4400000
 154.5410000 127.7640000 176.2860000 154.4080000 129.6680000 175.5990000
 153.4430000 129.6730000 175.6930000 154.6280000 129.4760000 174.6740000
 154.7530000 130.5430000 175.8340000 158.8510000 129.0350000 177.2930000
 159.5830000 129.6000000 176.4820000 159.3330000 128.1290000 178.1490000
 158.7760000 127.7630000 178.6920000 160.7140000 127.6380000 178.1420000
 161.3110000 128.3940000 178.0290000 160.9980000 127.0060000 179.5180000
 160.8560000 127.6690000 180.2120000 160.3830000 126.2690000 179.6580000
 162.4200000 126.4860000 179.6540000 163.3620000 126.9710000 179.0560000
 162.6410000 125.5480000 180.5470000 163.4450000 125.2440000 180.5680000
 161.9810000 125.1780000 180.9550000 160.9660000 126.6850000 176.9500000
 161.0070000 125.4660000 177.1200000 160.9360000 127.2330000 175.7320000
 160.7260000 128.0660000 175.6920000 160.8980000 126.4950000 174.4690000
 161.6040000 126.8170000 173.8870000 161.0430000 125.5490000 174.6290000
 159.5640000 126.6810000 173.7440000 158.9880000 127.7610000 173.7660000
 159.0580000 125.6110000 173.1310000 159.4920000 124.8700000 173.1750000
 157.7800000 125.5910000 172.4040000 157.2150000 126.3110000 172.7250000
 158.0250000 125.8400000 170.9050000 158.6520000 126.5730000 170.8010000
 158.4100000 125.0450000 170.5040000 156.8330000 126.1810000 170.2250000
 157.0160000 126.3080000 169.4150000 157.0360000 124.2790000 172.6860000
 156.9050000 123.4390000 171.8020000 156.9110000 123.9520000 173.9840000
 157.1290000 124.5340000 174.5790000 156.2760000 122.7060000 174.4340000
 156.7130000 121.9510000 174.0090000 156.4430000 122.5760000 175.9560000
 156.0060000 121.7620000 176.2520000 156.0240000 123.3270000 176.4050000
 157.3830000 122.5300000 176.1920000 154.7850000 122.6310000 174.0600000
 154.2760000 121.5330000 173.8880000 154.1270000 123.7950000 173.9870000
 154.5620000 124.5200000 174.1430000 152.7410000 123.9960000 173.5700000
 152.5400000 123.4010000 172.8310000 151.8010000 123.6670000 174.7390000
 150.8870000 123.6910000 174.4160000 151.9770000 122.7480000 174.9930000
 151.8940000 124.5560000 175.9790000 151.3350000 125.8500000 175.9780000
 150.9260000 126.1730000 175.2080000 151.3820000 126.6530000 177.1340000
 151.0210000 127.5100000 177.1140000 151.9470000 126.1450000 178.3200000
 151.9840000 126.9410000 179.4280000 151.1920000 127.1040000 179.6560000
 152.5070000 124.8480000 178.3310000 152.8750000 124.5030000 179.1130000
 152.4870000 124.0630000 177.1570000 152.8290000 123.1980000 177.1570000
 152.5470000 125.4500000 173.1090000 153.3360000 126.3280000 173.4840000
 151.4450000 125.7400000 172.4070000 151.0060000 125.0740000 172.0850000
 151.0830000 127.0760000 171.9000000 151.3270000 127.7360000 172.5670000
 151.8680000 127.3840000 170.6130000 152.7360000 127.7380000 170.8610000
 151.3950000 128.0730000 170.1210000 152.0860000 126.1530000 169.7130000
 152.7080000 125.5390000 170.1340000 151.2430000 125.6990000 169.5570000
 152.6560000 126.5530000 168.3440000 153.0680000 125.7760000 167.9350000
 153.3570000 127.2060000 168.4960000 151.6050000 127.1190000 167.4820000
 151.4160000 127.9440000 167.6360000 150.8230000 126.4690000 166.6410000
 150.8610000 125.2050000 166.4240000 151.2340000 124.6890000 167.0020000
 150.2090000 124.8670000 165.9760000 149.9820000 127.1510000 166.0120000
 149.6850000 127.8980000 166.3190000 149.4140000 126.6890000 165.5610000
 149.5780000 127.2210000 171.6570000 148.9370000 126.3610000 171.0720000
 149.0350000 128.4050000 171.9310000 149.5630000 129.0390000 172.1730000
 147.6440000 128.7320000 171.5680000 147.0710000 128.0190000 171.8920000
 147.1760000 130.0530000 172.2160000 147.7150000 130.7830000 171.8730000
 145.7000000 130.3610000 171.9130000 145.3910000 131.1040000 172.4550000
 145.1510000 129.5850000 172.1070000 145.5940000 130.5990000 170.9790000
 147.3460000 130.0110000 173.7420000 147.0310000 130.8420000 174.1300000
 146.8390000 129.2720000 174.1130000 148.2830000 129.9080000 173.9720000
 147.4920000 128.7820000 170.0450000 148.3160000 129.4000000 169.3600000
 146.3590000 128.2960000 169.5350000 145.8260000 127.8580000 170.0480000
 145.9580000 128.4500000 168.1370000 146.3890000 129.2500000 167.7970000
 146.4810000 127.2670000 167.3070000 147.4390000 127.1930000 167.4370000
 146.3360000 127.4550000 166.3660000 145.8400000 125.9340000 167.6400000
 144.6570000 125.5380000 166.9850000 144.2740000 126.0870000 166.3400000
 144.0630000 124.3020000 167.2890000 143.2940000 124.0270000 166.8440000
 144.6550000 123.4570000 168.2420000 144.2750000 122.6270000 168.4220000
 145.8360000 123.8470000 168.8960000 146.2450000 123.2750000 169.5050000
 146.4300000 125.0840000 168.5960000 147.2250000 125.3230000 169.0150000
 144.4310000 128.6260000 168.0050000 143.6660000 128.1200000 168.8290000
 143.9500000 129.3940000 167.0100000 144.6980000 130.2730000 166.1250000
 145.3070000 130.8250000 166.6410000 145.1920000 129.7600000 165.4670000
 143.6660000 131.1730000 165.4400000 143.5570000 130.9050000 164.5140000
 143.9370000 132.1030000 165.4910000 142.3670000 130.9440000 166.2180000
 142.3300000 131.5500000 166.9750000 141.5770000 131.0510000 165.6660000
 142.5300000 129.5150000 166.7260000 142.0030000 129.4050000 167.5330000
 142.1100000 128.4690000 165.6820000 142.7010000 128.3980000 164.6020000
 140.9460000 127.8590000 165.8890000 140.5630000 127.9640000 166.6520000
 140.2440000 127.0620000 164.8840000 140.7740000 127.0320000 164.0720000
 140.1140000 125.6060000 165.3710000 141.0020000 125.2260000 165.4640000
 139.7000000 125.6020000 166.2480000 139.3020000 124.7360000 164.4310000
 139.8690000 124.2390000 163.2410000 140.7790000 124.3420000 163.0780000
 139.0510000 123.5790000 162.2990000 139.4110000 123.2490000 161.5080000
 137.6750000 123.4270000 162.5390000 136.8700000 122.8600000 161.5950000
 136.1100000 122.6870000 161.9080000 137.1160000 123.8700000 163.7570000
 136.2150000 123.7390000 163.9460000 137.9450000 124.4960000 164.7090000
 137.5990000 124.7410000 165.5370000 138.9020000 127.7200000 164.5130000
 138.1750000 128.2180000 165.3700000 138.5890000 127.7640000 163.2170000
 139.1370000 127.4020000 162.6620000 137.2630000 128.0840000 162.6710000
 136.5860000 127.8190000 163.3130000 137.1030000 129.5810000 162.3800000
 137.4630000 130.1090000 163.1090000 137.5920000 129.7800000 161.5660000
 135.7520000 129.9380000 162.1530000 135.2810000 129.6760000 162.7970000
 137.0740000 127.2790000 161.3850000 138.0510000 126.8990000 160.7380000
 135.8220000 127.0580000 160.9850000 135.1900000 127.4200000 161.4420000
 135.4550000 126.0190000 160.0060000 135.7570000 125.1600000 160.3400000
 133.9230000 125.9660000 159.8480000 133.6240000 126.7880000 159.4290000
 133.4890000 124.7850000 158.9760000 132.5210000 124.7570000 158.9170000
 133.8410000 124.8750000 158.0770000 133.8020000 123.9510000 159.3600000
 133.2200000 125.8510000 161.2060000 132.2640000 125.7820000 161.0600000
 133.3710000 126.6350000 161.7560000 133.5280000 125.0600000 161.6750000
 136.1150000 126.2250000 158.6400000 136.7530000 125.3230000 158.1040000
 136.1280000 127.4680000 158.1570000 135.7320000 128.0840000 158.6080000
 136.6940000 127.8130000 156.8530000 136.4300000 127.1220000 156.2250000
 136.0650000 129.1350000 156.3810000 135.1040000 129.0180000 156.3280000
 136.3670000 129.3250000 155.4790000 136.3610000 130.3380000 157.2580000
 137.5090000 131.1170000 157.0250000 138.0880000 130.8980000 156.3310000
 137.7650000 132.2500000 157.8180000 138.5200000 132.7680000 157.6530000
 136.8750000 132.6080000 158.8450000 137.0350000 133.3690000 159.3550000
 135.7370000 131.8230000 159.0910000 135.1450000 132.0590000 159.7680000
 135.4740000 130.6950000 158.2930000 134.7020000 130.1980000 158.4400000
 138.2350000 127.8520000 156.8260000 138.8150000 128.0200000 155.7560000
 138.9380000 127.7070000 157.9570000 138.5260000 127.5180000 158.6880000
 140.3930000 127.9310000 158.0020000 140.5810000 128.8170000 157.6550000
 140.9000000 127.8710000 159.4540000 140.5830000 127.0520000 159.8660000
 141.8680000 127.8130000 159.4240000 140.5530000 129.0540000 160.3540000
 139.7720000 130.1380000 159.8920000 139.3910000 130.1320000 159.0440000
 139.5590000 131.2640000 160.7040000 139.0560000 131.9790000 160.3870000
 140.0890000 131.3090000 162.0000000 139.8580000 132.4200000 162.7470000
 139.3351766 133.0800202 162.2858829 140.8790000 130.2400000 162.4730000
 141.2500000 130.2690000 163.3250000 141.1130000 129.1190000 161.6480000
 141.6510000 128.4250000 161.9550000 141.1770000 126.9720000 157.0960000
 142.0330000 127.4300000 156.3430000 140.7450000 125.7130000 156.9840000
 140.0830000 125.4710000 157.4760000 141.3310000 124.7170000 156.0650000
 142.2870000 124.6780000 156.2240000 140.7470000 123.3170000 156.3320000
 141.0860000 122.7080000 155.6570000 141.2230000 122.8040000 157.6930000
 140.9350000 121.8850000 157.8100000 140.8610000 123.3480000 158.4100000
 142.1920000 122.8300000 157.7310000 139.2130000 123.2650000 156.2740000
 138.9090000 122.3560000 156.4240000 138.8160000 123.8350000 156.9510000
 138.8970000 123.5470000 155.4010000 141.1700000 125.0590000 154.5790000
 142.0140000 124.6620000 153.7790000 140.1210000 125.8090000 154.2210000
 139.5630000 126.0400000 154.8330000 139.8260000 126.2540000 152.8560000
 140.1240000 125.5710000 152.2350000 138.2990000 126.4430000 152.7410000
 138.0740000 126.7390000 151.8450000 138.0480000 127.1680000 153.3350000
 137.4130000 125.2560000 153.0960000 137.7690000 123.9350000 152.7530000
 138.5630000 123.7570000 152.3030000 136.9170000 122.8670000 153.0860000
 137.1370000 121.9990000 152.8330000 135.7220000 123.1010000 153.7840000
 135.1620000 122.3930000 154.0070000 135.3580000 124.4140000 154.1200000
 134.5560000 124.5700000 154.5630000 136.1920000 125.4870000 153.7600000
 135.9230000 126.3560000 153.9550000 140.5470000 127.5570000 152.4580000
 140.7540000 127.8120000 151.2720000 140.9180000 128.3950000 153.4320000
 140.6900000 128.1890000 154.2350000 141.4800000 129.7350000 153.1940000
 141.5290000 129.8860000 152.2370000 140.5090000 130.8070000 153.7350000
 140.9550000 131.6680000 153.7460000 140.2750000 130.5920000 154.6510000
 139.2340000 130.9380000 152.9050000 138.1580000 130.0570000 153.1180000
 138.2090000 129.4340000 153.8060000 137.0190000 130.0830000 152.2920000
 136.3250000 129.4770000 152.4180000 136.9350000 131.0280000 151.2510000
 135.8430000 131.0480000 150.4420000 135.1700000 130.6930000 150.7980000
 137.9930000 131.9420000 151.0510000 137.9210000 132.5720000 150.3700000
 139.1390000 131.8980000 151.8750000 139.8320000 132.5020000 151.7340000
 142.9380000 129.8930000 153.6770000 143.5340000 130.9470000 153.4570000
 143.5840000 128.8350000 154.1950000 143.1330000 128.1250000 154.3750000
 144.9930000 128.9110000 154.6360000 145.0790000 129.7190000 155.1660000
 145.3760000 127.7170000 155.5350000 144.5700000 127.3930000 155.9670000
 145.7210000 126.9790000 155.0080000 146.3430000 128.1060000 156.6760000
 146.2530000 127.4440000 157.3790000 146.0570000 128.9500000 157.0600000
 147.8480000 128.1300000 156.3860000 148.2610000 127.1180000 155.7640000
 148.5190000 128.6810000 157.2930000 145.9870000 129.0510000 153.4720000
 146.8820000 129.8880000 153.5490000 145.7020000 128.4270000 152.3170000
 145.0280000 127.8930000 152.2980000 146.5940000 128.4650000 151.1460000
 147.4620000 128.1330000 151.4250000 146.0720000 127.5020000 150.0560000
 146.6610000 127.5750000 149.2890000 146.1400000 126.5940000 150.3900000
 144.6230000 127.7300000 149.5760000 144.5090000 128.6610000 149.3290000
 144.0010000 127.5270000 150.2920000 144.2560000 126.8580000 148.3710000
 144.8500000 125.8310000 148.0890000 143.2940000 127.2620000 147.5710000
 142.9950000 126.6460000 147.0500000 142.7830000 127.9070000 147.8210000
 146.8400000 129.8850000 150.5930000 147.9180000 130.1740000 150.0700000
 145.9270000 130.8350000 150.8170000 145.2230000 130.6320000 151.2670000
 146.0960000 132.2240000 150.3700000 146.5010000 132.2150000 149.4880000
 144.7290000 132.8950000 150.2220000 144.3400000 132.9870000 151.1060000
 144.8710000 133.7860000 149.8650000 143.7160000 132.2000000 149.3230000
 144.0950000 131.2680000 148.3290000 144.9880000 131.0410000 148.2010000
 143.1120000 130.6590000 147.5230000 143.3550000 130.0430000 146.8700000
 141.7580000 130.9890000 147.7060000 140.8040000 130.4690000 146.8910000
 140.0410000 130.6510000 147.1910000 141.3730000 131.9160000 148.6920000
 140.4830000 132.1650000 148.7970000 142.3580000 132.5250000 149.4890000
 142.1000000 133.1520000 150.1250000 147.0490000 133.0620000 151.2380000
 147.4260000 134.1600000 150.8340000 147.5700000 132.5140000 152.3430000
 147.3040000 131.7330000 152.5850000 148.6750000 133.1300000 153.0920000
 148.5270000 134.0870000 153.1420000 148.7170000 132.5620000 154.5220000
 149.6160000 132.6720000 154.8700000 148.5320000 131.6100000 154.5170000
 147.7540000 133.2980000 155.4670000 147.9940000 134.2380000 155.4660000
 146.2770000 133.2030000 155.0800000 145.7370000 133.7310000 155.6890000
 146.1260000 133.5650000 154.1930000 145.9900000 132.2760000 155.0850000
 147.9390000 132.7790000 156.8930000 147.3630000 133.2670000 157.5020000
 148.8640000 132.8920000 157.1610000 147.7240000 131.8340000 156.9230000
 150.0270000 132.9590000 152.3890000 150.9550000 133.7140000 152.6740000
 150.1000000 132.0420000 151.4240000 149.4370000 131.4990000 151.3500000
 151.3280000 131.6470000 150.7260000 152.0140000 132.3180000 150.8680000
 151.8470000 130.3140000 151.2990000 152.6190000 130.0230000 150.7890000
 152.2560000 130.4520000 152.7720000 152.7450000 129.6590000 153.0420000
 152.8270000 131.2270000 152.8890000 151.4710000 130.5430000 153.3350000
 150.8230000 129.3440000 151.2240000 151.1250000 128.6260000 151.5390000
 151.1470000 131.5380000 149.2090000 152.1450000 131.3700000 148.5160000
 149.9310000 131.7710000 148.6730000 149.2610000 131.8210000 149.2090000
 149.6550000 131.5860000 147.2360000 149.8640000 130.6610000 147.0310000
 148.1640000 131.8130000 146.8790000 147.6220000 131.3670000 147.5480000
 147.7640000 133.3060000 146.8560000 146.8000000 133.3920000 146.7870000
 148.0490000 133.7470000 147.6720000 148.1580000 133.7540000 146.0910000
 147.8720000 131.1220000 145.5240000 148.4700000 131.4550000 144.8360000
 148.0390000 130.1720000 145.6270000 146.4510000 131.2960000 144.9920000
 146.2890000 130.6240000 144.3110000 145.8020000 131.1970000 145.7060000
 146.3680000 132.1740000 144.5880000 150.5510000 132.4490000 146.3470000
 150.9250000 131.9990000 145.2720000 150.9400000 133.6490000 146.8020000
 150.6500000 133.9050000 147.5700000 151.8620000 134.5060000 146.0510000
 151.5090000 134.5830000 145.1510000 151.9020000 135.9480000 146.6020000
 151.9060000 135.9080000 147.5710000 153.1790000 136.7010000 146.1760000
 153.1040000 137.6450000 146.3880000 153.9450000 136.3410000 146.6500000
 153.3330000 136.5980000 145.2240000 150.6500000 136.7530000 146.1650000
 150.7190000 137.6440000 146.5410000 149.8590000 136.3430000 146.5480000
 150.4200000 136.9010000 144.6470000 149.8430000 137.6630000 144.4800000
 151.2560000 137.0400000 144.1750000 149.9860000 136.1070000 144.2980000
 153.2470000 133.8580000 145.8970000 153.7680000 133.8500000 144.7900000
 153.8340000 133.2630000 146.9340000 153.3990000 133.1460000 147.6670000
 155.1240000 132.5740000 146.7690000 155.7020000 133.1510000 146.2460000
 155.8000000 132.4340000 148.1420000 155.3310000 131.7760000 148.6780000
 155.7340000 133.2870000 148.5990000 157.2910000 132.0830000 148.0330000
 157.5840000 130.8950000 147.7190000 158.1100000 132.9510000 148.3650000
 154.9920000 131.2580000 145.9590000 155.6900000 131.1210000 144.9550000
 153.8670000 130.5360000 146.1230000 153.3610000 130.7360000 146.7890000
 153.4960000 129.3490000 145.3140000 154.2140000 128.7030000 145.4040000
 152.2230000 128.6970000 145.9140000 152.3370000 128.6580000 146.8760000
 151.4650000 129.2780000 145.7430000 151.8550000 127.2710000 145.4300000
 151.9390000 126.9770000 144.2130000 151.2290000 126.5510000 146.2380000
 153.3750000 129.6680000 143.8030000 154.1710000 129.1470000 143.0220000
 152.6530000 130.7340000 143.4030000 152.1670000 131.1280000 143.9930000
 152.6140000 131.1950000 141.9900000 152.3390000 130.4320000 141.4580000
 151.5980000 132.3350000 141.7080000 150.7020000 132.0090000 141.8840000
 151.7770000 133.6280000 142.4740000 151.0850000 134.2630000 142.2290000
 151.6760000 133.4050000 143.4130000 152.6490000 134.0230000 142.3200000
 151.6780000 132.7940000 140.3750000 151.1050000 133.4030000 140.2950000
 153.9810000 131.5940000 141.4480000 154.2720000 131.3310000 140.2780000
 154.7810000 132.3310000 142.2240000 154.5630000 132.4460000 143.0480000
 156.0850000 132.8100000 141.7530000 155.9650000 133.2440000 140.8940000
 156.6800000 133.8320000 142.7480000 156.6600000 133.4310000 143.6310000
 158.1520000 134.1480000 142.4260000 158.4780000 134.8290000 143.0350000
 158.6970000 133.3560000 142.5520000 158.2380000 134.4520000 141.5090000
 155.8700000 135.1500000 142.8160000 156.2260000 135.6880000 143.5410000
 154.9480000 134.9450000 143.0350000 155.8000000 136.0110000 141.5520000
 155.2470000 136.7850000 141.7400000 155.3890000 135.5100000 140.8300000
 156.6850000 136.3110000 141.2930000 157.0290000 131.6270000 141.5180000
 157.6580000 131.5500000 140.4580000 157.0580000 130.6730000 142.4500000
 156.5680000 130.7660000 143.1510000 157.8620000 129.4620000 142.3500000
 158.7810000 129.7150000 142.1720000 157.8180000 128.7310000 143.6970000
 156.8980000 128.5200000 143.9220000 158.1570000 129.3200000 144.3890000
 158.6370000 127.4580000 143.6930000 160.0380000 127.5290000 143.8080000
 160.4480000 128.3550000 143.9280000 160.8120000 126.3570000 143.7410000
 161.7380000 126.4080000 143.8130000 160.1830000 125.1110000 143.5750000
 160.6900000 124.3320000 143.5350000 158.7820000 125.0400000 143.4750000
 158.3590000 124.2170000 143.3830000 158.0080000 126.2120000 143.5200000
 157.0830000 126.1620000 143.4380000 157.4050000 128.5610000 141.1930000
 158.1990000 128.2870000 140.2900000 156.0970000 128.3180000 141.0830000
 155.5930000 128.5400000 141.7440000 155.4890000 127.5220000 140.0170000
 155.8510000 126.6230000 140.0520000 153.9710000 127.4590000 140.2520000
 153.6480000 128.2350000 140.7370000 153.5040000 127.4430000 139.4020000
 153.6140000 126.2190000 141.0310000 154.3170000 125.8310000 141.9480000
 152.8220000 125.3760000 140.4080000 152.3230000 125.6480000 139.7630000
 152.5520000 124.7500000 140.9330000 155.7760000 128.0650000 138.6190000
 156.2600000 127.3340000 137.7470000 155.4880000 129.3500000 138.3910000
 155.1740000 129.8230000 139.0370000 155.7260000 129.9660000 137.0900000
 155.3720000 129.3760000 136.4070000 155.0080000 131.3270000 136.9910000
 155.3160000 131.8860000 137.7220000 155.2780000 131.7480000 136.1600000
 153.4650000 131.2790000 137.0290000 153.1660000 130.9140000 137.8760000
 152.9080000 132.6960000 136.8720000 153.2600000 133.2640000 137.5750000
 153.1540000 133.0610000 136.0070000 151.9420000 132.6700000 136.9510000
 152.8440000 130.4560000 135.8950000 153.0200000 130.8650000 135.0330000
 153.2080000 129.5570000 135.8980000 151.8870000 130.3940000 136.0380000
 157.2270000 130.0860000 136.7970000 157.6590000 129.6930000 135.7160000
 158.0560000 130.4850000 137.7660000 157.7340000 130.6920000 138.5360000
 159.5030000 130.5930000 137.5660000 159.9030000 130.9540000 138.3730000
 159.6750000 131.2040000 136.8330000 160.1830000 129.2550000 137.2460000
 160.9830000 129.1870000 136.3100000 159.7630000 128.1620000 137.8950000
 159.1930000 128.2600000 138.5310000 160.2590000 126.8050000 137.6110000
 161.2240000 126.8510000 137.5210000 159.9480000 125.8300000 138.7630000
 159.0180000 125.9150000 139.0240000 160.2090000 124.3650000 138.3760000
 160.1950000 123.8040000 139.1670000 161.0690000 124.2810000 137.9350000
 159.5090000 124.0530000 137.7820000 160.8490000 126.1700000 139.9560000
 160.6550000 125.5660000 140.6900000 160.6700000 127.0740000 140.2580000
 161.7830000 126.0910000 139.7070000 159.7470000 126.2600000 136.2850000
 160.5680000 125.8130000 135.4840000 158.4580000 126.4150000 135.9680000
 157.9140000 126.7370000 136.5510000 157.9310000 126.0110000 134.6570000
 158.0890000 125.0620000 134.5370000 156.4150000 126.2220000 134.6180000
 155.9870000 125.6050000 135.2320000 156.1940000 127.1310000 134.8750000
 155.9580000 125.9580000 133.3080000 155.5750000 126.6400000 133.0020000
 158.6330000 126.7450000 133.5010000 159.0870000 126.1140000 132.5450000
 158.9550000 128.0320000 133.6830000 158.6450000 128.4340000 134.3770000
 159.6710000 128.8260000 132.6770000 159.3180000 128.5610000 131.8130000
 159.3460000 130.3190000 132.8590000 159.3200000 130.5280000 133.8060000
 160.0640000 130.8440000 132.4720000 158.0280000 130.7770000 132.2040000
 157.8310000 131.6700000 132.5270000 158.1450000 130.8620000 130.6820000
 157.3920000 131.3740000 130.3460000 158.9670000 131.3060000 130.4200000
 158.1160000 129.9720000 130.2980000 156.8280000 129.8780000 132.5020000
 156.0200000 130.2750000 132.1400000 156.9400000 128.9980000 132.1090000
 156.6950000 129.7910000 133.4590000 161.1900000 128.5580000 132.6350000
 161.8110000 128.7060000 131.5800000 161.7820000 128.0300000 133.7070000
 161.3260000 127.9730000 134.4340000 163.1360000 127.4670000 133.6800000
 163.4580000 127.3930000 134.5920000 163.7260000 128.0610000 133.1900000
 163.1980000 126.0760000 133.0320000 164.1140000 125.7960000 132.2530000
 162.1550000 125.2620000 133.2130000 161.5360000 125.5060000 133.7580000
 162.0120000 123.9660000 132.5600000 162.8380000 123.4720000 132.6820000
 160.8910000 123.1750000 133.2510000 160.8330000 122.2860000 132.8670000
 161.0810000 123.0940000 134.1990000 160.0380000 123.6230000 133.1400000
 161.7870000 124.1160000 131.0440000 162.5780000 123.5610000 130.2760000
 160.8910000 125.0240000 130.6150000 160.3730000 125.3820000 131.2010000
 160.6340000 125.3060000 129.1880000 160.4400000 124.4480000 128.7790000
 159.3950000 126.2170000 128.9790000 158.7240000 125.9890000 129.6420000
 159.7000000 127.7120000 129.0990000 158.8700000 128.2110000 129.0530000
 160.2810000 128.0150000 128.3840000 160.1400000 127.8730000 129.9480000
 158.7600000 126.0780000 127.5820000 159.4150000 126.2600000 126.8900000
 158.0400000 126.7220000 127.4940000 158.1590000 124.6920000 127.3780000
 157.6390000 124.4340000 128.1550000 158.8740000 124.0500000 127.2410000
 157.5790000 124.7140000 126.6010000 161.8650000 125.8810000 128.4850000
 162.1570000 125.5070000 127.3490000 162.6580000 126.6940000 129.1890000
 162.3970000 126.9430000 129.9700000 163.9330000 127.1990000 128.6960000
 163.7970000 127.6550000 127.8510000 164.5050000 128.1890000 129.7210000
 163.9380000 128.9740000 129.7740000 164.5010000 127.7830000 130.6020000
 165.9190000 128.6120000 129.3980000 167.0090000 127.8650000 129.8830000
 166.8580000 127.1430000 130.4490000 168.3190000 128.1870000 129.4880000
 169.0340000 127.6780000 129.7960000 168.5400000 129.2780000 128.6320000
 169.4050000 129.5030000 128.3760000 167.4500000 130.0350000 128.1720000
 167.5910000 130.7650000 127.6140000 166.1390000 129.7000000 128.5400000
 165.4190000 130.1910000 128.2160000 164.9190000 126.0660000 128.4210000
 165.5010000 125.9950000 127.3340000 165.0920000 125.1720000 129.3960000
 164.6420000 125.2720000 130.1220000 166.0920000 124.1150000 129.3370000
 166.9390000 124.5250000 129.1010000 166.2330000 123.4940000 130.7370000
 165.4130000 123.0400000 130.9870000 166.3600000 124.2240000 131.3630000
 167.4320000 122.5330000 130.8640000 168.1800000 122.8920000 130.3620000
 167.8560000 122.4270000 132.3280000 168.6280000 121.8450000 132.4060000
 168.0940000 123.3050000 132.6660000 167.1270000 122.0690000 132.8590000
 167.1410000 121.1100000 130.3740000 167.9090000 120.5430000 130.5470000
 166.3670000 120.7520000 130.8350000 166.9780000 121.0980000 129.4180000
 165.7640000 123.0940000 128.2440000 166.5850000 122.8860000 127.3490000
 164.5380000 122.5550000 128.2340000 163.9920000 122.7840000 128.8580000
 164.0800000 121.5900000 127.2100000 164.6740000 120.8240000 127.2310000
 162.6480000 121.0740000 127.4950000 162.4060000 120.4540000 126.7890000
 162.5970000 120.2840000 128.8100000 161.6970000 119.9490000 128.9500000
 163.2030000 119.5280000 128.7600000 162.8390000 120.8480000 129.5610000
 161.5870000 122.1820000 127.5060000 161.2730000 122.3580000 126.6050000
 161.9680000 122.9970000 127.8690000 160.8270000 121.9310000 128.0540000
 164.1630000 122.1740000 125.7960000 164.6850000 121.5170000 124.8950000
 163.8960000 123.4750000 125.6540000 163.5750000 123.8930000 126.3340000
 164.0230000 124.2180000 124.3950000 163.5770000 123.7170000 123.6940000
 163.2980000 125.5680000 124.5380000 163.6490000 126.0420000 125.3080000
 163.3780000 126.4920000 123.3390000 162.9270000 127.3240000 123.5510000
 164.3090000 126.6800000 123.1440000 162.9410000 126.0750000 122.5800000
 161.9220000 125.3480000 124.7000000 161.7820000 125.3610000 125.5280000
 165.4870000 124.3880000 123.9600000 165.8320000 124.0170000 122.8350000
 166.3780000 124.8480000 124.8490000 166.1000000 125.0460000 125.6390000
 167.8120000 125.0280000 124.5600000 167.8940000 125.5900000 123.7740000
 168.4890000 125.7700000 125.7310000 168.2980000 125.3150000 126.5660000
 168.1020000 126.6580000 125.7840000 170.0120000 125.9330000 125.5760000
 170.2190000 126.0640000 124.6370000 170.2840000 126.7370000 126.0460000
 171.0360000 124.5680000 126.2030000 170.8970000 124.8190000 127.9950000
 171.3830000 124.1180000 128.4570000 171.2790000 125.6780000 128.2330000
 169.9660000 124.7900000 128.2660000 168.5270000 123.7130000 124.2070000
 169.3080000 123.7030000 123.2560000 168.1280000 122.6000000 124.8420000
 167.5600000 122.6850000 125.4820000 168.6280000 121.2470000 124.5380000
 169.5940000 121.2800000 124.4610000 168.2660000 120.2830000 125.6940000
 167.3160000 120.3530000 125.8790000 168.5740000 118.8090000 125.3910000
 168.3900000 118.2680000 126.1750000 169.5060000 118.7080000 125.1430000
 168.0110000 118.4890000 124.6690000 169.0390000 120.6500000 126.9690000
 168.8360000 121.5600000 127.2370000 169.9940000 120.5770000 126.8140000
 168.7820000 120.0580000 127.6930000 168.0970000 120.7360000 123.1930000
 168.8550000 120.2590000 122.3510000 166.7860000 120.8090000 122.9590000
 166.2720000 121.1150000 123.5770000 166.1680000 120.1180000 121.8260000
 166.6200000 119.2660000 121.7280000 164.7180000 119.8240000 122.2100000
 164.6970000 119.3300000 123.0450000 164.2690000 120.6720000 122.3500000
 163.9460000 119.0340000 121.1450000 163.8940000 119.5600000 120.3310000
 164.5260000 117.6580000 120.8220000 163.9580000 117.2070000 120.1780000
 165.4100000 117.7690000 120.4380000 164.5870000 117.1240000 121.6300000
 162.5320000 118.7880000 121.6260000 162.4690000 117.9530000 122.1160000
 161.9670000 118.7690000 120.8380000 162.2510000 119.4830000 122.2410000
 166.2890000 120.8580000 120.4740000 166.2650000 120.2250000 119.4160000
 166.4510000 122.1870000 120.4700000 166.4270000 122.5960000 121.2260000
 166.8300000 122.9520000 119.2630000 166.2900000 122.6460000 118.5180000
 166.5360000 124.4540000 119.4970000 166.8720000 124.6910000 120.3750000
 167.0220000 124.9900000 118.8510000 165.0370000 124.8080000 119.3970000
 164.5070000 124.0370000 119.6520000 164.6530000 125.9760000 120.2940000
 165.0650000 126.8030000 119.9980000 164.9660000 125.7790000 121.1910000
 163.6880000 126.0720000 120.3030000 164.6340000 125.2450000 117.9870000
 164.8310000 126.1840000 117.8460000 165.1440000 124.7460000 117.3300000
 163.6770000 125.1230000 117.8840000 168.3010000 122.7260000 118.8330000
 168.6930000 123.1780000 117.7530000 169.1120000 122.0400000 119.6520000
 168.7830000 121.7190000 120.3790000 170.5630000 121.9250000 119.4990000
 170.8030000 120.9910000 119.3950000 170.8600000 122.4150000 118.7160000
 171.2800000 122.4660000 120.7360000 171.3390000 121.8040000 121.7600000
 171.8890000 123.6470000 120.5980000 171.8580000 124.0150000 119.8210000
 172.4170000 124.4720000 121.6990000 171.8710000 124.3370000 122.4890000
 173.8660000 124.0600000 122.0240000 174.3270000 124.7870000 122.4710000
 174.3370000 123.8450000 121.2040000 173.9010000 122.6370000 123.1470000
 172.8930000 122.1250000 122.7460000 172.3130000 125.9740000 121.3560000
 173.0300000 126.8070000 121.9130000 171.4960000 126.3310000 120.3550000
 170.9750000 125.7340000 120.0210000 171.2730000 127.7170000 119.9370000
 172.1400000 128.1530000 119.9330000 170.7340000 127.8730000 118.4860000
 170.0660000 128.5760000 118.4580000 171.4710000 128.2410000 117.9740000
 170.1640000 126.6540000 117.7210000 169.2120000 126.7900000 117.5950000
 170.2650000 125.8330000 118.2270000 170.8400000 126.4620000 116.3530000
 170.1510000 126.1160000 115.3760000 172.0910000 126.4170000 116.3220000
 170.4410000 128.4560000 120.9960000 169.2480000 128.7210000 120.8150000
 171.1300000 128.8710000 122.0730000 171.9210000 128.5470000 122.1650000
 170.5780000 129.6360000 123.1970000 169.9830000 129.0560000 123.6960000
 171.7060000 130.1010000 124.1530000 171.3000000 130.5520000 124.9100000
 172.1200000 129.2960000 124.5010000 172.8220000 131.0160000 123.5830000
 173.0190000 130.7580000 122.6690000 172.5130000 132.5190000 123.6180000
 171.7200000 132.7280000 123.1010000 172.3720000 132.8160000 124.5310000
 173.2540000 133.0150000 123.2360000 174.1010000 130.8620000 124.4080000
 174.8080000 131.4060000 124.0270000 173.9430000 131.1420000 125.3230000
 174.3900000 129.9360000 124.4030000 169.7430000 130.8170000 122.7190000
 168.6940000 131.0810000 123.2830000 170.1190000 131.4170000 121.5880000
 170.8420000 131.1450000 121.2110000 169.4550000 132.5990000 121.0740000
 169.4110000 133.2480000 121.7930000 170.3140000 133.2220000 119.9770000
 170.0790000 132.8140000 119.1290000 171.2520000 133.0390000 120.1440000
 170.1610000 134.7050000 119.8830000 169.7660000 135.3700000 118.7830000
 169.5190000 134.9710000 117.9800000 169.7320000 136.7200000 119.0410000
 169.3340000 137.2670000 118.5100000 170.0030000 136.9960000 120.3570000
 169.9640000 138.1800000 121.1050000 169.7390000 138.9850000 120.6970000
 170.2340000 138.1230000 122.4810000 170.1900000 138.8930000 123.0000000
 170.5490000 136.8900000 123.0790000 170.7060000 136.8500000 123.9950000
 170.5970000 135.7120000 122.3100000 170.7790000 134.9050000 122.7340000
 170.3140000 135.7260000 120.9260000 168.0170000 132.3180000 120.6390000
 167.0970000 132.9630000 121.1160000 167.7730000 131.2100000 119.9420000
 168.4140000 130.6530000 119.8060000 166.4080000 130.8210000 119.5600000
 165.9790000 131.5850000 119.1430000 166.5100000 129.6930000 118.5150000
 167.3550000 129.7860000 118.0480000 166.4920000 128.8270000 118.9510000
 165.5000000 129.7850000 117.5250000 164.7540000 129.8040000 117.9100000
 165.5560000 130.4390000 120.7880000 164.4510000 130.9540000 120.9470000
 166.1630000 129.7650000 121.7730000 166.9750000 129.5080000 121.6520000
 165.5170000 129.3900000 123.0340000 164.6800000 128.9500000 122.8180000
 166.4300000 128.3780000 123.7410000 167.2620000 128.7990000 124.0070000
 165.9870000 128.0330000 124.5320000 166.6260000 127.6390000 123.1440000
 165.1600000 130.5780000 123.9560000 164.0220000 130.6650000 124.4210000
 166.0570000 131.5610000 124.1200000 166.8340000 131.4600000 123.7650000
 165.8110000 132.7620000 124.9480000 165.4760000 132.4610000 125.8070000
 167.0880000 133.6010000 125.2320000 166.8370000 134.3140000 125.8400000
 168.2220000 132.8110000 125.9100000 168.1440000 132.9050000 126.8720000
 168.1850000 131.8730000 125.6680000 169.0940000 133.1470000 125.6500000
 167.6870000 134.2790000 124.0020000 168.4270000 134.8480000 124.2650000
 168.0110000 133.5820000 123.4100000 167.0350000 134.8260000 123.5380000
 164.7210000 133.6520000 124.3390000 163.8980000 134.1800000 125.0810000
 164.6080000 133.7120000 123.0030000 165.2000000 133.3060000 122.5300000
 163.5190000 134.4280000 122.3110000 163.4310000 135.3110000 122.7040000
 163.8510000 134.5880000 120.8040000 164.0320000 133.6980000 120.4640000
 162.7030000 135.1620000 119.9380000 162.8750000 136.0800000 119.6760000
 161.8450000 135.1450000 120.3910000 162.6220000 134.6260000 119.1340000
 165.1160000 135.4380000 120.5410000 165.2240000 135.5630000 119.5850000
 165.9050000 134.9700000 120.8560000 165.1660000 136.7960000 121.2350000
 165.2370000 136.6790000 122.1950000 165.9570000 137.2650000 120.9260000
 164.3660000 137.3040000 121.0270000 162.1670000 133.7310000 122.5320000
 161.1610000 134.4160000 122.7400000 162.1370000 132.3900000 122.5550000
 162.8620000 131.9520000 122.4050000 160.9100000 131.6450000 122.8680000
 160.1860000 131.9840000 122.3190000 161.0590000 130.1400000 122.5810000
 160.2620000 129.6870000 122.8990000 161.8220000 129.7800000 123.0600000
 161.2130000 129.8100000 121.0950000 161.1060000 128.8510000 120.9960000
 162.1120000 130.0280000 120.8030000 160.0360000 130.6220000 119.9790000
 160.9320000 132.1540000 119.6570000 161.8740000 132.0540000 119.8650000
 160.8420000 132.3720000 118.7160000 160.5560000 132.8590000 120.2070000
 160.4600000 131.8910000 124.3040000 159.4040000 132.4800000 124.4990000
 161.3760000 131.7600000 125.2630000 162.1390000 131.4210000 125.0570000
 161.1140000 132.0810000 126.6680000 160.3860000 131.5270000 126.9900000
 162.3750000 131.7290000 127.4490000 163.1680000 132.0160000 126.9690000
 162.3580000 132.1320000 128.3310000 162.3530000 129.9350000 127.6070000
 163.4570000 129.7210000 127.1870000 160.6770000 133.5320000 126.9150000
 159.6820000 133.7430000 127.6000000 161.2780000 134.5130000 126.2360000
 161.9780000 134.3290000 125.7720000 160.8470000 135.9080000 126.3290000
 160.8080000 136.1560000 127.2660000 161.8990000 136.7820000 125.6380000
 161.6540000 137.7150000 125.7370000 162.7660000 136.6370000 126.0490000
 161.9480000 136.5600000 124.6950000 159.4450000 136.1470000 125.7350000
 158.6470000 136.8810000 126.3180000 159.1060000 135.4730000 124.6300000
 159.6790000 134.9260000 124.2940000 157.7520000 135.5210000 124.0520000
 157.4900000 136.4490000 123.9460000 157.7050000 134.8570000 122.6680000
 157.9640000 133.9250000 122.7420000 156.3150000 134.9280000 122.0270000
 156.3530000 134.5840000 121.1210000 155.6880000 134.3850000 122.5300000
 156.0010000 135.8460000 122.0160000 158.6170000 135.5130000 121.8140000
 159.3800000 135.2390000 122.0320000 156.7250000 134.8640000 124.9700000
 155.6760000 135.4490000 125.2170000 157.0430000 133.7080000 125.5550000
 157.7920000 133.3350000 125.3540000 156.1390000 133.0020000 126.4710000
 155.2670000 132.9430000 126.0500000 156.6240000 131.5560000 126.7210000
 157.5250000 131.5820000 127.0800000 155.7060000 130.9350000 127.7910000
 155.8830000 131.3220000 128.6630000 155.8260000 129.9750000 127.8540000
 154.7780000 131.1400000 127.5960000 156.6610000 130.7550000 125.3890000
 155.7860000 130.7590000 124.9710000 157.2550000 131.1980000 124.7620000
 157.1560000 129.3070000 125.5070000 157.2330000 128.9240000 124.6190000
 158.0280000 129.2870000 125.9300000 156.5270000 128.7690000 126.0130000
 155.9400000 133.7820000 127.7810000 154.8040000 133.9740000 128.2100000
 156.9960000 134.3940000 128.3210000 157.7770000 134.2370000 127.9970000
 156.8930000 135.2820000 129.4780000 156.4810000 134.7920000 130.2060000
 158.3080000 135.6850000 129.9070000 158.2610000 136.2410000 130.7000000
 158.8260000 134.8910000 130.1120000 158.7470000 136.1770000 129.1950000
 156.0060000 136.5090000 129.1870000 155.1090000 136.8130000 129.9700000
 156.1040000 137.0920000 127.9860000 156.7340000 136.8380000 127.4590000
 155.1910000 138.1460000 127.5290000 155.2140000 138.8680000 128.1760000
 155.6890000 138.6830000 126.1820000 156.6060000 138.9850000 126.2760000
 155.6660000 137.9760000 125.5180000 154.8410000 139.8370000 125.6530000
 154.8510000 140.5610000 126.2990000 153.9230000 139.5500000 125.5290000
 155.4850000 140.4790000 124.0970000 154.2340000 141.7290000 123.7490000
 153.8330000 142.0450000 124.5740000 154.6740000 142.4670000 123.2990000
 153.5390000 141.3600000 123.1820000 153.7310000 137.6770000 127.4170000
 152.8260000 138.4110000 127.8160000 153.5000000 136.4500000 126.9320000
 154.1740000 135.9860000 126.6680000 152.1590000 135.8410000 126.8550000
 151.5790000 136.4420000 126.3620000 152.1760000 134.4810000 126.1180000
 152.7380000 133.8650000 126.6130000 150.7780000 133.8500000 126.0320000
 150.8270000 133.0080000 125.5520000 150.4320000 133.6660000 126.9190000
 150.1700000 134.4490000 125.5710000 152.7320000 134.5770000 124.6850000
 152.0390000 134.4110000 124.0270000 153.1110000 135.4540000 124.5150000
 153.4280000 133.9110000 124.5720000 151.5580000 135.6840000 128.2530000
 150.4330000 136.1300000 128.4620000 152.3410000 135.2290000 129.2400000
 153.1340000 134.9620000 129.0420000 151.8800000 135.0960000 130.6280000
 151.0460000 134.6010000 130.6290000 152.9260000 134.3970000 131.5010000
 153.7730000 134.8560000 131.3850000 152.6710000 134.4700000 132.4340000
 153.0920000 132.9200000 131.1700000 153.2430000 132.8370000 130.2150000
 154.3500000 132.4180000 131.8870000 154.8400000 133.1390000 132.3110000
 154.1340000 131.7720000 132.5770000 154.9320000 132.0240000 131.2190000
 151.8270000 132.1200000 131.5280000 151.0380000 132.6800000 131.5940000
 151.6550000 131.4710000 130.8280000 151.9180000 131.6680000 132.3810000
 151.5900000 136.4210000 131.2970000 150.5610000 136.5560000 131.9460000
 152.4600000 137.4120000 131.1270000 153.1880000 137.2690000 130.6930000
 152.1820000 138.7270000 131.6940000 151.9960000 138.6190000 132.6400000
 153.3750000 139.6750000 131.5620000 153.6070000 139.7290000 130.6220000
 153.0220000 141.0700000 132.0980000 153.8220000 141.6120000 132.1830000
 152.4180000 141.5130000 131.4820000 152.5900000 140.9990000 132.9640000
 154.5960000 139.1750000 132.3420000 155.3520000 139.7570000 132.1680000
 154.4040000 139.1630000 133.2930000 154.8330000 138.2770000 132.0640000
 150.9150000 139.2920000 131.0600000 149.9930000 139.6170000 131.7950000
 150.7150000 139.1950000 129.7430000 151.3510000 138.9100000 129.2390000
 149.4370000 139.5820000 129.1270000 149.2340000 140.4920000 129.3960000
 149.5880000 139.5790000 127.5990000 148.7060000 139.6730000 127.2070000
 149.9690000 138.7380000 127.3020000 150.4400000 140.7340000 127.0980000
 150.9270000 141.5750000 127.8320000 150.4750000 140.9440000 125.8060000
 150.3100000 140.2800000 125.2850000 151.0100000 141.5710000 125.5610000
 148.2320000 138.7460000 129.6060000 147.1370000 139.2960000 129.7220000
 148.4600000 137.5040000 130.0440000 149.2400000 137.1690000 129.9060000
 147.4740000 136.6460000 130.7060000 146.6870000 136.6230000 130.1390000
 148.0320000 135.2160000 130.7780000 148.5820000 135.0170000 130.0040000
 148.5590000 135.1020000 131.5850000 146.9040000 134.2050000 130.8200000
 146.2940000 134.4620000 131.5290000 147.2730000 133.3310000 131.0230000
 145.9770000 134.0460000 129.2880000 144.6830000 133.0260000 130.0170000
 144.6890000 133.0840000 130.9850000 143.8320000 133.3670000 129.6990000
 144.7980000 132.0990000 129.7540000 147.0430000 137.1490000 132.1040000
 145.8540000 137.1510000 132.4160000 147.9620000 137.7390000 132.8740000
 148.7770000 137.7370000 132.5990000 147.6560000 138.4590000 134.1240000
 147.0810000 137.9100000 134.6800000 148.9580000 138.7170000 134.9050000
 149.6690000 138.9590000 134.2920000 148.8170000 139.4840000 135.4820000
 149.4430000 137.5620000 135.7680000 149.7780000 136.3190000 135.1980000
 149.6730000 136.1740000 134.2850000 150.2550000 135.2720000 136.0030000
 150.4680000 134.4530000 135.6170000 150.3590000 135.4440000 137.3940000
 150.6360000 134.7400000 137.9350000 150.0200000 136.6790000 137.9710000
 150.0780000 136.7920000 138.8920000 149.5730000 137.7380000 137.1600000
 149.3480000 138.5510000 137.5520000 146.9100000 139.7840000 133.8660000
 145.9620000 140.1190000 134.5760000 147.2140000 140.4680000 132.7590000
 147.9090000 140.2220000 132.3160000 146.5330000 141.7110000 132.3790000
 147.0000000 142.1100000 131.6280000 146.5640000 142.3310000 133.1240000
 145.0690000 141.5100000 131.9740000 144.2060000 142.2900000 132.3740000
 144.7550000 140.4220000 131.2580000 145.3950000 139.9160000 130.9860000
 143.3580000 140.0350000 130.9710000 142.8780000 140.8410000 130.7230000
 143.2690000 139.0860000 129.7640000 143.6920000 139.5190000 129.0060000
 144.0000000 137.7740000 130.0150000 143.9690000 137.2280000 129.2140000
 143.6200000 137.2850000 130.7620000 144.9320000 137.9750000 130.1940000
 141.8240000 138.7680000 129.3630000 141.8140000 138.2890000 128.5190000
 141.3310000 139.5960000 129.2560000 141.3950000 138.2220000 130.0400000
 142.6240000 139.4560000 132.1880000 141.4280000 139.7160000 132.3170000
 143.3230000 138.7730000 133.1090000 144.1520000 138.6010000 132.9560000
 142.7530000 138.3060000 134.3840000 142.0340000 137.6790000 134.2100000
 143.8210000 137.6390000 135.2620000 143.6380000 137.8310000 136.1950000
 144.7020000 137.9890000 135.0560000 143.8580000 136.1310000 135.1170000
 142.9580000 135.7820000 135.2180000 144.1970000 135.8960000 134.2390000
 144.9010000 135.3880000 136.3850000 144.6680000 133.6890000 135.8520000
 143.7220000 133.5170000 135.7260000 145.1230000 133.5600000 135.0050000
 145.0230000 133.0850000 136.5230000 142.1630000 139.4570000 135.1890000
 140.9570000 139.4660000 135.4380000 142.9740000 140.5020000 135.3960000
 143.8030000 140.4340000 135.1780000 142.5170000 141.7280000 136.0380000
 142.2190000 141.5250000 136.9390000 143.6710000 142.7330000 136.1260000
 144.3770000 142.3720000 136.6850000 144.0420000 142.8900000 135.2430000
 143.2090000 144.0330000 136.6950000 143.0960000 144.2770000 138.0130000
 143.3310000 143.6750000 138.6820000 142.4780000 145.4920000 138.2150000
 142.2170000 145.7390000 138.9960000 142.1560000 146.1010000 137.0230000
 141.5190000 147.3100000 136.7070000 141.2340000 147.8760000 137.3880000
 141.2790000 147.6220000 135.3580000 140.8240000 148.4020000 135.1360000
 141.7000000 146.7400000 134.3460000 141.5190000 146.9370000 133.4550000
 142.3690000 145.5440000 134.6760000 142.6510000 144.9640000 134.0060000
 142.5980000 145.1830000 136.0230000 141.3280000 142.3510000 135.2960000
 140.3210000 142.6940000 135.9070000 141.4000000 142.4050000 133.9600000
 142.1200000 142.1220000 133.5840000 140.4050000 143.1140000 133.1530000
 140.3210000 144.0070000 133.5230000 140.9380000 143.2230000 131.7110000
 141.8830000 143.4340000 131.7710000 140.8550000 142.3690000 131.2590000
 140.2640000 144.3340000 130.8830000 140.0660000 145.0890000 131.4590000
 141.2210000 144.8170000 129.7890000 140.8080000 145.5410000 129.2930000
 141.4330000 144.0860000 129.1870000 142.0390000 145.1460000 130.1940000
 138.9840000 143.8870000 130.1700000 138.6250000 144.6250000 129.6520000
 139.1620000 143.1290000 129.5910000 138.3070000 143.6330000 130.8170000
 139.0070000 142.4790000 133.2360000 138.0110000 143.1980000 133.2690000
 138.9230000 141.1450000 133.2600000 139.6550000 140.6940000 133.2550000
 137.6520000 140.4150000 133.3750000 136.9450000 140.9660000 133.0050000
 137.7240000 139.1360000 132.5300000 138.5720000 138.6920000 132.6860000
 137.0300000 138.5230000 132.8210000 137.5290000 139.3340000 131.0560000
 138.4530000 139.8190000 130.2010000 139.3040000 140.0890000 130.4620000
 137.9400000 139.8290000 128.9170000 138.3800000 140.1140000 128.2350000
 136.6550000 139.3270000 128.8800000 135.7450000 139.0730000 127.8410000
 135.9840000 139.2330000 126.9570000 134.4700000 138.5670000 128.1550000
 133.8600000 138.3800000 127.4790000 134.1050000 138.3770000 129.4990000
 133.2510000 138.0730000 129.7080000 135.0230000 138.6530000 130.5310000
 134.7750000 138.5530000 131.4220000 136.3370000 139.0830000 130.2490000
 137.2050000 140.1240000 134.8190000 136.1670000 139.4770000 134.9840000
 137.9630000 140.5570000 135.8360000 138.6810000 140.9990000 135.6660000
 137.6680000 140.2740000 137.2460000 138.2840000 140.7770000 137.8010000
 136.7640000 140.5540000 137.4600000 137.8210000 138.7930000 137.6060000
 136.9450000 138.2170000 138.2440000 138.7930000 138.1110000 136.9900000
 139.3820000 138.5710000 136.5650000 139.1560000 136.7450000 137.3790000
 138.3690000 136.2870000 137.7130000 139.7100000 135.9370000 136.1920000
 140.4570000 136.4300000 135.8170000 140.2230000 134.5530000 136.6340000
 140.5730000 134.0510000 135.8810000 139.5130000 134.0460000 137.0580000
 140.9480000 134.6580000 137.2690000 138.6170000 135.7890000 135.1180000
 137.9210000 135.1940000 135.4370000 138.2130000 136.6530000 134.9420000
 139.1630000 135.2770000 133.7890000 138.4820000 135.4400000 133.1180000
 139.3570000 134.3280000 133.8420000 139.9630000 135.7670000 133.5420000
 140.1730000 136.8380000 138.5090000 141.1970000 137.5090000 138.3790000
 139.9420000 136.0530000 139.5560000 139.2370000 135.5610000 139.5590000
 140.7860000 136.0490000 140.7430000 141.1770000 136.9290000 140.8580000
 139.9030000 135.7540000 141.9400000 139.1640000 136.3810000 141.9720000
 139.5520000 134.8540000 141.8560000 140.6560000 135.8500000 143.1190000
 140.2810000 135.3080000 143.6400000 141.9350000 135.0500000 140.6490000
 141.7980000 133.9930000 140.0310000 143.0430000 135.3290000 141.3330000
 143.0460000 136.0500000 141.8020000 144.1800000 134.4310000 141.4930000
 144.2460000 133.8850000 140.6940000 145.4570000 135.2860000 141.5730000
 145.4500000 135.9310000 140.8480000 145.4430000 135.7890000 142.4020000
 146.7630000 134.4760000 141.4970000 146.7750000 133.7960000 142.1890000
 146.9270000 133.7960000 140.1310000 147.8550000 133.5550000 139.9830000
 146.6430000 134.3950000 139.4230000 146.3920000 132.9870000 140.1050000
 147.9500000 135.4100000 141.7310000 147.8620000 135.8280000 142.6020000
 148.7720000 134.8950000 141.7130000 147.9780000 136.0960000 141.0460000
 143.9620000 133.4870000 142.6910000 144.4190000 133.7240000 143.8080000
 143.2240000 132.4020000 142.4500000 142.8760000 132.3400000 141.6660000
 143.2430000 131.1880000 143.2760000 143.6730000 131.3840000 144.1230000
 141.7930000 130.7690000 143.5840000 141.7870000 129.9900000 144.1630000
 141.3560000 131.4940000 144.0590000 140.9690000 130.4450000 142.3490000
 141.4700000 130.1170000 141.2870000 139.6910000 130.2480000 142.5490000
 139.3350000 130.4590000 143.3030000 139.2220000 130.1230000 141.8390000
 144.0670000 130.0720000 142.5910000 144.5390000 130.2360000 141.4650000
 144.1500000 128.8890000 143.2140000 143.8260000 128.8140000 144.0070000
 144.9000000 127.7440000 142.6800000 145.8200000 128.0230000 142.5490000
 144.9030000 126.6500000 143.7610000 145.4470000 125.9020000 143.4690000
 145.2850000 126.9960000 144.5830000 144.0020000 126.3390000 143.9380000
 144.3890000 127.2160000 141.3090000 145.1660000 126.6390000 140.5510000
 143.1330000 127.5050000 140.9300000 142.6630000 128.0030000 141.4500000
 142.5470000 127.1520000 139.6140000 142.9020000 126.2940000 139.3350000
 141.0120000 127.0290000 139.6980000 140.6320000 127.8990000 139.8960000
 140.4200000 126.5380000 138.3710000 140.6050000 127.1630000 137.6530000
 140.8060000 125.6770000 138.1450000 139.4580000 126.4440000 138.4480000
 140.5800000 126.0540000 140.7990000 139.6140000 125.9690000 140.7980000
 140.8530000 126.3830000 141.6700000 140.9750000 125.1820000 140.6430000
 142.8960000 128.1730000 138.5270000 143.2230000 127.8200000 137.3950000
 142.9420000 129.4500000 138.8880000 142.6760000 129.6680000 139.6760000
 143.5480000 130.4790000 138.0490000 143.1220000 130.4910000 137.1780000
 143.3450000 131.8330000 138.7170000 144.1960000 132.2330000 138.9540000
 142.8150000 131.7230000 139.5220000 142.6390000 132.6830000 137.8510000
 142.2650000 133.2440000 138.3520000 145.0310000 130.1940000 137.8230000
 145.4860000 130.1260000 136.6820000 145.7330000 129.7870000 138.8840000
 145.3580000 129.8170000 139.6570000 147.1600000 129.5140000 138.8140000
 147.5570000 130.2930000 138.3950000 147.7180000 129.3780000 140.2390000
 147.4650000 130.1560000 140.7610000 147.3340000 128.5900000 140.6550000
 149.2490000 129.2390000 140.2450000 149.5100000 128.4450000 139.7530000
 149.8960000 130.4550000 139.5780000 149.7150000 130.4750000 138.6250000
 150.8600000 130.4080000 139.6770000 149.5520000 131.2690000 139.9780000
 149.7410000 129.0820000 141.6830000 149.2640000 128.3590000 142.1190000
 150.6810000 128.8440000 141.6860000 149.6070000 129.8980000 142.1890000
 147.5180000 128.3010000 137.9390000 148.4000000 128.4150000 137.0850000
 146.7810000 127.1870000 138.0480000 146.2100000 127.1300000 138.6880000
 147.0260000 126.0040000 137.1990000 147.9540000 125.7490000 137.3180000
 146.1620000 124.8110000 137.6190000 146.1780000 124.8320000 138.5890000
 144.6860000 124.7970000 137.2120000 144.2280000 124.0640000 137.6520000
 144.2710000 125.6230000 137.5040000 144.5870000 124.6960000 136.2520000
 146.7690000 123.5030000 137.1000000 146.8450000 123.5180000 136.1330000
 146.2050000 122.7550000 137.3510000 147.6480000 123.3720000 137.4890000
 146.8170000 126.2920000 135.7250000 147.6470000 125.9190000 134.9030000
 145.8070000 127.0950000 135.4010000 145.2650000 127.3420000 136.0210000
 145.5150000 127.4760000 134.0280000 145.5100000 126.6760000 133.4790000
 144.1170000 128.0990000 134.0000000 143.9750000 128.5250000 133.1400000
 144.0580000 128.7700000 134.6980000 143.0050000 127.0910000 134.2090000
 143.2060000 125.8900000 134.2470000 141.7790000 127.5430000 134.1030000
 141.6460000 128.3920000 134.0690000 141.1490000 126.9600000 134.1640000
 146.5770000 128.4160000 133.4410000 146.8550000 128.3270000 132.2450000
 147.2620000 129.2100000 134.2730000 147.0100000 129.2380000 135.0950000
 148.4290000 130.0070000 133.8780000 148.2400000 130.4280000 133.0250000
 148.6930000 131.1020000 134.9200000 148.8190000 130.6880000 135.7880000
 149.5190000 131.5560000 134.6880000 147.5830000 132.1560000 135.0320000
 146.7300000 131.7160000 135.1730000 147.8630000 133.0270000 136.2600000
 148.8070000 133.0210000 136.4830000 147.3790000 132.6640000 137.0180000
 147.5700000 133.9420000 136.1250000 147.4470000 132.9600000 133.7320000
 148.2180000 132.8300000 133.1570000 146.6530000 132.6450000 133.2730000
 147.3380000 133.9070000 133.9130000 149.7000000 129.1690000 133.6900000
 150.3590000 129.3030000 132.6570000 150.0020000 128.2470000 134.6140000
 149.5070000 128.1960000 135.3160000 151.0990000 127.2740000 134.4390000
 151.9200000 127.7610000 134.2680000 151.3180000 126.4160000 135.7040000
 150.4740000 126.0250000 135.9780000 152.3250000 125.2890000 135.4380000
 152.6480000 124.9280000 136.2790000 151.9050000 124.5740000 134.9350000
 153.0880000 125.6230000 134.9400000 151.8800000 127.2170000 136.8860000
 151.8180000 126.6770000 137.6890000 151.3710000 128.0300000 137.0280000
 152.8150000 127.4280000 136.7340000 150.8520000 126.3800000 133.2160000
 151.7460000 126.2090000 132.3920000 149.5970000 126.0350000 132.9290000
 148.9860000 126.1700000 133.5190000 149.2490000 125.3300000 131.7000000
 149.8800000 124.6010000 131.5920000 147.8580000 124.7090000 131.8560000
 147.8570000 124.1280000 132.6330000 147.1870000 125.3970000 131.9840000
 147.5460000 123.8690000 130.6190000 147.1120000 123.0470000 130.8950000
 148.3890000 123.6320000 130.2030000 146.5330000 124.6610000 129.3560000
 145.0050000 124.6630000 130.3090000 144.9530000 123.8700000 130.8650000
 144.2580000 124.6680000 129.6900000 144.9840000 125.4440000 130.8840000
 149.3700000 126.2230000 130.4500000 150.0250000 125.8450000 129.4780000
 148.9320000 127.4840000 130.5350000 148.4840000 127.7080000 131.2340000
 149.0320000 128.4620000 129.4410000 148.6630000 128.0370000 128.6510000
 148.1630000 129.6860000 129.7210000 148.4520000 130.4280000 129.1670000
 148.2320000 129.9410000 130.6550000 146.8260000 129.3640000 129.3950000
 146.4840000 128.9880000 130.0640000 150.4590000 128.9010000 129.0940000
 150.7310000 129.2290000 127.9370000 151.4220000 128.8020000 130.0140000
 151.2130000 128.6070000 130.8250000 152.8280000 128.9690000 129.6410000
 152.8900000 129.7410000 129.0570000 153.6650000 129.3000000 130.8780000
 154.4620000 129.7640000 130.5770000 153.1600000 129.8800000 131.4700000
 154.1750000 127.8620000 131.8330000 153.0780000 127.4010000 131.9900000
 153.3630000 127.7740000 128.8260000 154.0370000 127.9840000 127.8200000
 152.8190000 126.5730000 129.0890000 152.2320000 126.5130000 129.7140000
 153.1750000 125.3410000 128.3900000 154.1380000 125.2920000 128.2840000
 152.8740000 124.5950000 128.9320000 152.5310000 125.1710000 127.0180000
 153.2390000 124.8330000 126.0880000 151.2920000 125.6360000 126.8270000
 150.8360000 125.8520000 127.5240000 150.6130000 125.6160000 125.5140000
 150.8130000 124.7750000 125.0740000 149.0910000 125.6820000 125.7600000
 148.8850000 125.1170000 126.5210000 148.7070000 127.1270000 126.1050000
 148.6890000 127.6810000 125.3090000 149.3780000 127.4950000 126.7020000
 147.8510000 127.1470000 126.5610000 148.2760000 125.1570000 124.5630000
 148.5720000 124.2530000 124.3740000 148.4580000 125.7010000 123.7810000
 146.7550000 125.1140000 124.8030000 146.4350000 124.2030000 124.7140000
 146.3080000 125.6660000 124.1430000 146.5240000 125.4350000 125.6890000
 151.0820000 126.7520000 124.5830000 150.9440000 126.6920000 123.3660000
 151.6090000 127.8560000 125.1250000 151.6200000 127.9260000 125.9820000
 152.0570000 128.9890000 124.2960000 151.3370000 129.2420000 123.6970000
 152.3730000 130.1820000 125.1890000 152.5210000 130.9630000 124.6330000
 151.6360000 130.3620000 125.7930000 153.5530000 129.9130000 125.9020000
 153.4500000 129.2720000 126.4350000 153.2850000 128.6350000 123.4370000
 153.4860000 129.2010000 122.3550000 154.0330000 127.6050000 123.8630000
 153.8300000 127.2440000 124.6170000 155.1130000 127.0010000 123.0830000
 155.7330000 127.7160000 122.8710000 155.8860000 125.9630000 123.9110000
 155.9770000 126.3000000 124.8160000 155.2010000 124.5940000 123.9510000
 155.4110000 124.1680000 124.7970000 154.2360000 124.6920000 123.9220000
 155.4560000 124.0310000 123.2030000 157.2940000 125.7660000 123.3360000
 157.7600000 126.6160000 123.2960000 157.2370000 125.3800000 122.4480000
 157.7920000 125.1680000 123.9150000 154.6210000 126.3920000 121.7750000
 155.3080000 126.5390000 120.7700000 153.3840000 125.8980000 121.7520000
 152.9330000 125.8860000 122.4840000 152.7560000 125.2140000 120.6250000
 153.2970000 124.4470000 120.3800000 151.3900000 124.7180000 121.1260000
 151.4560000 124.4910000 122.0670000 150.7530000 125.4440000 121.0340000
 150.8460000 123.4790000 120.4220000 151.3190000 122.6940000 120.7400000
 150.9940000 123.5670000 119.4670000 149.3470000 123.3530000 120.7120000
 148.6080000 123.9510000 119.8990000 148.9570000 123.4010000 121.8960000
 152.6440000 126.1420000 119.4030000 153.1850000 125.8540000 118.3380000
 152.3550000 127.4190000 119.6730000 152.0960000 127.6000000 120.4730000
 152.5310000 128.5020000 118.7070000 152.1740000 128.2040000 117.8560000
 151.7470000 129.7320000 119.1700000 151.9540000 130.4650000 118.5690000
 152.0330000 129.9870000 120.0610000 150.2520000 129.5320000 119.1490000
 149.6110000 129.3630000 117.9110000 150.1090000 129.3580000 117.1250000
 148.2260000 129.1580000 117.8630000 147.8180000 129.0020000 117.0420000
 147.4720000 129.1480000 119.0500000 146.5540000 129.0060000 119.0160000
 148.1140000 129.3050000 120.2910000 147.6230000 129.2640000 121.0790000
 149.5070000 129.4870000 120.3430000 149.9360000 129.5600000 121.1650000
 153.9930000 128.8770000 118.4480000 154.4020000 128.9900000 117.2870000
 154.7260000 129.2980000 119.4880000 154.3980000 129.2370000 120.2810000
 156.0010000 129.9920000 119.2760000 155.8260000 130.7040000 118.6410000
 156.4480000 130.6490000 120.6010000 155.6780000 131.0020000 121.0740000
 157.0570000 131.3810000 120.4190000 157.3240000 129.4820000 121.6680000
 158.4160000 129.7840000 121.2720000 157.0690000 129.0790000 118.6180000
 157.7410000 129.4990000 117.6690000 157.0360000 127.7780000 118.9610000
 156.4450000 127.5430000 119.5400000 157.9860000 126.7400000 118.5370000
 158.8720000 126.9830000 118.8490000 157.6360000 125.4030000 119.2060000
 157.8800000 125.4510000 120.1440000 156.6850000 125.2260000 119.1320000
 158.3350000 124.3370000 118.5950000 158.1160000 123.6290000 118.9900000
 158.0300000 126.5600000 117.0210000 159.1010000 126.4950000 116.4190000
 156.8780000 126.5250000 116.3600000 156.1460000 126.6150000 116.8020000
 156.8150000 126.1930000 114.9350000 157.2770000 125.3550000 114.7750000
 155.3410000 126.0200000 114.5950000 155.2070000 126.1590000 113.6440000
 154.8000000 126.6700000 115.0700000 154.8820000 124.6370000 114.9270000
 154.6010000 124.1880000 116.2140000 154.2490000 122.9040000 116.0430000
 154.0960000 122.3120000 116.7440000 154.2350000 122.5530000 114.7460000
 153.9480000 121.6690000 114.3510000 154.6020000 123.6570000 114.0200000
 154.6960000 123.7000000 113.0960000 157.4750000 127.2410000 114.0440000
 158.3120000 126.9180000 113.1980000 157.1920000 128.5120000 114.3240000
 156.6410000 128.6620000 114.9670000 157.7680000 129.6470000 113.6030000
 157.6840000 129.4840000 112.6500000 157.0090000 130.9320000 113.9840000
 156.8780000 130.9290000 114.9450000 157.8130000 132.2010000 113.6420000
 158.5740000 132.2790000 114.2380000 157.2570000 132.9850000 113.7740000
 158.1310000 132.1670000 112.7260000 155.6150000 130.9360000 113.3240000
 155.1720000 130.0890000 113.4920000 155.0790000 131.6310000 113.7380000
 155.6450000 131.1810000 111.8090000 154.7470000 131.0840000 111.4560000
 156.2240000 130.5480000 111.3570000 155.9710000 132.0780000 111.6380000
 159.2580000 129.7960000 113.8760000 160.0340000 129.9550000 112.9310000
 159.6790000 129.7160000 115.1430000 159.1060000 129.5920000 115.7720000
 161.1140000 129.7630000 115.4530000 161.4670000 130.5910000 115.0920000
 161.3800000 129.7670000 116.9610000 160.8980000 130.5160000 117.3460000
 160.9970000 128.4860000 117.6810000 161.2720000 128.5220000 118.6100000
 160.0290000 128.4250000 117.6520000 161.4050000 127.7020000 117.2800000
 162.7480000 129.9040000 117.2280000 163.1780000 129.8120000 116.5120000
 161.8640000 128.6250000 114.7720000 162.9390000 128.8590000 114.2200000
 161.2220000 127.4570000 114.6130000 160.4640000 127.3490000 115.0050000
 161.8530000 126.2920000 113.9970000 162.7590000 126.2830000 114.3430000
 161.1320000 125.0160000 114.4440000 160.3400000 124.8710000 113.9030000
 160.8520000 125.1190000 115.3670000 162.0050000 123.7620000 114.4240000
 161.5020000 123.1000000 114.9240000 162.1080000 123.4550000 113.5100000
 163.4030000 123.9160000 115.0650000 164.0830000 123.8650000 114.3750000
 163.4720000 124.7880000 115.4840000 163.6880000 122.9560000 116.1470000
 163.9400000 123.3050000 116.8920000 163.5100000 121.6570000 116.1670000
 163.7370000 120.9880000 117.2600000 163.4740000 120.1720000 117.3250000
 164.0490000 121.3720000 117.9640000 163.0660000 121.0260000 115.1230000
 162.7450000 120.2340000 115.2220000 162.8770000 121.4820000 114.4190000
 162.0250000 126.4060000 112.4920000 163.1440000 126.2250000 112.0140000
 161.0200000 126.9680000 111.8310000 160.2850000 127.1080000 112.2540000
 161.1020000 127.3710000 110.4370000 161.3990000 126.6140000 109.9080000
 159.6740000 127.7180000 110.0080000 159.0950000 126.9570000 110.1690000
 159.3410000 128.4730000 110.5190000 159.6620000 127.9180000 109.0590000
 162.1230000 128.5100000 110.2010000 162.8580000 128.4630000 109.2240000
 162.3150000 129.4380000 111.1510000 161.7740000 129.4580000 111.8190000
 163.3630000 130.4680000 111.0510000 163.3130000 130.8690000 110.1690000
 163.1080000 131.5760000 112.0900000 163.0630000 131.1830000 112.9760000
 162.2440000 131.9790000 111.9100000 164.1720000 132.6630000 112.1080000
 165.3820000 132.4580000 112.8010000 165.5180000 131.6710000 113.2770000
 166.4090000 133.4120000 112.7210000 167.2280000 133.2490000 113.1300000
 166.2100000 134.6070000 112.0160000 166.8860000 135.2460000 112.0000000
 164.9960000 134.8320000 111.3460000 164.8600000 135.6210000 110.8720000
 163.9860000 133.8530000 111.3790000 163.1930000 133.9890000 110.9130000
 164.7880000 129.8960000 111.1900000 165.7070000 130.3390000 110.4930000
 165.0250000 129.0340000 112.1890000 164.3680000 128.8030000 112.6940000
 166.3800000 128.5310000 112.4830000 166.9830000 129.2910000 112.4820000
 166.4960000 127.9190000 113.8920000 166.2860000 128.6070000 114.5430000
 165.6070000 126.7200000 114.2010000 165.9220000 126.2490000 114.9880000
 164.7260000 127.0750000 114.3960000 165.5530000 126.1080000 113.4500000
 167.8180000 127.5260000 114.1260000 167.8880000 127.1920000 114.8940000
 166.8930000 127.5800000 111.3980000 168.0450000 127.7100000 110.9770000
 166.0410000 126.6890000 110.8760000 165.2290000 126.6790000 111.1580000
 166.3800000 125.7870000 109.7620000 167.3440000 125.6770000 109.7490000
 165.7880000 124.3660000 109.9500000 164.8300000 124.3880000 109.8010000
 166.4360000 123.3910000 108.9550000 166.0530000 122.5070000 109.0700000
 166.2670000 123.6740000 108.0430000 167.3920000 123.3400000 109.1090000
 166.0250000 123.7820000 111.3530000 165.7660000 122.8470000 111.3650000
 166.9620000 123.8400000 111.5960000 165.4720000 124.2420000 112.0040000
 165.9890000 126.4320000 108.4190000 165.0930000 125.9640000 107.7280000
 166.6690000 127.5280000 108.0510000 167.2870000 127.8140000 108.5760000
 166.3970000 128.2790000 106.8070000 166.0190000 127.6710000 106.1530000
 165.3830000 129.4120000 107.0450000 165.0720000 129.3760000 107.9630000
 165.8070000 130.2730000 106.9010000 164.2660000 129.3060000 106.1870000
 164.3330000 129.7390000 105.4710000 167.6830000 128.8720000 106.2330000
 168.4280000 129.5340000 106.9660000 167.8590000 128.7450000 104.9120000
 167.2530000 128.3250000 104.4700000 169.0980000 129.0900000 104.1820000
 169.7290000 129.4650000 104.8160000 169.7440000 127.8220000 103.5820000
 169.1340000 127.4060000 102.9530000 170.5510000 128.0680000 103.1030000
 170.1220000 126.8060000 104.6720000 170.7010000 126.1380000 104.2730000
 169.3170000 126.3650000 104.9850000 170.9740000 127.5670000 106.0880000
 170.3270000 126.7240000 107.5470000 170.8540000 125.9290000 107.7240000
 170.4030000 127.3270000 108.3030000 169.3960000 126.4870000 107.4120000
 168.9480000 130.2350000 103.1750000 169.8060000 130.4470000 102.3230000
 167.9320000 131.0760000 103.3760000 167.3760000 130.8850000 104.0040000
 167.7870000 132.3560000 102.6770000 167.9970000 132.1880000 101.7450000
 166.3290000 132.8240000 102.7970000 165.7890000 132.1380000 103.2210000
 166.2880000 133.6160000 103.3550000 165.7480000 133.1170000 101.4070000
 166.1990000 133.8950000 101.0430000 165.9090000 132.3600000 100.8220000
 164.2360000 133.3670000 101.4850000 163.7830000 132.5330000 101.6840000
 164.0640000 133.9910000 102.2080000 163.7190000 133.9540000 100.1630000
 163.6310000 133.2430000  99.5090000 164.3940000 134.5640000  99.8260000
 162.4400000 134.6940000 100.3520000 162.4810000 135.5240000 100.0320000
 162.2200000 134.7360000 101.2130000 161.7650000 134.2760000  99.9500000
 168.7950000 133.4070000 103.1690000 169.2140000 133.3880000 104.3270000
 169.0210000 134.4240000 102.3260000 168.6380000 134.3900000 101.5570000
 170.0810000 135.4250000 102.5120000 170.0920000 136.0020000 101.7320000
 170.9400000 134.9780000 102.5660000 169.9180000 136.3120000 103.7490000
 170.7990000 136.3630000 104.6070000 168.8400000 137.1000000 103.8080000
 168.2470000 137.0430000 103.1880000 168.6560000 138.1180000 104.8510000
 169.5090000 138.2600000 105.2900000 168.3070000 139.4670000 104.2070000
 168.3790000 140.1560000 104.8860000 168.9200000 139.6760000 103.4850000
 166.9720000 139.4720000 103.7860000 166.8480000 139.3120000 102.9710000
 167.6670000 137.6900000 105.9570000 166.8640000 136.7680000 105.8100000
 167.7450000 138.3430000 107.1290000 168.3510000 138.9490000 107.1940000
 166.9050000 138.0490000 108.3180000 167.0370000 137.1290000 108.5950000
 167.2760000 139.0100000 109.4610000 167.2750000 139.9150000 109.1130000
 166.5930000 138.9720000 110.1490000 168.6430000 138.7350000 110.1050000
 169.2740000 138.4190000 109.4390000 168.9730000 139.5770000 110.4560000
 168.5230000 137.7100000 111.2480000 168.2260000 136.8700000 110.8650000
 167.8510000 138.0030000 111.8830000 169.7940000 137.4800000 111.9640000
 169.9930000 136.6580000 112.1200000 170.4860000 138.3620000 112.6690000
 170.0730000 139.5810000 112.8770000 169.2460000 139.7550000 112.7200000
 170.5100000 140.1040000 113.4020000 171.6570000 138.0440000 113.1470000
 171.9360000 137.2320000 113.0900000 172.1160000 138.6270000 113.5810000
 165.4040000 138.1840000 108.0430000 164.6200000 137.3840000 108.5420000
 165.0390000 139.2290000 107.3000000 165.6730000 139.7140000 106.9800000
 163.6780000 139.5020000 106.8080000 163.0670000 139.5360000 107.5610000
 163.6230000 140.8690000 106.0850000 162.7400000 140.9870000 105.7010000
 163.8640000 142.0110000 107.0820000 163.1990000 141.9660000 107.7870000
 163.7740000 142.8590000 106.6200000 164.7540000 141.9490000 107.4630000
 164.6610000 141.0360000 104.9670000 164.6650000 141.9450000 104.6290000
 164.4460000 140.4550000 104.2210000 165.5510000 140.8320000 105.2950000
 163.1810000 138.3840000 105.8910000 162.1610000 137.7780000 106.1990000
 164.0500000 137.9080000 105.0000000 164.7560000 138.3680000 104.8280000
 163.7620000 136.8190000 104.0670000 162.9610000 137.0470000 103.5690000
 164.9660000 136.6820000 103.1160000 165.6720000 137.2990000 103.3650000
 165.3730000 135.8090000 103.2280000 164.6170000 136.8690000 101.6320000
 163.6600000 136.7930000 101.4960000 165.0340000 136.1320000 101.1600000
 165.1490000 138.1870000 101.0400000 165.8710000 138.0180000 100.0210000
 165.2550000 139.1740000 101.7850000 163.5180000 135.4760000 104.7690000
 162.6030000 134.7430000 104.4040000 164.3030000 135.1600000 105.8070000
 164.9680000 135.6800000 105.9700000 164.0980000 133.9530000 106.6270000
 163.9640000 133.1890000 106.0440000 165.3260000 133.6920000 107.5030000
 165.1210000 132.9590000 108.1040000 165.5290000 134.4770000 108.0350000
 166.5360000 133.3110000 106.6360000 166.2460000 132.7530000 105.8970000
 166.9540000 134.1080000 106.2760000 167.5550000 132.5150000 107.4430000
 167.1210000 131.7280000 107.8080000 168.2650000 132.2330000 106.8450000
 168.1060000 133.2960000 108.5530000 168.1340000 134.1480000 108.4430000
 168.6160000 132.7870000 109.6540000 168.7040000 131.5110000 109.8970000
 169.0280000 131.2270000 110.6410000 168.3400000 130.9600000 109.3460000
 169.0970000 133.5940000 110.5410000 169.3700000 133.2710000 111.2900000
 168.9050000 134.4310000 110.4990000 162.8380000 134.0250000 107.4860000
 162.1340000 133.0300000 107.6200000 162.5210000 135.2010000 108.0290000
 163.0390000 135.8730000 107.8890000 161.2720000 135.4180000 108.7570000
 161.1930000 134.7350000 109.4410000 161.3440000 136.7840000 109.4540000
 160.5470000 136.9160000 109.9910000 162.1210000 136.8200000 110.0330000
 161.4030000 137.4930000 108.7940000 160.0330000 135.2860000 107.8440000
 159.0480000 134.6730000 108.2550000 160.0890000 135.7780000 106.5980000
 160.7820000 136.2280000 106.3590000 158.9700000 135.6550000 105.6450000
 158.1560000 135.8780000 106.1230000 159.1050000 136.6600000 104.4660000
 158.2230000 137.0240000 104.2900000 159.6730000 137.4000000 104.7330000
 159.6300000 136.0430000 103.1530000 159.0540000 135.3050000 102.8990000
 160.5200000 135.6910000 103.3100000 159.7190000 136.9960000 101.9600000
 159.3240000 136.5120000 100.8770000 160.6400000 137.8420000 102.0170000
 158.7840000 134.2080000 105.1710000 157.6540000 133.7210000 105.0970000
 159.8940000 133.5130000 104.9010000 160.6490000 133.9210000 104.9550000
 159.9050000 132.1330000 104.4250000 159.3570000 132.0720000 103.6270000
 161.3530000 131.7490000 104.0620000 161.9130000 131.8540000 104.8470000
 161.6710000 132.3510000 103.3710000 161.4640000 130.3080000 103.5400000
 160.9350000 130.2520000 102.7290000 161.0720000 129.7010000 104.1870000
 162.9070000 129.8510000 103.2440000 163.8700000 130.3980000 103.8450000
 163.0180000 129.0030000 102.3270000 159.3020000 131.1950000 105.4770000
 158.3000000 130.5250000 105.2090000 159.7360000 131.3650000 106.7270000
 160.4210000 131.8690000 106.8540000 159.1840000 130.6810000 107.8850000
 159.2900000 129.7270000 107.7430000 160.0140000 131.1110000 109.1000000
 160.0410000 132.0790000 109.1600000 160.9200000 130.7790000 108.9980000
 159.6250000 130.7600000 109.9170000 157.6860000 130.9560000 108.1030000
 156.9210000 130.0130000 108.3380000 157.2400000 132.2130000 107.9570000
 157.8070000 132.8340000 107.7780000 155.8320000 132.5670000 108.1630000
 155.5670000 132.1630000 109.0040000 155.6490000 134.0940000 108.2730000
 155.7260000 134.4760000 107.3850000 156.3540000 134.4760000 108.8190000
 154.2720000 134.4580000 108.8840000 153.5770000 133.9140000 108.4810000
 154.2580000 134.2060000 110.3850000 153.4170000 134.4910000 110.7750000
 154.9950000 134.6950000 110.7840000 154.3510000 133.2560000 110.5560000
 153.8840000 135.9230000 108.6950000 153.5560000 136.3230000 109.5160000
 153.1480000 135.9470000 108.0640000 154.6380000 136.4390000 108.3690000
 154.9160000 131.9780000 107.0800000 153.8970000 131.3690000 107.4130000
 155.3300000 132.0350000 105.8090000 156.0560000 132.4590000 105.6300000
 154.5820000 131.4290000 104.7130000 153.6780000 131.7810000 104.7170000
 155.2520000 131.7930000 103.3840000 156.1590000 131.4500000 103.3640000
 155.2770000 132.7570000 103.2760000 154.7470000 131.3910000 102.6600000
 154.4910000 129.9030000 104.8570000 153.4080000 129.3330000 104.7230000
 155.6350000 129.2430000 105.0910000 156.3560000 129.7000000 105.1930000
 155.7130000 127.7830000 105.1890000 155.3130000 127.3890000 104.3980000
 157.1700000 127.3100000 105.2380000 157.6980000 127.9240000 105.7720000
 157.2130000 126.4440000 105.6730000 157.7990000 127.1720000 103.8740000
 158.3210000 125.9840000 103.3470000 159.0630000 126.3680000 102.2930000
 159.6670000 125.8190000 101.8470000 158.9260000 127.6860000 102.0590000
 159.4580000 128.1470000 101.5650000 158.1160000 128.2070000 103.0440000
 157.9510000 129.1070000 103.2090000 154.9200000 127.2370000 106.3660000
 154.0400000 126.4020000 106.1520000 155.2390000 127.6850000 107.5820000
 155.8540000 128.2810000 107.6590000 154.7260000 127.0600000 108.7980000
 154.4820000 126.1460000 108.5830000 155.8540000 127.0080000 109.8390000
 156.6890000 126.7740000 109.4050000 155.9580000 127.8770000 110.2570000
 155.5520000 125.9590000 110.9100000 156.2590000 125.9940000 111.5740000
 154.7150000 126.1930000 111.3410000 155.4270000 124.2490000 110.3130000
 157.1830000 123.8320000 110.1680000 157.2700000 122.9250000 109.8340000
 157.6200000 124.4430000 109.5540000 157.6010000 123.8940000 111.0410000
 153.4630000 127.7410000 109.3380000 152.4850000 127.0600000 109.6450000
 153.3830000 129.0740000 109.2480000 154.0510000 129.4990000 108.9130000
 152.2570000 129.8710000 109.7600000 152.1490000 129.6950000 110.7080000
 152.4700000 130.8110000 109.6500000 150.9150000 129.6090000 109.0640000
 149.8850000 129.5580000 109.7320000 150.9540000 129.1580000 107.8060000
 151.7170000 129.1740000 107.4090000 149.8050000 128.5620000 107.1070000
 149.1050000 129.2240000 106.9930000 150.2800000 128.0940000 105.7350000
 150.4310000 128.8630000 105.1640000 151.1210000 127.6210000 105.8300000
 149.3260000 127.2200000 105.1520000 149.7240000 126.5290000 104.8870000
 149.2140000 127.3510000 107.8380000 147.9930000 127.1830000 107.9090000
 150.0840000 126.3820000 108.1320000 150.9220000 126.5720000 108.1010000
 149.7090000 125.1440000 108.8150000 148.9720000 124.7210000 108.3470000
 150.9100000 124.1790000 108.8300000 151.7020000 124.6210000 108.4850000
 151.0930000 123.8890000 109.7370000 150.6380000 123.0510000 108.0190000
 151.3120000 122.5510000 108.0510000 149.2370000 125.4680000 110.2360000
 148.1160000 125.1250000 110.5980000 149.9360000 126.3930000 110.9050000
 150.6890000 126.6450000 110.5740000 149.6520000 126.7460000 112.3010000
 149.5500000 125.8990000 112.7620000 150.8620000 127.4770000 112.9180000
 151.1680000 128.1490000 112.2890000 150.5800000 128.1930000 114.2480000
 151.3980000 128.5870000 114.5890000 149.9220000 128.8950000 114.1230000
 150.2480000 127.5680000 114.9120000 152.0030000 126.4800000 113.1520000
 152.7800000 126.9490000 113.4940000 151.7340000 125.8120000 113.8020000
 152.2470000 126.0300000 112.3280000 148.3380000 127.5140000 112.5120000
 147.5700000 127.1880000 113.4160000 147.9980000 128.4770000 111.6500000
 148.5460000 128.7030000 111.0270000 146.7370000 129.2170000 111.8020000
 146.6950000 129.5960000 112.6940000 146.7080000 130.3680000 110.7930000
 147.4260000 130.9780000 111.0230000 146.8840000 130.0210000 109.9050000
 145.3890000 131.1210000 110.7750000 144.3450000 130.6970000 109.9280000
 144.4730000 129.9750000 109.3560000 143.0850000 131.3180000 109.9940000
 142.3850000 131.0090000 109.4650000 142.8690000 132.3740000 110.8960000
 142.0280000 132.7660000 110.9620000 143.9170000 132.8180000 111.7210000
 143.7710000 133.5070000 112.3280000 145.1730000 132.1900000 111.6640000
 145.8510000 132.4650000 112.2380000 145.5060000 128.3110000 111.6310000
 144.5220000 128.4320000 112.3600000 145.5660000 127.4160000 110.6400000
 146.3140000 127.3350000 110.2230000 144.4730000 126.5020000 110.3000000
 143.6390000 126.9960000 110.3410000 144.6440000 126.0050000 108.8600000
 143.9100000 125.4060000 108.6530000 144.6020000 126.7770000 108.2740000
 145.8680000 125.3460000 108.5890000 146.4620000 125.9110000 108.4080000
 144.3250000 125.3330000 111.2760000 143.1950000 125.0010000 111.6350000
 145.4400000 124.7850000 111.7670000 146.1980000 125.0550000 111.4630000
 145.4500000 123.6940000 112.7420000 146.3470000 123.3310000 112.8000000
 144.8480000 122.9880000 112.4600000 145.0350000 124.1670000 114.1310000
 143.9180000 123.9250000 114.5830000 145.8940000 124.9650000 114.7580000
 146.6370000 125.1510000 114.3670000 145.8180000 125.2260000 116.1940000
 145.6060000 124.3970000 116.6520000 147.2000000 125.7020000 116.6890000
 147.4380000 126.5470000 116.2770000 147.1320000 125.8990000 118.1980000
 147.9920000 126.1880000 118.5430000 146.9440000 125.0200000 118.5630000
 146.4430000 126.5250000 118.4720000 148.3030000 124.6550000 116.4270000
 147.9200000 123.7690000 116.5230000 149.0060000 124.7640000 117.0860000
 148.9880000 124.7120000 115.0690000 149.8950000 124.3770000 115.1460000
 148.5080000 124.1800000 114.4150000 149.0190000 125.6440000 114.8010000
 144.7230000 126.2380000 116.5430000 143.8690000 125.9990000 117.3980000
 144.7850000 127.4120000 115.9040000 145.3570000 127.4770000 115.2650000
 144.0210000 128.5970000 116.3330000 144.1710000 128.7450000 117.2800000
 144.4570000 129.8560000 115.5650000 144.3290000 129.7080000 114.6150000
 143.6850000 131.1100000 115.9710000 144.0570000 131.8790000 115.5110000
 142.7510000 131.0250000 115.7230000 143.7510000 131.2430000 116.9300000
 145.8180000 130.1260000 115.7900000 146.0150000 129.8320000 116.5520000
 142.5240000 128.3930000 116.1410000 141.7520000 128.5420000 117.0860000
 142.1130000 128.0510000 114.9150000 142.7020000 127.9440000 114.2980000
 140.7010000 127.8810000 114.5720000 140.2200000 128.6750000 114.8530000
 140.5580000 127.6910000 113.0530000 141.3430000 127.2310000 112.7160000
 139.7910000 127.1250000 112.8730000 140.3640000 129.0110000 112.2900000
 141.0380000 129.6530000 112.5630000 140.5080000 128.7560000 110.7890000
 140.3440000 129.5770000 110.2980000 141.4080000 128.4440000 110.6050000
 139.8740000 128.0760000 110.5120000 138.9700000 129.6030000 112.5300000
 138.8530000 130.4070000 112.0010000 138.2900000 128.9560000 112.2870000
 138.8570000 129.8360000 113.4650000 140.0540000 126.7130000 115.3190000
 138.9230000 126.8630000 115.7770000 140.7850000 125.6150000 115.5400000
 141.5600000 125.5370000 115.1760000 140.2310000 124.4670000 116.2670000
 139.3800000 124.2430000 115.8590000 141.1210000 123.2240000 116.2020000
 141.9260000 123.3570000 116.7260000 140.3350000 122.0290000 116.7440000
 139.3780000 122.1700000 116.6720000 140.5550000 121.9140000 117.6820000
 140.5600000 121.2300000 116.2420000 141.4970000 122.9390000 114.8820000
 142.3100000 123.1370000 114.8090000 139.9720000 124.7850000 117.7350000
 138.8350000 124.6530000 118.1880000 140.9670000 125.3710000 118.4250000
 141.7330000 125.4690000 118.0460000 140.8040000 125.8510000 119.8060000
 140.5440000 125.1080000 120.3730000 142.1220000 126.4500000 120.3330000
 142.5310000 127.0080000 119.6530000 141.9240000 126.9930000 121.1120000
 143.0780000 125.3350000 120.7630000 142.6790000 124.8950000 121.5300000
 143.1480000 124.6950000 120.0380000 144.4910000 125.7870000 121.1730000
 144.7740000 126.5490000 120.6430000 144.4960000 126.0250000 122.1130000
 145.4350000 124.6040000 120.9060000 145.0030000 123.7620000 121.1200000
 145.6090000 124.5730000 119.9520000 146.7120000 124.6730000 121.6420000
 146.9110000 125.4680000 121.9880000 147.4130000 124.2890000 121.2510000
 146.6570000 124.1850000 122.3850000 139.6760000 126.8690000 119.9080000
 138.7650000 126.6760000 120.7020000 139.6340000 127.8430000 118.9980000
 140.2770000 127.8990000 118.4300000 138.5810000 128.8580000 118.9730000
 138.5920000 129.3270000 119.8220000 138.8960000 129.8660000 117.8630000
 138.9360000 129.4020000 117.0120000 139.7700000 130.2530000 118.0290000
 137.8850000 130.9890000 117.7710000 137.8890000 132.0090000 118.7390000
 138.5150000 131.9970000 119.4260000 136.9240000 133.0300000 118.6900000
 136.9160000 133.6910000 119.3440000 135.9560000 133.0320000 117.6710000
 135.3090000 133.7000000 117.6480000 135.9490000 132.0110000 116.7030000
 135.2940000 132.0010000 116.0420000 136.9110000 130.9870000 116.7540000
 136.8900000 130.2980000 116.1290000 137.1700000 128.2630000 118.8170000
 136.2880000 128.6100000 119.6010000 137.0080000 127.2600000 117.9440000
 137.6750000 127.0470000 117.4440000 135.7850000 126.4640000 117.8040000
 135.9260000 125.8020000 117.1090000 135.0510000 127.0370000 117.5310000
 135.3790000 125.7150000 119.0800000 134.2240000 125.7950000 119.4790000
 136.3330000 125.1220000 119.8010000 137.1340000 125.1030000 119.4890000
 136.0760000 124.5040000 121.1080000 135.3950000 123.8190000 121.0190000
 136.8960000 124.0870000 121.4150000 135.6320000 125.5010000 122.1860000
 134.5910000 125.3180000 122.8150000 136.3340000 126.6330000 122.3110000
 137.0350000 126.7270000 121.8210000 136.0520000 127.6260000 123.3620000
 135.9340000 127.1480000 124.1980000 137.2400000 128.6020000 123.5410000
 137.3440000 129.1050000 122.7180000 136.9720000 129.6160000 124.6670000
 137.7450000 130.1880000 124.7950000 136.2190000 130.1840000 124.4410000
 136.7820000 129.1560000 125.5000000 138.5870000 127.8970000 123.8300000
 138.9170000 127.4870000 123.0150000 139.2460000 128.5630000 124.0810000
 138.5390000 126.8020000 124.9060000 137.9610000 126.0740000 124.6300000
 138.2100000 127.1700000 125.7410000 139.4310000 126.4420000 125.0330000
 134.7340000 128.3760000 123.1300000 134.0230000 128.6460000 124.0960000
 134.3360000 128.6380000 121.8760000 134.8540000 128.4310000 121.2210000
 133.0160000 129.2410000 121.6000000 132.9360000 130.0200000 122.1720000
 132.8890000 129.7490000 120.1460000 133.6430000 130.3320000 119.9660000
 132.8900000 128.6420000 119.0870000 132.6310000 128.9940000 118.2210000
 133.7920000 128.2940000 119.0150000 132.2900000 127.9200000 119.3290000
 131.6180000 130.5820000 119.9360000 131.5900000 131.3020000 120.5860000
 131.6170000 130.9620000 119.0440000 130.8280000 130.0290000 120.0430000
 131.8560000 128.3190000 121.9970000 130.8100000 128.8250000 122.3920000
 132.0410000 126.9940000 121.9960000 132.7970000 126.6770000 121.7370000
 131.0170000 126.0520000 122.4860000 130.1440000 126.3890000 122.2310000
 131.1660000 124.6740000 121.8250000 132.0550000 124.3200000 121.9860000
 130.1420000 123.6510000 122.3330000 129.2460000 124.0200000 122.2920000
 130.1930000 122.8460000 121.7940000 130.3440000 123.4130000 123.2510000
 130.9710000 124.8710000 120.3160000 130.4610000 125.6730000 120.1210000
 130.5100000 124.1170000 119.9160000 131.8520000 124.9700000 119.9230000
 130.9780000 125.9550000 124.0080000 129.8970000 126.0840000 124.5780000
 132.1430000 125.9990000 124.6640000 132.8720000 125.9160000 124.2150000
 132.2140000 126.0460000 126.1310000 131.6270000 125.3500000 126.4660000
 133.6570000 125.7030000 126.5580000 134.0090000 125.0590000 125.9230000
 134.2160000 126.4940000 126.5110000 133.7400000 125.0610000 127.9620000
 133.0380000 124.3960000 128.0430000 135.0730000 124.3330000 128.1250000
 135.1730000 123.6770000 127.4170000 135.0670000 123.8520000 128.9670000
 135.8130000 124.9600000 128.1040000 133.6060000 126.0660000 129.1130000
 134.1990000 125.8420000 129.8470000 133.7990000 126.9660000 128.8070000
 132.6960000 126.0310000 129.4460000 131.7040000 127.3830000 126.7200000
 131.2930000 127.4370000 127.8750000 131.5970000 128.4470000 125.9140000
 131.9170000 128.3780000 125.1190000 131.1000000 129.7580000 126.3530000
 131.7080000 130.0950000 127.0290000 131.1290000 130.7070000 125.1460000
 130.3650000 130.5400000 124.5720000 131.9400000 130.5720000 124.6320000
 131.1000000 131.6240000 125.4600000 129.6880000 129.7290000 126.9840000
 129.3490000 130.6060000 127.7830000 128.8820000 128.7160000 126.6490000
 129.2050000 128.1170000 126.1230000 127.5540000 128.4510000 127.2090000
 127.2310000 129.2560000 127.6440000 126.5740000 128.1090000 126.0700000
 126.7310000 127.1950000 125.7850000 125.6700000 128.1500000 126.4190000
 126.6760000 128.9910000 124.8400000 127.4840000 128.5810000 123.7640000
 127.9490000 127.7770000 123.8150000 127.6170000 129.3930000 122.6270000
 128.1750000 129.1220000 121.9340000 126.9360000 130.6210000 122.5590000
 127.0340000 131.1620000 121.8090000 126.1240000 131.0340000 123.6310000
 125.6800000 131.8500000 123.5910000 125.9950000 130.2210000 124.7730000
 125.4710000 130.4990000 125.4890000 127.6140000 127.3460000 128.2840000
 127.1040000 126.2420000 128.0780000 128.3250000 127.6010000 129.3880000
 128.6480000 128.3900000 129.5010000 128.3930000 126.6440000 130.4970000
 128.4260000 125.7500000 130.1210000 129.6910000 126.8370000 131.3000000
 130.0670000 125.9650000 131.4990000 130.3420000 127.3450000 130.7920000
 129.5030000 127.2780000 132.1430000 127.1380000 126.7120000 131.3890000
 126.2340000 127.5230000 131.1660000 127.1480000 125.9240000 132.4720000
 127.7840000 125.3490000 132.5380000 126.0900000 125.9150000 133.4930000
 125.5370000 126.7030000 133.3750000 125.2160000 124.6800000 133.2250000
 125.7480000 123.8820000 133.3710000 124.9280000 124.6760000 132.2990000
 123.9890000 124.6200000 134.1420000 124.3030000 124.7310000 135.0530000
 123.5750000 123.7470000 134.0500000 122.9410000 125.7260000 134.0460000
 122.2930000 125.5730000 134.7520000 123.3600000 126.5830000 134.2200000
 122.2310000 125.7460000 132.7020000 121.6110000 126.4920000 132.7060000
 122.8890000 125.8900000 132.0050000 121.5130000 124.4630000 132.5140000
 121.9230000 123.9450000 131.9180000 120.6780000 124.6320000 132.2560000
 121.4560000 124.0420000 133.2960000 126.5870000 126.0080000 134.9550000
 126.0200000 126.7930000 135.7040000 127.8340000 125.5780000 135.1980000
 128.2000000 125.0740000 134.6050000 128.4430000 125.5270000 136.5460000
 127.7660000 125.2420000 137.1790000 129.5250000 124.4240000 136.4830000
 130.2780000 124.7510000 135.9660000 129.1550000 123.6520000 136.0260000
 129.9990000 124.0000000 137.7430000 129.9820000 124.6640000 138.2570000
 129.0020000 126.8770000 137.0760000 129.6390000 126.9160000 138.1210000
 128.9200000 127.9620000 136.2840000 128.3870000 127.8930000 135.6130000
 129.6190000 129.2590000 136.4590000 129.3990000 129.7990000 135.6840000
 129.0790000 130.0400000 137.6770000 128.8200000 129.4150000 138.3720000
 129.7910000 130.6000000 138.0230000 127.8820000 130.9620000 137.3790000
 127.1370000 130.4360000 137.0480000 128.1400000 131.6060000 136.7010000
 127.4270000 131.7190000 138.6320000 127.6040000 131.3040000 139.7500000
 126.9780000 132.9510000 138.5470000 126.7050000 133.2400000 139.3090000
 126.6960000 133.2710000 137.8000000 131.1670000 129.1850000 136.4520000
 131.7740000 129.7570000 135.5430000 131.8080000 128.3410000 137.2730000
 131.3220000 127.9560000 137.8690000 133.2720000 128.1310000 137.3340000
 133.6570000 128.9490000 137.6860000 133.6050000 127.0010000 138.3510000
 133.2920000 127.3010000 139.2190000 132.9120000 125.6610000 138.0520000
 131.9490000 125.7740000 138.0580000 133.1170000 125.0170000 138.7480000
 133.1880000 125.2870000 137.2010000 135.1030000 126.6520000 138.4980000
 135.2050000 126.0960000 139.2860000 135.4050000 126.1400000 137.7310000
 136.0210000 127.8590000 138.6660000 136.8680000 127.5640000 139.0350000
 136.1820000 128.2590000 137.7970000 135.6200000 128.5170000 139.2550000
 133.9170000 127.9080000 135.9500000 134.8430000 128.6290000 135.5720000
 133.3090000 127.0820000 135.0950000 132.6750000 126.5910000 135.4060000
 133.7650000 126.8540000 133.7170000 134.7200000 126.6820000 133.7270000
 133.0600000 125.6030000 133.1700000 132.1040000 125.7660000 133.1730000
 133.3310000 125.4850000 132.2460000 133.3340000 124.2870000 133.8940000
 134.5200000 124.0700000 134.6210000 135.1280000 124.7610000 134.7540000
 134.8280000 122.8120000 135.1600000 135.6400000 122.6810000 135.5940000
 133.9110000 121.7590000 135.0360000 134.0900000 120.9140000 135.3800000
 132.6980000 121.9810000 134.3780000 132.0890000 121.2820000 134.3120000
 132.4200000 123.2280000 133.7850000 131.6310000 123.3340000 133.3040000
 133.5870000 128.0680000 132.7830000 134.5530000 128.5010000 132.1500000
 132.4080000 128.6980000 132.7960000 131.8080000 128.3920000 133.3310000
 132.0740000 129.9080000 132.0250000 132.1820000 129.7260000 131.0780000
 130.6040000 130.2380000 132.3170000 130.0470000 129.4730000 132.1040000
 130.5320000 130.4040000 133.2700000 130.0240000 131.4440000 131.5620000
 129.9290000 131.2160000 130.6240000 130.6110000 132.2130000 131.6350000
 128.6760000 131.8670000 132.1350000 128.3530000 131.6490000 133.2860000
 127.9030000 132.6420000 131.4100000 128.0660000 132.7570000 130.5740000
 127.1510000 132.8290000 131.7830000 132.9370000 131.1270000 132.3880000
 133.1590000 132.0100000 131.5550000 133.3570000 131.2450000 133.6480000
 133.0880000 130.6680000 134.2260000 134.2400000 132.3280000 134.0750000
 134.0660000 133.1050000 133.5210000 133.9750000 132.7650000 135.5290000
 134.2260000 132.0370000 136.1180000 134.8240000 134.0070000 135.8690000
 134.3920000 134.8130000 135.5460000 135.7090000 133.9600000 135.4750000
 134.9210000 134.0720000 136.8320000 132.4830000 133.1030000 135.7590000
 132.2110000 133.8190000 135.1630000 131.9350000 132.3280000 135.5580000
 132.1800000 133.5120000 137.2030000 131.2290000 133.4250000 137.3760000
 132.6610000 132.9260000 137.8080000 132.4510000 134.4310000 137.3570000
 135.6950000 131.9330000 133.8230000 136.3690000 132.5920000 133.0420000
 136.2100000 130.8870000 134.4670000 135.7020000 130.4040000 134.9650000
 137.6530000 130.6390000 134.5010000 138.1230000 131.4880000 134.5140000
 138.0160000 129.9020000 135.7990000 138.9180000 129.5510000 135.7430000
 137.4410000 129.1250000 135.8810000 137.9030000 130.7280000 137.0780000
 137.4830000 132.0770000 137.0760000 137.3310000 132.5310000 136.2790000
 137.2700000 132.7690000 138.2780000 136.9670000 133.6480000 138.2690000
 137.4790000 132.1210000 139.5010000 137.3010000 132.5720000 140.2940000
 137.9360000 130.7930000 139.5120000 138.0370000 130.3410000 140.3190000
 138.1840000 130.1130000 138.3080000 138.4840000 129.2330000 138.3290000
 138.1490000 129.9560000 133.2330000 138.9250000 130.5580000 132.4930000
 137.6530000 128.7660000 132.9110000 137.0610000 128.4080000 133.4230000
 138.1390000 128.0080000 131.7580000 139.1080000 127.9800000 131.7940000
 137.6380000 126.5700000 131.8690000 136.6740000 126.5540000 131.9770000
 137.8470000 126.0990000 131.0470000 138.3190000 125.8600000 133.0210000
 139.6480000 125.4650000 132.8590000 140.0720000 125.6850000 132.0610000
 140.3450000 124.7990000 133.8790000 141.2160000 124.5050000 133.7370000
 139.7050000 124.5630000 135.1100000 140.4020000 123.9560000 136.1040000
 139.9400000 123.9050000 136.8040000 138.3870000 125.0160000 135.3090000
 137.9740000 124.8700000 136.1290000 137.7080000 125.6890000 134.2710000
 136.8630000 126.0470000 134.4190000 137.7930000 128.6610000 130.4190000
 138.7020000 128.9280000 129.6420000 136.5740000 129.1730000 130.2450000
 135.9740000 129.0190000 130.8420000 136.2030000 129.9070000 129.0340000
 136.3660000 129.3380000 128.2660000 134.7070000 130.2390000 129.0670000
 134.1910000 129.4300000 128.9240000 134.4950000 130.5690000 129.9540000
 134.3090000 131.2820000 128.0380000 134.3380000 130.9630000 126.6710000
 134.5120000 130.0890000 126.4040000 134.1100000 131.9630000 125.7090000
 134.1260000 131.7410000 124.8060000 133.8380000 133.2820000 126.1090000
 133.6790000 133.9400000 125.4720000 133.7950000 133.6030000 127.4760000
 133.6170000 134.4740000 127.7480000 134.0280000 132.6030000 128.4330000
 134.0060000 132.8190000 129.3370000 137.0450000 131.1780000 128.8240000
 137.6190000 131.3590000 127.7480000 137.1520000 132.0580000 129.8320000
 136.7770000 131.8770000 130.5850000 137.8330000 133.3560000 129.6610000
 137.5820000 133.7270000 128.8000000 137.4290000 134.3570000 130.7490000
 137.7300000 134.0000000 131.5990000 137.8860000 135.1980000 130.5940000
 135.9160000 134.6130000 130.7820000 135.6480000 135.0020000 129.9350000
 135.4570000 133.7670000 130.8980000 135.4650000 135.5300000 131.9250000
 135.9070000 136.3890000 131.8340000 135.7180000 135.1350000 132.7740000
 133.9980000 135.6910000 131.8710000 133.5950000 135.2000000 131.2910000
 133.2330000 136.4540000 132.6300000 133.6970000 137.1910000 133.6030000
 134.5300000 137.1590000 133.8150000 133.1760000 137.6650000 134.0960000
 131.9560000 136.5230000 132.3740000 131.4450000 136.9910000 132.8840000
 131.6100000 136.0120000 131.7750000 139.3450000 133.2010000 129.6240000
 139.9620000 133.7790000 128.7320000 139.9240000 132.3210000 130.4510000
 139.4430000 131.8980000 131.0250000 141.3480000 131.9940000 130.3500000
 141.8280000 132.8370000 130.3590000 141.8610000 131.1770000 131.5490000
 141.3250000 130.3800000 131.6830000 142.7680000 130.8890000 131.3610000
 141.9000000 132.0330000 132.8220000 140.9980000 132.2720000 133.0860000
 142.3840000 132.8510000 132.6270000 142.7370000 131.2380000 134.2120000
 141.3050000 130.5950000 135.1080000 140.8590000 131.3170000 135.5770000
 140.6950000 130.1880000 134.4730000 141.5800000 129.9220000 135.7500000
 141.6840000 131.3040000 129.0240000 142.6440000 131.7020000 128.3760000
 140.8360000 130.4270000 128.4890000 140.1710000 130.1330000 128.9480000
 141.1330000 129.7840000 127.2050000 142.0830000 129.5930000 127.1650000
 140.4300000 128.4440000 127.0980000 139.4740000 128.5970000 127.1520000
 140.6420000 128.0780000 126.2250000 140.8420000 127.4170000 128.1350000
 142.0480000 127.5420000 128.8590000 142.6340000 128.2520000 128.7290000
 142.3970000 126.5890000 129.8190000 143.1740000 126.6960000 130.3180000
 141.5770000 125.4700000 130.0270000 141.9600000 124.5320000 130.9330000
 141.5350000 124.5890000 131.6550000 140.3390000 125.3700000 129.3530000
 139.7560000 124.6680000 129.5350000 139.9840000 126.3330000 128.3950000
 139.1740000 126.2590000 127.9430000 140.8800000 130.6540000 125.9850000
 141.7220000 130.6770000 125.0900000 139.8900000 131.5450000 126.0190000
 139.3180000 131.5210000 126.6610000 139.7790000 132.5660000 124.9850000
 139.7370000 132.1140000 124.1280000 138.4920000 133.3720000 125.1980000
 137.7250000 132.7800000 125.1470000 138.5120000 133.7590000 126.0870000
 138.3470000 134.4990000 124.1610000 139.1300000 135.0710000 124.1800000
 138.1830000 133.9450000 122.7420000 138.0260000 134.6720000 122.1190000
 137.4390000 133.3230000 122.7140000 138.9930000 133.4850000 122.4710000
 137.1510000 135.3670000 124.5280000 137.0610000 136.0890000 123.8870000
 137.2930000 135.7460000 125.4100000 136.3440000 134.8290000 124.5400000
 141.0170000 133.4730000 124.9780000 141.6190000 133.7000000 123.9260000
 141.4310000 133.9230000 126.1630000 140.9770000 133.7170000 126.8640000
 142.6010000 134.7620000 126.3430000 142.5040000 135.5560000 125.7940000
 142.6640000 135.1990000 127.8000000 142.0720000 135.9530000 127.9440000
 143.5830000 135.4320000 128.0060000 142.3930000 134.4740000 128.3850000
 143.9020000 134.0780000 125.9140000 144.5750000 134.6160000 125.0410000
 144.2230000 132.8740000 126.3960000 143.7250000 132.5240000 127.0040000
 145.4660000 132.1890000 126.0170000 146.2030000 132.7950000 126.1920000
 145.7170000 130.9270000 126.8590000 146.5900000 130.5710000 126.6320000
 145.7460000 131.1860000 127.7930000 144.6740000 129.8130000 126.6990000
 144.2470000 129.7150000 127.5640000 143.9950000 130.0860000 126.0630000
 145.2570000 128.1600000 126.2190000 145.7840000 128.3860000 124.4990000
 145.7240000 129.3180000 124.2360000 145.2220000 127.8480000 123.9200000
 146.7040000 128.1000000 124.3910000 145.4990000 131.8510000 124.5270000
 146.5690000 131.8980000 123.9270000 144.3550000 131.5630000 123.8950000
 143.6300000 131.5110000 124.3550000 144.3060000 131.2400000 122.4620000
 145.0400000 130.6410000 122.2540000 142.9950000 130.5210000 122.0920000
 142.2440000 131.0500000 122.4050000 142.8450000 130.3090000 120.5770000
 142.7850000 131.1630000 120.1200000 142.0320000 129.8120000 120.3950000
 143.6060000 129.8150000 120.2340000 142.9350000 129.1280000 122.7300000
 143.1360000 129.1700000 123.6780000 142.0350000 128.7760000 122.6430000
 143.5740000 128.5340000 122.3060000 144.5080000 132.4930000 121.6180000
 145.3230000 132.4710000 120.6990000 143.8500000 133.6110000 121.9440000
 143.3090000 133.5900000 122.6120000 144.0010000 134.8590000 121.1850000
 144.0750000 134.6230000 120.2470000 142.7620000 135.7520000 121.3840000
 143.0280000 136.6820000 121.3120000 142.4160000 135.6240000 122.2810000
 141.6360000 135.4940000 120.3630000 141.3520000 134.5670000 120.4060000
 140.4460000 136.3950000 120.6940000 139.7330000 136.2520000 120.0520000
 140.7160000 137.3260000 120.6730000 140.1160000 136.1800000 121.5800000
 142.0650000 135.8280000 118.9270000 141.2960000 135.7920000 118.3360000
 142.4540000 136.7160000 118.8940000 142.7120000 135.1800000 118.6050000
 145.2980000 135.6150000 121.5080000 145.9740000 136.0800000 120.5860000
 145.7320000 135.6530000 122.7690000 145.2480000 135.2910000 123.3810000
 147.0690000 136.1260000 123.1350000 147.2000000 137.0020000 122.7400000
 147.2180000 136.2760000 124.6620000 147.0190000 135.4250000 125.0830000
 148.1450000 136.4800000 124.8620000 146.3380000 137.3760000 125.2950000
 145.4090000 137.2520000 125.0450000 146.4460000 137.3000000 126.8170000
 146.0990000 136.4480000 127.1250000 145.9280000 138.0080000 127.2310000
 147.3730000 137.3750000 127.0940000 146.7810000 138.7770000 124.8570000
 146.6260000 138.8970000 123.9070000 146.2640000 139.4440000 125.3350000
 147.7220000 138.9040000 125.0570000 148.1480000 135.2050000 122.5470000
 149.0200000 135.6990000 121.8410000 147.9660000 133.8850000 122.5830000
 147.3140000 133.5660000 123.0440000 148.8890000 132.9170000 121.9830000
 149.7690000 133.0280000 122.3760000 148.5720000 132.0230000 122.1850000
 149.0090000 133.0410000 120.4610000 150.1130000 133.2300000 119.9520000
 147.8820000 133.2000000 119.7620000 147.1350000 133.0640000 120.1650000
 147.8410000 133.4290000 118.3200000 148.3630000 132.7360000 117.8850000
 146.3880000 133.3050000 117.8450000 146.3440000 133.4290000 116.8840000
 146.0490000 132.4220000 118.0590000 145.8340000 133.9720000 118.2810000
 148.4430000 134.7880000 117.9230000 149.2640000 134.8490000 117.0110000
 148.1260000 135.8750000 118.6350000 147.5690000 135.7880000 119.2840000
 148.7090000 137.2030000 118.3560000 148.6180000 137.3790000 117.4070000
 147.9800000 138.3360000 119.0990000 148.4870000 139.1540000 118.9800000
 146.5660000 138.5850000 118.5750000 146.1500000 139.2900000 119.0950000
 146.0250000 137.7820000 118.6420000 146.6030000 138.8600000 117.6450000
 147.8860000 138.0780000 120.4750000 147.3110000 137.4720000 120.5690000
 150.2110000 137.2630000 118.6620000 150.9820000 137.7290000 117.8220000
 150.6860000 136.6540000 119.7470000 150.1360000 136.2940000 120.3010000
 152.1190000 136.6290000 120.0540000 152.4640000 137.5230000 119.9060000
 152.3620000 136.3050000 121.5350000 153.3130000 136.1820000 121.6800000
 151.9110000 135.4770000 121.7640000 151.8770000 137.4090000 122.4450000
 150.5720000 137.8100000 122.5820000 150.5330000 138.9300000 123.3040000
 149.5680000 139.3930000 123.5090000 151.7750000 139.2900000 123.6600000
 152.0600000 140.0550000 124.2540000 152.6400000 138.3290000 123.1150000
 153.5690000 138.3440000 123.1520000 152.8840000 135.6920000 119.1080000
 153.8610000 136.1230000 118.5000000 152.4270000 134.4420000 119.0060000
 151.6160000 134.1560000 119.5370000 153.0610000 133.4620000 118.1470000
 153.0400000 133.8150000 117.1160000 154.5130000 133.2330000 118.5540000
 155.0640000 134.1710000 118.4790000 154.5500000 132.8710000 119.5820000
 155.2590000 132.2250000 117.7140000 156.5900000 131.9050000 117.9570000
 149.8920000 137.3950000 122.2580000 156.9610000 131.0030000 117.0670000
 149.7560000 139.3970000 123.5110000 155.9480000 130.7370000 116.2810000
 154.9000000 131.5630000 116.5820000 153.9670000 131.4830000 116.0250000
 152.3410000 132.1230000 118.2180000 151.3560000 131.9820000 118.9400000
 152.3370000 134.5140000 118.8010000 151.6240000 134.2770000 119.2190000
 152.9570000 133.5210000 117.9200000 152.4690000 132.6900000 118.0300000
 153.8750000 133.3740000 118.1960000 152.9400000 133.8680000 116.4260000
 153.9310000 133.6290000 115.7370000 151.8650000 134.4900000 115.9230000
 151.1870000 134.6000000 116.4410000 151.6880000 134.8070000 114.4950000
 152.3200000 134.2810000 113.9800000 150.2660000 134.4280000 114.0300000
 150.1830000 134.6390000 113.0870000 149.6270000 134.9880000 114.4980000
 149.8790000 132.9510000 114.2180000 149.9800000 132.6880000 115.1460000
 148.4170000 132.7600000 113.8150000 147.8550000 133.3210000 114.3720000
 148.1570000 131.8360000 113.9540000 148.2940000 133.0000000 112.8830000
 150.7410000 132.0460000 113.3330000 151.6620000 132.0710000 113.6360000
 150.6880000 132.3320000 112.4080000 150.4240000 131.1320000 113.4010000
 151.9700000 136.2690000 114.1220000 152.0150000 136.5690000 112.9270000
 152.0890000 137.1850000 115.0920000 151.9610000 136.9320000 115.9040000
 152.3290000 138.6180000 114.8370000 152.4790000 138.7410000 113.8870000
 151.1060000 139.5020000 115.1960000 150.9890000 139.4890000 116.1590000
 151.3440000 140.9640000 114.7880000 152.2400000 141.2480000 115.0280000
 150.7130000 141.5430000 115.2440000 151.2160000 141.0700000 113.8320000
 149.7860000 139.0160000 114.5720000 149.6370000 138.0870000 114.8100000
 149.8620000 139.0940000 113.6080000 148.5530000 139.8120000 115.0170000
 147.7540000 139.3040000 114.8070000 148.5180000 140.6580000 114.5430000
 148.5840000 139.9720000 115.9730000 153.6120000 139.0960000 115.5290000
 154.5450000 139.5140000 114.8430000 153.6930000 139.0290000 116.8650000
 153.0390000 138.6820000 117.3030000 154.8430000 139.5760000 117.6060000
 154.9800000 140.4990000 117.3410000 154.6010000 139.5240000 119.1240000
 153.7910000 140.0070000 119.3530000 154.4500000 138.5990000 119.3750000
 155.7530000 140.0520000 119.9690000 156.4150000 139.1890000 120.8640000
 156.1570000 138.2990000 120.9380000 157.4480000 139.6750000 121.6840000
 157.8520000 139.1080000 122.3010000 157.8160000 141.0300000 121.6280000
 158.4650000 141.3590000 122.2080000 157.1760000 141.8920000 120.7220000
 157.4080000 142.7920000 120.6960000 156.1610000 141.4000000 119.8840000
 155.7540000 141.9820000 119.2840000 156.1280000 138.8150000 117.2900000
 157.1480000 139.4070000 116.9370000 156.0530000 137.4890000 117.3530000
 155.3150000 137.1390000 117.6230000 157.2190000 136.6320000 117.3110000
 157.8320000 136.9950000 117.9690000 156.8080000 135.2230000 117.7690000
 156.5340000 135.2580000 118.6990000 156.0420000 134.9080000 117.2640000
 157.9600000 134.2290000 117.6120000 158.3430000 134.2820000 116.7220000
 159.0390000 134.5420000 118.6450000 159.1150000 135.4910000 118.8310000
 159.8990000 134.2580000 118.2970000 158.8190000 134.1020000 119.4810000
 157.4440000 132.8110000 117.7770000 156.8190000 132.6030000 117.0650000
 156.9810000 132.7470000 118.6270000 158.1810000 132.1810000 117.7490000
 157.9690000 136.6550000 115.9650000 159.1820000 136.8790000 115.9880000
 157.3080000 136.5280000 114.7940000 155.9190000 136.1300000 114.6160000
 155.3280000 136.8740000 114.8090000 155.6950000 135.3660000 115.1700000
 155.7700000 135.7210000 113.1620000 155.8990000 134.7630000 113.0770000
 154.8960000 135.9690000 112.8220000 156.8910000 136.4640000 112.4400000
 156.5520000 137.3230000 112.1440000 157.2250000 135.9560000 111.6840000
 157.9820000 136.6580000 113.5020000 158.6450000 135.9550000 113.4200000
 158.6640000 138.0230000 113.3360000 159.7830000 138.1120000 112.8280000
 158.0500000 139.0810000 113.8750000 157.2970000 138.9590000 114.2720000
 158.6150000 140.4350000 113.8700000 158.9310000 140.6250000 112.9730000
 157.5310000 141.4750000 114.2070000 157.1000000 141.2400000 115.0430000
 158.1200000 142.8860000 114.3540000 158.7230000 142.9220000 115.1130000
 157.4090000 143.5250000 114.5200000 158.5980000 143.1360000 113.5480000
 156.4730000 141.4840000 113.0950000 156.1350000 140.5880000 112.9380000
 155.7150000 142.0200000 113.3760000 156.8410000 141.8330000 112.2680000
 159.8190000 140.5490000 114.8060000 160.8470000 141.0830000 114.3860000
 159.7780000 139.9390000 115.9910000 159.0390000 139.5760000 116.2400000
 160.9030000 139.9200000 116.9250000 161.1930000 140.8380000 117.0440000
 160.4080000 139.3820000 118.2820000 160.1650000 138.4490000 118.1780000
 159.6090000 139.8650000 118.5440000 161.4450000 139.5030000 119.4140000
 162.2710000 139.0720000 119.1430000 161.7280000 140.9690000 119.7640000
 162.1630000 141.4180000 119.0220000 160.8980000 141.4230000 119.9800000
 162.3140000 141.0170000 120.5350000 160.9370000 138.8040000 120.6720000
 161.5970000 138.8650000 121.3800000 160.7610000 137.8680000 120.4880000
 160.1140000 139.2220000 120.9700000 162.1010000 139.1290000 116.3670000
 163.1950000 139.6880000 116.2550000 161.8480000 137.9630000 115.7610000
 161.0480000 137.6530000 115.8210000 162.8410000 137.1790000 115.0120000
 163.5880000 136.9890000 115.6010000 162.2130000 135.8420000 114.5660000
 161.3860000 136.0380000 114.0980000 162.8100000 135.4120000 113.9340000
 161.9140000 134.8370000 115.6980000 161.3940000 135.2660000 116.3960000
 161.1060000 133.6640000 115.1410000 160.2870000 134.0000000 114.7450000
 161.6180000 133.1920000 114.4660000 160.8710000 133.0540000 115.8570000
 163.1930000 134.2610000 116.3140000 163.6760000 134.9580000 116.7850000
 163.7560000 133.8780000 115.6230000 162.9620000 133.5660000 116.9500000
 163.4150000 137.9370000 113.7960000 164.6200000 137.8660000 113.5490000
 162.6360000 138.8060000 113.1420000 161.7930000 138.7970000 113.3120000
 163.1360000 139.6370000 112.0300000 163.5980000 139.0480000 111.4130000
 161.9680000 140.2740000 111.2660000 162.2740000 140.5060000 110.3750000
 161.2470000 139.6310000 111.1810000 161.4990000 141.4540000 111.9010000
 161.2300000 141.2430000 112.6680000 164.1440000 140.7200000 112.4580000
 164.9240000 141.1950000 111.6290000 164.1190000 141.1460000 113.7290000
 163.5560000 140.7730000 114.2620000 165.1100000 142.0560000 114.3150000
 165.5110000 142.5940000 113.6150000 164.4290000 143.0130000 115.3090000
 163.8510000 142.5100000 115.9030000 165.1140000 143.4220000 115.8610000
 163.6460000 144.1380000 114.6620000 164.3440000 145.1990000 114.0540000
 165.2740000 145.1960000 114.0450000 163.6390000 146.2850000 113.5000000
 164.0950000 146.9960000 113.1110000 162.2340000 146.3280000 113.5820000
 161.5650000 147.4060000 113.0940000 160.7420000 147.2550000 113.0230000
 161.5310000 145.2670000 114.1950000 160.6050000 145.3010000 114.2760000
 162.2380000 144.1670000 114.7210000 161.7770000 143.4800000 115.1450000
 166.2580000 141.2960000 114.9900000 167.4140000 141.4420000 114.5880000
 165.9350000 140.4780000 115.9950000 165.1010000 140.3810000 116.1830000
 166.9020000 139.8640000 116.9160000 167.7840000 140.1980000 116.6920000
 166.6450000 140.2900000 118.3860000 167.3380000 139.8810000 118.9280000
 166.8060000 141.8120000 118.5520000 166.7730000 142.0490000 119.4920000
 167.6680000 142.0910000 118.2070000 166.0970000 142.2810000 118.0860000
 165.2880000 139.7950000 118.9290000 164.5670000 140.2560000 118.4720000
 165.1990000 138.8440000 118.7580000 165.1290000 140.0240000 120.4390000
 165.0660000 140.9710000 120.6390000 165.8830000 139.6440000 120.9160000
 164.3120000 139.6000000 120.7460000 167.0170000 138.3430000 116.7720000
 167.7290000 137.7380000 117.5590000 166.4120000 137.7040000 115.7670000
 165.9400000 138.1500000 115.2030000 166.5860000 136.2640000 115.5300000
 166.2590000 135.7870000 116.3090000 166.0600000 135.9900000 114.7620000
 168.0530000 135.8700000 115.2760000 168.8500000 136.7150000 114.8470000
 168.4360000 134.5960000 115.5150000 167.5880000 133.5050000 115.9910000
 167.4520000 133.5930000 116.9470000 166.7300000 133.4900000 115.5390000
 168.3560000 132.2140000 115.7000000 168.1580000 131.5260000 116.3550000
 168.1520000 131.8880000 114.8100000 169.8200000 132.6540000 115.7600000
 170.3830000 132.0960000 115.2010000 170.1230000 132.5990000 116.6800000
 169.8130000 134.1290000 115.3180000 170.4060000 134.6220000 115.9060000
 170.3150000 134.3540000 113.8810000 169.5610000 134.6910000 112.9670000
 171.6310000 134.3040000 113.6680000 172.1450000 134.0440000 114.3070000
 172.1940000 134.2100000 112.3100000 171.7660000 134.8650000 111.7370000
 173.6910000 134.5490000 112.3560000 174.1110000 134.3280000 111.5100000
 173.7910000 135.5010000 112.5110000 174.3130000 133.8450000 113.4080000
 175.1320000 134.0290000 113.4330000 171.9130000 132.8300000 111.6820000
 171.0910000 132.0630000 112.1860000 172.2780000 132.6820000 110.4040000
 172.7620000 133.2840000 110.0250000 172.1410000 131.3980000 109.7030000
 171.2510000 131.0380000 109.8420000 172.3490000 131.5680000 108.1860000
 173.2420000 131.9090000 108.0190000 172.1680000 130.2310000 107.4750000
 172.8300000 129.5830000 107.7640000 172.2600000 130.3510000 106.5170000
 171.2800000 129.8870000 107.6580000 171.3290000 132.5320000 107.5680000
 171.5700000 132.7140000 106.6460000 171.2890000 133.3740000 108.0490000
 170.4560000 132.1100000 107.5660000 173.1410000 130.4050000 110.2920000
 174.3430000 130.6710000 110.2870000 172.6540000 129.2770000 110.8160000
 171.8050000 129.1410000 110.8090000 173.5110000 128.1930000 111.2830000
 174.1980000 128.5580000 111.8620000 172.6650000 127.2200000 112.1230000
 171.9630000 126.8330000 111.5760000 172.2470000 127.7050000 112.8520000
 173.4910000 126.0870000 112.7100000 174.3170000 125.4800000 112.0370000
 173.1850000 125.6630000 113.9080000 173.6070000 124.9950000 114.2470000
 172.6740000 126.0900000 114.4520000 174.2000000 127.5360000 110.0700000
 173.5970000 126.7470000 109.3380000 175.4540000 127.9260000 109.8110000
 175.7790000 128.5450000 110.3110000 176.2120000 127.5180000 108.6140000
 175.6900000 127.7420000 107.8270000 177.5460000 128.2840000 108.5440000
 178.0390000 127.9600000 107.7740000 178.0630000 128.0810000 109.3390000
 177.4050000 129.8140000 108.4120000 176.8860000 130.0270000 107.6210000
 176.9450000 130.1630000 109.1920000 178.7960000 130.4690000 108.3110000
 179.3330000 130.1630000 109.0580000 179.2210000 130.1920000 107.4840000
 178.7200000 132.0030000 108.3600000 178.1880000 132.2460000 109.1340000
 178.2570000 132.3300000 107.5730000 180.0680000 132.6300000 108.4700000
 180.6470000 132.1010000 108.8910000 180.0220000 133.3850000 108.9390000
 180.4130000 132.8450000 107.6780000 176.4680000 126.0040000 108.5520000
 176.5370000 125.4510000 107.4570000 176.4970000 125.3120000 109.6940000
 176.3630000 125.7320000 110.4330000 176.6210000 123.8550000 109.7410000
 177.3130000 123.5850000 109.1170000 177.0740000 123.4500000 111.1490000
 177.2080000 122.4900000 111.1840000 176.4050000 123.7000000 111.8050000
 177.9110000 123.8910000 111.3630000 175.3230000 123.1420000 109.3090000
 175.3700000 122.2850000 108.4240000 174.1520000 123.6350000 109.7460000
 174.1720000 124.2560000 110.3400000 172.8420000 123.2070000 109.2120000
 172.7840000 122.2400000 109.2670000 171.6850000 123.8090000 110.0320000
 170.8480000 123.5700000 109.6040000 171.7580000 124.7760000 110.0310000
 171.6490000 123.2910000 111.4790000 171.5720000 122.3240000 111.4690000
 172.4750000 123.5240000 111.9310000 170.4640000 123.8730000 112.2640000
 170.4770000 124.8420000 112.2230000 169.6380000 123.5500000 111.8700000
 170.5560000 123.4200000 113.7270000 171.3210000 123.8460000 114.1450000
 170.6750000 122.4570000 113.7440000 169.3280000 123.7570000 114.4770000
 168.6240000 123.4600000 114.0200000 169.3190000 123.3590000 115.2730000
 169.3250000 124.6290000 114.6530000 172.6750000 123.5600000 107.7300000
 172.0970000 122.7610000 106.9940000 173.2640000 124.6770000 107.2840000
 173.5730000 125.2160000 107.8780000 173.2720000 125.1140000 105.8770000
 172.3530000 125.2070000 105.5810000 173.9800000 126.4730000 105.7220000
 173.6540000 127.0860000 106.3990000 174.9370000 126.3770000 105.8480000
 173.7590000 127.0340000 104.4440000 172.9920000 127.3700000 104.3780000
 173.9340000 124.0890000 104.9690000 173.2450000 123.3820000 104.2340000
 175.2080000 123.8130000 105.2540000 175.6000000 124.2890000 105.8540000
 176.0260000 122.8540000 104.5210000 176.0850000 123.1260000 103.5920000
 177.4320000 122.8820000 105.1400000 177.3760000 122.7050000 106.0920000
 177.9780000 122.1970000 104.7230000 178.2170000 124.5020000 104.8740000
 177.7040000 125.0820000 105.7910000 175.4240000 121.4370000 104.5540000
 175.2430000 120.8250000 103.5070000 174.8970000 120.9990000 105.7050000
 175.0010000 121.4780000 106.4120000 174.2570000 119.6860000 105.8430000
 174.8580000 119.0180000 105.4780000 174.0650000 119.4200000 107.3390000
 173.6940000 118.5320000 107.4630000 173.4580000 120.0780000 107.7120000
 174.9190000 119.4740000 107.7950000 172.9060000 119.5430000 105.1040000
 172.4120000 118.4240000 104.9190000 172.2250000 120.6600000 104.8240000
 172.5780000 121.4150000 105.0350000 170.9720000 120.6860000 104.0490000
 170.4990000 119.8490000 104.1810000 170.0490000 121.8100000 104.5450000
 170.4550000 122.6750000 104.3800000 168.6660000 121.7650000 103.8980000
 168.1130000 122.4670000 104.2750000 168.7440000 121.9160000 102.9430000
 168.2480000 120.9060000 104.0650000 169.8410000 121.6410000 105.9270000
 170.5150000 121.9710000 106.3050000 171.2440000 120.8170000 102.5490000
 170.6490000 120.0820000 101.7620000 172.2730000 121.5750000 102.1750000
 172.6720000 122.0460000 102.7740000 172.7740000 121.7150000 100.8040000
 172.0390000 121.9660000 100.2220000 173.7930000 122.8650000 100.8110000
 173.4390000 123.5890000 101.3510000 174.6130000 122.5520000 101.2240000
 174.1090000 123.4270000  99.4210000 174.3610000 122.6950000  98.8370000
 173.3040000 123.8310000  99.0620000 175.2460000 124.4700000  99.4500000
 175.9410000 124.5760000  98.4310000 175.5650000 124.9440000 100.5860000
 173.3750000 120.4010000 100.2620000 172.8370000 119.8300000  99.3110000
 174.2090000 119.7320000 101.0730000 174.5170000 120.1470000 101.7600000
 174.7140000 118.3700000 100.8220000 175.2330000 118.3680000 100.0020000
 175.6130000 117.9060000 101.9840000 175.6800000 116.9390000 101.9430000
 175.1990000 118.1400000 102.8290000 177.0440000 118.4610000 101.9230000
 177.4060000 118.2600000 101.0460000 177.0260000 119.4260000 102.0200000
 177.9680000 117.8450000 102.9920000 179.1970000 117.9070000 102.7600000
 177.4590000 117.1230000 103.8850000 173.5990000 117.3280000 100.6590000
 173.7670000 116.3520000  99.9260000 172.4550000 117.5230000 101.3280000
 172.3880000 118.2550000 101.7740000 171.2980000 116.6220000 101.2370000
 171.6320000 115.7120000 101.2090000 170.4090000 116.8180000 102.4700000
 170.9680000 116.8390000 103.2630000 169.9370000 117.6630000 102.4000000
 169.3970000 115.6790000 102.6270000 169.8840000 114.8720000 102.8580000
 168.9120000 115.5230000 101.8010000 168.3720000 116.0190000 103.7100000
 167.6540000 116.5250000 103.2980000 168.7950000 116.5770000 104.3810000
 167.8550000 114.7870000 104.3370000 168.3220000 114.0800000 104.1920000
 166.7520000 114.6550000 105.0510000 165.9500000 115.6550000 105.2880000
 166.1410000 116.4290000 104.9640000 165.2170000 115.5530000 105.7260000
 166.4600000 113.4980000 105.5790000 165.7250000 113.4030000 106.0150000
 166.9200000 112.8040000 105.3640000 170.4910000 116.8210000  99.9540000
 169.8930000 115.8580000  99.4790000 170.3140000 118.0660000  99.5120000
 170.7150000 118.7070000  99.9220000 169.5710000 118.3710000  98.2850000
 168.8770000 117.7010000  98.1870000 168.8820000 119.7380000  98.3970000
 169.5210000 120.4010000  98.7030000 168.5750000 120.0110000  97.5180000
 167.6720000 119.6920000  99.3080000 166.6170000 118.8140000  98.9920000
 166.6630000 118.2950000  98.2220000 165.5050000 118.7060000  99.8410000
 164.8240000 118.1050000  99.6400000 165.4220000 119.5070000 100.9870000
 164.3050000 119.3500000 101.7570000 164.3330000 119.8530000 102.4290000
 166.4620000 120.4060000 101.3100000 166.4020000 120.9560000 102.0570000
 167.5960000 120.4880000 100.4670000 168.2930000 121.0710000 100.6630000
 170.4000000 118.2370000  97.0070000 169.8000000 118.1210000  95.9370000
 171.7150000 118.0370000  97.1310000 172.0540000 118.1820000  97.9080000
 172.6570000 117.7840000  96.0370000 172.7650000 118.6140000  95.5470000
 174.0050000 117.4220000  96.6800000 174.0380000 116.4740000  96.8830000
 174.0980000 117.9100000  97.5130000 175.1830000 117.8140000  95.7870000
 175.1580000 117.3090000  94.9590000 175.1230000 118.7610000  95.5870000
 176.4970000 117.5510000  96.5280000 176.6130000 116.5960000  96.6490000
 176.4640000 117.9820000  97.3970000 177.6590000 118.1340000  95.7240000
 177.7070000 117.6770000  94.8700000 177.4670000 119.0690000  95.5500000
 178.9330000 118.0050000  96.4720000 179.6080000 118.3390000  95.9970000
 178.8780000 118.4570000  97.2370000 179.0960000 117.1510000  96.6640000
 172.1620000 116.7060000  95.0560000 171.9570000 115.5520000  95.4310000
 171.9640000 117.0830000  93.7940000 172.1230000 117.9060000  93.6020000
 171.4260000 116.2370000  92.7220000 171.7790000 116.5650000  91.8800000
 171.7370000 115.3270000  92.8470000 169.8930000 116.1980000  92.5950000
 169.3780000 115.4830000  91.7350000 169.1420000 116.9430000  93.4130000
 169.5500000 117.4470000  93.9780000 167.6730000 117.0760000  93.3010000
 167.3410000 116.3600000  92.7380000 166.9610000 116.9340000  94.6600000
 166.0070000 116.8870000  94.4890000 167.3480000 115.6750000  95.4370000
 166.8460000 115.6380000  96.2660000 167.1410000 114.8900000  94.9070000
 168.2960000 115.6770000  95.6440000 167.1760000 118.0470000  95.4890000
 168.0080000 118.1600000  95.5230000 167.2700000 118.3930000  92.6290000
 167.9800000 119.3900000  92.7220000 166.0400000 118.4800000  92.1090000
 165.5550000 117.7730000  92.0420000 165.4820000 119.7410000  91.5810000
 166.0540000 120.0610000  90.8660000 164.0770000 119.4780000  91.0080000
 163.5170000 120.2570000  91.1490000 163.6720000 118.7250000  91.4660000
 164.1560000 119.2010000  89.4990000 164.5840000 119.9620000  89.0770000
 164.7120000 118.4200000  89.3490000 162.7880000 118.9860000  88.8380000
 162.7720000 119.0190000  87.5870000 161.7960000 118.7950000  89.5750000
 165.4250000 120.8820000  92.6180000 165.6140000 122.0450000  92.2610000
 165.3600000 120.5470000  93.9140000 165.3480000 119.7080000  94.1030000
 165.4500000 121.5120000  95.0200000 164.8310000 122.2360000  94.8370000
 165.0530000 120.8270000  96.3430000 165.0900000 119.8630000  96.2430000
 165.6780000 121.0770000  97.0420000 163.6400000 121.2380000  96.7850000
 163.0090000 121.0520000  96.0720000 163.6330000 122.1890000  96.9750000
 163.2270000 120.4690000  98.0450000 163.2430000 119.5200000  97.8470000
 163.8730000 120.6590000  98.7430000 161.8810000 120.8550000  98.5130000
 161.5020000 121.5050000  98.0970000 161.2260000 120.3320000  99.5360000
 161.7210000 119.3660000 100.2550000 162.5560000 119.1890000 100.1470000
 161.3390000 119.1630000 100.9980000 160.0650000 120.7980000  99.8960000
 159.7130000 121.4550000  99.4680000 159.6430000 120.4380000 100.5530000
 166.8150000 122.2030000  95.1420000 166.8330000 123.3610000  95.5330000
 167.9120000 121.5930000  94.6870000 167.8370000 120.8140000  94.3310000
 169.2360000 122.2450000  94.6450000 169.4620000 122.5800000  95.5270000
 170.2940000 121.2130000  94.2230000 170.2160000 120.4380000  94.8010000
 170.0950000 120.9430000  93.3130000 171.7500000 121.7140000  94.2800000
 171.8290000 122.5310000  93.7640000 171.9660000 121.9160000  95.2040000
 172.7510000 120.6820000  93.7190000 173.9510000 120.7580000  94.0600000
 172.3110000 119.7160000  93.0520000 169.2570000 123.4360000  93.6780000
 169.7360000 124.5120000  94.0270000 168.5790000 123.3130000  92.5270000
 168.1660000 122.5730000  92.3810000 168.4240000 124.4340000  91.5880000
 169.2990000 124.8120000  91.4080000 167.7930000 123.9760000  90.2650000
 167.5650000 124.7620000  89.7450000 166.9770000 123.4820000  90.4410000
 168.7540000 123.1130000  89.4390000 169.5670000 123.6140000  89.2680000
 168.9740000 122.3050000  89.9280000 168.1020000 122.7390000  88.1040000
 167.8730000 123.5530000  87.6280000 167.2890000 122.2430000  88.2890000
 169.0070000 121.9220000  87.2750000 169.8160000 121.8470000  87.5560000
 168.6800000 121.2710000  86.1730000 167.4790000 121.3250000  85.6670000
 167.2570000 120.8510000  84.9840000 166.8750000 121.7680000  86.0900000
 169.5660000 120.5420000  85.5550000 170.3570000 120.4620000  85.8840000
 169.3420000 120.1000000  84.8520000 167.6250000 125.5820000  92.2020000
 168.0290000 126.7210000  92.0340000 166.5550000 125.2910000  92.9430000
 166.3520000 124.4630000  93.0550000 165.7500000 126.3220000  93.6160000
 165.5920000 127.0480000  92.9930000 164.4030000 125.7300000  94.0600000
 163.9660000 126.3710000  94.6420000 164.5790000 124.9330000  94.5840000
 163.4340000 125.3880000  92.9170000 163.8670000 124.7970000  92.2820000
 162.2180000 124.6680000  93.5050000 162.5080000 123.8560000  93.9500000
 161.6020000 124.4340000  92.7930000 161.7720000 125.2470000  94.1430000
 162.9310000 126.6360000  92.1850000 163.6690000 127.0870000  91.7460000
 162.5230000 127.2500000  92.8150000 162.2800000 126.3860000  91.5100000
 166.4400000 126.9730000  94.8250000 166.0440000 128.0670000  95.1970000
 167.3730000 126.2850000  95.4910000 167.5380000 125.4760000  95.2520000
 168.1570000 126.8540000  96.5980000 167.5840000 127.4280000  97.1310000
 168.6850000 125.7040000  97.4760000 169.0780000 125.0330000  96.8960000
 169.3910000 126.0410000  98.0500000 167.6010000 125.0580000  98.3590000
 166.7940000 124.9100000  97.8420000 168.0840000 123.7040000  98.8850000
 168.2740000 123.1170000  98.1360000 168.8920000 123.8270000  99.4080000
 167.3920000 123.3050000  99.4360000 167.2570000 125.9320000  99.5680000
 166.9150000 126.7900000  99.2710000 168.0510000 126.0870000 100.1030000
 166.5780000 125.5020000 100.1110000 169.3130000 127.7530000  96.1220000
 169.7770000 128.5920000  96.8860000 169.7820000 127.5650000  94.8830000
 169.4590000 126.9090000  94.4310000 170.8640000 128.3510000  94.2780000
 171.4330000 128.6880000  94.9880000 171.7060000 127.4060000  93.3950000
 171.1150000 126.9140000  92.8040000 172.3130000 127.9330000  92.8510000
 172.5560000 126.4300000  94.1920000 172.9370000 126.6570000  95.3220000
 173.0620000 125.3970000  93.5580000 172.7950000 125.1980000  92.7650000
 173.5450000 124.8800000  94.0470000 170.3970000 129.6030000  93.4940000
 171.2520000 130.3090000  92.9520000 169.0820000 129.7990000  93.3230000
 168.5450000 129.2920000  93.7650000 168.4720000 131.0150000  92.7420000
 169.1400000 131.5030000  92.2360000 167.3150000 130.6300000  91.7960000
 166.8950000 129.8120000  92.1050000 166.6400000 131.3250000  91.8500000
 167.7090000 130.5040000  90.3360000 167.8540000 131.6660000  89.5560000
 167.7340000 132.4970000  89.9570000 168.1900000 131.5700000  88.1930000
 168.2900000 132.3450000  87.6880000 168.3880000 130.3080000  87.6050000
 168.6200000 130.2450000  86.7070000 168.2470000 129.1430000  88.3800000
 168.3870000 128.3060000  88.0010000 167.9040000 129.2460000  89.7410000
 167.8120000 128.4800000  90.2600000 167.9790000 131.9720000  93.8410000
 168.0760000 133.2110000  93.5270000 167.2240000 131.5330000  94.6910000
