
 Significant contributions to pK of each site from neighbouring groups. 
 The site of interest is listed first, list of neighbours with strong contributions follow. 
 The first number is the background contribution from non-titratable groups; 
 The last one is the interaction with other titratable groups. 

SITE:  TYR-  28
  26   VAL   0.167983   0
  27   TRP   0.188709   0
  29   GLY   -0.207474   0
  30   GLU   0.102897   0.447216
  43   GLU   -0.0487986   0.101815
  44   TYR   0.0245692   0.350066
  47   PRO   0.167539   0
  48   PRO   -0.28788   0
  49   LYS   0.498476   -0.368127
  50   PRO   0.249714   0
  51   LEU   -0.258982   0
  52   PRO   -0.141238   0
  54   ASP   -0.136419   0.161737
  56   TYR   0.0166289   0.121362
  73   LEU   0.233092   0
  75   CYX   0.408601   0
  76   ASP   -0.53869   1.39012
  78   ARG   -0.176977   -0.123158
 110   GLU   0.0429648   0.103117
 131   ASP   0.00821492   0.115861
 138   LYS   -0.018814   -0.211632
SITE:  GLU-  30
  27   TRP   0.217568   0
  28   TYR   -0.0947586   0.447216
  29   GLY   -0.405205   0
  31   CYX   -0.131723   0
  32   GLY   0.244196   0
  37   ASP   0.102567   0.263892
  38   LYS   -0.0801946   -0.246849
  39   ARG   -0.432945   -0.447868
  40   TYR   0.195716   0.129185
  41   ASN   -0.13046   0
  43   GLU   -0.0473916   0.115128
  44   TYR   0.0452366   0.118125
  54   ASP   -0.059221   0.105632
  76   ASP   -0.196321   0.922215
  78   ARG   -0.718556   -0.515251
  79   GLN   -0.986918   0
  82   THR   -0.355262   0
  85   ASP   -0.135809   0.23022
  86   ASN   -0.175759   0
 110   GLU   0.0150052   0.12824
 129   TYR   0.0524119   0.257843
 131   ASP   -0.00858005   0.18973
 138   LYS   0.000438994   -0.277885
 140   ASN   -0.200314   0
 146   TYR   -0.00789366   0.148663
 196   LYS   -0.00562956   -0.102425
 202   PRO   -0.118545   0
SITE:  TYR-  35
  37   ASP   -0.0259152   0.189167
  38   LYS   -0.0736596   -0.334896
  40   TYR   0.0269326   0.299022
 142   LYS   0.0238112   -0.148391
 192   TYR   0.0254734   0.112796
 196   LYS   0.418571   -2.03257
 197   ASP   0.0360925   0.222919
 199   GLY   0.0012126   0
 201   ALA   0.188212   0
 202   PRO   0.131629   0
SITE:  ASP-  37
  30   GLU   -0.0736262   0.263892
  34   ALA   -0.177943   0
  35   TYR   0.327576   0.189167
  36   GLY   -0.100315   0
  38   LYS   -0.377583   -1.86672
  39   ARG   0.153845   -0.431548
  40   TYR   0.0520325   0.144227
  78   ARG   0.144717   -0.301176
  85   ASP   -0.0353924   0.540122
  86   ASN   -0.19597   0
  88   GLN   -0.165361   0
 196   LYS   0.0243552   -0.262613
 199   GLY   0.0987564   0
 200   GLN   0.314848   0
 202   PRO   -0.0640294   0
SITE:  LYS-  38
  30   GLU   -0.113669   0.246849
  32   GLY   0.125289   0
  34   ALA   -0.21837   0
  35   TYR   0.335582   0.334896
  36   GLY   -0.178328   0
  37   ASP   0.538912   1.86672
  39   ARG   0.313478   -0.505424
  40   TYR   0.050084   0.210643
  78   ARG   0.0811979   -0.195736
  85   ASP   -0.0322022   0.471683
  86   ASN   -0.239394   0
  88   GLN   -0.202348   0
 146   TYR   -0.00815844   0.117174
 192   TYR   0.0586792   0.127586
 196   LYS   0.0613008   -0.490604
 199   GLY   0.456785   0
 200   GLN   0.908274   0
 202   PRO   -0.0374281   0
SITE:  ARG-  39
  30   GLU   0.0764964   0.447868
  32   GLY   0.28364   0
  33   ILE   -0.2129   0
  34   ALA   -0.149648   0
  37   ASP   0.208956   0.431548
  38   LYS   0.581323   -0.505424
  40   TYR   0.0218475   0.154281
  76   ASP   -0.00663607   0.16524
  78   ARG   0.177473   -0.551759
  85   ASP   -0.0818248   0.240819
 129   TYR   0.0122889   0.331091
 131   ASP   -0.0269429   0.146411
 138   LYS   0.0178617   -0.143771
 196   LYS   -0.000315937   -0.126439
SITE:  TYR-  40
  30   GLU   -0.0970051   0.129185
  33   ILE   -0.163535   0
  34   ALA   -0.313472   0
  35   TYR   0.199496   0.299022
  37   ASP   -0.00886465   0.144227
  38   LYS   0.141607   -0.210643
  39   ARG   0.0200536   -0.154281
 127   GLU   0.232742   0.569353
 129   TYR   -0.058937   0.168262
 141   VAL   0.14474   0
 142   LYS   0.0045123   -0.895862
 143   GLU   0.0432498   0.29139
 196   LYS   -0.113129   -0.762292
 197   ASP   -0.0372057   0.112038
 202   PRO   0.573184   0
 203   PHE   -0.168455   0
SITE:  GLU-  43
  26   VAL   -0.230246   0
  27   TRP   -0.339656   0
  28   TYR   0.0598983   0.101815
  29   GLY   0.153461   0
  30   GLU   -0.0537274   0.115128
  41   ASN   0.143072   0
  42   CYX   -0.188677   0
  44   TYR   -0.161626   0.155816
  45   SER   0.158811   0
 123   VAL   -0.169676   0
 126   THR   -1.16882   0
 127   GLU   0.102606   0.252366
 128   ASP   -0.0328612   0.201629
 138   LYS   -0.0722359   -0.16418
 139   THR   0.122847   0
 140   ASN   -0.0786549   0
 141   VAL   -0.0859802   0
 143   GLU   0.0481688   0.118368
 147   TYR   -0.0128994   0.105906
SITE:  TYR-  44
  23   GLN   -0.199741   0
  24   SER   -0.217558   0
  28   TYR   -0.0481601   0.350066
  30   GLU   0.00543899   0.118125
  43   GLU   -0.0843547   0.155816
  45   SER   -0.26385   0
  46   GLY   -0.962934   0
  47   PRO   1.75964   0
  48   PRO   -0.0713099   0
  49   LYS   -0.114562   -0.31491
  76   ASP   -0.0250692   0.168373
 138   LYS   -0.042316   -0.153063
SITE:  LYS-  49
  28   TYR   -0.023383   0.368127
  44   TYR   -0.0380522   0.31491
  47   PRO   0.0663908   0
  50   PRO   -0.31065   0
  56   TYR   -0.00462975   0.135571
  73   LEU   0.319494   0
  76   ASP   -0.0155607   0.16664
SITE:  LYS-  53
  54   ASP   -0.42615   0.285951
  56   TYR   0.0357702   0.385099
  57   ASP   -0.00889927   0.100442
SITE:  ASP-  54
  28   TYR   -0.0031268   0.161737
  30   GLU   0.0240352   0.105632
  52   PRO   -0.0206672   0
  53   LYS   0.294059   -0.285951
  55   GLY   -0.421802   0
  56   TYR   -0.0357366   0.175152
  57   ASP   -0.104238   0.25662
  61   GLU   -0.0356272   0.142235
  76   ASP   -0.0211958   0.235106
  78   ARG   -0.0227354   -0.118125
  84   LYS   -0.0237992   -0.110892
 958   ARG   -0.0047372   -0.102398
 973   ASP   0.0148174   0.105358
 978   ARG   0.0201286   -0.16742
SITE:  TYR-  56
  28   TYR   -0.00067234   0.121362
  49   LYS   0.0268555   -0.135571
  51   LEU   0.072484   0
  53   LYS   -0.436254   -0.385099
  54   ASP   -0.0282303   0.175152
  57   ASP   -0.0317088   0.179186
  69   GLY   -0.138157   0
  71   VAL   -0.210516   0
  76   ASP   -0.00792281   0.103848
 978   ARG   0.025846   -0.12421
SITE:  ASP-  57
  53   LYS   0.0395508   -0.100442
  54   ASP   0.151758   0.25662
  55   GLY   0.0618879   0
  56   TYR   0.112754   0.179186
  58   LEU   -0.249586   0
  59   VAL   -0.159255   0
  60   GLN   -0.423064   0
  61   GLU   -0.278922   0.564168
  84   LYS   -0.0234486   -0.314531
 951   LYS   0.0200351   -0.115346
 952   PRO   0.0685378   0
 958   ARG   -0.0116674   -0.322026
 973   ASP   0.00986977   0.215094
 978   ARG   0.734339   -1.57847
 982   LEU   -0.0221521   0
 987   LYS   0.00187791   -0.236772
SITE:  GLU-  61
  54   ASP   0.0201551   0.142235
  55   GLY   0.126434   0
  56   TYR   0.13801   0.0731881
  57   ASP   0.273516   0.564168
  58   LEU   0.288026   0
  59   VAL   0.0813592   0
  62   LEU   -0.380926   0
  64   PRO   -0.0514266   0
  76   ASP   0.0406165   0.115497
  78   ARG   0.0537454   -0.105682
  80   LEU   0.104459   0
  84   LYS   -0.168926   -1.86867
  85   ASP   -0.0267846   0.182842
  96   ARG   0.00860251   -0.109965
 102   TYR   0.0178806   0.186937
 110   GLU   -0.0175476   0.14383
 146   TYR   -0.00753303   0.103824
 232   ASP   0.0061986   0.2115
 515   TYR   0.00300597   0.108126
 948   ASP   0.0417708   0.158504
 951   LYS   0.018326   -0.256407
 952   PRO   0.0990249   0
 958   ARG   0.0550367   -0.363072
 973   ASP   0.0213088   0.228054
 978   ARG   -0.176191   -0.31753
 987   LYS   0.00312762   -0.369349
1005   ASP   0.0111663   0.100979
1010   LYS   0.0281974   -0.117305
SITE:  ASP-  76
  26   VAL   0.128403   0
  27   TRP   0.193683   0
  28   TYR   0.144443   1.39012
  29   GLY   -0.263658   0
  30   GLU   0.295134   0.922215
  39   ARG   -0.0599169   -0.16524
  44   TYR   0.0359175   0.168373
  49   LYS   0.146493   -0.16664
  51   LEU   -0.238166   0
  52   PRO   -0.180683   0
  54   ASP   -0.178011   0.235106
  56   TYR   0.0336488   0.103848
  61   GLU   -0.048497   0.115497
  75   CYX   -0.239694   0
  77   VAL   -0.598469   0
  78   ARG   -0.738846   -0.257856
  79   GLN   -0.591862   0
  80   LEU   -0.30263   0
  85   ASP   -0.061282   0.101482
 110   GLU   0.0320368   0.109271
 129   TYR   0.0295354   0.120176
 131   ASP   0.00528377   0.127992
 138   LYS   -0.0110811   -0.210548
 146   TYR   -0.00467092   0.107147
SITE:  ARG-  78
  28   TYR   -0.00350547   0.123158
  30   GLU   0.080808   0.515251
  37   ASP   0.0265472   0.301176
  38   LYS   -0.0330577   -0.195736
  39   ARG   0.0215398   -0.551759
  54   ASP   -0.0175869   0.118125
  61   GLU   -0.010115   0.105682
  76   ASP   0.0440644   0.257856
  77   VAL   0.071371   0
  81   GLN   0.352226   0
  84   LYS   -0.0619122   -0.124145
  85   ASP   -0.1315   0.339048
 129   TYR   0.0145026   0.11943
SITE:  LYS-  84
  54   ASP   0.0222778   0.110892
  57   ASP   -0.0239918   0.314531
  61   GLU   0.754744   1.86867
  78   ARG   0.0649549   -0.124145
  80   LEU   0.212775   0
  81   GLN   0.0147729   0
  85   ASP   -0.501591   0.408211
  96   ARG   0.00169104   -0.115535
 102   TYR   0.0106106   0.117061
 110   GLU   -0.0146861   0.103834
 232   ASP   -0.000666672   0.136557
 515   TYR   0.00394479   0.128703
 948   ASP   0.0403405   0.146738
 951   LYS   0.028929   -0.231567
 952   PRO   0.0717361   0
 958   ARG   0.0623953   -0.333023
 973   ASP   0.031739   0.22853
 978   ARG   -0.125418   -0.219629
 987   LYS   0.0143461   -0.21624
1005   ASP   0.0107769   0.10256
1010   LYS   0.0325857   -0.151387
SITE:  ASP-  85
  30   GLU   -0.0470005   0.23022
  37   ASP   0.0426467   0.540122
  38   LYS   -0.067566   -0.471683
  39   ARG   0.000399346   -0.240819
  61   GLU   0.00778589   0.182842
  76   ASP   0.0145288   0.101482
  78   ARG   0.172502   -0.339048
  81   GLN   0.379426   0
  82   THR   0.431493   0
  83   LEU   0.199823   0
  84   LYS   0.271964   -0.408211
  86   ASN   -0.492322   0
  88   GLN   -0.355594   0
 196   LYS   0.00668057   -0.104889
 200   GLN   0.176762   0
 202   PRO   -0.0760758   0
 530   HIS   -0.00716991   -0.109664
SITE:  ARG-  96
  61   GLU   0.0199963   0.109965
  84   LYS   0.0222362   -0.115535
  91   LEU   0.119758   0
  92   GLN   0.135271   0
  93   PHE   0.180694   0
  94   LEU   0.125024   0
  95   SER   -0.177417   0
  97   CYX   -0.192685   0
  98   PRO   -0.0204934   0
 162   ASP   -0.0559565   0.157379
 163   VAL   -0.16304   0
 164   GLU   0.0976583   0.914794
 166   PRO   -0.169284   0
 168   SER   0.172983   0
 170   ASP   0.0787374   0.122739
 171   LYS   -0.0469497   -0.124383
 239   SER   -0.114282   0
 241   GLN   0.470352   0
 242   ASP   0.403138   1.403
 487   TYR   -0.0117496   0.216774
 512   HIS   0.0484058   -0.14111
 515   TYR   0.0671911   0.570595
 518   ARG   -0.213642   -0.625577
 520   PRO   -0.0296284   0
 525   ASP   0.0526534   0.179666
 550   TYR   -0.0177101   0.126034
 555   TYR   -0.0437396   0.263919
 944   ASP   -0.034469   0.243748
 945   ASP   0.0370724   0.334368
 948   ASP   0.0100978   0.353593
 951   LYS   -0.000942691   -0.336112
 989   ARG   -0.0564137   -0.111969
1005   ASP   0.0151319   0.117126
1013   LYS   -0.046476   -0.285869
1019   TYR   -0.0239268   0.262277
1041   TYR   0.00737032   0.110541
SITE:  TYR- 102
  60   GLN   0.195942   0
  61   GLU   0.0276338   0.186937
  62   LEU   0.151878   0
  63   CYX   -0.166423   0
  64   PRO   -0.120773   0
  65   GLY   -0.12858   0
  84   LYS   0.00321695   -0.117061
  98   PRO   0.11262   0
  99   SER   0.226462   0
 103   ASN   0.449666   0
 106   ASN   -0.220834   0
 110   GLU   -0.0412297   0.429833
 146   TYR   -0.0215594   0.231059
 222   ASN   -0.175792   0
 223   ALA   0.504733   0
 225   LYS   -0.0750936   -0.516257
 229   GLU   0.0443859   0.1641
 231   VAL   0.0579005   0
 232   ASP   -0.0048273   0.55145
 233   GLU   -0.0781616   0.148191
 948   ASP   0.0227746   0.105215
 951   LYS   -0.0244226   -0.155636
 987   LYS   -0.0151864   -0.402775
SITE:  GLU- 110
  23   GLN   -0.17923   0
  28   TYR   -0.0184744   0.103117
  30   GLU   -0.0184292   0.12824
  61   GLU   -0.021959   0.14383
  76   ASP   0.0218585   0.109271
  84   LYS   -0.00291411   -0.103834
 102   TYR   0.178944   0.429833
 103   ASN   0.513856   0
 104   LEU   0.297814   0
 105   LEU   0.30761   0
 106   ASN   0.456734   0
 107   LEU   0.618154   0
 109   CYX   -0.0884823   0
 111   LEU   -0.516288   0
 112   THR   -0.41773   0
 113   CYX   -0.24093   0
 114   SER   -0.56784   0
 115   PRO   -0.0669962   0
 116   ARG   -0.206346   -0.266011
 117   GLN   -0.169892   0
 120   PHE   0.192024   0
 146   TYR   -0.297719   3.51077
 147   TYR   0.308013   0.177385
 148   VAL   -0.275152   0
 149   GLY   0.0685493   0
 156   MET   -0.198762   0
 191   GLU   0.0275504   0.101245
 208   VAL   0.111185   0
 211   ASP   0.0328118   0.188777
 218   GLU   0.0156872   0.218987
 219   PRO   -0.30892   0
 220   MET   0.191952   0
 221   ASN   -0.77871   0
 222   ASN   0.27389   0
 223   ALA   0.343304   0
 225   LYS   0.0429226   -0.150432
 232   ASP   0.00226598   0.157054
 987   LYS   -0.00461419   -0.144408
SITE:  ARG- 116
  23   GLN   -0.577376   0
 110   GLU   0.00914556   0.266011
 115   PRO   -0.0791825   0
 146   TYR   -0.0081122   0.220266
 218   GLU   0.104927   0.401913
SITE:  GLU- 127
  32   GLY   -0.151426   0
  40   TYR   -0.129439   0.569353
  41   ASN   0.172529   0
  43   GLU   -0.0770782   0.252366
 126   THR   -0.769892   0
 128   ASP   -0.245548   0.413857
 129   TYR   -0.0321404   0.191446
 131   ASP   0.00883284   0.114356
 138   LYS   0.20274   -0.113159
 139   THR   -0.336146   0
 140   ASN   0.340728   0
 142   LYS   -0.466604   -0.758742
 143   GLU   0.0353758   0.232966
 196   LYS   -0.0338252   -0.150147
SITE:  ASP- 128
  43   GLU   -5.62367e-05   0.201629
 127   GLU   -0.40504   0.413857
 129   TYR   -0.101667   0.100744
 131   ASP   -0.0145893   0.145201
 137   THR   -0.755159   0
 138   LYS   0.23175   -0.153522
SITE:  TYR- 129
  30   GLU   -0.0906894   0.257843
  31   CYX   0.386545   0
  32   GLY   -0.100017   0
  33   ILE   0.115423   0
  39   ARG   -0.296884   -0.331091
  40   TYR   0.111768   0.168262
  76   ASP   0.000450385   0.120176
  78   ARG   -0.0391662   -0.11943
 127   GLU   0.068252   0.191446
 128   ASP   -0.0824908   0.100744
 130   VAL   0.418986   0
 131   ASP   -0.188676   0.79834
 132   PRO   -0.200299   0
 136   GLN   0.0770246   0
 138   LYS   0.084478   -0.455395
SITE:  ASP- 131
  28   TYR   0.0414829   0.115861
  30   GLU   -0.0362457   0.18973
  39   ARG   -0.101481   -0.146411
  76   ASP   -0.00319939   0.127992
 127   GLU   0.0433268   0.114356
 128   ASP   -0.176642   0.145201
 129   TYR   0.752908   0.79834
 130   VAL   -0.162747   0
 132   PRO   -0.334172   0
 133   VAL   -0.568024   0
 134   THR   -0.721962   0
 135   ASN   -0.523686   0
 136   GLN   -0.38761   0
 137   THR   -0.195163   0
 138   LYS   0.0313385   -2.41976
SITE:  LYS- 138
  28   TYR   0.0937097   0.211632
  30   GLU   -0.0521619   0.277885
  39   ARG   -0.116987   -0.143771
  43   GLU   0.0229574   0.16418
  44   TYR   0.0269162   0.153063
  76   ASP   -0.0119723   0.210548
 127   GLU   0.075423   0.113159
 128   ASP   -0.198442   0.153522
 129   TYR   0.270176   0.455395
 131   ASP   0.911034   2.41976
 136   GLN   -1.04407   0
 140   ASN   -0.179039   0
SITE:  LYS- 142
  35   TYR   0.0522089   0.148391
  40   TYR   -0.131812   0.895862
 125   ALA   0.176875   0
 127   GLU   0.24049   0.758742
 143   GLU   -0.284976   0.447113
 196   LYS   -0.0606886   -0.28324
SITE:  GLU- 143
  40   TYR   0.00858547   0.29139
  43   GLU   -0.050242   0.118368
 123   VAL   -0.236188   0
 124   THR   -0.49047   0
 127   GLU   0.0978256   0.232966
 142   LYS   0.260452   -0.447113
 144   LEU   0.240585   0
 146   TYR   0.0136348   0.173936
 147   TYR   0.00407622   0.164217
 191   GLU   0.123905   0.286923
 196   LYS   -0.102775   -0.21204
 197   ASP   -0.0817872   0.120051
 203   PHE   -0.238368   0
 204   THR   0.180294   0
 205   ILE   -0.350826   0
 206   THR   -0.176848   0
 207   PRO   0.0143388   0
SITE:  TYR- 146
  23   GLN   -0.180822   0
  30   GLU   -0.0362984   0.148663
  38   LYS   -0.0465534   -0.117174
  61   GLU   -0.0165014   0.103824
  76   ASP   0.00572783   0.107147
 102   TYR   0.112358   0.231059
 103   ASN   0.296436   0
 104   LEU   0.268312   0
 105   LEU   0.229044   0
 107   LEU   0.65356   0
 108   PHE   0.133744   0
 110   GLU   -0.477107   3.51077
 111   LEU   -0.609675   0
 112   THR   -0.2181   0
 113   CYX   -0.163517   0
 114   SER   -0.349254   0
 116   ARG   -0.092579   -0.220266
 117   GLN   -0.0881842   0
 120   PHE   0.692186   0
 121   LEU   -0.137057   0
 143   GLU   -0.0643399   0.173936
 145   GLN   -0.0927598   0
 147   TYR   0.944867   0.378665
 148   VAL   -0.403496   0
 149   GLY   0.178158   0
 152   PHE   0.100779   0
 156   MET   -0.273876   0
 191   GLU   0.0526048   0.187671
 206   THR   0.176656   0
 207   PRO   -0.356388   0
 208   VAL   0.267359   0
 209   PHE   -0.20637   0
 210   SER   0.242409   0
 211   ASP   0.0336452   0.263601
 218   GLU   0.0471078   0.277195
 219   PRO   -0.656389   0
 220   MET   0.698583   0
 221   ASN   -0.439132   0
 222   ASN   0.293927   0
 223   ALA   0.152126   0
SITE:  TYR- 147
  43   GLU   -0.0342896   0.105906
 110   GLU   -0.00102788   0.177385
 117   GLN   0.129724   0
 119   GLN   0.138389   0
 121   LEU   -0.372351   0
 122   ASN   -0.739316   0
 123   VAL   0.114358   0
 143   GLU   -0.0528527   0.164217
 144   LEU   -0.179687   0
 145   GLN   -0.946906   0
 146   TYR   -0.0430185   0.378665
 206   THR   0.242888   0
 208   VAL   0.0499863   0
 210   SER   0.205912   0
 211   ASP   -0.0248694   0.110251
 212   PHE   0.141684   0
 213   PRO   -0.190558   0
 214   VAL   0.53086   0
 215   HIS   0.249214   -1.119
 217   MET   0.308068   0
 218   GLU   0.0401424   0.218294
 219   PRO   -0.0902827   0
SITE:  TYR- 157
 161   ARG   -0.447156   -0.504367
 162   ASP   -0.0421733   0.368386
 164   GLU   -0.0147127   0.109289
 170   ASP   -0.0451607   0.133108
 171   LYS   -0.166146   -0.415002
 173   LEU   -0.196473   0
 179   LYS   0.014182   -0.128607
 180   ASP   0.12054   0.20574
 181   ALA   0.375514   0
 182   ASP   0.104609   0.341751
 183   ALA   -0.142874   0
 184   CYX   1.10252   0
 185   ASN   0.203352   0
 242   ASP   0.0272087   0.13049
SITE:  ARG- 161
 156   MET   0.166652   0
 157   TYR   0.199967   0.504367
 158   ASN   0.206997   0
 162   ASP   -0.415128   0.857871
 164   GLU   -0.00550621   0.126769
 171   LYS   -0.0994261   -0.398533
 182   ASP   0.0464538   0.153208
 228   ASP   0.00115061   0.150531
 242   ASP   0.0639558   0.190732
 244   SER   -0.211061   0
SITE:  ASP- 162
  96   ARG   -0.156893   -0.157379
 156   MET   0.156575   0
 157   TYR   0.227052   0.368386
 158   ASN   0.258912   0
 161   ARG   -0.256906   -0.857871
 163   VAL   -0.0697721   0
 164   GLU   -0.0464387   0.385305
 170   ASP   0.0395088   0.188242
 171   LYS   -0.368203   -1.35246
 182   ASP   0.0089592   0.150159
 228   ASP   -0.00430942   0.157028
 239   SER   0.193911   0
 240   CYX   0.175563   0
 242   ASP   0.150637   0.57092
 243   CYX   -0.438582   0
 244   SER   -1.47544   0
 518   ARG   -0.00438182   -0.140743
SITE:  GLU- 164
  96   ARG   -0.930265   -0.914794
 157   TYR   0.0374516   0.109289
 161   ARG   -0.0206212   -0.126769
 162   ASP   0.0852539   0.385305
 163   VAL   -0.204421   0
 165   ALA   0.735266   0
 166   PRO   -0.0506415   0
 168   SER   0.887024   0
 169   ASN   0.183598   0
 170   ASP   0.436216   0.377901
 171   LYS   -0.13557   -0.426202
 172   ALA   -0.162792   0
 241   GLN   -1.59044   0
 242   ASP   0.172463   1.2328
 420   TYR   0.0226038   0.115752
 487   TYR   -0.00351466   0.183956
 512   HIS   0.0498848   -0.127004
 515   TYR   0.0648979   0.333445
 518   ARG   -0.394716   -1.51866
 525   ASP   0.0545228   0.161485
 550   TYR   -0.0319334   0.143383
 553   GLN   0.164866   0
 555   TYR   -0.0902346   0.320063
 944   ASP   -0.0167522   0.106516
 945   ASP   0.0155007   0.137016
 948   ASP   0.00327365   0.133767
 951   LYS   0.00253972   -0.122267
1013   LYS   -0.0181084   -0.127735
1019   TYR   -0.006624   0.120043
SITE:  ASP- 170
  96   ARG   -0.105306   -0.122739
 157   TYR   0.00437179   0.133108
 162   ASP   0.0272362   0.188242
 163   VAL   0.110043   0
 164   GLU   -0.337244   0.377901
 166   PRO   0.1489   0
 168   SER   -0.472276   0
 169   ASN   -0.303758   0
 171   LYS   0.102416   -0.430403
 174   GLY   -0.184551   0
 180   ASP   -0.203754   0.238613
 182   ASP   -0.0739902   0.21472
 242   ASP   -0.00656544   0.187658
 420   TYR   0.0668286   0.27883
 422   PRO   -0.0963391   0
 425   SER   0.208334   0
 426   GLY   -0.187234   0
 428   ASP   0.020683   0.120168
 510   HIS   0.0218706   -0.101691
 512   HIS   0.0374069   -0.126046
 515   TYR   -0.0159828   0.147215
 518   ARG   -0.11232   -0.202892
 525   ASP   0.0750091   0.201239
 555   TYR   -0.0396077   0.108116
SITE:  LYS- 171
  96   ARG   -0.112465   -0.124383
 157   TYR   0.0547776   0.415002
 161   ARG   0.00366164   -0.398533
 162   ASP   0.53135   1.35246
 163   VAL   0.294654   0
 164   GLU   -0.207884   0.426202
 170   ASP   -0.171232   0.430403
 172   ALA   -0.216014   0
 173   LEU   -0.167501   0
 180   ASP   -0.0780082   0.140207
 182   ASP   -0.012909   0.269875
 242   ASP   -0.0477698   0.334677
 518   ARG   -0.0183803   -0.158187
SITE:  LYS- 179
 157   TYR   -0.035656   0.128607
 180   ASP   -0.00541545   0.635922
 182   ASP   -0.107109   0.116604
 191   GLU   -0.0851774   0.147179
 192   TYR   -0.0341154   0.26234
 197   ASP   -0.00962618   0.141978
SITE:  ASP- 180
 157   TYR   -0.0268316   0.20574
 170   ASP   -0.0833104   0.238613
 171   LYS   0.0366091   -0.140207
 174   GLY   0.00496057   0
 179   LYS   0.101734   -0.635922
 181   ALA   -0.298546   0
 182   ASP   -0.821651   0.490349
 183   ALA   -0.587296   0
 192   TYR   -0.0116696   0.123604
SITE:  ASP- 182
 157   TYR   -0.00984214   0.341751
 161   ARG   -0.00198672   -0.153208
 162   ASP   0.0186546   0.150159
 170   ASP   -0.0927103   0.21472
 171   LYS   -0.0330872   -0.269875
 179   LYS   -0.0224886   -0.116604
 180   ASP   -0.0283423   0.490349
 183   ALA   -0.26313   0
SITE:  GLU- 191
 110   GLU   -0.00808438   0.101245
 143   GLU   0.0222559   0.286923
 146   TYR   0.0241231   0.187671
 179   LYS   -0.0024034   -0.147179
 187   THR   0.287212   0
 190   ILE   0.0483247   0
 192   TYR   -0.25526   0.15321
 193   MET   -0.184962   0
 194   PHE   -0.279366   0
 195   ASN   -0.272166   0
 196   LYS   -0.0235072   -0.10084
 197   ASP   -0.105975   0.17473
 205   ILE   0.237275   0
 206   THR   -0.299278   0
 207   PRO   -0.136966   0
SITE:  TYR- 192
  35   TYR   0.00359929   0.112796
  38   LYS   -0.0192487   -0.127586
 176   LEU   0.173369   0
 178   GLY   -0.0549261   0
 179   LYS   0.0862072   -0.26234
 180   ASP   0.0339226   0.123604
 191   GLU   -0.0560049   0.15321
 196   LYS   0.0390612   -0.138036
 197   ASP   -0.0756323   0.389364
 198   ASN   0.00992257   0
 200   GLN   -0.223498   0
 423   TYR   -0.0310837   0.128132
SITE:  LYS- 196
  30   GLU   -0.0500782   0.102425
  34   ALA   -0.331846   0
  35   TYR   1.37572   2.03257
  37   ASP   -0.040102   0.262613
  38   LYS   -0.200126   -0.490604
  39   ARG   0.0857417   -0.126439
  40   TYR   0.131705   0.762292
  85   ASP   -0.0191751   0.104889
 127   GLU   0.048673   0.150147
 142   LYS   0.0713441   -0.28324
 143   GLU   0.015947   0.21204
 191   GLU   0.053112   0.10084
 192   TYR   0.0785999   0.138036
 195   ASN   0.169359   0
 197   ASP   -0.536382   0.410048
 198   ASN   -0.202356   0
 199   GLY   -0.0984047   0
 201   ALA   0.829822   0
 202   PRO   0.829344   0
 204   THR   0.233264   0
SITE:  ASP- 197
  35   TYR   0.0296128   0.222919
  40   TYR   0.00848995   0.112038
 143   GLU   0.013535   0.120051
 179   LYS   0.014528   -0.141978
 191   GLU   0.0144376   0.17473
 192   TYR   0.00834282   0.389364
 195   ASN   0.204482   0
 196   LYS   0.393406   -0.410048
 198   ASN   -0.412188   0
SITE:  ASP- 211
 110   GLU   0.00735636   0.188777
 146   TYR   0.0151439   0.263601
 147   TYR   -0.0430823   0.110251
 148   VAL   0.0512836   0
 149   GLY   -0.818718   0
 150   GLN   -0.436384   0
 151   SER   -0.763036   0
 152   PHE   -0.194691   0
 210   SER   -0.00883724   0
 218   GLU   -0.181413   0.25403
 219   PRO   -0.116984   0
 221   ASN   -0.158594   0
SITE:  HIS- 215
 122   ASN   -0.17648   0
 147   TYR   0.306782   1.119
 214   VAL   0.106076   0
 216   GLY   -0.278716   0
 217   MET   -0.127628   0
SITE:  GLU- 218
  23   GLN   -0.21266   0
 110   GLU   -0.00362335   0.218987
 116   ARG   0.0159795   -0.401913
 119   GLN   -0.337913   0
 146   TYR   -0.0270005   0.277195
 147   TYR   0.0643414   0.218294
 211   ASP   0.0875899   0.25403
 213   PRO   -0.217342   0
 219   PRO   0.277766   0
 220   MET   0.170701   0
SITE:  LYS- 225
 102   TYR   0.017519   0.516257
 110   GLU   -0.00334555   0.150432
 226   GLY   0.0884589   0
 228   ASP   -0.0571228   0.128922
 229   GLU   0.169484   0.661549
 230   SER   0.211543   0
 231   VAL   0.111574   0
 232   ASP   -0.0078143   0.282773
 233   GLU   -0.0633806   0.140556
 987   LYS   -0.0139674   -0.143648
SITE:  ASP- 228
 161   ARG   0.0114497   -0.150531
 162   ASP   -0.0796161   0.157028
 225   LYS   -0.0448871   -0.128922
 226   GLY   -0.121793   0
 227   CYX   -0.378696   0
 229   GLU   -0.292414   0.388624
 242   ASP   -0.00334861   0.111192
 245   ILE   -0.244894   0
 246   VAL   -0.11033   0
SITE:  GLU- 229
 102   TYR   -0.0249422   0.1641
 225   LYS   -0.260292   -0.661549
 226   GLY   0.194594   0
 228   ASP   -0.371451   0.388624
 230   SER   0.112758   0
 232   ASP   0.00994472   0.142495
SITE:  ASP- 232
  60   GLN   0.261864   0
  61   GLU   0.0391695   0.2115
  64   PRO   -0.0936488   0
  84   LYS   0.00553357   -0.136557
  98   PRO   0.0146796   0
 102   TYR   -0.0314586   0.55145
 110   GLU   -0.0171675   0.157054
 225   LYS   -0.0208246   -0.282773
 229   GLU   -0.00592877   0.142495
 230   SER   -0.307866   0
 231   VAL   -0.205203   0
 233   GLU   -0.681071   0.547287
 234   VAL   -0.474309   0
 235   THR   -0.273907   0
 944   ASP   0.0296831   0.127078
 945   ASP   0.00908278   0.100951
 946   TYR   0.0173287   0.100131
 948   ASP   0.031147   0.219396
 951   LYS   -0.085847   -0.286835
 952   PRO   -0.067488   0
 980   ARG   -0.0691902   -0.124256
 984   PRO   0.14093   0
 985   GLU   0.0409756   0.1219
 987   LYS   -0.112621   -0.737892
 989   ARG   -0.0529903   -0.22717
SITE:  GLU- 233
 102   TYR   -0.0102972   0.148191
 225   LYS   -0.00738461   -0.140556
 232   ASP   -0.262708   0.547287
 234   VAL   -0.302938   0
 912   MET   -0.20233   0
 944   ASP   0.0228476   0.114235
 948   ASP   0.00993407   0.120014
 951   LYS   -0.0500228   -0.123456
 980   ARG   -0.0819981   -0.136212
 984   PRO   0.175356   0
 985   GLU   0.0541262   0.176164
 987   LYS   -0.111507   -0.274915
 988   GLN   -0.700179   0
 989   ARG   0.0725968   -0.435988
SITE:  ASP- 242
  93   PHE   0.252356   0
  94   LEU   0.155943   0
  96   ARG   -0.548176   -1.403
  97   CYX   -0.201633   0
  98   PRO   0.00407983   0
 100   CYX   -0.141744   0
 157   TYR   0.0800044   0.13049
 160   CYX   0.208114   0
 161   ARG   -0.0682075   -0.190732
 162   ASP   -0.22196   0.57092
 163   VAL   -0.919474   0
 164   GLU   -0.509705   1.2328
 165   ALA   0.158001   0
 166   PRO   -0.0334803   0
 168   SER   0.180534   0
 170   ASP   0.1539   0.187658
 171   LYS   -0.152665   -0.334677
 172   ALA   -0.168347   0
 228   ASP   -0.00146509   0.111192
 238   CYX   -0.458905   0
 239   SER   0.440579   0
 241   GLN   -0.458482   0
 487   TYR   -0.00635354   0.134067
 515   TYR   0.0277617   0.299557
 518   ARG   -0.0842389   -0.44289
 525   ASP   0.0344611   0.113064
 550   TYR   -0.0176309   0.10073
 555   TYR   -0.0368803   0.196001
 944   ASP   -0.0253232   0.191503
 945   ASP   0.0231176   0.210052
 948   ASP   0.014535   0.254363
 951   LYS   -0.00305747   -0.246659
1013   LYS   -0.0313111   -0.168732
1019   TYR   -0.0177302   0.164506
SITE:  LYS- 250
 251   PRO   0.0271511   0
 252   GLN   0.265454   0
 550   TYR   -0.0132232   0.100178
 552   ASP   -0.0013378   0.136238
 930   ASP   -0.0427148   0.189372
SITE:  ASP- 266
 259   PRO   -0.204988   0
 260   TRP   -0.2056   0
 261   THR   -0.43971   0
 267   ALA   -0.371706   0
 268   MET   -1.07192   0
 269   TYR   -0.2709   0.543753
 270   VAL   -0.174322   0
 851   ALA   0.450446   0
 854   ASN   0.353932   0
 855   LYS   -0.221683   -2.30892
 857   ASP   0.0100233   0.130139
SITE:  TYR- 269
 266   ASP   -0.201948   0.543753
 855   LYS   -0.0140317   -0.744774
 857   ASP   0.00706248   0.10457
SITE:  TYR- 276
 279   PHE   -0.254076   0
 280   LEU   -0.198916   0
 836   PRO   0.179134   0
 837   ILE   0.2044   0
 839   ILE   0.133416   0
 840   ALA   1.53223   0
 841   ILE   0.345091   0
 843   VAL   -0.375036   0
 844   GLY   -0.601484   0
 847   SER   -0.192798   0
1239   HID   0.0158724   -0.185995
1250   TYR   -0.0518358   0.134066
SITE:  CYS- 292
 288   PHE   0.923188   0
 289   ALA   0.281482   0
 293   TYR   -0.18817   0.0800017
 295   LYS   -0.253328   -0.310861
 296   ARG   -0.167979   -0.218334
SITE:  TYR- 293
 294   ARG   -0.0651533   -0.116376
 296   ARG   -0.166041   -0.104335
 297   TYR   -0.0045448   0.536068
SITE:  ARG- 294
 293   TYR   0.0339466   0.116376
 295   LYS   -0.141059   -0.11682
 301   GLU   0.0175118   0.132918
 302   TYR   -0.0202926   0.114603
 832   ASP   0.0857485   0.465286
 835   ARG   -0.0827547   -0.316944
1180   LYS   -0.0017692   -0.103666
1183   ARG   -0.127643   -0.1337
1185   GLU   0.006001   0.233195
1186   ARG   -0.00877765   -0.118643
1188   GLU   -0.0176999   0.142094
1250   TYR   0.0675829   0.237497
SITE:  LYS- 295
 291   TRP   0.278118   0
 292   CYS   0.185305   0.310861
 294   ARG   0.0934963   -0.11682
 296   ARG   0.0822381   -0.313542
 302   TYR   -0.0510199   0.163613
SITE:  ARG- 296
 292   CYS   -0.0948586   0.218334
 293   TYR   0.0246622   0.104335
 295   LYS   0.506906   -0.313542
SITE:  TYR- 297
 293   TYR   0.142269   0.536068
 301   GLU   -0.0021253   0.181642
SITE:  GLU- 301
 294   ARG   0.0755418   -0.132918
 297   TYR   0.0892626   0.181642
 300   SER   -0.216286   0
 302   TYR   -0.171741   0.125794
SITE:  TYR- 302
 294   ARG   0.0153833   -0.114603
 295   LYS   0.0547739   -0.163613
 298   PHE   0.114852   0
 301   GLU   -0.0732452   0.125794
SITE:  ASP- 306
 305   ILE   -0.192687   0
 307   SER   0.266846   0
SITE:  ASP- 317
 318   LYS   -0.266383   -0.171016
 325   ASP   0.0189625   0.147129
1183   ARG   0.0480486   -0.23444
1186   ARG   0.00828577   -0.227818
1257   LYS   -0.0230907   -0.641361
1261   CYS   -0.00203414   0.128066
SITE:  LYS- 318
 317   ASP   -0.0830525   0.171016
 320   GLU   -0.0137647   0.116351
1257   LYS   -0.0130764   -0.14674
SITE:  GLU- 320
 318   LYS   0.0851731   -0.116351
 323   CYS   -0.0458324   0.131133
 325   ASP   -0.0208934   0.152545
1257   LYS   -0.0177617   -0.187177
SITE:  CYS- 323
 320   GLU   -0.025102   0.131133
 322   SER   0.235866   0
 324   CYS   -0.213184   0.536372
 325   ASP   -0.139571   0.239683
 326   PRO   -0.105845   0
1119   CYS   -0.00188342   0.166258
1120   GLU   -0.00907637   0.124416
SITE:  CYS- 324
 322   SER   0.235682   0
 323   CYS   0.0499338   0.536372
 325   ASP   -0.281254   0.61097
 326   PRO   -0.0506577   0
 327   VAL   -0.276846   0
 328   SER   -0.230462   0
 332   GLU   -0.0210476   0.127646
1119   CYS   -0.143939   0.675426
1120   GLU   -0.00924887   0.476552
1173   ARG   -0.0130084   -0.116003
1186   ARG   0.00502707   -0.104138
1259   LYS   -0.038859   -0.259848
SITE:  ASP- 325
 317   ASP   0.0514296   0.147129
 320   GLU   0.0822378   0.152545
 321   ALA   -0.846562   0
 322   SER   0.248252   0
 323   CYS   -0.024338   0.239683
 324   CYS   -0.311514   0.61097
 326   PRO   -0.21904   0
 327   VAL   -0.210232   0
 328   SER   -0.265026   0
 329   ALA   -0.178522   0
 332   GLU   -0.0377385   0.276824
1119   CYS   -0.227376   0.29472
1120   GLU   0.070505   0.965386
1173   ARG   0.00110871   -0.209285
1183   ARG   0.0708614   -0.201526
1186   ARG   -0.0148772   -0.312785
1253   PRO   -0.14689   0
1254   SER   0.214232   0
1255   VAL   0.118436   0
1256   ASN   0.0582404   0
1257   LYS   -0.182929   -0.403557
1258   ALA   -0.396603   0
1259   LYS   -0.17808   -0.602056
1261   CYS   -0.0607219   0.202946
SITE:  GLU- 332
 324   CYS   0.0455016   0.127646
 325   ASP   0.119107   0.276824
 326   PRO   0.106624   0
 327   VAL   0.113551   0
 328   SER   0.593909   0
 329   ALA   0.279313   0
 331   PHE   -0.176211   0
 333   GLY   -0.223124   0
 334   CYS   -0.171628   0.2914
 335   LEU   -0.311896   0
 336   ARG   -0.787064   -0.723292
 337   ARG   0.0066244   -0.25263
 700   ASP   0.044611   0.239749
 711   ARG   -0.0620462   -0.347839
 712   ASP   -0.0272442   0.278095
 726   ARG   0.0876749   -0.28806
 727   VAL   0.126454   0
 728   LEU   0.120229   0
 729   GLY   0.264242   0
 730   GLU   0.209283   0.96521
 731   VAL   0.103798   0
 733   PRO   -0.260254   0
 742   GLU   -0.0209663   0.194163
 771   ASP   0.00182899   0.107105
1113   THR   0.16966   0
1116   LEU   0.475247   0
1117   LEU   0.302468   0
1118   GLY   0.0156642   0
1119   CYS   -0.121321   0.251484
1120   GLU   0.127876   0.960787
1123   SER   -0.163056   0
1128   CYS   -0.00577067   0.151093
1166   GLU   0.0211138   0.19574
1168   CYS   0.0333153   0.302163
1169   SER   0.182828   0
1170   HID   0.15975   -0.480407
1173   ARG   0.295642   -1.88869
1176   THR   -0.196464   0
1177   VAL   -0.0577595   0
1180   LYS   0.0140575   -0.121941
1186   ARG   -0.0891969   -0.321684
1189   GLU   -0.0108217   0.365578
1193   HIS   0.0149076   -0.400927
1206   LYS   -0.00694226   -0.120824
1253   PRO   -0.0232844   0
1254   SER   0.157489   0
1256   ASN   -0.187043   0
1257   LYS   0.04379   -0.100371
1259   LYS   0.0192399   -2.91619
1261   CYS   -0.0248254   0.165209
1264   GLU   -0.0521699   0.144558
1265   GLU   -0.032692   0.143616
1266   ARG   -0.289817   -0.494557
1267   TYR   -0.0885196   0.724946
1272   ARG   -0.0426237   -0.329232
SITE:  CYS- 334
 330   ALA   0.351856   0
 331   PHE   0.518111   0
 332   GLU   0.116843   0.2914
 333   GLY   0.099596   0
 335   LEU   -0.187856   0
 336   ARG   -0.0679573   -0.251049
 337   ARG   -0.0618282   -0.818416
 338   LEU   -0.26533   0
 341   ARG   -0.162794   -0.143654
 730   GLU   0.00599608   0.10422
1119   CYS   -0.0176924   0.109969
1120   GLU   0.00358516   0.103232
1173   ARG   0.0121025   -0.184256
1259   LYS   0.00213991   -0.17773
1266   ARG   0.0085259   -0.127932
SITE:  ARG- 336
 329   ALA   0.161562   0
 332   GLU   -0.110561   0.723292
 333   GLY   0.157734   0
 334   CYS   0.180481   0.251049
 337   ARG   -0.253254   -0.528054
 339   PHE   -0.235076   0
 341   ARG   -0.0793731   -0.126314
 711   ARG   -0.0411928   -0.178167
 712   ASP   -0.00975146   0.197697
 718   GLU   0.016058   0.168684
 725   GLY   0.111423   0
 726   ARG   0.0644725   -0.289869
 729   GLY   0.0496097   0
 730   GLU   -0.00778968   0.526091
 733   PRO   -0.108066   0
1120   GLU   0.0288362   0.185988
1170   HID   0.0492226   -0.170864
1173   ARG   0.11524   -0.42382
1189   GLU   -0.00381829   0.17328
1193   HIS   0.0227475   -0.197701
1259   LYS   0.053964   -0.409398
1261   CYS   -0.00341765   0.133064
1262   ALA   0.146819   0
1264   GLU   -0.0105662   0.124673
1265   GLU   -0.048615   0.251885
1266   ARG   0.188206   -1.37037
1267   TYR   -0.0234668   0.494426
1272   ARG   -0.0697742   -0.206404
SITE:  ARG- 337
 330   ALA   0.148689   0
 332   GLU   0.0777288   0.25263
 333   GLY   0.489934   0
 334   CYS   0.362387   0.818416
 335   LEU   0.162311   0
 336   ARG   0.144923   -0.528054
 338   LEU   -0.293454   0
 341   ARG   -0.283978   -0.252307
 726   ARG   0.0188287   -0.105326
 729   GLY   0.0104948   0
 730   GLU   -0.00409621   0.145187
1173   ARG   0.0299764   -0.148514
1259   LYS   0.0114148   -0.137969
1265   GLU   0.00314158   0.103248
1266   ARG   0.0944626   -0.311027
1267   TYR   -0.00201869   0.120891
SITE:  ARG- 341
 334   CYS   0.093923   0.143654
 336   ARG   0.0721937   -0.126314
 337   ARG   0.0226771   -0.252307
 340   THR   -0.0839752   0
 342   TRP   -0.166899   0
 346   CYS   -0.0598594   0.157192
 348   ARG   -0.0432996   -0.189906
1266   ARG   0.0621188   -0.152851
SITE:  CYS- 346
 339   PHE   0.18604   0
 340   THR   0.137856   0
 341   ARG   0.124141   -0.157192
 342   TRP   0.897152   0
 343   GLY   0.678776   0
 345   PHE   -0.197004   0
 347   VAL   -0.270332   0
 348   ARG   -0.353916   -0.270447
 349   ASN   -0.245435   0
 350   PRO   0.169632   0
 352   CYS   -0.213898   0.297424
 353   VAL   -0.475634   0
 653   LYS   0.0137664   -0.174933
 670   CYS   -0.0144194   0.113243
 700   ASP   0.0198362   0.1874
 709   TYR   -0.034965   0.156371
 712   ASP   -0.00630218   0.12106
 721   ASP   0.0025439   0.313985
 725   GLY   0.0512484   0
 726   ARG   0.0275723   -0.131225
 730   GLU   -0.0295201   0.132027
 742   GLU   -0.00389309   0.144123
 771   ASP   0.0993914   0.256424
 773   LEU   0.21686   0
 774   LEU   0.21126   0
 775   GLN   0.243908   0
 776   ILE   0.410869   0
 777   THR   1.29383   0
 778   CYS   0.26471   0.80934
 780   VAL   -0.490872   0
 783   LEU   -0.192452   0
 784   GLY   -0.210424   0
 786   ASP   -0.101803   0.211249
 788   LYS   -0.0458632   -0.305741
1166   GLU   -0.00522469   0.120124
1170   HID   0.00122277   -0.15467
1173   ARG   0.0148363   -0.113156
SITE:  ARG- 348
 341   ARG   0.156109   -0.189906
 344   SER   0.224336   0
 345   PHE   0.162928   0
 346   CYS   0.0416148   0.270447
 347   VAL   -0.0768764   0
 349   ASN   -0.178881   0
 718   GLU   -0.0460271   0.117865
 721   ASP   -0.134019   0.516482
 788   LYS   -0.014987   -0.305464
SITE:  CYS- 352
 346   CYS   0.102941   0.297424
 349   ASN   0.453184   0
 350   PRO   0.0440095   0
 351   GLY   0.00651891   0
 353   VAL   -0.251038   0
 355   PHE   -0.203706   0
 778   CYS   0.0361269   0.151414
 788   LYS   -0.00532858   -0.102434
SITE:  CYS- 364
 357   SER   0.178839   0
 358   LEU   0.14809   0
 359   VAL   0.133068   0
 360   PHE   1.38561   0
 361   ILE   0.560503   0
 363   ALA   -0.239771   0
 365   SER   -0.275914   0
 366   SER   -0.255816   0
 367   GLY   -0.166725   0
 666   SER   0.0822208   0
 667   SER   0.192932   0
 668   VAL   0.109174   0
 670   CYS   0.593426   2.24242
 673   GLY   -0.239724   0
 674   VAL   -0.211077   0
 677   TYR   -0.185353   0.197606
 771   ASP   -0.0122337   0.236628
 778   CYS   -0.0234982   0.150547
SITE:  ARG- 372
 367   GLY   0.157405   0
 370   PHE   0.94409   0
 371   VAL   -0.0654952   0
 379   ASP   0.0108829   0.132495
 676   SER   0.44897   0
 679   GLY   -0.176136   0
 680   LEU   0.185582   0
SITE:  ASP- 379
 372   ARG   -0.0609105   -0.132495
 374   THR   -0.252936   0
 376   ASN   0.339176   0
 377   PRO   0.127263   0
 378   VAL   0.0746223   0
 380   LEU   -0.224422   0
 381   TRP   -0.150519   0
 382   SER   0.120983   0
 384   PRO   -0.0136804   0
 389   ARG   -0.233292   -0.919436
 392   LYS   -0.0363661   -0.324154
 393   GLU   0.0147721   0.272857
 396   ASP   -0.009054   0.229149
 404   ARG   0.0204758   -0.19818
 571   TYR   -0.0331531   0.1214
 584   GLU   0.0132751   0.113803
 606   GLU   0.0130953   0.201509
 610   GLU   -0.0130418   0.222275
 681   PRO   0.0253275   0
 755   PRO   -0.149146   0
 758   HIS   -0.0522252   -0.200188
1081   TYR   -0.0020103   0.213139
1088   TYR   0.0125262   0.156885
1089   GLU   -0.0558414   0.109683
1091   TYR   -0.0179021   0.156723
1225   TYR   -0.0189492   0.177333
SITE:  ARG- 389
 377   PRO   0.0920043   0
 378   VAL   0.550528   0
 379   ASP   0.101264   0.919436
 381   TRP   -0.164258   0
 382   SER   0.835148   0
 383   ALA   1.17757   0
 384   PRO   0.131946   0
 387   GLN   0.190182   0
 391   GLU   -0.22265   0.295176
 392   LYS   -0.262972   -0.587156
 393   GLU   -0.150936   0.573189
 396   ASP   -0.0644528   0.369062
 404   ARG   0.0177732   -0.189817
 571   TYR   -0.0404264   0.159889
 584   GLU   0.012755   0.10694
 606   GLU   0.0157846   0.222484
 610   GLU   -0.00986824   0.152454
 755   PRO   -0.159243   0
 758   HIS   -0.0321218   -0.186536
 875   TYR   -0.016958   0.109488
 890   TYR   0.00112159   0.113973
1042   HID   -0.00137349   -0.118524
1059   ARG   0.123568   -0.269096
1077   ARG   0.0236998   -0.10661
1081   TYR   -0.0310326   0.386696
1085   TYR   -0.0122254   0.198004
1086   VAL   0.00479797   0
1088   TYR   -0.0402237   0.191411
1089   GLU   -0.224298   0.3413
1091   TYR   -0.0377688   0.208357
1097   ASP   3.37954e-05   0.157624
1225   TYR   -0.0120327   0.142536
SITE:  GLU- 391
 386   SER   0.262936   0
 387   GLN   1.67601   0
 388   ALA   0.25869   0
 389   ARG   0.106433   -0.295176
 392   LYS   -0.146347   -0.417868
 393   GLU   -0.2049   0.316739
 394   TYR   -0.372354   0.435635
 395   PHE   -0.22891   0
 396   ASP   -0.130072   0.304876
 398   HIS   -0.0624692   -0.264486
 606   GLU   0.0186824   0.113338
 890   TYR   0.107377   0.216412
 892   VAL   0.0747372   0
 894   GLU   -0.144668   0.680062
 895   GLU   0.0081821   0.145715
 897   HIS   0.000299362   -0.11673
 899   TYR   -0.0141205   0.206042
1037   TYR   -0.036818   0.156873
1042   HID   -0.0106396   -0.280857
1056   LYS   0.0541516   -0.105857
1059   ARG   0.479742   -1.20231
1076   TYR   -0.124918   0.12859
1077   ARG   -0.0307482   -2.00406
1079   PHE   0.186857   0
1080   PRO   0.359896   0
1081   TYR   -0.113108   0.51093
1082   SER   0.090277   0
1085   TYR   -0.137396   0.564891
1088   TYR   -0.052183   0.111215
1089   GLU   -0.188253   0.431933
1091   TYR   -0.0457084   0.103544
SITE:  LYS- 392
 377   PRO   -0.0559624   0
 378   VAL   -0.129585   0
 379   ASP   -0.0820692   0.324154
 387   GLN   0.16553   0
 388   ALA   0.234736   0
 389   ARG   0.113944   -0.587156
 390   LEU   0.122473   0
 391   GLU   -0.159724   0.417868
 393   GLU   -0.32559   0.914711
 394   TYR   -0.105698   0.141958
 395   PHE   -0.316775   0
 396   ASP   0.29383   2.49574
 398   HIS   -0.0587814   -0.199474
 401   PRO   -0.412091   0
 404   ARG   0.0267487   -0.546478
 406   GLU   0.0207956   0.233412
 569   ASN   -0.243332   0
 570   TYR   0.179061   0.115512
 571   TYR   -0.131716   0.291659
 573   ASP   0.0313454   0.139148
 581   GLN   -0.144729   0
 584   GLU   0.0275738   0.283187
 606   GLU   0.0485841   0.64002
 607   ARG   -0.0443343   -0.142576
 610   GLU   -0.0231237   0.294534
 871   TYR   -0.0193106   0.115749
 875   TYR   -0.0310969   0.262178
 888   PRO   0.077184   0
 890   TYR   -0.0215615   0.35172
 894   GLU   -0.030309   0.102801
1037   TYR   0.00114158   0.213728
1041   TYR   -0.027993   0.182266
1042   HID   -0.00152966   -0.22885
1059   ARG   0.112597   -0.253184
1077   ARG   0.0285036   -0.128273
1080   PRO   0.0582913   0
1081   TYR   0.0970724   1.48166
1083   VAL   0.201589   0
1085   TYR   -0.0971829   0.319253
1086   VAL   -0.172543   0
1088   TYR   -0.0312611   0.24132
1089   GLU   -0.132839   0.195764
1091   TYR   -0.0370358   0.169538
1225   TYR   -0.0134413   0.106629
SITE:  GLU- 393
 379   ASP   0.0119374   0.272857
 384   PRO   0.147997   0
 387   GLN   0.172313   0
 389   ARG   0.303947   -0.573189
 390   LEU   0.301682   0
 391   GLU   -0.015599   0.316739
 392   LYS   0.282144   -0.914711
 394   TYR   -0.226752   0.180997
 395   PHE   -0.153836   0
 396   ASP   -0.476616   0.788627
 397   GLN   -0.32295   0
 398   HIS   -0.059561   -0.249752
 404   ARG   0.020116   -0.177627
 571   TYR   -0.00339523   0.502363
 606   GLU   0.0116548   0.177963
 610   GLU   -0.00862751   0.11002
 890   TYR   0.0037028   0.126805
 894   GLU   -0.0346228   0.125871
1059   ARG   0.0516161   -0.147124
1077   ARG   0.0142726   -0.110755
1081   TYR   -0.00764223   0.380661
1085   TYR   -0.035785   0.131626
1089   GLU   -0.0711102   0.113511
SITE:  TYR- 394
 391   GLU   0.204958   0.435635
 392   LYS   0.0884336   -0.141958
 393   GLU   -0.0222006   0.180997
 396   ASP   -0.10189   0.21592
 397   GLN   -0.0696297   0
 398   HIS   0.321885   -1.55672
 571   TYR   0.00284604   0.117101
 890   TYR   0.0179611   0.154066
 892   VAL   -0.117234   0
 893   LEU   0.290904   0
 894   GLU   -1.23674   0.973511
 895   GLU   -0.968651   0.827795
 897   HIS   0.0531354   -0.241209
 898   ASP   0.0038351   0.110112
 899   TYR   -0.0229564   0.544017
1024   ASN   -0.25535   0
1032   ARG   0.0281359   -0.27082
1034   GLY   -0.162205   0
1035   ALA   -0.551698   0
1036   THR   0.143051   0
1037   TYR   0.0101377   0.199323
1059   ARG   0.0571768   -0.14358
1076   TYR   -0.13819   0.220381
1077   ARG   0.129377   -0.287173
1081   TYR   -0.00534474   0.17529
1085   TYR   -0.0110039   0.135794
SITE:  ASP- 396
 379   ASP   -0.0399704   0.229149
 389   ARG   0.0701927   -0.369062
 391   GLU   0.120943   0.304876
 392   LYS   0.773302   -2.49574
 393   GLU   0.434072   0.788627
 394   TYR   0.0547174   0.21592
 395   PHE   -0.286706   0
 397   GLN   -0.411832   0
 398   HIS   -0.181569   -0.415547
 399   PHE   -0.315766   0
 400   GLY   -0.185014   0
 401   PRO   -0.60922   0
 404   ARG   0.0226209   -0.42317
 406   GLU   0.0207714   0.191928
 569   ASN   -0.195292   0
 570   TYR   0.131591   0.153973
 571   TYR   -0.178206   0.473583
 573   ASP   0.0246922   0.161228
 584   GLU   0.0192993   0.219685
 606   GLU   0.0421913   0.451686
 607   ARG   -0.0316946   -0.105254
 610   GLU   -0.0299718   0.206116
 875   TYR   -0.018446   0.186416
 888   PRO   0.0462988   0
 890   TYR   -0.00784893   0.432462
 894   GLU   -0.041453   0.11625
 899   TYR   0.00124043   0.105114
1037   TYR   0.0205759   0.307938
1041   TYR   -0.0147735   0.187716
1042   HID   0.00173779   -0.186385
1059   ARG   0.0665386   -0.182584
1077   ARG   0.0261873   -0.111211
1081   TYR   0.0449799   1.22625
1083   VAL   0.0954903   0
1085   TYR   -0.0631729   0.257638
1088   TYR   -0.0166013   0.16124
1089   GLU   -0.084566   0.124167
1091   TYR   -0.0248592   0.108021
SITE:  HIS- 398
 391   GLU   0.174246   0.264486
 392   LYS   0.174754   -0.199474
 393   GLU   0.24234   0.249752
 394   TYR   1.75303   1.55672
 395   PHE   0.411896   0
 396   ASP   -0.28571   0.415547
 397   GLN   -0.36149   0
 399   PHE   -0.205279   0
 571   TYR   0.0145455   0.227143
 890   TYR   0.0128635   0.187025
 894   GLU   -0.178025   0.323376
 895   GLU   -0.210884   0.37463
 897   HIS   0.0268809   -0.110552
 899   TYR   0.00193183   0.273941
1024   ASN   -0.327112   0
1032   ARG   0.0693465   -0.192405
1034   GLY   -0.151095   0
1037   TYR   0.00794094   0.230803
1077   ARG   0.0498763   -0.146112
1081   TYR   -0.00355497   0.208908
1085   TYR   -0.0162948   0.108529
SITE:  ARG- 404
 376   ASN   0.105496   0
 377   PRO   -0.11102   0
 379   ASP   -0.0850041   0.19818
 389   ARG   -0.00309156   -0.189817
 392   LYS   0.0169046   -0.546478
 393   GLU   0.0444734   0.177627
 396   ASP   0.0843818   0.42317
 401   PRO   -0.124543   0
 402   PHE   0.20719   0
 403   PHE   -0.171252   0
 406   GLU   0.151753   0.920688
 457   TYR   0.0278026   0.159553
 466   ASP   0.00125223   0.221157
 467   ILE   0.0517302   0
 566   PRO   -0.116785   0
 567   VAL   -0.127497   0
 568   ASN   0.440551   0
 569   ASN   0.0236189   0
 570   TYR   -0.0643729   0.385288
 571   TYR   -0.0323604   0.105011
 573   ASP   0.0813112   0.23389
 574   THR   0.25732   0
 575   GLU   0.14718   0.203185
 576   LYS   0.186434   -0.235613
 577   LEU   0.364238   0
 579   ARG   -0.160496   -0.225843
 580   ALA   -0.452706   0
 581   GLN   -1.34351   0
 584   GLU   0.481962   2.05632
 585   LYS   -0.014586   -0.152754
 586   GLU   -0.0908746   0.107416
 592   LYS   -0.0110012   -0.100548
 605   ALA   -0.160103   0
 606   GLU   -0.732604   1.26679
 607   ARG   -0.348001   -0.488069
 610   GLU   -0.0749423   0.594093
 611   ASP   -0.129864   0.237328
 612   GLU   -0.0884136   0.174984
 871   TYR   -0.0397632   0.261773
 875   TYR   -0.0332744   0.386758
 888   PRO   0.0293402   0
 890   TYR   -0.032735   0.306461
1037   TYR   0.00141464   0.185121
1041   TYR   -0.0476862   0.242625
1042   HID   0.00783477   -0.158079
1081   TYR   -0.010836   0.534528
1085   TYR   -0.0260012   0.16094
1088   TYR   0.00472383   0.237047
1091   TYR   -0.0270006   0.146113
1225   TYR   -0.0160453   0.105393
SITE:  GLU- 406
 392   LYS   0.00240864   -0.233412
 396   ASP   0.0310658   0.191928
 403   PHE   -0.215104   0
 404   ARG   -1.17444   -0.920688
 405   THR   -0.75588   0
 407   GLN   0.161634   0
 408   LEU   0.110988   0
 411   ARG   0.011859   -0.128024
 447   GLN   0.175749   0
 450   ILE   0.0532309   0
 451   GLU   -0.0586406   0.334342
 453   ILE   0.0830223   0
 464   LEU   0.122129   0
 466   ASP   -0.089087   0.298667
 467   ILE   -0.0953358   0
 468   CYX   -0.242995   0
 469   LEU   0.113048   0
 480   THR   0.204076   0
 487   TYR   -0.0152504   0.174722
 550   TYR   0.0108319   0.108005
 563   ILE   0.0583293   0
 564   THR   -0.547906   0
 565   PHE   0.97876   0
 566   PRO   -0.0228922   0
 567   VAL   -0.198349   0
 568   ASN   0.258428   0
 570   TYR   -0.0687519   0.290364
 573   ASP   0.0229432   0.107637
 575   GLU   0.110309   0.125509
 576   LYS   0.139061   -0.150839
 577   LEU   0.168691   0
 579   ARG   -0.0253774   -0.187232
 580   ALA   0.227818   0
 581   GLN   -0.0280803   0
 584   GLU   -1.02055   2.82995
 585   LYS   0.125237   -0.220395
 586   GLU   -0.219938   0.255152
 587   PHE   -0.100695   0
 588   ILE   -0.114571   0
 590   PHE   -0.160648   0
 591   VAL   -0.178975   0
 592   LYS   -0.0274135   -0.227323
 594   TYR   -0.0220661   0.129013
 603   PHE   -0.259755   0
 604   THR   0.340798   0
 605   ALA   -0.952069   0
 606   GLU   -1.14008   1.0188
 607   ARG   -0.213122   -0.584143
 608   SER   -0.236152   0
 610   GLU   -0.0719862   0.249782
 611   ASP   -0.141324   0.264857
 612   GLU   -0.105989   0.239861
 615   ARG   -0.0170652   -0.105828
 871   TYR   -0.0724841   0.589719
 874   ASP   -0.0271128   0.117864
 875   TYR   0.0506903   0.824401
 884   HIS   -0.0427628   -0.123422
 886   GLY   0.0518041   0
 887   PRO   -0.0692559   0
 888   PRO   0.00619484   0
 890   TYR   -0.0240286   0.334475
1013   LYS   0.00961907   -0.104646
1019   TYR   0.00599228   0.102607
1037   TYR   -0.00655323   0.216649
1041   TYR   -0.104967   0.424314
1042   HID   0.0265768   -0.18747
1081   TYR   -0.00540094   0.321574
1085   TYR   -0.0183548   0.158817
1088   TYR   0.0023435   0.219556
1091   TYR   -0.0244966   0.118795
SITE:  ARG- 411
 406   GLU   -0.0274712   0.128024
 409   ILE   0.166965   0
 410   ILE   0.140082   0
 413   PRO   -0.0364142   0
 434   PRO   -0.0606817   0
 487   TYR   -0.0133741   0.103333
 550   TYR   0.0243484   0.118371
 559   THR   0.154635   0
 560   ALA   -0.263137   0
 561   LEU   0.12364   0
 594   TYR   0.00161724   0.1
 599   LEU   -0.175828   0
 600   THR   0.797128   0
 602   SER   -0.161974   0
 871   TYR   0.0649985   0.139218
 874   ASP   0.474518   0.845212
 875   TYR   0.178851   0.299061
 877   LYS   -0.111297   -0.465849
 878   SER   -0.592544   0
 881   GLN   0.235428   0
 882   TYR   0.206907   1.45477
 884   HIS   -0.0154549   -0.187396
SITE:  ASP- 416
 415   THR   0.0765323   0
 417   LYS   -0.0260584   -0.338087
 418   HIS   0.0174829   -0.302362
 433   PRO   0.0388313   0
 436   ASP   -0.0302396   0.356539
 509   TYR   -0.0131251   0.153603
 510   HIS   -0.0109918   -0.107717
SITE:  LYS- 417
 416   ASP   -0.28918   0.338087
 418   HIS   0.090844   -0.272837
 436   ASP   -0.0191971   0.120765
 551   ASP   0.0304646   0.183167
 882   TYR   -0.00722985   0.107202
SITE:  HIS- 418
 416   ASP   0.288308   0.302362
 417   LYS   -0.0937816   -0.272837
 419   ILE   -0.28342   0
 420   TYR   0.132577   0.345446
 421   GLN   0.305791   0
 428   ASP   -0.136214   0.163966
 429   VAL   0.342648   0
 430   PRO   -0.22019   0
 432   GLY   0.456002   0
 433   PRO   0.286111   0
 434   PRO   -5.44393e-05   0
 435   LEU   0.321904   0
 436   ASP   -0.323388   0.861534
 441   HIS   -0.017256   -0.157168
 487   TYR   -0.0287658   0.144177
 496   ASP   0.0375314   0.14204
 498   LYS   -0.0440443   -0.122771
 508   ASP   -0.043277   0.402888
 509   TYR   -0.116008   1.30726
 510   HIS   -0.183488   -0.954561
 512   HIS   -0.0377014   -0.16951
 525   ASP   0.0150143   0.112377
SITE:  TYR- 420
 164   GLU   -0.026943   0.115752
 166   PRO   0.0935062   0
 167   SER   0.056401   0
 170   ASP   0.0265728   0.27883
 418   HIS   0.000747596   -0.345446
 421   GLN   0.390286   0
 422   PRO   -0.654176   0
 423   TYR   -0.463191   0.167936
 424   PRO   -0.159855   0
 425   SER   0.127154   0
 427   ALA   0.163921   0
 428   ASP   -0.120874   0.199979
 429   VAL   0.0707052   0
 436   ASP   -0.0139069   0.132877
 487   TYR   0.00404649   0.161519
 496   ASP   0.015884   0.112923
 497   HIS   0.114154   -0.223201
 498   LYS   -0.116484   -0.139388
 499   LYS   -0.0569598   -0.100971
 504   PHE   -0.174838   0
 505   VAL   0.301904   0
 506   TYR   0.47836   0.125253
 507   ALA   -0.350948   0
 508   ASP   -0.339005   0.897215
 509   TYR   0.046598   0.368511
 510   HIS   -0.208034   -1.07995
 511   THR   0.305332   0
 512   HIS   -0.0221971   -0.394383
 514   LEU   -0.167015   0
 515   TYR   -0.0836467   0.165442
 518   ARG   -0.125089   -0.131299
 525   ASP   0.132966   0.484629
 530   HIS   -0.0785232   -0.113849
 531   ASP   0.00567129   0.118514
SITE:  TYR- 423
 192   TYR   0.0073155   0.128132
 420   TYR   -0.00898455   0.167936
 424   PRO   -0.161148   0
 501   ASP   -0.0601876   0.166991
 506   TYR   -0.184047   0.53848
SITE:  ASP- 428
 170   ASP   0.00727827   0.120168
 418   HIS   0.0308155   -0.163966
 419   ILE   -0.2314   0
 420   TYR   0.392008   0.199979
 421   GLN   -0.256064   0
 422   PRO   0.0620601   0
 426   GLY   0.0996232   0
 430   PRO   0.0417394   0
 510   HIS   -0.00363012   -0.125857
SITE:  ASP- 436
 415   THR   -0.604124   0
 416   ASP   0.392629   0.356539
 417   LYS   -0.130334   -0.120765
 418   HIS   -0.129972   -0.861534
 420   TYR   -0.0147059   0.132877
 432   GLY   0.395855   0
 433   PRO   0.694529   0
 434   PRO   0.138712   0
 437   ILE   -0.342821   0
 438   GLN   -0.624956   0
 439   ILE   -0.645986   0
 440   LEU   -0.324682   0
 441   HIS   -0.0619202   -0.283148
 487   TYR   -0.0320511   0.132443
 496   ASP   0.0208955   0.163725
 498   LYS   -0.0214391   -0.106954
 508   ASP   -0.01564   0.256586
 509   TYR   -0.194447   1.1515
 510   HIS   -0.0392332   -0.428257
 512   HIS   -0.0319464   -0.134802
SITE:  HIS- 441
 418   HIS   -0.00808655   -0.157168
 434   PRO   0.108659   0
 436   ASP   0.146763   0.283148
 437   ILE   0.653024   0
 438   GLN   0.138108   0
 439   ILE   0.121846   0
 440   LEU   0.0105916   0
 442   GLN   -0.341713   0
 443   VAL   -0.212322   0
 444   LEU   -0.42617   0
 445   ASP   -0.123078   0.503804
 447   GLN   -0.190613   0
 451   GLU   -0.0163363   0.115239
 487   TYR   -0.0421747   0.136548
 491   SER   0.11276   0
 492   HIS   0.687225   -1.51453
 495   LEU   -0.43882   0
 496   ASP   0.236994   1.13591
 497   HIS   0.0816574   -0.20469
 498   LYS   0.00153916   -0.238599
 508   ASP   -0.00454765   0.252435
 509   TYR   -0.0254239   0.471382
 510   HIS   0.0021395   -0.229725
 512   HIS   -0.0523147   -0.19255
 594   TYR   -0.0492442   0.205604
SITE:  ASP- 445
 439   ILE   0.133639   0
 440   LEU   0.19344   0
 441   HIS   0.724714   -0.503804
 442   GLN   0.199616   0
 443   VAL   0.0756225   0
 444   LEU   -0.074535   0
 446   LEU   -0.32851   0
 447   GLN   -0.33599   0
 448   ILE   -0.298274   0
 449   ALA   -0.193443   0
 451   GLU   -0.0838949   0.194223
 492   HIS   -0.347352   -0.919644
 496   ASP   -0.0186002   0.125415
 509   TYR   -0.00696681   0.10992
 594   TYR   -0.089128   0.639483
 596   ASN   -0.154777   0
SITE:  GLU- 451
 406   GLU   0.039587   0.334342
 441   HIS   0.0671346   -0.115239
 443   VAL   0.106955   0
 444   LEU   0.202073   0
 445   ASP   0.0618426   0.194223
 446   LEU   0.113673   0
 447   GLN   0.643148   0
 448   ILE   0.33392   0
 450   ILE   -0.112724   0
 452   ASN   0.0121494   0
 464   LEU   -0.181242   0
 466   ASP   -0.0576392   0.145607
 478   ASN   -0.25831   0
 479   CYX   0.385209   0
 481   ILE   -0.0478213   0
 486   ASN   0.172748   0
 487   TYR   -0.0166563   0.167659
 492   HIS   -0.0223787   -0.183519
 512   HIS   -0.00853652   -0.111118
 536   THR   -0.231474   0
 566   PRO   0.101561   0
 584   GLU   -0.0234382   0.154932
 594   TYR   -0.0264262   0.15572
 875   TYR   0.0141575   0.112683
1041   TYR   -0.015076   0.126949
SITE:  TYR- 457
 404   ARG   -0.0114363   -0.159553
 458   ASP   -0.379702   0.623719
 460   GLU   -0.00436318   0.170472
 466   ASP   0.0147773   0.119435
 570   TYR   -0.0138627   0.101148
 573   ASP   0.00759775   0.181152
 574   THR   0.163309   0
 575   GLU   0.137222   0.756139
 576   LYS   0.0887016   -0.161725
 578   GLN   -2.37254   0
 579   ARG   -0.0380178   -0.384228
 584   GLU   -0.037514   0.157699
 585   LYS   -0.0377584   -0.108012
 607   ARG   -0.0028388   -0.152372
 610   GLU   0.00747031   0.121341
SITE:  ASP- 458
 457   TYR   0.171242   0.623719
 459   ASN   -0.303441   0
 460   GLU   -0.0348981   0.277249
 575   GLU   0.00769589   0.374585
 579   ARG   0.035541   -0.253979
SITE:  GLU- 460
 456   SER   -0.181661   0
 457   TYR   0.25232   0.170472
 458   ASP   0.0581142   0.277249
 466   ASP   0.0156904   0.329092
 570   TYR   -0.0197037   0.128712
 575   GLU   0.141342   0.416156
 576   LYS   0.0126611   -0.180632
 579   ARG   0.0522013   -0.571783
SITE:  ASP- 466
 404   ARG   -0.0721405   -0.221157
 406   GLU   0.04935   0.298667
 451   GLU   0.0219134   0.145607
 453   ILE   0.140961   0
 454   THR   -0.165928   0
 455   ALA   0.167058   0
 457   TYR   0.0819253   0.119435
 460   GLU   -0.053016   0.329092
 462   VAL   -0.731006   0
 463   THR   0.949049   0
 464   LEU   0.423026   0
 465   GLN   -0.159821   0
 467   ILE   -0.469146   0
 566   PRO   0.082641   0
 568   ASN   0.261586   0
 570   TYR   -0.201184   0.751678
 573   ASP   0.0223026   0.16826
 575   GLU   0.181563   0.327495
 576   LYS   0.107936   -0.480281
 579   ARG   -0.91571   -0.766075
 584   GLU   -0.074654   0.278435
 606   GLU   -0.0591866   0.100229
SITE:  TYR- 475
 476   ASN   -0.300366   0
 531   ASP   -0.0168168   0.109961
 535   GLY   0.114803   0
1005   ASP   -0.00433536   0.301372
1006   ASN   -0.00541586   0
1007   PRO   0.122687   0
1009   PRO   -0.0742142   0
1010   LYS   -0.0452952   -0.172954
1013   LYS   0.084883   -0.113638
1016   HIS   -0.0942547   -0.223955
SITE:  TYR- 487
  96   ARG   0.0266283   -0.216774
 164   GLU   0.0230592   0.183956
 242   ASP   0.0152905   0.134067
 406   GLU   0.0360246   0.174722
 411   ARG   0.0184206   -0.103333
 418   HIS   0.00906237   -0.144177
 420   TYR   0.028678   0.161519
 434   PRO   0.00879869   0
 436   ASP   0.0489493   0.132443
 441   HIS   0.0406296   -0.136548
 451   GLU   -0.00386291   0.167659
 481   ILE   0.108113   0
 483   SER   0.384096   0
 484   VAL   0.117004   0
 486   ASN   -0.580013   0
 489   GLN   -0.374859   0
 490   ASN   -0.162902   0
 497   HIS   0.072179   -0.180818
 508   ASP   0.0229368   0.182629
 509   TYR   0.114603   0.327183
 510   HIS   0.183914   -0.267327
 512   HIS   0.284495   -0.924321
 513   PHE   0.583684   0
 514   LEU   0.178087   0
 515   TYR   -0.0449367   0.390663
 517   VAL   -0.360318   0
 518   ARG   0.00336259   -0.455356
 520   PRO   -0.0914397   0
 522   SER   0.25681   0
 525   ASP   -0.0187634   0.458605
 531   ASP   0.0501489   0.207137
 533   CYX   0.422097   0
 534   LEU   0.251342   0
 535   GLY   -0.10136   0
 539   GLY   0.141186   0
 540   PRO   -0.541326   0
 541   VAL   2.19304   0
 542   PHE   -0.23212   0
 543   PRO   -0.108052   0
 545   LEU   -0.406496   0
 546   VAL   -0.322264   0
 547   LEU   -0.00937395   0
 548   GLY   0.0977103   0
 550   TYR   0.0334308   0.555524
 551   ASP   -0.0369957   0.103281
 552   ASP   0.00159418   0.108902
 553   GLN   0.182984   0
 555   TYR   0.182753   0.711201
 562   VAL   0.181794   0
 566   PRO   -0.0226949   0
 606   GLU   0.00428792   0.10349
 875   TYR   0.0327342   0.196987
 884   HIS   -0.063946   -0.287762
 890   TYR   0.000825004   0.229165
 930   ASP   0.0150533   0.124398
 944   ASP   -0.0250598   0.121309
 945   ASP   0.00879187   0.207853
 948   ASP   -0.0128758   0.12396
1013   LYS   0.00858146   -0.304694
1019   TYR   0.0143687   0.256955
1037   TYR   -0.0133184   0.210934
1041   TYR   -0.0177614   0.456845
1042   HID   0.0518905   -0.137866
SITE:  HIS- 492
 437   ILE   0.131204   0
 440   LEU   0.113129   0
 441   HIS   0.314756   -1.51453
 444   LEU   -0.32695   0
 445   ASP   0.229456   0.919644
 447   GLN   -0.21084   0
 451   GLU   -0.0265805   0.183519
 493   SER   -0.152113   0
 495   LEU   -0.277422   0
 496   ASP   -0.160634   0.341532
 497   HIS   0.00452095   -0.137049
 498   LYS   0.00563056   -0.116424
 509   TYR   -0.00542861   0.164854
 512   HIS   -0.027142   -0.12454
 594   TYR   -0.0326164   0.19466
SITE:  ASP- 496
 418   HIS   -0.0107002   -0.14204
 420   TYR   -0.0197518   0.112923
 436   ASP   0.012299   0.163725
 441   HIS   -0.393247   -1.13591
 445   ASP   -0.00798762   0.125415
 491   SER   0.121525   0
 492   HIS   0.52737   -0.341532
 493   SER   0.251328   0
 497   HIS   -0.00651604   -0.439884
 498   LYS   0.0166416   -0.770891
 508   ASP   0.000383842   0.449468
 509   TYR   -0.0809796   0.374142
 510   HIS   -0.0185253   -0.290863
 512   HIS   -0.0696156   -0.203584
 525   ASP   -0.00333561   0.119417
 531   ASP   0.00111181   0.126356
SITE:  HIS- 497
 420   TYR   -0.00673103   0.223201
 441   HIS   -0.00668659   -0.20469
 487   TYR   0.0917899   0.180818
 491   SER   0.0945516   0
 492   HIS   0.16698   -0.137049
 493   SER   0.498396   0
 494   VAL   0.390048   0
 495   LEU   0.206089   0
 496   ASP   -0.25369   0.439884
 498   LYS   -0.416466   -0.485596
 499   LYS   -0.115021   -0.323257
 508   ASP   -0.143926   0.634886
 509   TYR   -0.0381577   0.284921
 510   HIS   0.0398476   -0.358854
 512   HIS   -0.247622   -0.88294
 515   TYR   -0.0817893   0.119239
 525   ASP   -0.0826801   0.569246
 529   LEU   -0.170572   0
 530   HIS   -0.100256   -0.179311
 531   ASP   0.361112   1.24968
 532   PRO   0.198062   0
SITE:  LYS- 498
 418   HIS   -0.0120287   -0.122771
 420   TYR   -0.0340942   0.139388
 436   ASP   -0.00097683   0.106954
 441   HIS   -0.0379068   -0.238599
 492   HIS   0.0903133   -0.116424
 496   ASP   1.11491   0.770891
 497   HIS   0.257   -0.485596
 499   LYS   -0.173671   -0.186834
 501   ASP   0.0321194   0.108081
 502   ASP   -0.019701   0.12546
 508   ASP   0.00067689   0.508195
 509   TYR   -0.0907551   0.263514
 510   HIS   -0.0309844   -0.281923
 512   HIS   -0.0540798   -0.169277
 525   ASP   -0.000507668   0.121058
 531   ASP   -0.00226363   0.116543
SITE:  LYS- 499
 420   TYR   -0.00951205   0.100971
 497   HIS   0.0266606   -0.323257
 498   LYS   0.0527384   -0.186834
 500   GLY   -0.0548052   0
 501   ASP   0.0237514   0.175063
 506   TYR   -0.147103   0.158635
 508   ASP   -0.0231635   0.154856
 512   HIS   -0.0252806   -0.139734
 525   ASP   -0.0339086   0.177191
 528   LEU   0.206391   0
 530   HIS   0.044008   -0.224956
 531   ASP   0.000398481   0.197182
SITE:  ASP- 501
 423   TYR   0.0154255   0.166991
 498   LYS   -0.0150536   -0.108081
 499   LYS   0.0185964   -0.175063
 500   GLY   -0.253154   0
 502   ASP   -0.272624   0.471589
 506   TYR   0.0943167   0.756068
SITE:  ASP- 502
 498   LYS   -0.016696   -0.12546
 501   ASP   -0.280792   0.471589
 503   PHE   -0.17555   0
 506   TYR   -0.0175677   0.170747
SITE:  TYR- 506
 420   TYR   -0.0188355   0.125253
 423   TYR   0.0646227   0.53848
 499   LYS   0.095031   -0.158635
 500   GLY   -0.293592   0
 501   ASP   -0.60156   0.756068
 502   ASP   0.214844   0.170747
SITE:  ASP- 508
 418   HIS   -0.0387576   -0.402888
 420   TYR   -0.131325   0.897215
 421   GLN   0.254826   0
 436   ASP   -0.0139792   0.256586
 441   HIS   -0.0211205   -0.252435
 487   TYR   -0.00428414   0.182629
 494   VAL   0.252665   0
 495   LEU   0.338168   0
 496   ASP   0.073605   0.449468
 497   HIS   0.497052   -0.634886
 498   LYS   -0.366263   -0.508195
 499   LYS   -0.218654   -0.154856
 505   VAL   -0.223216   0
 507   ALA   -0.255205   0
 509   TYR   -0.504144   0.839338
 510   HIS   -0.374258   -2.11188
 511   THR   -0.345057   0
 512   HIS   -0.279819   -0.598642
 525   ASP   0.0502382   0.453142
 531   ASP   -0.00917886   0.228328
SITE:  TYR- 509
 416   ASP   0.140447   0.153603
 418   HIS   -0.30412   -1.30726
 420   TYR   -0.0156274   0.368511
 421   GLN   0.171773   0
 431   PHE   -0.257855   0
 432   GLY   0.300306   0
 433   PRO   0.235624   0
 434   PRO   0.148182   0
 435   LEU   1.9437   0
 436   ASP   -0.701654   1.1515
 437   ILE   -0.00195232   0
 439   ILE   -0.259608   0
 440   LEU   -0.465213   0
 441   HIS   -0.00902142   -0.471382
 445   ASP   -0.0358472   0.10992
 484   VAL   0.0199051   0
 487   TYR   -0.0956807   0.327183
 492   HIS   0.102769   -0.164854
 495   LEU   0.143618   0
 496   ASP   0.048821   0.374142
 497   HIS   0.189375   -0.284921
 498   LYS   -0.0713508   -0.263514
 508   ASP   -0.0896074   0.839338
 510   HIS   0.0813695   -2.00184
 512   HIS   -0.137189   -0.450295
 513   PHE   -0.163367   0
 525   ASP   0.0206411   0.250064
 531   ASP   0.0115769   0.135396
 550   TYR   -0.014134   0.104735
 555   TYR   0.121076   0.10134
SITE:  HIS- 510
 170   ASP   0.0157001   0.101691
 416   ASP   0.0746226   0.107717
 418   HIS   -0.21954   -0.954561
 420   TYR   0.115621   1.07995
 421   GLN   0.298972   0
 428   ASP   -0.0949315   0.125857
 429   VAL   0.118854   0
 432   GLY   0.154389   0
 435   LEU   0.257021   0
 436   ASP   -0.0882135   0.428257
 441   HIS   -0.00540774   -0.229725
 487   TYR   -0.033047   0.267327
 494   VAL   0.137842   0
 495   LEU   0.175324   0
 496   ASP   0.0340045   0.290863
 497   HIS   0.236778   -0.358854
 498   LYS   -0.133944   -0.281923
 507   ALA   -0.23151   0
 508   ASP   -1.44444   2.11188
 509   TYR   0.605128   2.00184
 511   THR   -0.243558   0
 512   HIS   -0.225619   -0.597045
 513   PHE   -0.274986   0
 514   LEU   -0.206406   0
 515   TYR   -0.101857   0.113858
 525   ASP   0.0609004   0.411242
 531   ASP   0.0020322   0.162396
SITE:  HIS- 512
  96   ARG   -0.0184472   -0.14111
 164   GLU   0.00090787   0.127004
 170   ASP   0.0125111   0.126046
 418   HIS   -0.00194711   -0.16951
 420   TYR   0.0540182   0.394383
 436   ASP   0.045466   0.134802
 441   HIS   0.0251612   -0.19255
 451   GLU   0.00205323   0.111118
 484   VAL   0.268075   0
 485   LEU   0.186651   0
 487   TYR   1.2332   0.924321
 489   GLN   -0.304081   0
 490   ASN   -0.160991   0
 491   SER   0.0743216   0
 492   HIS   0.0994801   -0.12454
 494   VAL   0.345442   0
 495   LEU   0.156586   0
 496   ASP   -0.0651807   0.203584
 497   HIS   0.254412   -0.88294
 498   LYS   -0.0928459   -0.169277
 499   LYS   -0.108926   -0.139734
 508   ASP   0.244366   0.598642
 509   TYR   0.436328   0.450295
 510   HIS   0.313699   -0.597045
 511   THR   -0.0726976   0
 513   PHE   -0.159614   0
 515   TYR   -0.757948   0.618319
 516   CYX   -0.0617196   0
 517   VAL   -0.198161   0
 518   ARG   -0.246989   -0.201951
 520   PRO   0.0495131   0
 522   SER   0.098919   0
 524   ASN   -0.408354   0
 525   ASP   -0.763517   2.80033
 526   THR   -0.157027   0
 527   SER   -0.0179019   0
 529   LEU   -0.53945   0
 530   HIS   -0.49568   -0.291961
 531   ASP   0.440023   1.04434
 532   PRO   0.371694   0
 535   GLY   -0.110166   0
 541   VAL   0.0787891   0
 543   PRO   -0.00910319   0
 550   TYR   -0.00968142   0.131402
 555   TYR   0.0412336   0.18937
1013   LYS   0.000161148   -0.120908
1041   TYR   -0.00412474   0.109354
SITE:  TYR- 515
  61   GLU   0.0171459   0.108126
  84   LYS   0.0260484   -0.128703
  92   GLN   0.161283   0
  96   ARG   -0.0816807   -0.570595
 164   GLU   0.0477898   0.333445
 166   PRO   -0.35814   0
 170   ASP   0.0431948   0.147215
 242   ASP   0.0555133   0.299557
 420   TYR   0.0215212   0.165442
 487   TYR   0.0208148   0.390663
 497   HIS   0.0294065   -0.119239
 510   HIS   0.0609294   -0.113858
 512   HIS   0.192577   -0.618319
 518   ARG   -0.47576   -0.351479
 519   ALA   0.263813   0
 520   PRO   0.0122978   0
 522   SER   -0.924733   0
 524   ASN   0.873554   0
 525   ASP   0.50505   1.00969
 526   THR   -0.228192   0
 527   SER   -0.286688   0
 530   HIS   -0.228726   -0.259763
 531   ASP   0.122763   0.198498
 555   TYR   -0.0277456   0.190158
 944   ASP   -0.0176848   0.13866
 945   ASP   0.0300782   0.244114
 948   ASP   0.0146012   0.252844
 951   LYS   0.0151885   -0.249807
1005   ASP   0.0224291   0.125152
1010   LYS   0.0434973   -0.110935
1013   LYS   -0.0370193   -0.244091
1019   TYR   -0.0223369   0.199912
SITE:  ARG- 518
  96   ARG   -0.198756   -0.625577
 162   ASP   0.0248876   0.140743
 164   GLU   0.542987   1.51866
 165   ALA   0.276132   0
 166   PRO   -0.214492   0
 167   SER   -0.138291   0
 168   SER   0.399078   0
 169   ASN   0.337403   0
 170   ASP   0.0950414   0.202892
 171   LYS   -0.0091525   -0.158187
 241   GLN   -0.726678   0
 242   ASP   0.0526306   0.44289
 420   TYR   0.0293656   0.131299
 487   TYR   -0.0051804   0.455356
 512   HIS   0.0836271   -0.201951
 514   LEU   0.208004   0
 515   TYR   0.0871333   0.351479
 517   VAL   -0.0478172   0
 520   PRO   -0.0595201   0
 525   ASP   0.0482634   0.198083
 543   PRO   -0.115955   0
 550   TYR   -0.0461237   0.280928
 552   ASP   -0.00584828   0.134177
 553   GLN   0.380003   0
 555   TYR   -0.212354   0.709276
 884   HIS   0.00617301   -0.126628
 930   ASP   0.00281075   0.144257
 944   ASP   -0.0260828   0.139773
 945   ASP   0.0137353   0.185416
 948   ASP   -0.0062523   0.151361
 951   LYS   -0.00278287   -0.12615
1013   LYS   -0.0188674   -0.184178
1019   TYR   -0.00803361   0.175466
1041   TYR   0.0055919   0.126613
SITE:  ASP- 525
  96   ARG   -0.0351961   -0.179666
 164   GLU   -0.0052866   0.161485
 166   PRO   0.0110532   0
 167   SER   -0.143102   0
 170   ASP   0.0267568   0.201239
 242   ASP   0.0169301   0.113064
 418   HIS   0.00188421   -0.112377
 420   TYR   0.0621986   0.484629
 487   TYR   0.126895   0.458605
 494   VAL   0.202103   0
 496   ASP   -0.0166968   0.119417
 497   HIS   0.151668   -0.569246
 498   LYS   -0.135864   -0.121058
 499   LYS   -0.107498   -0.177191
 507   ALA   -0.207396   0
 508   ASP   0.195306   0.453142
 509   TYR   0.19397   0.250064
 510   HIS   0.145395   -0.411242
 511   THR   -0.140577   0
 512   HIS   0.100804   -2.80033
 514   LEU   -0.192906   0
 515   TYR   -0.361893   1.00969
 516   CYX   -0.0572299   0
 518   ARG   -0.284638   -0.198083
 522   SER   -0.231702   0
 524   ASN   -0.491872   0
 526   THR   -0.844817   0
 527   SER   -0.419578   0
 529   LEU   -1.28831   0
 530   HIS   -1.29434   -0.618263
 531   ASP   0.326163   0.778957
 532   PRO   0.0137386   0
 555   TYR   -0.00654346   0.140615
1013   LYS   -0.00886726   -0.104461
SITE:  HIS- 530
  85   ASP   0.0310758   0.109664
 420   TYR   0.00904976   0.113849
 497   HIS   0.0182256   -0.179311
 499   LYS   -0.0116186   -0.224956
 512   HIS   0.00856575   -0.291961
 515   TYR   -0.01282   0.259763
 524   ASN   -0.38114   0
 525   ASP   -0.369978   0.618263
 526   THR   -0.165325   0
 529   LEU   -0.211444   0
 531   ASP   -0.385855   0.461137
1010   LYS   0.0154696   -0.113899
SITE:  ASP- 531
 420   TYR   0.00971794   0.118514
 475   TYR   -0.00931884   0.109961
 487   TYR   0.188341   0.207137
 494   VAL   0.0908379   0
 496   ASP   -0.065266   0.126356
 497   HIS   -0.226648   -1.24968
 498   LYS   -0.0270464   -0.116543
 499   LYS   -0.0575591   -0.197182
 508   ASP   -0.020209   0.228328
 509   TYR   0.0191587   0.135396
 510   HIS   0.0432508   -0.162396
 512   HIS   -0.0924817   -1.04434
 515   TYR   -0.079994   0.198498
 524   ASN   -0.515728   0
 525   ASP   -0.576885   0.778957
 529   LEU   -0.28519   0
 530   HIS   -0.0226482   -0.461137
 532   PRO   0.159214   0
SITE:  TYR- 550
  96   ARG   0.0123564   -0.126034
 164   GLU   0.0142186   0.143383
 242   ASP   0.00194557   0.10073
 250   LYS   -0.0325544   -0.100178
 406   GLU   0.0107357   0.108005
 411   ARG   0.00104546   -0.118371
 487   TYR   0.00238388   0.555524
 509   TYR   0.00718983   0.104735
 512   HIS   0.0310512   -0.131402
 518   ARG   0.0848479   -0.280928
 543   PRO   0.155222   0
 544   TRP   -0.199615   0
 546   VAL   -0.196144   0
 547   LEU   0.26395   0
 548   GLY   -0.0676147   0
 551   ASP   -0.310462   0.338563
 552   ASP   -0.133917   0.551627
 555   TYR   0.0105473   1.24812
 557   ASN   -0.18084   0
 558   ALA   -0.227946   0
 875   TYR   0.0466871   0.202661
 882   TYR   0.256076   0.150923
 883   LEU   -0.209672   0
 884   HIS   0.229348   -1.68129
 890   TYR   -0.00228671   0.141349
 930   ASP   0.105684   0.480418
 934   ARG   -0.0404084   -0.147043
 936   GLY   -0.00727254   0
 945   ASP   0.0059835   0.105149
1013   LYS   -0.00199973   -0.131115
1019   TYR   0.00554992   0.128639
1037   TYR   -0.014036   0.105293
1041   TYR   -0.0425989   0.314694
1042   HID   0.0846324   -0.229351
1050   ASP   0.0137369   0.11548
1085   TYR   -0.00921609   0.116669
SITE:  ASP- 551
 417   LYS   -0.0701237   -0.183167
 487   TYR   -0.00309011   0.103281
 549   GLY   0.0616658   0
 550   TYR   -0.42753   0.338563
 552   ASP   -0.445441   0.511186
 553   GLN   -0.256414   0
 554   ASN   -0.368887   0
 555   TYR   0.0737584   0.174511
 557   ASN   -1.49213   0
 882   TYR   0.0232823   0.160872
 884   HIS   -0.00768748   -0.37772
 930   ASP   0.0215904   0.101195
SITE:  ASP- 552
 250   LYS   -0.0270984   -0.136238
 487   TYR   -0.00183677   0.108902
 518   ARG   0.0369623   -0.134177
 550   TYR   -0.0762091   0.551627
 551   ASP   -0.595443   0.511186
 553   GLN   -0.33398   0
 555   TYR   0.0499123   0.310553
 884   HIS   0.0146966   -0.514244
 930   ASP   0.0430748   0.319617
 934   ARG   -0.027263   -0.131511
SITE:  TYR- 555
  96   ARG   0.0265094   -0.263919
 164   GLU   0.043225   0.320063
 170   ASP   0.0296564   0.108116
 242   ASP   0.00943078   0.196001
 487   TYR   0.0109539   0.711201
 509   TYR   0.0212388   0.10134
 512   HIS   0.0647883   -0.18937
 514   LEU   0.106646   0
 515   TYR   0.0714389   0.190158
 517   VAL   0.256756   0
 518   ARG   0.272984   -0.709276
 520   PRO   -0.0809847   0
 525   ASP   0.0209018   0.140615
 543   PRO   -0.403552   0
 550   TYR   -0.160767   1.24812
 551   ASP   -0.0866376   0.174511
 552   ASP   0.0932047   0.310553
 553   GLN   1.10925   0
 884   HIS   0.0193499   -0.411036
 890   TYR   -0.00297656   0.109011
 930   ASP   0.0368424   0.3099
 936   GLY   0.075307   0
 944   ASP   -0.0236   0.126077
 945   ASP   0.00913428   0.167574
 948   ASP   -0.0100719   0.116586
1013   LYS   -0.00938964   -0.18622
1019   TYR   0.000182099   0.177724
1037   TYR   -0.00780898   0.101196
1041   TYR   0.00623221   0.2168
1042   HID   0.0430333   -0.140332
SITE:  TYR- 570
 392   LYS   0.0142973   -0.115512
 396   ASP   0.0430828   0.153973
 401   PRO   0.061837   0
 404   ARG   -0.0680382   -0.385288
 406   GLU   0.064791   0.290364
 457   TYR   0.04768   0.101148
 460   GLU   0.00163776   0.128712
 463   THR   0.170021   0
 464   LEU   0.155023   0
 466   ASP   0.378051   0.751678
 467   ILE   0.182634   0
 567   VAL   -0.177912   0
 568   ASN   0.26277   0
 573   ASP   0.0240391   0.423056
 575   GLU   0.117267   0.313364
 576   LYS   -0.0696976   -1.07755
 579   ARG   -0.372624   -0.438306
 580   ALA   -0.153191   0
 584   GLU   -0.0433944   0.302724
 606   GLU   -0.0648439   0.162531
 890   TYR   0.000616544   0.189729
1016   HIS   0.0203191   -0.126401
1037   TYR   0.0122556   0.183512
1041   TYR   -0.00461057   0.122698
1081   TYR   -0.00501193   0.132361
SITE:  TYR- 571
 379   ASP   0.00181281   0.1214
 389   ARG   0.00574021   -0.159889
 392   LYS   0.0552811   -0.291659
 393   GLU   0.28943   0.502363
 394   TYR   0.0641357   0.117101
 396   ASP   -0.140634   0.473583
 397   GLN   -0.421646   0
 398   HIS   0.0148049   -0.227143
 404   ARG   0.00522319   -0.105011
 572   ASN   -0.708183   0
 573   ASP   0.00391425   0.118713
1081   TYR   -9.53437e-05   0.157986
SITE:  ASP- 573
 392   LYS   0.00815313   -0.139148
 396   ASP   0.0320008   0.161228
 404   ARG   0.0106071   -0.23389
 406   GLU   0.0184274   0.107637
 457   TYR   0.0566657   0.181152
 466   ASP   0.0455256   0.16826
 570   TYR   -0.0487152   0.423056
 571   TYR   0.0724851   0.118713
 574   THR   -0.423427   0
 575   GLU   -0.331414   0.638063
 576   LYS   -0.907308   -0.693676
 577   LEU   -0.189937   0
 579   ARG   -0.102881   -0.303524
 584   GLU   -0.00811071   0.144913
 606   GLU   -0.0279636   0.114977
1081   TYR   -0.00347779   0.102967
SITE:  GLU- 575
 404   ARG   -0.0130873   -0.203185
 406   GLU   0.017555   0.125509
 457   TYR   0.262512   0.756139
 458   ASP   0.0249608   0.374585
 460   GLU   -0.0859071   0.416156
 466   ASP   0.0687176   0.327495
 570   TYR   -0.045887   0.313364
 573   ASP   0.0647481   0.638063
 576   LYS   -0.507813   -0.668182
 578   GLN   -0.51106   0
 579   ARG   -0.541168   -2.1689
 584   GLU   -0.0355856   0.178665
SITE:  LYS- 576
 404   ARG   -0.0207734   -0.235613
 406   GLU   0.0323128   0.150839
 457   TYR   0.0801768   0.161725
 460   GLU   -0.00908789   0.180632
 466   ASP   0.183838   0.480281
 568   ASN   0.160243   0
 570   TYR   0.0949309   1.07755
 573   ASP   0.145569   0.693676
 575   GLU   0.1368   0.668182
 579   ARG   -0.140264   -0.655953
 584   GLU   -0.024441   0.182282
SITE:  ARG- 579
 404   ARG   -0.0502676   -0.225843
 406   GLU   0.0225914   0.187232
 455   ALA   0.144032   0
 457   TYR   0.212124   0.384228
 458   ASP   0.0266274   0.253979
 460   GLU   -0.0867855   0.571783
 462   VAL   -0.121391   0
 463   THR   0.135081   0
 466   ASP   0.1857   0.766075
 570   TYR   -0.105642   0.438306
 573   ASP   0.0427   0.303524
 575   GLU   1.09266   2.1689
 576   LYS   -0.0378367   -0.655953
 577   LEU   0.130289   0
 578   GLN   -0.179438   0
 582   ALA   -0.202348   0
 584   GLU   -0.0706328   0.261386
 607   ARG   -0.0151953   -0.111258
SITE:  GLU- 584
 377   PRO   -0.0689583   0
 379   ASP   -0.0512409   0.113803
 389   ARG   0.00160833   -0.10694
 392   LYS   -0.00178186   -0.283187
 396   ASP   0.0392593   0.219685
 404   ARG   -1.45237   -2.05632
 405   THR   -0.0360747   0
 406   GLU   0.150399   2.82995
 451   GLU   -0.0212548   0.154932
 457   TYR   0.0323861   0.157699
 464   LEU   0.0954925   0
 466   ASP   -0.0281783   0.278435
 467   ILE   -0.0487196   0
 565   PHE   0.253905   0
 566   PRO   -0.0446051   0
 567   VAL   -0.152784   0
 568   ASN   0.281208   0
 570   TYR   -0.0706549   0.302724
 573   ASP   0.0326274   0.144913
 574   THR   0.158792   0
 575   GLU   0.16622   0.178665
 576   LYS   0.220634   -0.182282
 577   LEU   0.461561   0
 578   GLN   0.142517   0
 579   ARG   0.0538657   -0.261386
 580   ALA   0.387294   0
 581   GLN   -0.150584   0
 583   TRP   -0.188634   0
 585   LYS   -0.079904   -0.418191
 586   GLU   -0.318419   0.345015
 587   PHE   -0.454022   0
 588   ILE   -0.284136   0
 589   ASN   -0.192696   0
 592   LYS   -0.0419295   -0.271919
 605   ALA   -1.0968   0
 606   GLU   -1.89227   1.29804
 607   ARG   -1.54955   -1.18992
 608   SER   -0.218156   0
 610   GLU   -0.107338   0.438375
 611   ASP   -0.2619   0.434278
 612   GLU   -0.132328   0.302901
 615   ARG   -0.029173   -0.13646
 871   TYR   -0.0864496   0.648456
 875   TYR   -0.0145748   0.529674
 890   TYR   -0.019672   0.226291
1037   TYR   -0.0021016   0.142587
1041   TYR   -0.0595276   0.234233
1042   HID   0.0111971   -0.13761
1081   TYR   -0.00353998   0.319224
1085   TYR   -0.0169037   0.128047
1088   TYR   0.00336501   0.210548
1091   TYR   -0.0243859   0.125892
SITE:  LYS- 585
 404   ARG   -0.0372054   -0.152754
 406   GLU   -0.0456748   0.220395
 457   TYR   -0.0382016   0.108012
 581   GLN   0.245879   0
 583   TRP   0.164688   0
 584   GLU   -0.111062   0.418191
 586   GLU   -0.451431   0.500298
 588   ILE   -0.195942   0
 589   ASN   -0.376093   0
 592   LYS   -0.024434   -0.416735
 606   GLU   -0.057531   0.117695
 607   ARG   0.210992   -0.849442
 610   GLU   -0.0353062   0.193473
 611   ASP   0.0330847   0.580099
 612   GLU   -0.00685959   0.25891
 615   ARG   -0.0204425   -0.201631
 616   GLU   -0.0211474   0.103248
 618   ASP   -0.0139436   0.122789
 871   TYR   0.0138041   0.416265
SITE:  GLU- 586
 404   ARG   -0.0391497   -0.107416
 406   GLU   -0.0515854   0.255152
 455   ALA   -0.188664   0
 582   ALA   0.376172   0
 583   TRP   0.482198   0
 584   GLU   -0.00609212   0.345015
 585   LYS   0.287491   -0.500298
 587   PHE   -0.210032   0
 589   ASN   -0.921695   0
 590   PHE   -0.212448   0
 592   LYS   -0.0665547   -0.223039
 607   ARG   0.069836   -0.301942
 611   ASP   -0.0179032   0.161948
 612   GLU   -0.0101337   0.100122
 871   TYR   -0.00072437   0.193818
SITE:  LYS- 592
 404   ARG   -0.0373719   -0.100548
 406   GLU   -0.0884806   0.227323
 584   GLU   0.120135   0.271919
 585   LYS   0.223964   -0.416735
 586   GLU   0.0951051   0.223039
 588   ILE   0.27943   0
 589   ASN   0.373686   0
 593   ASN   -0.215178   0
 595   LYS   0.0482116   -0.209006
 606   GLU   -0.031704   0.121294
 607   ARG   0.159063   -0.48342
 608   SER   0.195059   0
 610   GLU   -0.0359484   0.128677
 611   ASP   -0.068549   0.653039
 612   GLU   0.0171357   0.596144
 615   ARG   0.0375806   -0.493295
 616   GLU   -0.0260554   0.186437
 869   ASP   0.0749476   0.213044
 871   TYR   0.129329   1.07914
 874   ASP   -0.078875   0.130656
 875   TYR   -0.0286586   0.150478
SITE:  TYR- 594
 406   GLU   -0.0159127   0.129013
 411   ARG   0.0582401   -0.1
 439   ILE   0.157513   0
 441   HIS   0.121685   -0.205604
 442   GLN   0.828256   0
 443   VAL   0.170449   0
 445   ASP   -0.517855   0.639483
 446   LEU   -0.424348   0
 449   ALA   -0.20286   0
 451   GLU   -0.086162   0.15572
 492   HIS   -0.0235954   -0.19466
 595   LYS   -0.239756   -0.202391
 596   ASN   -2.1975   0
 598   ASN   -0.179406   0
SITE:  LYS- 595
 590   PHE   0.144556   0
 591   VAL   0.108474   0
 592   LYS   0.227112   -0.209006
 593   ASN   1.15436   0
 594   TYR   0.174474   0.202391
 871   TYR   0.00486182   0.105486
SITE:  GLU- 606
 376   ASN   0.156151   0
 377   PRO   -0.13536   0
 379   ASP   -0.103691   0.201509
 389   ARG   0.00623919   -0.222484
 391   GLU   -0.0424825   0.113338
 392   LYS   -0.0265216   -0.64002
 393   GLU   0.0369349   0.177963
 396   ASP   0.0715856   0.451686
 401   PRO   -0.168602   0
 402   PHE   0.125364   0
 403   PHE   0.282823   0
 404   ARG   -0.387864   -1.26679
 405   THR   0.0314177   0
 406   GLU   0.0807743   1.0188
 407   GLN   -0.124647   0
 466   ASP   0.000500528   0.100229
 487   TYR   -0.00790574   0.10349
 565   PHE   0.136365   0
 566   PRO   -0.11629   0
 567   VAL   0.0859686   0
 569   ASN   -0.293132   0
 570   TYR   0.0657445   0.162531
 573   ASP   0.0368066   0.114977
 581   GLN   -0.246975   0
 584   GLU   0.255187   1.29804
 585   LYS   0.0358556   -0.117695
 592   LYS   -0.00796575   -0.121294
 605   ALA   -0.193911   0
 607   ARG   -0.195424   -0.604489
 608   SER   -0.406923   0
 609   ILE   -0.220052   0
 610   GLU   -0.142704   0.520839
 611   ASP   -0.163512   0.268722
 612   GLU   -0.1822   0.283705
 615   ARG   -0.039989   -0.106911
 616   GLU   -0.0776055   0.114636
 861   ASP   0.0058749   0.138725
 871   TYR   -0.0793426   0.420752
 875   TYR   -0.109947   0.877866
 884   HIS   -0.0354613   -0.118125
 886   GLY   -0.0195051   0
 887   PRO   -0.143419   0
 888   PRO   0.07798   0
 890   TYR   -0.0576144   0.42346
1037   TYR   -0.00380721   0.213672
1041   TYR   -0.117976   0.404435
1042   HID   0.0143725   -0.309925
1050   ASP   -0.0357918   0.127363
1059   ARG   0.0439954   -0.121296
1081   TYR   -0.0209633   0.809805
1083   VAL   -0.0449542   0
1085   TYR   -0.0516931   0.299997
1088   TYR   0.0149319   0.496172
1089   GLU   -0.0810141   0.121944
1091   TYR   -0.0578368   0.280974
1225   TYR   -0.0256902   0.175542
SITE:  ARG- 607
 392   LYS   -0.00586902   -0.142576
 396   ASP   0.0160172   0.105254
 404   ARG   -0.139121   -0.488069
 406   GLU   -0.0786732   0.584143
 457   TYR   -0.0359904   0.152372
 577   LEU   0.135419   0
 578   GLN   0.126714   0
 579   ARG   0.0796657   -0.111258
 581   GLN   0.711868   0
 584   GLU   -0.369551   1.18992
 585   LYS   -0.0817083   -0.849442
 586   GLU   -0.0577296   0.301942
 587   PHE   -0.183795   0
 588   ILE   -0.246864   0
 589   ASN   -0.188348   0
 592   LYS   -0.0252626   -0.48342
 606   GLU   -0.544628   0.604489
 610   GLU   -0.183192   0.518608
 611   ASP   -0.267334   1.23831
 612   GLU   -0.124604   0.491774
 615   ARG   -0.0641185   -0.254888
 616   GLU   -0.0661676   0.146983
 618   ASP   -0.0138692   0.142223
 871   TYR   -0.0259182   0.897372
 875   TYR   -0.0297596   0.262775
1081   TYR   -0.00419586   0.156224
1088   TYR   0.00729523   0.135131
SITE:  GLU- 610
 375   THR   -0.798454   0
 376   ASN   0.0920199   0
 377   PRO   -0.0866283   0
 379   ASP   -0.124299   0.222275
 389   ARG   0.00107838   -0.152454
 392   LYS   -0.00732977   -0.294534
 393   GLU   0.0249948   0.11002
 396   ASP   0.0310282   0.206116
 404   ARG   0.0678963   -0.594093
 406   GLU   -0.00294718   0.249782
 457   TYR   -0.0130129   0.121341
 584   GLU   0.0392416   0.438375
 585   LYS   -0.00805938   -0.193473
 592   LYS   -0.00934395   -0.128677
 606   GLU   -0.0234314   0.520839
 607   ARG   -0.126227   -0.518608
 609   ILE   0.0540905   0
 611   ASP   -0.581012   0.610927
 612   GLU   -0.212852   0.360508
 613   LEU   -0.212512   0
 614   ASN   0.119899   0
 615   ARG   -0.0981017   -0.150833
 616   GLU   -0.142667   0.186664
 618   ASP   0.00654624   0.199736
 620   ASP   0.0133361   0.142587
 688   GLU   -0.0626424   0.112754
 871   TYR   -0.0322608   0.305703
 875   TYR   -0.0363006   0.225895
 890   TYR   -0.0129031   0.110581
1081   TYR   1.84689e-05   0.27386
1088   TYR   0.0204916   0.241909
1091   TYR   -0.0274662   0.185744
1225   TYR   -0.0380672   0.213639
SITE:  ASP- 611
 404   ARG   -0.0310367   -0.237328
 406   GLU   -0.0652184   0.264857
 584   GLU   0.0403578   0.434278
 585   LYS   0.0509248   -0.580099
 586   GLU   0.008511   0.161948
 592   LYS   -0.00774206   -0.653039
 606   GLU   -0.0409608   0.268722
 607   ARG   0.0102798   -1.23831
 608   SER   0.711148   0
 609   ILE   0.272336   0
 610   GLU   -0.267892   0.610927
 612   GLU   -0.690027   1.12744
 614   ASN   -0.2844   0
 615   ARG   -0.342706   -0.516748
 616   GLU   -0.151194   0.325537
 618   ASP   -0.0528332   0.232844
 620   ASP   0.00206305   0.141834
 867   PRO   0.00714378   0
 869   ASP   0.0280896   0.166343
 870   SER   -0.175166   0
 871   TYR   -0.018923   1.12073
 875   TYR   -0.0451476   0.192562
1081   TYR   -0.000789147   0.10109
1088   TYR   0.0108569   0.131994
1225   TYR   -0.0216682   0.114661
SITE:  GLU- 612
 404   ARG   -0.0367217   -0.174984
 406   GLU   -0.076836   0.239861
 584   GLU   0.0624222   0.302901
 585   LYS   0.0501898   -0.25891
 586   GLU   0.0112193   0.100122
 592   LYS   -0.0134896   -0.596144
 606   GLU   0.0430278   0.283705
 607   ARG   0.168981   -0.491774
 608   SER   0.807832   0
 609   ILE   0.593161   0
 610   GLU   0.0715729   0.360508
 611   ASP   -0.520626   1.12744
 614   ASN   -0.324838   0
 615   ARG   0.353912   -2.17365
 616   GLU   -0.578688   1.05003
 618   ASP   -0.0883429   0.193337
 620   ASP   0.00569897   0.266912
 688   GLU   -0.0673843   0.137799
 861   ASP   -0.021062   0.12553
 863   SER   0.117012   0
 865   SER   0.105529   0
 866   MET   -0.147552   0
 867   PRO   -0.0496293   0
 868   ASP   -0.0235635   0.210196
 869   ASP   0.0234823   0.546733
 870   SER   -1.88286   0
 871   TYR   -0.211489   1.65682
 872   MET   -0.679085   0
 874   ASP   -0.129074   0.193122
 875   TYR   -0.128981   0.318531
 877   LYS   -0.0367754   -0.116346
1081   TYR   -0.00140646   0.118032
1088   TYR   0.0173695   0.225463
1091   TYR   -0.0214466   0.16195
1217   LYS   0.0294634   -0.198388
1225   TYR   -0.0443012   0.20177
SITE:  ARG- 615
 406   GLU   -0.0349004   0.105828
 584   GLU   0.0319721   0.13646
 585   LYS   0.033925   -0.201631
 592   LYS   -0.0103984   -0.493295
 606   GLU   0.0124457   0.106911
 607   ARG   0.0578003   -0.254888
 608   SER   0.180745   0
 609   ILE   0.114862   0
 610   GLU   0.0244112   0.150833
 611   ASP   -0.111826   0.516748
 612   GLU   0.949053   2.17365
 616   GLU   -0.166508   1.18555
 618   ASP   -0.152699   0.23128
 620   ASP   -0.00815923   0.229899
 688   GLU   -0.0394358   0.112021
 866   MET   -0.152138   0
 867   PRO   -0.189858   0
 868   ASP   -0.0645945   0.192924
 869   ASP   0.358966   1.08412
 870   SER   -0.801938   0
 871   TYR   -0.121308   0.662214
 872   MET   -0.187494   0
 874   ASP   -0.0833664   0.131513
 875   TYR   -0.0465514   0.124007
1217   LYS   0.0156541   -0.279113
1225   TYR   -0.022655   0.100805
SITE:  GLU- 616
 585   LYS   0.00954082   -0.103248
 592   LYS   -0.00384846   -0.186437
 606   GLU   0.0219775   0.114636
 607   ARG   0.0225583   -0.146983
 609   ILE   0.150986   0
 610   GLU   0.0672736   0.186664
 611   ASP   0.103396   0.325537
 612   GLU   0.910436   1.05003
 613   LEU   0.333782   0
 614   ASN   -0.184774   0
 615   ARG   -1.34542   -1.18555
 617   SER   -0.292677   0
 618   ASP   -0.418227   0.409713
 619   SER   -0.895185   0
 620   ASP   -0.0589351   1.08091
 688   GLU   -0.15506   0.363714
 861   ASP   -0.0225534   0.110862
 864   LEU   0.117692   0
 865   SER   0.178681   0
 866   MET   -0.217244   0
 867   PRO   -0.543008   0
 868   ASP   -0.145036   0.279814
 869   ASP   0.0678103   0.646573
 870   SER   -0.26835   0
 871   TYR   -0.0319184   0.296798
 875   TYR   -0.0372171   0.111997
1088   TYR   0.0169638   0.160989
1091   TYR   -0.0136535   0.147576
1216   ALA   -0.216974   0
1217   LYS   -0.262426   -0.699741
1218   SER   0.11466   0
1225   TYR   -0.0840209   0.31012
1229   TYR   -0.0478124   0.183196
SITE:  ASP- 618
 585   LYS   -0.003632   -0.122789
 607   ARG   -0.00601019   -0.142223
 610   GLU   0.0415302   0.199736
 611   ASP   0.0821818   0.232844
 612   GLU   0.0777724   0.193337
 613   LEU   0.157323   0
 614   ASN   0.397826   0
 615   ARG   0.0963443   -0.23128
 616   GLU   -0.0158209   0.409713
 617   SER   -0.443035   0
 619   SER   -0.497756   0
 620   ASP   -0.104049   0.653735
 621   VAL   -0.166187   0
 628   TYR   -0.00440749   0.111689
 684   LEU   0.00323798   0
 688   GLU   -0.0895182   0.424114
 871   TYR   -0.00963153   0.112044
1217   LYS   -0.0683587   -0.117919
1225   TYR   -0.0321361   0.164248
1229   TYR   -0.0215422   0.105968
SITE:  ASP- 620
 610   GLU   0.0251385   0.142587
 611   ASP   0.0555116   0.141834
 612   GLU   0.106329   0.266912
 613   LEU   0.243449   0
 615   ARG   -0.0757121   -0.229899
 616   GLU   1.37718   1.08091
 617   SER   0.0689945   0
 618   ASP   -0.331096   0.653735
 619   SER   -0.881663   0
 621   VAL   -0.242421   0
 622   PHE   -0.257234   0
 623   THR   -0.719728   0
 624   VAL   -0.268322   0
 628   TYR   -0.0548207   0.304668
 684   LEU   0.183824   0
 685   ILE   0.178867   0
 686   VAL   0.0945048   0
 688   GLU   -0.648029   2.05503
 689   VAL   -0.0519741   0
 691   PRO   -0.0832608   0
 692   PHE   -0.187611   0
 742   GLU   0.0136425   0.107803
 771   ASP   -0.0182871   0.102233
 867   PRO   -0.0505889   0
 868   ASP   -0.0613614   0.119218
 869   ASP   0.00557096   0.151031
 871   TYR   -0.0109193   0.105074
1088   TYR   0.0215818   0.152881
1091   TYR   -0.010966   0.160132
1166   GLU   0.00693288   0.122201
1206   LYS   0.0382228   -0.172645
1209   GLY   0.0644442   0
1213   LEU   0.0478993   0
1216   ALA   -0.549926   0
1217   LYS   -0.541549   -0.434556
1218   SER   -0.192774   0
1220   ILE   -0.146088   0
1221   PHE   -0.496572   0
1225   TYR   -0.181493   0.617647
1227   ARG   -0.0281441   -0.133527
1229   TYR   -0.153784   0.537857
SITE:  TYR- 628
 618   ASP   0.00320799   0.111689
 620   ASP   0.0874114   0.304668
 624   VAL   0.203313   0
 625   VAL   0.0777264   0
 631   MET   -0.309378   0
 634   TYR   -0.119518   0.169859
 657   GLY   0.0973608   0
 660   GLY   0.107412   0
 661   ILE   0.240314   0
 664   VAL   -0.121136   0
 665   LEU   0.109965   0
 667   SER   -0.276554   0
 668   VAL   -0.244785   0
 670   CYS   -0.10895   0.256838
 671   SER   -0.1839   0
 686   VAL   0.170168   0
 687   ILE   0.19185   0
 688   GLU   0.285079   0.620524
 689   VAL   0.201969   0
 690   ILE   0.147283   0
 691   PRO   1.43603   0
 692   PHE   0.41952   0
 693   LEU   -0.0093546   0
 694   VAL   -0.49908   0
 695   LEU   -0.71256   0
 697   VAL   -0.154929   0
 698   GLY   -0.235052   0
 699   VAL   -0.159628   0
 700   ASP   -0.131147   0.41201
 742   GLU   0.0283604   0.414767
 771   ASP   -0.0741368   0.79312
 775   GLN   -0.171573   0
 778   CYS   -0.0444178   0.138687
1161   CYS   -0.0132359   0.157927
1166   GLU   0.0299966   0.434251
1168   CYS   -0.00639787   0.115019
1170   HID   -0.0229576   -0.176253
1206   LYS   0.0589526   -0.534975
1209   GLY   -0.0747282   0
1225   TYR   -0.0017612   0.327389
1229   TYR   -0.0533978   0.62817
SITE:  TYR- 634
 628   TYR   0.0460768   0.169859
 631   MET   0.212094   0
 635   ILE   -0.0344847   0
 638   ALA   -0.221373   0
 640   GLY   0.122705   0
 641   HIS   -0.0431381   -0.387685
 643   LYS   -0.0142121   -0.100955
 651   ASP   0.00261617   0.10969
 653   LYS   0.0313974   -0.270645
 699   VAL   0.0930148   0
 700   ASP   0.0199988   0.559961
 711   ARG   -0.0579203   -0.160383
 730   GLU   0.00850043   0.112478
 742   GLU   0.0144075   0.246331
 771   ASP   0.00897583   0.207559
 786   ASP   0.00347739   0.120677
 815   SER   -0.177908   0
 816   CYS   -0.0817061   0.192747
 825   TYR   -0.0305734   0.167776
1166   GLU   0.0511822   0.455235
1168   CYS   -0.00329218   0.154608
1170   HID   -0.0367247   -0.334358
1193   HIS   0.0683886   -0.105348
1195   GLY   0.116705   0
1196   SER   0.178572   0
1197   SER   0.304415   0
1198   VAL   0.201375   0
1199   PHE   0.380256   0
1200   SER   2.4056   0
1201   GLY   0.479444   0
1202   ILE   0.113569   0
1204   LEU   -0.890306   0
1205   THR   0.212098   0
1206   LYS   -0.0827184   -0.531472
1207   PHE   -0.176374   0
1208   GLY   -0.207114   0
1229   TYR   0.0348032   0.179846
SITE:  HIS- 641
 634   TYR   0.064449   0.387685
 635   ILE   0.114539   0
 637   LEU   0.122342   0
 638   ALA   0.222848   0
 639   LEU   0.380704   0
 640   GLY   -0.0447558   0
 642   MET   -0.238352   0
 643   LYS   -0.125201   -0.733338
 647   ARG   0.0423799   -0.255846
 651   ASP   0.0474282   0.575167
 653   LYS   -0.0430265   -0.988073
 700   ASP   0.063224   0.20092
 706   VAL   0.0747986   0
 707   GLN   0.756736   0
 709   TYR   -0.135336   0.475459
 710   GLN   0.165801   0
 711   ARG   -0.108535   -0.366256
 712   ASP   0.0664841   0.298467
 713   GLU   0.00634507   0.223642
 714   ARG   -0.09161   -0.130842
 726   ARG   0.0235562   -0.154959
 730   GLU   -0.00379532   0.165355
 786   ASP   0.055166   0.332846
 789   ARG   0.0133963   -0.21592
 791   GLU   -0.0486624   0.166856
 796   ASP   -0.0186648   0.205717
 811   GLN   0.145267   0
 812   ALA   -0.221372   0
 813   SER   0.28117   0
 814   GLU   -0.143616   0.281917
 815   SER   -0.278521   0
 816   CYS   -0.120357   0.260908
 819   ARG   -0.0942614   -0.103758
 822   LYS   -0.039132   -0.135315
1166   GLU   0.0133865   0.133625
1170   HID   -0.00799783   -0.189733
1193   HIS   0.0943194   -0.170999
1206   LYS   -0.0119908   -0.115797
1267   TYR   0.000548435   0.106461
1272   ARG   0.0206952   -0.158046
SITE:  LYS- 643
 634   TYR   0.0163813   0.100955
 641   HIS   0.148796   -0.733338
 647   ARG   -0.0900098   -0.558817
 651   ASP   0.116079   0.909772
 653   LYS   -0.0152897   -0.613539
 709   TYR   0.00221574   0.628735
 710   GLN   0.492477   0
 711   ARG   -0.0276219   -0.201861
 712   ASP   0.121987   0.270483
 713   GLU   0.0106152   0.316993
 714   ARG   -0.134149   -0.218906
 726   ARG   0.0194544   -0.133819
 786   ASP   0.0786972   0.277407
 789   ARG   0.0352496   -0.236836
 791   GLU   -0.0472692   0.259009
 796   ASP   -0.0275756   0.155893
 806   ASP   0.017522   0.170026
 809   SER   0.158322   0
 810   VAL   -0.307557   0
 811   GLN   1.50445   0
 812   ALA   -0.246616   0
 813   SER   0.68415   0
 814   GLU   -0.0154242   0.196225
 816   CYS   -0.0369392   0.112911
1272   ARG   0.0110192   -0.117325
SITE:  CYS- 645
 644   SER   0.201048   0
 646   ARG   -0.0558876   -0.282591
 648   LEU   -0.219572   0
 651   ASP   -0.0576738   0.145808
SITE:  ARG- 646
 645   CYS   0.00855641   0.282591
 647   ARG   -0.0929083   -0.154506
 806   ASP   0.0208226   0.168099
SITE:  ARG- 647
 641   HIS   0.06356   -0.255846
 643   LYS   -0.0970488   -0.558817
 646   ARG   0.101801   -0.154506
 650   VAL   -0.168612   0
 651   ASP   0.237416   1.12001
 653   LYS   -0.00303649   -0.409981
 709   TYR   -0.0211183   0.49259
 712   ASP   0.0574946   0.138937
 713   GLU   0.00374464   0.182316
 714   ARG   -0.0692457   -0.216967
 786   ASP   0.106323   0.287398
 789   ARG   0.149309   -0.390617
 790   GLN   0.244547   0
 791   GLU   -0.0524255   0.35379
 792   LYS   -0.049378   -0.122592
 793   ASN   1.20815   0
 794   ARG   0.144183   -0.126593
 796   ASP   -0.0579838   0.202166
 802   ARG   -0.0519116   -0.187703
 804   ALA   0.393325   0
 805   GLU   -0.22167   0.208635
 806   ASP   0.113278   0.481611
 808   THR   0.257444   0
SITE:  ASP- 651
 634   TYR   0.0289355   0.10969
 636   SER   0.152017   0
 640   GLY   -0.299074   0
 641   HIS   0.436218   -0.575167
 643   LYS   -0.434984   -0.909772
 644   SER   0.164443   0
 645   CYS   0.0309784   0.145808
 647   ARG   0.403514   -1.12001
 648   LEU   0.439524   0
 650   VAL   -0.303644   0
 653   LYS   -0.0442129   -0.819427
 709   TYR   -0.0592514   0.681731
 710   GLN   0.192363   0
 711   ARG   -0.0351517   -0.131345
 712   ASP   0.085259   0.208195
 713   GLU   0.0159172   0.218033
 714   ARG   -0.142838   -0.186705
 726   ARG   0.0131467   -0.111602
 786   ASP   0.184022   0.534517
 787   ILE   0.0802334   0
 789   ARG   0.188335   -0.707618
 791   GLU   -0.105372   0.324715
 792   LYS   -0.0705349   -0.10311
 793   ASN   0.13949   0
 794   ARG   0.182574   -0.114945
 796   ASP   -0.12933   0.472162
 799   CYS   0.0266271   0.115196
 802   ARG   -0.0573707   -0.117546
 804   ALA   0.156974   0
 805   GLU   -0.0893362   0.106496
 806   ASP   -0.00380872   0.263362
 811   GLN   0.175023   0
SITE:  LYS- 653
 346   CYS   -0.0355137   0.174933
 634   TYR   0.0249087   0.270645
 635   ILE   0.154793   0
 636   SER   0.211132   0
 639   LEU   0.732568   0
 640   GLY   -0.157134   0
 641   HIS   -0.0668681   -0.988073
 643   LYS   -0.0853351   -0.613539
 647   ARG   0.151908   -0.409981
 648   LEU   0.166927   0
 650   VAL   0.162469   0
 651   ASP   0.268446   0.819427
 652   SER   0.215951   0
 654   VAL   -0.113781   0
 656   LEU   -0.333384   0
 657   GLY   -0.110421   0
 660   GLY   -0.0895213   0
 699   VAL   0.0833876   0
 700   ASP   0.0869868   0.295881
 702   ILE   0.195011   0
 703   PHE   0.20208   0
 704   ILE   0.0823734   0
 705   LEU   0.0358513   0
 706   VAL   0.265694   0
 707   GLN   0.696772   0
 709   TYR   -0.646242   1.25087
 710   GLN   -1.2853   0
 711   ARG   -0.150052   -0.319007
 712   ASP   0.0293659   0.448143
 713   GLU   0.00312588   0.297894
 714   ARG   -0.147782   -0.20028
 718   GLU   -0.0293911   0.10541
 721   ASP   0.0209646   0.154162
 726   ARG   0.00864714   -0.249146
 730   GLU   -0.0233339   0.209893
 742   GLU   0.00309066   0.145917
 771   ASP   0.042254   0.206173
 778   CYS   0.00678769   0.181331
 780   VAL   0.123171   0
 783   LEU   0.0873949   0
 784   GLY   0.0447612   0
 786   ASP   0.260358   1.73079
 787   ILE   -0.0965343   0
 788   LYS   -0.0488887   -0.183643
 789   ARG   -0.150611   -0.630695
 791   GLU   -0.143757   0.365699
 792   LYS   -0.0547151   -0.104576
 793   ASN   0.0114946   0
 794   ARG   0.0755034   -0.0834234
 796   ASP   0.0632988   0.702237
 799   CYS   0.0199336   0.161188
 810   VAL   0.00604374   0
 812   ALA   -0.143226   0
 813   SER   0.150582   0
 814   GLU   -0.100007   0.146939
1166   GLU   0.00993003   0.177581
1170   HID   -0.00478784   -0.246361
1173   ARG   0.00686144   -0.122108
1193   HIS   0.0802584   -0.157042
1206   LYS   -0.011987   -0.146793
1267   TYR   0.00151597   0.127229
1272   ARG   0.0113367   -0.165906
SITE:  CYS- 670
 346   CYS   -0.0076752   0.113243
 357   SER   0.296008   0
 358   LEU   0.20063   0
 360   PHE   0.497648   0
 361   ILE   0.607897   0
 362   THR   0.160402   0
 363   ALA   -0.226599   0
 364   CYS   -1.84417   2.24242
 365   SER   -0.451904   0
 366   SER   -0.159943   0
 628   TYR   0.000932452   0.256838
 663   ILE   0.262992   0
 664   VAL   0.236738   0
 665   LEU   0.190635   0
 666   SER   0.742502   0
 667   SER   0.984112   0
 668   VAL   0.397989   0
 671   SER   -0.279576   0
 672   LEU   -0.188104   0
 673   GLY   -0.582424   0
 674   VAL   -0.479459   0
 676   SER   -0.17818   0
 677   TYR   -0.138479   0.111008
 688   GLU   0.0138403   0.114214
 700   ASP   -0.0265718   0.173987
 742   GLU   0.00143033   0.220702
 763   PHE   0.165737   0
 766   LEU   0.122583   0
 770   ILE   -0.425144   0
 771   ASP   -0.0558059   0.691001
 774   LEU   -0.209662   0
 778   CYS   -0.0765058   0.305977
1166   GLU   -0.00790199   0.152428
1206   LYS   0.000567357   -0.134395
1225   TYR   0.00566368   0.101737
1229   TYR   -0.00181591   0.140641
SITE:  TYR- 677
 364   CYS   0.0547547   0.197606
 670   CYS   0.0304351   0.111008
SITE:  GLU- 688
 610   GLU   0.0162683   0.112754
 612   GLU   0.0370985   0.137799
 615   ARG   -0.026726   -0.112021
 616   GLU   0.111721   0.363714
 617   SER   0.249714   0
 618   ASP   -0.0275107   0.424114
 619   SER   -0.236392   0
 620   ASP   0.547504   2.05503
 621   VAL   0.0265568   0
 623   THR   -0.506924   0
 624   VAL   -0.69377   0
 627   SER   -0.22197   0
 628   TYR   -0.0658534   0.620524
 670   CYS   -0.029774   0.114214
 684   LEU   0.4131   0
 685   ILE   0.554712   0
 686   VAL   0.256682   0
 687   ILE   -0.0774659   0
 689   VAL   -0.235642   0
 690   ILE   -0.115573   0
 691   PRO   -0.267502   0
 692   PHE   -0.263366   0
 700   ASP   -0.0391828   0.133703
 742   GLU   0.01847   0.160192
 771   ASP   -0.0306306   0.186151
1088   TYR   0.0142093   0.121092
1091   TYR   -0.00654418   0.137455
1161   CYS   -0.0178624   0.113214
1166   GLU   0.00884201   0.168419
1206   LYS   0.0367924   -0.23466
1209   GLY   0.0434641   0
1216   ALA   -0.238181   0
1217   LYS   -0.142225   -0.171287
1225   TYR   -0.12611   0.66081
1229   TYR   -0.183954   0.668226
SITE:  ASP- 700
 332   GLU   0.0282136   0.239749
 346   CYS   -0.0510537   0.1874
 628   TYR   -0.0265149   0.41201
 634   TYR   -0.230692   0.559961
 641   HIS   -0.0308648   -0.20092
 653   LYS   0.0481872   -0.295881
 657   GLY   0.0865928   0
 660   GLY   0.121431   0
 661   ILE   0.0834461   0
 664   VAL   -0.0564312   0
 667   SER   -0.191327   0
 670   CYS   -0.0674842   0.173987
 688   GLU   0.0165853   0.133703
 690   ILE   0.14391   0
 691   PRO   0.15818   0
 692   PHE   0.141554   0
 693   LEU   0.285674   0
 694   VAL   0.308694   0
 695   LEU   0.443898   0
 696   ALA   0.871266   0
 697   VAL   1.13953   0
 698   GLY   0.427089   0
 699   VAL   0.00836007   0
 701   ASN   -0.6194   0
 702   ILE   -0.243232   0
 703   PHE   -0.552176   0
 704   ILE   -0.592208   0
 705   LEU   -0.185594   0
 706   VAL   -0.17501   0
 707   GLN   -0.222914   0
 709   TYR   -0.0947125   0.140254
 711   ARG   -0.0944902   -0.287306
 712   ASP   -0.028303   0.204667
 726   ARG   0.0253954   -0.153053
 730   GLU   0.0453227   0.356212
 731   VAL   0.123844   0
 732   ALA   0.165213   0
 733   PRO   0.0742924   0
 734   SER   0.124762   0
 735   MET   0.329538   0
 738   SER   -0.622568   0
 739   SER   -0.528028   0
 741   SER   -0.347043   0
 742   GLU   0.212662   2.26223
 743   THR   -0.207732   0
 765   GLY   0.09268   0
 768   VAL   0.165902   0
 771   ASP   -0.0845906   1.28588
 775   GLN   0.156299   0
 778   CYS   -0.0796502   0.218226
 786   ASP   -0.0300786   0.168729
 825   TYR   -0.0637841   0.229542
1120   GLU   0.0213566   0.136719
1128   CYS   0.0240944   0.239498
1159   MET   0.185314   0
1160   SER   0.164848   0
1161   CYS   0.0308378   0.423084
1162   GLY   0.150346   0
1163   ILE   0.261716   0
1165   VAL   0.0381883   0
1166   GLU   -0.604518   3.75803
1167   PHE   0.216716   0
1168   CYS   -0.0382554   0.787114
1169   SER   -0.349486   0
1170   HID   -0.268048   -2.27228
1173   ARG   -0.117875   -0.495117
1189   GLU   0.00811794   0.151653
1193   HIS   0.0726036   -0.244236
1194   MET   0.205852   0
1195   GLY   0.118868   0
1197   SER   0.0560142   0
1198   VAL   0.215758   0
1201   GLY   -0.217878   0
1202   ILE   -0.278486   0
1205   THR   -0.475448   0
1206   LYS   -0.0932433   -2.23248
1225   TYR   0.0477047   0.207506
1229   TYR   0.119246   0.540509
1233   VAL   0.0482841   0
1236   GLY   -0.0256586   0
1239   HID   -0.0583211   -0.264492
1240   GLY   -0.0698003   0
1259   LYS   -0.00236675   -0.188198
1266   ARG   -0.0384709   -0.104789
1267   TYR   -0.00795532   0.175724
1272   ARG   3.33518e-05   -0.152809
SITE:  TYR- 709
 346   CYS   -0.0421896   0.156371
 639   LEU   0.130789   0
 641   HIS   0.0635187   -0.475459
 643   LYS   -0.0513186   -0.628735
 647   ARG   0.2061   -0.49259
 650   VAL   0.0709232   0
 651   ASP   0.0633286   0.681731
 653   LYS   0.0178527   -1.25087
 700   ASP   0.0375669   0.140254
 705   LEU   0.107821   0
 706   VAL   0.2142   0
 707   GLN   0.209852   0
 710   GLN   -0.118758   0
 711   ARG   -0.125685   -0.310668
 712   ASP   0.225212   0.725104
 713   GLU   0.0370372   0.595585
 714   ARG   -0.429197   -0.460058
 718   GLU   -0.0989203   0.240665
 719   THR   0.200728   0
 720   LEU   0.107789   0
 721   ASP   0.0364078   0.283068
 723   GLN   0.109056   0
 726   ARG   0.032123   -0.446249
 730   GLU   -0.0514408   0.205244
 778   CYS   0.0215034   0.105192
 780   VAL   0.12817   0
 783   LEU   0.129992   0
 784   GLY   0.0890802   0
 786   ASP   -0.0095539   0.689236
 787   ILE   -0.213898   0
 788   LYS   -0.0112561   -0.254621
 789   ARG   -0.0514384   -0.377738
 790   GLN   0.236606   0
 791   GLU   -0.25081   0.837031
 792   LYS   -0.0797924   -0.140166
 793   ASN   0.00611747   0
 796   ASP   -0.00656474   0.225597
 802   ARG   0.0051035   -0.114741
 810   VAL   0.144114   0
 812   ALA   -0.171976   0
 814   GLU   -0.0836874   0.138701
1170   HID   0.00612655   -0.152577
1173   ARG   0.00861272   -0.100619
1193   HIS   0.0476216   -0.146135
1266   ARG   -0.0126444   -0.102716
1267   TYR   0.00933212   0.14279
1272   ARG   0.000220379   -0.209978
SITE:  ARG- 711
 332   GLU   0.0486782   0.347839
 336   ARG   -0.119086   -0.178167
 634   TYR   -0.00952928   0.160383
 641   HIS   -0.0699883   -0.366256
 643   LYS   -0.00124519   -0.201861
 651   ASP   0.0186851   0.131345
 653   LYS   0.00649878   -0.319007
 700   ASP   0.0804314   0.287306
 704   ILE   0.142535   0
 705   LEU   0.134746   0
 706   VAL   0.0678024   0
 708   ALA   0.163476   0
 709   TYR   0.0603427   0.310668
 710   GLN   -0.182671   0
 712   ASP   -0.369201   0.827756
 713   GLU   0.00856414   0.307366
 714   ARG   -0.0557952   -0.130645
 718   GLU   -0.0317918   0.120774
 726   ARG   0.0668942   -0.515587
 727   VAL   0.0431025   0
 730   GLU   0.0467221   0.841513
 731   VAL   -0.0183975   0
 733   PRO   -0.0645065   0
 742   GLU   -0.00664905   0.153146
 771   ASP   0.0066833   0.105465
 786   ASP   -0.00102399   0.124698
 814   GLU   -0.274078   0.475902
 819   ARG   0.0439005   -0.113434
 822   LYS   -0.0809474   -0.513052
 825   TYR   -0.0839412   0.139851
1120   GLU   0.022164   0.128055
1166   GLU   0.0411751   0.207221
1168   CYS   0.0289099   0.186998
1170   HID   0.044063   -0.513138
1173   ARG   0.0306647   -0.410321
1177   VAL   0.0880522   0
1180   LYS   -0.0215198   -0.248561
1185   GLU   0.027133   0.10866
1186   ARG   0.0197148   -0.164132
1188   GLU   0.0367289   0.224112
1189   GLU   0.123636   0.569844
1191   LEU   0.100784   0
1193   HIS   0.447954   -1.89822
1194   MET   0.140337   0
1195   GLY   -0.0695148   0
1196   SER   -0.283374   0
1197   SER   -0.178503   0
1206   LYS   -0.0137227   -0.140144
1259   LYS   0.0168068   -0.223969
1266   ARG   -0.147322   -0.236992
1267   TYR   -0.0388093   0.617949
1271   GLU   -0.0155395   0.13456
1272   ARG   0.142757   -0.783526
1278   PHE   0.00240443   0.134554
SITE:  ASP- 712
 332   GLU   0.0379286   0.278095
 336   ARG   -0.0780187   -0.197697
 346   CYS   -0.0481509   0.12106
 641   HIS   -0.0184688   -0.298467
 643   LYS   -0.0196222   -0.270483
 647   ARG   0.0458381   -0.138937
 651   ASP   0.0192415   0.208195
 653   LYS   0.0140799   -0.448143
 700   ASP   0.0574233   0.204667
 704   ILE   0.106598   0
 705   LEU   0.191542   0
 706   VAL   0.139867   0
 708   ALA   0.52526   0
 709   TYR   0.390369   0.725104
 711   ARG   -0.29351   -0.827756
 713   GLU   0.00778954   0.813691
 714   ARG   -0.111336   -0.373353
 718   GLU   -0.171588   0.404024
 720   LEU   0.151066   0
 721   ASP   0.042328   0.18697
 723   GLN   -1.20119   0
 724   LEU   0.170039   0
 725   GLY   0.0258309   0
 726   ARG   0.891412   -3.06635
 727   VAL   -0.20928   0
 730   GLU   -0.185387   0.78673
 742   GLU   -0.00206914   0.115564
 786   ASP   -0.0146416   0.204712
 789   ARG   -0.0155818   -0.105777
 791   GLU   -0.0397371   0.241568
 810   VAL   0.091927   0
 814   GLU   -0.146842   0.258087
 822   LYS   -0.0216558   -0.235454
1166   GLU   0.0165186   0.135676
1168   CYS   0.0146026   0.112239
1170   HID   0.0491656   -0.316486
1173   ARG   0.0374762   -0.306675
1180   LYS   -0.00969419   -0.122498
1189   GLU   0.0390567   0.316855
1193   HIS   0.0794877   -0.532115
1259   LYS   0.0172587   -0.171135
1266   ARG   -0.130796   -0.353782
1267   TYR   0.0564276   0.644988
1271   GLU   -0.0677902   0.198696
1272   ARG   -0.0147082   -0.980946
SITE:  GLU- 713
 641   HIS   -0.00697684   -0.223642
 643   LYS   -0.0185738   -0.316993
 647   ARG   0.0407605   -0.182316
 651   ASP   0.0251728   0.218033
 653   LYS   0.000942405   -0.297894
 709   TYR   0.170644   0.595585
 711   ARG   -0.0194195   -0.307366
 712   ASP   -0.165365   0.813691
 714   ARG   -1.12817   -1.08989
 715   LEU   0.113108   0
 718   GLU   -0.0629036   0.186252
 723   GLN   -0.19078   0
 726   ARG   0.104874   -0.444731
 730   GLU   -0.0243596   0.18782
 786   ASP   0.0146912   0.143858
 791   GLU   -0.0479799   0.27266
 810   VAL   0.38959   0
 811   GLN   -0.290692   0
 812   ALA   -0.164187   0
 814   GLU   -0.0838818   0.21003
 822   LYS   -0.00648588   -0.168169
1189   GLU   0.010956   0.121302
1193   HIS   0.0192289   -0.195565
1267   TYR   0.0165659   0.187422
1271   GLU   -0.0430364   0.26277
1272   ARG   0.00944679   -0.366049
SITE:  ARG- 714
 641   HIS   0.00842983   -0.130842
 643   LYS   -0.0175758   -0.218906
 647   ARG   0.0561218   -0.216967
 651   ASP   0.0268564   0.186705
 653   LYS   -0.0055002   -0.20028
 709   TYR   0.0853287   0.460058
 711   ARG   -0.0170963   -0.130645
 712   ASP   0.0663997   0.373353
 713   GLU   -0.0967515   1.08989
 718   GLU   -0.0105297   0.159504
 726   ARG   0.0541841   -0.256863
 786   ASP   0.0195634   0.116163
 791   GLU   -0.0170521   0.331413
 809   SER   -0.494958   0
 810   VAL   0.293887   0
1271   GLU   -0.0142585   0.169076
1272   ARG   -0.00569292   -0.162489
SITE:  GLU- 718
 336   ARG   0.0340304   -0.168684
 348   ARG   -0.0387465   -0.117865
 653   LYS   0.00264668   -0.10541
 709   TYR   0.0359178   0.240665
 711   ARG   -0.0368412   -0.120774
 712   ASP   0.0390152   0.404024
 713   GLU   0.067055   0.186252
 714   ARG   -0.523298   -0.159504
 715   LEU   -0.479854   0
 716   GLN   -0.230628   0
 717   GLY   -0.27785   0
 720   LEU   0.148472   0
 721   ASP   -0.026289   0.273745
 722   GLN   -0.360928   0
 726   ARG   -0.387038   -0.853622
 730   GLU   -0.0602492   0.180065
 791   GLU   0.00374603   0.180179
1266   ARG   0.07444   -0.347503
1267   TYR   0.0537222   0.243304
1271   GLU   -0.054555   0.109253
1272   ARG   -0.0888596   -0.195583
SITE:  ASP- 721
 343   GLY   0.0821913   0
 344   SER   -0.109063   0
 346   CYS   -0.0787332   0.313985
 347   VAL   -0.285718   0
 348   ARG   -0.158962   -0.516482
 653   LYS   0.00399866   -0.154162
 709   TYR   0.0167909   0.283068
 712   ASP   0.00751683   0.18697
 718   GLU   -0.234956   0.273745
 719   THR   -0.42241   0
 720   LEU   -0.361338   0
 722   GLN   -0.306018   0
 723   GLN   -0.133096   0
 724   LEU   -0.378774   0
 725   GLY   -0.227754   0
 726   ARG   -0.0769973   -0.232675
 780   VAL   0.0891754   0
 784   GLY   0.0083633   0
 786   ASP   -0.0719708   0.182649
 788   LYS   -0.0695052   -0.99784
 791   GLU   0.011032   0.30388
 792   LYS   -0.0246946   -0.168486
1266   ARG   0.0240334   -0.114946
SITE:  ARG- 726
 332   GLU   0.0344067   0.28806
 336   ARG   -0.0369146   -0.289869
 337   ARG   0.0426889   -0.105326
 340   THR   -0.139835   0
 346   CYS   -0.0591774   0.131225
 641   HIS   -0.00909628   -0.154959
 643   LYS   -0.0168427   -0.133819
 651   ASP   0.0114645   0.111602
 653   LYS   0.00659479   -0.249146
 700   ASP   0.038943   0.153053
 709   TYR   0.069119   0.446249
 711   ARG   -0.143403   -0.515587
 712   ASP   0.803118   3.06635
 713   GLU   0.406667   0.444731
 714   ARG   -0.442234   -0.256863
 715   LEU   -0.290766   0
 718   GLU   -0.227882   0.853622
 720   LEU   0.178508   0
 721   ASP   0.0758455   0.232675
 723   GLN   -0.450065   0
 724   LEU   0.235205   0
 725   GLY   0.0595263   0
 727   VAL   -0.331538   0
 729   GLY   -0.214593   0
 730   GLU   -0.291278   0.725693
 786   ASP   -0.0237851   0.133858
 791   GLU   -0.0230244   0.171019
 814   GLU   -0.0729939   0.157862
 822   LYS   -0.00903399   -0.163217
1166   GLU   0.0114574   0.102296
1170   HID   0.0438126   -0.239135
1173   ARG   0.0641553   -0.276249
1180   LYS   -0.00786143   -0.10142
1189   GLU   0.0194852   0.268548
1193   HIS   0.0225234   -0.401488
1259   LYS   0.0228901   -0.168373
1266   ARG   -0.145046   -0.623359
1267   TYR   0.105804   0.759164
1271   GLU   -0.0754863   0.193994
1272   ARG   -0.272586   -0.855777
SITE:  GLU- 730
 332   GLU   0.123012   0.96521
 333   GLY   0.0354132   0
 334   CYS   0.010356   0.10422
 336   ARG   -0.389348   -0.526091
 337   ARG   0.0458859   -0.145187
 346   CYS   -0.0544636   0.132027
 634   TYR   -0.0155034   0.112478
 641   HIS   -0.0306178   -0.165355
 653   LYS   0.00715842   -0.209893
 700   ASP   0.0856102   0.356212
 701   ASN   0.165272   0
 704   ILE   0.115155   0
 705   LEU   0.129167   0
 709   TYR   -0.0131886   0.205244
 711   ARG   -0.243108   -0.841513
 712   ASP   -0.0689249   0.78673
 713   GLU   0.0459557   0.18782
 718   GLU   -0.0299638   0.180065
 723   GLN   0.0265571   0
 724   LEU   0.158415   0
 725   GLY   0.184045   0
 726   ARG   0.270347   -0.725693
 727   VAL   0.428013   0
 728   LEU   0.179303   0
 729   GLY   0.0156916   0
 731   VAL   -0.338734   0
 733   PRO   -0.223896   0
 734   SER   -0.255353   0
 742   GLU   -0.0142349   0.222097
 771   ASP   0.0125871   0.148807
 814   GLU   -0.0950756   0.187598
 822   LYS   -0.0183906   -0.226532
 825   TYR   -0.052234   0.110578
1120   GLU   0.0478211   0.289926
1166   GLU   0.0421948   0.253379
1168   CYS   0.0420218   0.271269
1169   SER   0.154533   0
1170   HID   0.187003   -0.697162
1171   ILE   0.128272   0
1173   ARG   0.224256   -1.02451
1177   VAL   0.0949561   0
1180   LYS   -0.0190217   -0.213991
1185   GLU   0.0118878   0.106349
1186   ARG   -0.0160601   -0.261353
1188   GLU   -0.0077677   0.16667
1189   GLU   0.00552525   0.666922
1193   HIS   0.0778809   -0.892381
1196   SER   -0.16252   0
1197   SER   -0.236644   0
1206   LYS   -0.011571   -0.163486
1259   LYS   0.0451341   -0.559694
1261   CYS   0.0215932   0.110601
1264   GLU   -0.0241788   0.149484
1266   ARG   -0.340698   -0.635847
1267   TYR   -0.100562   1.21411
1271   GLU   -0.024377   0.104456
1272   ARG   -0.0544213   -0.809807
1278   PHE   -0.00230363   0.131439
SITE:  GLU- 742
 332   GLU   0.0121942   0.194163
 346   CYS   -0.0410252   0.144123
 620   ASP   0.0275888   0.107803
 628   TYR   -0.0504356   0.414767
 634   TYR   -0.0990368   0.246331
 653   LYS   0.0241853   -0.145917
 660   GLY   0.103561   0
 664   VAL   -0.00148795   0
 667   SER   -0.184161   0
 670   CYS   -0.084147   0.220702
 688   GLU   0.00134414   0.160192
 689   VAL   0.0899167   0
 690   ILE   0.179862   0
 691   PRO   0.1549   0
 693   LEU   0.22574   0
 694   VAL   0.256211   0
 695   LEU   0.189962   0
 697   VAL   -0.167812   0
 698   GLY   0.0793192   0
 699   VAL   -0.0887305   0
 700   ASP   -0.198082   2.26223
 701   ASN   -0.552118   0
 704   ILE   -0.231876   0
 711   ARG   -0.0488502   -0.153146
 712   ASP   -0.0166591   0.115564
 730   GLU   0.0343018   0.222097
 731   VAL   0.100092   0
 732   ALA   0.160129   0
 733   PRO   0.133289   0
 734   SER   0.233826   0
 735   MET   0.427032   0
 736   PHE   0.259133   0
 737   LEU   0.233354   0
 738   SER   -0.0423935   0
 739   SER   0.290456   0
 741   SER   -0.819094   0
 743   THR   -0.709346   0
 744   VAL   -0.219634   0
 745   ALA   -0.416415   0
 746   PHE   -0.248549   0
 758   HIS   0.0713024   -0.10186
 761   SER   0.18771   0
 762   LEU   0.125253   0
 765   GLY   0.155702   0
 768   VAL   0.00825841   0
 771   ASP   -0.3164   1.34621
 772   PHE   -0.190878   0
 775   GLN   0.0810275   0
 778   CYS   -0.0729366   0.166833
 825   TYR   -0.0400003   0.147127
1097   ASP   0.0380641   0.111815
1109   ILE   -0.00138653   0
1120   GLU   0.0222352   0.133383
1128   CYS   0.0582919   0.386787
1155   VAL   0.126459   0
1157   LEU   0.131243   0
1158   VAL   0.161081   0
1159   MET   0.460888   0
1160   SER   0.236118   0
1161   CYS   0.0684364   0.887689
1162   GLY   0.664618   0
1163   ILE   0.0582902   0
1164   SER   -0.140747   0
1165   VAL   -0.281842   0
1166   GLU   -0.579727   3.22089
1168   CYS   -0.064075   0.92275
1169   SER   -0.473526   0
1170   HID   -0.19545   -1.273
1173   ARG   -0.125628   -0.434277
1193   HIS   0.0283742   -0.138144
1198   VAL   0.0685639   0
1201   GLY   -0.0356039   0
1202   ILE   -0.0420138   0
1205   THR   -0.182058   0
1206   LYS   -0.0250298   -1.92897
1225   TYR   0.0683967   0.318666
1229   TYR   0.139026   0.750207
1233   VAL   0.0227236   0
1236   GLY   -0.0456476   0
1239   HID   -0.0703095   -0.284523
1240   GLY   -0.0445803   0
1259   LYS   -0.0025331   -0.171526
1267   TYR   -0.00721466   0.110433
SITE:  HIS- 758
 379   ASP   0.0514344   0.200188
 389   ARG   0.0104151   -0.186536
 681   PRO   0.098277   0
 742   GLU   0.029687   0.10186
 749   GLY   0.0909654   0
 752   SER   0.732918   0
 754   MET   0.328131   0
 755   PRO   0.269028   0
 757   VAL   -0.00867256   0
 759   THR   -0.165084   0
 761   SER   -0.424244   0
 762   LEU   -0.237268   0
1089   GLU   -0.0171881   0.112764
1091   TYR   -0.00859824   0.14333
1097   ASP   0.0385409   0.295671
1161   CYS   -0.0211514   0.152797
1225   TYR   0.00132392   0.271987
1229   TYR   -0.00157653   0.17686
SITE:  ASP- 771
 332   GLU   0.0129458   0.107105
 346   CYS   -0.0521846   0.256424
 364   CYS   -0.113186   0.236628
 620   ASP   0.023353   0.102233
 628   TYR   -0.00144613   0.79312
 634   TYR   -0.106591   0.207559
 653   LYS   0.0523478   -0.206173
 656   LEU   0.124804   0
 657   GLY   0.160163   0
 658   ILE   0.129991   0
 660   GLY   0.468394   0
 661   ILE   0.395628   0
 663   ILE   0.0794539   0
 664   VAL   -0.082578   0
 665   LEU   0.134185   0
 666   SER   -0.42449   0
 667   SER   -1.77962   0
 668   VAL   -0.0481513   0
 670   CYS   -0.312684   0.691001
 671   SER   -0.327988   0
 688   GLU   0.0386782   0.186151
 690   ILE   0.175038   0
 691   PRO   0.265994   0
 693   LEU   0.149673   0
 694   VAL   0.547914   0
 695   LEU   0.420506   0
 697   VAL   -0.312192   0
 698   GLY   -0.520168   0
 699   VAL   -0.0400159   0
 700   ASP   -0.211286   1.28588
 701   ASN   -0.847876   0
 702   ILE   -0.193875   0
 704   ILE   -0.17167   0
 705   LEU   -0.167096   0
 711   ARG   -0.0380531   -0.105465
 730   GLU   0.00116136   0.148807
 735   MET   0.189137   0
 738   SER   -0.307796   0
 739   SER   -0.47216   0
 742   GLU   0.0543857   1.34621
 743   THR   -0.228222   0
 763   PHE   0.161787   0
 764   ALA   0.301142   0
 765   GLY   0.201491   0
 766   LEU   0.26061   0
 767   ALA   0.875376   0
 768   VAL   0.668954   0
 769   PHE   0.276312   0
 770   ILE   -0.00768814   0
 772   PHE   -0.359034   0
 774   LEU   -0.586306   0
 775   GLN   -0.886943   0
 776   ILE   -0.163348   0
 777   THR   -0.183388   0
 778   CYS   -0.229498   0.506709
 786   ASP   -0.0450634   0.167234
1128   CYS   0.0132703   0.108722
1161   CYS   -0.00186304   0.258491
1162   GLY   0.0340279   0
1166   GLU   -0.0432472   0.94427
1168   CYS   -0.013035   0.2666
1170   HID   -0.0748512   -0.569196
1173   ARG   -0.0254167   -0.209235
1201   GLY   0.0182552   0
1206   LYS   -0.0324219   -0.771252
1225   TYR   0.0220436   0.212592
1229   TYR   0.0286444   0.457022
SITE:  CYS- 778
 346   CYS   0.0696136   0.80934
 350   PRO   0.266538   0
 351   GLY   0.150609   0
 352   CYS   0.0309247   0.151414
 353   VAL   0.0678362   0
 354   ILE   0.0346206   0
 357   SER   -0.341136   0
 364   CYS   -0.0852474   0.150547
 628   TYR   0.0145114   0.138687
 653   LYS   0.0319874   -0.181331
 656   LEU   0.110574   0
 657   GLY   0.0867522   0
 659   ALA   0.25878   0
 660   GLY   0.0582237   0
 663   ILE   -0.158159   0
 670   CYS   -0.0551569   0.305977
 700   ASP   -0.000752739   0.218226
 709   TYR   -0.0297105   0.105192
 742   GLU   0.0036219   0.166833
 770   ILE   0.129567   0
 771   ASP   0.221188   0.506709
 773   LEU   0.17879   0
 774   LEU   0.78552   0
 775   GLN   0.29801   0
 777   THR   -0.156901   0
 779   PHE   -0.213069   0
 780   VAL   -0.208684   0
 781   SER   -0.780832   0
 782   LEU   -0.32733   0
 786   ASP   -0.115515   0.276461
 788   LYS   -0.0284164   -0.14949
 789   ARG   -0.084152   -0.13649
 796   ASP   0.0586255   0.14505
 799   CYS   0.00129669   0.152961
1166   GLU   -0.00449958   0.139854
1170   HID   -0.00586716   -0.132576
1206   LYS   -0.00144965   -0.110326
SITE:  ASP- 786
 346   CYS   -0.0098084   0.211249
 634   TYR   0.00826238   0.120677
 639   LEU   0.0844737   0
 640   GLY   -0.112362   0
 641   HIS   0.00619805   -0.332846
 643   LYS   -0.0608692   -0.277407
 647   ARG   0.123394   -0.287398
 649   LEU   0.131859   0
 650   VAL   0.39345   0
 651   ASP   0.12914   0.534517
 652   SER   0.588996   0
 653   LYS   -0.242269   -1.73079
 655   SER   -0.284622   0
 656   LEU   -0.509584   0
 657   GLY   -0.0466937   0
 660   GLY   -0.0792913   0
 700   ASP   0.034661   0.168729
 706   VAL   -0.0173539   0
 709   TYR   -0.0932714   0.689236
 710   GLN   -0.147141   0
 711   ARG   -0.0567563   -0.124698
 712   ASP   0.0183753   0.204712
 713   GLU   0.00156805   0.143858
 714   ARG   -0.0920403   -0.116163
 721   ASP   0.0107046   0.182649
 726   ARG   0.00395195   -0.133858
 771   ASP   0.0511103   0.167234
 778   CYS   0.0478239   0.276461
 779   PHE   0.229078   0
 780   VAL   0.171552   0
 781   SER   0.0980373   0
 782   LEU   0.45271   0
 783   LEU   0.677821   0
 784   GLY   0.0887583   0
 787   ILE   -0.299567   0
 788   LYS   -0.173599   -0.350047
 789   ARG   -1.04462   -1.7063
 790   GLN   -1.06036   0
 791   GLU   -0.195445   0.338489
 792   LYS   -0.106831   -0.210243
 793   ASN   -0.0451132   0
 794   ARG   0.0857016   -0.174564
 795   LEU   0.132982   0
 796   ASP   0.23292   1.23601
 799   CYS   0.0589188   0.466764
 800   CYS   0.0129008   0.109855
1166   GLU   0.0029814   0.101804
1170   HID   -0.00285604   -0.126955
SITE:  LYS- 788
 343   GLY   0.103122   0
 346   CYS   0.0967774   0.305741
 347   VAL   1.01121   0
 348   ARG   0.0805923   -0.305464
 350   PRO   -0.151052   0
 352   CYS   -0.0292578   0.102434
 653   LYS   0.00194164   -0.183643
 709   TYR   0.0130648   0.254621
 720   LEU   -0.154971   0
 721   ASP   0.201688   0.99784
 778   CYS   0.0709272   0.14949
 780   VAL   0.132371   0
 781   SER   0.329312   0
 784   GLY   0.136885   0
 785   LEU   0.17523   0
 786   ASP   -0.0353224   0.350047
 789   ARG   0.0511433   -0.404172
 791   GLU   -0.100168   0.337822
 792   LYS   -0.0792343   -0.362587
 794   ARG   -0.0105194   -0.145382
 796   ASP   0.0319874   0.110109
 799   CYS   0.00636091   0.138753
SITE:  ARG- 789
 641   HIS   0.0492591   -0.21592
 643   LYS   -0.0716572   -0.236836
 647   ARG   0.295813   -0.390617
 648   LEU   0.215112   0
 649   LEU   0.707346   0
 650   VAL   1.05973   0
 651   ASP   0.0198033   0.707618
 652   SER   1.05856   0
 653   LYS   -0.103587   -0.630695
 655   SER   -0.601954   0
 656   LEU   -0.180003   0
 709   TYR   -0.0249548   0.377738
 712   ASP   0.0293878   0.105777
 778   CYS   0.023122   0.13649
 783   LEU   0.122133   0
 784   GLY   0.0624325   0
 786   ASP   0.792079   1.7063
 787   ILE   0.221134   0
 788   LYS   0.46157   -0.404172
 790   GLN   -0.997062   0
 791   GLU   -0.223512   0.316571
 792   LYS   -0.212192   -0.278771
 793   ASN   -0.27857   0
 794   ARG   1.79863   -0.354514
 795   LEU   0.655126   0
 796   ASP   -0.341802   2.33728
 799   CYS   0.0762226   0.796709
 800   CYS   0.0023474   0.179307
 801   VAL   0.380802   0
 802   ARG   -0.117225   -0.190693
 806   ASP   0.0228458   0.108584
SITE:  GLU- 791
 641   HIS   0.0205596   -0.166856
 643   LYS   -0.0222806   -0.259009
 647   ARG   0.147425   -0.35379
 651   ASP   0.0416122   0.324715
 653   LYS   -0.00184762   -0.365699
 709   TYR   0.11461   0.837031
 712   ASP   0.0919974   0.241568
 713   GLU   0.016527   0.27266
 714   ARG   -0.20827   -0.331413
 718   GLU   -0.0324566   0.180179
 719   THR   0.170708   0
 720   LEU   -0.0895159   0
 721   ASP   0.00615791   0.30388
 723   GLN   0.110141   0
 726   ARG   0.00276257   -0.171019
 784   GLY   0.122666   0
 786   ASP   0.0887258   0.338489
 787   ILE   0.300422   0
 788   LYS   0.0134773   -0.337822
 789   ARG   0.066997   -0.316571
 792   LYS   -0.302796   -0.347353
 793   ASN   -0.0959432   0
 794   ARG   0.0661273   -0.142951
 796   ASP   -0.000155286   0.122387
 802   ARG   0.0179308   -0.200987
 805   GLU   -0.0516294   0.146455
SITE:  LYS- 792
 647   ARG   0.0554216   -0.122592
 651   ASP   0.0183195   0.10311
 653   LYS   -0.00293028   -0.104576
 709   TYR   0.00417472   0.140166
 721   ASP   0.0109359   0.168486
 786   ASP   0.054821   0.210243
 788   LYS   0.228322   -0.362587
 789   ARG   0.196   -0.278771
 791   GLU   -0.132506   0.347353
 793   ASN   -0.175803   0
 794   ARG   0.148901   -0.522193
 796   ASP   0.0237704   0.10372
 799   CYS   0.039693   0.168359
 800   CYS   0.0408215   0.107821
 802   ARG   0.0023392   -0.257199
 805   GLU   -0.0203952   0.11558
SITE:  ARG- 794
 647   ARG   0.0482525   -0.126593
 651   ASP   0.0120357   0.114945
 786   ASP   0.049761   0.174564
 788   LYS   0.0732654   -0.145382
 789   ARG   0.161267   -0.354514
 791   GLU   -0.0614391   0.142951
 792   LYS   0.137968   -0.522193
 796   ASP   0.0127117   0.137375
 799   CYS   0.278888   0.230745
 800   CYS   0.111924   0.275317
 802   ARG   -0.164589   -0.397142
 805   GLU   -0.0285126   0.135834
SITE:  ASP- 796
 636   SER   0.211798   0
 640   GLY   -0.128819   0
 641   HIS   0.0351748   -0.205717
 643   LYS   -0.0536055   -0.155893
 647   ARG   0.147682   -0.202166
 648   LEU   0.245952   0
 649   LEU   0.654838   0
 650   VAL   0.396054   0
 651   ASP   -0.0620938   0.472162
 652   SER   1.32983   0
 653   LYS   -0.457677   -0.702237
 654   VAL   -1.11321   0
 655   SER   -3.69668   0
 656   LEU   -0.41909   0
 657   GLY   -0.23956   0
 709   TYR   -0.040651   0.225597
 778   CYS   0.0135741   0.14505
 786   ASP   0.31848   1.23601
 788   LYS   -0.028669   -0.110109
 789   ARG   0.117447   -2.33728
 790   GLN   -0.471914   0
 791   GLU   -0.0628754   0.122387
 792   LYS   -0.034678   -0.10372
 794   ARG   0.084264   -0.137375
 797   ILE   -0.25532   0
 799   CYS   0.111   0.594604
 800   CYS   -0.0109486   0.125898
 801   VAL   0.141686   0
SITE:  CYS- 799
 651   ASP   -0.000658897   0.115196
 653   LYS   -0.0135518   -0.161188
 778   CYS   0.0209107   0.152961
 786   ASP   0.00197521   0.466764
 788   LYS   -0.0279684   -0.138753
 789   ARG   -0.124961   -0.796709
 792   LYS   -0.0216915   -0.168359
 794   ARG   -0.44814   -0.230745
 795   LEU   0.762522   0
 796   ASP   0.550256   0.594604
 797   ILE   0.149979   0
 800   CYS   -0.0528384   0.459788
 801   VAL   0.141063   0
SITE:  CYS- 800
 786   ASP   0.0060893   0.109855
 789   ARG   -0.0162471   -0.179307
 792   LYS   0.00997419   -0.107821
 794   ARG   -0.187151   -0.275317
 796   ASP   0.0387385   0.125898
 799   CYS   -0.0280841   0.459788
SITE:  ARG- 802
 647   ARG   0.0761089   -0.187703
 651   ASP   0.0142686   0.117546
 709   TYR   0.00347492   0.114741
 789   ARG   0.137314   -0.190693
 791   GLU   0.0642786   0.200987
 792   LYS   0.437822   -0.257199
 793   ASN   0.0504395   0
 794   ARG   -0.0139677   -0.397142
 803   GLY   0.175249   0
 805   GLU   0.403086   1.01049
SITE:  GLU- 805
 647   ARG   0.0643455   -0.208635
 651   ASP   0.0130747   0.106496
 791   GLU   0.0612897   0.146455
 792   LYS   0.0619858   -0.11558
 793   ASN   -0.287331   0
 794   ARG   0.0419093   -0.135834
 802   ARG   0.395026   -1.01049
 803   GLY   0.230641   0
 806   ASP   -0.237986   0.279359
SITE:  ASP- 806
 643   LYS   -0.0396802   -0.170026
 646   ARG   -0.22782   -0.168099
 647   ARG   0.0371275   -0.481611
 651   ASP   0.0173308   0.263362
 789   ARG   0.0465358   -0.108584
 804   ALA   0.169051   0
 805   GLU   -0.39755   0.279359
 807   GLY   -0.191366   0
SITE:  GLU- 814
 641   HIS   -0.0626865   -0.281917
 643   LYS   0.00011477   -0.196225
 653   LYS   -0.00198875   -0.146939
 709   TYR   0.00810309   0.138701
 711   ARG   0.0723674   -0.475902
 712   ASP   -0.0401126   0.258087
 713   GLU   -0.0328537   0.21003
 726   ARG   0.0274016   -0.157862
 730   GLU   0.00393047   0.187598
 815   SER   0.339002   0
 816   CYS   0.0440788   0.193095
 818   PHE   -0.43239   0
 819   ARG   -0.0744637   -0.366828
 822   LYS   -0.158401   -1.27368
1170   HID   0.00605134   -0.118861
1180   LYS   -0.00979028   -0.143377
1188   GLU   0.0177325   0.138455
1189   GLU   0.0230426   0.205567
1193   HIS   0.0476811   -0.333504
1267   TYR   -0.000477352   0.160026
1272   ARG   0.0549931   -0.291888
SITE:  CYS- 816
 634   TYR   0.0359933   0.192747
 641   HIS   -0.0395387   -0.260908
 643   LYS   0.00373222   -0.112911
 814   GLU   0.050005   0.193095
 815   SER   0.182552   0
 817   LEU   -0.177519   0
 819   ARG   -0.485174   -0.214982
 820   PHE   -0.16614   0
SITE:  ARG- 819
 641   HIS   -0.0150213   -0.103758
 711   ARG   0.00287078   -0.113434
 814   GLU   0.0585763   0.366828
 816   CYS   0.0737972   0.214982
 817   LEU   0.13043   0
 822   LYS   -0.161204   -0.235717
 823   ASN   -0.239982   0
SITE:  LYS- 822
 641   HIS   -0.0290127   -0.135315
 711   ARG   0.141696   -0.513052
 712   ASP   -0.0548652   0.235454
 713   GLU   -0.0360574   0.168169
 726   ARG   0.0173702   -0.163217
 730   GLU   0.0108933   0.226532
 814   GLU   0.503018   1.27368
 818   PHE   0.12075   0
 819   ARG   0.195929   -0.235717
 823   ASN   0.0938763   0
 826   SER   -0.166571   0
1170   HID   0.0120882   -0.131637
1173   ARG   0.00831279   -0.111679
1180   LYS   -0.0244551   -0.302683
1185   GLU   0.0223933   0.124234
1188   GLU   0.0295336   0.3
1189   GLU   0.0219191   0.352649
1193   HIS   -0.0170082   -0.514809
1267   TYR   -0.00680874   0.210997
1271   GLU   -0.00940698   0.10506
1272   ARG   0.0694638   -0.330215
1278   PHE   0.00902434   0.156554
SITE:  TYR- 825
 634   TYR   -0.0192415   0.167776
 700   ASP   0.00901355   0.229542
 711   ARG   -0.0124564   -0.139851
 730   GLU   0.0210875   0.110578
 742   GLU   -0.00676211   0.147127
 829   LEU   -0.265264   0
 835   ARG   0.0169781   -0.170958
1161   CYS   0.010628   0.103427
1166   GLU   0.0175124   0.271272
1168   CYS   0.00227319   0.364622
1170   HID   -0.0903147   -0.331776
1173   ARG   -0.0317604   -0.130884
1186   ARG   0.0212977   -0.100352
1188   GLU   0.0217343   0.157699
1189   GLU   0.00107879   0.132034
1191   LEU   -0.0474625   0
1193   HIS   -0.00706269   -0.15341
1195   GLY   -0.0430898   0
1206   LYS   -0.040409   -0.244232
1233   VAL   0.103648   0
1234   LEU   0.118431   0
1235   LEU   0.126639   0
1236   GLY   0.0869068   0
1237   ALA   0.345254   0
1238   THR   0.206954   0
1239   HID   0.0784359   -0.424769
1240   GLY   -0.0610591   0
1241   LEU   0.833336   0
1242   ILE   0.331948   0
1244   LEU   -0.179229   0
1245   PRO   -0.295016   0
1250   TYR   -0.0648413   0.137609
SITE:  LYS- 831
 827   PRO   0.100742   0
 828   LEU   0.170332   0
 832   ASP   -0.406898   0.386732
 833   TRP   -0.51032   0
 834   MET   -0.195318   0
 835   ARG   -0.148828   -0.162304
1188   GLU   -0.0173307   0.152091
1250   TYR   -0.00857319   0.135961
SITE:  ASP- 832
 294   ARG   -0.292922   -0.465286
 827   PRO   0.09865   0
 830   LEU   0.230878   0
 831   LYS   0.374963   -0.386732
 833   TRP   -0.263246   0
 834   MET   -0.207132   0
 835   ARG   -0.61027   -0.667866
 836   PRO   -0.0905322   0
1180   LYS   -0.00236162   -0.115158
1183   ARG   -0.110902   -0.100156
1185   GLU   0.0164047   0.207446
1186   ARG   -0.0100422   -0.103069
1188   GLU   -0.0465746   0.220389
1250   TYR   0.0844447   0.620854
SITE:  ARG- 835
 294   ARG   -0.130468   -0.316944
 825   TYR   0.0279242   0.170958
 829   LEU   0.340388   0
 830   LEU   0.129915   0
 831   LYS   0.318498   -0.162304
 832   ASP   0.224832   0.667866
 836   PRO   -0.154358   0
 838   VAL   -0.219554   0
 839   ILE   -0.165792   0
1168   CYS   0.0106307   0.132681
1180   LYS   0.00679738   -0.123257
1183   ARG   -0.335101   -0.253321
1184   VAL   -0.0340816   0
1185   GLU   -0.0183819   0.205231
1186   ARG   -0.0551036   -0.247319
1188   GLU   -0.0667874   0.216972
1189   GLU   -0.0418896   0.111048
1239   HID   0.0586026   -0.123259
1242   ILE   0.151018   0
1243   PHE   0.165861   0
1244   LEU   0.109645   0
1245   PRO   0.191079   0
1246   VAL   0.485616   0
1247   LEU   0.202066   0
1249   SER   0.881764   0
1250   TYR   0.966038   1.81618
1253   PRO   0.0933233   0
SITE:  LYS- 855
 266   ASP   0.14336   2.30892
 268   MET   -0.314346   0
 269   TYR   0.0776159   0.744774
 851   ALA   0.236268   0
 852   VAL   0.0874844   0
 854   ASN   0.362634   0
 857   ASP   0.0417652   0.232425
SITE:  ASP- 857
 266   ASP   0.0264891   0.130139
 269   TYR   0.00755008   0.10457
 855   LYS   0.17418   -0.232425
 856   VAL   -0.309832   0
 859   GLY   0.2111   0
 861   ASP   0.0311572   0.514156
 934   ARG   0.00229348   -0.10687
1050   ASP   -0.0426168   0.179556
1053   ASP   -0.00309401   0.18987
1088   TYR   -0.0204372   0.2278
1091   TYR   0.0198705   0.341117
1146   GLY   -0.107652   0
1147   ILE   0.117638   0
1148   SER   -0.049951   0
1225   TYR   0.0105844   0.119609
1227   ARG   -0.12494   -0.143334
SITE:  ASP- 861
 606   GLU   0.0365255   0.138725
 612   GLU   -0.046942   0.12553
 616   GLU   -0.0560829   0.110862
 857   ASP   -0.0935538   0.514156
 859   GLY   0.15724   0
 860   LEU   -0.265052   0
 862   GLN   -0.41714   0
 863   SER   -0.50137   0
 864   LEU   -0.368462   0
 868   ASP   0.0102237   0.137575
 875   TYR   -0.0177162   0.179363
 877   LYS   0.000856181   -0.106736
 934   ARG   -0.00340205   -0.100415
1042   HID   -0.00120787   -0.109464
1048   SER   -0.197069   0
1050   ASP   -0.0920908   0.209376
1053   ASP   -0.0237613   0.123478
1085   TYR   0.00745333   0.105388
1088   TYR   -0.0842968   0.643534
1091   TYR   -0.0636367   0.539849
1146   GLY   0.21133   0
1148   SER   -0.270103   0
1225   TYR   -0.0215414   0.239359
1227   ARG   -0.176606   -0.248832
1229   TYR   -0.0180447   0.132522
SITE:  ASP- 868
 612   GLU   0.0133756   0.210196
 615   ARG   -0.0630793   -0.192924
 616   GLU   -0.0466002   0.279814
 620   ASP   -0.0045289   0.119218
 861   ASP   -0.0227776   0.137575
 867   PRO   -0.0155736   0
 869   ASP   -0.578629   0.510295
 871   TYR   0.0136657   0.105849
 874   ASP   -0.0387656   0.173422
 877   LYS   -0.0411292   -0.228554
1217   LYS   0.113951   -0.232933
1227   ARG   0.00744799   -0.174522
SITE:  ASP- 869
 592   LYS   -0.00358815   -0.213044
 611   ASP   -0.000356029   0.166343
 612   GLU   0.153008   0.546733
 615   ARG   -0.988544   -1.08412
 616   GLU   0.0757081   0.646573
 620   ASP   -0.0140388   0.151031
 867   PRO   -0.186703   0
 868   ASP   -0.391237   0.510295
 870   SER   -0.463464   0
 871   TYR   0.00345545   0.259455
 874   ASP   -0.081362   0.152067
 877   LYS   -0.0208166   -0.123908
1217   LYS   0.0662431   -0.439385
SITE:  TYR- 871
 392   LYS   -0.00227853   -0.115749
 404   ARG   -0.102227   -0.261773
 406   GLU   -0.261256   0.589719
 407   GLN   0.160094   0
 411   ARG   -0.0308768   -0.139218
 584   GLU   0.193895   0.648456
 585   LYS   0.163314   -0.416265
 586   GLU   -0.00611254   0.193818
 588   ILE   -0.184111   0
 591   VAL   -0.164931   0
 592   LYS   -0.0350103   -1.07914
 595   LYS   0.0369162   -0.105486
 603   PHE   0.1246   0
 604   THR   -0.328506   0
 606   GLU   -0.019283   0.420752
 607   ARG   0.289123   -0.897372
 608   SER   1.9693   0
 609   ILE   0.204706   0
 610   GLU   -0.104254   0.305703
 611   ASP   -0.538814   1.12073
 612   GLU   -0.316947   1.65682
 615   ARG   -0.0108073   -0.662214
 616   GLU   -0.110178   0.296798
 618   ASP   -0.0330623   0.112044
 620   ASP   -0.000119577   0.105074
 867   PRO   0.078902   0
 868   ASP   0.00526368   0.105849
 869   ASP   0.0389166   0.259455
 870   SER   -0.239506   0
 872   MET   0.0619038   0
 874   ASP   -0.178861   0.277326
 875   TYR   -0.121161   0.555476
 877   LYS   -0.0364266   -0.128182
1041   TYR   -0.036876   0.131279
1081   TYR   -0.000788854   0.147054
1088   TYR   0.00857624   0.188195
1091   TYR   -0.0183867   0.114903
1225   TYR   -0.0200346   0.101937
SITE:  ASP- 874
 406   GLU   -0.0441671   0.117864
 411   ARG   -0.366917   -0.845212
 592   LYS   0.00988291   -0.130656
 601   ILE   0.0969196   0
 603   PHE   0.153236   0
 612   GLU   -0.030673   0.193122
 615   ARG   0.0108171   -0.131513
 868   ASP   0.112294   0.173422
 869   ASP   -0.0161307   0.152067
 870   SER   0.221302   0
 871   TYR   0.427063   0.277326
 872   MET   0.152954   0
 873   VAL   0.0553874   0
 875   TYR   -0.186893   0.314381
 877   LYS   -0.476642   -1.44941
 878   SER   -0.507855   0
 881   GLN   0.116304   0
 882   TYR   -0.00595544   0.283038
SITE:  TYR- 875
 377   PRO   -0.0548944   0
 389   ARG   0.00892569   -0.109488
 392   LYS   -0.012134   -0.262178
 396   ASP   0.0237926   0.186416
 403   PHE   0.148883   0
 404   ARG   -0.128812   -0.386758
 405   THR   0.339484   0
 406   GLU   -0.338182   0.824401
 407   GLN   -0.250182   0
 409   ILE   -0.0827656   0
 411   ARG   0.028118   -0.299061
 451   GLU   -0.0203984   0.112683
 482   LEU   0.0817008   0
 487   TYR   -0.012508   0.196987
 545   LEU   0.124952   0
 550   TYR   0.0225825   0.202661
 562   VAL   -0.195348   0
 563   ILE   0.251223   0
 566   PRO   -0.0782681   0
 584   GLU   0.0518969   0.529674
 592   LYS   -0.0109452   -0.150478
 602   SER   0.248216   0
 603   PHE   -0.1544   0
 604   THR   -0.184924   0
 605   ALA   0.163182   0
 606   GLU   0.203244   0.877866
 607   ARG   -0.0296637   -0.262775
 608   SER   -0.375468   0
 610   GLU   -0.061733   0.225895
 611   ASP   -0.121952   0.192562
 612   GLU   -0.165796   0.318531
 615   ARG   -0.0215896   -0.124007
 616   GLU   -0.0669823   0.111997
 861   ASP   0.036455   0.179363
 871   TYR   -0.0437098   0.555476
 872   MET   0.280199   0
 873   VAL   0.103554   0
 874   ASP   -0.0414476   0.314381
 877   LYS   -0.0110318   -0.176647
 879   ILE   -0.28437   0
 882   TYR   -0.11659   0.166656
 883   LEU   -0.273726   0
 884   HIS   -0.0987864   -0.272605
 886   GLY   -0.000525558   0
 887   PRO   -0.157305   0
 888   PRO   0.0636574   0
 890   TYR   -0.0323959   0.382205
 934   ARG   -0.0313652   -0.102989
1013   LYS   0.0119676   -0.106111
1019   TYR   0.0211754   0.107817
1037   TYR   -0.0131608   0.199158
1041   TYR   -0.232654   0.617578
1042   HID   0.0444294   -0.39241
1043   THR   0.183577   0
1044   VAL   -0.170842   0
1045   LEU   0.155641   0
1050   ASP   -0.057534   0.189297
1081   TYR   0.00554934   0.42721
1083   VAL   -0.147135   0
1085   TYR   -0.0293848   0.31273
1088   TYR   -0.00702789   0.507052
1091   TYR   -0.0552906   0.248262
1225   TYR   -0.0227876   0.137803
SITE:  LYS- 877
 411   ARG   0.0218474   -0.465849
 612   GLU   -0.0180347   0.116346
 861   ASP   0.00611565   0.106736
 868   ASP   0.144001   0.228554
 869   ASP   -0.0346854   0.123908
 870   SER   0.154227   0
 871   TYR   0.094223   0.128182
 873   VAL   0.0362255   0
 874   ASP   0.405488   1.44941
 875   TYR   0.113335   0.176647
 878   SER   -0.39808   0
 881   GLN   0.102634   0
 882   TYR   0.0106406   0.221401
SITE:  TYR- 882
 410   ILE   0.156096   0
 411   ARG   0.213862   -1.45477
 413   PRO   0.00215958   0
 417   LYS   -0.032954   -0.107202
 433   PRO   -0.11417   0
 434   PRO   -0.0779138   0
 548   GLY   -0.000894573   0
 549   GLY   0.0118626   0
 550   TYR   0.0527722   0.150923
 551   ASP   0.00526039   0.160872
 559   THR   0.337482   0
 600   THR   0.156834   0
 874   ASP   0.1432   0.283038
 875   TYR   0.107962   0.166656
 877   LYS   0.0278724   -0.221401
 878   SER   0.0768646   0
 884   HIS   -0.0173031   -0.25615
SITE:  HIS- 884
 406   GLU   0.00423533   0.123422
 411   ARG   0.0223617   -0.187396
 487   TYR   -0.0045579   0.287762
 518   ARG   0.034225   -0.126628
 543   PRO   0.163573   0
 544   TRP   0.193536   0
 547   LEU   0.324619   0
 548   GLY   -0.940352   0
 549   GLY   -0.697514   0
 550   TYR   0.774614   1.68129
 551   ASP   -0.132523   0.37772
 552   ASP   -0.127627   0.514244
 555   TYR   0.0754991   0.411036
 558   ALA   -0.229292   0
 559   THR   -0.211718   0
 606   GLU   0.0204542   0.118125
 875   TYR   0.0722618   0.272605
 878   SER   0.176343   0
 879   ILE   0.217862   0
 882   TYR   1.2874   0.25615
 883   LEU   -0.261856   0
 886   GLY   0.0876555   0
 890   TYR   -0.00348897   0.129493
 930   ASP   0.0941817   0.338085
 934   ARG   -0.0449076   -0.181968
1041   TYR   -0.0664597   0.274945
1042   HID   0.0906522   -0.228323
1050   ASP   0.0095121   0.160905
1085   TYR   -0.0114878   0.119906
SITE:  TYR- 890
 389   ARG   0.0341053   -0.113973
 391   GLU   0.00788105   0.216412
 392   LYS   0.0588052   -0.35172
 393   GLU   0.023905   0.126805
 394   TYR   -0.0549895   0.154066
 396   ASP   0.0156973   0.432462
 398   HIS   -0.0712815   -0.187025
 399   PHE   0.136357   0
 400   GLY   0.364196   0
 401   PRO   0.107919   0
 402   PHE   -0.825678   0
 404   ARG   0.136218   -0.306461
 406   GLU   0.0535563   0.334475
 471   PRO   -0.101067   0
 487   TYR   -0.0221328   0.229165
 538   GLY   0.117586   0
 540   PRO   0.177392   0
 550   TYR   0.00390189   0.141349
 555   TYR   0.0125339   0.109011
 566   PRO   -0.140534   0
 567   VAL   0.127484   0
 568   ASN   -0.242514   0
 570   TYR   0.018908   0.189729
 584   GLU   0.0026554   0.226291
 606   GLU   0.0432625   0.42346
 610   GLU   -0.0255505   0.110581
 875   TYR   -0.00414706   0.382205
 884   HIS   -0.0456492   -0.129493
 886   GLY   0.0758889   0
 887   PRO   -0.0971645   0
 888   PRO   -0.315157   0
 889   VAL   0.170044   0
 894   GLU   -0.0134692   0.104464
 899   TYR   0.0129455   0.235739
 930   ASP   0.00925169   0.104805
 939   PRO   0.141142   0
 940   SER   0.29208   0
 944   ASP   -0.0174115   0.163423
 945   ASP   -0.033508   0.225496
1005   ASP   0.0331274   0.106203
1013   LYS   0.0494556   -0.392327
1016   HIS   0.103085   -0.212727
1019   TYR   0.0931066   0.445361
1020   SER   -0.162476   0
1021   SER   -0.163187   0
1037   TYR   0.0276476   1.50839
1039   MET   -0.592794   0
1040   THR   0.406168   0
1041   TYR   0.0796065   1.11316
1042   HID   0.033074   -0.586565
1059   ARG   0.0604542   -0.18826
1077   ARG   0.0339128   -0.113123
1080   PRO   -0.124883   0
1081   TYR   0.0680262   0.947762
1083   VAL   -0.101583   0
1085   TYR   -0.0160519   0.559218
1088   TYR   -0.0259881   0.19152
1089   GLU   -0.0644982   0.100655
1091   TYR   -0.0270206   0.106807
SITE:  GLU- 894
 387   GLN   0.216586   0
 391   GLU   0.20572   0.680062
 392   LYS   0.0350628   -0.102801
 393   GLU   -0.0530278   0.125871
 394   TYR   -0.122376   0.973511
 396   ASP   -0.0495763   0.11625
 398   HIS   -0.0525108   -0.323376
 890   TYR   0.0228342   0.104464
 892   VAL   0.10208   0
 893   LEU   -0.15917   0
 895   GLU   -0.0615714   0.55465
 897   HIS   0.0080562   -0.327176
 898   ASP   -0.0196882   0.112665
 899   TYR   -0.0614655   0.52072
1032   ARG   0.00610481   -0.175647
1035   ALA   -0.199742   0
1036   THR   0.108624   0
1037   TYR   -0.0153115   0.120975
1059   ARG   0.091611   -0.232738
1074   SER   0.166511   0
1076   TYR   -1.01596   0.408639
1077   ARG   -0.111816   -0.708682
1078   VAL   -0.0417126   0
1080   PRO   0.0242602   0
1081   TYR   -0.00416605   0.138537
1085   TYR   -0.00983127   0.160364
1089   GLU   -0.0254211   0.101761
SITE:  GLU- 895
 391   GLU   0.0434475   0.145715
 394   TYR   -0.1108   0.827795
 398   HIS   -0.0404562   -0.37463
 894   GLU   -0.323678   0.55465
 896   GLY   -0.534703   0
 897   HIS   0.260232   -0.379622
 898   ASP   0.0538241   0.254099
 899   TYR   -0.0241957   0.652504
1029   HIS   0.0482637   -0.117089
1032   ARG   0.307578   -1.44199
1033   VAL   0.3775   0
1034   GLY   -0.0691463   0
1035   ALA   -0.152445   0
1076   TYR   -0.0323463   0.347594
1077   ARG   0.0622304   -0.136307
SITE:  HIS- 897
 391   GLU   0.0242632   0.11673
 394   TYR   -0.069219   0.241209
 398   HIS   -0.0146692   -0.110552
 893   LEU   -0.176315   0
 894   GLU   0.325448   0.327176
 895   GLU   -0.177034   0.379622
 896   GLY   -0.27125   0
 898   ASP   -1.03769   0.89309
 899   TYR   -0.594874   1.60926
 901   SER   0.323484   0
 902   SER   0.183249   0
 903   LYS   0.289221   -0.367494
 904   GLY   1.70835   0
 905   GLN   0.213866   0
 907   MET   -0.22204   0
 908   VAL   -0.311996   0
 914   CYX   -0.177447   0
 917   ASP   0.078485   0.233738
 918   SER   -0.25615   0
 919   LEU   -0.245932   0
 944   ASP   0.0713154   0.291453
 946   TYR   -0.0888377   0.226733
 989   ARG   0.00247469   -0.20373
1019   TYR   0.0337516   0.122631
1032   ARG   -0.175931   -0.281891
1033   VAL   0.0816032   0
1034   GLY   0.25585   0
1037   TYR   -0.0152658   0.125321
1065   VAL   0.074337   0
1066   THR   0.191807   0
1069   MET   0.269189   0
1076   TYR   0.0273079   2.27404
1077   ARG   -0.0412292   -0.164316
1078   VAL   -0.149192   0
SITE:  ASP- 898
 394   TYR   -0.0232802   0.110112
 894   GLU   0.102414   0.112665
 895   GLU   -0.0450386   0.254099
 897   HIS   0.239338   -0.89309
 899   TYR   -0.539524   0.536443
 900   THR   -0.445256   0
 901   SER   -1.09846   0
 903   LYS   -0.080156   -0.299296
 904   GLY   -0.276696   0
 905   GLN   -0.206572   0
 946   TYR   -0.0501819   0.200162
 989   ARG   0.00159446   -0.116779
 991   GLN   0.197691   0
1032   ARG   -0.303354   -0.334344
1033   VAL   0.0656854   0
1034   GLY   0.126421   0
1076   TYR   0.0627527   0.474623
SITE:  TYR- 899
 391   GLU   0.056265   0.206042
 394   TYR   -0.183525   0.544017
 396   ASP   -0.0191998   0.105114
 398   HIS   -0.0372238   -0.273941
 890   TYR   -0.0644058   0.235739
 891   PHE   0.281336   0
 892   VAL   -0.245734   0
 893   LEU   -0.113216   0
 894   GLU   0.667996   0.52072
 895   GLU   -0.502436   0.652504
 896   GLY   -0.521982   0
 897   HIS   -0.281825   -1.60926
 898   ASP   -0.0825103   0.536443
 901   SER   0.177024   0
 903   LYS   0.084715   -0.136416
 904   GLY   0.30316   0
 905   GLN   -0.042596   0
 908   VAL   -0.251264   0
 917   ASP   0.0497897   0.143359
 918   SER   -0.181568   0
 919   LEU   -0.268877   0
 939   PRO   0.0544881   0
 941   SER   -0.23662   0
 942   TRP   -0.692088   0
 943   ILE   -0.236018   0
 944   ASP   0.0838342   0.518263
 945   ASP   -0.154488   0.230158
 946   TYR   -0.17965   0.476034
 948   ASP   -0.0484798   0.124969
 989   ARG   -0.035744   -0.222301
 990   PRO   0.0953412   0
1005   ASP   -0.000646887   0.108025
1013   LYS   -0.00607082   -0.179832
1016   HIS   0.038171   -0.111526
1019   TYR   0.127092   0.333807
1022   ALA   0.391269   0
1023   VAL   -0.37335   0
1024   ASN   -0.0769615   0
1032   ARG   -0.266774   -0.410012
1033   VAL   -0.0384636   0
1034   GLY   1.0121   0
1035   ALA   -0.490899   0
1036   THR   -1.08618   0
1037   TYR   0.0541659   0.394059
1038   PHE   -0.144654   0
1041   TYR   0.026416   0.147345
1042   HID   -0.000358351   -0.143333
1059   ARG   0.0643003   -0.122072
1076   TYR   -0.0592862   0.69158
1077   ARG   0.0500376   -0.219912
1078   VAL   -0.26421   0
1079   PHE   0.157822   0
1081   TYR   0.0109813   0.142043
1085   TYR   -0.00283245   0.186106
SITE:  LYS- 903
 897   HIS   -0.0772534   -0.367494
 898   ASP   -0.126816   0.299296
 899   TYR   -0.052184   0.136416
 901   SER   0.188893   0
 904   GLY   -0.232466   0
 906   ASN   -0.170084   0
 917   ASP   0.0349748   0.120637
 989   ARG   0.020348   -0.101128
1076   TYR   0.010358   0.323022
SITE:  ASP- 917
 897   HIS   -0.0442141   -0.233738
 899   TYR   -0.0182823   0.143359
 903   LYS   0.0825268   -0.120637
 907   MET   0.149672   0
 914   CYX   -0.153625   0
 915   ASN   -0.829337   0
 916   ASN   0.456715   0
 921   GLN   -0.193151   0
 922   GLN   -0.736529   0
 944   ASP   0.0236753   0.131992
 989   ARG   0.00369165   -0.101334
1065   VAL   0.0729766   0
1067   GLU   -0.0642196   0.178519
1068   THR   -0.481726   0
1076   TYR   -0.0301573   0.154254
SITE:  ASP- 930
 250   LYS   -0.0741894   -0.189372
 251   PRO   0.114458   0
 487   TYR   -0.00554307   0.124398
 518   ARG   0.0580398   -0.144257
 550   TYR   -0.0344651   0.480418
 551   ASP   -0.0513791   0.101195
 552   ASP   0.0317992   0.319617
 555   TYR   0.0260466   0.3099
 884   HIS   0.148172   -0.338085
 887   PRO   0.0958744   0
 890   TYR   -0.000402357   0.104805
 923   ILE   0.112827   0
 926   ALA   0.337028   0
 927   ALA   0.405409   0
 929   LEU   -0.183721   0
 931   ASN   -0.172626   0
 933   THR   0.369712   0
 934   ARG   -0.19079   -0.397426
 935   ILE   0.491638   0
 936   GLY   -0.100418   0
 937   PHE   0.19535   0
1041   TYR   0.14561   0.168317
1042   HID   -0.0827789   -0.471025
1043   THR   -0.404166   0
1050   ASP   0.0417493   0.212534
1053   ASP   -0.0349375   0.138875
1057   LYS   -0.0481056   -0.190507
1085   TYR   -0.0246918   0.22941
SITE:  TYR- 932
 253   PRO   -0.166593   0
 254   PRO   0.219728   0
 256   PRO   -0.00400561   0
 934   ARG   -0.0134231   -0.11676
1042   HID   -0.0243869   -0.126107
1053   ASP   0.0218366   0.188053
1056   LYS   0.00185289   -0.196762
1057   LYS   0.0521471   -0.666981
1085   TYR   -0.00471328   0.121515
SITE:  ARG- 934
 550   TYR   0.0206982   0.147043
 552   ASP   0.0144481   0.131511
 857   ASP   -0.0233028   0.10687
 861   ASP   0.00792792   0.100415
 875   TYR   0.00846762   0.102989
 884   HIS   0.0421289   -0.181968
 930   ASP   0.181135   0.397426
 931   ASN   0.494472   0
 932   TYR   -0.010673   0.11676
 933   THR   -0.213842   0
1042   HID   -0.137972   -0.449555
1044   VAL   0.452989   0
1045   LEU   -0.175457   0
1046   GLN   -0.34641   0
1050   ASP   0.349352   1.54985
1053   ASP   -0.235068   0.537719
1056   LYS   -0.0790567   -0.117497
1057   LYS   -0.102968   -0.423821
1085   TYR   -0.0296651   0.263829
1088   TYR   -0.016248   0.149236
SITE:  ASP- 944
  96   ARG   0.106702   -0.243748
 164   GLU   0.0185069   0.106516
 232   ASP   0.0101659   0.127078
 233   GLU   -0.00327507   0.114235
 234   VAL   0.118099   0
 237   PRO   0.0949573   0
 242   ASP   0.00665845   0.191503
 487   TYR   -0.0112139   0.121309
 515   TYR   0.017188   0.13866
 518   ARG   0.0439288   -0.139773
 555   TYR   -0.00616814   0.126077
 890   TYR   -0.0386332   0.163423
 897   HIS   -0.0484435   -0.291453
 899   TYR   0.0990326   0.518263
 905   GLN   0.158515   0
 906   ASN   0.197259   0
 908   VAL   0.200566   0
 909   CYX   -0.811316   0
 910   GLY   -0.85362   0
 911   GLY   -0.0673635   0
 917   ASP   -0.00568863   0.131992
 920   VAL   -0.308064   0
 939   PRO   -0.0982244   0
 941   SER   -0.803854   0
 943   ILE   -0.418231   0
 945   ASP   -0.776976   0.912508
 946   TYR   -0.33841   0.453898
 947   PHE   -0.327812   0
 948   ASP   -0.269229   0.624708
 951   LYS   -0.0606888   -0.386546
 980   ARG   -0.0638325   -0.124902
 987   LYS   0.112677   -0.11765
 989   ARG   -0.219218   -0.600069
 990   PRO   0.0579099   0
1005   ASP   0.00763091   0.177598
1013   LYS   -0.0507738   -0.411909
1019   TYR   0.000625795   0.679793
1037   TYR   0.00461444   0.23039
1041   TYR   0.0325826   0.169319
1042   HID   0.00907513   -0.11712
1076   TYR   -0.0170738   0.110291
1085   TYR   0.00110272   0.106264
SITE:  ASP- 945
  96   ARG   0.107917   -0.334368
 164   GLU   0.0251646   0.137016
 232   ASP   0.00291539   0.100951
 242   ASP   0.0204548   0.210052
 487   TYR   -0.0222866   0.207853
 515   TYR   0.0309258   0.244114
 518   ARG   0.0421516   -0.185416
 520   PRO   -0.00727604   0
 540   PRO   -0.0264383   0
 550   TYR   -0.00901358   0.105149
 555   TYR   -0.0114966   0.167574
 890   TYR   -0.0128527   0.225496
 899   TYR   0.0461136   0.230158
 939   PRO   0.0108699   0
 941   SER   0.40875   0
 942   TRP   0.36756   0
 943   ILE   0.0878619   0
 944   ASP   -0.347874   0.912508
 946   TYR   -0.27875   0.399384
 948   ASP   -0.440735   0.740725
 949   TRP   -0.218844   0
 951   LYS   -0.00540607   -0.446486
 954   SER   -0.155245   0
 958   ARG   0.0388844   -0.105735
 980   ARG   -0.041062   -0.100382
 987   LYS   0.0617691   -0.103898
 989   ARG   -0.144679   -0.244172
1005   ASP   0.0269058   0.408769
1013   LYS   -0.245106   -1.65617
1014   GLY   0.166146   0
1015   GLY   0.0281681   0
1016   HIS   0.0142996   -0.20027
1019   TYR   -1.78529   3.13321
1037   TYR   0.0270238   0.310688
1041   TYR   0.0195608   0.273967
1042   HID   0.0173589   -0.105225
SITE:  TYR- 946
 232   ASP   -0.00108467   0.100131
 897   HIS   -0.00483412   -0.226733
 898   ASP   0.046239   0.200162
 899   TYR   0.254896   0.476034
 900   THR   -0.300462   0
 905   GLN   -0.397594   0
 942   TRP   0.258327   0
 943   ILE   0.245313   0
 944   ASP   0.12796   0.453898
 945   ASP   -0.15964   0.399384
 948   ASP   -0.122369   0.36645
 949   TRP   -0.158204   0
 950   VAL   -0.36381   0
 951   LYS   0.0253684   -0.286579
 952   PRO   -0.0371366   0
 954   SER   -0.181028   0
 958   ARG   0.0685645   -0.171867
 964   ASP   -0.00197787   0.1416
 978   ARG   -0.166091   -0.0872252
 979   CYX   -0.186579   0
 980   ARG   -0.104711   -0.616234
 981   PRO   0.0921454   0
 985   GLU   0.0847491   0.135558
 986   GLY   0.144129   0
 987   LYS   0.138068   -0.145653
 988   GLN   0.184042   0
 989   ARG   -0.429491   -0.424838
 990   PRO   0.141081   0
 991   GLN   0.147254   0
 992   GLY   0.543562   0
 993   GLY   0.226804   0
 994   ASP   0.537702   0.686457
 995   PHE   3.00509   0
 996   MET   0.0872965   0
 997   ARG   -0.518703   -0.32051
 998   PHE   -1.21846   0
 999   LEU   -0.225452   0
1000   PRO   0.0451655   0
1001   MET   -0.548996   0
1002   PHE   -0.40439   0
1005   ASP   -0.0988739   0.499158
1013   LYS   -0.0196647   -0.23177
1015   GLY   -0.0591068   0
1016   HIS   0.0136182   -0.177846
1019   TYR   -0.0180946   0.332247
1031   THR   0.127006   0
1032   ARG   -0.0594728   -0.116254
1033   VAL   -0.156379   0
1037   TYR   0.0381598   0.147941
SITE:  ASP- 948
  61   GLU   0.02237   0.158504
  84   LYS   0.0206493   -0.146738
  96   ARG   0.113166   -0.353593
  98   PRO   -0.0752685   0
 102   TYR   -0.0189747   0.105215
 164   GLU   0.0279208   0.133767
 232   ASP   0.00742541   0.219396
 233   GLU   -0.0236746   0.120014
 234   VAL   0.119234   0
 237   PRO   0.124928   0
 242   ASP   0.0183215   0.254363
 487   TYR   -0.00985715   0.12396
 515   TYR   0.023408   0.252844
 518   ARG   0.01859   -0.151361
 555   TYR   -0.010651   0.116586
 899   TYR   0.0374995   0.124969
 911   GLY   -0.135591   0
 943   ILE   0.1251   0
 944   ASP   0.252725   0.624708
 945   ASP   0.228751   0.740725
 946   TYR   0.138712   0.36645
 949   TRP   -0.285916   0
 950   VAL   -0.146268   0
 951   LYS   -0.350752   -1.756
 952   PRO   -0.0395501   0
 954   SER   -0.299114   0
 958   ARG   0.0468444   -0.139662
 980   ARG   -0.11283   -0.168019
 987   LYS   0.177088   -0.222767
 989   ARG   -0.287513   -0.442913
 990   PRO   0.012938   0
1005   ASP   0.0163847   0.282012
1013   LYS   -0.115053   -0.427574
1019   TYR   -0.0783826   0.443825
1037   TYR   0.00310114   0.108669
1041   TYR   0.0111182   0.110276
SITE:  LYS- 951
  57   ASP   0.0287139   0.115346
  61   GLU   0.0360196   0.256407
  84   LYS   0.0227666   -0.231567
  96   ARG   0.104164   -0.336112
  98   PRO   -0.0819238   0
 102   TYR   -0.0295526   0.155636
 164   GLU   0.0289488   0.122267
 232   ASP   -0.00169158   0.286835
 233   GLU   -0.0330074   0.123456
 234   VAL   0.0481292   0
 237   PRO   0.0995165   0
 242   ASP   0.0193476   0.246659
 515   TYR   0.0198289   0.249807
 518   ARG   0.00695853   -0.12615
 944   ASP   0.0604217   0.386546
 945   ASP   0.0792385   0.446486
 946   TYR   0.120695   0.286579
 947   PHE   0.134892   0
 948   ASP   0.763565   1.756
 950   VAL   0.0166325   0
 952   PRO   -0.265316   0
 953   GLN   -0.135098   0
 954   SER   -0.329429   0
 958   ARG   0.0636824   -0.199828
 978   ARG   -0.174805   -0.104818
 980   ARG   -0.111609   -0.189668
 987   LYS   0.16541   -0.316673
 989   ARG   -0.197437   -0.350446
 990   PRO   0.000547434   0
1005   ASP   0.0172487   0.241089
1013   LYS   -0.079732   -0.300291
1019   TYR   -0.0517348   0.28851
SITE:  ARG- 958
  54   ASP   0.039066   0.102398
  57   ASP   -0.00901368   0.322026
  61   GLU   0.0189097   0.363072
  84   LYS   0.00453927   -0.333023
 945   ASP   0.0142541   0.105735
 946   TYR   0.0695278   0.171867
 948   ASP   0.0301171   0.139662
 949   TRP   0.190934   0
 950   VAL   0.115866   0
 951   LYS   0.188181   -0.199828
 952   PRO   0.13199   0
 955   SER   1.20523   0
 956   CYX   0.281882   0
 959   VAL   0.083863   0
 960   ASP   -0.00555566   0.17515
 966   PHE   -0.163954   0
 967   CYX   0.0411386   0
 968   ASN   0.536527   0
 973   ASP   0.113083   0.832775
 977   VAL   0.229742   0
 978   ARG   -0.422918   -0.456115
 979   CYX   -0.108461   0
 980   ARG   0.00474874   -0.138687
 987   LYS   0.0265469   -0.146818
1005   ASP   0.0194144   0.373584
1010   LYS   -0.0534779   -0.213503
SITE:  ASP- 960
 958   ARG   -0.170773   -0.17515
 959   VAL   -0.166093   0
 961   ASN   -0.574653   0
 962   ILE   -0.695534   0
 963   THR   -0.757822   0
 964   ASP   -0.469308   0.324825
 965   GLN   0.170266   0
 973   ASP   -0.11285   0.136388
 974   PRO   -0.175649   0
 976   CYX   -0.535035   0
 977   VAL   0.101622   0
 978   ARG   0.0348079   -0.106655
 997   ARG   0.0411027   -0.133604
SITE:  ASP- 964
 946   TYR   0.0188268   0.1416
 959   VAL   -0.154213   0
 960   ASP   0.268384   0.324825
 961   ASN   0.241971   0
 963   THR   -0.273928   0
 980   ARG   0.0389912   -0.156354
 994   ASP   0.0158188   0.192736
 997   ARG   0.591117   -1.26652
SITE:  ASP- 973
  54   ASP   0.0309603   0.105358
  57   ASP   -0.0195229   0.215094
  61   GLU   0.00562849   0.228054
  84   LYS   -0.0102623   -0.22853
 958   ARG   -0.275648   -0.832775
 960   ASP   -0.0267572   0.136388
 968   ASN   0.377082   0
 971   VAL   -0.00804494   0
 974   PRO   -0.204724   0
 976   CYX   0.183441   0
 978   ARG   -0.0943966   -0.240182
1005   ASP   0.00601464   0.145925
1010   LYS   -0.0447193   -0.211472
SITE:  ARG- 978
  54   ASP   0.0909191   0.16742
  56   TYR   -0.049754   0.12421
  57   ASP   0.615157   1.57847
  61   GLU   -0.0419345   0.31753
  84   LYS   -0.00820233   -0.219629
 951   LYS   0.0397061   -0.104818
 952   PRO   0.0600464   0
 958   ARG   -0.156999   -0.456115
 960   ASP   0.00414509   0.106655
 973   ASP   -0.0111933   0.240182
 977   VAL   -0.0965046   0
 980   ARG   0.228806   -0.17285
 987   LYS   0.00811755   -0.188749
SITE:  ARG- 980
 232   ASP   -0.00756806   0.124256
 233   GLU   -0.0068634   0.136212
 944   ASP   0.0372913   0.124902
 945   ASP   -0.00378085   0.100382
 946   TYR   0.0908255   0.616234
 948   ASP   0.00180005   0.168019
 950   VAL   0.108447   0
 951   LYS   -0.0422368   -0.189668
 952   PRO   -0.0894001   0
 958   ARG   -0.00162678   -0.138687
 964   ASP   -0.00593073   0.156354
 978   ARG   -0.185783   -0.17285
 979   CYX   -0.319504   0
 981   PRO   -0.0160625   0
 983   THR   0.179649   0
 985   GLU   0.45006   0.653401
 986   GLY   0.467805   0
 987   LYS   0.108627   -0.251504
 988   GLN   0.873866   0
 989   ARG   -0.0218134   -0.339531
 990   PRO   -0.234519   0
 991   GLN   -0.219618   0
 994   ASP   -0.192473   0.87131
 997   ARG   -0.127366   -0.202842
1005   ASP   -0.0055061   0.118961
SITE:  GLU- 985
 232   ASP   -0.0140482   0.1219
 233   GLU   0.000534383   0.176164
 946   TYR   0.0105772   0.135558
 980   ARG   -0.170162   -0.653401
 981   PRO   0.147418   0
 983   THR   0.333314   0
 986   GLY   -0.41486   0
 987   LYS   -0.125041   -0.247884
 989   ARG   0.187025   -0.182557
 991   GLN   -0.210572   0
 994   ASP   -0.0279861   0.2837
SITE:  LYS- 987
  57   ASP   0.117027   0.236772
  60   GLN   1.13445   0
  61   GLU   0.00421778   0.369349
  64   PRO   -0.118965   0
  84   LYS   0.0065063   -0.21624
 102   TYR   -0.0204748   0.402775
 110   GLU   -0.0168975   0.144408
 225   LYS   -0.0055402   -0.143648
 232   ASP   0.0506074   0.737892
 233   GLU   -0.121374   0.274915
 944   ASP   0.0321908   0.11765
 945   ASP   0.0119653   0.103898
 946   TYR   0.0374099   0.145653
 948   ASP   0.0448192   0.222767
 951   LYS   -0.124848   -0.316673
 952   PRO   -0.189302   0
 958   ARG   0.021791   -0.146818
 978   ARG   -0.145814   -0.188749
 980   ARG   -0.161968   -0.251504
 981   PRO   0.312784   0
 982   LEU   -0.350025   0
 983   THR   0.662041   0
 984   PRO   0.237938   0
 985   GLU   0.0701722   0.247884
 986   GLY   -0.0682019   0
 989   ARG   -0.0230202   -0.234521
SITE:  ARG- 989
  96   ARG   0.0430357   -0.111969
 232   ASP   0.00219088   0.22717
 233   GLU   0.15747   0.435988
 234   VAL   0.0404939   0
 897   HIS   -0.0385648   -0.20373
 898   ASP   -0.0384902   0.116779
 899   TYR   0.112753   0.222301
 902   SER   0.369832   0
 903   LYS   0.0959724   -0.101128
 905   GLN   0.304082   0
 906   ASN   0.656752   0
 909   CYX   -0.0221245   0
 911   GLY   -0.426016   0
 912   MET   -0.572945   0
 913   GLY   -0.545174   0
 914   CYX   -0.143393   0
 917   ASP   -0.00973824   0.101334
 943   ILE   0.0750305   0
 944   ASP   0.159432   0.600069
 945   ASP   -0.0166182   0.244172
 946   TYR   -0.0434568   0.424838
 948   ASP   -0.0384124   0.442913
 951   LYS   -0.135347   -0.350446
 952   PRO   -0.0665189   0
 980   ARG   -0.207664   -0.339531
 985   GLU   0.147526   0.182557
 986   GLY   0.121149   0
 987   LYS   0.172805   -0.234521
 990   PRO   -0.0171273   0
 994   ASP   -0.0598042   0.140972
1013   LYS   -0.0211943   -0.127783
1019   TYR   -0.013192   0.173288
SITE:  ASP- 994
 946   TYR   -0.0261721   0.686457
 964   ASP   0.00620369   0.192736
 980   ARG   0.240763   -0.87131
 981   PRO   0.0188341   0
 985   GLU   0.124187   0.2837
 989   ARG   -0.0277988   -0.140972
 990   PRO   -0.176497   0
 992   GLY   0.202112   0
 993   GLY   0.125063   0
 995   PHE   -0.195675   0
 997   ARG   -0.61861   -0.314708
 998   PHE   -0.29438   0
SITE:  ARG- 997
 946   TYR   0.0114334   0.32051
 960   ASP   0.0889447   0.133604
 964   ASP   -0.202535   1.26652
 980   ARG   0.0505421   -0.202842
 994   ASP   0.105014   0.314708
SITE:  ASP-1005
  61   GLU   0.00998226   0.100979
  84   LYS   0.00994358   -0.10256
  96   ARG   0.026348   -0.117126
 475   TYR   -0.0520593   0.301372
 515   TYR   0.00881085   0.125152
 890   TYR   -0.00213427   0.106203
 899   TYR   0.026941   0.108025
 944   ASP   0.00597934   0.177598
 945   ASP   -0.0113258   0.408769
 946   TYR   0.133324   0.499158
 948   ASP   -0.0591204   0.282012
 949   TRP   -1.35639   0
 951   LYS   0.100757   -0.241089
 956   CYX   -0.249622   0
 957   CYX   -0.31833   0
 958   ARG   0.146946   -0.373584
 966   PHE   -0.22908   0
 967   CYX   0.217116   0
 968   ASN   0.328776   0
 969   ALA   -0.430968   0
 973   ASP   -0.00513102   0.145925
 980   ARG   -0.0215336   -0.118961
 998   PHE   0.172967   0
 999   LEU   0.255352   0
1000   PRO   0.126904   0
1001   MET   0.500976   0
1002   PHE   0.600344   0
1004   SER   -0.46868   0
1006   ASN   1.27231   0
1007   PRO   -0.150674   0
1008   ASN   -0.53418   0
1010   LYS   -0.13758   -0.179748
1011   CYX   -0.314647   0
1012   GLY   0.188617   0
1013   LYS   0.0958421   -0.496972
1014   GLY   -1.12735   0
1015   GLY   -0.761714   0
1016   HIS   -0.497332   -0.593222
1017   ALA   -0.200602   0
1018   ALA   -0.150067   0
1019   TYR   -0.160696   0.364207
1037   TYR   0.0142894   0.15085
1041   TYR   0.00804897   0.116854
SITE:  LYS-1010
  61   GLU   0.0121543   0.117305
  84   LYS   0.0111213   -0.151387
 475   TYR   0.00319917   0.172954
 515   TYR   0.00585943   0.110935
 530   HIS   0.0132377   -0.113899
 958   ARG   0.0256589   -0.213503
 973   ASP   0.0348682   0.211472
1005   ASP   0.0188046   0.179748
1008   ASN   0.587998   0
1009   PRO   -0.124008   0
1011   CYX   -0.267012   0
SITE:  LYS-1013
  96   ARG   0.0771447   -0.285869
 164   GLU   0.025344   0.127735
 242   ASP   0.0209202   0.168732
 406   GLU   0.0205724   0.104646
 471   PRO   -0.128001   0
 475   TYR   -0.0522446   0.113638
 487   TYR   -0.0342811   0.304694
 512   HIS   0.0215094   -0.120908
 515   TYR   0.0295876   0.244091
 518   ARG   0.0519545   -0.184178
 520   PRO   0.0260688   0
 525   ASP   0.0049782   0.104461
 538   GLY   0.0574397   0
 539   GLY   -0.191235   0
 540   PRO   -0.0156611   0
 550   TYR   -0.00681901   0.131115
 555   TYR   -0.00133171   0.18622
 875   TYR   0.00769563   0.106111
 890   TYR   0.000226255   0.392327
 899   TYR   0.0287572   0.179832
 939   PRO   0.0809592   0
 940   SER   0.299094   0
 941   SER   0.130645   0
 944   ASP   -0.0968317   0.411909
 945   ASP   0.492018   1.65617
 946   TYR   0.00503194   0.23177
 948   ASP   -0.124099   0.427574
 951   LYS   0.00932317   -0.300291
 989   ARG   -0.0678732   -0.127783
1005   ASP   0.144069   0.496972
1006   ASN   0.159727   0
1007   PRO   -0.165501   0
1012   GLY   -0.0336101   0
1014   GLY   0.377874   0
1015   GLY   0.0679954   0
1016   HIS   -0.0140934   -0.3202
1018   ALA   -0.201758   0
1019   TYR   -0.112316   2.46539
1037   TYR   -0.00309067   0.498966
1041   TYR   0.02857   0.489951
1042   HID   0.0307838   -0.142062
1081   TYR   0.0161733   0.114274
1085   TYR   -0.00286768   0.112584
SITE:  HIS-1016
 471   PRO   0.0788495   0
 472   LEU   -0.430938   0
 473   SER   0.477922   0
 475   TYR   -0.267178   0.223955
 538   GLY   0.0984386   0
 570   TYR   -0.000186708   0.126401
 890   TYR   0.00246578   0.212727
 899   TYR   0.0148416   0.111526
 945   ASP   -0.03747   0.20027
 946   TYR   -0.00191686   0.177846
1000   PRO   0.136361   0
1002   PHE   0.30705   0
1003   LEU   0.823186   0
1005   ASP   0.411643   0.593222
1006   ASN   0.522534   0
1007   PRO   -0.0590448   0
1013   LYS   0.137042   -0.3202
1014   GLY   -0.114448   0
1015   GLY   -0.0793325   0
1017   ALA   -0.338386   0
1018   ALA   -0.242008   0
1019   TYR   -0.257893   0.287473
1020   SER   -0.466796   0
1037   TYR   0.0328242   0.311628
1041   TYR   0.0157165   0.186494
SITE:  TYR-1019
  96   ARG   0.0760633   -0.262277
 164   GLU   0.0237084   0.120043
 242   ASP   0.0155708   0.164506
 406   GLU   0.0175752   0.102607
 471   PRO   -0.0845334   0
 487   TYR   -0.0285788   0.256955
 515   TYR   0.028943   0.199912
 518   ARG   0.0600946   -0.175466
 520   PRO   0.00358439   0
 539   GLY   -0.111519   0
 540   PRO   0.0234986   0
 550   TYR   -0.00612317   0.128639
 555   TYR   -0.00518429   0.177724
 875   TYR   0.00404402   0.107817
 890   TYR   -0.0387719   0.445361
 897   HIS   -0.00749678   -0.122631
 899   TYR   0.039858   0.333807
 939   PRO   0.147267   0
 940   SER   0.768863   0
 941   SER   0.285977   0
 943   ILE   0.0234055   0
 944   ASP   -0.234648   0.679793
 945   ASP   0.350466   3.13321
 946   TYR   -0.103788   0.332247
 948   ASP   -0.175104   0.443825
 951   LYS   -0.00299192   -0.28851
 989   ARG   -0.0802583   -0.173288
1005   ASP   0.0662258   0.364207
1013   LYS   -0.175439   -2.46539
1014   GLY   0.22582   0
1015   GLY   0.153709   0
1016   HIS   0.10199   -0.287473
1018   ALA   -0.191428   0
1037   TYR   0.0880725   0.636211
1038   PHE   -0.16217   0
1041   TYR   0.0478515   0.496341
1042   HID   0.0307488   -0.171477
1081   TYR   0.0191667   0.137477
1085   TYR   -0.00262344   0.143424
SITE:  HIS-1029
 895   GLU   -0.00253652   0.117089
1028   GLY   0.0394557   0
1030   GLY   -0.245358   0
1031   THR   -0.149259   0
1032   ARG   -0.115569   -0.230049
SITE:  ARG-1032
 394   TYR   -0.000786412   0.27082
 398   HIS   -0.0272418   -0.192405
 894   GLU   0.0393332   0.175647
 895   GLU   0.636092   1.44199
 896   GLY   -0.161526   0
 897   HIS   0.282396   -0.281891
 898   ASP   0.128972   0.334344
 899   TYR   -0.00732168   0.410012
 946   TYR   -0.0232206   0.116254
1026   LEU   -0.00218339   0
1028   GLY   0.277579   0
1029   HIS   0.19101   -0.230049
1033   VAL   0.154695   0
1034   GLY   0.0837375   0
1076   TYR   0.00862191   0.228072
SITE:  TYR-1037
 391   GLU   0.0360334   0.156873
 392   LYS   0.0608466   -0.213728
 394   TYR   -0.0366022   0.199323
 396   ASP   -0.00195242   0.307938
 398   HIS   -0.0573557   -0.230803
 399   PHE   0.210794   0
 400   GLY   0.34767   0
 401   PRO   0.207018   0
 402   PHE   -0.227052   0
 404   ARG   0.0777296   -0.185121
 406   GLU   0.043591   0.216649
 471   PRO   -0.106186   0
 487   TYR   -0.0236882   0.210934
 538   GLY   0.131533   0
 539   GLY   -0.0526302   0
 540   PRO   0.166982   0
 550   TYR   0.00214372   0.105293
 555   TYR   0.00925112   0.101196
 566   PRO   -0.0777211   0
 568   ASN   -0.251378   0
 570   TYR   0.0124034   0.183512
 584   GLU   -0.00417506   0.142587
 606   GLU   0.0122815   0.213672
 875   TYR   0.00153159   0.199158
 888   PRO   -0.119522   0
 889   VAL   0.108646   0
 890   TYR   -0.00563178   1.50839
 894   GLU   -0.00905579   0.120975
 897   HIS   -0.00552238   -0.125321
 899   TYR   0.027404   0.394059
 939   PRO   0.21324   0
 940   SER   0.444004   0
 942   TRP   -0.199057   0
 944   ASP   -0.0190398   0.23039
 945   ASP   -0.0749194   0.310688
 946   TYR   -0.0435558   0.147941
 948   ASP   -0.0394522   0.108669
1005   ASP   0.0457486   0.15085
1013   LYS   0.0402965   -0.498966
1015   GLY   0.10155   0
1016   HIS   0.212468   -0.311628
1018   ALA   0.339462   0
1019   TYR   0.126521   0.636211
1020   SER   -0.245892   0
1021   SER   -0.567842   0
1023   VAL   0.0241246   0
1039   MET   -0.22541   0
1040   THR   0.162765   0
1041   TYR   0.0875445   0.786186
1042   HID   0.0306758   -0.292165
1059   ARG   0.0485695   -0.114111
1081   TYR   0.0115843   0.47222
1085   TYR   -0.00579088   0.293977
SITE:  TYR-1041
  96   ARG   0.0247116   -0.110541
 392   LYS   0.00963142   -0.182266
 396   ASP   0.0119963   0.187716
 400   GLY   0.106348   0
 401   PRO   0.0764386   0
 402   PHE   -0.17659   0
 404   ARG   0.094653   -0.242625
 406   GLU   0.0636914   0.424314
 407   GLN   -0.206224   0
 451   GLU   -0.00508705   0.126949
 471   PRO   -0.145863   0
 482   LEU   -0.0188802   0
 486   ASN   -0.171865   0
 487   TYR   -0.041315   0.456845
 512   HIS   0.015305   -0.109354
 518   ARG   0.0410858   -0.126613
 520   PRO   0.0260148   0
 538   GLY   0.120602   0
 539   GLY   -0.0416006   0
 540   PRO   0.261226   0
 541   VAL   -0.166414   0
 543   PRO   0.080183   0
 544   TRP   -0.248046   0
 545   LEU   0.0348965   0
 546   VAL   -0.0176616   0
 547   LEU   0.127608   0
 550   TYR   0.0269373   0.314694
 555   TYR   0.025716   0.2168
 566   PRO   -0.165546   0
 567   VAL   0.0884643   0
 570   TYR   0.00993425   0.122698
 584   GLU   0.00113779   0.234233
 606   GLU   0.0430958   0.404435
 871   TYR   -0.0160325   0.131279
 875   TYR   0.0180545   0.617578
 883   LEU   -0.211458   0
 884   HIS   -0.117468   -0.274945
 886   GLY   0.354802   0
 887   PRO   -0.0542518   0
 888   PRO   -0.341778   0
 889   VAL   0.121532   0
 890   TYR   0.0408852   1.11316
 899   TYR   0.0139107   0.147345
 930   ASP   0.0221883   0.168317
 938   ALA   0.207194   0
 939   PRO   0.121817   0
 940   SER   0.266667   0
 944   ASP   -0.0256582   0.169319
 945   ASP   -0.0176815   0.273967
 948   ASP   -0.026682   0.110276
1005   ASP   0.037584   0.116854
1013   LYS   0.0181592   -0.489951
1016   HIS   0.0853874   -0.186494
1019   TYR   0.0627345   0.496341
1037   TYR   -0.0589019   0.786186
1039   MET   -0.145054   0
1040   THR   0.127855   0
1042   HID   0.141563   -0.543183
1043   THR   0.149729   0
1050   ASP   -0.00713621   0.123081
1059   ARG   0.0361477   -0.103087
1081   TYR   0.0466603   0.404248
1085   TYR   -0.0198429   0.383526
1088   TYR   -0.0132647   0.213705
1091   TYR   -0.027511   0.105609
SITE:  HID-1042
 389   ARG   0.0454015   -0.118524
 391   GLU   -0.106105   0.280857
 392   LYS   -0.00487115   -0.22885
 396   ASP   -0.007155   0.186385
 404   ARG   0.00137142   -0.158079
 406   GLU   0.00622694   0.18747
 487   TYR   -0.00980056   0.137866
 550   TYR   0.00871616   0.229351
 555   TYR   0.0160933   0.140332
 584   GLU   0.0105431   0.13761
 606   GLU   0.0723368   0.309925
 861   ASP   0.00109708   0.109464
 875   TYR   -0.0142088   0.39241
 884   HIS   0.0212606   -0.228323
 885   ALA   -0.239218   0
 886   GLY   -0.46875   0
 887   PRO   1.08222   0
 888   PRO   0.287031   0
 889   VAL   -0.269181   0
 890   TYR   0.0459797   0.586565
 899   TYR   0.00345762   0.143333
 923   ILE   0.0609237   0
 930   ASP   0.081031   0.471025
 932   TYR   0.0512046   0.126107
 933   THR   -0.287956   0
 934   ARG   1.39296   -0.449555
 935   ILE   -0.287156   0
 936   GLY   -0.377532   0
 937   PHE   0.136671   0
 939   PRO   0.0489371   0
 944   ASP   -0.0050094   0.11712
 945   ASP   -0.0142082   0.105225
1013   LYS   0.00181585   -0.142062
1019   TYR   0.0202412   0.171477
1037   TYR   -0.088104   0.292165
1038   PHE   0.148076   0
1039   MET   -0.243936   0
1040   THR   0.285838   0
1041   TYR   -0.0619617   0.543183
1043   THR   0.565422   0
1044   VAL   0.135139   0
1045   LEU   -0.103646   0
1047   THR   0.154948   0
1048   SER   0.115739   0
1050   ASP   0.195638   0.521559
1051   PHE   0.345535   0
1052   ILE   0.214088   0
1053   ASP   -0.131528   0.430284
1055   LEU   0.235222   0
1056   LYS   -0.0530324   -0.21607
1057   LYS   -0.332777   -0.40357
1058   ALA   -0.437732   0
1059   ARG   0.0141826   -0.486947
1061   ILE   -0.197702   0
1077   ARG   0.0459894   -0.189387
1080   PRO   -0.242728   0
1081   TYR   0.188243   0.582847
1082   SER   0.226094   0
1083   VAL   -0.109342   0
1085   TYR   -0.928914   4.46093
1088   TYR   -0.0897456   0.417399
1089   GLU   -0.139902   0.243273
1091   TYR   -0.0869712   0.232986
SITE:  ASP-1050
 550   TYR   0.020883   0.11548
 606   GLU   0.0317984   0.127363
 857   ASP   -0.0449149   0.179556
 861   ASP   0.0110171   0.209376
 875   TYR   0.00378436   0.189297
 884   HIS   0.0239752   -0.160905
 887   PRO   0.0316732   0
 930   ASP   0.0856358   0.212534
 931   ASN   0.216632   0
 934   ARG   0.320166   -1.54985
1041   TYR   -0.0205302   0.123081
1042   HID   -0.0740349   -0.521559
1043   THR   0.139175   0
1044   VAL   0.486431   0
1045   LEU   -0.880113   0
1046   GLN   -1.1155   0
1047   THR   0.594247   0
1048   SER   0.190327   0
1051   PHE   -0.148289   0
1053   ASP   -0.492766   0.762286
1054   ALA   -0.300578   0
1056   LYS   -0.109201   -0.14098
1057   LYS   -0.093619   -0.286116
1081   TYR   0.00561919   0.118298
1085   TYR   -0.0501525   0.369859
1088   TYR   -0.0583728   0.399802
1091   TYR   -0.0470197   0.221722
SITE:  ASP-1053
 857   ASP   -0.0491426   0.18987
 861   ASP   0.00328598   0.123478
 930   ASP   0.0233299   0.138875
 931   ASN   0.232632   0
 932   TYR   0.063095   0.188053
 934   ARG   -0.148771   -0.537719
1042   HID   -0.0551068   -0.430284
1047   THR   0.116915   0
1048   SER   0.21701   0
1049   ALA   0.683946   0
1050   ASP   0.200738   0.762286
1052   ILE   -0.0813185   0
1054   ALA   -0.295272   0
1056   LYS   -0.440526   -0.432907
1057   LYS   -0.256209   -0.676315
1059   ARG   -0.0513992   -0.152634
1085   TYR   -0.0363644   0.437446
1088   TYR   -0.00248724   0.250249
1089   GLU   -0.0187594   0.140573
1091   TYR   -0.00722824   0.218429
SITE:  LYS-1056
 391   GLU   -0.0290554   0.105857
 932   TYR   0.0413696   0.196762
 934   ARG   -0.0383119   -0.117497
1042   HID   -0.03103   -0.21607
1050   ASP   0.0404593   0.14098
1052   ILE   0.176133   0
1053   ASP   0.15236   0.432907
1057   LYS   -0.172907   -0.439958
1059   ARG   -0.209432   -0.251712
1077   ARG   0.0166229   -0.123337
1085   TYR   0.00889239   0.320332
1088   TYR   0.0383632   0.114203
1089   GLU   0.0352626   0.239313
1091   TYR   0.0732957   0.15173
1096   ASP   -0.0579258   0.112541
1097   ASP   -0.0292678   0.101219
SITE:  LYS-1057
 254   PRO   0.100563   0
 256   PRO   0.0759456   0
 930   ASP   -0.0154647   0.190507
 931   ASN   0.272624   0
 932   TYR   1.89681   0.666981
 934   ARG   -0.117196   -0.423821
1042   HID   -0.0906671   -0.40357
1050   ASP   0.0908129   0.286116
1053   ASP   0.0443656   0.676315
1054   ALA   0.177464   0
1056   LYS   0.0747898   -0.439958
1058   ALA   -0.202555   0
1059   ARG   -0.0732827   -0.196507
1060   LEU   -0.193999   0
1085   TYR   -0.028889   0.434267
1088   TYR   -0.000628413   0.100233
1089   GLU   -0.0108966   0.103445
SITE:  ARG-1059
 387   GLN   -0.525634   0
 389   ARG   0.0621462   -0.269096
 391   GLU   -0.695796   1.20231
 392   LYS   -0.0670183   -0.253184
 393   GLU   -0.0591124   0.147124
 394   TYR   -0.109578   0.14358
 396   ASP   -0.0431497   0.182584
 606   GLU   0.0239388   0.121296
 890   TYR   0.0813348   0.18826
 892   VAL   0.0681844   0
 894   GLU   -0.0270055   0.232738
 899   TYR   -0.00716933   0.122072
1037   TYR   -0.0433284   0.114111
1041   TYR   0.0115683   0.103087
1042   HID   -0.0252138   -0.486947
1052   ILE   0.138627   0
1053   ASP   0.0400567   0.152634
1055   LEU   0.0242022   0
1056   LYS   0.133241   -0.251712
1057   LYS   0.0716669   -0.196507
1061   ILE   -0.177076   0
1062   ALA   -0.21075   0
1077   ARG   0.30803   -0.910017
1078   VAL   0.0967842   0
1079   PHE   -0.313974   0
1080   PRO   0.356042   0
1081   TYR   -0.127631   0.453013
1082   SER   0.0616986   0
1085   TYR   -0.0432128   1.02692
1086   VAL   0.0263034   0
1088   TYR   -0.0801856   0.191919
1089   GLU   -0.454972   1.38233
1091   TYR   -0.091137   0.193925
1097   ASP   -0.0246564   0.150176
SITE:  GLU-1067
 917   ASP   0.0211334   0.178519
1063   SER   0.191998   0
1064   ASN   0.329886   0
1068   THR   -0.444998   0
1077   ARG   -0.0459095   -0.113855
SITE:  TYR-1076
 391   GLU   0.0254358   0.12859
 394   TYR   -0.0522368   0.220381
 893   LEU   -0.213144   0
 894   GLU   0.225992   0.408639
 895   GLU   0.0430933   0.347594
 896   GLY   -0.230458   0
 897   HIS   -0.18207   -2.27404
 898   ASP   -0.284256   0.474623
 899   TYR   -0.19866   0.69158
 903   LYS   0.0450597   -0.323022
 904   GLY   0.0915937   0
 917   ASP   0.0726534   0.154254
 944   ASP   0.0230358   0.110291
1032   ARG   -0.0800471   -0.228072
1034   GLY   0.111656   0
1065   VAL   0.078786   0
1066   THR   0.27705   0
1071   ILE   -0.25228   0
1075   ALA   -0.15919   0
1077   ARG   -0.177199   -0.234956
SITE:  ARG-1077
 387   GLN   0.295956   0
 389   ARG   0.0141388   -0.10661
 391   GLU   0.802047   2.00406
 392   LYS   0.0132397   -0.128273
 393   GLU   -0.0596788   0.110755
 394   TYR   -0.10217   0.287173
 396   ASP   -0.0420969   0.111211
 398   HIS   -0.0294409   -0.146112
 890   TYR   0.0772805   0.113123
 892   VAL   0.169624   0
 894   GLU   -0.0621816   0.708682
 895   GLU   0.0419072   0.136307
 897   HIS   -0.0137417   -0.164316
 899   TYR   -0.0227194   0.219912
1042   HID   -0.0132703   -0.189387
1056   LYS   0.0756758   -0.123337
1059   ARG   0.31075   -0.910017
1063   SER   0.232284   0
1066   THR   -0.184248   0
1067   GLU   -0.0454071   0.113855
1076   TYR   -0.263136   0.234956
1078   VAL   0.153765   0
1079   PHE   -0.166026   0
1080   PRO   0.135348   0
1081   TYR   -0.0289633   0.196769
1085   TYR   -0.0195625   0.37515
1089   GLU   -0.0524499   0.314158
SITE:  TYR-1081
 376   ASN   0.116151   0
 377   PRO   -0.0821157   0
 378   VAL   -0.0818996   0
 379   ASP   -0.066229   0.213139
 388   ALA   0.231207   0
 389   ARG   0.11803   -0.386696
 391   GLU   -0.102284   0.51093
 392   LYS   -0.0730363   -1.48166
 393   GLU   0.0612037   0.380661
 394   TYR   -0.139115   0.17529
 395   PHE   -0.227336   0
 396   ASP   0.0930345   1.22625
 398   HIS   -0.0792998   -0.208908
 400   GLY   0.199074   0
 401   PRO   -0.496278   0
 403   PHE   0.269339   0
 404   ARG   0.0199103   -0.534528
 406   GLU   0.0251227   0.321574
 569   ASN   -0.383934   0
 570   TYR   0.0909811   0.132361
 571   TYR   -0.0471558   0.157986
 573   ASP   0.0285698   0.102967
 584   GLU   0.0272721   0.319224
 606   GLU   0.144231   0.809805
 607   ARG   -0.042503   -0.156224
 610   GLU   -0.041434   0.27386
 611   ASP   -0.0621059   0.10109
 612   GLU   -0.0714278   0.118032
 871   TYR   -0.0224682   0.147054
 875   TYR   -0.0387796   0.42721
 887   PRO   -0.0767184   0
 888   PRO   0.286142   0
 889   VAL   -0.140208   0
 890   TYR   -0.217594   0.947762
 894   GLU   -0.0352956   0.138537
 899   TYR   0.00332992   0.142043
1013   LYS   0.0034483   -0.114274
1019   TYR   0.0310672   0.137477
1037   TYR   0.0202491   0.47222
1040   THR   0.171031   0
1041   TYR   -0.0389082   0.404248
1042   HID   -0.000927823   -0.582847
1050   ASP   -0.00656242   0.118298
1059   ARG   0.162167   -0.453013
1077   ARG   0.0592212   -0.196769
1080   PRO   0.0232673   0
1082   SER   -0.108505   0
1083   VAL   0.243968   0
1085   TYR   -0.241724   0.826055
1086   VAL   -0.239338   0
1088   TYR   -0.0664142   0.37674
1089   GLU   -0.197121   0.280539
1091   TYR   -0.0634557   0.242166
1225   TYR   -0.0185421   0.12767
SITE:  TYR-1085
 389   ARG   0.0899139   -0.198004
 391   GLU   -0.28386   0.564891
 392   LYS   -0.0302208   -0.319253
 393   GLU   -0.012854   0.131626
 394   TYR   -0.0985584   0.135794
 396   ASP   -0.0299883   0.257638
 398   HIS   -0.0364656   -0.108529
 404   ARG   0.00104671   -0.16094
 406   GLU   0.00668649   0.158817
 550   TYR   0.00746133   0.116669
 584   GLU   0.0115812   0.128047
 606   GLU   0.0654056   0.299997
 861   ASP   0.00613687   0.105388
 875   TYR   -0.0172266   0.31273
 884   HIS   0.00564346   -0.119906
 886   GLY   -0.140789   0
 887   PRO   0.275816   0
 888   PRO   0.338694   0
 889   VAL   -0.542345   0
 890   TYR   0.111186   0.559218
 892   VAL   0.0117342   0
 894   GLU   -0.0211341   0.160364
 899   TYR   -0.00288754   0.186106
 930   ASP   -0.00603614   0.22941
 932   TYR   0.0778532   0.121515
 933   THR   -0.172636   0
 934   ARG   -0.0862667   -0.263829
 935   ILE   -0.116899   0
 939   PRO   0.0379687   0
 944   ASP   0.000528032   0.106264
1013   LYS   0.0016204   -0.112584
1019   TYR   0.0197315   0.143424
1037   TYR   -0.115668   0.293977
1038   PHE   0.187883   0
1039   MET   -0.211342   0
1040   THR   0.331946   0
1041   TYR   -0.0010068   0.383526
1042   HID   0.0316417   -4.46093
1043   THR   0.240498   0
1048   SER   0.11355   0
1049   ALA   0.169161   0
1050   ASP   0.173062   0.369859
1051   PHE   0.552386   0
1052   ILE   0.393344   0
1053   ASP   0.00754195   0.437446
1054   ALA   0.369709   0
1055   LEU   0.233248   0
1056   LYS   0.0661906   -0.320332
1057   LYS   -0.381035   -0.434267
1058   ALA   -0.914036   0
1059   ARG   0.20115   -1.02692
1061   ILE   -0.285376   0
1062   ALA   -0.19202   0
1077   ARG   0.0847511   -0.37515
1080   PRO   -0.376288   0
1081   TYR   0.00527969   0.826055
1082   SER   -0.213744   0
1083   VAL   -0.0112818   0
1084   PHE   0.142968   0
1088   TYR   -0.167008   0.45549
1089   GLU   -0.275315   0.483959
1091   TYR   -0.133657   0.300506
SITE:  TYR-1088
 377   PRO   0.0152696   0
 379   ASP   -0.0781422   0.156885
 381   TRP   -0.354908   0
 389   ARG   0.035393   -0.191411
 391   GLU   -0.0625046   0.111215
 392   LYS   -0.0310698   -0.24132
 396   ASP   0.0135792   0.16124
 404   ARG   -0.0291986   -0.237047
 406   GLU   -0.014936   0.219556
 584   GLU   0.028147   0.210548
 606   GLU   0.138634   0.496172
 607   ARG   -0.0116598   -0.135131
 610   GLU   -0.0459595   0.241909
 611   ASP   -0.0504314   0.131994
 612   GLU   -0.126542   0.225463
 616   GLU   -0.105245   0.160989
 620   ASP   0.0219048   0.152881
 688   GLU   -0.073956   0.121092
 857   ASP   -0.0382766   0.2278
 859   GLY   -0.467878   0
 860   LEU   1.00501   0
 861   ASP   -0.144957   0.643534
 862   GLN   0.377625   0
 863   SER   -0.155725   0
 865   SER   -0.156445   0
 871   TYR   -0.0253212   0.188195
 875   TYR   -0.0851264   0.507052
 887   PRO   -0.0671034   0
 888   PRO   0.0887748   0
 890   TYR   -0.014926   0.19152
 934   ARG   -0.0388171   -0.149236
1041   TYR   -0.0696719   0.213705
1042   HID   -0.00831666   -0.417399
1048   SER   -0.518836   0
1049   ALA   0.151905   0
1050   ASP   -0.220852   0.399802
1051   PHE   -0.0573972   0
1053   ASP   -0.0941862   0.250249
1056   LYS   -0.0538421   -0.114203
1057   LYS   -0.0425013   -0.100233
1059   ARG   0.0288092   -0.191919
1081   TYR   -0.0135578   0.37674
1084   PHE   0.138003   0
1085   TYR   0.0494664   0.45549
1089   GLU   -0.164465   0.291127
1090   GLN   -0.507682   0
1091   TYR   -0.582974   1.71157
1097   ASP   -0.0108037   0.189473
1150   ASN   -0.339818   0
1225   TYR   -0.0530084   0.425128
1229   TYR   -0.0209062   0.174923
SITE:  GLU-1089
 379   ASP   -0.00670074   0.109683
 381   TRP   0.199299   0
 382   SER   -0.224278   0
 386   SER   -0.384382   0
 387   GLN   -0.44925   0
 388   ALA   -0.479932   0
 389   ARG   -0.0332083   -0.3413
 391   GLU   -0.272396   0.431933
 392   LYS   -0.0824224   -0.195764
 393   GLU   -0.0609836   0.113511
 396   ASP   -0.023229   0.124167
 606   GLU   0.0238058   0.121944
 753   VAL   0.182618   0
 758   HIS   -0.0155164   -0.112764
 890   TYR   0.0259714   0.100655
 894   GLU   -0.0140027   0.101761
1042   HID   -0.0109867   -0.243273
1053   ASP   0.00962062   0.140573
1056   LYS   0.0215435   -0.239313
1057   LYS   -0.00659861   -0.103445
1059   ARG   0.397775   -1.38233
1077   ARG   0.0870733   -0.314158
1080   PRO   0.144056   0
1081   TYR   -0.0659727   0.280539
1085   TYR   0.461573   0.483959
1086   VAL   0.21072   0
1088   TYR   -0.100639   0.291127
1090   GLN   -0.314894   0
1091   TYR   -0.267149   0.420558
1092   LEU   -0.460748   0
1096   ASP   -0.0764079   0.16549
1097   ASP   -0.0626052   0.403374
1225   TYR   -0.00572298   0.124793
SITE:  TYR-1091
 377   PRO   0.0920466   0
 379   ASP   -0.0604922   0.156723
 381   TRP   -0.55058   0
 389   ARG   0.0430047   -0.208357
 391   GLU   -0.0632406   0.103544
 392   LYS   -0.033894   -0.169538
 396   ASP   0.00355053   0.108021
 404   ARG   -0.0115568   -0.146113
 406   GLU   -0.00722068   0.118795
 584   GLU   0.0165899   0.125892
 606   GLU   0.0755022   0.280974
 610   GLU   -0.0377961   0.185744
 612   GLU   -0.0774658   0.16195
 616   GLU   -0.098833   0.147576
 620   ASP   0.0238216   0.160132
 688   GLU   -0.0829191   0.137455
 758   HIS   -0.00545255   -0.14333
 857   ASP   0.0112787   0.341117
 858   ILE   -0.452198   0
 859   GLY   -2.04786   0
 860   LEU   -0.0018339   0
 861   ASP   -0.0619924   0.539849
 871   TYR   -0.0184869   0.114903
 875   TYR   -0.0346961   0.248262
 890   TYR   -0.00792832   0.106807
1041   TYR   -0.0274024   0.105609
1042   HID   -0.00646236   -0.232986
1050   ASP   -0.0754889   0.221722
1053   ASP   -0.0268654   0.218429
1056   LYS   -0.0450117   -0.15173
1059   ARG   0.035223   -0.193925
1081   TYR   -0.0151657   0.242166
1084   PHE   0.14729   0
1085   TYR   0.107772   0.300506
1087   PHE   0.607088   0
1088   TYR   0.215113   1.71157
1089   GLU   -0.125366   0.420558
1090   GLN   -2.19238   0
1094   ILE   -0.150834   0
1096   ASP   -0.0539374   0.104817
1097   ASP   -0.0558316   0.477336
1149   LEU   0.224362   0
1150   ASN   -1.86353   0
1151   ALA   -0.280468   0
1152   VAL   -0.233475   0
1153   SER   -0.296091   0
1161   CYS   -0.031178   0.146123
1225   TYR   -0.0421934   0.591964
1227   ARG   -0.115273   -0.104999
1229   TYR   -0.0201566   0.27285
SITE:  ASP-1096
1056   LYS   0.000831581   -0.112541
1089   GLU   0.0367487   0.16549
1091   TYR   0.00930918   0.104817
1093   THR   0.286733   0
1094   ILE   0.107974   0
1095   ILE   0.119894   0
1097   ASP   -0.558036   0.592345
1099   ILE   -0.301164   0
1100   PHE   -0.216546   0
1101   ASN   -0.183903   0
SITE:  ASP-1097
 381   TRP   0.157804   0
 389   ARG   0.00553599   -0.157624
 742   GLU   0.0245596   0.111815
 749   GLY   0.194866   0
 752   SER   0.191681   0
 753   VAL   0.0139643   0
 754   MET   -0.0551487   0
 755   PRO   0.0144388   0
 757   VAL   -0.134125   0
 758   HIS   -5.78343e-05   -0.295671
1056   LYS   -0.00525171   -0.101219
1059   ARG   0.00992078   -0.150176
1088   TYR   0.0238075   0.189473
1089   GLU   -0.0323493   0.403374
1090   GLN   0.403728   0
1091   TYR   -0.0356104   0.477336
1093   THR   0.328916   0
1094   ILE   0.487272   0
1095   ILE   0.236178   0
1096   ASP   -0.237533   0.592345
1098   THR   -0.483062   0
1100   PHE   -0.41618   0
1101   ASN   -0.541616   0
1152   VAL   0.0479994   0
1154   LEU   -0.221247   0
1155   VAL   -0.0625043   0
1161   CYS   -0.0530997   0.328802
1225   TYR   0.020388   0.311262
1229   TYR   0.00571727   0.22208
SITE:  CYS-1119
 323   CYS   0.0429384   0.166258
 324   CYS   0.156912   0.675426
 325   ASP   0.061535   0.29472
 328   SER   -0.213888   0
 332   GLU   -0.0408704   0.251484
 334   CYS   -0.060677   0.109969
1111   LEU   0.123654   0
1114   MET   0.877318   0
1115   VAL   0.25629   0
1118   GLY   -0.10149   0
1120   GLU   -0.312349   0.638434
1128   CYS   -0.013845   0.136161
1168   CYS   0.00214295   0.113888
1173   ARG   -0.0484095   -0.251286
1259   LYS   -0.0284647   -0.394715
SITE:  GLU-1120
 321   ALA   -0.144072   0
 322   SER   -0.0729828   0
 323   CYS   -0.0131969   0.124416
 324   CYS   -0.0562513   0.476552
 325   ASP   0.176809   0.965386
 326   PRO   0.0564189   0
 328   SER   -1.26833   0
 331   PHE   -0.163471   0
 332   GLU   0.0381591   0.960787
 334   CYS   -0.0498253   0.103232
 336   ARG   -0.145915   -0.185988
 700   ASP   0.0181006   0.136719
 711   ARG   -0.0171495   -0.128055
 730   GLU   0.0757396   0.289926
 733   PRO   -0.0156713   0
 742   GLU   -0.0189182   0.133383
1113   THR   0.202414   0
1114   MET   0.294346   0
1115   VAL   0.134042   0
1117   LEU   0.758322   0
1118   GLY   -0.401392   0
1119   CYS   -0.626018   0.638434
1122   TRP   -0.199024   0
1123   SER   -0.706747   0
1124   ALA   -0.158667   0
1128   CYS   -0.0420747   0.266936
1166   GLU   0.012939   0.135931
1168   CYS   0.0299074   0.342267
1169   SER   0.175518   0
1170   HID   0.0792888   -0.283979
1172   THR   0.251242   0
1173   ARG   -0.0649162   -0.874897
1176   THR   -0.511461   0
1177   VAL   -0.0286314   0
1183   ARG   0.0833831   -0.221388
1186   ARG   -0.106275   -0.56534
1189   GLU   -0.024697   0.182402
1193   HIS   -0.00537128   -0.157296
1252   GLY   -0.152048   0
1253   PRO   -0.234971   0
1254   SER   0.56728   0
1256   ASN   -2.18304   0
1257   LYS   -0.00791246   -0.210552
1258   ALA   -0.207818   0
1259   LYS   -0.224422   -3.3621
1261   CYS   -0.0397818   0.132474
1266   ARG   -0.0808612   -0.127588
1267   TYR   -0.037677   0.207865
1272   ARG   -0.0121943   -0.108462
SITE:  CYS-1128
 332   GLU   0.00339914   0.151093
 700   ASP   0.000719603   0.239498
 742   GLU   -0.0514006   0.386787
 771   ASP   -0.0162519   0.108722
1102   LEU   0.128125   0
1103   GLY   0.108521   0
1105   SER   0.266384   0
1106   LEU   0.606917   0
1107   GLY   0.205008   0
1109   ILE   -0.171718   0
1110   PHE   -0.341686   0
1111   LEU   0.142405   0
1112   VAL   -0.227684   0
1113   THR   -0.32759   0
1114   MET   -0.133095   0
1119   CYS   -0.0640316   0.136161
1120   GLU   0.119337   0.266936
1121   LEU   0.308395   0
1122   TRP   0.245489   0
1123   SER   0.402678   0
1124   ALA   1.75627   0
1125   VAL   0.46968   0
1126   ILE   0.0435847   0
1127   MET   -0.537317   0
1129   ALA   -0.283434   0
1130   THR   -0.416742   0
1131   ILE   -0.489436   0
1132   ALA   -0.15792   0
1161   CYS   0.231666   0.700524
1162   GLY   0.0949416   0
1165   VAL   -0.1135   0
1166   GLU   -0.033185   0.352657
1168   CYS   -0.023613   1.3972
1170   HID   -0.0256475   -0.3658
1172   THR   -0.245364   0
1173   ARG   -0.138874   -0.33091
1186   ARG   -0.00378374   -0.110098
1206   LYS   -0.00617963   -0.250948
1229   TYR   0.0338328   0.133541
1236   GLY   0.0437314   0
1239   HID   -0.0167651   -0.280658
1240   GLY   0.0177898   0
1259   LYS   -0.00579822   -0.202581
SITE:  CYS-1161
 628   TYR   -0.0246614   0.157927
 688   GLU   -0.0249824   0.113214
 700   ASP   -0.0516944   0.423084
 738   SER   0.148375   0
 739   SER   0.103974   0
 741   SER   0.253988   0
 742   GLU   0.0287859   0.887689
 743   THR   0.00611904   0
 744   VAL   -0.0719107   0
 748   LEU   -0.25933   0
 749   GLY   -0.156466   0
 758   HIS   0.0810745   -0.152797
 761   SER   0.193732   0
 765   GLY   -0.0141214   0
 771   ASP   -0.0682033   0.258491
 825   TYR   -0.0215038   0.103427
1091   TYR   0.00185894   0.146123
1097   ASP   0.128137   0.328802
1098   THR   0.272892   0
1099   ILE   0.12027   0
1101   ASN   0.424268   0
1102   LEU   0.396877   0
1103   GLY   0.0552945   0
1105   SER   -1.15829   0
1108   ALA   -0.275666   0
1109   ILE   -0.355828   0
1128   CYS   0.202884   0.700524
1131   ILE   0.124289   0
1132   ALA   0.175246   0
1134   VAL   -0.236204   0
1135   LEU   -0.332006   0
1138   MET   -0.184738   0
1150   ASN   0.180628   0
1152   VAL   0.145394   0
1153   SER   0.2606   0
1154   LEU   0.346627   0
1155   VAL   0.373186   0
1156   ASN   0.143024   0
1157   LEU   1.38935   0
1158   VAL   1.83412   0
1159   MET   0.665282   0
1160   SER   -0.167756   0
1162   GLY   -0.620868   0
1163   ILE   -0.268688   0
1164   SER   -0.721962   0
1165   VAL   -0.26395   0
1166   GLU   -0.165398   0.724003
1168   CYS   -0.0374793   0.840164
1169   SER   -0.17037   0
1170   HID   -0.0562585   -0.376155
1173   ARG   -0.0746978   -0.176977
1206   LYS   -0.0158427   -0.654041
1225   TYR   0.105112   0.40749
1229   TYR   0.102334   0.686492
1236   GLY   -0.048756   0
1239   HID   -0.0809451   -0.410074
SITE:  GLU-1166
 332   GLU   0.0196594   0.19574
 346   CYS   -0.0336224   0.120124
 620   ASP   0.034212   0.122201
 628   TYR   -0.0411876   0.434251
 634   TYR   -0.176394   0.455235
 641   HIS   -0.0180885   -0.133625
 653   LYS   0.0306211   -0.177581
 660   GLY   0.0928711   0
 670   CYS   -0.060927   0.152428
 688   GLU   0.0131461   0.168419
 689   VAL   0.110644   0
 690   ILE   0.183169   0
 691   PRO   0.158117   0
 692   PHE   0.146156   0
 693   LEU   0.35374   0
 694   VAL   0.223696   0
 695   LEU   0.197785   0
 696   ALA   0.495801   0
 697   VAL   0.0396643   0
 698   GLY   0.108346   0
 699   VAL   -0.182766   0
 700   ASP   -1.2474   3.75803
 701   ASN   -0.260226   0
 703   PHE   -0.198646   0
 704   ILE   -0.245772   0
 711   ARG   -0.0588309   -0.207221
 712   ASP   -0.0146464   0.135676
 726   ARG   0.0221326   -0.102296
 730   GLU   0.0382964   0.253379
 731   VAL   0.0851187   0
 733   PRO   0.0797654   0
 734   SER   0.168293   0
 735   MET   0.240138   0
 738   SER   -0.396476   0
 739   SER   -0.160846   0
 741   SER   -0.440392   0
 742   GLU   0.256498   3.22089
 743   THR   -0.182991   0
 745   ALA   -0.156545   0
 765   GLY   0.0771663   0
 768   VAL   0.0530139   0
 771   ASP   -0.12166   0.94427
 778   CYS   -0.05396   0.139854
 786   ASP   -0.0166568   0.101804
 825   TYR   -0.0633164   0.271272
1120   GLU   0.0249083   0.135931
1128   CYS   0.0472159   0.352657
1134   VAL   -0.113114   0
1155   VAL   0.0882562   0
1157   LEU   0.127755   0
1158   VAL   0.0908857   0
1159   MET   0.353857   0
1160   SER   0.328764   0
1161   CYS   0.0504249   0.724003
1162   GLY   0.255308   0
1163   ILE   0.76057   0
1164   SER   0.027077   0
1165   VAL   -0.0185841   0
1167   PHE   0.0709275   0
1168   CYS   -0.109499   1.22858
1169   SER   -0.57204   0
1170   HID   -0.308528   -1.77211
1172   THR   -0.185551   0
1173   ARG   -0.138742   -0.426051
1189   GLU   0.00235212   0.121961
1193   HIS   0.0356071   -0.181974
1195   GLY   0.11439   0
1197   SER   -0.0108563   0
1198   VAL   0.217636   0
1201   GLY   -0.0999795   0
1202   ILE   -0.30267   0
1203   THR   0.0786631   0
1205   THR   -0.432572   0
1206   LYS   0.0530116   -5.80474
1209   GLY   -0.176945   0
1225   TYR   0.0987602   0.306341
1229   TYR   0.215664   0.838703
1232   MET   0.0774407   0
1233   VAL   0.0712142   0
1236   GLY   -0.087514   0
1239   HID   -0.126024   -0.43455
1240   GLY   -0.130183   0
1245   PRO   -0.0453864   0
1259   LYS   -0.00280339   -0.170713
1267   TYR   -0.0114482   0.127004
1272   ARG   0.00340702   -0.105874
SITE:  CYS-1168
 332   GLU   0.0189402   0.302163
 628   TYR   -0.00710084   0.115019
 634   TYR   -0.0429457   0.154608
 700   ASP   0.0133543   0.787114
 711   ARG   -0.033436   -0.186998
 712   ASP   -0.0174287   0.112239
 730   GLU   0.0731022   0.271269
 731   VAL   0.0912682   0
 733   PRO   0.107717   0
 734   SER   0.228028   0
 735   MET   0.111015   0
 737   LEU   -0.158052   0
 738   SER   0.23427   0
 741   SER   -0.468192   0
 742   GLU   -0.157711   0.92275
 771   ASP   -0.0300042   0.2666
 825   TYR   -0.108826   0.364622
 835   ARG   0.0355478   -0.132681
1105   SER   0.155432   0
1109   ILE   0.0831877   0
1113   THR   0.314356   0
1117   LEU   -0.156821   0
1119   CYS   -0.0569928   0.113888
1120   GLU   0.114528   0.342267
1121   LEU   0.14971   0
1122   TRP   0.179871   0
1123   SER   0.554271   0
1124   ALA   0.346467   0
1125   VAL   0.122721   0
1126   ILE   0.0723833   0
1127   MET   1.32328   0
1128   CYS   0.147341   1.3972
1129   ALA   -0.170857   0
1130   THR   -0.595575   0
1131   ILE   -0.222092   0
1134   VAL   -0.297776   0
1157   LEU   0.141401   0
1158   VAL   0.130437   0
1159   MET   0.221674   0
1160   SER   0.307888   0
1161   CYS   0.326722   0.840164
1162   GLY   0.260752   0
1163   ILE   0.220792   0
1164   SER   1.12915   0
1165   VAL   0.425358   0
1166   GLU   -0.0746289   1.22858
1167   PHE   -0.396683   0
1169   SER   -0.739099   0
1170   HID   -0.299167   -1.3965
1171   ILE   -0.50517   0
1172   THR   -0.914044   0
1173   ARG   -0.351188   -0.696849
1175   PHE   -0.180657   0
1176   THR   -0.23092   0
1186   ARG   -0.000758494   -0.226636
1188   GLU   0.0169783   0.106576
1189   GLU   -0.033589   0.181171
1193   HIS   -0.0101775   -0.211903
1195   GLY   0.00763778   0
1198   VAL   -0.0539599   0
1206   LYS   -0.0468005   -0.79108
1225   TYR   0.0443832   0.129828
1229   TYR   0.104538   0.292501
1232   MET   0.142248   0
1233   VAL   0.145615   0
1235   LEU   0.155634   0
1236   GLY   0.3417   0
1237   ALA   0.194113   0
1239   HID   -0.188685   -0.865797
1240   GLY   0.0346062   0
1243   PHE   -0.1697   0
1244   LEU   -0.310212   0
1245   PRO   -0.046324   0
1247   LEU   -0.193766   0
1248   LEU   -0.171105   0
1250   TYR   -0.0923074   0.114069
1252   GLY   -0.157389   0
1253   PRO   0.00380625   0
1259   LYS   -0.00837001   -0.342033
1267   TYR   -0.0196999   0.150208
1272   ARG   0.0106249   -0.111616
SITE:  HID-1170
 332   GLU   0.0446978   0.480407
 336   ARG   -0.105981   -0.170864
 346   CYS   -0.0535978   0.15467
 628   TYR   -0.000207412   0.176253
 634   TYR   -0.091917   0.334358
 641   HIS   -0.0275836   -0.189733
 653   LYS   0.0247797   -0.246361
 694   VAL   0.106253   0
 695   LEU   0.123365   0
 696   ALA   0.153661   0
 697   VAL   0.210441   0
 698   GLY   0.177802   0
 699   VAL   0.0691603   0
 700   ASP   0.442746   2.27228
 701   ASN   0.422478   0
 702   ILE   0.0336123   0
 703   PHE   -0.162039   0
 704   ILE   -0.474157   0
 707   GLN   -0.28026   0
 709   TYR   -0.0752632   0.152577
 711   ARG   -0.104353   -0.513138
 712   ASP   -0.036628   0.316486
 726   ARG   0.0417836   -0.239135
 727   VAL   0.0958312   0
 728   LEU   0.126833   0
 729   GLY   0.0677326   0
 730   GLU   0.134461   0.697162
 731   VAL   0.280346   0
 732   ALA   0.214002   0
 733   PRO   0.0733256   0
 734   SER   -0.0156226   0
 735   MET   0.155877   0
 737   LEU   -0.341024   0
 738   SER   0.23566   0
 739   SER   -0.235358   0
 741   SER   -0.392938   0
 742   GLU   -0.044506   1.273
 743   THR   -0.155832   0
 768   VAL   0.0827402   0
 771   ASP   -0.0333248   0.569196
 775   GLN   0.118822   0
 778   CYS   -0.0445516   0.132576
 786   ASP   -0.024069   0.126955
 814   GLU   -0.0765244   0.118861
 822   LYS   -0.014927   -0.131637
 825   TYR   -0.108523   0.331776
1120   GLU   0.069971   0.283979
1128   CYS   0.0179278   0.3658
1161   CYS   0.079342   0.376155
1162   GLY   0.17312   0
1163   ILE   0.251893   0
1164   SER   0.176684   0
1165   VAL   0.54739   0
1166   GLU   1.21722   1.77211
1167   PHE   0.741446   0
1168   CYS   0.0322755   1.3965
1169   SER   -0.355864   0
1171   ILE   -0.340078   0
1172   THR   -0.321532   0
1173   ARG   -0.389884   -0.990965
1174   ALA   -0.224455   0
1176   THR   -0.198942   0
1180   LYS   -0.00557997   -0.115385
1186   ARG   0.000171122   -0.210169
1188   GLU   0.0318572   0.133948
1189   GLU   0.00665288   0.318554
1190   ALA   0.14394   0
1191   LEU   0.153861   0
1193   HIS   0.0425099   -0.489427
1194   MET   0.186842   0
1195   GLY   0.108813   0
1196   SER   -0.116004   0
1197   SER   -0.345688   0
1198   VAL   -0.130672   0
1201   GLY   -0.288286   0
1202   ILE   -0.236711   0
1205   THR   -0.208464   0
1206   LYS   -0.0540563   -1.00947
1225   TYR   0.0301392   0.113252
1229   TYR   0.0774527   0.275391
1233   VAL   0.0725384   0
1236   GLY   0.0823606   0
1239   HID   -0.048148   -0.332039
1240   GLY   0.0277883   0
1245   PRO   -0.066703   0
1259   LYS   0.0146052   -0.404527
1266   ARG   -0.0900132   -0.17603
1267   TYR   -0.0268788   0.334066
1272   ARG   0.0162633   -0.281098
SITE:  ARG-1173
 324   CYS   0.0410789   0.116003
 325   ASP   0.0669176   0.209285
 328   SER   0.188818   0
 331   PHE   -0.192868   0
 332   GLU   -0.0403175   1.88869
 333   GLY   0.0319808   0
 334   CYS   -0.0703962   0.184256
 335   LEU   -0.210392   0
 336   ARG   -0.351835   -0.42382
 337   ARG   0.0296601   -0.148514
 346   CYS   -0.0451086   0.113156
 653   LYS   0.00757592   -0.122108
 700   ASP   0.0743856   0.495117
 709   TYR   -0.0206208   0.100619
 711   ARG   -0.0923272   -0.410321
 712   ASP   -0.0277506   0.306675
 726   ARG   0.0978783   -0.276249
 727   VAL   0.134738   0
 728   LEU   0.16703   0
 729   GLY   0.240384   0
 730   GLU   0.403024   1.02451
 731   VAL   0.304918   0
 733   PRO   -0.144489   0
 734   SER   0.742077   0
 736   PHE   -0.296385   0
 737   LEU   -0.491318   0
 741   SER   -0.163063   0
 742   GLU   -0.0521099   0.434277
 771   ASP   -0.0137597   0.209235
 822   LYS   -0.00823504   -0.111679
 825   TYR   -0.048724   0.130884
1109   ILE   0.105113   0
1113   THR   0.320838   0
1114   MET   0.124792   0
1116   LEU   0.484444   0
1117   LEU   0.0957343   0
1118   GLY   0.0467145   0
1119   CYS   -0.139202   0.251286
1120   GLU   0.0752346   0.874897
1123   SER   -0.165404   0
1128   CYS   -0.0210671   0.33091
1161   CYS   0.0507614   0.176977
1165   VAL   0.0957843   0
1166   GLU   0.0557988   0.426051
1168   CYS   0.0780434   0.696849
1169   SER   0.370865   0
1170   HID   0.300092   -0.990965
1171   ILE   0.141469   0
1172   THR   0.116596   0
1174   ALA   -0.178489   0
1175   PHE   -0.258192   0
1176   THR   -0.589613   0
1177   VAL   -0.0573424   0
1180   LYS   -0.00761763   -0.129291
1183   ARG   0.0363978   -0.100019
1186   ARG   -0.0664312   -0.344906
1188   GLU   0.00284071   0.121785
1189   GLU   -0.0397802   0.395817
1193   HIS   0.00970183   -0.473191
1194   MET   -0.13242   0
1197   SER   -0.154026   0
1206   LYS   -0.0132971   -0.26115
1239   HID   0.00987106   -0.131205
1240   GLY   0.0489168   0
1245   PRO   0.00448499   0
1253   PRO   -0.02473   0
1254   SER   0.179728   0
1256   ASN   -0.175613   0
1259   LYS   0.0367084   -1.64266
1266   ARG   -0.148957   -0.349791
1267   TYR   -0.0684702   0.554261
1272   ARG   -0.0506443   -0.323546
SITE:  LYS-1180
 294   ARG   0.00758706   -0.103666
 332   GLU   0.0114655   0.121941
 711   ARG   0.0288811   -0.248561
 712   ASP   -0.0221052   0.122498
 726   ARG   0.00743782   -0.10142
 730   GLU   0.0293718   0.213991
 814   GLU   -0.0116393   0.143377
 822   LYS   0.0448742   -0.302683
 832   ASP   0.0123507   0.115158
 835   ARG   -0.0275244   -0.123257
1170   HID   0.0245234   -0.115385
1173   ARG   0.0292081   -0.129291
1181   GLY   -0.197912   0
1182   SER   0.32565   0
1183   ARG   0.0913773   -0.112836
1185   GLU   -0.413548   0.983863
1186   ARG   0.128458   -0.400188
1188   GLU   -0.475254   1.20003
1189   GLU   -0.188006   0.882039
1193   HIS   -0.0952029   -0.423351
1259   LYS   0.000906987   -0.10935
1264   GLU   -0.0231519   0.106862
1267   TYR   -0.0370706   0.220834
1272   ARG   0.0549697   -0.210091
1278   PHE   0.015806   0.350937
SITE:  ARG-1183
 294   ARG   -0.00761346   -0.1337
 317   ASP   0.0362309   0.23444
 325   ASP   0.0335159   0.201526
 832   ASP   0.0192325   0.100156
 835   ARG   0.0369633   -0.253321
1120   GLU   -0.00659446   0.221388
1122   TRP   -0.185024   0
1173   ARG   0.0181147   -0.100019
1180   LYS   0.101012   -0.112836
1181   GLY   0.0968541   0
1182   SER   0.170229   0
1185   GLU   -0.179954   0.184494
1186   ARG   0.118583   -0.877676
1188   GLU   -0.0417264   0.103844
1189   GLU   -0.0348556   0.11943
1248   LEU   0.193909   0
1250   TYR   0.181597   0.168252
1252   GLY   0.700896   0
1253   PRO   0.404996   0
1254   SER   0.0705015   0
1257   LYS   -0.0261121   -0.208533
1259   LYS   -0.02887   -0.158885
SITE:  GLU-1185
 294   ARG   0.0327076   -0.233195
 711   ARG   0.015655   -0.10866
 730   GLU   0.0144495   0.106349
 822   LYS   0.0299127   -0.124234
 832   ASP   0.0231686   0.207446
 835   ARG   -0.0406328   -0.205231
1180   LYS   -0.246714   -0.983863
1181   GLY   -0.23356   0
1182   SER   0.11913   0
1183   ARG   0.0804913   -0.184494
1184   VAL   -0.00753027   0
1186   ARG   -0.0141672   -0.504777
1187   ALA   -0.155461   0
1188   GLU   -0.168446   0.672619
1189   GLU   -0.129044   0.389071
1193   HIS   -0.0394806   -0.173769
1250   TYR   0.0258762   0.112952
1267   TYR   -0.0181267   0.104596
1278   PHE   0.00851175   0.270131
SITE:  ARG-1186
 294   ARG   0.00506933   -0.118643
 317   ASP   0.032717   0.227818
 324   CYS   -0.0364688   0.104138
 325   ASP   0.053771   0.312785
 332   GLU   0.04515   0.321684
 711   ARG   -0.00486339   -0.164132
 730   GLU   0.0589179   0.261353
 825   TYR   -0.0301824   0.100352
 832   ASP   0.0177105   0.103069
 835   ARG   0.023066   -0.247319
1120   GLU   0.0478824   0.56534
1128   CYS   -0.0154034   0.110098
1168   CYS   0.0434174   0.226636
1170   HID   0.0560556   -0.210169
1171   ILE   0.119779   0
1172   THR   0.278025   0
1173   ARG   0.10732   -0.344906
1175   PHE   0.94971   0
1176   THR   0.484807   0
1178   SER   0.263686   0
1180   LYS   0.249966   -0.400188
1181   GLY   0.2045   0
1182   SER   0.526557   0
1183   ARG   -0.0822028   -0.877676
1184   VAL   0.172255   0
1185   GLU   -0.544192   0.504777
1188   GLU   -0.161451   0.320984
1189   GLU   -0.15753   0.534383
1190   ALA   -0.184448   0
1193   HIS   -0.0403788   -0.252782
1245   PRO   0.0963695   0
1248   LEU   0.181313   0
1250   TYR   0.020475   0.143266
1252   GLY   -0.268138   0
1253   PRO   2.04988   0
1255   VAL   -0.244924   0
1257   LYS   0.00502994   -0.272971
1259   LYS   -0.0876185   -0.501872
1261   CYS   -0.017005   0.142584
1264   GLU   -0.032011   0.135023
1267   TYR   -0.0471586   0.218468
1272   ARG   0.0107281   -0.13953
1278   PHE   0.00491503   0.130674
SITE:  GLU-1188
 294   ARG   0.000523279   -0.142094
 711   ARG   0.0254353   -0.224112
 730   GLU   0.020993   0.16667
 814   GLU   -0.0106654   0.138455
 822   LYS   0.145776   -0.3
 825   TYR   -0.0543958   0.157699
 827   PRO   0.0280001   0
 831   LYS   -0.00857166   -0.152091
 832   ASP   0.0141831   0.220389
 835   ARG   -0.066941   -0.216972
1168   CYS   0.0187326   0.106576
1170   HID   0.0096856   -0.133948
1173   ARG   0.0172651   -0.121785
1180   LYS   -0.00734116   -1.20003
1182   SER   0.234928   0
1183   ARG   0.0972522   -0.103844
1184   VAL   0.33558   0
1185   GLU   0.103996   0.672619
1186   ARG   0.119144   -0.320984
1189   GLU   -0.617164   0.656735
1191   LEU   -0.25295   0
1192   ALA   -0.216424   0
1193   HIS   -0.121623   -0.366832
1245   PRO   0.0408269   0
1250   TYR   0.00741039   0.125888
1267   TYR   -0.0142787   0.147594
1272   ARG   0.026895   -0.1492
1278   PHE   0.00425653   0.17679
SITE:  GLU-1189
 332   GLU   0.0379678   0.365578
 336   ARG   -0.133509   -0.17328
 700   ASP   0.0333562   0.151653
 711   ARG   0.0354425   -0.569844
 712   ASP   -0.0508789   0.316855
 713   GLU   0.00737815   0.121302
 726   ARG   0.0201319   -0.268548
 730   GLU   0.0771668   0.666922
 814   GLU   -0.0447904   0.205567
 822   LYS   0.00773205   -0.352649
 825   TYR   -0.0635653   0.132034
 835   ARG   -0.0090431   -0.111048
1120   GLU   0.0278782   0.182402
1166   GLU   0.0233958   0.121961
1168   CYS   0.0400426   0.181171
1170   HID   0.0921047   -0.318554
1171   ILE   0.128507   0
1173   ARG   0.0697758   -0.395817
1174   ALA   0.187961   0
1177   VAL   0.0976807   0
1179   MET   -0.31115   0
1180   LYS   -0.309521   -0.882039
1182   SER   0.26949   0
1183   ARG   0.135454   -0.11943
1184   VAL   0.158471   0
1185   GLU   0.329038   0.389071
1186   ARG   0.158112   -0.534383
1188   GLU   -0.347556   0.656735
1190   ALA   -0.255285   0
1192   ALA   -0.169155   0
1193   HIS   -0.198451   -1.07437
1259   LYS   0.0136195   -0.282225
1261   CYS   0.0107824   0.102999
1264   GLU   -0.035313   0.164441
1266   ARG   -0.184384   -0.195275
1267   TYR   -0.0989918   0.648146
1272   ARG   0.0783384   -0.501468
1273   GLU   0.0106988   0.103408
1278   PHE   0.00989968   0.311831
SITE:  HIS-1193
 332   GLU   0.0549988   0.400927
 336   ARG   -0.14302   -0.197701
 634   TYR   -0.0115392   0.105348
 641   HIS   -0.0389944   -0.170999
 653   LYS   0.00487285   -0.157042
 700   ASP   0.0587103   0.244236
 704   ILE   0.0816656   0
 709   TYR   0.00708811   0.146135
 711   ARG   0.189295   -1.89822
 712   ASP   -0.085244   0.532115
 713   GLU   0.000365184   0.195565
 726   ARG   0.0674427   -0.401488
 727   VAL   0.0470265   0
 730   GLU   0.123684   0.892381
 731   VAL   0.00350116   0
 733   PRO   -0.07091   0
 742   GLU   -0.00928145   0.138144
 814   GLU   -0.116717   0.333504
 822   LYS   -0.0355351   -0.514809
 825   TYR   -0.093034   0.15341
1120   GLU   0.0237547   0.157296
1166   GLU   0.0390245   0.181974
1168   CYS   0.0389138   0.211903
1170   HID   0.083398   -0.489427
1171   ILE   0.0943363   0
1173   ARG   0.0523142   -0.473191
1177   VAL   0.125287   0
1180   LYS   -0.0421318   -0.423351
1185   GLU   0.0556344   0.173769
1186   ARG   0.0590185   -0.252782
1188   GLU   0.051948   0.366832
1189   GLU   0.286192   1.07437
1190   ALA   0.268892   0
1191   LEU   0.104999   0
1194   MET   -0.313462   0
1195   GLY   -0.144577   0
1196   SER   -0.260108   0
1197   SER   -0.224541   0
1206   LYS   -0.0113497   -0.124753
1259   LYS   0.017004   -0.27338
1264   GLU   -0.0236574   0.114356
1266   ARG   -0.184605   -0.236284
1267   TYR   -0.0765666   0.696827
1271   GLU   -0.00985263   0.121777
1272   ARG   0.17399   -0.740584
1278   PHE   0.00178198   0.204884
SITE:  LYS-1206
 332   GLU   0.00834963   0.120824
 620   ASP   0.0416194   0.172645
 628   TYR   -0.0500942   0.534975
 634   TYR   -0.193487   0.531472
 641   HIS   -0.0165372   -0.115797
 653   LYS   0.025572   -0.146793
 660   GLY   0.0809788   0
 670   CYS   -0.0537384   0.134395
 688   GLU   0.0238434   0.23466
 689   VAL   0.166296   0
 690   ILE   0.227413   0
 691   PRO   0.175245   0
 692   PHE   0.205424   0
 693   LEU   0.401712   0
 694   VAL   0.170289   0
 695   LEU   0.074623   0
 696   ALA   0.306186   0
 697   VAL   0.116266   0
 698   GLY   -0.0100439   0
 699   VAL   -0.242579   0
 700   ASP   -0.959932   2.23248
 701   ASN   -0.196109   0
 703   PHE   -0.16575   0
 704   ILE   -0.164821   0
 711   ARG   -0.043477   -0.140144
 730   GLU   0.0275044   0.163486
 735   MET   0.152948   0
 738   SER   -0.139221   0
 739   SER   -0.083871   0
 741   SER   -0.222634   0
 742   GLU   0.163909   1.92897
 765   GLY   0.0494776   0
 768   VAL   -0.00502785   0
 771   ASP   -0.115415   0.771252
 778   CYS   -0.0435533   0.110326
 825   TYR   -0.0461602   0.244232
1128   CYS   0.0529331   0.250948
1155   VAL   0.0948594   0
1157   LEU   0.13436   0
1158   VAL   0.0668428   0
1159   MET   0.340428   0
1160   SER   0.346572   0
1161   CYS   -0.00440241   0.654041
1162   GLY   0.0144301   0
1163   ILE   0.371495   0
1164   SER   -0.0685782   0
1165   VAL   -0.0642289   0
1166   GLU   1.58477   5.80474
1168   CYS   -0.0605806   0.79108
1169   SER   -0.28253   0
1170   HID   -0.16159   -1.00947
1173   ARG   -0.0817408   -0.26115
1193   HIS   0.027313   -0.124753
1195   GLY   0.085949   0
1197   SER   0.0726505   0
1198   VAL   0.267377   0
1199   PHE   0.146286   0
1201   GLY   0.0751917   0
1202   ILE   0.22548   0
1203   THR   0.230668   0
1205   THR   -0.504081   0
1208   GLY   -0.135585   0
1209   GLY   -0.32974   0
1210   ILE   -0.140284   0
1225   TYR   0.13939   0.413094
1227   ARG   0.0249548   -0.113393
1229   TYR   0.3403   1.21508
1230   LEU   0.163532   0
1232   MET   -0.0323149   0
1233   VAL   -0.0551459   0
1236   GLY   -0.229992   0
1239   HID   -0.144154   -0.416739
1240   GLY   -0.0979281   0
1259   LYS   9.35678e-05   -0.10755
SITE:  LYS-1217
 612   GLU   0.0744597   0.198388
 615   ARG   -0.107863   -0.279113
 616   GLU   0.218968   0.699741
 618   ASP   -0.0521269   0.117919
 620   ASP   -0.0791697   0.434556
 688   GLU   -0.0268861   0.171287
 867   PRO   -0.130807   0
 868   ASP   -0.184931   0.232933
 869   ASP   -0.00468186   0.439385
1216   ALA   -0.144144   0
1218   SER   -0.280662   0
1225   TYR   -0.0380214   0.103048
SITE:  TYR-1225
 374   THR   0.190736   0
 377   PRO   0.0945995   0
 379   ASP   -0.0731911   0.177333
 380   LEU   0.0616312   0
 389   ARG   0.0223056   -0.142536
 392   LYS   -0.0144473   -0.106629
 404   ARG   -0.00447607   -0.105393
 606   GLU   0.0447389   0.175542
 610   GLU   -0.0277298   0.213639
 611   ASP   -0.0032971   0.114661
 612   GLU   -0.0418838   0.20177
 614   ASN   -0.161854   0
 615   ARG   -0.0768134   -0.100805
 616   GLU   -0.129845   0.31012
 618   ASP   -0.00840961   0.164248
 620   ASP   0.118848   0.617647
 628   TYR   -0.0599155   0.327389
 670   CYS   -0.0257832   0.101737
 681   PRO   0.103481   0
 685   ILE   -0.0577845   0
 686   VAL   0.0247984   0
 688   GLU   -0.380034   0.66081
 689   VAL   -0.366672   0
 690   ILE   0.0383894   0
 691   PRO   -0.00670212   0
 693   LEU   -0.152997   0
 700   ASP   -0.0585254   0.207506
 742   GLU   0.0584103   0.318666
 749   GLY   0.00570144   0
 755   PRO   0.0202585   0
 757   VAL   0.0765205   0
 758   HIS   0.0851143   -0.271987
 759   THR   -0.177598   0
 760   PHE   -0.0165425   0
 771   ASP   -0.0561679   0.212592
 857   ASP   0.0298887   0.119609
 861   ASP   -0.056996   0.239359
 871   TYR   -0.0135622   0.101937
 875   TYR   -0.0252368   0.137803
1081   TYR   -0.0037786   0.12767
1088   TYR   0.0629038   0.425128
1089   GLU   -0.0495242   0.124793
1091   TYR   -0.0139545   0.591964
1097   ASP   0.0508678   0.311262
1101   ASN   0.156161   0
1148   SER   0.158135   0
1152   VAL   0.16996   0
1153   SER   0.197147   0
1155   VAL   -0.298196   0
1156   ASN   -0.114394   0
1159   MET   -0.332296   0
1161   CYS   -0.0815398   0.40749
1166   GLU   0.00499876   0.306341
1168   CYS   -0.0101624   0.129828
1170   HID   -0.0174978   -0.113252
1206   LYS   0.022355   -0.413094
1216   ALA   -0.187219   0
1217   LYS   -0.0821858   -0.103048
1220   ILE   0.0275668   0
1224   PHE   -0.31371   0
1227   ARG   -0.201434   -0.19694
1228   MET   -0.270556   0
1229   TYR   -0.202428   2.12081
1239   HID   -0.0200382   -0.100599
SITE:  ARG-1227
 620   ASP   0.0152253   0.133527
 857   ASP   -0.00960323   0.143334
 861   ASP   0.0071866   0.248832
 868   ASP   -0.0254411   0.174522
1091   TYR   -0.00425019   0.104999
1145   TRP   0.285768   0
1206   LYS   0.0144103   -0.113393
1220   ILE   0.139554   0
1221   PHE   0.143751   0
1222   GLN   0.366334   0
1223   ILE   0.0905467   0
1225   TYR   0.0311325   0.19694
1228   MET   -0.181031   0
1229   TYR   -0.118203   0.25083
SITE:  TYR-1229
 616   GLU   -0.0300279   0.183196
 618   ASP   -0.00899719   0.105968
 620   ASP   0.155436   0.537857
 628   TYR   -0.139875   0.62817
 634   TYR   -0.0815649   0.179846
 670   CYS   -0.0534292   0.140641
 685   ILE   0.148639   0
 686   VAL   0.210368   0
 688   GLU   -0.124899   0.668226
 689   VAL   0.520424   0
 690   ILE   0.38513   0
 691   PRO   0.0671459   0
 692   PHE   -0.253984   0
 693   LEU   -0.321217   0
 694   VAL   -0.0853045   0
 695   LEU   -0.162186   0
 696   ALA   -0.267443   0
 697   VAL   -0.106555   0
 700   ASP   -0.163836   0.540509
 742   GLU   0.0841574   0.750207
 749   GLY   -0.0650586   0
 757   VAL   0.0941029   0
 758   HIS   0.0925507   -0.17686
 761   SER   0.151197   0
 765   GLY   -0.01313   0
 771   ASP   -0.108746   0.457022
 861   ASP   -0.0146623   0.132522
1088   TYR   0.0217582   0.174923
1091   TYR   0.000140918   0.27285
1097   ASP   0.041511   0.22208
1101   ASN   0.183769   0
1128   CYS   0.0258792   0.133541
1148   SER   0.154283   0
1150   ASN   0.207032   0
1152   VAL   0.311368   0
1153   SER   0.323971   0
1154   LEU   0.112236   0
1155   VAL   -0.0338343   0
1156   ASN   -0.773226   0
1157   LEU   0.0827573   0
1158   VAL   -0.0517554   0
1159   MET   -0.898116   0
1161   CYS   -0.116768   0.686492
1162   GLY   -0.171025   0
1163   ILE   -0.175438   0
1164   SER   -0.147186   0
1166   GLU   0.0337372   0.838703
1168   CYS   -0.0204137   0.292501
1170   HID   -0.0442138   -0.275391
1202   ILE   0.126842   0
1206   LYS   0.0545176   -1.21508
1209   GLY   -0.157163   0
1210   ILE   0.00339488   0
1213   LEU   -0.170155   0
1216   ALA   -0.158455   0
1220   ILE   0.124293   0
1221   PHE   0.186969   0
1225   TYR   -0.338604   2.12081
1226   PHE   0.152941   0
1227   ARG   -0.173329   -0.25083
1228   MET   -0.26271   0
1231   ALA   -0.173858   0
1233   VAL   -0.132699   0
1236   GLY   -0.118314   0
1239   HID   -0.0488193   -0.213734
SITE:  HID-1239
 276   TYR   -0.0261608   0.185995
 700   ASP   -0.0240032   0.264492
 742   GLU   -0.0219788   0.284523
 825   TYR   -0.0486557   0.424769
 835   ARG   0.0689667   -0.123259
 838   VAL   0.148207   0
 839   ILE   0.134426   0
 842   PHE   0.329348   0
 843   VAL   0.0551432   0
 845   VAL   -0.222664   0
 849   SER   -0.23583   0
1126   ILE   0.109866   0
1127   MET   0.187741   0
1128   CYS   0.0998284   0.280658
1130   THR   0.403304   0
1131   ILE   0.219464   0
1133   MET   -0.0743225   0
1134   VAL   0.0544783   0
1137   ASN   -1.24563   0
1160   SER   0.143547   0
1161   CYS   0.0029717   0.410074
1164   SER   0.15767   0
1165   VAL   0.0321755   0
1166   GLU   -0.0828368   0.43455
1167   PHE   -0.182844   0
1168   CYS   -0.135084   0.865797
1170   HID   -0.0939956   -0.332039
1173   ARG   -0.0491588   -0.131205
1206   LYS   -0.0367301   -0.416739
1225   TYR   0.0496268   0.100599
1229   TYR   0.102197   0.213734
1231   ALA   0.198788   0
1232   MET   0.14617   0
1233   VAL   0.195116   0
1234   LEU   0.274376   0
1235   LEU   1.88901   0
1236   GLY   0.453288   0
1238   THR   0.389618   0
1240   GLY   -0.27856   0
1242   ILE   -0.322656   0
1243   PHE   -0.360866   0
1244   LEU   -0.196575   0
1245   PRO   -0.0735126   0
1250   TYR   -0.0948384   0.136963
SITE:  TYR-1250
 276   TYR   -0.00884037   0.134066
 283   PHE   -0.101865   0
 294   ARG   -0.182718   -0.237497
 825   TYR   0.0222182   0.137609
 829   LEU   0.214564   0
 831   LYS   0.368004   -0.135961
 832   ASP   0.43103   0.620854
 835   ARG   -0.709289   -1.81618
 836   PRO   0.150166   0
 838   VAL   -0.260542   0
 839   ILE   -0.43443   0
1168   CYS   0.00530295   0.114069
1183   ARG   -0.132612   -0.168252
1185   GLU   -0.0112707   0.112952
1186   ARG   -0.021634   -0.143266
1188   GLU   -0.0258992   0.125888
1239   HID   0.0520344   -0.136963
1243   PHE   0.163807   0
1245   PRO   0.0646323   0
1246   VAL   0.209598   0
1247   LEU   0.0904502   0
SITE:  LYS-1257
 317   ASP   1.07255   0.641361
 318   LYS   -0.137633   -0.14674
 319   GLY   0.68199   0
 320   GLU   0.112851   0.187177
 325   ASP   0.0296234   0.403557
 332   GLU   -0.00430945   0.100371
1120   GLU   0.00278244   0.210552
1183   ARG   0.0558436   -0.208533
1186   ARG   -0.00298013   -0.272971
1255   VAL   0.137897   0
1256   ASN   0.17817   0
1258   ALA   -0.176128   0
1259   LYS   -0.0433945   -0.19617
1261   CYS   -0.064659   0.339091
1264   GLU   -0.00949677   0.167272
SITE:  LYS-1259
 324   CYS   0.06777   0.259848
 325   ASP   0.208348   0.602056
 326   PRO   0.0943791   0
 328   SER   0.176811   0
 331   PHE   -0.316272   0
 332   GLU   0.745123   2.91619
 333   GLY   -0.0175812   0
 334   CYS   -0.112518   0.17773
 335   LEU   -0.193795   0
 336   ARG   -0.32421   -0.409398
 337   ARG   -0.00651021   -0.137969
 700   ASP   0.0291657   0.188198
 711   ARG   -0.0382312   -0.223969
 712   ASP   -0.0112095   0.171135
 726   ARG   0.0473294   -0.168373
 729   GLY   0.121149   0
 730   GLU   0.129437   0.559694
 731   VAL   0.0769885   0
 733   PRO   -0.0830995   0
 742   GLU   -0.021921   0.171526
1113   THR   0.23013   0
1114   MET   0.191937   0
1115   VAL   0.147295   0
1116   LEU   0.375824   0
1117   LEU   1.28964   0
1118   GLY   -0.139816   0
1119   CYS   -0.307632   0.394715
1120   GLU   1.03418   3.3621
1123   SER   -0.363021   0
1128   CYS   -0.0209838   0.202581
1166   GLU   0.0211892   0.170713
1168   CYS   0.0391619   0.342033
1169   SER   0.21814   0
1170   HID   0.134606   -0.404527
1172   THR   0.250245   0
1173   ARG   0.0634   -1.64266
1176   THR   -0.215696   0
1177   VAL   -0.0952077   0
1178   SER   0.0583126   0
1179   MET   -0.154272   0
1180   LYS   0.0350352   -0.10935
1183   ARG   0.05118   -0.158885
1186   ARG   -0.157729   -0.501872
1189   GLU   -0.0190675   0.282225
1193   HIS   -0.000499762   -0.27338
1206   LYS   -0.00634877   -0.10755
1253   PRO   -0.0692157   0
1254   SER   0.34353   0
1255   VAL   -0.175056   0
1256   ASN   -1.09132   0
1257   LYS   0.0842947   -0.19617
1258   ALA   -0.21321   0
1260   SER   -0.204486   0
1261   CYS   -0.0505203   0.241194
1264   GLU   -0.0721446   0.145261
1265   GLU   -0.042307   0.123747
1266   ARG   -0.167705   -0.273796
1267   TYR   -0.0778732   0.412666
1272   ARG   -0.029189   -0.200748
SITE:  CYS-1261
 317   ASP   0.0247391   0.128066
 325   ASP   -0.0322112   0.202946
 332   GLU   -0.0178271   0.165209
 336   ARG   -0.0427986   -0.133064
 730   GLU   0.00431535   0.110601
1120   GLU   0.0219562   0.132474
1186   ARG   -0.0286823   -0.142584
1189   GLU   0.00681432   0.102999
1256   ASN   0.293646   0
1257   LYS   1.28369   -0.339091
1258   ALA   0.266491   0
1259   LYS   0.0452047   -0.241194
1262   ALA   -0.196343   0
1263   THR   -0.229796   0
1264   GLU   -0.152808   0.553403
1265   GLU   -0.215018   0.35884
1267   TYR   -0.0646112   0.133486
1268   LYS   -0.0305512   -0.162413
1273   GLU   0.000775963   0.132765
SITE:  GLU-1264
 332   GLU   -0.00197448   0.144558
 336   ARG   -0.0515078   -0.124673
 730   GLU   0.00627767   0.149484
1180   LYS   0.0264337   -0.106862
1186   ARG   -0.0306066   -0.135023
1189   GLU   0.0183005   0.164441
1193   HIS   -0.000737438   -0.114356
1257   LYS   0.0727882   -0.167272
1259   LYS   0.0748569   -0.145261
1260   SER   0.272864   0
1261   CYS   0.24503   0.553403
1263   THR   -0.100408   0
1265   GLU   -0.551703   0.383037
1266   ARG   -0.31113   -0.126567
1267   TYR   -0.231538   0.225391
1268   LYS   -0.124365   -0.306219
1272   ARG   -0.0129843   -0.117781
1273   GLU   -0.0258747   0.445993
1277   ASN   0.160574   0
1278   PHE   -0.000111772   0.161361
SITE:  GLU-1265
 332   GLU   -0.0265361   0.143616
 336   ARG   -0.00474037   -0.251885
 337   ARG   -0.0296331   -0.103248
1259   LYS   0.0546428   -0.123747
1261   CYS   0.272544   0.35884
1264   GLU   -0.185929   0.383037
1266   ARG   -0.173811   -0.300089
1267   TYR   -0.0875966   0.138277
1268   LYS   -0.0624776   -0.318246
1273   GLU   -0.0132966   0.139174
SITE:  ARG-1266
 332   GLU   0.0654617   0.494557
 333   GLY   0.106746   0
 334   CYS   0.0780924   0.127932
 336   ARG   0.28337   -1.37037
 337   ARG   0.0631419   -0.311027
 340   THR   0.106438   0
 341   ARG   -0.0219446   -0.152851
 700   ASP   0.0227352   0.104789
 709   TYR   -0.00419872   0.102716
 711   ARG   -0.0505636   -0.236992
 712   ASP   -0.010142   0.353782
 718   GLU   0.0257642   0.347503
 721   ASP   0.041235   0.114946
 722   GLN   0.306282   0
 725   GLY   0.159833   0
 726   ARG   0.0751293   -0.623359
 727   VAL   0.0961885   0
 729   GLY   -0.248096   0
 730   GLU   -0.170489   0.635847
 733   PRO   -0.0922004   0
1120   GLU   0.0218932   0.127588
1170   HID   0.0466985   -0.17603
1173   ARG   0.0954151   -0.349791
1189   GLU   0.00509822   0.195275
1193   HIS   0.028747   -0.236284
1259   LYS   0.0344099   -0.273796
1264   GLU   0.0514985   0.126567
1265   GLU   -0.328326   0.300089
1267   TYR   -0.0250476   0.743266
1268   LYS   0.0180649   -0.102476
1272   ARG   -0.163191   -0.314245
1273   GLU   -0.0311754   0.105165
SITE:  TYR-1267
 332   GLU   0.0732249   0.724946
 336   ARG   -0.36584   -0.494426
 337   ARG   0.0189114   -0.120891
 641   HIS   -0.0198989   -0.106461
 653   LYS   0.00352296   -0.127229
 700   ASP   0.0409162   0.175724
 709   TYR   0.0243098   0.14279
 711   ARG   -0.113714   -0.617949
 712   ASP   -0.0723101   0.644988
 713   GLU   0.04449   0.187422
 718   GLU   -0.00773421   0.243304
 726   ARG   -0.0503398   -0.759164
 727   VAL   0.104255   0
 729   GLY   0.0156656   0
 730   GLU   -0.135592   1.21411
 731   VAL   -0.00822746   0
 733   PRO   -0.124801   0
 742   GLU   -0.00812695   0.110433
 814   GLU   -0.0574746   0.160026
 822   LYS   -0.0101326   -0.210997
1120   GLU   0.0377963   0.207865
1166   GLU   0.0220703   0.127004
1168   CYS   0.0245398   0.150208
1170   HID   0.0956598   -0.334066
1173   ARG   0.135212   -0.554261
1177   VAL   0.0723199   0
1179   MET   -0.175684   0
1180   LYS   -0.0201674   -0.220834
1185   GLU   0.00329786   0.104596
1186   ARG   -0.0517479   -0.218468
1188   GLU   -0.0122952   0.147594
1189   GLU   0.0352796   0.648146
1193   HIS   0.0153402   -0.696827
1259   LYS   0.066072   -0.412666
1261   CYS   0.0373162   0.133486
1263   THR   0.304684   0
1264   GLU   0.000997208   0.225391
1265   GLU   -0.0574727   0.138277
1266   ARG   -0.633482   -0.743266
1271   GLU   -0.0601486   0.155005
1272   ARG   -0.631548   -1.02929
1273   GLU   -0.024601   0.18071
1278   PHE   0.000852176   0.155774
SITE:  LYS-1268
1261   CYS   0.0668006   0.162413
1264   GLU   0.0512428   0.306219
1265   GLU   -0.0909128   0.318246
1266   ARG   -0.0563042   -0.102476
1269   GLY   -0.209148   0
1273   GLU   0.00512235   0.360619
SITE:  GLU-1271
 711   ARG   0.0256841   -0.13456
 712   ASP   -0.0246858   0.198696
 713   GLU   -0.00627102   0.26277
 714   ARG   0.101956   -0.169076
 718   GLU   -0.0117678   0.109253
 726   ARG   0.0246635   -0.193994
 730   GLU   -0.009393   0.104456
 822   LYS   0.00122688   -0.10506
1193   HIS   -0.00593028   -0.121777
1267   TYR   0.0884703   0.155005
1272   ARG   -0.0345583   -0.410405
1273   GLU   -0.116371   0.175228
1274   ARG   -0.316775   -0.230673
SITE:  ARG-1272
 332   GLU   0.0388831   0.329232
 336   ARG   -0.130296   -0.206404
 641   HIS   -0.0219067   -0.158046
 643   LYS   -0.00593524   -0.117325
 653   LYS   0.00547809   -0.165906
 700   ASP   0.0411565   0.152809
 709   TYR   0.054809   0.209978
 711   ARG   -0.0213514   -0.783526
 712   ASP   -0.176064   0.980946
 713   GLU   0.0508008   0.366049
 714   ARG   0.0113842   -0.162489
 718   GLU   -0.043252   0.195583
 723   GLN   -0.0744498   0
 726   ARG   0.110257   -0.855777
 727   VAL   0.0391707   0
 730   GLU   -0.0669638   0.809807
 814   GLU   -0.116193   0.291888
 822   LYS   -0.0187646   -0.330215
1120   GLU   0.0198219   0.108462
1166   GLU   0.0174793   0.105874
1168   CYS   0.0141015   0.111616
1170   HID   0.0619495   -0.281098
1173   ARG   0.0658765   -0.323546
1177   VAL   0.059676   0
1180   LYS   -0.0261304   -0.210091
1186   ARG   -0.0041762   -0.13953
1188   GLU   -0.00319256   0.1492
1189   GLU   0.0339528   0.501468
1193   HIS   -0.00320717   -0.740584
1259   LYS   0.0281508   -0.200748
1264   GLU   -0.00650816   0.117781
1266   ARG   -0.199306   -0.314245
1267   TYR   0.144049   1.02929
1271   GLU   -0.31635   0.410405
1273   GLU   -0.222974   0.190696
1278   PHE   0.00492578   0.15107
SITE:  GLU-1273
1189   GLU   0.011594   0.103408
1261   CYS   0.062444   0.132765
1264   GLU   0.0781744   0.445993
1265   GLU   -0.0509108   0.139174
1266   ARG   -0.140109   -0.105165
1267   TYR   0.141956   0.18071
1268   LYS   -0.69554   -0.360619
1269   GLY   -0.988188   0
1270   THR   0.339716   0
1271   GLU   0.0259463   0.175228
1272   ARG   0.0767679   -0.190696
1274   ARG   -0.0167673   -0.466947
1275   LEU   -0.175061   0
1276   LEU   -0.204648   0
1277   ASN   -0.498085   0
1278   PHE   -0.0120202   0.111951
SITE:  ARG-1274
1271   GLU   -0.031322   0.230673
1273   GLU   -0.341006   0.466947
1275   LEU   -0.173259   0
1277   ASN   -0.198945   0
SITE:  CTphe-1278
 711   ARG   0.02036   -0.134554
 730   GLU   0.0113896   0.131439
 822   LYS   0.0116612   -0.156554
1180   LYS   -0.0947472   -0.350937
1185   GLU   -0.0129352   0.270131
1186   ARG   -0.0144404   -0.130674
1188   GLU   -0.00889502   0.17679
1189   GLU   0.0188451   0.311831
1193   HIS   -0.0285326   -0.204884
1264   GLU   -0.0239822   0.161361
1267   TYR   -0.0259287   0.155774
1272   ARG   0.0701306   -0.15107
1273   GLU   0.0451779   0.111951
1274   ARG   0.117785   -0.066294
1275   LEU   0.275388   0
