defa
19485
  57.8300000  75.7100000 161.3500000  57.3473388  75.3586721 162.1670931
  58.5711981  75.0686351 161.1010047  58.2229680  76.6208811 161.5522414
  56.8700000  75.8200000 160.2200000  56.1512985  76.6090844 160.4423183
  57.5000000  76.0900000 158.8400000  58.2480025  75.3246891 158.6257497
  56.7300561  76.0142881 158.0712008  58.1200000  77.4800000 158.6900000
  58.4868595  77.6020120 157.6699875  57.3664164  78.2444582 158.8843703
  59.2800000  77.6400000 159.6600000  59.1700000  78.2900000 160.6800000
  60.2900000  76.8100000 159.5900000  60.3841684  76.1893832 158.8002463
  61.0183468  76.8753550 160.2870172  56.1300000  74.5200000 160.1000000
  56.5900000  73.5100000 160.6400000  55.0200000  74.5500000 159.3900000
  54.7187978  75.4178226 158.9686530  54.1500000  73.4100000 159.2300000
  54.7929153  72.5788511 158.9591329  53.4700000  73.1400000 160.5800000
  52.5637192  72.5879161 160.3889468  54.1515277  72.5279430 161.1689366
  53.1800000  74.2900000 161.3600000  52.2564936  74.2465561 161.6273187
  53.1700000  73.6100000 158.0800000  53.2300000  74.6400000 157.4100000
  52.3100000  72.6300000 157.8100000  52.3016604  71.8049236 158.3911947
  51.2300000  72.7800000 156.8300000  51.4072446  73.6548627 156.2058701
  51.1900000  71.5700000 155.9300000  51.0230053  70.7015074 156.5640366
  50.3433422  71.6453917 155.2521781  52.6900000  71.3300000 154.9500000
  49.8900000  72.9700000 157.5300000  49.7200000  72.5700000 158.6700000
  48.9400000  73.5500000 156.8200000  49.1419311  73.8310596 155.8705825
  47.5600000  73.6700000 157.2600000  47.5139401  73.2855735 158.2631841
  47.1500000  75.1500000 157.3900000  46.0819376  75.2119820 157.6016663
  47.9200000  75.8800000 158.4900000  47.6466151  76.9363890 158.5013144
  47.6786278  75.4737458 159.4560693  48.9944452  75.7859792 158.3408633
  47.4700000  75.9600000 156.1300000  46.7586893  76.7800215 156.0342550
  48.4833923  76.3659518 156.1589712  47.4289121  75.3146861 155.2593875
  46.6500000  72.7800000 156.3800000  47.1300000  72.1100000 155.4700000
  45.3500000  72.7400000 156.6400000  45.0057882  73.2884499 157.4140065
  44.3500000  72.0400000 155.8100000  43.5332407  71.9097895 156.4991650
  43.8000000  72.9800000 154.7300000  42.9054744  72.5232028 154.3058710
  43.5061689  73.8816881 155.2593514  44.6600000  73.4400000 153.6000000
  45.4500000  74.5200000 153.6700000  45.5465911  75.1417652 154.5404723
  46.1600000  74.6400000 152.5100000  46.8668605  75.3502261 152.3886192
  45.6900000  73.8100000 151.5200000  45.9800000  73.6600000 150.1600000
  46.7303197  74.2775493 149.6932061  45.2400000  72.7500000 149.4000000
  45.4243398  72.6444586 148.3407630  44.2300000  71.9900000 150.0200000
  43.6557661  71.2883532 149.4343040  44.0000000  72.1200000 151.4100000
  43.2780947  71.5168596 151.9022980  44.7100000  73.0300000 152.2000000
  44.6600000  70.6200000 155.3300000  44.7200000  70.3400000 154.1300000
  44.8400000  69.6900000 156.2800000  44.7614541  69.9597204 157.2482565
  45.1600000  68.3000000 155.9900000  45.6353168  68.3183443 155.0133636
  46.2000000  67.7700000 156.9800000  47.0081789  68.4982719 157.0620841
  45.7327348  67.6725561 157.9602695  46.8200000  66.4400000 156.5900000
  47.1100000  66.1700000 155.2300000  46.9517317  66.9056520 154.4577515
  47.6500000  64.9300000 154.8600000  47.8819751  64.7512147 153.8284388
  47.9400000  63.9600000 155.8300000  48.4900000  62.7800000 155.4300000
  48.6923938  62.1908241 156.1591262  47.6800000  64.2200000 157.1900000
  47.9025454  63.4771755 157.9405202  47.1200000  65.4700000 157.5600000
  46.9033622  65.6667615 158.6001821  43.9500000  67.3500000 155.8800000
  43.0700000  67.3200000 156.7400000  43.9700000  66.5100000 154.8400000
  44.7468881  66.5675220 154.1961518  42.9200000  65.5500000 154.4900000
  43.3578822  64.7770220 153.8573943  42.5458491  65.0762513 155.3981563
  41.7400000  66.1900000 153.7400000  41.6600000  67.4100000 153.6000000
  40.8100000  65.3600000 153.2900000  40.9726553  64.3682013 153.4005173
  39.6200000  65.7500000 152.5200000  39.3885082  66.7734370 152.7921202
  39.9000000  65.7600000 151.0000000  39.0731543  66.2887741 150.5261481
  40.7900923  66.3649768 150.8253756  40.0800000  64.4300000 150.2500000
  39.1578079  63.8557934 150.2824360  40.2429123  64.6750336 149.1991255
  41.2400000  63.5500000 150.6900000  42.1800000  64.0500000 151.3500000
  41.1900000  62.3700000 150.3000000  38.3800000  64.9400000 152.9400000
  38.1100000  63.8400000 152.4600000  37.6300000  65.5000000 153.8800000
  37.8988400  66.4056370 154.2360788  36.5100000  64.8200000 154.5400000
  36.5390834  63.7544580 154.3096013  36.6700000  64.9500000 156.0600000
  35.7340784  64.6521585 156.5304441  37.4378589  64.2474416 156.3850984
  37.1300000  66.6000000 156.6700000  35.1600000  65.3500000 154.0600000
  34.2700000  64.5400000 153.8000000  35.0300000  66.6700000 153.9000000
  35.8206785  67.2703872 154.0814651  33.8400000  67.2700000 153.3300000
  32.9938031  67.0858873 153.9758743  34.0055042  68.3401398 153.2688285
  33.5000000  66.8100000 151.9300000  34.3100000  66.2100000 151.2200000
  32.3100000  67.1800000 151.4900000  31.6972242  67.6710766 152.1258757
  31.8300000  67.0000000 150.1300000  32.6944464  67.0857641 149.4857448
  31.2600000  65.5800000 149.9700000  31.9954800  64.8905985 150.3892885
  29.9500000  65.3800000 150.7600000  29.6871675  64.3246765 150.8090070
  30.0644276  65.7408242 151.7823184  29.1339216  65.9221969 150.2811349
  31.1300000  65.2200000 148.4700000  30.3061677  65.7888172 148.0362870
  32.0447041  65.4899488 147.9457566  30.8900000  63.7300000 148.2300000
  30.1360876  63.6053617 147.4525148  31.8181109  63.2643453 147.8950303
  30.5539506  63.2166936 149.1289799  30.8500000  68.1300000 149.7700000
  30.0300000  68.5200000 150.6000000  30.9700000  68.6800000 148.5700000
  31.6856478  68.3298520 147.9520349  30.0700000  69.7000000 148.0500000
  29.6598102  70.2738975 148.8822688  30.8600000  70.6700000 147.1700000
  30.2421875  71.5341624 146.9248326  31.7507982  70.9875194 147.6999999
  31.1804074  70.1861969 146.2479938  28.9100000  69.0700000 147.2800000
  27.7500000  69.2000000 147.6500000  29.2500000  68.3900000 146.1800000
  30.2304654  68.3613579 145.9392349  28.3800000  67.5800000 145.3500000
  27.8520785  66.8779436 145.9972527  27.3300000  68.4500000 144.6300000
  26.7421630  67.8019786 143.9782916  26.6285932  68.8344633 145.3695253
  27.8400000  69.6200000 143.8000000  28.2400000  69.4000000 142.4700000
  28.2701289  68.3972224 142.0679729  28.5700000  70.5000000 141.6400000
  28.8755546  70.3320087 140.6172456  28.4400000  71.8100000 142.1400000
  28.7400000  72.8600000 141.3300000  28.7964708  72.6134307 140.4029217
  28.0800000  72.0300000 143.4800000  28.0015147  73.0369830 143.8625230
  27.7900000  70.9300000 144.3200000  27.4694734  71.0990653 145.3384475
  29.2200000  66.7700000 144.3600000  30.3700000  67.1200000 144.0600000
  28.6600000  65.6700000 143.8600000  27.7206281  65.4354650 144.1462641
  29.3600000  64.7100000 142.9900000  28.6594594  63.9363591 142.6755004
  29.7297704  65.2262859 142.1032077  30.5200000  64.0500000 143.7300000
  30.3000000  63.3300000 144.7000000  31.7500000  64.3300000 143.3100000
  31.8653096  64.9263885 142.5030776  32.9800000  63.8300000 143.9500000
  32.7261132  63.0559379 144.6746015  33.8800000  63.1700000 142.8800000
  34.8351923  62.8830965 143.3209157  33.3888865  62.2627747 142.5251496
  34.1300000  64.1000000 141.6800000  34.3700000  65.3100000 141.9300000
  33.8900000  63.7300000 140.5200000  33.7500000  64.9200000 144.7100000
  34.7300000  64.6100000 145.3800000  33.3400000  66.2000000 144.6400000
  32.4970268  66.4145016 144.1250958  34.1400000  67.3300000 145.1200000
  35.1580930  67.2051220 144.7567113  33.5600000  68.6500000 144.5700000
  32.5139214  68.7322118 144.8667212  34.0862884  69.4797026 145.0348166
  33.6400000  68.7900000 143.0400000  32.8931642  68.1245289 142.6049762
  33.3718421  69.8094628 142.7616071  35.0100000  68.4400000 142.4300000
  35.7572063  69.1409223 142.7762328  35.3363500  67.4480660 142.7266339
  35.0500000  68.4900000 140.9000000  34.6357711  69.4423421 140.5663758
  36.0871417  68.4201411 140.5721810  34.3000000  67.3800000 140.2800000
  33.7748251  67.7106064 139.4821877  34.9432825  66.6570867 139.9831925
  33.6814712  66.9581849 140.9608707  34.2400000  67.3600000 146.6300000
  33.2400000  67.6100000 147.2900000  35.4500000  67.1600000 147.1700000
  36.2254934  66.9740058 146.5497486  35.7100000  67.1100000 148.6100000
  34.7519788  67.0405927 149.1088722  36.5300000  65.8700000 149.0000000
  37.5171419  65.9289801 148.5386972  36.6558551  65.8470702 150.0833327
  35.8400000  64.5800000 148.5400000  34.8216972  64.5433925 148.9298336
  35.8188038  64.5707305 147.4599305  36.6100000  63.3400000 148.9800000
  37.6320649  63.4040262 148.6050981  36.6391870  63.2894044 150.0694531
  35.9800000  62.1200000 148.4200000  36.3697779  61.7896078 147.5506398
  34.9800000  61.4300000 148.9400000  34.3900000  61.8000000 150.0500000
  33.6309232  61.2591501 150.4333960  34.6878160  62.6437479 150.5183829
  34.5500000  60.3600000 148.3400000  33.7766919  59.8442698 148.7305786
  34.9612089  60.0801950 147.4631212  36.3800000  68.3900000 149.0700000
  37.4000000  68.7900000 148.5000000  35.8100000  69.0200000 150.0900000
  34.9746750  68.6334764 150.5047122  36.4800000  70.1100000 150.7800000
  36.9908306  70.7342914 150.0463446  35.4800000  71.0000000 151.5300000
  34.9900606  70.3955248 152.2925264  36.0460951  71.7865432 152.0286443
  34.4100000  71.6700000 150.6800000  34.6300000  71.9100000 149.3100000
  35.5500109  71.6208409 148.8272447  33.6800000  72.6100000 148.5600000
  33.8668457  72.8376384 147.5387631  32.4700000  73.0400000 149.1300000
  31.5500000  73.6600000 148.3500000  30.6968999  73.7389457 148.7801065
  32.2300000  72.7700000 150.4900000  31.3096768  73.0910673 150.9535422
  33.2100000  72.1100000 151.2600000  33.0233480  71.9220125 152.3076141
  37.5500000  69.5200000 151.6900000  37.3200000  68.5500000 152.4100000
  38.7500000  70.0900000 151.6000000  38.8934728  70.8842621 150.9926723
  39.8500000  69.6600000 152.4500000  39.9630675  68.5891846 152.3516295
  41.1400000  70.3100000 151.9800000  40.9591476  71.3444215 151.6840145
  41.8302573  70.2938762 152.8250403  41.7800000  69.5400000 150.8400000
  42.9500000  69.2200000 150.8600000  41.0800000  69.1500000 149.8100000
  41.5434310  68.6305098 149.0807758  40.0938219  69.3515840 149.7586254
  39.5300000  70.0000000 153.9100000  38.9500000  71.0500000 154.1700000
  39.8500000  69.1200000 154.8500000  40.3300984  68.2687224 154.5973248
  39.6600000  69.4100000 156.2700000  38.6657776  69.8319093 156.4175762
  39.7700000  68.1300000 157.1100000  40.8240628  67.9693402 157.3207811
  39.2857039  68.3038076 158.0708203  39.1500000  66.5800000 156.4200000
  40.7200000  70.4200000 156.7100000  41.8700000  70.3400000 156.3000000
  40.3800000  71.3500000 157.5900000  39.4431159  71.3209739 157.9482236
  41.2900000  72.2900000 158.2300000  41.9921172  72.6430400 157.4815795
  40.5900000  73.5500000 158.7900000  39.8857128  73.9412225 158.0584527
  40.0535812  73.2729100 159.6941579  41.5700000  74.6700000 159.1400000
  42.3918266  74.2510183 159.7215689  41.9893001  75.0676150 158.2142365
  40.9600000  75.8300000 159.9500000  39.7600000  76.1600000 159.7600000
  41.7200000  76.3900000 160.7700000  42.0300000  71.5500000 159.3300000
  41.4400000  70.8600000 160.1700000  43.3500000  71.6900000 159.3500000
  43.7896526  72.2482212 158.6333135  44.2100000  71.1800000 160.3900000
  43.7232252  71.2494028 161.3641573  44.5400000  69.7100000 160.0700000
  43.6514677  69.0997088 160.2359512  44.8026318  69.6208973 159.0173067
  45.6800000  69.1600000 160.9000000  45.4500000  68.7200000 162.2100000
  44.4519574  68.7470202 162.6241996  46.5200000  68.2400000 162.9900000
  46.3458946  67.8920718 163.9974749  47.8200000  68.2000000 162.4400000
  48.8600000  67.7200000 163.1600000  49.6755786  67.7098233 162.6523218
  48.0600000  68.6900000 161.1300000  49.0480116  68.6735039 160.7014321
  46.9800000  69.1600000 160.3700000  47.1662092  69.5397144 159.3751333
  45.4800000  72.0100000 160.3900000  46.2100000  71.9300000 159.4200000
  45.7400000  72.8000000 161.4300000  45.0869107  72.8352373 162.1989796
  46.8700000  73.7500000 161.4500000  47.2514593  73.7936958 160.4374453
  46.4000000  75.1700000 161.8000000  46.0702636  75.1966543 162.8388181
  47.2105245  75.8854266 161.6618117  45.3100000  75.5100000 160.9600000
  44.8641380  76.2831119 161.3183027  48.0800000  73.2800000 162.2700000
  48.8800000  74.1000000 162.7400000  48.2100000  71.9700000 162.4700000
  47.5313170  71.3556072 162.0428994  49.3200000  71.3300000 163.1900000
  49.6080413  71.9540585 164.0362380  48.9703237  70.3769160 163.5806812
  50.5600000  71.1000000 162.3000000  50.6700000  71.6900000 161.2300000
  51.5200000  70.2400000 162.7000000  51.6200000  69.6000000 163.9900000
  50.7370469  69.0100976 164.2249118  51.7756531  70.3605831 164.7560573
  52.8600000  68.7000000 163.9000000  52.5704711  67.7139667 163.5325024
  53.3663519  68.6162887 164.8620704  53.7300000  69.4000000 162.8600000
  54.4300693  68.7081491 162.3904961  54.2631657  70.2310473 163.3242755
  52.6900000  69.9400000 161.8800000  53.0765394  70.8589845 161.4758638
  52.4100000  68.9800000 160.7100000  51.4700000  68.1800000 160.7900000
  53.2200000  69.0300000 159.6300000  54.4300000  69.8100000 159.4800000
  55.0558867  69.7770734 160.3713283  54.1122304  70.8176288 159.2717879
  55.1900000  69.2600000 158.2700000  55.8461768  68.4459072 158.5792159
  55.7487082  70.0392470 157.7506739  54.0400000  68.7200000 157.4300000
  54.3586009  67.9470525 156.7363492  53.6219264  69.5673955 156.8966341
  53.0300000  68.2000000 158.4500000  52.0189229  68.3304576 158.0623889
  53.2500000  66.7300000 158.8300000  54.2700000  66.3700000 159.4200000
  52.2500000  65.8800000 158.5400000  51.4252140  66.2157587 158.0632060
  52.3000000  64.4700000 158.9300000  52.8581781  64.4199455 159.8514472
  50.8900000  63.9200000 159.2100000  50.1671637  64.4187364 158.5635853
  50.8655717  62.8598181 158.9534340  50.4300000  64.0400000 160.6800000
  50.1917594  65.0853308 160.8817259  49.5107509  63.4639208 160.7948192
  51.4400000  63.5700000 161.7400000  52.2457347  64.3005968 161.8165643
  50.9421976  63.5455046 162.7100549  52.0200000  62.1800000 161.4500000
  51.2939247  61.4157807 161.7318077  52.2049896  62.0956548 160.3787531
  53.3100000  61.9500000 162.1500000  53.1469308  61.8720986 163.1455813
  53.7315267  61.0930273 161.8154838  53.9376263  62.7228694 161.9716720
  53.0300000  63.6200000 157.8800000  52.4100000  63.3300000 156.8700000
  54.2800000  63.1600000 158.1500000  54.8900000  63.1000000 159.4700000
  54.3425767  62.3573732 160.0320576  54.8949800  64.0590153 159.9829192
  56.3100000  62.6000000 159.3100000  56.6114440  61.9825404 160.1567547
  56.9796304  63.4454698 159.2206131  56.2600000  61.7900000 158.0200000
  56.0232995  60.7539930 158.2676513  57.2074731  61.8349037 157.4834721
  55.1100000  62.4200000 157.2100000  55.5069937  63.1190358 156.4754797
  54.3200000  61.3200000 156.4900000  53.4800000  60.6800000 157.1100000
  54.6600000  61.1100000 155.2200000  55.3877351  61.6817111 154.8174842
  53.9200000  60.2400000 154.3000000  52.9893264  60.7495527 154.0539740
  54.7500000  60.0300000 153.0300000  55.1941731  60.9759374 152.7614798
  55.5676702  59.3542169 153.2863663  54.0300000  59.4600000 151.7900000
  53.4687534  58.5729631 152.0777465  53.0800000  60.4300000 151.0600000
  52.5863263  59.9066441 150.2402758  52.3100309  60.8114457 151.7271950
  53.6304581  61.2708878 150.6490346  55.0900000  58.9900000 150.8100000
  54.6289772  58.6857142 149.8698400  55.8343674  59.7659494 150.6362273
  55.5719678  58.1185471 151.2440795  53.6500000  58.8800000 154.9300000
  54.5500000  58.3100000 155.5400000  52.4700000  58.2800000 154.6800000
  51.3600000  58.8200000 153.9100000  51.6695428  59.2895753 152.9890240
  50.8124260  59.5376710 154.5224956  50.4700000  57.6400000 153.5900000
  50.8671670  57.0891803 152.7356827  49.4370508  57.9449651 153.4175329
  50.6200000  56.8200000 154.8700000  50.3078780  55.7861500 154.7228224
  50.0253966  57.2751837 155.6638598  52.1100000  56.9700000 155.2000000
  52.2275784  56.9668588 156.2842290  52.9400000  55.8000000 154.6300000
  52.5400000  54.6600000 154.8000000  54.0600000  56.0500000 153.9300000
  54.3448659  57.0140126 153.8384340  54.9400000  55.0400000 153.3000000
  55.7438442  55.5868590 152.8081816  55.5900000  54.2400000 154.4400000
  56.2745100  54.9148198 154.9569252  54.8326866  53.9463257 155.1639195
  56.3500000  52.9600000 154.0900000  55.6675525  52.2309755 153.6522913
  57.1474116  53.1760069 153.3925094  56.9400000  52.3700000 155.3700000
  57.6110918  53.1030842 155.8212471  56.1430959  52.1289340 156.0756290
  57.7300000  51.1000000 155.0400000  57.0351684  50.3074864 154.7572786
  58.3911346  51.3041587 154.1959688  58.5500000  50.6700000 156.2000000
  59.0649949  49.8328904 155.9643349  59.2001488  51.4030518 156.4475908
  57.9461721  50.4725502 156.9858538  54.2700000  54.2200000 152.1800000
  54.9500000  53.4600000 151.5000000  52.9900000  54.4500000 151.9300000
  52.5063205  55.1000682 152.5299717  52.1600000  53.7200000 150.9700000
  52.4381060  52.6653796 150.9766210  50.7100000  53.8400000 151.4700000
  50.6752533  53.5430265 152.5204922  50.3762385  54.8776690 151.4136976
  49.7400000  52.9500000 150.6800000  49.4100000  53.3600000 149.5500000
  49.3300000  51.9200000 151.2500000  52.3600000  54.2800000 149.5500000
  52.9400000  53.6500000 148.6700000  52.0000000  55.5500000 149.3600000
  51.5661007  56.0481835 150.1226860  52.0100000  56.2100000 148.0500000
  51.6905068  55.4994619 147.2866181  51.2884015  57.0256281 148.0726297
  53.3700000  56.7800000 147.6500000  53.4100000  57.8500000 147.0600000
  54.4800000  56.1100000 147.9900000  54.4001634  55.2282139 148.4795847
  55.8100000  56.5600000 147.5600000  55.9844862  57.5511435 147.9732960
  56.8900000  55.5900000 148.0600000  56.5469863  54.5665155 147.8978009
  57.7819065  55.7276559 147.4462939  57.3400000  55.7600000 149.5000000
  57.5800000  57.0300000 150.0600000  57.3581807  57.9251822 149.4995672
  58.1300000  57.1600000 151.3400000  58.2993812  58.1431409 151.7535664
  58.4700000  56.0100000 152.0800000  58.9700000  56.1300000 153.3300000
  59.0180792  57.0421283 153.6258206  58.2600000  54.7400000 151.5100000
  58.5661946  53.8550655 152.0442307  57.6600000  54.6100000 150.2500000
  57.5148056  53.6259985 149.8270001  55.9300000  56.6900000 146.0400000
  56.5000000  57.6700000 145.5700000  55.3300000  55.7700000 145.2700000
  54.8739740  54.9848912 145.7136144  55.2000000  55.8800000 143.8200000
  56.1948744  55.9204855 143.3752416  54.4700000  54.6300000 143.2800000
  53.6934993  54.3196441 143.9819725  53.9750057  54.8955177 142.3445000
  55.4000000  53.4600000 142.9700000  56.3700000  53.6100000 142.1900000
  55.1300000  52.3200000 143.4200000  54.4400000  57.1600000 143.4100000
  54.8900000  57.8700000 142.5100000  53.3700000  57.5200000 144.1300000
  53.0667146  56.9310658 144.8917903  52.6300000  58.7700000 143.8800000
  52.3782407  58.7947701 142.8253402  51.3000000  58.8400000 144.6400000
  51.4409245  58.5990030 145.6919641  50.9744787  59.8777354 144.5921881
  50.1600000  57.9900000 144.0500000  50.1446738  58.0963450 142.9645982
  50.3000000  56.5100000 144.4100000  49.4431438  55.9531900 144.0287557
  51.1946772  56.0894548 143.9544761  50.3477304  56.3874138 145.4919389
  48.8100000  58.4700000 144.6000000  48.0104612  57.8062077 144.2709960
  48.8284795  58.5004335 145.6877117  48.5958400  59.4658095 144.2155014
  53.4800000  60.0100000 144.1800000  53.4300000  60.9800000 143.4400000
  54.3000000  60.0000000 145.2400000  54.3368803  59.1892772 145.8432290
  55.2100000  61.1200000 145.5300000  54.6284461  62.0430497 145.5105557
  55.8200000  60.9800000 146.9400000  56.3843769  60.0488651 147.0056691
  56.7400000  62.1400000 147.3500000  57.1158746  61.9871167 148.3622672
  57.5970608  62.1932220 146.6792344  56.1969863  63.0849721 147.3047468
  54.7000000  60.9600000 147.9900000  55.1362238  61.0118940 148.9806834
  54.0513554  61.8257814 147.8569130  54.1055495  60.0556785 147.9124830
  56.3000000  61.2400000 144.4600000  56.6900000  62.3400000 144.1000000
  56.7600000  60.1200000 143.9000000  56.3961220  59.2311842 144.2159136
  57.7500000  60.0900000 142.8100000  58.5487871  60.7961777 143.0395474
  58.3500000  58.6800000 142.7300000  57.5769275  57.9394035 142.9364939
  58.6900336  58.4924635 141.7116031  59.5200000  58.4800000 143.7100000
  59.6076964  59.3328764 144.3843025  59.2864215  57.6132949 144.3305346
  60.8800000  58.2400000 143.0400000  61.1600000  58.6100000 141.9100000
  61.7700000  57.5700000 143.7300000  61.5481153  57.2522770 144.6611261
  62.6419992  57.3196491 143.2921488  57.1800000  60.4800000 141.4300000
  57.8900000  61.1500000 140.6700000  55.9600000  60.0700000 141.0900000
  55.4286035  59.5082356 141.7402972  55.3400000  60.3900000 139.8000000
  56.1346706  60.3781069 139.0531242  54.3300000  59.2900000 139.3600000
  54.2695912  59.3148894 138.2715045  54.7011337  58.3058169 139.6499659
  52.9100000  59.4900000 139.9000000  52.9423618  59.3976613 140.9780542
  52.5936166  60.5003827 139.6602446  51.8000000  58.5900000 139.3400000
  52.0300000  57.5600000 138.6700000  50.6300000  58.9900000 139.5100000
  54.7300000  61.8000000 139.7700000  54.7200000  62.4400000 138.7200000
  54.2200000  62.2900000 140.9200000  54.2558440  61.7244179 141.7569977
  53.5000000  63.5600000 140.9800000  53.0440624  63.7341256 140.0061440
  52.3700000  63.5100000 142.0100000  52.7801076  63.3213545 143.0012331
  51.8944274  64.4920692 142.0374511  51.3000000  62.4600000 141.6500000
  51.7364025  61.4646513 141.6439299  50.2500000  62.4800000 142.7400000
  49.4474536  61.7880533 142.4878606  50.7333666  62.1277627 143.6439553
  49.8472912  63.4780824 142.8815382  50.6800000  62.7000000 140.2700000
  49.7814184  62.0951366 140.1516870  50.4435001  63.7529059 140.1331572
  51.3809379  62.4103505 139.4892015  54.4100000  64.7500000 141.2200000
  54.3800000  65.6800000 140.4200000  55.2600000  64.7400000 142.2500000
  55.2701937  63.9580296 142.8896310  56.3700000  65.6800000 142.2900000
  56.6807376  65.8305541 141.2603253  55.8900000  67.0700000 142.7200000
  56.7019458  67.7732715 142.5323328  55.0617688  67.3692438 142.0794356
  55.3800000  67.2900000 144.4200000  57.5800000  65.1500000 143.0800000
  57.6800000  65.3200000 144.3000000  58.5800000  64.5700000 142.3900000
  58.6700000  64.4400000 140.9400000  58.4963460  65.3917261 140.4378156
  57.9584587  63.6915160 140.5925210  60.1000000  63.9900000 140.6600000
  60.7474597  64.8640962 140.5738994  60.1607998  63.3762615 139.7607596
  60.4700000  63.2000000 141.9100000  61.5493531  63.1693608 142.0623041
  60.0762703  62.1866992 141.8334874  59.7400000  63.9500000 143.0300000
  59.3957480  63.2204678 143.7644776  60.6600000  64.9500000 143.7500000
  61.5600000  64.5200000 144.4600000  60.4100000  66.2600000 143.6500000
  59.6342805  66.5562940 143.0759742  61.1500000  67.3000000 144.3700000
  62.1928202  67.2702822 144.0521672  60.7404861  68.2725712 144.0988123
  61.1000000  67.1700000 145.9000000  61.9200000  67.7600000 146.5900000
  60.1700000  66.3700000 146.4400000  59.5107520  65.9040282 145.8308825
  60.0300000  66.1100000 147.8800000  60.5431555  66.8862752 148.4450209
  58.5400000  66.1700000 148.2300000  58.0189748  65.3967954 147.6623863
  58.4198492  65.9385898 149.2889219  57.8600000  67.5100000 147.9800000
  58.5900000  68.7200000 147.9500000  59.6491115  68.7456868 148.1503796
  57.9600000  69.9300000 147.6400000  58.5333936  70.8424194 147.5757154
  56.5800000  69.9400000 147.3800000  56.0891431  70.8652570 147.1194712
  55.8300000  68.7600000 147.4800000  54.7621785  68.7804542 147.3151605
  56.4700000  67.5500000 147.7700000  55.8909732  66.6388516 147.8006497
  60.6600000  64.7900000 148.3500000  60.6800000  64.5100000 149.5500000
  61.1300000  63.9400000 147.4300000  61.1152327  64.2066964 146.4539447
  61.5900000  62.5900000 147.7700000  61.0407907  62.2714284 148.6571253
  61.1800000  61.6100000 146.6700000  60.1463807  61.8079337 146.3809589
  61.8032468  61.7587453 145.7869930  61.2800000  60.1700000 147.1400000
  60.1800000  59.5700000 147.7800000  59.2511785  60.1108477 147.8936927
  60.2800000  58.2500000 148.2400000  59.4398399  57.7844595 148.7084279
  61.4700000  57.5200000 148.1000000  61.5290593  56.5002074 148.4509527
  62.5700000  58.1200000 147.4800000  63.4923804  57.5692710 147.3648037
  62.4700000  59.4400000 146.9900000  63.3217324  59.8809337 146.4956197
  63.0800000  62.5500000 148.1400000  63.9400000  62.1400000 147.3600000
  63.4000000  62.9600000 149.3700000  62.6668372  63.3510033 149.9465620
  64.6900000  62.7400000 150.0200000  65.2055839  61.9163035 149.5239480
  65.5800000  63.9900000 149.8800000  66.5087464  63.8110653 150.4228715
  65.8451923  64.1021807 148.8275965  64.9700000  65.3000000 150.3500000
  64.0500000  65.9800000 149.5400000  63.7850998  65.5869625 148.5692572
  63.4500000  67.1700000 149.9900000  62.7350949  67.6862960 149.3657906
  63.8000000  67.6900000 151.2500000  63.3454682  68.6056973 151.5984466
  64.7400000  67.0200000 152.0600000  65.0032863  67.4171696 153.0292460
  65.3300000  65.8300000 151.6000000  66.0467693  65.3138034 152.2223168
  64.3900000  62.3100000 151.4600000  63.9500000  63.0900000 152.3000000
  64.4200000  60.9900000 151.6900000  64.8065993  60.3952117 150.9715740
  63.5700000  60.3400000 152.6900000  62.5355358  60.6146149 152.4822087
  63.6464187  59.2636277 152.5348338  63.8500000  60.6200000 154.1800000
  64.4100000  59.7700000 154.8500000  63.3000000  61.7200000 154.6900000
  62.9658217  62.4056775 154.0266484  62.7600000  61.8700000 156.0600000
  62.6170965  60.8855208 156.5077294  63.6900000  62.7000000 156.9600000
  63.9847631  63.6056645 156.4269797  63.1611848  63.0028229 157.8637190
  64.9100000  61.9700000 157.4400000  64.9000000  60.7800000 157.7100000
  65.9800000  62.6800000 157.6800000  66.7914220  62.2062522 158.0537122
  65.9933374  63.6695706 157.4884918  61.3900000  62.5400000 155.9600000
  61.0900000  63.4900000 156.6800000  60.6000000  62.1300000 154.9600000
  60.8733963  61.2754916 154.4972860  59.8200000  63.0500000 154.1100000
  60.5299167  63.5292034 153.4334328  58.8300000  62.2600000 153.2400000
  58.2401011  62.9799417 152.6803923  59.5300000  61.3500000 152.2200000
  58.7939704  60.9135770 151.5438196  60.2334259  61.9380935 151.6283860
  60.0694092  60.5494019 152.7264091  57.8700000  61.3900000 154.0600000
  57.3021614  60.7658886 153.3804378  58.4114009  60.7339185 154.7408317
  57.1842484  62.0148344 154.6260938  59.0700000  64.1800000 154.8100000
  59.0600000  65.2800000 154.2800000  58.4300000  63.9200000 155.9600000
  58.5053173  62.9904451 156.3448048  57.7000000  64.9200000 156.7700000
  56.9840162  64.3754257 157.3688983  58.6300000  65.6200000 157.7600000
  59.4707027  66.0742641 157.2346307  58.0783053  66.3922831 158.2961991
  59.1000000  64.6700000 158.7100000  59.8121244  64.1705511 158.2978524
  56.8400000  65.8800000 155.9600000  56.6800000  67.0500000 156.2900000
  56.2700000  65.3400000 154.8800000  56.4654472  64.3734931 154.6717865
  55.3800000  66.0300000 153.9700000  55.7406553  67.0518593 153.8430120
  55.4400000  65.3400000 152.5900000  54.7756300  65.8705606 151.9059997
  56.4558397  65.4976240 152.2228658  55.1300000  63.8300000 152.5200000
  55.5774228  63.3169252 153.3697455  53.6400000  63.5300000 152.4700000
  53.4744139  62.4739519 152.6058405  53.1135928  64.0171908 153.2790594
  53.2376565  63.8445673 151.5167306  55.7400000  63.2700000 151.2300000
  55.6440732  62.1945222 151.1581511  55.2488889  63.7153444 150.3633946
  56.7964983  63.5216722 151.1677890  53.9900000  66.1000000 154.6200000
  53.6500000  65.2000000 155.3700000  53.2000000  67.1200000 154.3200000
  53.5399951  67.8367157 153.6946223  51.8000000  67.2100000 154.7600000
  51.6764754  66.6844612 155.7074167  51.4800000  68.6700000 155.0000000
  50.4071994  68.8064813 155.1407644  51.9368406  68.9280180 155.9411709
  52.0600000  69.8400000 153.7400000  50.8100000  66.6000000 153.7700000
  49.6300000  66.9300000 153.8100000  51.2800000  65.8100000 152.8100000
  52.2597222  65.5730394 152.7985665  50.4300000  65.2600000 151.7600000
  49.6245887  65.9703287 151.5653114  51.2100000  65.0800000 150.4700000
  52.1053801  65.7027676 150.4780293  51.5094609  64.0381664 150.3650776
  50.2200000  65.5000000 149.0200000  49.8100000  63.9200000 152.1500000
  50.4700000  63.0800000 152.7700000  48.6200000  63.6900000 151.6200000
  48.1672326  64.4173326 151.0837065  47.9300000  62.4100000 151.7500000
  48.4779492  61.8294001 152.4904154  46.4900000  62.5800000 152.2500000
  46.4137495  63.4176938 152.9380595  45.8367407  62.7700833 151.4012091
  46.0100000  61.3100000 152.9800000  46.8300000  60.3800000 153.1700000
  44.8000000  61.2200000 153.2100000  47.9300000  61.6300000 150.4400000
  47.8500000  62.2000000 149.3500000  47.9400000  60.3000000 150.5200000
  47.9412507  59.8544992 151.4288267  47.8400000  59.4700000 149.3200000
  48.6421726  59.7817183 148.6510885  48.0800000  57.9900000 149.6500000
  49.0110198  57.9187669 150.2150251  46.9600000  57.3700000 150.5000000
  47.2463435  56.3582979 150.7903751  46.8002396  57.9567316 151.4051131
  46.0305719  57.3168536 149.9331096  48.2700000  57.1900000 148.3600000
  48.5423822  56.1622585 148.6056108  47.3529193  57.1748917 147.7714094
  49.0745663  57.6279593 147.7719015  46.5200000  59.6900000 148.5800000
  46.5000000  59.6700000 147.3400000  45.4200000  59.9700000 149.2900000
  45.4661295  60.0097280 150.2999051  44.1500000  60.2400000 148.6300000
  44.1306274  59.5446385 147.7963264  42.9600000  59.8900000 149.5400000
  43.1094473  58.8898451 149.9496889  42.9201110  60.5897453 150.3736960
  41.6300000  59.9000000 148.7500000  40.8250539  59.6093081 149.4240624
  41.4235160  60.8990786 148.3699260  41.6900000  58.9500000 147.5400000
  42.4303227  59.3121885 146.8344587  41.9826380  57.9528291 147.8713594
  40.4400000  58.8700000 146.7800000  40.4712657  59.2335720 145.8373378
  39.3600000  58.2200000 147.1600000  39.2500000  57.7200000 148.3600000
  40.0018358  57.8537762 149.0202756  38.4217617  57.2118178 148.6253528
  38.3600000  58.0600000 146.3500000  37.5452109  57.5488220 146.6505056
  38.4230991  58.4083987 145.4046343  44.0900000  61.6400000 148.0200000
  43.5700000  61.7700000 146.9100000  44.7600000  62.6300000 148.6200000
  45.1869309  62.4553392 149.5187032  45.0000000  63.9400000 148.0000000
  44.0406183  64.3844944 147.7505013  45.6900000  64.8900000 148.9800000
  46.5976561  64.4373232 149.3763187  45.9714126  65.7889860 148.4282108
  44.7700000  65.3100000 150.1400000  43.8155992  65.6493276 149.7351935
  44.5875831  64.4589269 150.7894955  45.3700000  66.4400000 150.9700000
  46.5100000  66.8500000 150.7900000  44.6200000  66.9900000 151.8900000
  43.6651719  66.6857710 152.0085755  44.9707658  67.7886984 152.3961613
  45.8600000  63.8300000 146.7200000  45.5900000  64.5000000 145.7200000
  46.8500000  62.9400000 146.7200000  47.0447184  62.4178117 147.5630686
  47.6400000  62.6300000 145.5300000  47.9720807  63.5606359 145.0749615
  48.8700000  61.8400000 145.9800000  48.5385714  60.9790972 146.5569584
  49.3696859  61.4496079 145.1040561  49.8900000  62.6400000 146.8300000
  49.3991711  63.0179049 147.7183303  51.0000000  61.7000000 147.2800000
  51.6476288  62.2154515 147.9890174  50.5767335  60.8264431 147.7756987
  51.5923603  61.3758917 146.4241452  50.5100000  63.8400000 146.1200000
  51.2819595  64.2816490 146.7479371  50.9832071  63.5478170 145.1901047
  49.7495360  64.5952923 145.9312780  46.8100000  61.8700000 144.4700000
  46.9700000  62.1200000 143.2800000  45.8900000  60.9900000 144.8600000
  45.7611927  60.7838326 145.8410453  45.0600000  60.2900000 143.8700000
  45.7100708  60.0380703 143.0309255  44.6000000  58.9500000 144.4500000
  45.4778434  58.4348698 144.8439113  43.9127488  59.1128294 145.2768156
  43.9700000  58.0400000 143.3800000  44.5282939  58.1335400 142.4471673
  44.0663723  57.0056934 143.7113031  42.4800000  58.3000000 143.1300000
  41.7100000  58.6200000 144.0300000  42.0300000  58.1400000 141.9000000
  42.6661360  57.9058541 141.1537944  41.0565837  58.3144109 141.7016255
  43.9300000  61.1600000 143.3000000  43.6200000  61.0300000 142.1200000
  43.3600000  62.1100000 144.0600000  43.6534164  62.2059379 145.0227578
  42.3600000  63.0700000 143.5500000  41.6647348  62.5028219 142.9302487
  41.5200000  63.6900000 144.6900000  41.1435768  62.8815883 145.3176376
  42.2900000  64.6700000 145.5600000  41.6819845  64.9628182 146.4163242
  43.1760700  64.1686733 145.9116444  42.5712455  65.5593357 144.9953522
  40.4200000  64.4100000 144.1800000  39.9468003  63.8495602 143.5552513
  42.9800000  64.1500000 142.6600000  42.3900000  64.5200000 141.6500000
  44.2300000  64.6000000 142.9400000  44.7221383  64.2934145 143.7684673
  44.9200000  65.4500000 141.9600000  44.2195278  66.2461537 141.7020471
  46.1500000  66.1800000 142.5500000  46.3105711  67.0950502 141.9775901
  45.8810379  66.4918352 143.5607268  47.4800000  65.4100000 142.6000000
  47.2670001  64.3866714 142.8571710  48.2600000  65.4500000 141.2900000
  48.6761258  64.4638919 141.1165198  47.6082841  65.6810583 140.4520932
  49.0610811  66.1903663 141.3142498  48.3800000  65.9900000 143.6900000
  49.3366993  65.4724625 143.7144046  48.5582462  67.0501041 143.5051709
  47.8982700  65.8825903 144.6623622  45.1600000  64.6500000 140.6700000
  44.8100000  65.1000000 139.5900000  45.6800000  63.4100000 140.7700000
  45.9339370  63.0514652 141.6807760  45.9400000  62.5700000 139.5800000
  46.6641660  63.0928349 138.9536129  46.5800000  61.2500000 140.0400000
  47.4876556  61.4656306 140.6050162  45.8803607  60.7289396 140.6935705
  46.9300000  60.3400000 138.8500000  46.0531428  60.1775275 138.2242675
  47.7164369  60.8043581 138.2533902  47.4000000  58.9700000 139.3600000
  48.2714661  59.0734410 140.0007892  46.5991540  58.5498991 139.9697890
  47.6500000  57.9900000 138.2100000  47.5542266  56.9757846 138.5999345
  46.8938933  58.1369463 137.4379810  49.0100000  58.1300000 137.6200000
  49.1362680  57.4817599 136.8569952  49.1475331  59.0759498 137.2950155
  49.7098556  57.9331596 138.3262333  44.6800000  62.3400000 138.7400000
  44.7700000  62.3600000 137.5200000  43.5300000  62.1500000 139.3900000
  43.5423645  62.1323547 140.3998716  42.2200000  62.0300000 138.7400000
  42.2650738  61.2213591 138.0091215  41.2000000  61.6300000 139.8300000
  41.5376694  60.7106520 140.3108756  41.1595713  62.4084846 140.5916644
  39.8000000  61.4000000 139.2800000  39.5900000  60.2900000 138.7400000
  38.9500000  62.2900000 139.4700000  41.8200000  63.3300000 138.0000000
  41.5300000  63.3100000 136.8000000  41.9300000  64.4900000 138.6600000
  42.2230364  64.4693779 139.6271471  41.5700000  65.7900000 138.0800000
  40.5463924  65.7172335 137.7084384  41.6200000  66.8500000 139.2000000
  41.3863084  66.3703352 140.1506969  42.6226379  67.2698106 139.2847561
  40.6100000  67.9700000 138.9900000  40.5400000  68.6100000 137.9600000
  39.8000000  68.2500000 139.9800000  39.1104143  68.9766712 139.8589039
  39.8461680  67.7133614 140.8327167  42.4900000  66.1800000 136.9100000
  42.0700000  66.8100000 135.9400000  43.7600000  65.7600000 136.9700000
  44.0602907  65.2231320 137.7719741  44.7500000  66.0500000 135.9400000
  44.5642662  67.0703020 135.6142730  46.2000000  66.0200000 136.5100000
  46.2850166  65.1963841 137.2199972  46.8948485  65.7957191 135.7011445
  46.7200000  67.3100000 137.1700000  47.7688457  67.1461699 137.4223522
  46.6600000  68.5200000 136.2300000  47.2551763  69.3333600 136.6437608
  47.0749932  68.2516421 135.2587765  45.6348416  68.8669667 136.1061132
  45.9900000  67.6800000 138.4600000  46.2991928  68.6592463 138.8035999
  44.9119561  67.7023145 138.3137140  46.2561678  66.9776956 139.2395729
  44.5700000  65.2100000 134.6600000  45.4200000  65.3200000 133.7800000
  43.4700000  64.4600000 134.4800000  42.7772356  64.4026483 135.2148261
  43.2600000  63.6400000 133.2800000  44.0689147  62.9077198 133.2735080
  41.9400000  62.8200000 133.3700000  42.0189813  62.0175155 132.6352013
  41.8715778  62.3484139 134.3500429  40.6300000  63.5800000 133.0800000
  40.4417451  64.3005502 133.8775419  40.6813273  64.1071710 132.1377077
  39.4300000  62.6700000 132.8900000  39.2900000  62.0300000 131.8600000
  38.5000000  62.6300000 133.8100000  38.6100811  63.1564783 134.6641690
  37.7031998  62.0247577 133.6857389  43.3700000  64.4300000 131.9600000
  44.2200000  64.1200000 131.1300000  42.5700000  65.4800000 131.7600000
  41.9255531  65.7306648 132.4960410  42.4500000  66.2200000 130.5000000
  42.6599612  65.5028495 129.7051212  41.0000000  66.6800000 130.2400000
  40.9074136  66.9310757 129.1828766  40.3521025  65.8192619 130.4118499
  40.4600000  67.8800000 131.0700000  40.7725380  67.7672805 132.0969833
  40.9000000  69.2500000 130.5400000  40.6984790  70.0111111 131.2951227
  41.9558242  69.2850860 130.2994973  40.3401326  69.5010471 129.6388191
  38.9400000  67.9000000 131.1400000  38.6031147  68.7421858 131.7459312
  38.5172319  67.9832100 130.1381959  38.5819721  66.9782247 131.6002356
  43.5200000  67.3100000 130.3700000  44.0300000  67.5000000 129.2700000
  43.9400000  68.0100000 131.4600000  43.5100000  68.0000000 132.8500000
  44.1305157  67.3057321 133.3958514  42.4750787  67.7447196 133.0090470
  43.8000000  69.4000000 133.3800000  43.8625432  69.4189489 134.4680219
  43.0525293  70.1042736 133.0120221  45.1500000  69.6600000 132.7200000
  45.9396834  69.2085240 133.3215622  45.3353693  70.7281055 132.6000001
  45.0500000  68.9500000 131.3600000  44.8195415  69.6882515 130.5900840
  46.3300000  68.2100000 130.9900000  47.1100000  68.7200000 130.1900000
  46.5000000  66.9700000 131.4900000  45.8219735  66.5933827 132.1394430
  47.5700000  66.0800000 131.0400000  48.5113297  66.6029536 131.2011047
  47.5900000  64.7900000 131.8800000  47.7641685  65.0519592 132.9235711
  46.6190195  64.3099747 131.7956033  48.6500000  63.7500000 131.4600000
  48.5597309  63.5441294 130.3933240  50.0600000  64.2400000 131.7600000
  50.7868378  63.6116122 131.2439077  50.1957981  65.2708205 131.4503540
  50.2486103  64.1830525 132.8317742  48.4700000  62.4400000 132.2200000
  49.2394694  61.7270130 131.9221668  48.5311429  62.6108823 133.2955294
  47.4935124  62.0145915 131.9862363  47.4500000  65.8100000 129.5400000
  48.4000000  66.0800000 128.8100000  46.3100000  65.3300000 129.0400000
  45.5380388  65.1409902 129.6661938  46.1600000  64.9800000 127.6200000
  46.8170005  64.1367209 127.4021054  44.7100000  64.5500000 127.3300000
  44.0362297  65.3242150 127.6980125  44.5659359  64.4543032 126.2527835
  44.3700000  63.2000000 127.9900000  44.8687115  62.4080211 127.4301219
  44.7571851  63.1559861 129.0016157  42.8700000  62.9100000 128.0100000
  42.0400000  63.6500000 127.5200000  42.4600000  61.7900000 128.5600000
  43.1238684  61.1675413 128.9934557  41.4708633  61.5959781 128.5911792
  46.5500000  66.1300000 126.6800000  47.2300000  65.9000000 125.6800000
  46.1800000  67.3800000 127.0100000  45.6270213  67.5311849 127.8426589
  46.5000000  68.5300000 126.1600000  46.4579997  68.2069967 125.1196496
  45.4300000  69.6100000 126.3400000  45.4745826  69.9820647 127.3648357
  45.6575758  70.4420397 125.6730051  44.0200000  69.1300000 126.0400000
  43.7200000  68.5600000 124.7900000  44.4799597  68.4878093 124.0263847
  42.4300000  68.0600000 124.5300000  42.2067390  67.6136836 123.5717376
  41.4300000  68.1500000 125.5100000  40.4409885  67.7663659 125.3100649
  41.7200000  68.7400000 126.7500000  40.9478373  68.8171721 127.4984270
  43.0100000  69.2200000 127.0200000  43.2346762  69.6322025 127.9893554
  47.9100000  69.0900000 126.3900000  48.6400000  69.3200000 125.4300000
  48.3100000  69.3400000 127.6400000  47.6936252  69.1143509 128.4077699
  49.5400000  70.0800000 127.9500000  49.7467869  70.7617617 127.1248015
  49.3000000  70.9500000 129.2000000  49.0904875  70.2798926 130.0275510
  50.2200030  71.4895415 129.4305044  48.1400000  71.9600000 129.1000000
  47.2130440  71.4332714 128.8755658  47.9700000  72.6700000 130.4500000
  47.1542387  73.3876305 130.3973007  47.7398029  71.9349702 131.2219778
  48.8892177  73.1954777 130.7131846  48.3900000  73.0100000 128.0200000
  47.6392249  73.7960777 128.0670170  49.3722096  73.4615355 128.1609370
  48.3415296  72.5476857 127.0342407  50.7800000  69.1900000 128.0800000
  51.9100000  69.6800000 127.9700000  50.6100000  67.8700000 128.2500000
  49.6701056  67.5053854 128.3298495  51.7200000  66.8800000 128.3200000
  52.3492499  67.1232848 129.1766182  51.1200000  65.4800000 128.5300000
  50.5832682  65.4812216 129.4667422  50.4268852  65.2718309 127.7146071
  52.0500000  64.4200000 128.5700000  52.4815862  64.3585557 127.7140805
  52.5900000  66.8600000 127.0700000  53.7600000  66.4800000 127.1400000
  52.0700000  67.3300000 125.9200000  51.1183026  67.6700481 125.9176053
  52.8000000  67.3700000 124.6400000  52.9715936  66.3475190 124.3020958
  51.9900000  68.1200000 123.5800000  51.7656690  69.1299039 123.9286322
  52.6227997  68.2157886 122.6977931  50.6700000  67.4100000 123.2300000
  50.7924112  66.3311985 123.3390293  49.8813656  67.7337732 123.9048126
  50.2700000  67.7000000 121.7800000  49.3128294  67.2212742 121.5699503
  50.1635839  68.7786640 121.6502491  51.2900000  67.1800000 120.8500000
  51.9997849  66.5913790 121.2598133  51.4600000  67.5500000 119.5900000
  50.5900000  68.3000000 118.9700000  50.8088554  68.6757134 118.0589142
  49.7903760  68.6486736 119.4797176  52.5200000  67.1400000 118.9500000
  53.2382094  66.6365701 119.4373506  52.7115471  67.4759806 118.0175750
  54.1600000  68.0600000 124.7500000  55.1100000  67.6200000 124.1000000
  54.2600000  69.0900000 125.5700000  53.4423552  69.3860303 126.0855030
  55.5100000  69.7800000 125.8400000  56.3208342  69.3011658 125.2953134
  55.4300000  71.1800000 125.2200000  55.7888915  71.1175799 124.1922893
  54.3757931  71.4477759 125.1598856  56.2300000  72.5800000 126.0200000
  55.8200000  69.6400000 127.3400000  55.2900000  70.4000000 128.1700000
  56.6900000  68.6800000 127.7300000  57.3500000  67.6800000 126.9000000
  58.2605457  68.1075887 126.4784767  56.6992337  67.3211225 126.1046319
  57.7000000  66.5200000 127.8200000  58.5825360  65.9838113 127.4736737
  56.8449101  65.8468140 127.8969482  57.9300000  67.2100000 129.1600000
  58.9493168  67.5975400 129.1911150  57.7485158  66.5365058 129.9980802
  56.9400000  68.3800000 129.1400000  56.0006551  68.0492867 129.5858685
  57.4800000  69.5700000 129.9300000  57.1200000  69.7000000 131.0900000
  58.2600000  70.4700000 129.3100000  58.5031403  70.3192226 128.3421600
  58.7400000  71.7100000 129.9600000  59.3191904  71.4331667 130.8206844
  59.6700000  72.5100000 129.0200000  60.3684656  71.8302054 128.5313563
  59.0693381  73.0181166 128.2701160  60.4000000  73.4800000 129.7200000
  60.9543304  73.9674751 129.1016367  57.6200000  72.5900000 130.5200000
  57.7600000  73.2000000 131.5800000  56.4600000  72.5800000 129.8600000
  56.3710923  72.0232291 129.0213751  55.3000000  73.3600000 130.3000000
  55.6530156  74.2858106 130.7574457  54.5400000  73.7600000 129.0300000
  54.8007854  74.7867484 128.8044875  54.9578498  73.1805908 128.2146810
  52.7600000  73.5000000 128.8400000  54.4900000  72.6100000 131.3600000
  54.2800000  73.1600000 132.4400000  54.1100000  71.3600000 131.1000000
  54.3341153  70.9404452 130.2079169  53.3300000  70.5700000 132.0500000
  52.4370022  71.1469454 132.2932960  52.8800000  69.2600000 131.4000000
  52.4878156  69.4827690 130.4114256  53.7394283  68.5984967 131.2768871
  51.7900000  68.5600000 132.1800000  50.5000000  69.1200000 132.2400000
  50.3057766  70.0575096 131.7475974  49.4700000  68.4900000 132.9600000
  48.4834896  68.9269284 132.9980245  49.7500000  67.3000000 133.6600000
  48.9722756  66.8154609 134.2308192  51.0400000  66.7600000 133.6400000
  51.2533414  65.8590506 134.1957065  52.0600000  67.3700000 132.8900000
  53.0515561  66.9412510 132.8812985  54.0900000  70.3100000 133.3600000
  53.4700000  70.2500000 134.4200000  55.4200000  70.2500000 133.3100000
  55.8632576  70.3162592 132.4046079  56.3100000  70.1800000 134.4700000
  56.1074902  69.2517217 135.0063400  57.7600000  70.1400000 133.9700000
  57.9306165  69.1790421 133.4841568  57.8892172  70.9225845 133.2215631
  58.8300000  70.3300000 135.0200000  59.2200000  69.2700000 135.8600000
  58.7499799  68.3015106 135.7674221  60.2300000  69.4700000 136.8200000
  60.5418578  68.6533604 137.4534299  60.8200000  70.7400000 136.9700000
  61.7800000  70.9500000 137.9100000  62.0558725  71.8674134 137.9497962
  60.4200000  71.8000000 136.1300000  60.8751229  72.7741413 136.2312219
  59.4500000  71.5900000 135.1500000  59.1719399  72.3935562 134.4859543
  56.0800000  71.3500000 135.4400000  55.7800000  71.0900000 136.6100000
  56.1400000  72.6100000 134.9800000  56.3563026  72.7879062 134.0090459
  55.9400000  73.7500000 135.8900000  56.5772663  73.6042228 136.7632105
  56.3500000  75.0800000 135.2300000  55.7015925  75.2494940 134.3682480
  56.1789359  75.8949835 135.9338982  57.8000000  75.1500000 134.7800000
  58.7000000  74.6300000 135.4200000  58.0600000  75.7700000 133.6600000
  59.0124529  75.8497894 133.3211626  57.2949031  76.1160790 133.0914997
  54.4800000  73.8500000 136.3800000  54.2500000  74.2500000 137.5200000
  53.5000000  73.4800000 135.5500000  53.7292039  73.1708306 134.6143437
  52.1000000  73.3800000 136.0000000  51.8109420  74.3548876 136.3967797
  51.1700000  73.0700000 134.8100000  51.3109128  73.8623518 134.0729627
  51.4552848  72.1262157 134.3443042  49.6800000  73.0200000 135.2300000
  49.5255655  73.6668112 136.0946419  48.7900000  73.5400000 134.1100000
  47.7429363  73.4928867 134.4089616  49.0405437  74.5779950 133.8876971
  48.9344405  72.9371589 133.2138714  49.1900000  71.6000000 135.5800000
  48.1324315  71.6313896 135.8428413  49.3210107  70.9376010 134.7241526
  49.7326116  71.1890586 136.4270177  51.9500000  72.3600000 137.1300000
  51.2300000  72.6100000 138.1000000  52.6200000  71.2100000 137.0400000
  53.2018818  71.0177793 136.2365412  52.5300000  70.1900000 138.0900000
  51.4771591  70.1247918 138.3588483  52.9700000  68.8300000 137.5400000
  52.4605859  68.6621253 136.5891749  54.0455661  68.8420325 137.3552425
  52.6200000  67.6700000 138.5000000  53.1978381  67.7707550 139.4178093
  51.1300000  67.6000000 138.8600000  50.9236607  66.6804595 139.4098898
  50.8552650  68.4336398 139.5050308  50.5221698  67.6198588 137.9546031
  52.9900000  66.3600000 137.8100000  52.7234678  65.5106227 138.4379427
  52.4616885  66.2680400 136.8604311  54.0645037  66.3324288 137.6246535
  53.3100000  70.5900000 139.3400000  52.7900000  70.4000000 140.4400000
  54.4800000  71.2000000 139.1700000  54.8217495  71.3077444 138.2264659
  55.2600000  71.8300000 140.2400000  55.6178517  71.0343602 140.8947292
  56.4700000  72.5600000 139.6000000  56.7565194  72.0515459 138.6822847
  56.1871704  73.5796996 139.3378015  57.7300000  72.5900000 140.4600000
  57.9000000  71.8800000 141.4300000  58.7200000  73.3500000 140.0400000
  58.6133235  73.9046110 139.2036030  59.5919935  73.3502443 140.5445203
  54.3400000  72.7700000 141.0500000  54.2500000  72.6000000 142.2700000
  53.5200000  73.5900000 140.3600000  53.6089035  73.6194096 139.3532912
  52.5200000  74.4800000 140.9600000  53.0493910  75.1282895 141.6471200
  51.8800000  75.4000000 139.8900000  52.6953703  75.9126246 139.3779958
  51.3571782  74.8016804 139.1501694  50.9000000  76.4800000 140.4200000
  51.3363127  76.9842231 141.2836463  50.5900000  77.5200000 139.3400000
  51.4544704  78.1374086 139.1810008  50.2980930  77.0348938 138.4071754
  49.7999651  78.2040993 139.6539259  49.4800000  76.0000000 140.7700000
  48.8322756  76.8418455 141.0137304  49.0590968  75.4584457 139.9237360
  49.4808846  75.3726330 141.6511974  51.4500000  73.7400000 141.7800000
  51.1600000  74.1500000 142.9000000  50.8000000  72.7000000 141.2500000
  51.0201078  72.3786523 140.3166034  49.7100000  72.0500000 142.0000000
  49.1060421  72.8179556 142.4782055  48.8000000  71.2400000 141.0700000
  49.4269613  70.5977327 140.4486969  48.1818232  70.5854663 141.6865329
  47.8500000  72.0100000 140.1800000  47.4700000  73.3400000 140.4400000
  47.8577310  73.8766690 141.2870160  46.5700000  74.0000000 139.5900000
  46.2977236  75.0244903 139.7826132  45.9700000  73.3100000 138.5200000
  45.2453552  73.8057609 137.8984588  46.3100000  71.9700000 138.2800000
  45.8612111  71.4404148 137.4519557  47.2700000  71.3300000 139.0900000
  47.5702896  70.3180266 138.8788737  50.1900000  71.1600000 143.1500000
  49.5300000  71.1100000 144.1900000  51.3100000  70.4600000 142.9900000
  51.8380855  70.5114093 142.1296839  51.8400000  69.6800000 144.1000000
  51.0293910  69.0565037 144.4821781  52.9400000  68.7300000 143.6200000
  52.6876011  67.7376760 143.9944731  52.9496757  68.6713545 142.5309762
  54.6000000  69.1200000 144.2100000  52.3100000  70.5900000 145.2400000
  51.9900000  70.3200000 146.4000000  53.0200000  71.6900000 144.9400000
  53.2654814  71.8749799 143.9761819  53.4900000  72.6200000 145.9700000
  53.9977007  72.0108643 146.7177892  54.5500000  73.6200000 145.4300000
  55.0497301  74.0964937 146.2738135  55.2975827  73.0613398 144.8651387
  53.9500000  74.7200000 144.5400000  53.2844927  74.2414079 143.8456046
  53.3603012  75.3886870 145.1667474  54.8900000  75.6000000 143.7100000
  56.1200000  75.3600000 143.6600000  54.3400000  76.5500000 143.1000000
  54.9793909  77.0622112 142.5989425  52.2700000  73.2600000 146.6500000
  52.0900000  73.0900000 147.8600000  51.3600000  73.8600000 145.8900000
  51.5080580  73.9138484 144.8916828  50.1800000  74.5500000 146.4300000
  50.5116281  75.4440494 146.9580379  49.3200000  75.0000000 145.2300000
  49.8551980  75.8175992 144.7459181  49.2502276  74.1784043 144.5179075
  47.8800000  75.4400000 145.5600000  47.8551466  75.9746232 146.5107852
  47.3800000  76.3700000 144.4600000  46.4698313  76.8766686 144.7837389
  48.1295063  77.1052180 144.2243735  47.1732456  75.8111276 143.5458231
  46.8700000  74.2900000 145.5500000  45.8543881  74.6850053 145.5984389
  46.9733049  73.6881105 144.6458503  47.0009152  73.6548688 146.4207609
  49.4100000  73.6700000 147.4300000  48.9700000  74.1600000 148.4700000
  49.2700000  72.3800000 147.1000000  49.6783107  72.0462765 146.2379589
  48.4700000  71.4300000 147.8700000  47.6005210  71.9560505 148.2611321
  47.9600000  70.3000000 146.9800000  48.8001159  69.8021653 146.4941744
  47.1200000  69.2500000 147.7300000  46.6631850  68.5629358 147.0170586
  47.7539330  68.6704058 148.4007779  46.3369489  69.7394463 148.3110147
  47.1100000  70.8500000 146.0000000  47.6445483  71.3775923 145.4010009
  49.2200000  70.8600000 149.0500000  48.6400000  70.7900000 150.1200000
  50.4600000  70.4000000 148.8800000  50.9123572  70.4631082 147.9789654
  51.1400000  69.6800000 149.9600000  50.8135967  70.1074300 150.9091351
  50.6500000  68.2300000 149.9500000  51.0799875  67.7429196 150.8217824
  49.5666215  68.2217593 150.0764671  51.0600000  67.2600000 148.4800000
  52.6700000  69.8400000 149.9700000  53.4000000  68.9200000 150.3700000
  53.1700000  71.0200000 149.5900000  52.5309075  71.7250754 149.2496605
  54.5600000  71.4300000 149.8200000  55.1985285  70.7529595 149.2673391
  54.8200000  72.8800000 149.3800000  54.1435472  73.1567003 148.6006437
  54.6644784  73.5643123 150.2150282  56.0900000  73.1100000 148.8100000
  55.9813506  73.2291631 147.8614180  54.9200000  71.3800000 151.3100000
  54.1200000  71.8300000 152.1300000  56.1500000  71.0200000 151.7000000
  57.2800000  70.7500000 150.8300000  57.4016495  71.5050083 150.0596950
  57.1567597  69.7636826 150.3814516  58.5100000  70.7500000 151.7400000
  58.8980545  71.7653923 151.8353948  59.2824053  70.0719781 151.3756719
  57.9300000  70.2900000 153.0800000  58.5490060  70.6064621 153.9202187
  57.8320606  69.2029978 153.0771241  56.5400000  70.9200000 153.1100000
  55.8577427  70.2495583 153.6353721  56.5500000  72.2800000 153.8400000
  56.6700000  72.3200000 155.0600000  56.4600000  73.4100000 153.1100000
  56.3727010  73.3109145 152.1085563  56.4000000  74.7700000 153.6500000
  56.4581145  74.7070340 154.7367426  57.6300000  75.5800000 153.2100000
  57.5861728  76.5688703 153.6698657  58.5101381  75.0672965 153.6016939
  57.7800000  75.7300000 151.6800000  57.9249036  74.7394834 151.2467862
  56.8664295  76.1487737 151.2601583  58.9700000  76.6200000 151.2400000
  59.4649040  76.1612888 150.3826553  58.5736436  77.5882427 150.9287418
  59.9500000  76.8500000 152.3200000  59.7499009  76.3954657 153.1967962
  61.0200000  77.6300000 152.2700000  61.3900000  78.2500000 151.1900000
  60.8175247  78.1855564 150.3596382  62.2073652  78.8449007 151.2040802
  61.7600000  77.7700000 153.3300000  61.5168232  77.2889157 154.1816187
  62.5623695  78.3795199 153.2971765  55.0700000  75.4800000 153.3700000
  55.0600000  76.7000000 153.2400000  53.9800000  74.7200000 153.2900000
  54.0670907  73.7197759 153.4127457  52.6800000  75.2300000 152.8600000
  52.7662854  75.5163122 151.8157911  51.6800000  74.0800000 152.9500000
  52.0749300  73.1985778 152.4502142  51.5582009  73.8511590 154.0055700
  50.3200000  74.4000000 152.3100000  50.0010509  75.4137155 152.5472433
  50.3951049  74.3038487 151.2255203  49.2800000  73.4500000 152.8600000
  49.1700000  73.3500000 154.0600000  48.5200000  72.7600000 152.0600000
  48.6297429  72.8154153 151.0583853  47.8316135  72.1345578 152.4556742
  52.2000000  76.4600000 153.6500000  51.6900000  77.3800000 153.0200000
  52.4500000  76.5700000 154.9600000  52.8810091  75.8058705 155.4617355
  52.0800000  77.7900000 155.7100000  51.0076777  77.9519268 155.5850299
  52.3800000  77.6500000 157.2100000  53.2673400  77.0418089 157.3710256
  52.5625427  78.6322105 157.6474091  51.2500000  77.1100000 157.8600000
  50.5327878  77.7478835 157.8093977  52.7800000  79.0800000 155.2500000
  52.3100000  80.1600000 155.5700000  53.9200000  78.9900000 154.5600000
  54.2809198  78.0836186 154.3020673  54.7000000  80.1800000 154.2000000
  54.7765306  80.8150180 155.0842776  56.1300000  79.7400000 153.8100000
  56.4599622  78.9280284 154.4588882  56.0919231  79.3395110 152.7954754
  57.1700000  80.8800000 153.8400000  57.8787963  80.7031647 153.0300889
  56.6874678  81.8334516 153.6270924  57.9900000  81.0100000 155.1300000
  57.9500000  80.1900000 156.0400000  58.8300000  82.0200000 155.2200000
  58.9150217  82.6748180 154.4520479  59.3782933  82.1387047 156.0570521
  54.0200000  80.9900000 153.0800000  54.1600000  82.2100000 153.0600000
  53.2600000  80.3300000 152.1900000  53.1503951  79.3327134 152.3062909
  52.6800000  80.9100000 150.9700000  52.9141452  81.9740863 150.9399864
  53.3400000  80.2700000 149.7400000  52.9296390  80.7155476 148.8331198
  54.4010488  80.5201965 149.7552108  53.2000000  78.7500000 149.6500000
  51.9500000  78.1400000 149.4200000  51.0561057  78.7235344 149.3274616
  51.8400000  76.7600000 149.2500000  50.8728048  76.3096412 149.0813887
  52.9800000  75.9600000 149.3200000  52.8894455  74.8955311 149.2176576
  54.2400000  76.5400000 149.5900000  55.1188230  75.9194237 149.6692902
  54.3400000  77.9400000 149.7500000  55.3063412  78.3870199 149.9330239
  51.1500000  80.8100000 150.9000000  50.5600000  80.9500000 149.8200000
  50.4800000  80.5000000 152.0100000  50.9885801  80.3852741 152.8756352
  49.0500000  80.2400000 152.0300000  48.5770839  80.7617532 151.1970072
  48.8200000  78.7400000 151.8300000  49.1659151  78.4976334 150.8246570
  49.4432723  78.1889397 152.5287502  47.3700000  78.2600000 152.0100000
  46.6827858  79.0666383 151.7581258  47.1200000  77.1100000 151.0400000
  46.0936125  76.7710241 151.1127480  47.2713439  77.4554402 150.0163135
  47.8197561  76.2959790 151.2303585  47.0900000  77.7900000 153.4400000
  46.0555743  77.4555011 153.5202501  47.7588877  76.9631800 153.6703481
  47.2462797  78.5874509 154.1615424  48.4200000  80.7700000 153.3100000
  48.9700000  80.5900000 154.4000000  47.2200000  81.3200000 153.1900000
  46.8002292  81.4178259 152.2751318  46.4000000  81.6600000 154.3400000
  46.7230118  81.0723181 155.2014755  46.5700000  83.1300000 154.6700000
  47.6205812  83.3216264 154.7888223  46.1972815  83.7431320 153.8525844
  45.8900000  83.5500000 155.9600000  45.3600000  82.7600000 156.7200000
  45.9300000  84.8200000 156.2500000  45.4767428  85.1382608 157.0933688
  46.3733111  85.4726892 155.6248382  44.9500000  81.3300000 154.0500000
  44.4000000  81.7600000 153.0400000  44.3400000  80.5600000 154.9500000
  44.8372997  80.2680792 155.7793725  42.9300000  80.2200000 154.8400000
  42.7632797  79.9701470 153.8066233  42.6300000  78.9500000 155.6400000
  43.3430132  78.1805447 155.3371333  42.7100000  79.1100000 157.1600000
  42.5206365  78.1509068 157.6435298  43.7039296  79.4540260 157.4462880
  41.9714955  79.8333075 157.5078825  41.2500000  78.4700000 155.2700000
  41.1135452  77.4681561 155.6734951  40.5028528  79.1460898 155.6798088
  41.1509654  78.4378572 154.1892377  42.0000000  81.4000000 155.1400000
  42.3100000  82.2500000 155.9800000  40.8600000  81.4600000 154.4500000
  40.6632675  80.7344938 153.7757442  39.8900000  82.5600000 154.5800000
  40.2582956  83.2798447 155.3112277  39.7200000  83.3000000 153.2600000
  39.2253833  82.6556416 152.5322360  38.9000000  84.5700000 153.4500000
  38.8877412  85.1402665 152.5206411  37.8712555  84.3199186 153.7095166
  39.3328447  85.1843656 154.2408021  40.9800000  83.6800000 152.7300000
  40.8310415  84.1031889 151.8809495  38.5300000  82.0800000 155.0700000
  38.0200000  82.5800000 156.0700000  37.9100000  81.1500000 154.3400000
  38.3747681  80.7673253 153.5300609  36.5700000  80.6500000 154.6500000
  36.1492462  81.2253759 155.4753855  35.6200000  80.8300000 153.4600000
  34.6019326  80.6001835 153.7755560  35.6569202  81.8607266 153.1057731
  35.8901269  80.1536287 152.6535730  36.6600000  79.2000000 155.0700000
  37.0800000  78.3400000 154.2900000  36.2300000  78.9600000 156.3000000
  35.9182972  79.7266483 156.8795072  36.1600000  77.6400000 156.8700000
  36.0662395  76.9493346 156.0388244  37.4400000  77.2900000 157.6600000
  37.3209111  76.2965241 158.0338688  38.7000000  77.2200000 156.8300000
  39.5832706  77.2321354 157.4669882  38.7075475  76.2921335 156.2812708
  38.7456515  78.0598034 156.1524270  37.7500000  78.1300000 158.7500000
  38.4624918  77.7106884 159.2472984  34.9000000  77.4800000 157.7100000
  34.3700000  78.4500000 158.2600000  34.3900000  76.2400000 157.7700000
  34.8788505  75.4927795 157.2958221  33.1600000  75.9000000 158.4800000
  33.0685984  76.5701415 159.3361776  31.9200000  76.1000000 157.5900000
  31.0518543  75.9949041 158.2424692  31.9004078  77.1263292 157.2207013
  31.7100000  75.1200000 156.4100000  31.9544897  74.0996587 156.6966387
  30.6416225  75.1171918 156.1905274  32.4200000  75.4600000 155.0900000
  33.1200000  76.4900000 155.0000000  32.1800000  74.7200000 154.1000000
  31.6597772  73.9522090 154.3445796  33.1700000  74.4700000 159.0200000
  33.7100000  73.5600000 158.3900000  32.5200000  74.2300000 160.1600000
  32.1343441  75.0109107 160.6738634  32.3000000  72.9100000 160.7300000
  33.2684012  72.5256404 161.0527149  31.4100000  73.0000000 161.9800000
  30.4497387  73.4221823 161.6788469  31.1967719  71.9950233 162.3347767
  31.9400000  73.8600000 163.1200000  32.3100000  75.0300000 162.8600000
  31.9500000  73.3400000 164.2600000  31.6700000  71.8900000 159.7500000
  30.5700000  72.0600000 159.2300000  32.3300000  70.7400000 159.6100000
  33.1875916  70.6541199 160.1306163  31.9300000  69.5700000 158.8600000
  31.0825261  69.8198102 158.2198256  33.0500000  69.0400000 157.9600000
  33.2669007  69.7939678 157.2099966  33.9452355  68.8620551 158.5344763
  32.7500000  67.7200000 157.2900000  31.7800000  67.6400000 156.2800000
  31.2659605  68.5291172 155.9458219  31.4600000  66.3800000 155.7200000
  30.7157302  66.3128696 154.9401139  32.1300000  65.2200000 156.1500000
  31.8400000  64.0300000 155.5600000  32.3712327  63.3097691 155.9067812
  33.1000000  65.3000000 157.1600000  33.6054647  64.4084440 157.4967626
  33.4000000  66.5500000 157.7400000  34.1194579  66.5942073 158.5421024
  31.5000000  68.5200000 159.8600000  32.3200000  67.8700000 160.5100000
  30.1900000  68.4300000 160.0400000  29.5773355  69.0418071 159.5204081
  29.5700000  67.3500000 160.8000000  29.9728835  67.3708649 161.8138986
  28.0500000  67.5800000 160.8900000  27.6136406  66.7475655 161.4439535
  27.7400000  68.8700000 161.6600000  26.6631354  68.9634451 161.8031567
  28.2151862  68.8347232 162.6406199  28.1017072  69.7447917 161.1184918
  27.3500000  67.6700000 159.5200000  26.2945483  67.9025887 159.6646057
  27.7949567  68.4489769 158.9009089  27.4033938  66.7157405 158.9993062
  29.9300000  66.0000000 160.1700000  29.7100000  65.7900000 158.9800000
  30.4700000  65.0800000 160.9600000  30.6857415  65.3086149 161.9209676
  30.7800000  63.7300000 160.4800000  31.1418369  63.7943216 159.4554479
  31.9200000  63.1100000 161.3200000  31.7376118  63.3433361 162.3679742
  31.8291380  62.0344538 161.2290201  33.4000000  63.4700000 160.9900000
  33.7200000  64.2300000 160.0600000  34.3200000  62.8800000 161.6000000
  29.5100000  62.8400000 160.5400000  29.0700000  62.5200000 161.6500000
  28.9700000  62.3100000 159.4300000  29.3900000  62.5500000 158.0500000
  30.4694644  62.4500917 157.9365545  29.0652768  63.5433400 157.7392063
  28.6800000  61.4900000 157.2100000  29.2886965  60.5851478 157.1730492
  28.4678430  61.8490857 156.2025900  27.4000000  61.2100000 157.9900000
  26.9851683  60.2307278 157.7500119  26.6676131  61.9896422 157.7754127
  27.8500000  61.3300000 159.4500000  27.0223398  61.7310612 160.0362188
  28.2400000  59.9600000 160.0500000  27.4500000  59.0200000 160.0200000
  29.4600000  59.8400000 160.5700000  30.0592667  60.6513260 160.5443880
  30.0300000  58.6300000 161.1900000  29.3392165  57.8023279 161.0249722
  31.3700000  58.2400000 160.5000000  31.6426889  57.2438651 160.8515966
  31.2400000  58.1800000 158.9700000  32.1472417  57.7550754 158.5396557
  30.3976183  57.5418207 158.7013714  31.0831655  59.1743907 158.5505822
  32.5400000  59.1800000 160.8100000  33.4451653  58.7991006 160.3359094
  32.3417510  60.1718474 160.4176890  32.7218475  59.2107099 161.8811468
  30.2100000  58.7600000 162.7100000  30.2500000  57.7500000 163.3900000
  30.3500000  59.9800000 163.2400000  30.2955861  60.7804075 162.6268192
  30.6400000  60.2300000 164.6700000  30.2036000  59.4146541 165.2477218
  32.1700000  60.1800000 164.9100000  32.5302550  59.1973302 164.6046307
  32.9400000  61.2400000 164.1200000  33.9967615  61.2082175 164.3877368
  32.8511767  61.0590272 163.0549879  32.5339849  62.2153600 164.3536077
  32.5300000  60.3700000 166.2500000  31.9622990  59.8213839 166.8032846
  30.0000000  61.5300000 165.2200000  30.0300000  61.7900000 166.4200000
  29.3600000  62.3400000 164.3700000  29.2901427  62.0484903 163.4076079
  28.8200000  63.6700000 164.6700000  28.3901187  64.0342157 163.7363484
  27.6500000  63.5800000 165.6700000  28.0427576  63.4361737 166.6770843
  27.1109388  64.5276441 165.6682864  26.6600000  62.4700000 165.3500000
  25.7900000  62.6000000 164.5100000  26.7900000  61.3400000 166.0000000
  26.1381170  60.5924431 165.8183947  27.5328211  61.2329970 166.6738876
  29.8800000  64.7200000 165.0800000  29.5300000  65.8000000 165.5300000
  31.1700000  64.4200000 164.9000000  31.4206718  63.5292258 164.5008574
  32.2500000  65.3300000 165.2900000  31.9281325  65.8329373 166.2032572
  33.5700000  64.6100000 165.6500000  34.1096843  65.2487471 166.3507470
  33.3453380  63.6733342 166.1622003  34.5000000  64.3400000 164.4600000
  33.9579428  63.7397869 163.7479310  34.7586710  65.2807080 163.9742968
  35.8200000  63.6600000 164.8300000  36.2400000  63.5500000 165.9600000
  36.5300000  63.1700000 163.8400000  36.1489082  63.1926787 162.9060425
  37.3969139  62.6991117 164.0465502  32.4200000  66.3900000 164.2100000
  32.3300000  66.0900000 163.0200000  32.6900000  67.6200000 164.6300000
  32.7611990  67.8018561 165.6206779  32.8700000  68.7500000 163.7300000
  32.2827276  68.5609077 162.8345890  32.2800000  70.0400000 164.3400000
  32.2914302  70.8010909 163.5694377  30.8500000  69.8500000 164.8600000
  30.4360293  70.8183020 165.1444682  30.2292681  69.4241946 164.0716392
  30.8336454  69.1897708 165.7277041  33.0000000  70.5300000 165.4400000
  33.7103125  71.0893218 165.1145027  34.3400000  68.8700000 163.3200000
  35.2500000  68.9800000 164.1400000  34.6200000  68.7900000 162.0100000
  33.8546124  68.6252266 161.3704912  35.9300000  69.0900000 161.4200000
  36.6863405  69.2205875 162.1947888  36.3700000  67.9800000 160.4700000
  35.6025644  67.7904330 159.7225174  37.2665736  68.3286126 159.9531040
  36.7000000  66.6800000 161.2000000  37.2075177  66.8950874 162.1416610
  35.7740745  66.1410595 161.4072771  37.6300000  65.8400000 160.3200000
  37.2271237  65.7640029 159.3121593  38.6086771  66.3198166 160.2757617
  37.7900000  64.4400000 160.9000000  38.7091694  64.0014538 160.5094843
  37.8598887  64.5009562 161.9871842  36.6400000  63.5800000 160.5000000
  36.5973936  63.5023512 159.4947596  36.7247989  62.6572358 160.9009272
  35.7667425  63.9829883 160.8229058  35.8200000  70.3700000 160.6300000
  34.9300000  70.4500000 159.8200000  36.7000000  71.3300000 160.7500000
  37.4564826  71.2803726 161.4164185  36.4500000  72.5800000 160.0200000
  35.3843340  72.8021718 160.0540022  37.1500000  73.7100000 160.7700000
  38.2291476  73.5972994 160.7097100  36.7200000  75.0100000 160.1500000
  37.4169147  75.8033808 160.4046710  36.6321251  74.8744183 159.0829420
  35.7318217  75.2885179 160.5199158  36.7500000  73.7100000 162.1100000
  37.0869124  74.5083040 162.5242414  36.8700000  72.4200000 158.5500000
  38.0400000  72.2400000 158.3100000  36.0100000  72.4000000 157.5300000
  35.0233495  72.4907013 157.7199609  36.4300000  72.3100000 156.1200000
  37.2177877  71.5666456 156.0131370  35.2450000  72.0160000 155.1970000
  34.3975872  72.6373192 155.4915684  35.5055741  72.2795812 154.1738721
  34.8090000  70.5800000 155.1690000  33.7430000  70.1830000 154.7120000
  35.7030000  69.7210000 155.5770000  36.5907493  70.0372973 155.9333554
  35.4658934  68.7407640 155.5884913  36.9900000  73.6300000 155.6000000
  36.5700000  74.7100000 156.0000000  37.8600000  73.5200000 154.5900000
  38.1054920  72.5958239 154.2760720  38.4800000  74.6200000 153.8800000
  38.3654760  75.5134463 154.4822946  39.9800000  74.3900000 153.7000000
  40.1897834  73.5798823 152.9996147  40.6200000  75.6900000 153.2200000
  41.7056747  75.6408533 153.3024458  40.3582967  75.8567640 152.1747669
  40.2306146  76.5171546 153.8020327  40.5900000  74.0700000 155.0700000
  41.5666893  74.5194450 155.1843127  39.9866148  74.4845206 155.8740243
  40.6586115  72.9911022 155.2007505  37.7700000  74.9000000 152.5800000
  37.9600000  74.2300000 151.5700000  36.9000000  75.9100000 152.6600000
  36.8151176  76.4027854 153.5396072  36.0800000  76.3700000 151.5500000
  35.8618150  75.5063457 150.9195740  34.7700000  76.9100000 152.1200000
  34.4593489  76.2616290 152.9363177  34.8847966  77.9315743 152.4839303
  33.7200000  76.8300000 151.0200000  33.9896356  77.4867493 150.1919619
  33.6632840  75.8013021 150.6575649  32.3600000  77.2400000 151.5600000
  32.1249999  76.6826563 152.4620774  32.3485423  78.3100632 151.7737268
  31.3500000  76.9000000 150.4800000  31.5648923  77.4986415 149.5932169
  31.4279815  75.8420128 150.2244129  29.9900000  77.2000000 150.9600000
  29.9646570  78.1428540 151.3265346  29.3293939  77.1226462 150.1975264
  29.7404447  76.5508978 151.6949338  36.7700000  77.4200000 150.6900000
  36.6000000  77.3900000 149.4800000  37.5200000  78.3400000 151.2900000
  37.6158688  78.3189765 152.2961047  38.2700000  79.3600000 150.5500000
  38.5432483  78.9615567 149.5710291  37.4100000  80.6200000 150.3300000
  36.4052203  80.3260269 150.0293480  37.3306623  81.1349850 151.2857926
  37.9700000  81.6400000 149.3200000  37.8025145  82.6374948 149.7300553
  39.0434511  81.5313785 149.1948466  37.3000000  81.6000000 147.9400000
  36.0500000  81.5500000 147.8700000  38.0500000  81.7100000 146.9400000
  39.5500000  79.7400000 151.3000000  39.6100000  79.7300000 152.5300000
  40.5700000  80.1100000 150.5500000  40.4355141  80.1064342 149.5478954
  41.8700000  80.5600000 151.0100000  41.7362789  81.1976686 151.8831889
  42.7100000  79.3400000 151.4100000  43.6520319  79.6740046 151.8398460
  42.1495403  78.8261126 152.1886887  43.0300000  78.3000000 150.3200000
  42.1693846  78.1310979 149.6717325  44.2500000  78.6500000 149.4700000
  44.5088166  77.8141460 148.8193477  44.0538314  79.5068771 148.8353637
  45.0984237  78.8858398 150.1074121  43.3500000  77.0100000 151.0600000
  43.7628900  76.2655861 150.3779976  44.0488009  77.1882814 151.8770580
  42.4296657  76.6048714 151.4617823  42.5400000  81.3700000 149.9200000
  42.2300000  81.2200000 148.7300000  43.5000000  82.1900000 150.3200000
  43.7032716  82.2500216 151.3089576  44.3700000  82.9200000 149.4200000
  43.8753227  82.9763933 148.4604862  44.5700000  84.3700000 149.8900000
  45.4875692  84.7437638 149.4421847  43.7468698  84.9651526 149.4992679
  44.6300000  84.6300000 151.4000000  43.8113850  84.1272483 151.9137820
  45.5790609  84.2539269 151.7781146  44.5100000  86.1200000 151.7000000
  43.5900000  86.5700000 152.3700000  45.3800000  86.9500000 151.1800000
  45.2665886  87.9384359 151.3360777  46.1259156  86.5983679 150.5978452
  45.6700000  82.1600000 149.1600000  46.3000000  81.6400000 150.0800000
  46.0500000  82.1000000 147.8800000  45.4652842  82.5275254 147.1731646
  47.3200000  81.5100000 147.4500000  47.7991534  81.0739079 148.3251735
  47.1200000  80.3900000 146.4300000  46.5209950  79.6008376 146.8867719
  46.5632091  80.7818444 145.5771379  48.4300000  79.7800000 145.9400000
  49.4500000  79.4800000 146.8600000  49.3201154  79.6578241 147.9154992
  50.6800000  78.9600000 146.4100000  51.4814553  78.7804611 147.0996704
  50.8800000  78.6400000 145.0700000  52.0700000  78.0500000 144.7500000
  52.1305218  77.7999583 143.8248678  49.8600000  78.9200000 144.1300000
  50.0034334  78.6906045 143.0847106  48.6600000  79.5300000 144.5700000
  47.8928506  79.7684628 143.8469198  48.2500000  82.5700000 146.8900000
  47.9300000  83.1900000 145.8800000  49.3900000  82.7700000 147.5400000
  49.6118316  82.2115565 148.3529918  50.3700000  83.7400000 147.1100000
  49.8490287  84.5972252 146.6909356  51.1400000  84.2700000 148.3400000
  51.7208898  83.4514486 148.7671007  51.8442050  85.0228049 148.0055749
  50.2900000  84.8800000 149.4500000  49.6400000  84.0600000 150.3900000
  49.6854290  82.9995950 150.2981896  48.9100000  84.5900000 151.4600000
  48.4189984  83.9289470 152.1584874  48.8200000  85.9900000 151.6100000
  48.1000000  86.5100000 152.6500000  47.8030950  85.8248973 153.2532986
  49.4300000  86.8300000 150.6600000  49.3356554  87.8982549 150.7548006
  50.1600000  86.2800000 149.5800000  50.6267231  86.9356643 148.8607358
  51.2400000  83.1200000 145.9900000  51.9300000  82.1200000 146.1900000
  51.2200000  83.7400000 144.8100000  50.6596839  84.5734259 144.7284038
  51.9500000  83.3200000 143.5900000  52.5867770  82.4650963 143.8220252
  51.0000000  82.9400000 142.4400000  50.5588483  83.8362749 142.0271112
  51.7400000  82.2300000 141.3000000  51.0422540  81.9805382 140.5000935
  52.5080955  82.8801136 140.8840969  52.2061458  81.3152492 141.6682248
  49.8700000  82.0300000 142.9100000  49.3518621  81.5756361 142.0649343
  50.3175312  81.2705524 143.5366376  49.1483793  82.6005741 143.4947329
  52.8100000  84.4700000 143.1000000  52.2800000  85.5600000 142.9000000
  54.0900000  84.2300000 142.8000000  54.4726010  83.3095427 142.9662765
  54.9700000  85.2400000 142.2200000  55.0905521  86.0671674 142.9146680
  55.9526241  84.7937150 142.0686564  54.4700000  85.7600000 140.8700000
  54.0100000  84.9800000 140.0200000  54.6100000  87.0700000 140.6200000
  55.0177740  87.6612687 141.3312561  54.2500000  87.6900000 139.3400000
  53.2036713  87.4557333 139.1421889  54.4200000  89.2200000 139.4400000
  54.7588073  89.4587079 140.4464702  55.1909694  89.5706443 138.7524393
  53.1200000  89.9900000 139.1600000  53.0194863  90.1305151 138.0828186
  52.2702661  89.3946687 139.4958655  53.0100000  91.3400000 139.8700000
  53.6700000  91.6500000 140.8500000  52.1300000  92.2100000 139.4200000
  51.5554846  91.9838170 138.6235631  52.0413253  93.0977182 139.8903977
  55.0800000  87.1000000 138.2000000  54.5200000  86.5400000 137.2500000
  56.4100000  87.0900000 138.3700000  56.7994223  87.5457629 139.1866822
  57.3500000  86.4300000 137.4600000  57.3076071  86.9420915 136.4983587
  58.7700000  86.6100000 138.0300000  59.0936791  87.6424100 137.8935681
  58.7533131  86.3888680 139.0982075  59.7000000  85.7300000 137.4200000
  59.8435759  86.0138714 136.5139225  57.0300000  84.9500000 137.2200000
  57.2700000  84.4300000 136.1400000  56.4000000  84.2600000 138.1800000
  56.1557613  84.7190351 139.0459090  56.0500000  82.8500000 138.0200000
  56.8931886  82.3507252 137.5383719  55.8600000  82.1900000 139.3700000
  56.7539235  82.4034954 139.9391330  55.0068157  82.6195623 139.8931761
  55.6700000  80.7000000 139.2300000  56.7600000  79.8200000 139.1200000
  57.7696723  80.1929120 139.1268360  56.5600000  78.4300000 138.9800000
  57.4041954  77.7568688 138.9558587  55.2600000  77.9400000 138.7800000
  55.0981201  76.8886785 138.5889952  54.1900000  78.8400000 138.7300000
  53.2304255  78.4759427 138.4362308  54.3700000  80.2000000 139.0300000
  53.5208839  80.8673697 139.0188555  54.8200000  82.6300000 137.1400000
  54.9100000  81.8600000 136.1800000  53.7000000  83.3100000 137.3900000
  53.6579559  83.9536059 138.1694853  52.5500000  83.2000000 136.5000000
  52.2644524  82.1495516 136.4300197  51.3600000  83.9700000 137.0800000
  50.5021786  83.8805187 136.4123804  51.0942887  83.5587850 138.0549149
  51.6172488  85.0240702 137.1940045  52.9100000  83.6900000 135.0900000
  52.4600000  83.1000000 134.1100000  53.7700000  84.7100000 134.9800000
  54.1187277  85.1579724 135.8173596  54.2800000  85.1900000 133.7000000
  53.4235830  85.3293203 133.0381705  54.9500000  86.5700000 133.8700000
  55.8108009  86.4653002 134.5313614  55.3090600  86.8970578 132.8940477
  54.0500000  87.6600000 134.4200000  54.5100000  88.6700000 134.9100000
  52.7400000  87.5500000 134.3400000  52.1702044  88.3041104 134.6915149
  52.3252345  86.7178878 133.9525290  55.1900000  84.1700000 133.0200000
  54.9200000  83.8600000 131.8700000  56.1900000  83.5800000 133.7000000
  56.3548631  83.8410298 134.6599375  57.0700000  82.5600000 133.1200000
  57.4696208  82.9577323 132.1933472  58.2700000  82.3400000 134.0400000
  58.9459535  81.6118965 133.5902898  58.8079744  83.2783887 134.1790021
  57.9352761  81.9645080 135.0078029  56.3600000  81.2200000 132.8200000
  56.7200000  80.5100000 131.8800000  55.3500000  80.8500000 133.6100000
  55.0910483  81.4501336 134.3782413  54.5400000  79.6600000 133.3800000
  55.2179299  78.8322118 133.1671863  53.7500000  79.2800000 134.6400000
  54.4643247  79.1249196 135.4497238  53.0920537  80.0995883 134.9293672
  52.9300000  77.9900000 134.4900000  53.5702845  77.2285569 134.0431224
  52.6690501  77.6440480 135.4905855  51.3900000  78.0700000 133.5300000
  50.3800000  79.1500000 134.5800000  49.3688418  79.1610518 134.1770330
  50.3539508  78.7552273 135.5958583  50.7895126  80.1598825 134.5842128
  53.6400000  79.8500000 132.1600000  53.8000000  79.1100000 131.1800000
  52.7500000  80.8500000 132.1700000  52.6698979  81.4521070 132.9778393
  51.9000000  81.1000000 131.0100000  51.3203544  80.1965931 130.8123139
  50.9000000  82.2400000 131.2600000  50.1320965  81.8977494 131.9550944
  51.4312679  83.0656262 131.7323134  50.2400000  82.7800000 129.9900000
  49.0500000  82.2200000 129.5000000  48.5678422  81.4146800 130.0340534
  48.4700000  82.7300000 128.3200000  47.5497438  82.3142639 127.9433831
  49.0800000  83.7800000 127.6200000  48.5200000  84.2300000 126.4700000
  47.6441562  83.8688045 126.3118002  50.2700000  84.3600000 128.1200000
  50.7386572  85.1760179 127.5901102  50.8500000  83.8500000 129.3000000
  51.7618421  84.2896305 129.6773730  52.7800000  81.3600000 129.7900000
  52.6000000  80.6800000 128.7900000  53.7600000  82.2700000 129.8400000
  53.9401835  82.7767137 130.6941105  54.4600000  82.6800000 128.6100000
  53.6750524  82.9357308 127.9027920  55.2400000  83.9900000 128.8100000
  55.3544687  84.4578009 127.8317729  54.6713361  84.6816923 129.4310194
  56.6400000  83.7900000 129.3900000  57.0000000  82.7700000 129.9200000
  57.5200000  84.7500000 129.2700000  58.4455935  84.6095872 129.6467807
  57.2688700  85.6215012 128.8305786  55.2900000  81.5600000 127.9400000
  55.4600000  81.6400000 126.7300000  55.7400000  80.5400000 128.7000000
  55.5602113  80.5705035 129.6947273  56.5600000  79.4200000 128.2100000
  57.1044922  79.7485237 127.3240684  57.5900000  79.0700000 129.2800000
  58.2859439  78.3301614 128.8835297  58.1504815  79.9605654 129.5675274
  57.0911937  78.6455189 130.1517091  55.7300000  78.1700000 127.8200000
  56.2200000  77.3100000 127.0900000  54.4900000  78.0900000 128.3000000
  54.1743528  78.8236179 128.9200245  53.5300000  77.0100000 128.0100000
  54.0528304  76.1726066 127.5526256  52.9600000  76.5700000 129.3700000
  53.7962716  76.3550311 130.0360477  52.4391932  77.4300294 129.7917570
  51.8000000  75.1700000 129.4900000  52.4300000  77.4400000 127.0200000
  51.8300000  76.6000000 126.3600000  52.1900000  78.7400000 126.8300000
  52.7315156  79.4130749 127.3544301  51.0600000  79.2700000 126.0400000
  50.1808775  78.7328837 126.3722197  50.8000000  80.7500000 126.3700000
  49.9296579  81.1166377 125.8246553  50.5474094  80.8171731 127.4263097
  52.0100000  81.6600000 126.0800000  51.9168182  82.5312306 126.7255748
  52.9402904  81.1507916 126.3162989  52.0900000  82.1700000 124.6500000
  52.2220798  81.3331503 123.9662833  51.1646286  82.6925289 124.4022598
  53.2300000  83.0900000 124.4900000  53.7528933  83.3162388 125.3231808
  53.5700000  83.6800000 123.3600000  52.9800000  83.3700000 122.2400000
  53.2737056  83.7902047 121.3715780  52.2837472  82.6389484 122.2257632
  54.5000000  84.5900000 123.3400000  54.9778173  84.8395716 124.1915767
  54.7559362  85.0300370 122.4700114  51.1200000  79.0800000 124.5300000
  50.2000000  79.5000000 123.8300000  52.2100000  78.5300000 124.0200000
  52.9409748  78.2221867 124.6439535  52.4000000  78.3000000 122.5900000
  51.6707181  78.9108911 122.0669823  53.8000000  78.7600000 122.1600000
  54.3160512  79.2208498 123.0045629  54.3711897  77.8861980 121.8701961
  53.8000000  79.7800000 121.0000000  52.7200000  80.3500000 120.6500000
  54.9100000  80.0700000 120.5100000  52.0800000  76.8600000 122.1500000
  52.0400000  76.6200000 120.9400000  51.7800000  75.9500000 123.0900000
  51.8139001  76.2151876 124.0642442  51.4100000  74.5700000 122.7700000
  52.2121745  74.1807593 122.1520508  51.3200000  73.6600000 124.0300000
  51.1466638  72.6366806 123.6936324  52.6200000  73.6500000 124.8500000
  52.5458210  72.9281305 125.6636602  53.4499529  73.3641259 124.2053605
  52.8344285  74.6324154 125.2602738  50.1800000  74.0400000 124.9800000
  50.3703752  73.6568291 125.9823763  50.0493945  75.1206769 125.0285693
  49.2716794  73.5785247 124.6076076  50.1400000  74.5300000 121.9100000
  49.1300000  75.1500000 122.2600000  50.1900000  73.8200000 120.7800000
  51.0330118  73.3169700 120.5398078  49.0700000  73.7600000 119.8300000
  48.6035698  74.7407782 119.8711650  49.5400000  73.5900000 118.3600000
  48.9238673  74.2303296 117.7281290  50.5749010  73.9207378 118.2620273
  49.4100000  72.1500000 117.8300000  49.9611756  71.4904027 118.5026857
  48.3662660  71.8595763 117.8618953  49.8900000  71.8800000 116.4000000
  50.0600000  70.6700000 116.1000000  50.1200000  72.8000000 115.5900000
  48.0100000  72.7300000 120.2900000  48.3000000  71.7800000 121.0100000
  46.7500000  72.9100000 119.8900000  46.5270281  73.6932796 119.2923860
  45.7000000  71.9000000 120.1200000  45.8876928  71.4309708 121.0857941
  44.3400000  72.6000000 120.2300000  43.5478973  71.8650697 120.3703606
  44.3398018  73.2895214 121.0700908  44.1438785  73.1612100 119.3153138
  45.7000000  70.7900000 119.0300000  46.0500000  71.0300000 117.8800000
  45.2600000  69.5700000 119.3500000  44.8000000  69.0800000 120.6500000
  44.0051567  69.7067103 121.0543167  45.6440542  69.0507863 121.3399642
  44.2800000  67.6600000 120.4100000  43.2000352  67.6894026 120.2578681
  44.5309283  66.9933899 121.2356620  44.9700000  67.2400000 119.1100000
  44.3639101  66.5379633 118.5514341  45.9560709  66.8270428 119.3270024
  45.1100000  68.5400000 118.3300000  46.0090428  68.4883185 117.7143637
  43.8900000  68.8300000 117.4300000  42.8700000  69.3100000 117.8900000
  43.9800000  68.4200000 116.1500000  44.8398802  67.9882029 115.8473247
  42.9400000  68.6400000 115.1100000  43.2641560  68.0429567 114.2569358
  41.5900000  68.0600000 115.5500000  41.7599327  67.2384657 116.2447140
  41.0047059  68.8262317 116.0592772  40.8600000  67.5500000 114.4600000
  40.6227379  68.2940291 113.8999875  42.8200000  70.0800000 114.5800000
  41.9200000  70.3900000 113.8100000  43.7500000  70.9700000 114.9400000
  44.4839777  70.6757321 115.5698789  43.7200000  72.4100000 114.6200000
  43.3776612  72.5498341 113.5942497  42.7500000  73.1300000 115.5700000
  42.9646877  74.1977599 115.5780762  41.7350687  72.9894049 115.1965987
  42.8000000  72.6200000 116.8900000  42.1434605  73.0850876 117.4145616
  45.1300000  72.9800000 114.7300000  46.0300000  72.2700000 115.1500000
  45.3500000  74.2400000 114.3100000  44.5784167  74.7770664 113.9423121
  46.6300000  74.9500000 114.5200000  47.3718166  74.2514437 114.9106338
  47.1700000  75.4600000 113.1700000  46.5281719  76.2739787 112.8303179
  48.1684791  75.8713714 113.3217714  47.2600000  74.4000000 112.0700000
  47.7600000  73.3000000 112.2200000  46.7400000  74.7000000 110.9000000
  46.1911662  75.5290565 110.7838056  46.8923695  74.0434547 110.1437027
  46.4900000  76.0700000 115.5700000  47.2900000  77.0000000 115.6400000
  45.4100000  76.0200000 116.3600000  44.7703159  75.2485622 116.2406813
  45.1400000  76.9300000 117.4800000  45.3675614  77.9471552 117.1587516
  43.6700000  76.8800000 117.9100000  43.5282815  75.9993208 118.5405868
  43.4494245  77.7585894 118.5177850  42.6600000  76.8100000 116.7700000
  42.8300000  77.5700000 115.7900000  41.7300000  75.9900000 116.9100000
  46.0100000  76.5800000 118.6900000  46.6400000  75.5200000 118.7500000
  46.0000000  77.4200000 119.7200000  45.4505172  78.2637084 119.6473814
  46.6600000  77.1300000 121.0100000  47.5762538  76.5686488 120.8250093
  47.0400000  78.4500000 121.6800000  46.1754090  79.0955810 121.6272453
  47.3126274  78.2873775 122.7239520  48.2200000  79.1000000 120.9400000
  49.1552377  78.6506954 121.2773205  48.1133563  78.8754881 119.8782040
  48.2900000  80.6300000 121.0800000  47.2897667  81.0491696 121.1906226
  48.8648698  80.8792939 121.9717086  48.9400000  81.2900000 119.8500000
  48.1767331  81.3921878 119.0771350  49.2801595  82.2895184 120.1239431
  50.0800000  80.5100000 119.2700000  50.4670825  80.9970535 118.4743367
  50.8125669  80.3896066 119.9606437  49.7572080  79.5983605 118.9761975
  45.7400000  76.2700000 121.8800000  44.5500000  76.5500000 121.9500000
  46.3200000  75.3400000 122.6400000  47.3137458  75.1812833 122.5550692
  45.5700000  74.5000000 123.5800000  44.7929314  73.9657538 123.0374693
  46.5200000  73.4700000 124.2000000  45.9429084  72.7399504 124.7674253
  47.0815558  72.9529699 123.4203654  47.1972490  73.9800598 124.8819979
  44.9000000  75.3200000 124.6900000  43.9000000  74.9000000 125.2600000
  45.4000000  76.5300000 124.9400000  46.2273302  76.8288864 124.4445480
  44.7600000  77.4900000 125.8300000  44.5839422  77.0031444 126.7889800
  45.7100000  78.6800000 126.0700000  46.1472145  79.0121597 125.1271995
  45.1244082  79.5049811 126.4655731  46.8200000  78.3300000 127.0900000
  46.3839573  77.8145118 127.9472081  47.9200000  77.4600000 126.4900000
  48.7388354  77.3555608 127.2024599  47.5502855  76.4548514 126.2986592
  48.2859977  77.8929039 125.5588163  47.4500000  79.6200000 127.5900000
  48.2532521  79.3976754 128.2933382  47.8502371  80.1884528 126.7505506
  46.6934594  80.2110734 128.1063553  43.3900000  77.9300000 125.3000000
  42.5100000  78.2100000 126.1000000  43.1400000  77.8400000 123.9900000
  43.8805573  77.5588115 123.3653184  41.8100000  78.0700000 123.4100000
  41.4751964  79.0707054 123.6703721  41.8771592  77.9968716 122.3247186
  40.8000000  77.0400000 123.9100000  39.6100000  77.3300000 124.0300000
  41.2900000  75.8600000 124.2900000  42.2825475  75.7062179 124.1834819
  40.5200000  74.7800000 124.8900000  39.4792872  74.9445369 124.6164325
  40.9800000  73.4600000 124.2200000  40.9488125  73.5991581 123.1374412
  42.0111758  73.2491292 124.5040266  40.1100000  72.2400000 124.5800000
  40.2834410  71.9551268 125.6176848  38.6200000  72.4900000 124.3700000
  38.0645707  71.5611699 124.5014028  38.2414414  73.2042299 125.0986516
  38.4417014  72.8718227 123.3639544  40.5100000  71.0600000 123.7000000
  39.9369924  70.1752295 123.9780286  40.3264279  71.2887313 122.6495586
  41.5705952  70.8465164 123.8372997  40.5700000  74.7400000 126.4300000
  39.8100000  74.0000000 127.0400000  41.4400000  75.5200000 127.0900000
  42.0529062  76.1249311 126.5616145  41.6100000  75.4700000 128.5500000
  40.9227512  74.7379778 128.9706784  43.0300000  75.0000000 128.8900000
  43.7440125  75.6884365 128.4371613  43.1599721  75.0454379 129.9717342
  43.3300000  73.5600000 128.4200000  43.1897066  73.4731259 127.3435080
  44.7800000  73.2500000 128.7400000  45.0455226  72.2758918 128.3301298
  45.4175714  74.0070975 128.2865636  44.9308922  73.2419581 129.8192130
  42.4600000  72.5300000 129.1200000  42.8144199  71.5294122 128.8930130
  42.4913413  72.6757007 130.2004062  41.4296509  72.6077682 128.7753419
  41.2700000  76.7800000 129.2800000  40.9300000  76.7400000 130.4600000
  41.3200000  77.9100000 128.5800000  41.6074131  77.8627892 127.6158548
  40.8600000  79.2100000 129.0700000  41.2322478  79.3666039 130.0749220
  41.4400000  80.3000000 128.1800000  41.1217504  80.1363310 127.1500333
  41.0100711  81.2414408 128.5129547  43.2400000  80.4700000 128.2200000
  39.3400000  79.3600000 129.1300000  38.8600000  80.3500000 129.6600000
  38.5900000  78.4300000 128.5200000  39.0476638  77.6302806 128.1065734
  37.1400000  78.5800000 128.3200000  36.7417057  77.6396942 127.9394092
  36.6662845  78.7855204 129.2802335  36.7700000  79.7000000 127.3400000
  35.6200000  80.1300000 127.2800000  37.7600000  80.2200000 126.6000000
  38.6808916  79.8205316 126.7134028  37.6500000  81.2600000 125.5800000
  36.7229020  81.0985845 125.0280016  37.5800000  82.6400000 126.2600000
  37.0706389  83.3271174 125.5829887  36.9678898  82.5560583 127.1583893
  38.9400000  83.2600000 126.6200000  39.6180534  82.4558367 126.9049592
  39.3640695  83.7648066 125.7558588  38.8900000  84.2400000 127.8000000
  38.4772912  83.7469844 128.6819654  39.9127527  84.5293304 128.0321305
  38.1200000  85.5300000 127.5000000  38.4547825  86.3051689 128.1903630
  38.3470315  85.8518540 126.4813670  36.6500000  85.3500000 127.6600000
  36.1761892  86.2094639 127.4187755  36.3329776  84.6171743 127.0396977
  36.4330929  85.0949573 128.6132637  38.8200000  81.1100000 124.6000000
  39.7000000  80.2800000 124.8200000  38.8400000  81.9300000 123.5600000
  38.1035613  82.6181919 123.4791856  39.9500000  82.0500000 122.6200000
  40.0119019  81.1296135 122.0379599  39.6700000  83.2200000 121.6500000
  40.5725932  83.4101906 121.0668721  38.9027015  82.8863009 120.9500805
  39.1800000  84.5500000 122.2600000  38.7300000  84.5900000 123.4400000
  39.2100000  85.5400000 121.5100000  41.3000000  82.2700000 123.3300000
  41.4300000  83.0800000 124.2500000  42.3600000  81.6000000 122.8500000
  42.2240778  80.9573731 122.0837038  43.7300000  81.8100000 123.3300000
  43.7229609  81.7517726 124.4141098  44.6200000  80.6900000 122.8100000
  45.5608875  80.6783779 123.3607382  44.1330989  79.7348838 122.9008675
  44.8178241  80.8662255 121.7516432  44.3500000  83.1600000 122.9200000
  45.5400000  83.3800000 123.1400000  43.5600000  84.0000000 122.2800000
  42.6008073  83.7287771 122.1243257  43.9400000  85.3400000 121.8300000
  44.9969610  85.3256902 121.5628117  43.1200000  85.6200000 120.5600000
  43.1058322  84.7198114 119.9421284  42.0906252  85.8484007 120.8407408
  43.6700000  86.7500000 119.6900000  44.8500000  87.1400000 119.9000000
  42.9700000  87.1300000 118.7300000  43.7300000  86.3700000 122.9600000
  44.5700000  87.2300000 123.1900000  42.6600000  86.2100000 123.7600000
  42.0101984  85.4632509 123.5540666  42.3000000  87.1400000 124.8300000
  43.1053131  87.8657696 124.9408593  41.0700000  87.9500000 124.4100000
  40.8583268  88.7224088 125.1496288  41.2562881  88.4293405 123.4479472
  40.2061899  87.2897778 124.3176553  42.1400000  86.5100000 126.2300000
  41.6500000  87.1600000 127.1600000  42.5800000  85.2600000 126.4400000
  42.9481550  84.7237427 125.6667595  42.8700000  84.8100000 127.8000000
  42.1200823  85.2493071 128.4585725  42.7000000  83.3200000 128.0400000
  42.9465477  83.1334359 129.0857129  41.6416041  83.1109344 127.9179681
  43.5800000  82.1000000 127.0500000  44.2200000  85.3600000 128.2700000
  45.2800000  84.7900000 128.0400000  44.1300000  86.4700000 129.0100000
  43.2253162  86.8982148 129.1437635  45.2600000  87.0500000 129.7000000
  45.9680013  87.3842238 128.9398145  44.7600000  88.2500000 130.5200000
  43.9088384  88.7115552 130.0157480  44.4341852  87.9110783 131.5010017
  45.8200000  89.3200000 130.6900000  46.9700000  89.1600000 130.3300000
  45.4700000  90.4200000 131.3000000  46.1526675  91.1522307 131.4246084
  44.5163213  90.5400956 131.6084866  45.9400000  86.0200000 130.6200000
  45.2600000  85.1700000 131.2000000  47.2400000  86.1900000 130.8700000
  47.7439832  86.9363867 130.4112270  47.9800000  85.2800000 131.7400000
  47.9111529  84.2763518 131.3174797  49.4600000  85.6900000 131.7600000
  50.0427167  84.9398342 132.2937986  49.8322275  85.7937153 130.7429378
  49.5694398  86.6492861 132.2671190  47.4100000  85.2400000 133.1600000
  47.5400000  84.2300000 133.8400000  46.7600000  86.3100000 133.6200000
  46.6967318  87.1224458 133.0243936  46.0200000  86.3500000 134.8900000
  46.6155902  85.8198373 135.6324089  45.8800000  87.8100000 135.3700000
  46.8801227  88.2128868 135.5336415  45.1400000  88.7400000 134.4100000
  45.1707020  89.7600423 134.7935873  45.6317695  88.7283130 133.4415470
  44.0985264  88.4401664 134.2982574  45.1700000  87.9000000 136.5600000
  45.1295446  88.8216589 136.8278287  44.6600000  85.6300000 134.8000000
  44.3200000  84.8100000 135.6600000  43.9200000  85.8500000 133.7100000
  44.2817370  86.4755374 133.0053850  42.5500000  85.3700000 133.5200000
  41.9484003  85.6601668 134.3828263  41.9600000  86.0100000 132.2500000
  42.7078168  86.0365231 131.4585950  41.1357803  85.3920329 131.8889182
  41.4200000  87.4000000 132.4900000  42.1000000  88.4000000 132.3100000
  40.1800000  87.4900000 132.9000000  39.6408607  86.6542802 133.0705671
  39.7801878  88.3978715 133.0884252  42.4500000  83.8500000 133.3600000
  41.4200000  83.3000000 133.7400000  43.4300000  83.1800000 132.7500000
  44.2531756  83.6606615 132.4118817  43.3300000  81.7300000 132.6400000
  42.3462891  81.4994487 132.2286101  44.3600000  81.1500000 131.6700000
  44.2050828  81.5863641 130.6844908  45.3583459  81.4334143 132.0065164
  44.3000000  79.6500000 131.5600000  43.1900000  78.8900000 131.6800000
  42.1957360  79.2655431 131.8671048  43.5000000  77.5600000 131.5200000
  42.8034069  76.8275335 131.5456400  44.8700000  77.3800000 131.4000000
  45.6800000  76.2500000 131.2900000  45.2426677  75.2644253 131.2628124
  47.0700000  76.4100000 131.2300000  47.7119112  75.5446985 131.1731835
  47.6400000  77.6900000 131.2800000  48.7139744  77.8030679 131.2349506
  46.8100000  78.8300000 131.3700000  47.2597291  79.8105250 131.4115283
  45.4100000  78.7100000 131.4300000  43.4300000  81.0600000 134.0100000
  42.5600000  80.2700000 134.3400000  44.4000000  81.4300000 134.8400000
  45.0657255  82.1264785 134.5389765  44.5400000  80.8900000 136.1900000
  44.5676050  79.8026983 136.1090333  45.8700000  81.3500000 136.8200000
  45.9495060  82.4362189 136.7447410  45.9400000  80.9900000 138.3100000
  46.9084936  81.2739370 138.7224913  45.1776901  81.5354911 138.8659748
  45.7915570  79.9167329 138.4355272  47.0800000  80.6900000 136.1200000
  47.9065329  80.5548717 136.8189093  46.8001835  79.7045867 135.7446429
  47.6000000  81.5400000 134.9700000  48.1265664  82.3979337 135.3886197
  48.3004443  80.9687528 134.3689833  46.7993090  81.8658505 134.3135513
  43.3200000  81.2400000 137.0500000  42.8200000  80.3700000 137.7600000
  42.7800000  82.4500000 136.9200000  43.2309844  83.1356885 136.3312789
  41.5200000  82.8300000 137.5700000  41.6688078  82.7984033 138.6495891
  41.1800000  84.2800000 137.1500000  42.0510700  84.9176812 137.3068546
  40.9540430  84.2934065 136.0854289  39.9900000  84.8900000 137.8900000
  39.7623474  85.8498285 137.4236819  39.1173619  84.2476335 137.7626014
  40.2300000  85.1300000 139.3800000  41.4000000  85.0100000 139.8100000
  39.2400000  85.4300000 140.0700000  40.3800000  81.8600000 137.2100000
  39.6700000  81.3500000 138.0800000  40.2400000  81.5200000 135.9300000
  40.8617683  81.9334883 135.2493932  39.2600000  80.5400000 135.4400000
  38.2730578  80.8308314 135.8023665  39.2500000  80.6100000 133.9100000
  39.0146502  81.6319378 133.6086909  40.2379331  80.3782901 133.5198409
  38.2500000  79.6800000 133.2600000  36.8900000  80.0400000 133.2400000
  36.5674296  80.9791802 133.6661596  35.9500000  79.1800000 132.6500000
  34.9021817  79.4424377 132.6589526  36.3700000  77.9600000 132.0900000
  35.4300000  77.1400000 131.5600000  34.5347824  77.4507351 131.7111219
  37.7300000  77.6000000 132.1000000  38.0493198  76.6686046 131.6571398
  38.6700000  78.4600000 132.7000000  39.7147491  78.1843588 132.7164689
  39.5400000  79.1100000 135.9200000  38.6100000  78.3500000 136.1800000
  40.8100000  78.7300000 136.0800000  41.5540566  79.3810817 135.8703076
  41.1800000  77.4200000 136.6300000  40.6440575  76.6474441 136.0771562
  42.6800000  77.1600000 136.4900000  43.2411649  77.9388784 137.0042552
  42.8975140  76.2155782 136.9850264  43.1600000  77.0800000 135.0400000
  42.5820965  76.3162916 134.5197437  42.9739286  78.0208404 134.5425167
  44.9200000  76.6900000 134.8600000  44.8500000  74.9500000 135.3300000
  45.8606397  74.5447432 135.3592588  44.3912905  74.8473600 136.3085049
  44.2615322  74.3993423 134.5962892  40.8100000  77.2900000 138.1100000
  40.3700000  76.2300000 138.5400000  41.0000000  78.3600000 138.9000000
  41.3703950  79.2088783 138.4932082  40.6800000  78.3700000 140.3300000
  40.8877725  77.3845416 140.7423077  41.5800000  79.3800000 141.0300000
  41.4137108  80.3649596 140.5891944  41.2707470  79.4251388 142.0705345
  43.0700000  79.0700000 141.0300000  43.5600000  77.7400000 140.9600000
  42.8937894  76.8956166 140.8976877  44.9400000  77.4900000 140.9900000
  45.2977042  76.4745045 140.9550270  45.8500000  78.5500000 141.1000000
  46.9110798  78.3528412 141.1415290  45.3800000  79.8600000 141.1900000
  46.0927158  80.6649554 141.2649124  43.9900000  80.1200000 141.1400000
  43.6309486  81.1322530 141.1835527  39.2000000  78.6200000 140.6300000
  38.7600000  78.3000000 141.7400000  38.4200000  79.1000000 139.6700000
  38.8297083  79.3429646 138.7783915  36.9900000  79.3000000 139.8400000
  36.8470659  79.7502780 140.8221687  36.4700000  80.3000000 138.8000000
  37.2359498  81.0515057 138.6155063  36.2470771  79.8016639 137.8562230
  35.2400000  81.0200000 139.3100000  34.4700000  80.5100000 140.1100000
  35.0500000  82.2500000 138.8700000  35.7151082  82.6699517 138.2386628
  34.2488262  82.7740105 139.1880148  36.2300000  77.9600000 139.8000000
  36.2500000  77.2200000 138.8200000  35.4500000  77.6900000 140.8500000
  35.4543196  78.3314129 141.6323109  34.5000000  76.5800000 140.8900000
  35.0384801  75.6625355 140.6678749  33.9700000  76.4500000 142.3200000
  34.8131368  76.2656156 142.9866472  33.4640709  77.3689082 142.6180950
  32.9800000  75.2900000 142.4100000  32.0429447  75.5841304 141.9360163
  33.3856197  74.4321836 141.8801079  32.6800000  74.9000000 143.8600000
  33.5970819  74.8905700 144.4310332  32.0039388  75.6370200 144.2949576
  32.0400000  73.5000000 143.9400000  32.8312243  72.7590267 143.8500806
  31.5419082  73.3753654 144.9026191  31.1100000  73.2400000 142.8300000
  31.5990046  73.3432995 141.9510959  30.7401125  72.3023587 142.8945096
  30.3421961  73.8961996 142.8602041  33.4000000  76.6900000 139.8300000
  32.8000000  75.6600000 139.5000000  33.1800000  77.8700000 139.2500000
  33.7182504  78.6632521 139.5694516  32.2200000  78.1300000 138.1800000
  31.2163151  77.9955121 138.5842856  32.3800000  79.6000000 137.8000000
  32.2656324  80.2152850 138.6931484  33.3807969  79.7606614 137.3940569
  31.3400000  80.0500000 136.7900000  30.1500000  80.0800000 137.1900000
  31.7600000  80.4200000 135.6700000  32.3700000  77.1900000 136.9500000
  31.3800000  76.7900000 136.3600000  33.5900000  76.7200000 136.6500000
  34.3864183  77.0441630 137.1814170  33.8300000  75.7500000 135.5600000
  33.4344116  76.1700485 134.6336518  35.3600000  75.5900000 135.4300000
  35.8254032  76.5672207 135.5765444  35.7329144  74.9317722 136.2155062
  35.8300000  75.0800000 134.0800000  35.1200000  74.5900000 133.2200000
  37.1100000  75.1300000 133.8300000  37.4446986  74.7969499 132.9397902
  37.7393528  75.5595863 134.4911022  33.1800000  74.3700000 135.8000000
  32.9600000  73.5800000 134.8900000  32.9400000  74.0100000 137.0700000
  33.1184634  74.6895553 137.7964794  32.4100000  72.7100000 137.4900000
  31.7008583  72.8874848 138.2979016  31.8613263  72.2479780 136.6693583
  33.4700000  71.7100000 137.9900000  33.1200000  70.7300000 138.6400000
  34.7600000  71.9900000 137.7400000  34.9789222  72.8261778 137.2181704
  35.8700000  71.0600000 138.0500000  35.4550610  70.0597687 138.1637701
  36.9000000  71.0100000 136.9100000  37.4951104  71.9244390 136.9266029
  37.5751512  70.1746386 137.1023693  36.3300000  70.8500000 135.4900000
  35.9087188  71.8092149 135.1835448  37.1448168  70.6201642 134.8028873
  35.2500000  69.7800000 135.3500000  35.1300000  68.8400000 136.1100000
  34.3800000  69.9300000 134.3800000  34.4381404  70.7370976 133.7733862
  33.6432057  69.2501364 134.2584827  36.6200000  71.3600000 139.3500000
  36.9900000  70.4300000 140.0700000  36.8500000  72.6300000 139.6900000
  36.5369008  73.3803372 139.0905031  37.4600000  72.9700000 140.9800000
  38.3821220  72.3979980 141.0723995  37.8500000  74.4500000 141.0100000
  38.1662453  74.7278601 142.0148696  38.6787736  74.6230573 140.3224017
  37.0150811  75.0739635 140.7103187  36.4800000  72.5600000 142.1000000
  35.3100000  72.9500000 142.0500000  36.8900000  71.7800000 143.1200000
  38.1600000  71.0800000 143.2500000  39.0028268  71.7477277 143.0700458
  38.1841625  70.2427730 142.5516426  38.2100000  70.5600000 144.6800000
  38.6760215  71.3141843 145.3117924  38.7588296  69.6204205 144.7471663
  36.7400000  70.3900000 145.0800000  36.5860749  70.5711214 146.1437176
  36.4321944  69.3731749 144.8468683  35.9900000  71.4000000 144.2000000
  35.1145592  70.9277265 143.7672655  35.5000000  72.5900000 144.9900000
  34.3300000  72.5800000 145.3700000  36.3400000  73.6000000 145.1800000
  37.2703608  73.5119372 144.7956288  36.0800000  74.8600000 145.8800000
  35.0226533  75.1000052 145.8471543  36.4600000  74.7200000 147.3500000
  36.2368594  75.6611258 147.8390984  35.8232437  73.9711227 147.8077015
  37.9100000  74.3300000 147.6200000  38.3100000  72.9900000 147.5300000
  37.5840065  72.2282925 147.2994073  39.6500000  72.6300000 147.7200000
  39.9530350  71.5969708 147.6317931  40.5900000  73.6100000 148.0600000
  41.6213075  73.3373693 148.2317311  40.1800000  74.9500000 148.2000000
  40.9029272  75.7022087 148.4771430  38.8500000  75.3200000 147.9600000
  38.5547085  76.3538951 148.0514208  36.8500000  75.9600000 145.1600000
  37.8300000  75.6600000 144.4800000  36.3800000  77.2100000 145.2500000
  35.5693510  77.4095334 145.8168829  37.1000000  78.3400000 144.6600000
  37.4625007  78.0126367 143.6903970  36.2000000  79.5600000 144.4000000
  35.7662047  79.8961051 145.3425563  36.9100000  80.7300000 143.7400000
  36.1896796  81.5031957 143.4711238  37.6310878  81.1664332 144.4284451
  37.4387074  80.4004812 142.8477309  35.1500000  79.2100000 143.5100000
  34.6528848  80.0109033 143.3194542  38.3100000  78.6900000 145.5200000
  38.2600000  78.6100000 146.7500000  39.4300000  79.0100000 144.8700000
  39.4111547  79.0191921 143.8591925  40.6400000  79.5300000 145.5100000
  40.4943690  79.5834146 146.5898553  41.8300000  78.5800000 145.2300000
  41.9107665  78.4251223 144.1531488  43.1500000  79.2000000 145.7300000
  43.9714264  78.4925933 145.6214247  43.3945619  80.0857234 145.1426127
  43.0518898  79.4796671 146.7771648  41.5900000  77.2100000 145.9100000
  41.5823899  77.3411712 146.9920900  40.6084696  76.8394375 145.6153154
  42.5900000  76.1100000 145.5400000  43.4675677  76.1751700 146.1865771
  42.1231681  75.1321788 145.6762258  42.8980678  76.2143793 144.4973360
  40.8500000  80.9500000 145.0000000  40.7600000  81.1600000 143.7900000
  41.1800000  81.9000000 145.8700000  41.2412884  81.6798665 146.8545119
  41.5300000  83.2600000 145.4300000  41.0106235  83.4407242 144.4920882
  40.9600000  84.3400000 146.3700000  39.8752519  84.3468343 146.2613542
  41.2800000  84.1900000 147.8500000  40.8163298  85.0056245 148.4054342
  40.8708960  83.2557131 148.2261651  42.3481138  84.2383245 147.9936325
  41.4500000  85.6100000 146.0200000  41.1901644  85.7959301 145.1140058
  43.0500000  83.3700000 145.1800000  43.8500000  83.3000000 146.1200000
  43.4900000  83.5000000 143.9200000  42.7300000  83.4900000 142.6700000
  41.9020179  84.1989136 142.7001340  42.3611291  82.4855989 142.4747553
  43.7100000  83.8900000 141.5700000  43.6683035  84.9699082 141.4221151
  43.5104370  83.3702004 140.6327826  45.0700000  83.5100000 142.1600000
  45.8531229  84.1474514 141.7687501  45.2876699  82.4690915 141.9700677
  44.9000000  83.7200000 143.6500000  45.5021695  82.9838614 144.1846424
  45.3300000  85.1300000 144.0600000  44.6300000  86.1100000 143.8500000
  46.5500000  85.2300000 144.5700000  47.0908042  84.3870456 144.6981499
  47.1700000  86.4800000 144.9700000  46.5416901  87.3186667 144.6686220
  47.3500000  86.5500000 146.5000000  48.0141929  85.7546927 146.8317931
  47.9700000  87.8900000 146.9000000  48.0569948  87.9474231 147.9851915
  48.9703840  87.9887172 146.4782183  47.3464146  88.7122373 146.5474401
  46.0200000  86.3800000 147.2400000  46.1684587  86.5611496 148.3033698
  45.2860326  87.0907731 146.8588839  45.6397927  85.3673639 147.1022949
  48.5000000  86.6000000 144.2500000  49.4500000  85.9000000 144.5700000
  48.5700000  87.5000000 143.2700000  47.7542860  88.0477246 143.0363294
  49.7700000  87.6600000 142.4400000  50.3213679  86.7289691 142.4580705
  49.3800000  87.8700000 140.9700000  48.8230438  88.8053643 140.8910616
  50.2947107  87.9769395 140.3858851  48.5600000  86.7600000 140.3300000
  48.5500000  85.4500000 140.8500000  49.0946255  85.2157013 141.7425002
  47.8100000  84.4300000 140.2300000  47.8202641  83.4281553 140.6337515
  47.0100000  84.7300000 139.1200000  46.4032075  83.9629336 138.6618875
  47.0000000  86.0300000 138.6100000  46.3907788  86.2403965 137.7560789
  47.7900000  87.0400000 139.2000000  47.7727669  88.0381120 138.7876502
  50.7400000  88.7100000 143.0000000  50.9900000  89.7200000 142.3600000
  51.2300000  88.4700000 144.2100000  50.9808996  87.6100922 144.6784527
  52.2800000  89.3000000 144.8200000  52.2226059  90.3078241 144.4078917
  52.0300000  89.4200000 146.3400000  52.8053027  90.0490244 146.7785956
  51.0663303  89.9055054 146.4971224  52.0200000  88.1800000 147.0100000
  52.9136862  87.8264677 147.0154902  53.6600000  88.7300000 144.4600000
  53.7800000  87.5300000 144.3000000  54.7000000  89.5600000 144.3300000
  54.5566391  90.5552254 144.4139735  56.0900000  89.0800000 144.1500000
  56.0494763  88.0009722 144.0270251  56.7200000  89.6700000 142.8600000
  55.9351119  90.1405627 142.2685086  57.4214830  90.4608346 143.1300875
  57.4400000  88.6500000 141.9500000  57.5300000  87.4600000 142.3200000
  57.7300000  88.9900000 140.7700000  56.9800000  89.3100000 145.3900000
  58.1600000  89.0000000 145.3900000  56.3900000  89.8500000 146.4600000
  55.4056025  90.0642340 146.4166799  57.0900000  90.1500000 147.7200000
  58.0685258  89.6758880 147.6862819  57.3100000  91.6600000 147.8400000
  56.3393690  92.1559576 147.8878483  57.8304296  91.8724263 148.7738772
  58.1200000  92.2500000 146.7000000  59.5100000  92.0100000 146.6300000
  59.9983868  91.4240044 147.3947712  60.2600000  92.5100000 145.5500000
  61.3234373  92.3265002 145.5017724  59.6300000  93.2500000 144.5400000
  60.2042169  93.6236802 143.7049279  58.2400000  93.4800000 144.6000000
  57.7521569  94.0368648 143.8135874  57.4900000  92.9900000 145.6800000
  56.4245391  93.1638642 145.7130568  56.3300000  89.6000000 148.9300000
  55.1000000  89.4900000 148.8800000  57.0300000  89.3300000 150.0600000
  58.4800000  89.3500000 150.2200000  58.8163684  90.3800863 150.3406047
  58.9877494  88.8809371 149.3775068  58.7800000  88.5600000 151.4900000
  59.6053539  89.0144085 152.0391007  59.0461954  87.5371759 151.2415995
  57.4900000  88.6100000 152.3100000  57.5865766  89.3935211 153.0624090
  57.2929895  87.6597769 152.8047602  56.3800000  88.9600000 151.3100000
  55.7951630  88.0714150 151.1223441  55.4600000  90.0800000 151.8100000
  55.9000000  91.1800000 152.1400000  54.1600000  89.7900000 151.8900000
  53.8680235  88.8644875 151.6036558  53.1100000  90.6900000 152.3900000
  53.5740543  91.5881018 152.7981341  52.1600000  91.1200000 151.2500000
  52.7537642  91.6536195 150.5062691  51.4700000  89.9500000 150.5500000
  50.8486948  90.3218386 149.7349083  52.2110966  89.2697543 150.1287675
  50.8454990  89.4087032 151.2567851  51.0900000  92.0900000 151.7800000
  50.5285844  92.5034114 150.9414482  50.3946518  91.5765445 152.4427627
  51.5673679  92.9116490 152.3147752  52.3600000  89.9900000 153.5200000
  52.1800000  88.7900000 153.4700000  51.9900000  90.7100000 154.5900000
  52.1759441  91.7024199 154.5985457  51.4300000  90.0800000 155.8100000
  51.3090433  90.8683133 156.5529612  50.0200000  89.5000000 155.5200000
  50.1059411  88.6398339 154.8583551  49.5933971  89.1429361 156.4583487
  49.0400000  90.4700000 154.9200000  48.0700000  90.1300000 153.9600000
  47.9196156  89.2206728 153.5416061  47.3600000  91.2500000 153.7600000
  46.5072096  91.3224109 153.0976765  47.8300000  92.2600000 154.5000000
  47.4498160  93.1979316 154.5354311  48.9000000  91.7900000 155.2400000
  49.4778776  92.3461478 155.9650289  52.3800000  89.0400000 156.4400000
  51.9300000  88.0800000 157.0600000  53.6900000  89.2200000 156.2500000
  53.9970252  90.0333928 155.7381749  54.7200000  88.2300000 156.6100000
  55.6990358  88.6989901 156.5122651  54.5883239  87.9476886 157.6551844
  54.7200000  86.9500000 155.7600000  55.4500000  86.0200000 156.0800000
  53.9100000  86.9000000 154.6900000  53.3515999  87.7140706 154.4852346
  53.7000000  85.7500000 153.8100000  54.1855222  84.8696683 154.2362686
  52.2000000  85.4700000 153.6800000  51.6187659  86.3750010 153.8376573
  51.9747659  85.0821392 152.6849380  51.8100000  84.4000000 154.6900000
  52.3132582  83.4683132 154.4328444  52.1374733  84.7059783 155.6842632
  50.0400000  84.0900000 154.7400000  49.4500000  85.6200000 155.5000000
  48.3854754  85.5402020 155.7033677  49.9837856  85.7917992 156.4348610
  49.6239692  86.4553630 154.8263598  54.3000000  85.9900000 152.4300000
  53.8500000  86.8600000 151.6800000  55.3400000  85.2300000 152.1100000
  55.6601003  84.5272187 152.7614801  55.9500000  85.2500000 150.7800000
  55.6727994  86.1989066 150.3433101  57.4800000  85.3400000 150.8500000
  57.7815246  86.1461244 150.1828538  57.7789607  85.6036099 151.8641089
  58.2900000  84.1100000 150.4300000  57.7968321  83.2033389 150.7823270
  58.3591993  84.0895843 149.3457371  59.7100000  84.1500000 151.0100000
  60.5500000  84.8900000 150.4600000  59.9400000  83.4400000 152.0200000
  55.3700000  84.1500000 149.8700000  55.1900000  83.0000000 150.2800000
  55.0500000  84.5000000 148.6100000  55.0500000  85.8400000 148.0500000
  56.0796786  86.1717729 147.9076106  54.5109277  86.5399117 148.6894763
  54.3500000  85.7500000 146.7200000  54.8664034  86.4150588 146.0374844
  53.2978132  85.9938803 146.8058323  54.5300000  84.3100000 146.2800000
  55.4194407  84.2583943 145.6487219  53.6818715  83.9511296 145.7192953
  54.7500000  83.5200000 147.5700000  53.8481419  82.9697754 147.8367368
  55.9100000  82.5600000 147.3500000  57.0400000  82.8200000 147.7500000
  55.6600000  81.4900000 146.6000000  54.7252322  81.3215517 146.2537607
  56.7400000  80.6200000 146.1500000  57.6852363  81.1249938 146.3431869
  56.7500000  79.3300000 146.9800000  56.5415673  79.5757080 148.0223683
  55.9653700  78.6608995 146.6242095  58.1000000  78.6000000 146.9400000
  58.0209317  77.6835144 147.5246259  58.2971207  78.3115630 145.9076015
  59.5300000  79.5500000 147.5600000  60.8400000  78.9000000 146.5000000
  60.8116192  79.4073554 145.5340649  61.8077489  79.0753889 146.9712475
  60.6968488  77.8288783 146.3503587  56.6900000  80.4200000 144.6500000
  55.6300000  80.4100000 144.0100000  57.8800000  80.3100000 144.0900000
  58.6988337  80.4171815 144.6740407  58.1200000  79.9800000 142.7000000
  57.3044430  79.3447546 142.3494116  58.0700000  81.2700000 141.8700000
  58.3913622  81.0249198 140.8679107  57.0280270  81.5845431 141.8644647
  58.9000000  82.4800000 142.2800000  59.6000000  82.5100000 143.2800000
  58.8000000  83.5400000 141.5200000  59.3005910  84.3771359 141.7832404
  58.2204467  83.5255786 140.6971580  59.4100000  79.1600000 142.5700000
  60.5100000  79.7000000 142.4400000  59.2800000  77.8400000 142.6600000
  58.3648137  77.4400436 142.8096883  60.3900000  76.9400000 142.3800000
  61.2271813  77.2227659 143.0210494  59.9800000  75.5000000 142.7300000
  58.9159886  75.3434372 142.5437820  60.5324206  74.7945738 142.1083374
  60.3000000  75.2100000 144.1900000  59.5800000  75.5000000 145.1200000
  61.5000000  74.7400000 144.4600000  61.7582386  74.5871613 145.4232163
  62.1353507  74.4998983 143.7155878  60.8800000  77.0800000 140.9200000
  60.2100000  77.6800000 140.0800000  62.0700000  76.5400000 140.6500000
  62.5762860  76.0633276 141.3811757  62.7200000  76.6800000 139.3500000
  63.0029042  77.7277079 139.2332083  64.0100000  75.8400000 139.3100000
  64.4971165  75.9601145 138.3415348  64.6923222  76.1747153 140.0923912
  63.7732071  74.7861997 139.4632478  61.8100000  76.2900000 138.1900000
  61.1000000  75.2800000 138.2300000  61.9000000  77.0800000 137.1300000
  62.5276764  77.8699139 137.1747331  61.1400000  76.9500000 135.9000000
  60.4614382  76.1091579 135.9956881  60.3000000  78.2100000 135.6600000
  59.7498240  78.0981976 134.7251090  59.3100000  78.5000000 136.7900000
  58.6406794  79.3076006 136.4920910  58.7166474  77.6066780 136.9849678
  59.8355242  78.7911431 137.6992525  61.1300000  79.3400000 135.5800000
  60.5903371  80.1021864 135.3575672  62.1000000  76.6500000 134.7500000
  63.3100000  76.8600000 134.8600000  61.5700000  76.0700000 133.6700000
  60.5832844  75.8560454 133.6724542  62.3100000  75.7800000 132.4300000
  63.2970798  76.2415351 132.4748641  62.4900000  74.2500000 132.2700000
  61.5066219  73.8067587 132.1117295  63.1013782  74.0428213 131.3902709
  63.1100000  73.5600000 133.5000000  62.5474452  73.8181674 134.3970635
  63.0281409  72.4821356 133.3747431  64.5900000  73.9000000 133.6900000
  65.1798081  73.2942927 132.9994941  64.7775525  74.9518417 133.4786862
  65.0000000  73.6200000 135.1300000  64.5653824  74.3807687 135.7803052
  64.6298035  72.6374322 135.4261234  66.4700000  73.6400000 135.2400000
  66.7525990  74.2737234 135.9736453  66.8109414  72.7091729 135.4361721
  66.8646052  73.9617572 134.3641539  61.5600000  76.4000000 131.2600000
  60.3400000  76.3000000 131.2000000  62.2700000  77.0900000 130.3700000
  63.2705101  77.1568997 130.4903772  61.7000000  77.6200000 129.1300000
  60.7016461  78.0152709 129.3198718  62.3317603  78.4358419 128.7773357
  61.6200000  76.5500000 128.0300000  61.9600000  75.4000000 128.2700000
  61.2200000  76.9300000 126.8100000  60.9374981  77.8835787 126.6360377
  61.3500000  76.0200000 125.6700000  60.8982075  75.0649152 125.9431416
  60.5700000  76.5600000 124.4700000  61.1142388  77.4125688 124.0660554
  60.5424968  75.7691511 123.7232089  58.8500000  77.0700000 124.7400000
  62.8200000  75.7600000 125.2700000  63.1300000  74.6900000 124.7700000
  63.7100000  76.7200000 125.5400000  63.3654278  77.5878134 125.9234769
  65.1700000  76.6700000 125.3200000  65.3276486  76.2778307 124.3144157
  65.7300000  78.1000000 125.3200000  65.4892629  78.5894037 126.2653279
  66.8148982  78.0720525 125.2125253  65.1500000  78.8800000 124.1600000
  64.1400000  79.5900000 124.3900000  65.6500000  78.6900000 123.0300000
  65.9400000  75.7300000 126.2700000  67.1600000  75.6500000 126.2100000
  65.2300000  75.0000000 127.1300000  64.2233730  75.0869935 127.1244547
  65.8000000  74.0400000 128.0700000  66.7466645  73.6837748 127.6605607
  66.0900000  74.6900000 129.4400000  65.4193578  75.5358767 129.6010241
  65.8986805  73.9592379 130.2274879  67.5500000  75.1500000 129.5800000
  68.2049523  74.2831225 129.4778506  67.7779412  75.8498157 128.7761282
  67.8500000  75.8400000 130.9200000  67.1000000  75.6100000 131.9100000
  68.8800000  76.5500000 131.0000000  64.9100000  72.8000000 128.2400000
  63.6800000  72.8500000 128.2300000  65.5700000  71.6600000 128.4500000
  66.5799933  71.6713037 128.4481409  64.9300000  70.4100000 128.8500000
  63.9586119  70.3402555 128.3592223  65.7700000  69.2300000 128.3600000
  65.3704331  68.3226603 128.7958385  65.7268188  69.1651754 127.2752910
  67.1100000  69.3300000 128.7700000  67.1602818  69.1311781 129.7094869
  64.7000000  70.3600000 130.3600000  65.3900000  71.0100000 131.1500000
  63.7000000  69.5800000 130.7800000  63.1551232  69.0630221 130.1050941
  63.3500000  69.4300000 132.2100000  63.5121985  70.3903604 132.6988563
  61.8800000  69.0600000 132.4200000  61.7066600  68.8613483 133.4790037
  61.0400000  70.2500000 132.0200000  59.9935522  70.0038714 132.1918243
  61.2910324  71.1133382 132.6343785  61.2110293  70.4906186 130.9704017
  61.3800000  67.8600000 131.6000000  60.3291557  67.6738436 131.8251453
  61.4812640  68.0629124 130.5350040  61.9443716  66.9667238 131.8606636
  64.2300000  68.4300000 132.9400000  64.5800000  68.6600000 134.1000000
  64.6000000  67.3500000 132.2600000  64.2997111  67.2750526 131.2990873
  65.4000000  66.2300000 132.7800000  65.9167633  66.5667846 133.6776503
  64.4800000  65.0300000 133.1000000  63.4372861  65.3435881 133.0267665
  64.6258833  64.2478812 132.3531246  64.6700000  64.4200000 134.5000000
  65.5700000  64.8600000 135.2400000  63.9100000  63.4700000 134.8200000
  66.4600000  65.8400000 131.7300000  66.2200000  66.0200000 130.5300000
  67.5800000  65.2400000 132.1300000  67.7289888  65.0736950 133.1163648
  68.6700000  64.8600000 131.2000000  68.8807607  65.7517827 130.6084149
  69.9800000  64.5500000 131.9500000  70.7784951  64.5441443 131.2075195
  70.1944872  65.3464179 132.6640569  69.9900000  63.1900000 132.6800000
  69.4004204  63.2782538 133.5941174  69.5113472  62.4435412 132.0506288
  71.3900000  62.6400000 133.0300000  72.4000000  63.3400000 132.7900000
  71.4700000  61.4600000 133.4600000  68.3000000  63.7600000 130.1700000
  69.1100000  63.3500000 129.3300000  67.0400000  63.3100000 130.1900000
  66.4204460  63.6997947 130.8850653  66.4700000  62.2900000 129.3000000
  67.1954472  62.0702912 128.5165815  66.2200000  60.9800000 130.0700000
  65.8125477  60.2490231 129.3700624  67.5300000  60.4100000 130.6200000
  67.3657066  59.3887787 130.9650735  68.2922273  60.3991656 129.8405128
  67.8811565  61.0052040 131.4615647  65.2200000  61.1500000 131.2200000
  65.0679404  60.1900786 131.7147613  65.5922117  61.8638444 131.9556466
  64.2575577  61.4935328 130.8408666  65.1900000  62.7400000 128.5800000
  64.8700000  62.1900000 127.5300000  64.4900000  63.7700000 129.0800000
  64.8263509  64.2190385 129.9197921  63.2900000  64.3500000 128.4600000
  62.7738928  63.5931900 127.8680088  62.3200000  64.8800000 129.5300000
  62.8738925  65.4959830 130.2394454  61.1700000  65.7100000 128.9500000
  60.4117555  65.8608207 129.7170767  61.5307848  66.6823326 128.6192449
  60.7252650  65.1840189 128.1053781  61.7200000  63.8200000 130.2300000
  61.4154035  64.1520815 131.0783924  63.7000000  65.5000000 127.5500000
  64.2200000  66.4900000 128.0400000  63.4800000  65.4000000 126.2400000
  63.0579717  64.5641097 125.8631168  63.8100000  66.4900000 125.3200000
  64.8749617  66.6669145 125.4161346  63.5600000  66.0100000 123.8800000
  63.8507450  66.7858903 123.1719961  64.1494001  65.1140731 123.6815938
  62.5017783  65.7841323 123.7435887  63.0900000  67.8200000 125.6400000
  62.0200000  67.8000000 126.2600000  63.6400000  68.9900000 125.2500000
  64.9100000  69.1800000 124.5700000  64.7904868  68.9536028 123.5102643
  65.7023167  68.5708738 125.0038445  65.2400000  70.6700000 124.7500000
  65.8444607  71.0516027 123.9269544  65.7564790  70.8210617 125.6974457
  63.8800000  71.3400000 124.8000000  63.5985899  71.6447320 123.7901618
  63.8927540  72.2058289 125.4610542  62.9200000  70.2600000 125.3200000
  62.6704140  70.4710293 126.3606213  61.6400000  70.2200000 124.4800000
  61.4200000  69.3100000 123.6900000  60.7800000  71.2300000 124.6300000
  60.9838356  71.9903372 125.2631394  59.6000000  71.3100000 123.7700000
  59.0729790  70.3579757 123.8570375  58.6400000  72.3800000 124.2700000
  59.1078190  73.3631718 124.2027600  57.7486042  72.3733009 123.6416624
  58.1700000  72.0500000 125.9800000  59.9800000  71.4900000 122.2900000
  60.9300000  72.2000000 121.9600000  59.2100000  70.8700000 121.4100000
  58.4409308  70.3053321 121.7410901  59.4200000  70.9500000 119.9600000
  60.4787322  70.7985598 119.7416111  58.6100000  69.8600000 119.2600000
  57.5915359  69.8334158 119.6504481  58.5781790  70.0557355 118.1877232
  59.2500000  68.6200000 119.4700000  58.7414891  67.9330036 119.0308735
  59.0000000  72.3200000 119.4200000  58.0900000  72.9400000 119.9400000
  59.5800000  72.7300000 118.2900000  60.3271392  72.1836789 117.8882505
  59.1500000  73.9400000 117.5800000  59.2074393  74.7670451 118.2783417
  60.1400000  74.2200000 116.4500000  61.1143288  74.4320815 116.8807884
  60.2343289  73.3059750 115.8638440  59.6800000  75.5300000 115.2900000
  57.7100000  73.8700000 117.0500000  57.0600000  74.8900000 116.8500000
  57.1600000  72.6600000 116.9000000  57.7080625  71.8362010 117.0923754
  55.7300000  72.4800000 116.6000000  55.5209733  72.9417842 115.6340560
  55.4200000  70.9700000 116.5100000  56.1117620  70.4899142 115.8162096
  55.5550289  70.5267970 117.4980604  53.9800000  70.7200000 116.0300000
  53.2960963  71.4042142 116.5282781  53.9218202  70.9263752 114.9608832
  53.4400000  69.3100000 116.3000000  54.0800000  68.3700000 116.7400000
  52.1700000  69.0900000 116.0300000  51.7974177  68.1621079 116.1399758
  51.5878389  69.8689617 115.7412338  54.8400000  73.1600000 117.6700000
  53.8200000  73.7500000 117.3400000  55.2500000  73.0700000 118.9400000
  56.1156155  72.5849341 119.1268972  54.5200000  73.5700000 120.1100000
  53.5369911  73.9156316 119.7870963  54.2800000  72.4100000 121.1100000
  55.2451874  72.1399453 121.5432347  53.6606175  72.7490847 121.9332721
  53.6500000  71.1300000 120.5300000  52.4000000  71.0300000 120.5100000
  54.4300000  70.2000000 120.1800000  55.2100000  74.7700000 120.8100000
  54.8200000  75.1600000 121.9100000  56.2800000  75.3400000 120.2300000
  56.6095570  74.9827258 119.3429548  56.9100000  76.5600000 120.7600000
  56.1154389  77.2107188 121.1046293  57.7700000  76.2200000 121.9800000
  57.1990671  75.5875211 122.6585957  58.6606792  75.6734877 121.6685862
  58.2600000  77.7100000 122.8900000  57.7100000  77.3600000 119.7200000
  58.6900000  76.8700000 119.1700000  57.3700000  78.6400000 119.5300000
  56.5831368  79.0220849 120.0378305  57.9700000  79.4800000 118.4700000
  58.0079367  78.8929053 117.5504963  57.0900000  80.7100000 118.2000000
  56.9674652  81.2798340 119.1218393  57.5878262  81.3468943 117.4684734
  55.8100000  80.3800000 117.6800000  55.2858963  80.0049782 118.3960592
  59.3900000  79.9900000 118.7500000  60.0300000  80.4800000 117.8200000
  59.9100000  79.9400000 119.9900000  59.3757044  79.5326130 120.7436041
  61.2300000  80.5400000 120.3100000  61.3328248  81.4282998 119.6867299
  61.2900000  81.0400000 121.7700000  60.3854685  81.6199832 121.9607767
  61.2900000  79.8700000 122.7700000  61.1908469  80.2466903 123.7886465
  60.4603626  79.2072209 122.5586297  62.2184504  79.3049042 122.6905430
  62.5100000  81.9500000 122.0800000  62.6331182  82.0166852 123.1619093
  63.4275572  81.5244274 121.6771969  62.3300000  83.3800000 121.5700000
  61.4229826  83.8153826 121.9906205  63.1868604  83.9821775 121.8736283
  62.2643288  83.3835218 120.4817650  62.4100000  79.6200000 119.9500000
  63.4600000  80.1100000 119.5500000  62.2400000  78.3000000 120.0300000
  61.3363480  77.9439310 120.3048130  63.3600000  77.3300000 119.9600000
  64.1612099  77.6961789 120.6046376  62.9400000  75.9400000 120.4800000
  63.8204601  75.2965744 120.5190218  62.3700000  76.0400000 121.8900000
  62.1991885  75.0368695 122.2813817  63.0808674  76.5595745 122.5330770
  61.4284219  76.5868466 121.8663365  61.8800000  75.2600000 119.6000000
  61.5561585  74.3261581 120.0604759  61.0186040  75.9102189 119.4702425
  62.3077336  75.0274283 118.6270503  63.9400000  77.1600000 118.5600000
  64.9700000  76.5100000 118.3800000  63.2300000  77.6500000 117.5500000
  62.3992856  78.1851043 117.7598044  63.4900000  77.3800000 116.1500000
  64.3532702  76.7185815 116.0668610  62.3300000  76.6300000 115.5300000
  62.4028274  76.6973800 114.4443137  62.4657566  75.5832671 115.7927588
  60.6600000  77.1200000 116.0300000  63.8200000  78.6600000 115.4000000
  63.0200000  79.5800000 115.2800000  65.0300000  78.6600000 114.8600000
  65.6290246  77.8583808 114.9960309  65.5600000  79.7800000 114.1100000
  64.9994384  80.6878637 114.3346325  66.5784051  79.9352682 114.4568956
  65.5100000  79.5400000 112.5900000  64.5600000  78.9600000 112.0700000
  66.5500000  79.9900000 111.8600000  67.7900000  80.5600000 112.3700000
  68.2192840  79.9472977 113.1626465  67.6069880  81.5748888 112.7246545
  68.7500000  80.5900000 111.1800000  69.3146273  79.6572488 111.1414927
  69.4244822  81.4453101 111.2269166  67.8100000  80.6700000 109.9800000
  68.2678574  80.2581252 109.0793732  67.5286201  81.7114551 109.8145629
  66.5800000  79.8800000 110.4100000  65.6903667  80.3501746 109.9886036
  66.6300000  78.4000000 109.9800000  67.4200000  77.6100000 110.5000000
  65.8000000  78.0500000 109.0000000  65.1715040  78.7389876 108.6147371
  65.8500000  76.7300000 108.3600000  65.8265329  75.9873753 109.1581316
  64.6200000  76.4900000 107.4700000  64.6877047  75.4775943 107.0720215
  63.7180967  76.5381946 108.0822609  64.4800000  77.4700000 106.3000000
  63.9402435  78.3506468 106.6507843  65.4500273  77.7907623 105.9258726
  63.7300000  76.8100000 105.1400000  64.4164221  76.1397292 104.6200713
  62.8954112  76.2176386 105.5196135  63.1900000  77.8400000 104.1400000
  63.9704965  78.5674112 103.9088118  62.9181548  77.3191318 103.2205847
  61.9900000  78.5300000 104.6700000  62.2400326  79.0551605 105.4962111
  61.6261917  79.1617980 103.9696730  61.2793832  77.8516053 104.9055015
  67.1600000  76.5500000 107.5700000  67.6900000  77.5400000 107.0600000
  67.6600000  75.3100000 107.4000000  67.1200000  74.0500000 107.9200000
  66.0842566  73.9004168 107.6209283  67.2037728  74.0446303 109.0070263
  68.0000000  72.9400000 107.3300000  67.5549888  72.5716181 106.4044904
  68.1463334  72.1215553 108.0351659  69.3100000  73.6600000 107.0200000
  69.8782083  73.1610681 106.2381173  69.9071361  73.7296813 107.9303848
  68.8500000  75.0600000 106.6100000  69.6279231  75.7774144 106.8774052
  68.5600000  75.1700000 105.1100000  67.4500000  74.8900000 104.6300000
  69.5800000  75.5800000 104.3600000  70.4514443  75.7961542 104.8233578
  69.5700000  75.7100000 102.9100000  68.8018060  75.0440291 102.5244368
  69.1770000  77.1480000 102.5150000  69.8519607  77.8428278 103.0183603
  69.2969028  77.2545652 101.4355360  67.7180000  77.4580000 102.8880000
  67.0579665  76.7612106 102.3700407  67.5867821  77.3447564 103.9615035
  67.2770000  78.8840000 102.5730000  66.1410000  79.2980000 102.6900000
  68.2070000  79.6930000 102.1260000  69.1547077  79.3645397 102.0202299
  67.9570443  80.6426817 101.8947946  70.9400000  75.3000000 102.3600000
  71.9600000  75.7000000 102.9200000  71.0000000  74.5200000 101.2700000
  69.8700000  73.9100000 100.5900000  69.3175375  74.6584403 100.0213650
  69.2074221  73.4171084 101.2987696  70.4700000  72.8800000  99.6600000
  70.3458753  73.1996701  98.6244258  69.9517147  71.9475256  99.8452841
  71.9500000  72.7900000 100.0100000  72.5654931  72.5774443  99.1347062
  72.0983590  72.0274988 100.7761807  72.2400000  74.1600000 100.6000000
  73.0583186  74.0850667 101.3162751  72.5600000  75.2000000  99.5100000
  71.6400000  75.7700000  98.9200000  73.8400000  75.4100000  99.1600000
  75.0300000  74.8000000  99.7400000  75.0112519  73.7167811  99.6150707
  75.0886797  75.0565912 100.7981210  76.2300000  75.4000000  99.0000000
  76.6216341  74.6693642  98.2913252  77.0130236  75.7044149  99.6952533
  75.6600000  76.6000000  98.2400000  76.1914375  76.7774585  97.3042554
  75.7063761  77.4848546  98.8766486  74.2000000  76.2200000  98.0100000
  73.6048520  77.1323561  97.9901543  73.9800000  75.3800000  96.7300000
  74.4600000  74.2500000  96.6700000  73.2600000  75.8900000  95.7100000
  72.3400000  77.0100000  95.7900000  72.8829367  77.9491921  95.9023799
  71.6624113  76.8673144  96.6307783  71.5300000  77.0200000  94.4900000
  71.9420300  77.7639027  93.8079623  70.4764687  77.2278529  94.6787574
  71.7300000  75.6100000  93.9200000  71.6558570  75.5963532  92.8319831
  70.9864938  74.9398434  94.3540229  73.1300000  75.2000000  94.4200000
  73.1477108  74.1173989  94.5453459  74.2500000  75.6400000  93.4600000
  74.1700000  76.7400000  92.9100000  75.3000000  74.8300000  93.2000000
  75.6700000  73.5800000  93.8400000  74.9284859  72.8031336  93.6525180
  75.7979176  73.7415695  94.9020596  77.0400000  73.1700000  93.2900000
  76.9262828  72.3840357  92.5434433  77.7043517  72.8331760  94.0864354
  77.5600000  74.4500000  92.6400000  78.2306975  74.2406160  91.8055338
  78.0670080  75.0587498  93.3903452  76.2900000  75.1600000  92.1900000
  76.4844918  76.2314031  92.1685576  75.7900000  74.6500000  90.8200000
  75.5900000  73.4500000  90.6500000  75.6400000  75.5200000  89.8100000
  75.6200000  76.9800000  89.8800000  76.5712817  77.3741004  90.2384115
  74.8073869  77.3019071  90.5299052  75.3500000  77.4700000  88.4600000
  76.2959085  77.7271578  87.9909861  74.6881004  78.3363577  88.4598060
  74.6900000  76.2600000  87.7800000  74.7917024  76.2616816  86.6960559
  73.6297839  76.2498573  88.0381640  75.3700000  75.0600000  88.4500000
  74.6604310  74.2313693  88.4624766  76.6600000  74.5800000  87.7500000
  76.6000000  73.7500000  86.8500000  77.8200000  75.1400000  88.1300000
  77.7869344  75.8161763  88.8778504  79.1400000  74.9100000  87.5100000
  79.7784000  75.7148779  87.8751760  79.7200000  73.6200000  88.1000000
  80.7626752  73.5121786  87.8001390  79.6720684  73.6529550  89.1891380
  79.1543050  72.7594305  87.7408003  79.2200000  75.0100000  85.9500000
  80.0100000  74.2800000  85.3400000  78.4800000  75.9100000  85.2600000
  77.5900000  76.9600000  85.7400000  78.1344966  77.7131242  86.3100776
  76.8156231  76.5206400  86.3325382  76.9000000  77.5800000  84.5300000
  77.3032743  78.5748419  84.3378213  75.8194243  77.6314811  84.6677045
  77.2700000  76.6300000  83.3900000  77.3200197  77.1192081  82.4230014
  76.5490775  75.8114545  83.3544804  78.6200000  76.0900000  83.8300000
  78.8115712  75.1417299  83.3258798  79.7700000  77.0700000  83.5800000
  79.9000000  78.0900000  84.2600000  80.6200000  76.7800000  82.6000000
  80.5013233  75.9336310  82.0628083  81.7600000  77.6500000  82.3000000
  82.2752040  77.8991238  83.2295851  82.7300000  76.8900000  81.4100000
  82.1810525  76.2793476  80.6932453  83.3244937  77.6085095  80.8461236
  83.6700000  76.0200000  82.1700000  83.3300000  75.0300000  83.0300000
  82.3217695  74.7083650  83.2522179  84.4800000  74.5100000  83.6000000
  84.4613169  73.7653477  84.2830508  85.6100000  75.1400000  83.1300000
  86.9800000  74.9900000  83.4100000  87.3190097  74.2432020  84.1124392
  87.9000000  75.8300000  82.7600000  88.9572317  75.7257547  82.9575136
  87.4500000  76.8100000  81.8600000  88.1613057  77.4597576  81.3710331
  86.0700000  76.9600000  81.6100000  85.7359876  77.7310075  80.9372488
  85.1200000  76.1200000  82.2200000  81.3200000  78.9600000  81.6600000
  81.9000000  80.0000000  81.9400000  80.3100000  78.8800000  80.7900000
  79.9093648  77.9674070  80.6312193  79.6100000  79.9900000  80.1500000
  79.2350808  79.5758800  79.2255811  78.3900000  80.3900000  80.9900000
  78.7051141  80.8040070  81.9482864  77.4300000  81.3500000  80.2800000
  76.5701435  81.5466936  80.9213089  77.9110028  82.2993956  80.0721268
  77.0804574  80.8970839  79.3549717  77.6000000  79.2500000  81.2000000
  76.8757531  79.4951194  81.7804142  80.5100000  81.1800000  79.7900000
  80.3400000  82.2800000  80.3100000  81.4900000  80.9600000  78.8900000
  81.5571704  80.0441730  78.4722423  82.6300000  81.8700000  78.6800000
  83.2213367  81.8532879  79.5962315  83.5500000  81.4000000  77.5200000
  82.9331682  81.3351104  76.6213772  84.6800000  82.3900000  77.2200000
  85.6316404  82.0752905  77.6491051  84.8095959  82.4684398  76.1392806
  84.4894797  83.3819253  77.6145212  84.2500000  80.0400000  77.7100000
  83.5243535  79.2672122  77.5257446  85.0195338  79.9138694  76.9459948
  84.8800000  79.8100000  79.0900000  84.1012236  79.7136720  79.8463189
  85.4567746  78.8871007  79.0557780  85.5456442  80.6292429  79.3600984
  82.1700000  83.3300000  78.5000000  82.6300000  84.2000000  79.2300000
  81.2600000  83.5800000  77.5500000  80.9174712  82.8101882  76.9957682
  80.7300000  84.9200000  77.2500000  81.0998179  85.6012768  78.0143277
  81.2900000  85.4100000  75.8800000  81.5858675  84.5412371  75.2891178
  80.4938338  85.8865126  75.3096910  82.4700000  86.4100000  75.8900000
  82.6932402  86.6495987  74.8492501  82.1300000  87.7200000  76.6000000
  81.8854182  88.4753656  75.8517593  81.2652470  87.6095823  77.2532752
  82.9688581  88.0890857  77.1923915  83.7600000  85.8600000  76.4900000
  84.5779307  86.5561919  76.3022111  83.6571927  85.7277916  77.5639559
  84.0009737  84.9128665  76.0114803  79.1900000  85.0300000  77.3500000
  78.6100000  85.9900000  76.8500000  78.5000000  84.0600000  77.9600000
  79.0078439  83.2950074  78.3815642  77.0300000  84.1000000  78.1700000
  76.8442395  84.2063624  79.2389107  76.6008890  84.9760085  77.6843838
  76.2600000  82.8800000  77.6700000  75.1600000  82.5900000  78.1500000
  76.8400000  82.1400000  76.7300000  77.7389716  82.4429860  76.3860337
  76.3400000  80.8600000  76.2200000  75.3650334  80.6406802  76.6568784
  76.1800000  80.9300000  74.6800000  77.0941162  81.3187173  74.2274148
  76.0373865  79.9135169  74.3113524  74.9700000  81.7600000  74.2300000
  74.0971257  81.4751936  74.8189487  75.1700000  83.2700000  74.3400000
  74.3686133  83.7945328  73.8185856  75.1286493  83.5886593  75.3775350
  76.1254021  83.5611310  73.9024176  74.6700000  81.4500000  72.7700000
  73.8344001  82.0564405  72.4194101  75.5438972  81.6516220  72.1490093
  74.3802660  80.4064682  72.6717291  77.2900000  79.7600000  76.6600000
  78.3400000  80.0600000  77.2000000  76.9300000  78.5000000  76.3800000
  76.0810900  78.4084111  75.8411881  77.3900000  77.2300000  76.9600000
  76.9157394  77.1099906  77.9344260  76.8400000  76.1600000  76.0100000
  75.7808276  76.3518946  75.8257394  77.3618292  76.2341228  75.0529928
  76.9600000  74.7500000  76.5400000  76.4200000  74.5100000  77.6400000
  77.2700000  73.8700000  75.7200000  78.9000000  76.9800000  77.1300000
  79.3000000  75.9100000  77.5700000  79.7800000  77.9000000  76.7400000
  79.4080421  78.7716484  76.3948851  81.2300000  77.7600000  76.6600000
  81.6141098  78.7310060  76.3469053  81.8000000  77.4900000  78.0600000
  82.8652403  77.2748625  77.9817477  81.6636296  78.3547197  78.6934673
  81.3460919  76.6220047  78.5282839  81.6900000  76.7600000  75.5900000
  82.7700000  76.9200000  75.0400000  80.8300000  75.8300000  75.1700000
  79.9475736  75.7280642  75.6511166  81.1200000  74.8700000  74.1100000
  82.2032867  74.7862893  74.0501395  80.5600000  73.5000000  74.5000000
  80.5146918  73.4002038  75.5850028  79.5484883  73.3890615  74.1096343
  81.4600000  72.3900000  73.9400000  81.0242127  71.4262554  74.2052500
  81.4610281  72.4744892  72.8556752  83.2000000  72.4000000  74.5000000
  82.9800000  72.2700000  76.3000000  83.9552657  72.1615238  76.7737673
  82.4992690  73.1709784  76.6805775  82.3668970  71.3989458  76.5299455
  80.6500000  75.3500000  72.7300000  81.4000000  75.2500000  71.7700000
  79.4800000  76.0100000  72.6700000  78.9005911  76.0732685  73.4943829
  79.0400000  76.7200000  71.4500000  78.8509430  75.9958608  70.6560271
  77.7400000  77.5100000  71.7400000  77.8810573  78.0914397  72.6530676
  77.6063673  78.2254450  70.9268936  76.4200000  76.7400000  71.8600000
  76.3600000  75.3400000  71.8800000  77.2583800  74.7437957  71.8305486
  75.1200000  74.6800000  71.9800000  75.0846367  73.6026777  72.0111151
  73.9300000  75.4300000  72.0600000  72.7500000  74.7700000  72.1800000
  72.8276477  73.8276049  72.0016143  73.9800000  76.8400000  72.0300000
  73.0674198  77.4158321  72.0828189  75.2200000  77.4900000  71.9200000
  75.2607912  78.5662594  71.8752763  80.1200000  77.7100000  70.9500000
  80.2900000  77.8900000  69.7500000  80.8600000  78.3200000  71.8800000
  80.6913442  78.1025062  72.8510040  81.8700000  79.3500000  71.5800000
  81.5561736  79.8706245  70.6733767  81.9600000  80.4100000  72.6900000
  82.1573538  79.9242971  73.6474746  83.0700000  81.4200000  72.4100000
  83.0459002  82.2138519  73.1574322  84.0480716  80.9421287  72.4672828
  82.9396769  81.8596416  71.4199718  80.6300000  81.1800000  72.7800000
  80.7070410  81.9664520  73.5312027  80.3869914  81.6301251  71.8164781
  79.8238842  80.5069027  73.0742495  83.2300000  78.7500000  71.2900000
  83.8100000  79.1200000  70.2700000  83.7500000  77.8200000  72.1100000
  83.2519509  77.5369681  72.9429760  85.0300000  77.1700000  71.8100000
  85.7888747  77.9519905  71.7496702  85.4800000  76.1800000  72.9200000
  84.6654839  75.4782363  73.1098061  86.7300000  75.3900000  72.4800000
  87.6446505  75.9204382  72.7623187  86.7224741  74.4180744  72.9830710
  86.7614164  75.1889985  71.4089820  85.8300000  76.9500000  74.2200000
  86.6830190  77.6024660  74.0272474  85.0108933  77.6024304  74.5060986
  86.1800000  76.0400000  75.4100000  87.0894146  75.4748794  75.2058157
  86.3396688  76.6531511  76.2971795  85.3572534  75.3498420  75.6005753
  84.9400000  76.5300000  70.4200000  85.8400000  76.7300000  69.6100000
  83.8300000  75.8600000  70.0800000  83.0846534  75.7450356  70.7529393
  83.6800000  75.2300000  68.7600000  84.6292378  74.7610498  68.5329231
  82.6300000  74.1300000  68.8200000  81.7228492  74.4971702  69.2985087
  82.3851853  73.7999007  67.8091508  83.2100000  72.9400000  69.5900000
  83.4678150  73.2576347  70.5993713  82.4512190  72.1723399  69.6802037
  84.6300000  72.1700000  68.7700000  85.8500000  72.3200000  70.0900000
  86.6719797  72.9475457  69.7464784  85.4164420  72.7621402  70.9855370
  86.2348712  71.3297462  70.3341132  83.4100000  76.1800000  67.6000000
  83.9700000  75.9800000  66.5200000  82.6200000  77.2400000  67.7700000
  82.1492875  77.3965355  68.6507516  82.5100000  78.2500000  66.7100000
  82.1813688  77.7514980  65.7968140  81.4300000  79.2800000  67.0800000
  80.4883725  78.7516737  67.2298029  81.7024827  79.7521286  68.0251954
  81.2000000  80.3600000  66.0700000  82.0900000  81.3100000  65.7200000
  83.0795977  81.4207404  66.1315274  81.5600000  82.1200000  64.7400000
  82.0656618  82.8912588  64.3284881  80.2800000  81.7400000  64.4200000
  79.3400000  82.2400000  63.5000000  79.5752353  83.0986433  62.8888814
  78.0900000  81.6100000  63.3900000  77.3531772  81.9808872  62.6921501
  77.8000000  80.5000000  64.2000000  76.8406851  80.0121979  64.1073228
  78.7500000  80.0000000  65.1200000  78.5038346  79.1464516  65.7330300
  80.0100000  80.6100000  65.2500000  83.8700000  78.8900000  66.4200000
  84.2400000  79.0900000  65.2600000  84.6700000  79.1700000  67.4600000
  84.3418991  78.9709615  68.3949657  86.0200000  79.7400000  67.3200000
  85.9555129  80.5949832  66.6507381  86.5300000  80.2200000  68.7000000
  86.2115289  79.4868442  69.4406160  88.0700000  80.2300000  68.8100000
  88.3715368  80.5903927  69.7941128  88.4737297  79.2237249  68.6983504
  88.4946068  80.8813218  68.0448966  85.9800000  81.6000000  69.1500000
  85.3267177  81.4294827  70.0063373  86.7967579  82.2257671  69.5113344
  85.1800000  82.4400000  68.1400000  84.2762092  81.9095870  67.8511076
  84.8887597  83.3790356  68.6114247  85.7901301  82.6684867  67.2658033
  86.9800000  78.7700000  66.6100000  87.6700000  79.1900000  65.6800000
  87.0200000  77.5000000  67.0000000  86.4448273  77.1945125  67.7727561
  87.8900000  76.5100000  66.3400000  88.9069679  76.9037930  66.3301532
  87.9200000  75.1600000  67.0600000  88.5129071  74.4648954  66.4644962
  88.5500000  75.2400000  68.4500000  87.9607591  75.8356886  69.1340501
  88.6632097  74.2331564  68.8539701  89.5392392  75.6922212  68.3699363
  86.6200000  74.6500000  67.1700000  86.0942624  75.2660266  67.6886021
  87.4700000  76.2800000  64.8900000  88.3200000  76.1400000  64.0300000
  86.1600000  76.3100000  64.6100000  85.4910268  76.4311585  65.3574545
  85.6500000  76.1800000  63.2500000  86.1136417  75.2962712  62.8117224
  84.1300000  75.9700000  63.2800000  83.9042920  75.1235745  63.9295535
  83.6481971  76.8546185  63.6982543  83.5600000  75.6700000  61.9100000
  84.0800000  74.5800000  61.1700000  84.8514949  73.9441792  61.5795452
  83.6000000  74.3400000  59.8700000  84.0056501  73.5218645  59.2938914
  82.5700000  75.1300000  59.3300000  82.0700000  74.8300000  58.1100000
  82.7626893  74.5178132  57.4886187  82.0500000  76.2100000  60.0700000
  81.2738565  76.8317853  59.6485713  82.5700000  76.4900000  61.3600000
  82.1792851  77.3253888  61.9223408  86.0100000  77.3900000  62.3800000
  86.4900000  77.2000000  61.2700000  85.8900000  78.6100000  62.9000000
  85.5114159  78.7309671  63.8304313  86.3500000  79.8000000  62.1700000
  85.9065692  79.7676918  61.1761550  85.9000000  81.0900000  62.8600000
  86.1956067  81.0720263  63.9099254  86.4045832  81.9295124  62.3798173
  84.3900000  81.3400000  62.7600000  83.8703355  80.6253526  63.3934519
  84.1800928  82.3400736  63.1389252  83.7000000  81.1900000  61.0800000
  81.9800000  81.6500000  61.4100000  81.4247462  81.6708680  60.4725341
  81.5325283  80.9115295  62.0749812  81.9465600  82.6358941  61.8722196
  87.8600000  79.7900000  61.9500000  88.3100000  80.1300000  60.8500000
  88.6400000  79.3200000  62.9300000  88.2247521  79.0379723  63.8070766
  90.0800000  79.1100000  62.7400000  90.5132596  80.0383639  62.3835431
  90.7500000  78.7900000  64.0800000  91.8226153  78.6623228  63.9306714
  90.5841260  79.6100080  64.7792762  90.3362991  77.8727304  64.4982513
  90.3700000  78.0200000  61.6900000  91.2500000  78.1900000  60.8600000
  89.6100000  76.9300000  61.6400000  88.8652743  76.7934683  62.3087268
  89.7900000  75.9400000  60.5900000  90.8494436  75.6807195  60.5520335
  89.0400000  74.6600000  60.9400000  89.4664307  74.2259458  61.8453263
  87.9924960  74.8912548  61.1369158  89.1200000  73.6600000  59.8100000
  90.2300000  72.8000000  59.7100000  90.9846906  72.7871990  60.4819375
  90.3400000  71.9400000  58.6000000  91.1824889  71.2691297  58.5197627
  89.3800000  71.9800000  57.5800000  89.4784402  71.3310533  56.7215236
  88.3100000  72.8900000  57.6500000  87.5920578  72.9473967  56.8448794
  88.1600000  73.7000000  58.7900000  87.3294562  74.3888678  58.8498846
  89.4100000  76.4900000  59.2000000  90.1700000  76.3500000  58.2500000
  88.2600000  77.1800000  59.0900000  87.6841098  77.3072591  59.9080208
  87.7800000  77.7600000  57.8300000  87.7071511  76.9527584  57.0992217
  86.3500000  78.3100000  58.0600000  85.7216642  77.4583893  58.3263278
  86.3512586  78.9904356  58.9131083  85.7300000  79.0300000  56.8400000
  86.1302722  78.5888709  55.9359868  84.2200000  78.8400000  56.8100000
  83.9836925  77.7791652  56.7207861  83.7714927  79.2279645  57.7257169
  83.7981745  79.3625253  55.9510045  86.0200000  80.5400000  56.8400000
  86.0370575  80.9036831  55.8102791  85.2504007  81.0808003  57.3949405
  86.9811470  80.7600475  57.3010635  88.7700000  78.8000000  57.2700000
  89.0700000  78.7400000  56.0800000  89.3200000  79.6800000  58.1200000
  89.0552899  79.6649257  59.0954827  90.2700000  80.7000000  57.6600000
  89.8018634  81.1937663  56.8069719  90.4700000  81.8000000  58.7300000
  90.8467271  82.6954987  58.2338586  89.4849797  82.0536632  59.1245281
  91.4100000  81.4700000  59.9000000  91.2923827  80.4246433  60.1342529
  92.9000000  81.7500000  59.6200000  93.5013353  81.4477516  60.4778368
  93.2576919  81.2107345  58.7488643  93.0498177  82.8152601  59.4436550
  91.0700000  82.2600000  61.1600000  91.7202768  81.9593848  61.9821196
  91.1971396  83.3275088  60.9770602  90.0346881  82.0804543  61.4471281
  91.5800000  80.0700000  57.1400000  92.1000000  80.5100000  56.1200000
  92.0900000  79.0300000  57.8100000  91.6245166  78.6883472  58.6402790
  93.3600000  78.3900000  57.4100000  94.0439119  79.1788456  57.0933664
  94.0500000  77.6200000  58.5600000  93.4522227  76.7433029  58.8147950
  95.4600000  77.1800000  58.1500000  95.9612145  76.6931949  58.9877420
  95.4063602  76.4607115  57.3333430  96.0501998  78.0387294  57.8275438
  94.2600000  78.4500000  59.8300000  94.5788696  77.8035939  60.6484776
  95.0193529  79.2147933  59.6600592  93.3539619  78.9631242  60.1204899
  93.1500000  77.4600000  56.2300000  93.9600000  77.4500000  55.3100000
  92.0600000  76.6800000  56.2100000  91.4038953  76.7342822  56.9739303
  91.7900000  75.7100000  55.1500000  92.6865522  75.1028300  55.0151452
  90.6500000  74.7700000  55.5800000  90.9407409  74.2521611  56.4947840
  89.7533602  75.3555114  55.7892202  90.3400000  73.7500000  54.5100000
  89.2500000  73.9500000  53.6400000  88.5804793  74.7857792  53.7872779
  89.0700000  73.1100000  52.5300000  88.2587082  73.2980579  51.8461047
  89.9800000  72.0600000  52.3000000  89.8811086  71.4429367  51.4207329
  91.0300000  71.8200000  53.2000000  91.7183951  71.0061742  53.0248029
  91.2100000  72.6700000  54.3000000  92.0497641  72.5163249  54.9612191
  91.4800000  76.3900000  53.8100000  92.1200000  76.0800000  52.8100000
  90.5800000  77.3800000  53.7900000  90.0836539  77.6353780  54.6330856
  90.3800000  78.1900000  52.5800000  90.2743834  77.5069723  51.7376815
  89.0900000  79.0000000  52.6500000  88.9962983  79.4761737  53.6250412
  89.1468394  79.8002538  51.9117077  87.8500000  78.1800000  52.3300000
  87.5200000  77.8700000  51.0000000  88.1528266  78.2106001  50.1931813
  86.3700000  77.1200000  50.7100000  86.1162670  76.8908127  49.6852549
  85.5300000  76.6900000  51.7600000  84.6388049  76.1188370  51.5428552
  85.8700000  76.9900000  53.0900000  85.2433087  76.6440812  53.8989159
  87.0400000  77.7100000  53.3700000  87.3296175  77.8989589  54.3873107
  91.5900000  79.0700000  52.2900000  91.9500000  79.1900000  51.1200000
  92.2800000  79.6300000  53.2900000  91.9595965  79.5084386  54.2408238
  93.5200000  80.3800000  53.0800000  93.2995045  81.2677932  52.4860983
  93.9022820  80.7029891  54.0482749  94.6000000  79.5700000  52.3800000
  95.1800000  80.0300000  51.4000000  94.8200000  78.3200000  52.8100000
  94.2838243  77.9855174  53.5963022  95.7300000  77.3700000  52.1800000
  96.7010911  77.8519816  52.0614768  95.9100000  76.1600000  53.1000000
  96.6006686  75.4520651  52.6412781  96.3194237  76.4821210  54.0582740
  94.9513092  75.6670988  53.2658960  95.2300000  76.9400000  50.7900000
  96.0200000  76.9000000  49.8600000  93.9300000  76.6800000  50.6200000
  93.3041509  76.7382476  51.4114083  93.3500000  76.3500000  49.3100000
  93.8720735  75.4759840  48.9180988  91.8700000  75.9800000  49.4700000
  91.7882409  75.1073470  50.1197903  91.3485991  76.8043146  49.9527198
  91.1800000  75.6800000  48.1500000  90.4500000  76.6800000  47.4900000
  90.3730519  77.6694646  47.9185292  89.8400000  76.4100000  46.2500000
  89.2757558  77.1800147  45.7444277  89.9600000  75.1400000  45.6800000
  89.4904375  74.9310484  44.7300452  90.6700000  74.1300000  46.3400000
  90.7507268  73.1484675  45.8960416  91.2900000  74.4000000  47.5800000
  91.8406989  73.6215485  48.0876840  93.5400000  77.5000000  48.3100000
  94.0300000  77.2600000  47.2000000  93.2500000  78.7400000  48.6900000
  92.8811313  78.8909206  49.6151986  93.4900000  79.9200000  47.8600000
  93.0231053  79.7449776  46.8909600  92.8300000  81.1600000  48.4900000
  93.0873491  81.2092272  49.5491433  93.2491248  82.0483776  48.0151585
  91.3200000  81.2300000  48.3100000  90.7700000  81.2600000  47.0200000
  91.4105728  81.2212907  46.1514030  89.3700000  81.3300000  46.8500000
  88.9483294  81.3622375  45.8559868  88.5300000  81.3700000  47.9700000
  87.4578625  81.4112609  47.8405058  89.0800000  81.3600000  49.2600000
  88.4320705  81.4172447  50.1228390  90.4700000  81.3000000  49.4300000
  90.8823266  81.3280559  50.4259895  94.9800000  80.1500000  47.6000000
  95.3300000  80.4900000  46.4700000  95.8600000  79.9200000  48.5700000
  95.5250282  79.6401864  49.4816550  97.3100000  80.0200000  48.3800000
  97.5328624  81.0012193  47.9587164  98.0100000  79.9300000  49.7400000
  99.0879269  80.0191867  49.6018530  97.6695211  80.7405841  50.3848694
  97.7902463  78.9739586  50.2146902  97.8300000  78.9500000  47.4000000
  98.5900000  79.2900000  46.4900000  97.4000000  77.6900000  47.5200000
  96.7612807  77.4695146  48.2700940  97.7400000  76.6000000  46.5900000
  98.8252969  76.5657103  46.4858747  97.2700000  75.2300000  47.1200000
  96.2132916  75.2934014  47.3846547  97.4500000  74.0900000  46.1000000
  97.1892755  73.1361307  46.5589402  96.7921486  74.2401053  45.2444915
  98.4849002  74.0521461  45.7573955  98.0700000  74.8200000  48.3700000
  99.1120597  74.6400288  48.1046358  98.0419645  75.6033202  49.1239325
  97.6479909  73.9112172  48.7996048  97.1500000  76.8700000  45.2100000
  97.8300000  76.6500000  44.2100000  95.9100000  77.3700000  45.1200000
  95.3904775  77.5513291  45.9663219  95.2700000  77.7100000  43.8500000
  95.3142545  76.8332760  43.2024973  93.7900000  78.0400000  44.0900000
  93.3024021  77.1697522  44.5315563  93.7205817  78.8583022  44.8065932
  93.0300000  78.4300000  42.8600000  92.5100000  77.5800000  41.9500000
  92.5762227  76.5022837  42.0001527  91.8900000  78.2900000  40.9500000
  91.4109297  77.8422058  40.1803673  91.9700000  79.6500000  41.1600000
  91.4700000  80.7600000  40.4600000  90.9049129  80.6220855  39.5500359
  91.6900000  82.0500000  40.9800000  91.2946434  82.9154988  40.4697243
  92.4300000  82.2100000  42.1700000  92.5995087  83.1981996  42.5735356
  92.9300000  81.0800000  42.8500000  93.4830859  81.2176400  43.7674073
  92.7000000  79.7700000  42.3800000  96.0000000  78.8500000  43.1400000
  96.3400000  78.7400000  41.9600000  96.3300000  79.9200000  43.8800000
  96.0346808  79.9477808  44.8448878  97.1600000  81.0200000  43.4000000
  96.6871347  81.4375189  42.5098187  97.2400000  82.1200000  44.4600000
  97.3882114  81.6866720  45.4496950  98.0848479  82.7708320  44.2322881
  95.7300000  83.1200000  44.4200000  96.1071074  83.9972817  45.3647542
  98.5600000  80.5300000  42.9900000  99.0200000  80.9300000  41.9300000
  99.2100000  79.6600000  43.7700000  98.7739398  79.3522940  44.6274878
 100.5300000  79.1100000  43.4400000 101.2122464  79.9438988  43.2684433
 101.0700000  78.2900000  44.6200000 101.0160474  78.9005129  45.5219279
 100.4366545  77.4166162  44.7781177 102.5100000  77.8400000  44.4500000
 102.8100000  76.5600000  43.9400000 102.0152376  75.8894662  43.6469941
 104.1500000  76.1600000  43.8100000 104.3774647  75.1788290  43.4195207
 105.2000000  77.0200000  44.2000000 106.4900000  76.6200000  44.0900000
 106.5771164  75.7343691  43.7286639 104.9000000  78.3100000  44.7000000
 105.6959685  78.9808889  44.9861583 103.5500000  78.7100000  44.8200000
 103.3198899  79.6858438  45.2229621 100.4800000  78.2600000  42.1700000
 101.2800000  78.4800000  41.2600000  99.4900000  77.3600000  42.0500000
  98.8421010  77.2549049  42.8166133  99.2700000  76.5200000  40.8600000
 100.1934617  75.9692818  40.6740985  98.1500000  75.5000000  41.1500000
  98.2798979  75.1241547  42.1651455  97.1790858  75.9950799  41.0922517
  98.1700000  74.2800000  40.2200000  98.0373787  74.6099634  39.1885831
  99.1360397  73.7811224  40.3081153  97.0500000  73.2800000  40.5800000
  97.1568768  72.9885916  41.6258925  96.0856806  73.7743185  40.4521842
  97.0900000  72.0600000  39.7400000  97.9238707  71.9387208  39.1851862
  96.1500000  71.1300000  39.6300000  95.0300000  71.1800000  40.2900000
  94.8402423  71.9641662  40.8943886  94.3212837  70.4737195  40.1516169
  96.3500000  70.1300000  38.8200000  95.6361062  69.4262880  38.7008390
  97.2066693  70.0772377  38.2878857  98.9800000  77.3900000  39.6300000
  99.5900000  77.1500000  38.5900000  98.1400000  78.4300000  39.7700000
  97.6948727  78.5680556  40.6659239  97.8700000  79.4200000  38.7200000
  97.5463157  78.8706526  37.8341141  96.7100000  80.3300000  39.1600000
  95.8988238  79.7040180  39.5346650  97.0430616  80.9844441  39.9664929
  96.1500000  81.1800000  38.0000000  96.9315778  81.8406316  37.6228001
  95.8282458  80.5180935  37.1943602  94.9600000  82.0300000  38.4600000
  94.1716310  81.3787064  38.8406554  95.2823108  82.7041633  39.2554627
  94.4200000  82.8500000  37.2800000  95.2218824  83.4742554  36.8832118
  94.0922745  82.1638818  36.4970321  93.2800000  83.7100000  37.6900000
  92.5483433  83.1411187  38.0936075  93.5919769  84.3810017  38.3787295
  92.9133966  84.1966963  36.8830476  99.1200000  80.2300000  38.3300000
  99.3400000  80.4500000  37.1500000  99.9700000  80.6100000  39.2900000
  99.7598607  80.3793826  40.2506511 101.2300000  81.3400000  39.0300000
 100.9760260  82.1945137  38.4012345 101.8200000  81.8600000  40.3500000
 101.0558302  81.8641413  41.1187812 102.6255284  81.2058672  40.6893971
 102.3300000  83.3000000  40.2300000 103.1781467  83.3346803  39.5450824
 101.5302305  83.9366830  39.8487506 102.7500000  83.8000000  41.6100000
 101.9158088  83.6789104  42.3032222 103.5922156  83.2032553  41.9643143
 103.1400000  85.2300000  41.5800000 103.1298939  85.6698853  40.6709016
 103.5100000  85.9600000  42.6100000 103.5600000  85.5000000  43.8300000
 103.3184818  84.5379769  44.0135717 103.8508548  86.0963718  44.5896773
 103.8300000  87.2100000  42.4400000 103.7866371  87.6320278  41.5292855
 104.1263780  87.7638710  43.2287402 102.2400000  80.4900000  38.2700000
 102.8600000  81.0000000  37.3500000 102.3800000  79.2100000  38.6300000
 101.8429880  78.8511742  39.4056894 103.2600000  78.2800000  37.9100000
 104.2101967  78.7935395  37.7523343 103.5600000  77.0400000  38.7800000
 102.8745046  76.9945361  39.6268692 103.3844137  76.1402848  38.1883470
 104.9900000  77.0000000  39.2900000 105.9900000  76.3200000  38.5600000
 105.7390143  75.8072115  37.6419482 107.3100000  76.2900000  39.0300000
 108.0693873  75.7765645  38.4592189 107.6500000  76.9500000  40.2300000
 108.9400000  76.9300000  40.6800000 109.5266242  76.4437970  40.0970531
 106.6600000  77.6500000  40.9600000 106.9188696  78.1563294  41.8776729
 105.3300000  77.6600000  40.4900000 104.5730680  78.1969528  41.0434611
 102.7300000  77.9200000  36.5100000 103.4900000  77.9800000  35.5500000
 101.4200000  77.6400000  36.3600000 100.8129252  77.6244243  37.1665995
 100.8400000  77.2800000  35.0500000 101.4439468  76.4665245  34.6431249
  99.4000000  76.7600000  35.2200000  99.1171332  76.7478192  36.2665800
  98.7051247  77.4441193  34.7304149  99.1800000  75.3700000  34.6600000
  98.8900000  75.1900000  33.2900000  98.8236512  76.0463135  32.6338804
  98.7000000  73.9000000  32.7700000  98.4734760  73.7662775  31.7222435
  98.8100000  72.7800000  33.6200000  98.6745087  71.7858692  33.2191340
  99.1100000  72.9500000  34.9800000  99.2085156  72.0890065  35.6241350
  99.2900000  74.2500000  35.5000000  99.5258449  74.3797087  36.5458132
 100.8700000  78.4300000  34.0200000 100.9100000  78.1800000  32.8200000
 100.8700000  79.6800000  34.4700000 100.8098836  79.8443925  35.4650568
 101.0800000  80.8500000  33.5900000 100.4835134  80.7036872  32.6888764
 100.5500000  82.1300000  34.2800000 100.9708252  82.1939165  35.2850758
 100.8800000  83.4300000  33.5300000 100.3883151  84.2764803  34.0102609
 101.9540776  83.6132003  33.5535962 100.5485642  83.3622104  32.4927160
  99.0200000  82.0900000  34.3800000  98.6655432  82.9199759  34.9915755
  98.5782303  82.1626844  33.3850890  98.6834041  81.1583737  34.8297591
 102.5400000  80.9800000  33.1300000 102.7900000  81.5800000  32.0900000
 103.5000000  80.3800000  33.8400000 103.2367564  79.8614676  34.6660639
 104.9300000  80.4100000  33.5000000 105.1756784  81.4210027  33.1716771
 105.7400000  80.1200000  34.7700000 105.2955684  80.6591515  35.6077590
 105.7139042  79.0526569  34.9881712 107.0800000  80.5300000  34.6500000
 107.4940623  80.0045829  33.9596484 105.3000000  79.4400000  32.3700000
 106.3000000  79.6500000  31.6800000 104.5000000  78.3900000  32.1200000
 103.6663781  78.2731503  32.6781578 104.8700000  77.2700000  31.2300000
 105.9274032  77.3932547  30.9985947 104.7700000  75.9400000  32.0000000
 104.9779661  76.1439401  33.0514745 103.7598542  75.5348681  31.9255826
 105.8000000  74.9000000  31.5300000 105.4736280  74.4764821  30.5797139
 106.7545495  75.4020521  31.3637042 106.0500000  73.7500000  32.5300000
 107.0500000  73.0300000  32.3200000 105.2600000  73.6000000  33.5000000
 104.1700000  77.3000000  29.8500000 104.1200000  76.3000000  29.1300000
 103.6800000  78.4600000  29.4100000 103.7316318  79.2679569  30.0142840
 103.2100000  78.6700000  28.0300000 102.6594881  77.7780747  27.7288315
 102.2000000  79.8400000  27.9500000 102.5811624  80.6864564  28.5240325
 102.1160600  80.1671746  26.9129856 100.8000000  79.5000000  28.4000000
  99.9200000  78.8300000  27.5200000 100.2571700  78.5406718  26.5350098
  98.6000000  78.5400000  27.9200000  97.9316070  78.0300692  27.2424528
  98.1600000  78.9100000  29.2100000  96.8900000  78.6300000  29.5900000
  96.3937090  78.1738343  28.9073242  99.0400000  79.5800000  30.0900000
  98.7094693  79.8563540  31.0804268 100.3500000  79.8700000  29.6800000
 101.0178126  80.3819193  30.3565547 104.3600000  78.8200000  27.0100000
 104.5500000  79.8700000  26.4000000 105.0800000  77.7200000  26.7300000
 104.9395400  76.9023966  27.3099926 105.6300000  77.4800000  25.3800000
 105.4274553  78.3611195  24.7817679 107.1500000  77.3200000  25.3300000
 107.4173333  77.0121255  24.3184913 107.8900000  78.6200000  25.6200000
 108.9644818  78.4607247  25.5259452 107.5832296  79.3850762  24.9069439
 107.6645141  78.9620940  26.6305891 107.6300000  76.3400000  26.2200000
 107.1481152  75.5225674  26.0676217 104.9000000  76.2900000  24.7400000
 104.7900000  75.2400000  25.3600000 104.3400000  76.4300000  23.5200000
 104.3400000  77.6000000  22.6500000 105.2700687  77.6552495  22.0833681
 104.1958506  78.5112315  23.2280243 103.1400000  77.4500000  21.7000000
 103.4962020  77.2576616  20.6876488 102.5138783  78.3428448  21.7085774
 102.3700000  76.2400000  22.2300000 101.8944823  75.6750967  21.4267650
 101.6187151  76.5786119  22.9451588 103.4300000  75.4200000  22.9700000
 102.9421132  74.8487102  23.7610734 104.1700000  74.4600000  22.0200000
 104.5600000  74.8800000  20.9400000 104.3200000  73.1800000  22.4000000
 103.9985653  72.8958069  23.3151693 104.7900000  72.1200000  21.4900000
 104.5825906  72.4440577  20.4685275 106.3200000  71.9000000  21.5700000
 106.5796467  71.5722633  22.5783149 106.7300000  70.8000000  20.5800000
 107.8048418  70.6309719  20.6154261 106.2557850  69.8558288  20.8439034
 106.4417771  71.0784254  19.5651713 107.1000000  73.2100000  21.2600000
 106.7872637  73.5911165  20.2871691 106.8438101  73.9504807  22.0167207
 108.6300000  73.1200000  21.2600000 108.9776217  72.5741538  20.3831104
 109.0501351  74.1257969  21.2301646 108.9723993  72.6177100  22.1656347
 103.9900000  70.8200000  21.7100000 104.1800000  70.1100000  22.6800000
 103.0700000  70.5700000  20.7700000 102.8808292  71.3488964  20.1532169
 102.7900000  69.2900000  20.1100000 101.8267315  69.4737246  19.6327674
 103.7500000  69.1000000  18.9200000 104.7631970  68.9479252  19.2909477
 103.4550565  68.2081338  18.3658002 103.7200000  70.3000000  17.9600000
 102.7000000  71.0300000  17.9500000 104.7400000  70.5100000  17.2600000
 102.5600000  67.9900000  20.9100000 103.4500000  67.3500000  21.4700000
 101.3100000  67.5300000  20.8300000 100.6277538  68.2248426  20.5491718
 100.9000000  66.1800000  20.4100000 100.2059198  65.8207005  21.1693274
 100.0900000  66.3100000  19.1000000  99.9035604  65.3200596  18.6816792
  99.1312226  66.7779159  19.3253918 100.7600000  67.1100000  18.1500000
 101.6055633  66.7006757  17.9419691 102.0000000  65.1000000  20.2500000
 102.8600000  65.1600000  19.3800000 101.8200000  63.9900000  20.9900000
 101.0600531  64.0023508  21.6538703 102.5300000  62.7000000  20.8700000
 101.9326295  62.0097979  21.4665519 102.4700000  62.1300000  19.4400000
 103.0659202  62.7502599  18.7708458 102.9316299  61.1421325  19.4397460
 101.1000000  61.9400000  18.8500000 100.0700000  61.9700000  19.5100000
 101.0400000  61.6700000  17.5600000 100.1372674  61.5247840  17.1340279
 101.8888053  61.6344713  17.0162055 103.9400000  62.5800000  21.4800000
 104.7900000  61.8800000  20.9200000 104.1500000  63.0400000  22.7200000
 103.4608124  63.6440044  23.1485610 105.0500000  62.3100000  23.6300000
 105.3683426  61.3899671  23.1376033 106.3600000  63.0600000  23.9500000
 106.1164635  64.0326898  24.3803508 107.2100000  62.2500000  24.9600000
 108.1753002  62.7271803  25.1184229 106.7115039  62.2170369  25.9274658
 107.3696659  61.2339688  24.5972595 107.1900000  63.2600000  22.6600000
 107.6046875  62.3065635  22.3295660 106.5444657  63.6368370  21.8686247
 108.3200000  64.2900000  22.8000000 109.0809892  63.9372827  23.4948358
 108.7876849  64.4447668  21.8274054 107.9156023  65.2393278  23.1528756
 104.2800000  61.8600000  24.8700000 104.0100000  62.6300000  25.7900000
 103.9600000  60.5600000  24.8800000 104.1318167  60.0435497  24.0289229
 103.8600000  59.7500000  26.0800000 102.8483620  59.8113222  26.4831954
 104.1500000  58.3100000  25.6300000 104.1208911  57.6457203  26.4947580
 103.3912447  57.9861759  24.9162063 105.1331158  58.2422767  25.1612036
 104.8800000  60.1900000  27.1500000 106.0700000  59.8800000  27.0300000
 104.4300000  60.8800000  28.2000000 103.4518549  61.1292303  28.2474363
 105.2700000  61.1400000  29.3800000 106.2450447  61.4784924  29.0250928
 104.7000000  62.2600000  30.2500000 104.3448427  63.0597959  29.5981726
 103.8405617  61.9005233  30.8176406 105.7400000  62.8500000  31.1900000
 105.8900000  62.3500000  32.5000000 105.2551975  61.5509926  32.8545637
 106.8500000  62.9100000  33.3600000 106.9680291  62.5203251  34.3603900
 107.6700000  63.9600000  32.9200000 108.4032307  64.3919192  33.5862242
 107.5300000  64.4500000  31.6100000 108.1555872  65.2612818  31.2674011
 106.5700000  63.8900000  30.7500000 106.4737666  64.2687388  29.7424147
 105.4600000  59.8200000  30.1400000 104.7000000  59.4600000  31.0300000
 106.4600000  59.0700000  29.7000000 106.9939330  59.4220760  28.9163375
 106.9300000  57.8100000  30.2600000 106.1459214  57.0603817  30.1469844
 108.1500000  57.3500000  29.4400000 108.7231217  56.6111458  30.0013619
 107.7912337  56.8847770  28.5213472 108.9800000  58.4400000  29.0800000
 109.3870638  58.7902303  29.8773543 107.2500000  57.9600000  31.7500000
 108.3700000  58.2900000  32.1500000 106.2700000  57.6300000  32.6000000
 105.3764378  57.3723355  32.2037266 106.3400000  57.7000000  34.0800000
 106.5670601  58.7336996  34.3444066 104.9500000  57.3700000  34.6700000
 104.6127928  56.4127753  34.2692565 104.8900000  57.2900000  36.2000000
 103.8624283  57.1411344  36.5325984 105.4731894  56.4394920  36.5518066
 105.2831954  58.2073584  36.6400082 103.9400000  58.4600000  34.2700000
 102.9694347  58.2603163  34.7254602 104.2908533  59.4409078  34.5921333
 103.7952157  58.4626172  33.1921223 107.4900000  56.8400000  34.6800000
 107.8900000  57.0200000  35.8200000 108.1200000  56.0100000  33.8500000
 107.7518436  55.9272307  32.9148302 109.3400000  55.2600000  34.1300000
 109.1938460  54.7320538  35.0738393 109.5300000  54.2000000  33.0200000
 109.4409307  54.6704114  32.0398104 110.5281186  53.7683919  33.0964036
 108.5300000  53.0600000  33.1400000 107.8100000  52.9400000  34.1000000
 108.4600000  52.1700000  32.1700000 109.0531079  52.2514900  31.3595822
 107.8129901  51.4000822  32.2651342 110.6000000  56.1300000  34.3400000
 111.6300000  55.5700000  34.7100000 110.5700000  57.4600000  34.1500000
 109.7110391  57.8947701  33.8414414 111.7500000  58.3200000  34.3500000
 112.5117965  57.7554211  34.8872636 112.3600000  58.6400000  32.9800000
 113.2737177  59.2212569  33.1082733 112.6042012  57.7131902  32.4591019
 111.6507029  59.2104079  32.3784788 111.5100000  59.5900000  35.2000000
 111.5600000  60.7000000  34.6800000 111.4100000  59.4200000  36.5300000
 111.1110827  58.5003542  36.8241626 112.4100000  60.0200000  37.4600000
 113.3320402  59.4694665  37.2707108 112.7600000  61.4900000  37.1800000
 113.4849696  61.8308417  37.9187295 113.2398916  61.5785864  36.2060909
 111.6400000  62.3500000  37.2300000 111.0996140  62.1824887  36.4525213
 112.1500000  59.8300000  38.9700000 113.0700000  60.1000000  39.7500000
 111.0200000  59.2700000  39.4300000 110.2868613  59.0257694  38.7806498
 110.7300000  59.1400000  40.8700000 111.2224088  59.9986096  41.3234149
 109.2200000  59.3200000  41.1800000 108.7656215  59.8722333  40.3560193
 108.7238337  58.3499228  41.2234385 108.9200000  60.1200000  42.4600000
 109.8800000  60.6500000  43.0700000 107.7400000  60.1200000  42.8600000
 111.3700000  57.9000000  41.5300000 110.7100000  56.9400000  41.9800000
 112.7100000  57.9200000  41.6000000 113.1660309  58.7310649  41.2034860
 113.6100000  56.9500000  42.2700000 113.3395954  55.9524291  41.9228639
 115.0700000  57.2000000  41.8500000 115.2857342  58.2651404  41.9532222
 115.7345488  56.6634559  42.5272685 115.4600000  56.7300000  40.4400000
 115.2954786  55.6551061  40.3556627 114.8633848  57.2529640  39.6913131
 116.9500000  57.0500000  40.2400000 117.0864124  58.1325675  40.2678932
 117.5263136  56.6051581  41.0534940 117.5000000  56.5100000  38.9100000
 117.3861531  55.4248909  38.8956226 116.9306011  56.9362749  38.0823843
 118.9400000  56.8600000  38.7600000 119.0414983  57.8631562  38.6832572
 119.4558472  56.5342839  39.5665723 119.3113260  56.4238482  37.9267624
 113.4700000  56.9200000  43.8100000 114.4400000  56.6600000  44.5200000
 112.2700000  57.1600000  44.3400000 111.5023941  57.4010161  43.7313045
 111.9700000  56.8800000  45.7400000 112.7275521  57.3299710  46.3837150
 110.9992841  57.3067505  45.9913340 111.9200000  55.3700000  45.9500000
 111.0200000  54.7200000  45.4000000 112.8900000  54.8500000  46.7100000
 113.6027371  55.4738648  47.0605644 112.9100000  53.4800000  47.2500000
 113.1246806  52.7881536  46.4342353 114.0300000  53.3600000  48.3100000
 114.0455148  54.2614456  48.9243822 113.8269287  52.5042411  48.9550799
 115.4000000  53.1400000  47.6500000 115.3880382  52.1755251  47.1390301
 115.5533792  53.9151129  46.8974216 116.6000000  53.1800000  48.6200000
 117.6900000  52.7400000  48.1800000 116.4400000  53.6500000  49.7700000
 111.5500000  53.1100000  47.8500000 110.9100000  53.9100000  48.5400000
 111.0900000  51.9000000  47.5500000 111.6439562  51.2914034  46.9669115
 109.9300000  51.3200000  48.2300000 109.0522835  51.9386177  48.0358472
 109.6800000  49.9200000  47.6600000 110.6151888  49.3580464  47.6167766
 108.9803021  49.3840163  48.2969870 109.2574137  50.0023492  46.6571458
 110.1900000  51.2900000  49.7400000 111.2800000  50.9100000  50.1700000
 109.2000000  51.6800000  50.5500000 108.3046758  51.9468407  50.1619265
 109.3300000  51.5800000  52.0100000 110.2204879  52.1320909  52.3131619
 108.1200000  52.2400000  52.6800000 108.3162182  53.3045795  52.8083089
 107.2575694  52.1360943  52.0226534 107.7700000  51.6700000  53.9200000
 106.8554431  51.8989705  54.1078111 109.5200000  50.1100000  52.4200000
 109.0100000  49.2100000  51.7500000 110.2400000  49.8500000  53.5200000
 110.6394164  50.6228514  54.0317416 110.5200000  48.4900000  54.0100000
 111.1643916  47.9938260  53.2830201 111.3000000  48.6400000  55.3200000
 112.2219128  49.1932089  55.1390115 110.6884964  49.1979864  56.0299520
 111.7100000  47.0200000  56.0600000 111.7403223  47.4377983  57.3215599
 109.2400000  47.6300000  54.1700000 109.2800000  46.4100000  54.0500000
 108.0800000  48.2700000  54.3900000 108.0807724  49.2777978  54.4624102
 106.7900000  47.5900000  54.5000000 106.9487157  46.6332979  54.9996879
 105.8800000  48.4300000  55.4200000 105.7749663  49.4354440  55.0104190
 104.8945607  47.9683714  55.4829019 106.6100000  48.5200000  57.0900000
 106.3099087  47.2759042  57.4485833 106.1000000  47.2800000  53.1500000
 105.2600000  46.3800000  53.1300000 106.4400000  47.9400000  52.0400000
 107.1470836  48.6598823  52.0917802 105.7900000  47.7400000  50.7300000
 104.7240581  47.9162329  50.8754272 106.2700000  48.7800000  49.6900000
 107.3154763  48.5959476  49.4664564 105.7084019  48.6179643  48.7720642
 106.1100000  50.2700000  50.0500000 105.4700000  50.6000000  51.0700000
 106.6200000  51.0900000  49.2500000 105.9400000  46.3100000  50.1400000
 104.9600000  45.7800000  49.6200000 107.1100000  45.6300000  50.2400000
 108.4200000  46.1300000  50.6500000 108.5165307  46.0256559  51.7279656
 108.5821052  47.1612178  50.3515223 109.4400000  45.2400000  49.9600000
 110.3564585  45.1506224  50.5442773 109.6572244  45.6451808  48.9705875
 108.7300000  43.9000000  49.8100000 108.9709251  43.2749745  50.6717463
 109.0274550  43.3946808  48.8904181 107.2300000  44.2400000  49.8000000
 106.8561589  44.1580124  48.7782129 106.4500000  43.2800000  50.7100000
 105.8800000  42.3100000  50.2100000 106.4100000  43.5500000  52.0200000
 106.8908109  44.3688638  52.3652845 105.6500000  42.7500000  52.9900000
 105.9154438  41.7016667  52.8474066 106.0000000  43.1300000  54.4400000
 105.8276006  44.1971846  54.5811714 105.1400000  42.3700000  55.4700000
 105.4565723  42.6272654  56.4813473 104.0909040  42.6472647  55.3680579
 105.2432725  41.2941218  55.3243422 107.4700000  42.8300000  54.7600000
 107.6913598  43.1073821  55.7911110 107.6764434  41.7680753  54.6205766
 108.1215081  43.4101965  54.1060487 104.1500000  42.8900000  52.7200000
 103.4600000  41.8800000  52.6800000 103.6600000  44.1000000  52.4600000
 104.2808702  44.8968583  52.4640170 102.2400000  44.3400000  52.1400000
 101.6573322  43.8898356  52.9445326 101.9300000  45.8400000  52.1700000
 100.8505629  45.9632805  52.2272142 102.3749023  46.2877457  53.0594252
 102.3400000  46.5500000  51.0300000 102.0856862  47.4729121  51.1491813
 101.8200000  43.6400000  50.8400000 100.7800000  42.9800000  50.8100000
 102.6500000  43.6900000  49.8000000 103.4939722  44.2427610  49.8747276
 102.4100000  42.9900000  48.5400000 101.4066207  43.2438336  48.1945663
 103.4100000  43.5100000  47.5000000 103.2231624  43.0312409  46.5383473
 103.2944191  44.5884642  47.3852158 104.4299888  43.2902719  47.8180312
 102.4900000  41.4500000  48.6800000 101.7000000  40.7400000  48.0600000
 103.4100000  40.9300000  49.5000000 104.0519378  41.5498825  49.9769296
 103.5200000  39.5000000  49.7800000 103.5463144  38.9642354  48.8302110
 104.8400000  39.2300000  50.5100000 104.9360937  38.1623221  50.7082641
 105.6773053  39.5494591  49.8888693 104.8661582  39.7722990  51.4557321
 102.3300000  38.9700000  50.6000000 101.8300000  37.8800000  50.3000000
 101.8700000  39.7200000  51.6000000 102.3284610  40.6002099  51.7922858
 100.7300000  39.3700000  52.4300000 100.8754596  38.3569298  52.8071720
 100.6900000  40.3200000  53.6300000 101.6347085  40.2478530  54.1710102
 100.5874447  41.3480163  53.2782425  99.5600000  40.0000000  54.5900000
  98.3700000  40.7500000  54.5300000  98.2741415  41.5740014  53.8374700
  97.3100000  40.4300000  55.3800000  96.4097781  41.0120464  55.3251658
  97.4200000  39.3600000  56.2900000  96.5989109  39.1231052  56.9510746
  98.6100000  38.6200000  56.3500000  98.7033714  37.8050034  57.0526535
  99.6800000  38.9400000  55.5000000 100.5893850  38.3579426  55.5387161
  99.4200000  39.4000000  51.6300000  98.6800000  38.4100000  51.6100000
  99.1700000  40.4800000  50.8700000  99.8050513  41.2664781  50.8946295
  98.0200000  40.5600000  49.9600000  97.1129668  40.3994041  50.5447060
  97.9600000  41.9700000  49.3400000  97.9909121  42.7050829  50.1451089
  98.8157144  42.1308471  48.6824183  96.6600000  42.1600000  48.5500000
  96.6472884  41.4602907  47.7127395  95.8160753  41.9228112  49.1999274
  96.4600000  43.5700000  48.0100000  95.8800000  43.6800000  46.9100000
  96.8400000  44.5500000  48.6900000  98.0900000  39.4800000  48.8700000
  97.1000000  38.8000000  48.5900000  99.2800000  39.2500000  48.3100000
 100.0654095  39.8235458  48.5867740  99.5400000  38.1700000  47.3500000
  98.8586324  38.2783473  46.5057510 100.5602662  38.2721027  46.9806027
  99.3800000  36.7700000  47.9400000  99.0300000  35.8400000  47.2000000
  99.5800000  36.5900000  49.2400000  99.8774722  37.3779000  49.8011735
  99.2500000  35.3500000  49.9400000  99.6599779  34.5335669  49.3454222
  99.9500000  35.2800000  51.3000000 101.0064167  35.5262658  51.1912884
  99.4861465  35.9736238  52.0012848  99.8000000  33.5700000  51.9200000
 100.3172344  33.8126887  53.1543561  97.7400000  35.1600000  49.9800000
  97.2600000  34.2600000  49.2700000  97.0000000  36.0300000  50.6900000
  97.4832598  36.7615612  51.1941898  95.5300000  36.0100000  50.8200000
  95.2473371  35.1931086  51.4812499  95.0200000  37.3400000  51.4200000
  95.4246933  38.1606883  50.8249669  93.9334813  37.3659913  51.3159716
  95.3600000  37.5900000  52.9000000  96.4384960  37.5214285  53.0442892
  94.9000000  38.9900000  53.2700000  95.1218405  39.1690253  54.3181809
  95.4367526  39.7267444  52.6712498  93.8274811  39.0999279  53.1053606
  94.6600000  36.6300000  53.8700000  94.9614834  36.8556017  54.8936503
  93.5786424  36.7287599  53.7890674  94.9450065  35.6014096  53.6522137
  94.8300000  35.7700000  49.4600000  94.0500000  34.8300000  49.3000000
  95.1800000  36.5700000  48.4500000  95.8499234  37.3050602  48.6345728
  94.5900000  36.5000000  47.1100000  93.5394211  36.7867121  47.1807308
  95.3200000  37.5300000  46.2400000  95.1855147  38.5213533  46.6767197
  96.3864565  37.2970364  46.2401093  94.8100000  37.5600000  44.8000000
  94.7895378  36.5669494  44.3504003  93.8139359  37.9800694  44.7759180
  95.7100000  38.4700000  43.9700000  95.1584600  38.7814392  43.0882785
  95.9565319  39.3647723  44.5449632  96.9500000  37.7800000  43.5600000
  97.0883349  36.8402091  43.9026658  97.8700000  38.3000000  42.7700000
  97.7900000  39.5200000  42.3300000  98.5751898  39.9051612  41.8140965
  97.0014807  40.1089286  42.5685177  98.8800000  37.5700000  42.3700000
  98.9774409  36.6245452  42.7121238  99.5973401  37.9798379  41.7861092
  94.6600000  35.1100000  46.5000000  93.6400000  34.5800000  46.0700000
  95.8700000  34.5400000  46.3900000  96.6778996  35.0025762  46.7835252
  96.0600000  33.2700000  45.6600000  95.5770135  33.3478380  44.6846168
  97.5400000  32.9400000  45.4500000  97.9421179  32.7860012  46.4494529
  97.6172835  31.9927877  44.9136048  98.3900000  33.9800000  44.7100000
  98.1075318  33.9871100  43.6569070  98.1928905  34.9735120  45.1019611
  99.9000000  33.6700000  44.8200000 100.1315979  32.8254878  44.1707182
 100.4606902  34.5317802  44.4564168 100.3200000  33.3800000  46.2100000
 100.2945980  34.1683531  46.8428819 100.6200000  32.2000000  46.7200000
 100.6700000  31.1200000  45.9900000 100.9213755  30.2391668  46.4115826
 100.5113801  31.1792837  44.9963470 100.8300000  32.0600000  48.0000000
 101.0563170  31.1538624  48.3801836 100.7832512  32.8642543  48.6079105
  95.4400000  32.1000000  46.4100000  94.8200000  31.2500000  45.7800000
  95.6400000  32.0100000  47.7300000  96.1541593  32.7365853  48.2101551
  95.0400000  30.9300000  48.5300000  95.3814293  29.9857927  48.1050745
  95.5200000  30.9500000  49.9900000  95.0937786  30.0914206  50.5106964
  96.5985566  30.7917349  49.9529238  95.2400000  32.2200000  50.8200000
  95.3963987  33.0737063  50.1859297  93.8700000  32.3600000  51.4800000
  93.8728452  33.1643040  52.2171296  93.1076025  32.6018100  50.7574817
  93.5982801  31.4269202  51.9752972  96.2600000  32.3200000  51.9500000
  96.1562720  33.2682158  52.4785581  96.1241276  31.4991077  52.6549995
  97.2666961  32.2697356  51.5395821  93.5200000  30.9500000  48.4000000
  92.9300000  29.8800000  48.2300000  92.9100000  32.1400000  48.3800000
  93.4482907  32.9864151  48.5046951  91.4600000  32.2400000  48.2900000
  91.0454819  31.5115780  48.9859107  90.9300000  33.6200000  48.6900000
  91.5585926  34.3950746  48.2496399  89.9317656  33.7353481  48.2663458
  90.8000000  33.8300000  50.2000000  90.1100000  32.8800000  50.9900000
  89.6438602  32.0179979  50.5361390  90.0500000  33.0300000  52.3900000
  89.5190699  32.3013204  52.9861025  90.6600000  34.1300000  53.0100000
  90.6257063  34.2376838  54.0854623  91.3100000  35.1000000  52.2200000
  91.7441724  35.9695457  52.6899719  91.3700000  34.9600000  50.8200000
  91.8574046  35.7204564  50.2296194  91.0400000  31.7700000  46.9000000
  90.2500000  30.8400000  46.8500000  91.6600000  32.2900000  45.8200000
  92.3245567  33.0394780  45.9576338  91.4400000  31.8200000  44.4300000
  90.4910847  32.2126459  44.0727407  92.5600000  32.2800000  43.4700000
  93.5325714  32.0155464  43.8760217  92.4300000  31.6300000  42.0800000
  92.9152635  32.2398472  41.3167920  92.9201949  30.6561821  42.0922122
  91.3921124  31.4747961  41.8141373  92.5500000  33.6700000  43.2300000
  91.6966526  33.8958878  42.8342654  91.3800000  30.2900000  44.3700000
  90.4100000  29.7300000  43.8500000  92.4000000  29.6100000  44.9100000
  93.1500743  30.1197556  45.3572326  92.5000000  28.1400000  44.8300000
  92.4364655  27.8379767  43.7834742  93.8200000  27.6500000  45.4100000
  93.8464656  27.9303411  46.4644377  93.8394340  26.5602574  45.3556795
  95.0800000  28.2000000  44.7300000  95.2271068  27.6905200  43.7766600
  94.9904231  29.2579114  44.5195662  96.2800000  27.9500000  45.6400000
  97.1549760  28.4394389  45.2109448  96.0890202  28.3767265  46.6252055
  96.5500000  26.5000000  45.7500000  96.1442629  25.9268883  45.0250113
  97.2400000  25.8800000  46.6900000  97.8200000  26.5100000  47.6700000
  98.3298777  25.9929272  48.3731254  97.7409500  27.5298803  47.7424180
  97.3700000  24.5800000  46.6300000  97.8869779  24.0953238  47.3481721
  96.9505643  24.0637388  45.8711331  91.3800000  27.4600000  45.6000000
  90.8100000  26.4900000  45.1000000  91.0800000  27.9200000  46.8200000
  91.5731173  28.7235817  47.1856414  90.0900000  27.2800000  47.6800000
  90.3012066  26.2108331  47.6762213  90.2200000  27.7800000  49.1200000
  91.2741736  27.7685595  49.4003147  89.8728742  28.8127673  49.1758028
  89.4800000  26.9500000  50.1300000  89.4800000  25.6000000  50.1900000
  90.0231700  24.9489041  49.5216006  88.6900000  25.1700000  51.2400000
  88.5487407  24.1954689  51.4653504  88.1500000  26.2300000  51.9200000
  87.3200000  26.3200000  53.0500000  86.9847434  25.4240477  53.5498463
  86.9200000  27.5800000  53.5200000  86.2765211  27.6605019  54.3844239
  87.3600000  28.7400000  52.8500000  87.0478980  29.7102052  53.2078445
  88.2000000  28.6500000  51.7200000  88.5248283  29.5513404  51.2219909
  88.6200000  27.3900000  51.2300000  88.6800000  27.4800000  47.1500000
  87.9000000  26.5300000  47.1200000  88.3700000  28.6600000  46.6000000
  89.0390269  29.4162573  46.6146760  87.1400000  28.8400000  45.8600000
  86.2920484  28.6413041  46.5168895  87.0920784  29.8680638  45.5574750
  87.0600000  27.9200000  44.6400000  86.1200000  27.1400000  44.5400000
  88.0800000  27.8700000  43.7700000  88.8645767  28.4961308  43.8923849
  88.1100000  26.9500000  42.6100000  87.2750078  27.1950126  41.9516130
  89.4100000  27.1200000  41.8300000  90.2593888  27.1091296  42.5136193
  89.5177306  26.2996574  41.1202712  89.4000000  28.3300000  41.1000000
  88.7111634  28.2993507  40.4296006  87.9900000  25.4700000  42.9900000
  87.4900000  24.6600000  42.1900000  88.4700000  25.0700000  44.1700000
  88.9183765  25.7620714  44.7566160  88.2500000  23.7500000  44.7600000
  88.5074619  22.9865920  44.0276836  89.1900000  23.5800000  45.9600000
  90.2205571  23.6079419  45.6030825  89.0670328  24.4129539  46.6459950
  88.9700000  22.3000000  46.7400000  87.9900000  22.2400000  47.7600000
  87.3980317  23.1102875  48.0046967  87.7900000  21.0400000  48.4600000
  87.0460113  20.9937896  49.2423124  88.5600000  19.9000000  48.1600000
  88.4043234  18.9812582  48.7068047  89.5300000  19.9600000  47.1500000
  90.1197806  19.0854722  46.9163115  89.7300000  21.1600000  46.4300000
  90.4745527  21.1970287  45.6482853  86.7900000  23.5600000  45.1800000
  86.1800000  22.5200000  44.9300000  86.2000000  24.5800000  45.7900000
  86.7373008  25.4197246  45.9589939  84.8200000  24.5700000  46.2600000
  84.6854947  23.6666648  46.8576567  84.6900000  25.7800000  47.1900000
  85.6061665  25.9326623  47.7584683  84.4592692  26.6770045  46.6147544
  83.3800000  25.4400000  48.3600000  83.1603331  26.6878981  48.7216390
  83.8100000  24.5200000  45.0900000  82.8600000  23.7400000  45.1200000
  84.0900000  25.2300000  43.9800000  84.9096740  25.8192540  43.9895807
  83.2600000  25.2600000  42.7500000  82.2289151  25.4544337  43.0480354
  83.7100000  26.4100000  41.8100000  84.7439200  26.2348620  41.5106618
  82.8300000  26.5000000  40.5500000  83.0995204  27.3773244  39.9601916
  82.9790505  25.6239237  39.9225287  81.7790716  26.5618041  40.8265782
  83.6200000  27.7900000  42.4600000  84.0975467  28.5329449  41.8196662
  82.5746265  28.0663189  42.6077091  84.1022088  27.8104463  43.4296435
  83.2800000  23.9100000  42.0000000  82.3100000  23.5300000  41.3300000
  84.3800000  23.1400000  42.1400000  85.1436444  23.4931318  42.7000069
  84.5100000  21.7700000  41.5900000  83.8184922  21.6935689  40.7507657
  85.9000000  21.5400000  40.9900000  85.8532642  20.6774781  40.3236547
  86.1803371  22.4106345  40.3950095  86.9700000  21.2700000  42.0600000
  86.9896862  22.1107656  42.7362250  86.7212966  20.3660061  42.6156899
  88.3700000  21.1000000  41.4800000  89.0224821  20.7036239  42.2590821
  88.3343573  20.3876570  40.6544655  88.9200000  22.3900000  41.0200000
  88.3841976  23.2162385  41.2482451  90.0300000  22.5500000  40.3400000
  90.4300000  23.7400000  39.9700000  89.8697778  24.5531547  40.1821847
  91.2769167  23.8340370  39.4273266  90.7700000  21.5300000  39.9900000
  91.6119279  21.6766445  39.4539171  90.4761764  20.5985302  40.2446016
  84.1000000  20.6600000  42.5700000  84.0200000  19.5200000  42.1400000
  83.8200000  20.9700000  43.8300000  83.9014505  21.9344361  44.1202060
  83.4000000  20.0000000  44.8500000  83.1731426  19.0698936  44.3309645
  84.5900000  19.7300000  45.8000000  85.5242609  19.8580626  45.2514246
  84.5953320  20.4536708  46.6161767  84.6100000  18.3100000  46.3500000
  83.9400000  17.4200000  45.8500000  85.3800000  18.0400000  47.3700000
  85.9460006  18.7650525  47.7828879  85.3968594  17.1000039  47.7359355
  82.0900000  20.4100000  45.5600000  82.0300000  20.4100000  46.7900000
  81.0200000  20.7500000  44.8000000  80.8400000  20.5100000  43.3800000
  81.1664981  19.5079438  43.0999513  81.3900745  21.2611285  42.8136316
  79.3500000  20.6800000  43.1000000  78.8217024  19.7469032  43.3001919
  79.1666635  21.0192223  42.0799658  78.9600000  21.7400000  44.1300000
  77.8938784  21.7149614  44.3524391  79.2468408  22.7274498  43.7643424
  79.8100000  21.3800000  45.3500000  80.0752333  22.2966805  45.8750568
  79.0400000  20.4500000  46.3000000  78.3900000  20.9400000  47.2300000
  79.1100000  19.1300000  46.1000000  79.6593390  18.7807229  45.3284809
  78.4500000  18.1400000  46.9500000  77.4004768  18.4125372  47.0688348
  78.4909862  17.1707046  46.4537730  79.0900000  18.0000000  48.3300000
  78.3900000  17.9800000  49.3400000  80.4200000  17.9500000  48.4100000
  80.9748179  17.9799872  47.5667446  81.1200000  17.8500000  49.6900000
  80.6755623  17.0335220  50.2620700  82.5900000  17.5000000  49.4400000
  83.0497898  18.2724662  48.8235235  83.1215862  17.4295709  50.3895298
  82.6700000  15.9000000  48.5800000  82.2556426  15.1575770  49.6059712
  80.9800000  19.1300000  50.5200000  80.6700000  19.0600000  51.7000000
  81.1400000  20.3100000  49.9100000  81.3761368  20.3451835  48.9273931
  80.9900000  21.5800000  50.6400000  81.6635894  21.5350456  51.4972298
  81.4400000  22.7700000  49.7900000  82.4758605  22.5958220  49.4940579
  80.6100000  22.9100000  48.5100000  81.2336645  23.3856954  47.7618380
  80.3750903  21.9341754  48.1174299  79.6926372  23.4721009  48.6873682
  81.3900000  24.0700000  50.6200000  81.4582133  24.9343702  49.9776967
  80.4422962  24.1755303  51.1447436  82.2029463  24.0791540  51.3458931
  79.5800000  21.7800000  51.1900000  79.4200000  22.0800000  52.3700000
  78.5400000  21.6100000  50.3500000  78.7077128  21.3593020  49.3847196
  77.1500000  21.8500000  50.7800000  77.1103047  22.8636206  51.1782912
  76.1600000  21.7700000  49.5900000  76.5689095  22.3789985  48.7817534
  75.9800000  20.3400000  49.0600000  75.5037247  20.3611369  48.0799735
  76.9454220  19.8684126  48.9515609  75.3682545  19.7488276  49.7418177
  74.8100000  22.3900000  50.0000000  74.3993096  21.8567082  50.8579693
  74.9781360  23.4271584  50.2925038  73.7600000  22.3700000  48.8800000
  73.4385684  21.3490958  48.6745777  72.8909008  22.9492328  49.1932900
  74.1732518  22.8149333  47.9742752  76.7700000  20.8900000  51.9100000
  76.1300000  21.2900000  52.8800000  77.2500000  19.6400000  51.8300000
  77.7856411  19.3804038  51.0130496  77.0600000  18.6100000  52.8500000
  75.9900270  18.5006788  53.0319709  77.5900000  17.2700000  52.3100000
  76.9796598  16.9667879  51.4582348  78.6129697  17.4029619  51.9590703
  77.5700000  16.1600000  53.3400000  76.3600000  15.5800000  53.7500000
  75.4317138  15.8907101  53.2937860  76.3400000  14.6200000  54.7700000
  75.4035746  14.1796384  55.0804618  77.5400000  14.2500000  55.4100000
  77.5217807  13.5273916  56.2131670  78.7600000  14.8100000  55.0000000
  79.6842711  14.5093748  55.4717050  78.7700000  15.7400000  53.9400000
  79.7071234  16.1232055  53.5889722  77.7200000  19.0200000  54.1700000
  77.0400000  19.0700000  55.2000000  79.0000000  19.4100000  54.1600000
  79.5107195  19.4003714  53.2878696  79.7300000  19.8200000  55.3700000
  79.6723741  19.0063938  56.0945678  81.2200000  20.0700000  55.0600000
  81.3178847  20.5481349  54.0842345  81.6083631  20.7702127  55.8008712
  82.0900000  18.8200000  55.1000000  81.7500000  17.7000000  54.3300000
  80.9007831  17.7429334  53.6796744  82.4800000  16.5100000  54.4200000
  82.1862861  15.6489465  53.8375742  83.6000000  16.4400000  55.2600000
  84.1761850  15.5283760  55.3220477  83.9900000  17.5700000  55.9900000
  84.8551974  17.5191094  56.6350955  83.2400000  18.7600000  55.9200000
  83.5381580  19.6164311  56.5071102  79.0900000  21.0600000  56.0300000
  78.9900000  21.1200000  57.2500000  78.6100000  22.0100000  55.2300000
  78.7013912  21.9020581  54.2293219  77.9500000  23.2300000  55.7200000
  78.5629958  23.6792462  56.5019219  77.8500000  24.2200000  54.5700000
  77.4181074  23.7152311  53.7065335  77.2058026  25.0495259  54.8611794
  79.1200000  24.7300000  54.2400000  79.6152270  24.0367418  53.7949681
  76.5500000  22.9900000  56.2800000  76.1900000  23.6000000  57.2900000
  75.7600000  22.0800000  55.6900000  76.0851454  21.6024349  54.8599336
  74.5000000  21.6300000  56.2800000  73.9007725  22.5130518  56.5068214
  73.7100000  20.7700000  55.2700000  73.7793214  21.2519270  54.2936491
  74.1796970  19.7884274  55.1876407  72.2000000  20.6000000  55.5900000
  71.7347875  21.5865432  55.6023621  71.5200000  19.7800000  54.5000000
  70.4444331  19.7388725  54.6741167  71.6921306  20.2453582  53.5291014
  71.9226516  18.7661258  54.4844402  71.8900000  19.9000000  56.9200000
  70.8468862  19.5844627  56.9532522  72.5317076  19.0286270  57.0536185
  72.0301193  20.6004088  57.7368161  74.7900000  20.8900000  57.6000000
  74.2000000  21.2400000  58.6300000  75.7400000  19.9500000  57.6100000
  76.2100957  19.7205354  56.7463574  76.1800000  19.2500000  58.8400000
  75.3447462  18.6538567  59.2104407  77.3600000  18.3000000  58.5500000
  78.1041879  18.8142197  57.9453486  78.0500000  17.8000000  59.8300000
  78.7994430  17.0486245  59.5791953  78.5609476  18.6207330  60.3336287
  77.3160525  17.3608164  60.5070302  76.8800000  17.0500000  57.7900000
  77.7388756  16.4547267  57.4796294  76.2359206  16.4456300  58.4294821
  76.3151196  17.3325471  56.9034762  76.5500000  20.2500000  59.9300000
  76.0600000  20.1300000  61.0500000  77.3400000  21.2700000  59.6000000
  77.6978552  21.3142058  58.6566056  77.6800000  22.3700000  60.5000000
  78.2098536  21.9611963  61.3615542  78.6300000  23.3400000  59.7700000
  79.6028698  22.8613149  59.6523267  78.2467288  23.5435970  58.7734251
  78.8000000  24.6600000  60.4800000  77.8500000  25.6800000  60.2900000
  77.0433526  25.5456494  59.5886851  77.9200000  26.8700000  61.0200000
  77.1627495  27.6250018  60.8806802  78.9800000  27.0700000  61.9200000
  79.0469716  27.9843729  62.4852283  79.9500000  26.0700000  62.1000000
  80.7632591  26.2278079  62.7929960  79.8600000  24.8600000  61.3900000
  80.5889505  24.0810267  61.5588016  76.4300000  23.1000000  61.0200000
  76.3000000  23.2800000  62.2300000  75.5100000  23.5000000  60.1400000
  75.6596456  23.3099859  59.1588388  74.2900000  24.2300000  60.5100000
  74.5837328  25.1690538  60.9818759  73.4100000  24.5600000  59.2700000
  73.3954196  23.6961993  58.6065201  71.9500000  24.8700000  59.6700000
  71.3479061  25.1228804  58.8004039  71.4766459  23.9989332  60.1213028
  71.9236408  25.7012011  60.3761036  74.0200000  25.7600000  58.5100000
  73.8876090  26.6612315  59.1096597  75.0897033  25.6129241  58.3824664
  73.4100000  25.9900000  57.1200000  72.3321771  26.0886095  57.1561577
  73.8353113  26.8953378  56.6861164  73.6572957  25.1454598  56.4761586
  73.5200000  23.4200000  61.5500000  73.2000000  23.9400000  62.6200000
  73.2500000  22.1500000  61.2600000  73.5592015  21.7701612  60.3756857
  72.4200000  21.3000000  62.1200000  71.5166627  21.8560781  62.3737845
  72.0000000  20.0200000  61.3800000  72.8852983  19.4654382  61.0649586
  71.1100000  19.1200000  62.2300000  70.7240299  18.3024644  61.6198887
  71.6848415  18.6874063  63.0484906  70.2753409  19.6911313  62.6378932
  71.2400000  20.3600000  60.2500000  70.4397562  20.8011081  60.5427921
  73.1300000  20.9400000  63.4200000  72.4900000  20.9500000  64.4700000
  74.4300000  20.6300000  63.3900000  74.9243279  20.6381282  62.5088833
  75.1900000  20.2900000  64.6000000  74.7125581  19.4321152  65.0759990
  76.6100000  19.8800000  64.2000000  77.1755378  19.6055636  65.0908843
  76.5722353  19.0212495  63.5289076  77.1121592  20.7092110  63.6991650
  75.2200000  21.4500000  65.6200000  75.2000000  21.2000000  66.8300000
  75.2300000  22.6900000  65.1500000  75.2579386  22.8312459  64.1486739
  75.2000000  23.8800000  66.0000000  75.7065841  23.6679682  66.9428618
  75.9900000  24.9700000  65.2800000  75.6109545  25.0543679  64.2628001
  75.8522607  25.9123657  65.8117508  77.7700000  24.5800000  65.2300000
  77.6808114  23.6803305  64.2682355  73.7700000  24.3400000  66.3300000
  73.5100000  24.7500000  67.4600000  72.8100000  24.2600000  65.4000000
  73.0380488  23.9035461  64.4828698  71.4400000  24.7300000  65.6200000
  71.5073644  25.6262993  66.2365475  70.7800000  25.1900000  64.3100000
  69.9675243  25.8762350  64.5503184  71.5073497  25.7230057  63.6964890
  70.2400000  24.1000000  63.5800000  69.4577292  23.7826535  64.0381645
  70.5600000  23.7300000  66.3900000  69.5700000  24.1400000  67.0000000
  70.9500000  22.4600000  66.4800000  71.7737044  22.1597159  65.9759555
  70.2900000  21.4600000  67.3400000  69.2336693  21.4382207  67.0698212
  70.8500000  20.0700000  67.0700000  70.3224195  19.3456655  67.6909120
  70.7021817  19.8067614  66.0223798  72.2200000  20.0300000  67.3800000
  72.7106438  20.4455820  66.6643831  70.3700000  21.7900000  68.8400000
  69.5100000  21.3500000  69.6000000  71.3000000  22.6500000  69.2600000
  71.9718614  23.0095853  68.5960822  71.3700000  23.1500000  70.6400000
  71.4411365  22.3000940  71.3191787  72.2778592  23.7408685  70.7484703
  70.1700000  24.0100000  71.0600000  70.0100000  24.3200000  72.2400000
  69.2700000  24.3500000  70.1200000  69.4330706  24.0675977  69.1628711
  68.0200000  25.0700000  70.4100000  68.2928548  26.0184198  70.8759444
  67.3200000  25.4000000  69.0800000  68.0369866  25.9526417  68.4713740
  67.0818622  24.4767002  68.5493771  66.0400000  26.2600000  69.2500000
  66.0863213  26.8154709  70.1869921  65.9300000  27.2800000  68.1100000
  65.0298336  27.8826881  68.2340534  66.7947346  27.9446592  68.1273836
  65.8922577  26.7679900  67.1480998  64.7700000  25.4100000  69.2200000
  63.8964971  26.0465189  69.3643488  64.6825638  24.8955991  68.2620092
  64.7859518  24.6666840  70.0147215  67.1100000  24.3200000  71.4100000
  66.3300000  24.9600000  72.0900000  67.2500000  23.0000000  71.5800000
  67.9198977  22.4968053  71.0139774  66.5000000  22.2500000  72.6100000
  65.4403424  22.3960339  72.3970264  66.7800000  20.7400000  72.5000000
  66.5590684  20.4427296  71.4735701  68.2300000  20.3700000  72.7900000
  68.4240865  19.3569823  72.4341405  68.9159464  21.0511499  72.2859983
  68.4167236  20.4059852  73.8540513  65.8600000  19.9300000  73.4300000
  65.9854408  18.8656951  73.2272757  66.0998240  20.1149399  74.4770707
  64.8197434  20.1995428  73.2450481  66.7500000  22.7700000  74.0400000
  65.8600000  22.7100000  74.8800000  67.9300000  23.3300000  74.3300000
  68.6336296  23.3958848  73.6070843  68.2600000  23.8800000  75.6600000
  67.6219185  23.4042496  76.4039896  69.7100000  23.5400000  76.0500000
  70.3744297  24.0287305  75.3350955  69.9187956  23.9651351  77.0297856
  70.0900000  22.0800000  76.1300000  69.1200000  21.0500000  76.2000000
  68.0665056  21.2787983  76.2482887  69.5100000  19.7100000  76.1600000
  68.7610855  18.9315561  76.1630655  70.8700000  19.3700000  76.1100000
  71.1684197  18.3320372  76.0916709  71.8500000  20.3900000  76.1200000
  72.8993681  20.1352305  76.0914079  71.4500000  21.7400000  76.1300000
  72.2019698  22.5161429  76.1039471  67.9700000  25.3700000  75.7800000
  68.4700000  26.0100000  76.7100000  67.1800000  25.9400000  74.8600000
  66.7846880  25.3742277  74.1207608  66.8900000  27.3800000  74.8600000
  67.8557077  27.8855891  74.8245356  66.1100000  27.8500000  73.6200000
  66.6001275  27.4230361  72.7456024  64.6400000  27.4200000  73.6000000
  64.2152131  27.6266081  72.6172188  64.5624370  26.3496706  73.7925665
  64.0652131  27.9651212  74.3483595  66.1900000  29.3700000  73.4600000
  65.7054271  29.6683583  72.5297501  65.6945876  29.8667255  74.2950509
  67.2339439  29.6835195  73.4259334  66.2200000  27.7500000  76.1800000
  65.1800000  27.2200000  76.5600000  66.8600000  28.6500000  76.9100000
  67.7318948  29.0202592  76.5590430  66.2900000  29.2800000  78.1000000
  65.3942721  28.7398918  78.4107897  67.2900000  29.2300000  79.2700000
  68.1775793  29.7919681  78.9930365  66.8370979  29.6767990  80.1559582
  67.7100000  27.7800000  79.5700000  66.8108812  27.1912892  79.7585573
  68.2206463  27.3751601  78.7052693  68.6500000  27.6500000  80.7700000
  69.6276010  28.0630443  80.5159392  68.2401390  28.2174122  81.6059399
  68.7900000  26.2400000  81.1900000  68.3809600  26.0054504  82.0827707
  69.3800000  25.2600000  80.5200000  69.4100000  24.0500000  81.0200000
  68.9991031  23.8676755  81.9222674  69.8430015  23.3044429  80.4973288
  69.9400000  25.4300000  79.3600000  69.9145304  26.3368172  78.9178086
  70.3631604  24.6568131  78.8701240  65.8700000  30.6800000  77.7200000
  66.4200000  31.2300000  76.7600000  64.9500000  31.2800000  78.4700000
  64.5378115  30.7796604  79.2445371  64.5800000  32.6900000  78.3000000
  65.3180634  33.1349523  77.6515755  63.2100000  32.8800000  77.6000000
  62.9632837  33.9423892  77.6269884  63.2400000  32.4500000  76.1200000
  62.2438546  32.5418559  75.6853543  63.9012507  33.1079707  75.5654173
  63.5755010  31.4174285  76.0224174  62.0800000  32.1200000  78.2800000
  61.1344206  32.3401812  77.7831309  62.2574691  31.0454146  78.2373513
  61.9904271  32.4289756  79.3208920  64.6600000  33.3900000  79.6500000
  64.2000000  32.8600000  80.6600000  65.2800000  34.5700000  79.6900000
  65.6348807  34.9518774  78.8299628  65.4100000  35.4400000  80.8600000
  65.2243124  34.8540528  81.7606199  66.8200000  36.0500000  80.9900000
  66.8849191  36.6043944  81.9268478  67.9300000  35.0200000  80.9300000
  68.8539727  35.4708395  81.2934309  67.6793792  34.1662691  81.5606484
  68.0521740  34.7058613  79.8958148  67.1600000  36.8900000  79.9200000
  68.0427627  37.2330424  80.0802531  64.3800000  36.5600000  80.7800000
  64.3000000  37.2800000  79.7900000  63.5700000  36.6900000  81.8300000
  63.6381818  36.0339916  82.5940234  62.5000000  37.7000000  81.8900000
  62.6397219  38.4221002  81.0856420  61.1300000  37.0600000  81.6800000
  60.3696858  37.8410930  81.6863305  61.0400000  36.2800000  80.3600000
  60.0096904  35.9595038  80.2021791  61.3341727  36.9247917  79.5315534
  61.6842203  35.4003253  80.3807156  60.8700000  36.1400000  82.7100000
  59.9609377  36.2846831  83.0003184  62.5100000  38.5100000  83.1900000
  61.9700000  39.6200000  83.2300000  63.1800000  38.0100000  84.2400000
  63.6092744  37.1017020  84.1520489  63.3100000  38.6900000  85.5200000
  62.3065409  38.9273937  85.8678792  63.9100000  37.7000000  86.5400000
  63.2950956  36.7997839  86.5751128  64.9141612  37.4129435  86.2236807
  63.9700000  38.2900000  87.9400000  63.3300000  39.2700000  88.2800000
  64.7900000  37.7400000  88.8000000  64.8600843  38.1205231  89.7305638
  65.3492214  36.9435159  88.5290668  64.1800000  39.9700000  85.3900000
  65.3900000  39.8500000  85.1700000  63.6300000  41.1900000  85.5900000
  62.2500000  41.4600000  85.9700000  62.1544582  41.4021315  87.0543273
  61.5430477  40.7835732  85.4930475  61.9500000  42.8800000  85.5100000
  61.2214130  43.3707417  86.1557886  61.5976194  42.8590968  84.4773794
  63.3200000  43.5600000  85.5700000  63.4876768  43.9304376  86.5828049
  63.3944370  44.3789575  84.8537924  64.3200000  42.4400000  85.2500000
  64.5011645  42.4383585  84.1741252  65.6500000  42.6700000  85.9700000
  66.5600000  43.2700000  85.4100000  65.8000000  42.1600000  87.2000000
  65.0289913  41.6617630  87.6221714  67.0700000  42.2500000  87.9500000
  67.3676157  43.2984982  87.9704190  66.9000000  41.7900000  89.4200000
  66.0902316  42.3732504  89.8619930  66.5500000  40.3100000  89.5500000
  66.3000581  40.0792705  90.5858556  65.6830762  40.1203097  88.9309367
  67.3777101  39.6741296  89.2353313  68.1700000  42.0500000  90.2400000
  67.9868306  41.8168666  91.2892318  68.9931029  41.4345739  89.8800758
  68.4497875  43.1009787  90.1602495  68.2000000  41.4800000  87.2700000
  69.3200000  41.9600000  87.2400000  67.8900000  40.3300000  86.6800000
  66.9337393  40.0040150  86.6962673  68.8800000  39.5200000  85.9600000
  69.8141591  39.5755331  86.5139098  68.4100000  38.0600000  85.8500000
  67.4518629  37.9477308  86.3608686  68.2414797  37.7991477  84.8030937
  69.3800000  37.0400000  86.4600000  70.3700000  37.4500000  87.1200000
  69.0500000  35.8400000  86.3300000  69.1700000  40.0700000  84.5600000
  70.1600000  39.6900000  83.9500000  68.3200000  40.9600000  84.0500000
  67.4983511  41.2087635  84.5826226  68.5600000  41.6700000  82.8000000
  69.1186289  41.0218304  82.1258764  67.2300000  42.0400000  82.1400000
  66.6399858  42.6577974  82.8171207  67.4444544  42.6304926  81.2472389
  66.4100000  40.8100000  81.7300000  66.0476664  40.2843326  82.6127604
  65.2100000  41.2500000  80.8900000  64.5823983  40.3887503  80.6548017
  64.6090045  41.9626908  81.4558395  65.5427393  41.7174851  79.9625402
  67.2300000  39.8500000  80.8700000  66.5436467  39.1823014  80.3577626
  67.8004274  40.3981430  80.1192939  67.9018370  39.2594805  81.4931362
  69.4000000  42.9300000  82.9700000  70.1700000  43.2300000  82.0700000
  69.2400000  43.6500000  84.0800000  68.5910196  43.3233193  84.7823665
  69.7200000  45.0300000  84.2000000  70.1438095  45.3357752  83.2471097
  68.4900000  45.9000000  84.4600000  67.6456462  45.4964222  83.8981767
  68.2329293  45.8395255  85.5183008  68.6100000  47.3200000  84.0500000
  68.2000000  48.3500000  84.8200000  67.7533940  48.2281382  85.7880890
  68.4500000  49.5500000  84.2000000  68.2763420  50.4446947  84.6382222
  68.9200000  49.3500000  82.9300000  69.2200000  50.2200000  81.8900000
  69.0403606  51.2661821  82.0177903  69.7200000  49.7200000  80.6800000
  69.9304547  50.3875955  79.8577989  69.8900000  48.3400000  80.5300000
  70.2199173  47.9820411  79.5706929  69.5500000  47.4500000  81.5700000
  69.6227129  46.3864169  81.4055793  69.0700000  47.9300000  82.8100000
  70.8300000  45.2300000  85.2500000  71.3700000  46.3200000  85.3900000
  71.1500000  44.1800000  86.0100000  70.6685090  43.3029330  85.8649668
  72.1500000  44.2200000  87.0800000  72.5915744  45.2163598  87.1283369
  71.4600000  43.9400000  88.4300000  70.3990103  44.1784871  88.3451771
  71.5439726  42.8886782  88.6887562  71.9800000  44.7500000  89.4700000
  71.7343697  45.6634669  89.2866534  73.2600000  43.2100000  86.8200000
  73.0200000  42.0200000  86.6400000  74.5100000  43.6800000  86.8500000
  74.6621282  44.6682168  86.9891948  75.6700000  42.7900000  86.8900000
  75.6349007  42.1688459  85.9950710  76.9600000  43.6300000  86.8400000
  77.8284136  42.9737401  86.7742191  76.9388205  44.2855498  85.9777624
  77.0400521  44.2375449  87.7409231  75.6100000  41.9000000  88.1500000
  75.2000000  42.3700000  89.2100000  76.0500000  40.6200000  88.0900000
  76.6000000  39.9700000  86.9100000  77.3650888  40.5824490  86.4325447
  75.7937533  39.7504899  86.2085045  77.2100000  38.6700000  87.4200000
  78.2328438  38.8535242  87.7530013  77.1869714  37.8874899  86.6609534
  76.3300000  38.3200000  88.6300000  76.8637811  37.6958262  89.3480276
  75.4274884  37.8122108  88.2858670  75.9500000  39.6900000  89.2100000
  74.9165880  39.6328712  89.5445657  76.8000000  40.0700000  90.4300000
  76.5200000  39.6500000  91.5400000  77.8400000  40.9000000  90.2300000
  78.0059607  41.2339531  89.2924055  78.8100000  41.3200000  91.2600000
  78.4420079  41.0114929  92.2395214  80.1100000  40.5500000  91.0000000
  79.8854023  39.4850995  90.9267865  80.5404920  40.8809811  90.0542309
  81.0600000  40.7300000  92.0300000  81.2986966  41.6618636  92.0648998
  78.9600000  42.8600000  91.3100000  80.0100000  43.3900000  91.6600000
  77.9200000  43.6100000  90.9100000  77.0728414  43.1542407  90.6000723
  77.8900000  45.0600000  91.1700000  78.8238676  45.4934471  90.8097385
  76.7500000  45.7400000  90.4000000  77.0599283  45.8998050  89.3675417
  75.8713478  45.0940231  90.4072630  76.3900000  46.9800000  90.9800000
  75.9592557  47.5255143  90.3149250  77.7900000  45.3400000  92.6700000
  77.1800000  44.5500000  93.4000000  78.3300000  46.4800000  93.1300000
  78.7898001  47.1026146  92.4813084  78.2000000  46.9100000  94.5200000
  78.7280695  46.1780024  95.1329354  78.8700000  48.2800000  94.7100000
  79.9025307  48.2148752  94.3629591  78.3548125  49.0261311  94.1032334
  78.8800000  48.7500000  96.1800000  79.4501962  49.6768503  96.2519142
  77.8596741  48.9492734  96.4998960  79.4700000  47.7200000  97.1400000
  78.7700000  47.0600000  97.8700000  80.7700000  47.5300000  97.1800000
  81.1413073  46.8364172  97.8118264  81.3828133  48.0591905  96.5803608
  76.7300000  46.9200000  94.9600000  76.3900000  46.2800000  95.9400000
  75.8100000  47.5500000  94.2000000  76.0862189  48.0261192  93.3522090
  74.3900000  47.5200000  94.5800000  74.3003072  47.9076971  95.5962366
  73.5600000  48.4200000  93.6700000  72.5002924  48.1939172  93.7945340
  73.7030778  49.4574272  93.9634404  73.8311864  48.2630486  92.6252705
  73.7800000  46.1000000  94.5800000  72.8200000  45.8500000  95.3100000
  74.3300000  45.1900000  93.7600000  75.1214634  45.4437327  93.1843719
  73.8900000  43.7900000  93.7700000  72.8007156  43.7987211  93.7621689
  74.3700000  43.0600000  92.5100000  74.2828738  43.7162724  91.6426509
  75.4188270  42.7866733  92.6256829  73.5600000  41.7900000  92.2600000
  74.1170769  41.1750635  91.5537385  73.4385032  41.2162197  93.1786842
  72.1900000  42.1100000  91.6500000  71.5750308  42.6365215  92.3800829
  72.3344511  42.7509993  90.7883922  71.4900000  40.8800000  91.2300000
  70.8011417  40.5064990  91.8662224  71.6900000  40.2300000  90.0900000
  70.9700000  39.1700000  89.7900000  71.1051089  38.6930364  88.9060349
  70.2842822  38.8279873  90.4459896  72.5800000  40.6200000  89.2300000
  73.1542989  41.4262582  89.4297147  72.6679872  40.1482659  88.3417845
  74.3300000  43.0600000  95.0400000  73.5100000  42.3500000  95.6100000
  75.5500000  43.3000000  95.5200000  76.1670796  43.9142357  95.0079119
  76.0200000  42.8000000  96.8200000  75.8618920  41.7239258  96.8454576
  77.5200000  43.0900000  97.0000000  77.7245061  44.1254008  96.7254333
  77.7452493  42.9882697  98.0632062  78.4800000  42.1600000  96.2300000
  78.3908595  42.3371956  95.1571399  79.9100000  42.4900000  96.6900000
  80.6267486  41.8928214  96.1261564  80.1209223  43.5448155  96.5098965
  80.0278958  42.2798960  97.7538381  78.2500000  40.6700000  96.5300000
  79.0517923  40.0756033  96.0913186  78.2263149  40.4988634  97.6071489
  77.3109428  40.3374458  96.0891302  75.2200000  43.3800000  98.0000000
  74.8100000  42.6200000  98.8700000  74.9300000  44.6900000  98.0000000
  75.3026235  45.2823419  97.2707428  74.1000000  45.3100000  99.0500000
  74.5421414  45.0852698 100.0180744  74.0200000  46.8300000  98.8500000
  73.5175532  47.0293728  97.9021459  73.3981507  47.2485868  99.6399898
  75.3500000  47.5900000  98.8400000  75.9577137  47.2544228  98.0149180
  75.1237293  48.6422905  98.6577059  76.2100000  47.5000000 100.1100000
  75.9900000  46.6400000 100.9700000  77.1400000  48.3200000 100.2000000
  72.6700000  44.7700000  99.0800000  72.0800000  44.6200000 100.1500000
  72.1100000  44.4600000  97.9000000  72.6321715  44.6230517  97.0504078
  70.8500000  43.7300000  97.8100000  70.1177891  44.2575258  98.4239237
  70.3200000  43.7300000  96.3600000  70.0697405  44.7521151  96.0736085
  71.0752099  43.3425757  95.6768809  69.0700000  42.8400000  96.2900000
  69.3534281  41.7975335  96.4410741  68.4003697  43.1418806  97.0979591
  68.3000000  42.9400000  94.9700000  68.2044724  43.9866676  94.6949464
  68.8323108  42.3957501  94.1889480  66.8800000  42.4000000  95.1300000
  66.3092590  43.1169174  95.7228425  66.4165166  42.3241948  94.1458654
  66.8100000  41.0800000  95.8200000  67.3129685  40.3763344  95.2988126
  67.2167954  41.1516891  96.7451615  65.8461419  40.7995881  95.9386771
  70.9900000  42.3200000  98.3900000  70.1400000  41.9400000  99.1700000
  72.0400000  41.5800000  98.0300000  72.7216744  41.9531568  97.3838860
  72.2400000  40.2200000  98.5400000  71.3521484  39.6324770  98.3009931
  73.4500000  39.5500000  97.8700000  74.2321579  40.2833715  97.6782957
  73.8609871  38.8128361  98.5615438  73.1200000  38.8000000  96.5700000
  72.9192728  39.5385506  95.7918199  73.9921617  38.2210234  96.2630125
  71.9100000  37.8600000  96.6900000  71.8600000  37.1100000  97.6800000
  71.0300000  37.9300000  95.8100000  72.4000000  40.1900000 100.0700000
  71.8500000  39.3000000 100.7100000  73.0600000  41.1700000 100.6700000
  73.4969479  41.8991526 100.1236185  73.1000000  41.2500000 102.1300000
  73.3961910  40.2688306 102.5054047  74.1800000  42.2400000 102.5600000
  75.0948430  42.0398906 101.9994441  73.8622923  43.2580559 102.3280807
  74.4800000  42.1200000 104.0400000  73.6900000  42.8100000 104.9700000
  72.8952104  43.4591633 104.6309422  73.9100000  42.6400000 106.3500000
  73.3053037  43.1768016 107.0653950  74.9400000  41.7900000 106.7900000
  75.1600000  41.6400000 108.1200000  76.1025546  41.4949111 108.3249856
  75.7400000  41.0800000 105.8500000  76.5225325  40.4171960 106.1876438
  75.5000000  41.2500000 104.4800000  76.1071278  40.7203592 103.7595921
  71.7200000  41.5800000 102.7200000  71.2800000  40.9500000 103.6800000
  70.9900000  42.5400000 102.1500000  71.3518777  43.0360218 101.3464713
  69.6900000  42.9600000 102.7000000  69.8368528  43.2039124 103.7527744
  69.2300000  44.2300000 101.9900000  69.9900330  45.0038034 102.1094773
  69.1158076  44.0328082 100.9228541  67.9200000  44.7400000 102.5500000
  67.9100000  45.4400000 103.7600000  68.8345977  45.5944056 104.2839688
  66.7100000  45.9100000 104.3200000  66.7204026  46.4612333 105.2493126
  65.4900000  45.6100000 103.6900000  64.5606004  45.9376646 104.1306594
  65.4800000  44.8400000 102.5100000  64.5418840  44.5946746 102.0337623
  66.6900000  44.4200000 101.9300000  66.6743501  43.8276192 101.0265030
  68.6000000  41.8700000 102.6200000  67.9200000  41.6000000 103.6200000
  68.4800000  41.2100000 101.4600000  69.0898822  41.4710011 100.6974038
  67.5200000  40.1200000 101.2100000  66.5061441  40.5028266 101.3316469
  67.6900000  39.6300000  99.7600000  68.5368336  40.1105765  99.2791119
  67.9205755  38.5629392  99.7654847  66.4600000  39.8400000  98.8900000
  66.2600000  40.9900000  98.4100000  65.7900000  38.8600000  98.5400000
  67.7200000  38.9400000 102.1800000  66.7600000  38.2300000 102.4900000
  68.9500000  38.7700000 102.6800000  69.6741770  39.4087105 102.3811181
  69.3600000  37.6600000 103.5300000  68.8625117  36.7600781 103.1644177
  70.8800000  37.4800000 103.3600000  71.1288563  37.6133280 102.3107911
  71.4192254  38.2241482 103.9445527  71.3500000  36.0700000 103.7300000
  71.0820950  35.8572001 104.7648744  70.8487693  35.3431164 103.0889805
  72.8700000  35.9300000 103.5800000  73.6500000  36.2700000 104.4500000
  73.3500000  35.4200000 102.4700000  72.7234919  35.1616389 101.7231467
  74.3470854  35.3170180 102.3632109  68.9900000  37.8500000 105.0100000
  68.5900000  36.8800000 105.6500000  69.1200000  39.0600000 105.5600000
  69.4112823  39.8317626 104.9745378  68.9100000  39.3200000 107.0000000
  69.0186682  38.3787973 107.5408591  69.9900000  40.2600000 107.5400000
  70.0097182  41.1700837 106.9386552  69.7362309  40.5430334 108.5617095
  71.3700000  39.6500000 107.5500000  72.1000000  39.3400000 106.4100000
  71.8397124  39.5252830 105.4488559  73.2600000  38.8200000 106.8400000
  74.0687876  38.4979904 106.1965180  73.2800000  38.7900000 108.1900000
  74.0480964  38.4690856 108.7632581  72.0900000  39.3100000 108.6500000
  71.7891824  39.4320864 109.6810667  67.5200000  39.8500000 107.3500000
  67.1000000  39.6800000 108.4900000  66.8100000  40.4900000 106.4200000
  67.2058994  40.6220240 105.4989932  65.4900000  41.1200000 106.6800000
  65.1874011  40.9229038 107.7086336  65.6500000  42.6400000 106.5400000
  65.8143225  42.8809429 105.4880051  64.7216545  43.1245741 106.8453119
  66.7900000  43.2100000 107.3600000  68.0400000  43.4500000 106.7700000
  68.1988476  43.2341228 105.7238848  69.0900000  43.9900000 107.5400000
  70.0424884  44.2040467 107.0785222  68.8800000  44.2900000 108.8900000
  69.6689843  44.7499811 109.4548638  67.6400000  43.9900000 109.5000000
  67.4783974  44.1896723 110.5488992  66.6100000  43.4300000 108.7300000
  65.6735784  43.1713198 109.1859067  64.3700000  40.5800000 105.7800000
  63.2000000  40.9500000 105.9100000  64.7400000  39.7100000 104.8400000
  65.7082910  39.4300365 104.7921555  63.8800000  39.2900000 103.7500000
  64.3006465  38.3810442 103.3216001  62.8879102  39.0579588 104.1381109
  63.7500000  40.3700000 102.6500000  64.1000000  41.5400000 102.8400000
  63.2500000  39.9800000 101.4700000  62.9100000  38.6300000 101.0900000
  62.2891309  38.1416569 101.8417358  63.8391156  38.0893276 100.9458368
  62.1600000  38.7500000  99.7800000  61.1075354  38.8943455  99.9986441
  62.3130192  37.8835493  99.1392117  62.7100000  40.0300000  99.1400000
  61.9641005  40.5115925  98.5084246  63.5877012  39.8061483  98.5454284
  63.0900000  40.8900000 100.3500000  64.0472227  41.3737613 100.1466021
  62.0400000  41.9600000 100.6000000  61.0300000  41.7500000 101.2800000
  62.2300000  43.1000000  99.9400000  63.0641241  43.2047761  99.3808634
  61.2300000  44.1600000  99.8800000  61.0529228  44.5038878 100.9001682
  61.7600000  45.3400000  99.0600000  62.6900507  45.6957533  99.5054820
  61.9757526  45.0082333  98.0429939  60.7700000  46.4800000  99.0200000
  60.5800000  47.2500000 100.1800000  61.1515105  47.0192193 101.0638459
  59.6300000  48.2900000 100.1800000  59.4550260  48.8756881 101.0644496
  58.8500000  48.5500000  99.0400000  58.1079345  49.3347945  99.0521875
  59.0100000  47.7500000  97.9000000  58.4018288  47.9289452  97.0252144
  59.9600000  46.7100000  97.8900000  60.0598056  46.0883670  97.0117873
  59.9100000  43.6500000  99.3000000  59.9000000  42.8800000  98.3400000
  58.8000000  44.1000000  99.8800000  58.8817458  44.7701587 100.6297274
  57.4500000  43.6500000  99.5400000  57.4598331  42.5609432  99.5018715
  56.5100000  44.0500000 100.6900000  55.5024362  43.6990856 100.4780054
  56.8376570  43.5442864 101.5994771  56.4400000  45.5400000 100.9600000
  57.2800000  46.1500000 101.9000000  57.9928838  45.5574162 102.4552287
  57.2000000  47.5400000 102.1300000  57.8366115  48.0029642 102.8694566
  56.2800000  48.3200000 101.4000000  56.2194793  49.3843144 101.5710469
  55.4400000  47.7100000 100.4500000  54.7210152  48.3007433  99.9020837
  55.5400000  46.3300000 100.2300000  54.9015382  45.8700680  99.5093745
  56.9500000  44.1600000  98.1800000  57.4500000  45.1300000  97.6200000
  55.9000000  43.5100000  97.6700000  55.5283049  42.7384857  98.2037531
  55.1900000  43.8500000  96.4200000  55.9017174  44.2284205  95.6840424
  54.5000000  42.5800000  95.9100000  54.2427698  41.9374539  96.7481444
  53.5822256  42.8451065  95.3815565  55.3900000  41.8200000  94.9400000
  54.7935479  41.6394665  94.0475748  56.2642858  42.4127794  94.6761251
  55.8700000  40.4700000  95.4600000  56.6442704  40.6306334  96.2098934
  55.0449657  39.9252664  95.9215060  56.4200000  39.7000000  94.3200000
  57.4117245  39.7762433  94.1463756  55.6700000  38.9900000  93.4900000
  54.3900000  38.8400000  93.6600000  53.8161259  38.4066811  92.9504299
  53.9443404  39.3070645  94.4376602  56.1800000  38.4000000  92.4500000
  55.5702435  37.8806876  91.8378620  57.1663769  38.4931176  92.2587361
  54.1400000  44.9200000  96.6300000  53.6600000  45.0600000  97.7500000
  53.7600000  45.6500000  95.5800000  54.1854238  45.4930147  94.6768862
  52.7300000  46.6900000  95.6900000  52.1614004  46.4874512  96.5969401
  53.3100000  48.1100000  95.9000000  52.5627851  48.6752945  96.4573469
  54.6100000  48.1400000  96.7100000  54.8866080  49.1737342  96.9194865
  54.4607393  47.6268504  97.6575613  55.4228868  47.6624499  96.1611603
  53.5800000  48.8500000  94.7300000  54.1832618  48.3405959  94.1820450
  51.7300000  46.6300000  94.5400000  52.0800000  46.7300000  93.3600000
  50.4600000  46.5800000  94.9100000  50.2388931  46.4678376  95.8900036
  49.3600000  46.9000000  94.0200000  49.7140280  46.9529017  92.9928734
  48.2800000  45.8200000  94.0900000  47.9649089  45.6739528  95.1143193
  47.4205596  46.1938093  93.5475152  48.7000000  44.4800000  93.4700000
  47.8039230  43.8913934  93.2767101  49.1971023  44.6470525  92.5176134
  49.6000000  43.6600000  94.4100000  49.0600000  43.1900000  95.4400000
  50.8000000  43.5000000  94.0900000  51.2551327  42.9341673  94.7212121
  48.8200000  48.2800000  94.4200000  48.2600000  48.4400000  95.5000000
  49.0300000  49.2900000  93.5800000  49.4984246  49.1221254  92.7005380
  48.4800000  50.6300000  93.8300000  48.2911346  50.7237432  94.8943575
  49.4600000  51.7500000  93.4600000  49.9346758  51.4900901  92.5184527
  48.8931536  52.6686254  93.3110333  50.5200000  52.0000000  94.5600000
  50.0933112  51.7879500  95.5408008  51.3536571  51.3126586  94.4076682
  51.0300000  53.4400000  94.6000000  50.3000000  54.4000000  94.4600000
  52.3000000  53.6800000  94.8800000  52.9372808  52.9126985  95.0294183
  52.6153149  54.6365862  94.9418653  47.1400000  50.8700000  93.1300000
  46.8400000  50.2800000  92.0800000  46.3800000  51.8200000  93.6700000
  46.6986635  52.2637547  94.5210601  45.1200000  52.2900000  93.1100000
  45.1521564  52.1258702  92.0366759  43.9600000  51.4800000  93.7300000
  44.3198886  50.5264698  94.1221703  43.5324802  52.0558739  94.5434457
  42.8300000  51.2200000  92.7500000  42.5374607  52.1560713  92.2768457
  43.2600000  50.2100000  91.7000000  42.4683653  50.1393938  90.9627583
  44.1788882  50.5300452  91.2236166  43.4231343  49.2304550  92.1514066
  41.6200000  50.6100000  93.4700000  40.8418692  50.3799364  92.7423178
  41.9048715  49.6969656  93.9945359  41.2150469  51.3219356  94.1841523
  44.9600000  53.7900000  93.3500000  44.8800000  54.2300000  94.4900000
  44.9100000  54.5700000  92.2800000  44.9683553  54.1426879  91.3707067
  44.8100000  56.0200000  92.3200000  44.9738651  56.3556334  93.3421755
  45.8700000  56.7100000  91.4400000  45.5408994  56.6787521  90.4042860
  45.9700000  58.1900000  91.8500000  46.7984245  58.6649437  91.3265651
  45.0459771  58.7068520  91.5889519  46.1328085  58.2843746  92.9238397
  47.2600000  56.0400000  91.4600000  47.1986039  55.0537608  90.9991402
  47.9386710  56.6335900  90.8454914  47.8800000  55.8900000  92.8500000
  48.9150291  55.5800209  92.7225943  47.8677233  56.8386046  93.3837132
  47.3576220  55.1365844  93.4356132  43.3800000  56.3500000  91.9100000
  43.0600000  56.4300000  90.7200000  42.5100000  56.4800000  92.9100000
  42.8443849  56.3721311  93.8598058  41.1100000  56.8500000  92.7300000
  40.7693305  56.4486233  91.7748492  40.2200000  56.2500000  93.8400000
  40.5365773  56.6693489  94.7889357  38.7400000  56.6200000  93.6500000
  38.1217126  56.0597796  94.3524452  38.5891111  57.6815422  93.8472236
  38.4242771  56.3953372  92.6313298  40.3600000  54.7200000  93.9700000
  41.3890683  54.4675791  94.2298342  39.7325090  54.3785602  94.7924233
  39.9700000  53.9400000  92.7100000  40.6416483  54.2005131  91.8944765
  40.0461935  52.8729879  92.9035438  38.9382387  54.1559586  92.4346014
  40.9700000  58.3700000  92.6700000  41.6700000  59.1100000  93.3700000
  40.0500000  58.8400000  91.8400000  39.5227227  58.1742284  91.2920906
  39.7300000  60.2500000  91.6500000  40.0156889  60.8331919  92.5275984
  40.4300000  60.7900000  90.4100000  39.9932549  60.2836720  89.5532818
  40.2164650  61.8563222  90.3168364  41.9500000  60.5900000  90.3700000
  42.4268181  61.2110298  91.1292589  42.2037242  59.5467500  90.5576831
  42.4600000  60.9800000  88.9800000  41.6234520  61.2612275  88.3435486
  43.0465727  61.8864708  89.0497522  43.1800000  59.8700000  88.3200000
  42.8622087  58.9470379  88.5821107  44.0800000  59.9200000  87.3400000
  44.4800000  58.8300000  86.7500000  45.1399927  58.8719052  85.9846703
  44.1066913  57.9395036  87.0387905  44.6000000  61.0500000  86.9300000
  45.2736947  61.0479651  86.1790595  44.3273809  61.9177306  87.3645490
  38.2400000  60.3900000  91.3900000  37.6400000  59.4900000  90.8100000
  37.7000000  61.5500000  91.7200000  38.2785520  62.2506637  92.1597025
  36.3200000  61.9000000  91.4700000  35.7941904  61.0607664  91.0169553
  35.6700000  62.1400000  92.8100000  34.6216623  62.3329012  92.6275247
  35.7740710  61.2534999  93.4332214  36.1203368  62.9917719  93.3214502
  36.2000000  63.1400000  90.5800000  36.4900000  64.2400000  91.0500000
  35.8400000  63.0100000  89.2900000  35.6800000  61.7400000  88.6000000
  34.8028659  61.2194352  88.9704576  36.5713108  61.1337705  88.7429451
  35.4800000  62.0800000  87.1300000  34.4230271  62.0877397  86.9217678
  35.9654453  61.3802767  86.4578890  36.0400000  63.4900000  86.9900000
  35.5578998  64.0398630  86.1807367  37.1150790  63.4308515  86.8130845
  35.7900000  64.1300000  88.3600000  36.5984010  64.8321987  88.5694344
  34.4600000  64.9000000  88.3800000  34.4300000  66.0500000  87.9500000
  33.3500000  64.2900000  88.8400000  33.4282951  63.3483375  89.1964630
  31.9900000  64.8500000  88.7500000  31.9855780  65.5936414  87.9554296
  30.9900000  63.7300000  88.3400000  31.2795740  62.8008670  88.8343048
  29.9952072  63.9703504  88.7120332  30.8100000  63.4600000  86.8400000
  30.0616688  62.6715737  86.7451710  30.2900000  64.6700000  86.0600000
  29.9998896  64.3614766  85.0553469  29.4155057  65.0838911  86.5628823
  31.0575553  65.4403542  85.9828198  32.0800000  62.9600000  86.1700000
  31.8867844  62.7663926  85.1146893  32.8771836  63.6971427  86.2478497
  32.3528327  62.0158444  86.6368085  31.5300000  65.6200000  90.0100000
  30.3300000  65.7900000  90.2300000  32.4600000  66.0800000  90.8400000
  33.4329540  65.9457239  90.6047758  32.1600000  66.7400000  92.1100000
  31.1425327  67.1319580  92.0740548  32.2200000  65.7400000  93.2900000
  31.4319054  64.9955354  93.1712647  33.5600000  65.0400000  93.3200000
  33.7504321  64.6291284  94.3035040  33.5379591  64.2334878  92.5913004
  34.3496622  65.7163824  93.0375684  32.0400000  66.3800000  94.5200000
  31.6900854  65.7473807  95.1554050  33.0900000  67.9400000  92.3200000
  34.2200000  67.9800000  91.8200000  32.5800000  68.9300000  93.0400000
  31.6357811  68.8263110  93.3896875  33.2800000  70.1200000  93.4700000
  34.2303745  70.1848150  92.9395908  32.4800000  71.3800000  93.1300000
  33.0273657  72.2475422  93.5037258  32.4525328  71.4712756  92.0432594
  31.0300000  71.4500000  93.6300000  30.3100000  70.4200000  93.5700000
  30.6300000  72.5800000  93.9900000  33.5900000  70.0500000  94.9700000
  33.0000000  69.3000000  95.7500000  34.5500000  70.8600000  95.4100000
  35.0226151  71.4652333  94.7557593  34.8500000  71.0100000  96.8300000
  35.0100102  70.0067048  97.2251384  36.1400000  71.8100000  97.0700000
  36.2568435  71.9840831  98.1400373  36.9925629  71.2306397  96.7116820
  36.1200000  73.1700000  96.3600000  36.1151751  73.0089991  95.2815764
  35.2313097  73.7296373  96.6413563  37.3300000  74.0100000  96.7500000
  37.4184225  74.0575101  97.8364647  38.2343906  73.5584470  96.3398180
  37.1700000  75.4400000  96.2100000  36.3608015  75.9293818  96.7548833
  38.0929267  75.9934308  96.3889862  36.8500000  75.4600000  94.7600000
  36.7253738  76.4134823  94.4482972  37.6005573  75.0313081  94.2362381
  35.9936529  74.9481056  94.5952521  33.6800000  71.6300000  97.6000000
  33.1300000  72.6500000  97.1900000  33.4200000  71.0900000  98.7900000
  33.9507609  70.2768389  99.0691602  32.4800000  71.6400000  99.7500000
  31.9825050  72.5002636  99.3001963  31.3800000  70.6000000 100.0300000
  30.5568668  71.0957570 100.5460456  30.9893828  70.2254814  99.0814438
  31.8300000  69.4400000 100.8800000  32.2300000  69.5200000 102.2100000
  32.2591001  70.3549783 102.7825823  32.5400000  68.2700000 102.5800000
  32.8942669  67.9934135 103.5624065  32.3600000  67.4200000 101.5600000
  32.5471846  66.4218403 101.5710892  31.9100000  68.1300000 100.4700000
  31.6749747  67.7395061  99.4872005  33.2200000  72.1600000 101.0000000
  34.4400000  71.9900000 101.1300000  32.5000000  72.8500000 101.8800000
  31.5148881  72.9869849 101.7028629  33.0400000  73.4300000 103.1100000
  34.1264446  73.3404443 103.1083723  32.7000000  74.9300000 103.2000000
  31.6125299  75.0254328 103.2016672  33.2200000  75.5300000 104.5200000
  33.0784247  76.6121070 104.5279471  32.6648658  75.1130546 105.3571185
  34.2752609  75.2929076 104.6547619  33.2300000  75.7600000 102.0000000
  32.9278601  75.2919486 101.0632938  32.7594683  76.7438867 102.0295427
  34.7500000  75.9700000 101.9800000  35.2559687  75.0118335 102.0554756
  35.0346532  76.4458140 101.0412006  35.0601797  76.6147438 102.8022307
  32.5100000  72.6400000 104.3100000  31.3200000  72.3300000 104.3800000
  33.4000000  72.3600000 105.2600000  34.3602637  72.6426689 105.1196635
  33.0400000  71.9500000 106.6100000  31.9808644  71.6916033 106.6386371
  33.8300000  70.6800000 107.0000000  33.4869341  69.8519558 106.3785241
  34.8827133  70.8337995 106.7804045  33.6700000  70.2900000 108.4600000
  32.4100000  69.9400000 108.9700000  31.5569998  69.8801227 108.3098044
  32.2300000  69.7300000 110.3500000  31.2479535  69.5102760 110.7446515
  33.3300000  69.8700000 111.2300000  33.1700000  69.7100000 112.5700000
  33.9961214  69.5857432 113.0414794  34.6100000  70.1400000 110.7200000
  35.4598470  70.2105872 111.3822708  34.7700000  70.3600000 109.3400000
  35.7474199  70.5876821 108.9719677  33.2600000  73.1200000 107.5700000
  34.3000000  73.7800000 107.5500000  32.2800000  73.3600000 108.4300000
  31.4498475  72.7863168 108.3774434  32.2500000  74.4500000 109.4000000
  33.1106621  75.0990427 109.2459086  31.0000000  75.3300000 109.2300000
  30.1177537  74.8176905 109.6168557  31.1479529  76.2272530 109.8323737
  30.7200000  75.7600000 107.7800000  30.2536574  76.7464027 107.8068781
  31.6516514  75.8589601 107.2258362  29.7700000  74.7900000 107.0700000
  29.9800000  73.6000000 106.9300000  28.6200000  75.2500000 106.6300000
  28.3924681  76.2263076 106.7417414  27.9719836  74.6135312 106.1933268
  32.2900000  73.8200000 110.7900000  31.3200000  73.1500000 111.1700000
  33.3800000  73.9600000 111.5600000  34.6100000  74.6500000 111.2400000
  34.4825780  75.7185203 111.4185937  34.9237527  74.4702390 110.2115744
  35.6500000  74.0800000 112.2000000  36.4087094  74.8205595 112.4559232
  36.1108270  73.2017900 111.7457237  34.8300000  73.6500000 113.4300000
  34.8096846  74.4554995 114.1535237  35.2402372  72.7488401 113.8866319
  33.4100000  73.4100000 112.9000000  33.2235479  72.3378986 112.8508524
  32.3400000  74.0900000 113.7600000  32.3300000  75.3200000 113.8700000
  31.4500000  73.3200000 114.3900000  31.4834452  72.3191719 114.2650019
  30.3700000  73.8700000 115.2100000  29.7564746  74.4908424 114.5547258
  29.4600000  72.7400000 115.7200000  28.7217665  72.5058907 114.9516324
  30.0607366  71.8412409 115.8711047  28.7400000  73.0500000 117.0300000
  27.6600000  73.9600000 117.0500000  27.2994061  74.3953095 116.1286298
  27.0700000  74.3200000 118.2700000  26.2439135  75.0155289 118.2860409
  27.5700000  73.7900000 119.4800000  27.0000000  74.1600000 120.6600000
  27.4418395  73.7785103 121.4212871  28.6500000  72.8900000 119.4600000
  29.0245528  72.4755004 120.3839166  29.2300000  72.5100000 118.2400000
  30.0644890  71.8260918 118.2372932  30.8400000  74.7900000 116.3600000
  30.2300000  75.8500000 116.5200000  31.8600000  74.4500000 117.1900000
  32.6700000  73.2300000 117.1700000  33.1649699  73.0877550 116.2115075
  32.0500271  72.3668212 117.4058359  33.7400000  73.4100000 118.2500000
  34.6251733  73.8761842 117.8146471  34.0014536  72.4618453 118.7203944
  33.0800000  74.3700000 119.2400000  33.8166911  74.9526945 119.7950610
  32.4588035  73.7986059 119.9311394  32.1800000  75.2500000 118.3700000
  31.2647705  75.4626185 118.9255057  32.8500000  76.5800000 118.0200000
  32.4600000  77.6300000 118.5300000  33.9100000  76.5400000 117.2100000
  34.1726369  75.6455504 116.8210882  34.7200000  77.6900000 116.8000000
  34.0542154  78.4748222 116.4391518  35.5400000  78.2300000 117.9900000
  35.8669208  79.2428510 117.7527763  34.9283557  78.2718473 118.8906422
  36.7000000  77.4400000 118.2300000  36.4222868  76.5583806 118.4891479
  35.6700000  77.2800000 115.6700000  35.9300000  76.0900000 115.4800000
  36.2400000  78.2500000 114.9500000  35.9856776  79.2100884 115.1293570
  37.3200000  78.0100000 113.9900000  38.2298869  78.4625296 114.3847165
  37.5036322  76.9416631 113.8748968  37.0500000  78.5900000 112.6100000
  35.9800000  79.1400000 112.3500000  38.0500000  78.5000000 111.7300000
  38.9088255  78.0490368 112.0090511  37.9300000  78.8900000 110.3300000
  37.3080784  79.7836632 110.2597706  39.3400000  79.2500000 109.8300000
  39.2877208  79.5716898 108.7894113  39.7515093  80.0616802 110.4314565
  39.9937355  78.3791903 109.8994499  37.2800000  77.7700000 109.4900000
  37.3500000  76.6000000 109.8600000  36.7100000  78.1400000 108.3400000
  36.6806796  79.1194004 108.0976142  36.2200000  77.1800000 107.3500000
  35.4525941  76.5658613 107.8240228  35.5900000  77.8900000 106.1500000
  36.3042889  78.6153522 105.7560372  35.4040456  77.1593498 105.3653222
  34.2700000  78.6000000 106.4600000  33.5300000  78.1100000 107.3500000
  33.9800000  79.5800000 105.7600000  37.3300000  76.2500000 106.8600000
  38.4700000  76.6800000 106.6300000  36.9900000  74.9800000 106.6500000
  36.0475070  74.6803548 106.8608436  37.9300000  73.9900000 106.1200000
  38.8539878  74.5036414 105.8724093  38.3600000  72.9500000 107.1800000
  39.2058756  72.3970802 106.7733448  38.8100000  73.6200000 108.5000000
  39.2627223  72.8793533 109.1596155  39.5503514  74.3917997 108.2865403
  37.9607194  74.0740361 109.0119750  37.2900000  71.9500000 107.5600000
  37.6663090  71.3243859 108.3650668  36.3956134  72.4699417 107.8926223
  37.0691584  71.3028345 106.7135878  37.3400000  73.3900000 104.8200000
  36.2700000  72.7900000 104.8500000  37.9900000  73.5900000 103.6600000
  39.1700000  74.4200000 103.4600000  40.0305616  74.0107778 103.9902590
  38.9601273  75.4335959 103.8039929  39.4400000  74.4400000 101.9600000
  40.1912638  73.6937729 101.7262499  39.7659558  75.4236283 101.6215643
  38.1000000  74.0400000 101.3300000  38.2325921  73.5483935 100.3650253
  37.4758106  74.9269821 101.2216311  37.5000000  73.1100000 102.3800000
  36.4137398  73.1649692 102.3369434  37.9500000  71.6700000 102.1400000
  39.1200000  71.3600000 102.3200000  37.0300000  70.8100000 101.7100000
  36.0823974  71.1248411 101.5618419  37.3600000  69.4300000 101.3500000
  38.3554815  69.2074113 101.7036829  36.4300000  68.4400000 102.0300000
  35.4131840  68.8346933 102.0215557  36.4242624  67.5196009 101.4462283
  36.8100000  68.0700000 103.4400000  37.8400000  68.7400000 104.1500000
  38.3708826  69.5708409 103.7369070  38.1800000  68.3400000 105.4500000
  38.9411378  68.8825238 105.9798529  37.5100000  67.2600000 106.0400000
  37.7694929  66.9275978 107.0293224  36.5300000  66.5600000 105.3200000
  36.0567167  65.6886177 105.7401487  36.1600000  66.9800000 104.0400000
  35.4109310  66.4279196 103.4901016  37.4200000  69.2100000  99.8500000
  36.5800000  69.7200000  99.1100000  38.4200000  68.4400000  99.4300000
  39.0749453  68.0758237 100.1076699  38.6000000  68.0500000  98.0500000
  38.6805100  68.9620452  97.4585426  39.5322345  67.4984246  97.9609017
  37.4500000  67.1800000  97.5200000  36.7800000  66.4900000  98.3000000
  37.2800000  67.1500000  96.1800000  38.1500000  67.8100000  95.2200000
  39.1959884  67.7606201  95.5226662  37.8386246  68.8494409  95.1101704
  37.9700000  67.0800000  93.8900000  38.7197006  66.2984991  93.7865662
  38.0302362  67.7688910  93.0465154  36.5800000  66.4800000  94.0200000
  36.5292634  65.5241804  93.4989844  35.8738625  67.1899685  93.5949940
  36.2700000  66.3400000  95.5100000  35.2960759  66.7958812  95.6967183
  36.1900000  64.8600000  95.9800000  35.1100000  64.4000000  96.3200000
  37.2900000  64.0800000  96.0800000  38.6900000  64.4100000  95.8600000
  38.9846642  65.3456465  96.3239735  38.8941540  64.4211037  94.7904723
  39.4700000  63.2700000  96.5000000  39.5433387  63.4229808  97.5779166
  40.4573214  63.1413842  96.0677344  38.5700000  62.0800000  96.2000000
  38.7787030  61.2347201  96.8481834  38.6644365  61.7954524  95.1501946
  37.1800000  62.6700000  96.4600000  36.4526802  62.1667073  95.8219338
  36.7800000  62.4400000  97.9300000  36.4500000  61.3100000  98.2800000
  36.7900000  63.4800000  98.7800000  37.0456514  64.3947816  98.4335142
  36.3600000  63.3900000 100.1900000  36.5809902  62.3863607 100.5515590
  37.1600000  64.3800000 101.0500000  36.9585324  65.3889640 100.6934401
  36.7961034  64.3142106 102.0761873  38.6900000  64.1600000 101.0800000
  39.1092763  64.3339949 100.0879381  39.3000000  65.1600000 102.0600000
  40.3869604  65.0722278 102.0505778  39.0322733  66.1735219 101.7637833
  38.9351901  64.9782864 103.0713285  39.0600000  62.7500000 101.5500000
  40.1419104  62.6696107 101.6614319  38.5845805  62.5325925 102.5068345
  38.7434408  62.0139742 100.8116975  34.8500000  63.5600000 100.3600000
  34.3600000  63.8300000 101.4600000  34.0700000  63.4200000  99.2900000
  34.4887182  63.2381236  98.3883782  32.6100000  63.3900000  99.3800000
  32.2862339  64.2688872  99.9382524  32.0000000  63.4600000  97.9800000
  32.6915543  63.9633212  97.3036174  31.8242405  62.4538224  97.6144662
  30.6900000  64.2300000  97.9800000  29.9200000  64.0400000  98.9500000
  30.4700000  64.9400000  96.9700000  32.1400000  62.1200000 100.1000000
  32.6900000  61.0400000  99.8800000  31.0600000  62.1900000 100.8800000
  30.5633800  63.0648358 100.9823821  30.5800000  60.9900000 101.6000000
  31.4250063  60.5997239 102.1680224  29.4600000  61.3500000 102.6000000
  29.8165311  62.1599280 103.2325947  28.1900000  61.8500000 101.9000000
  27.4907814  62.2276577 102.6464334  28.4244828  62.6641067 101.2133271
  27.7011170  61.0417066 101.3565007  29.1100000  60.1600000 103.5200000
  28.3222137  60.4936213 104.1972774  28.7024199  59.3382458 102.9372322
  30.2600000  59.6500000 104.3900000  30.9916951  60.4362514 104.5655245
  29.8711303  59.2985046 105.3475588  30.7533889  58.8213231 103.8806527
  30.1400000  59.9100000 100.6100000  30.4000000  58.7300000 100.8000000
  29.5200000  60.3200000  99.5000000  29.3809965  61.3117753  99.3624695
  28.9300000  59.4100000  98.5100000  28.3107625  58.6876327  99.0431516
  28.0300000  60.1700000  97.5100000  28.5386981  60.2264844  96.5462467
  27.1535753  59.5435478  97.3402682  27.5800000  61.6100000  97.8500000
  27.7053687  61.8343441  98.9062738  28.1761685  62.3235492  97.2788223
  26.1100000  61.8200000  97.5600000  25.6800000  62.5200000  96.6500000
  25.2400000  61.1900000  98.3100000  25.5416178  60.5808769  99.0657385
  24.2573268  61.3410573  98.1402451  30.0200000  58.6500000  97.7600000
  29.9100000  57.4600000  97.4700000  31.1000000  59.3700000  97.4600000
  31.1175318  60.3411675  97.7375398  32.2800000  58.8700000  96.7800000
  31.9588668  58.2634994  95.9310132  33.0900000  60.0600000  96.2500000
  33.4197258  60.6766932  97.0883735  34.3300000  59.5500000  95.4900000
  34.3203362  59.8858393  94.4551746  35.2328629  59.9188733  95.9780464
  34.3730251  58.4639293  95.4632987  32.1500000  60.8900000  95.3500000
  31.7849284  60.2567605  94.5392346  31.2781600  61.2577001  95.8879978
  32.8500000  62.0800000  94.7500000  32.8395933  61.9695488  93.6687969
  32.2821854  62.9769830  94.9959691  33.8671864  62.1973011  95.1237720
  33.0900000  57.9900000  97.7200000  33.5300000  56.9300000  97.2800000
  33.2000000  58.3800000  98.9900000  32.7994798  59.2676773  99.2585764
  33.8400000  57.5900000 100.0400000  34.8430450  57.3727094  99.7087771
  33.9900000  58.4100000 101.3400000  33.0453387  58.9020776 101.5706134
  34.2084964  57.7150068 102.1521501  35.1300000  59.4500000 101.2900000
  34.9363793  60.1901634 100.5170103  35.2000000  60.1500000 102.6400000
  35.9616387  60.9299748 102.6156957  34.2388531  60.6165838 102.8585228
  35.4405486  59.4354184 103.4283337  36.5100000  58.8200000 101.0200000
  37.2942421  59.5614572 101.1773221  36.6787304  57.9750863 101.6880581
  36.5800917  58.4911214  99.9844617  33.1400000  56.2500000 100.2700000
  33.8100000  55.2300000 100.3700000  31.8100000  56.2100000 100.2100000
  31.2890391  57.0704189 100.1025163  31.0700000  54.9400000 100.2200000
  31.4065102  54.3643695 101.0827868  29.5700000  55.2300000 100.3900000
  29.2766058  56.0788303  99.7704213  29.0022779  54.3590428 100.0577528
  29.2100000  55.4900000 101.8300000  29.3700000  54.5600000 102.8500000
  29.8275753  53.6618432 102.7772760  28.8300000  55.1000000 103.9500000
  28.7880430  54.6265359 104.9219990  28.3700000  56.3300000 103.6900000
  27.8875387  56.9333016 104.3507171  28.6000000  56.6000000 102.3500000
  28.2937362  57.4779525 101.8014059  31.3800000  54.0900000  98.9800000
  31.6900000  52.9100000  99.1200000  31.4200000  54.6700000  97.7800000
  31.2170639  55.6574393  97.7074318  31.6600000  53.9200000  96.5300000
  30.9995464  53.0524490  96.5162765  31.2900000  54.8000000  95.3300000
  31.8484386  55.7345761  95.4024034  31.5865793  54.2994054  94.4075476
  29.7900000  55.1100000  95.2500000  29.2635664  54.2139025  94.9196810
  29.4014114  55.3600412  96.2343352  29.4600000  56.2500000  94.2900000
  30.2500000  56.6900000  93.4700000  28.2500000  56.7700000  94.3300000
  27.5753298  56.4166656  94.9910586  28.0192888  57.5272403  93.7047222
  33.1000000  53.4100000  96.3600000  33.3100000  52.3600000  95.7500000
  34.1000000  54.1500000  96.8700000  33.8840846  55.0328198  97.3118080
  35.4900000  53.6600000  96.9800000  35.7456545  53.1879177  96.0301594
  36.5200000  54.8000000  97.2000000  36.4520256  55.4888865  96.3566400
  36.2700000  55.5700000  98.4800000  36.9120104  56.4499343  98.5276839
  35.2446408  55.8726171  98.4651061  36.4383190  54.9422309  99.3527176
  37.9600000  54.3000000  97.3100000  38.6471187  55.1472835  97.3127978
  38.1107073  53.7195901  98.2213163  38.1876417  53.6677196  96.4519056
  35.6100000  52.5900000  98.0600000  36.3600000  51.6400000  97.8600000
  34.8700000  52.7000000  99.1700000  34.2713574  53.5040914  99.3024458
  34.8500000  51.6400000 100.1800000  35.8932764  51.4336221 100.4156862
  34.1500000  52.1000000 101.4700000  34.6577971  52.9917852 101.8380233
  33.1148308  52.3614625 101.2539724  34.1700000  51.0200000 102.5700000
  33.5178362  50.1951360 102.2801535  35.5700000  50.4800000 102.8200000
  35.5342882  49.7664523 103.6425438  35.9593163  49.9472957 101.9568022
  36.2436155  51.2969953 103.0747201  33.6800000  51.5800000 103.9000000
  33.6033696  50.7789087 104.6343992  34.3630431  52.3450203 104.2702787
  32.6918888  52.0207404 103.7681963  34.2300000  50.3500000  99.6100000
  34.8100000  49.2900000  99.7700000  33.1300000  50.4500000  98.8800000
  32.7026938  51.3568413  98.7655360  32.5100000  49.3200000  98.1700000
  32.2092509  48.5668879  98.8994439  31.2500000  49.8100000  97.4400000
  31.3030776  50.8814386  97.2481953  31.1745176  49.3055049  96.4747113
  30.0000000  49.4900000  98.2500000  29.9300000  49.9300000  99.4200000
  29.1400000  48.7600000  97.7100000  33.4900000  48.6600000  97.1900000
  33.6300000  47.4400000  97.1800000  34.2500000  49.4700000  96.4300000
  34.1059587  50.4707066  96.4723866  35.3200000  48.9400000  95.5700000
  34.8669215  48.2205891  94.8859651  35.9300000  50.0800000  94.7200000
  35.0957492  50.6149090  94.2643408  36.4628591  50.7822653  95.3605741
  36.8700000  49.6000000  93.5900000  36.4082542  48.7582017  93.0724257
  37.0700000  50.7400000  92.5800000  37.5014060  50.3503134  91.6573528
  36.1272432  51.2252605  92.3558276  37.7345373  51.5002627  92.9920947
  38.3000000  49.2300000  94.0100000  38.9113487  49.0521156  93.1251683
  38.7426079  50.0308211  94.6031841  38.3145336  48.3121613  94.5863919
  36.3700000  48.2100000  96.4000000  36.7700000  47.1100000  96.0300000
  36.8200000  48.8000000  97.5100000  36.4397319  49.7002921  97.7671810
  37.8700000  48.2400000  98.3600000  38.7212129  48.0343627  97.7223347
  38.3400000  49.3200000  99.3200000  38.6813398  50.1770852  98.7364178
  37.4778935  49.6270710  99.9116808  39.4700000  48.8900000 100.2600000
  39.1200257  48.0933303 100.9167472  40.3200066  48.5344092  99.6763626
  39.9000000  50.0800000 101.1200000  41.0600000  50.3600000 101.3900000
  38.9700000  50.8900000 101.5600000  37.9965804  50.6917347 101.3845558
  39.2384636  51.6854164 102.1138008  37.4300000  46.9600000  99.0900000
  38.2200000  46.0300000  99.2200000  36.1800000  46.8400000  99.5000000
  35.5373448  47.6056077  99.3553301  35.6500000  45.5900000 100.0800000
  36.3867416  45.1907869 100.7780408  34.3700000  45.8900000 100.8700000
  33.6729197  46.4008545 100.2028875  33.6800000  44.5900000 101.3500000
  32.8660934  44.8295665 102.0337362  33.2593981  44.0550183 100.4976069
  34.3967796  43.9390496 101.8513185  34.6300000  46.8300000 102.0800000
  35.0753152  47.7587328 101.7371197  33.6668166  47.0830334 102.5254720
  35.5300000  46.2600000 103.1900000  36.5544463  46.1621232 102.8311663
  35.5148354  46.9471442 104.0321041  35.1660345  45.2933398 103.5350927
  35.4600000  44.5300000  98.9800000  35.7300000  43.3500000  99.1900000
  35.0800000  44.9300000  97.7600000  34.8659748  45.9012795  97.5807776
  35.0200000  43.9900000  96.6500000  34.4591945  43.1141820  96.9803610
  34.2400000  44.6100000  95.4900000  34.1431633  43.8804612  94.6853934
  33.2442397  44.8988766  95.8273448  34.7614149  45.4904801  95.1136700
  36.4100000  43.5100000  96.2000000  36.5700000  42.3300000  95.8800000
  37.4300000  44.3800000  96.2000000  37.2787315  45.3403744  96.4731942
  38.7900000  43.9500000  95.8500000  38.6378051  43.3507242  94.9599436
  39.7400000  45.1200000  95.5100000  39.2178907  45.7874788  94.8216072
  40.1200000  45.9200000  96.7400000  40.6447718  46.8224609  96.4344692
  39.1912838  46.2052881  97.1754785  40.7104946  45.3321331  97.4422041
  41.0700000  44.7000000  94.8500000  41.6841664  45.5787260  94.6489092
  41.6284850  44.0271871  95.5008155  40.7700000  44.0000000  93.5300000
  40.3839369  44.7342163  92.8236734  41.6124103  43.5054348  93.0853234
  40.0687623  43.1908232  93.6654483  39.3700000  43.0100000  96.9100000
  40.1800000  42.1400000  96.5700000  38.8900000  43.1000000  98.1500000
  38.2096724  43.8145554  98.3706028  39.2700000  42.1700000  99.2000000
  40.3389039  42.1655869  99.1762418  38.8300000  42.6500000 100.5900000
  37.7880336  42.9587271 100.5532945  38.8990446  41.8045932 101.2763542
  39.6800000  43.7900000 101.1800000  40.7042020  43.4371689 101.2833608
  39.7041104  44.6390112 100.5057225  39.2000000  44.2500000 102.5700000
  38.2100000  43.7000000 103.1000000  39.8500000  45.1600000 103.1400000
  39.4714796  45.3695743 103.9974701  38.8100000  40.7300000  98.9300000
  39.5100000  39.7800000  99.2800000  37.6700000  40.5400000  98.2500000
  37.1269776  41.3358969  97.9440591  37.1000000  39.2100000  98.0500000
  37.1098190  38.6780509  99.0028109  35.6300000  39.3400000  97.5900000
  35.5731724  40.0036632  96.7271980  35.2763531  38.3608318  97.2666412
  34.6600000  39.8300000  98.6600000  34.9900000  40.2200000  99.7500000
  33.3800000  39.7100000  98.3900000  32.7031544  39.9918208  99.0831136
  33.0783530  39.3519809  97.4968558  37.8600000  38.3400000  97.0300000
  37.5100000  37.1600000  96.9000000  38.8200000  38.8600000  96.2500000
  39.0984372  39.8252153  96.3589549  39.4400000  38.0600000  95.1900000
  38.6277996  37.6019688  94.6230887  40.2500000  38.9000000  94.1900000
  40.9588281  39.5224677  94.7392210  41.0400000  38.0100000  93.2000000
  41.6387267  38.6275855  92.5316147  41.7359784  37.3579028  93.7231618
  40.3535253  37.4003370  92.6111050  39.2500000  39.8000000  93.4400000
  38.4967315  39.1876844  92.9416270  38.7438785  40.4488290  94.1560571
  39.9100000  40.7000000  92.4000000  40.2199208  40.1172911  91.5328034
  39.1801293  41.4268014  92.0759642  40.7766982  41.1970245  92.8318698
  40.2700000  36.9200000  95.7800000  41.2200000  37.1400000  96.5300000
  39.9500000  35.7000000  95.3600000  39.1500279  35.5905641  94.7526526
  40.6700000  34.4900000  95.7400000  41.6126239  34.8183392  96.1590713
  39.9400000  33.7100000  96.8500000  40.5954901  32.9166751  97.2012893
  39.5000000  34.5400000  98.0500000  39.3103961  33.8795799  98.8965082
  40.2672907  35.2579973  98.3256889  38.5871518  35.0889334  97.8273119
  38.7200000  33.1600000  96.3900000  38.9253032  32.5505975  95.6747400
  41.0100000  33.6300000  94.5100000  40.4700000  32.5500000  94.3000000
  41.8800000  34.1500000  93.6300000  42.3083012  35.0460780  93.8133578
  42.2900000  33.4100000  92.4300000  41.4182038  33.3227793  91.7797902
  43.3600000  34.2100000  91.6800000  43.5352467  33.7681947  90.6987132
  43.0301455  35.2391784  91.5686337  44.2916648  34.2002875  92.2473688
  42.7800000  31.9900000  92.7900000  43.4200000  31.7900000  93.8200000
  42.4900000  31.0000000  91.9400000  41.9717152  31.2034997  91.0984611
  42.9100000  29.6100000  92.1700000  43.2418579  29.5125370  93.2019476
  41.7300000  28.6500000  91.9900000  40.8056842  29.1661371  92.2527667
  41.6647128  28.3235996  90.9519415  41.8500000  27.5400000  92.8400000
  42.6631306  27.0731307  92.6311117  44.0900000  29.2800000  91.2500000
  44.0000000  29.4800000  90.0400000  45.1800000  28.7900000  91.8200000
  45.1671314  28.6508572  92.8222291  46.4100000  28.3900000  91.1200000
  46.2473032  28.4122563  90.0420250  47.5400000  29.3900000  91.4500000
  47.4272871  30.2647334  90.8097410  47.4147838  29.7306025  92.4799848
  48.9500000  28.8500000  91.3300000  49.4800000  28.0700000  92.3700000
  48.8993309  27.8881449  93.2635918  50.7600000  27.5200000  92.2700000
  51.1445189  26.9055953  93.0708044  51.5200000  27.7200000  91.1000000
  52.7500000  27.1400000  91.0000000  52.9619067  26.8619013  90.1072131
  50.9900000  28.5000000  90.0400000  51.5604728  28.6557288  89.1386526
  49.7200000  29.0900000  90.1700000  49.3126830  29.6757543  89.3591283
  46.7300000  26.9400000  91.5100000  46.6000000  26.5900000  92.6700000
  47.1300000  26.0900000  90.5600000  47.2341855  26.4316965  89.6166908
  47.5200000  24.6800000  90.8100000  47.5512974  24.2136219  89.8258623
  48.9700000  24.6300000  91.3500000  49.5750397  25.3448880  90.7906998
  48.9746256  24.9298923  92.3991925  49.6300000  23.2600000  91.2000000
  49.6000000  22.7600000  90.0500000  50.2500000  22.7700000  92.1600000
  46.4900000  23.8600000  91.6200000  46.8400000  22.9900000  92.4100000
  45.1900000  24.1300000  91.4200000  44.9485188  24.8460435  90.7522619
  44.0800000  23.5400000  92.2000000  43.1754077  24.0110436  91.8153411
  43.9600000  22.0400000  91.8700000  44.0596470  21.8991002  90.7933703
  44.7779670  21.5042934  92.3524338  42.6500000  21.4000000  92.3000000
  41.6000000  22.0100000  92.4200000  42.6500000  20.0900000  92.4500000
  43.5106991  19.5745093  92.3494636  41.7960977  19.6258630  92.7159261
  44.1100000  23.8800000  93.7100000  43.5800000  23.1300000  94.5300000
  44.6600000  25.0400000  94.0600000  45.1023289  25.5862804  93.3352188
  44.7200000  25.6000000  95.4100000  44.0678211  25.0253464  96.0691722
  46.1600000  25.5000000  95.9500000  46.5297927  24.4840324  95.8162064
  46.8020906  26.1592997  95.3647665  46.2600000  25.9100000  97.4400000
  47.0040981  26.7054058  97.5144547  45.3159678  26.3302490  97.7832901
  46.6500000  24.8000000  98.4200000  46.3800000  23.6100000  98.1300000
  47.1700000  25.1600000  99.5100000  44.2400000  27.0700000  95.3800000
  44.6100000  27.8600000  94.5000000  43.4100000  27.4600000  96.3500000
  43.1520257  26.8096469  97.0779903  42.8600000  28.8200000  96.4100000
  42.9286512  29.2739258  95.4209118  41.3800000  28.8500000  96.7800000
  41.2247024  28.3463059  97.7342756  40.8400000  30.2800000  96.8600000
  39.7498577  30.2672213  96.8860986  41.1983287  30.7616850  97.7698844
  41.1780578  30.8451452  95.9945123  40.6200000  28.2000000  95.7800000
  40.9665785  27.3123113  95.6615486  43.6400000  29.6900000  97.3800000
  43.6600000  29.4600000  98.5900000  44.1600000  30.7900000  96.8500000
  44.0515234  30.9349340  95.8552856  44.8500000  31.8400000  97.5800000
  45.1389585  31.4586614  98.5601280  46.1500000  32.2400000  96.8600000
  46.9268861  31.5926090  97.2525024  46.1300000  32.0600000  95.3400000
  47.0483928  32.4207026  94.8854153  45.9959451  31.0136530  95.0635359
  45.3342079  32.6724308  94.9268685  46.5600000  33.6900000  97.0800000
  47.5867838  33.8231587  96.7577580  45.9276631  34.3686323  96.5059558
  46.4647756  33.9481570  98.1282506  43.9100000  33.0100000  97.8000000
  43.3800000  33.5700000  96.8400000  43.6900000  33.3900000  99.0500000
  44.1653230  32.8888426  99.7878822  43.0000000  34.6300000  99.4200000
  42.2841077  34.8530054  98.6350211  42.1900000  34.4900000 100.7400000
  41.2532837  33.9884348 100.4977850  42.8500000  33.7000000 101.8700000
  42.1276122  33.5523044 102.6734036  43.1804151  32.7204285 101.5260510
  43.6928616  34.2606440 102.2681201  41.8900000  35.7500000 101.2900000
  41.2603543  35.6231191 102.0044139  43.9700000  35.7900000  99.4500000
  45.1400000  35.5900000  99.7700000  43.4900000  37.0100000  99.1800000
  42.5192644  37.1099470  98.9184427  44.2500000  38.2400000  99.4100000
  45.0263696  38.3161910  98.6488054  43.2900000  39.4400000  99.2300000
  43.1983884  39.6706830  98.1720332  42.3025998  39.1335490  99.5807477
  43.6700000  40.7000000 100.0200000  43.7962803  40.4663551 101.0753734
  44.9300000  41.4000000  99.5100000  45.1681658  42.2562511 100.1396505
  45.7731236  40.7101951  99.5081523  44.7755552  41.7451298  98.4874259
  42.5600000  41.7200000  99.9400000  42.8428283  42.6271135 100.4747444
  42.3723697  41.9629295  98.8935290  41.6874667  41.2899788 100.4311932
  44.9300000  38.2100000 100.7900000  46.1300000  38.3900000 100.8600000
  44.1900000  37.9200000 101.8600000  43.2055761  37.7283653 101.7369873
  44.7300000  37.9200000 103.2300000  45.0968958  38.9237718 103.4411501
  43.5800000  37.6600000 104.2300000  43.1153899  38.6109259 104.4934206
  42.8256008  37.0299548 103.7562212  44.0500000  36.9400000 105.5000000
  44.4349411  35.9521556 105.2443363  44.8601388  37.5206731 105.9432721
  42.9800000  36.7400000 106.5700000  41.7800000  36.7300000 106.3400000
  43.4100000  36.5200000 107.8000000  44.4009106  36.5920844 107.9868053
  42.7624118  36.3395895 108.5522442  45.9500000  36.9700000 103.4000000
  46.8300000  37.2700000 104.2100000  46.0000000  35.8500000 102.6800000
  45.2646370  35.6709176 102.0114570  47.1000000  34.8600000 102.7600000
  47.3106038  34.6788894 103.8146359  46.6500000  33.5100000 102.1500000
  46.4807902  32.8096805 102.9688084  45.6890515  33.6505629 101.6614294
  47.5700000  32.8200000 101.1100000  48.7300000  32.4700000 101.4100000
  47.0600000  32.5200000 100.0100000  48.3900000  35.4100000 102.1400000
  49.4800000  35.1900000 102.6700000  48.2700000  36.1600000 101.0500000
  47.3489776  36.3293038 100.6669268  49.4200000  36.7600000 100.3700000
  50.2659121  36.0809699 100.4854952  49.1800000  36.9100000  98.8500000
  50.0593263  37.3714485  98.4039861  49.0400000  35.5100000  98.2600000
  48.8956571  35.5712742  97.1827628  49.9501382  34.9406764  98.4497960
  48.2101660  34.9934866  98.7294819  47.9500000  37.7900000  98.5400000
  47.0532783  37.2562352  98.8447511  48.0224854  38.7232387  99.0945140
  47.7800000  38.1700000  97.0800000  46.9695880  38.8931834  97.0147981
  48.6953229  38.6235650  96.6993223  47.5320828  37.2876679  96.4944113
  49.8600000  38.0900000 100.9800000  51.0400000  38.4200000 100.9000000
  48.9400000  38.8600000 101.5700000  47.9747020  38.5663174 101.6261870
  49.3500000  40.1000000 102.2000000  49.8406491  40.7316661 101.4601228
  48.2300000  40.8900000 102.8600000  48.1111573  40.3918101 103.8197901
  48.5996602  41.9006820 103.0400666  46.5400000  41.0200000 102.2800000
  50.2900000  39.8000000 103.3700000  50.1700000  38.8000000 104.0700000
  51.1000000  40.7900000 103.7100000  51.1323185  41.6289066 103.1478146
  51.7900000  40.7800000 104.9900000  52.0474396  39.7449125 105.2183495
  53.1400000  41.5100000 104.8500000  53.8041335  41.1108755 105.6176742
  53.5681683  41.2807579 103.8740093  53.1000000  43.0300000 105.0200000
  52.6985081  43.2877562 106.0010480  54.5100000  43.5900000 104.9100000
  55.1416505  43.1490756 105.6817751  54.9373763  43.3651851 103.9316844
  54.4955809  44.6708995 105.0542689  52.2800000  43.7000000 103.9400000
  52.2993678  44.7660744 104.1584758  52.7159712  43.4848318 102.9644721
  51.2415737  43.3797762 103.9638504  50.8800000  41.2800000 106.1300000
  50.1200000  42.2400000 105.9700000  51.0000000  40.6500000 107.2900000
  51.6020146  39.8395780 107.3307068  50.5100000  41.1700000 108.5700000
  50.0784238  42.1575274 108.4182732  49.3900000  40.2500000 109.0800000
  49.0281306  40.6159266 110.0409730  48.5631927  40.2464024 108.3683079
  49.7615959  39.2315351 109.1995855  51.7000000  41.2500000 109.5400000
  52.3300000  40.2100000 109.7700000  52.0800000  42.4400000 110.0500000
  51.4500000  43.7300000 109.8100000  50.3737549  43.6887651 109.9823181
  51.6613316  44.0556916 108.7904183  52.1000000  44.6900000 110.8100000
  51.5511755  44.6744602 111.7474747  52.1498660  45.7059038 110.4167804
  53.4900000  44.0900000 111.0200000  53.8922160  44.3314304 112.0015231
  54.1595589  44.4605690 110.2426956  53.3000000  42.5800000 110.8400000
  54.1465740  42.1881881 110.2743044  53.2200000  41.8300000 112.1800000
  54.1400000  41.1100000 112.5400000  52.1000000  41.9800000 112.9000000
  51.3766897  42.5697773 112.5151487  51.8500000  41.4100000 114.2300000
  52.8297614  41.1460492 114.6065280  51.3200000  42.4800000 115.2000000
  51.3380119  42.0460242 116.1980467  52.0028202  43.3308792 115.1998827
  49.8900000  42.9800000 114.9600000  49.2282300  42.1292432 114.9167662
  49.3700000  43.8600000 116.0900000  48.3146024  44.0918168 115.9459123
  49.4741653  43.3412339 117.0384219  49.9400674  44.7886575 116.1393460
  49.7200000  43.7900000 113.7000000  48.7062432  44.1517909 113.7537506
  50.4114207  44.6319512 113.6811311  49.8087790  43.1727807 112.8088949
  51.0500000  40.0800000 114.2300000  50.0600000  39.9300000 114.9400000
  51.4700000  39.1100000 113.4300000  52.2843421  39.2509840 112.8485250
  50.7600000  37.8200000 113.3300000  49.7199091  37.9999160 113.5974220
  50.7100000  37.3700000 111.8700000  49.7941818  36.8082864 111.6920269
  50.6987551  38.2412554 111.2146020  51.8100000  36.5400000 111.5400000
  51.7347480  36.2885466 110.6157440  51.3100000  36.7800000 114.3300000
  52.4300000  36.9300000 114.8300000  50.5300000  35.7300000 114.6900000
  51.0200000  34.6200000 115.4900000  51.3237129  34.9579762 116.4812759
  51.8647851  34.1566274 114.9788722  49.8700000  33.6100000 115.6000000
  49.3264255  33.7742433 116.5315657  50.2257350  32.5809428 115.5374629
  48.9800000  33.9700000 114.4200000  47.9492833  33.6505245 114.5770112
  49.3774572  33.5098707 113.5140589  49.1300000  35.4900000 114.3200000
  48.9512930  35.7711370 113.2852797  48.1100000  36.2400000 115.1900000
  46.9200000  35.9600000 115.1000000  48.5500000  37.1600000 116.0600000
  49.5413396  37.3428476 116.1044697  47.6900000  37.9400000 116.9600000
  47.1235203  37.2504160 117.5875597  48.5800000  38.8000000 117.8700000
  49.0877338  38.1452299 118.5791968  49.3525647  39.2847938 117.2757884
  47.8300000  39.8700000 118.6400000  47.1700000  39.5600000 119.8400000
  47.2192045  38.5581682 120.2416683  46.4300000  40.5500000 120.5200000
  45.9130304  40.3098121 121.4374319  46.3500000  41.8500000 119.9800000
  45.6200000  42.8000000 120.6200000  45.5891602  43.6314356 120.1404131
  47.0200000  42.1700000 118.7800000  46.9624499  43.1675578 118.3707329
  47.7600000  41.1700000 118.1100000  48.2603833  41.3989753 117.1822854
  46.6800000  38.8100000 116.1800000  45.4800000  38.7400000 116.4400000
  47.1600000  39.5900000 115.2200000  48.1588129  39.6042183 115.0672800
  46.3400000  40.2800000 114.2200000  45.2871164  40.0492266 114.3912502
  46.5400000  41.8000000 114.3600000  46.6397376  42.0596183 115.4146058
  47.4403382  42.0862394 113.8271456  45.4000000  42.6200000 113.7700000
  44.6900000  42.1600000 112.9000000  45.2500000  43.8600000 114.1800000
  45.8751256  44.2469931 114.8681201  44.5173864  44.4205062 113.7681876
  46.7500000  39.7600000 112.8300000  47.9400000  39.7000000 112.5200000
  45.7800000  39.3900000 112.0000000  44.8144408  39.4978349 112.2797158
  46.0600000  38.7200000 110.7200000  47.1006243  38.8985301 110.4511547
  45.8900000  37.1800000 110.8300000  44.8303440  36.9231553 110.8441130
  46.6100000  36.3500000 109.7600000  46.6178188  35.2980107 110.0490571
  46.1083321  36.4171574 108.7982635  47.6386794  36.6954844 109.6506330
  46.4800000  36.7300000 112.0300000  45.9586377  37.0540925 112.7691476
  45.2400000  39.2900000 109.5600000  45.1200000  38.6200000 108.5500000
  44.6600000  40.5000000 109.6800000  44.7796992  41.0119678 110.5433448
  43.7200000  41.0500000 108.6800000  42.9108051  40.3291049 108.5489533
  43.1000000  42.3500000 109.2200000  43.8870360  43.0446847 109.5181093
  42.5297883  42.8136756 108.4132033  42.1700000  42.1500000 110.4000000
  42.2800000  41.2100000 111.1800000  41.2000000  43.0100000 110.5500000
  41.0725026  43.7556036 109.8850410  40.5644910  42.9016720 111.3263583
  44.3900000  41.2200000 107.3100000  44.3200000  40.3200000 106.4700000
  45.0100000  42.3800000 107.0900000  44.7909550  43.1150195 107.7458706
  46.3200000  42.5600000 106.4700000  47.0708838  42.2526606 107.1991660
  46.5400000  41.7500000 105.2100000  47.6083134  41.8543580 105.0528355
  46.3619674  40.6907535 105.3856348  45.7200000  42.2700000 103.6700000
  46.5500000  44.0400000 106.1500000  45.6400000  44.8700000 106.2900000
  47.7600000  44.4000000 105.7200000  48.4970631  43.7136879 105.6250172
  48.0500000  45.7900000 105.3600000  47.7567488  46.4136541 106.2040794
  49.5500000  46.0000000 105.1500000  49.8800893  45.4615292 104.2613550
  49.8700000  47.4900000 105.0000000  50.9493387  47.6322077 104.9428729
  49.4152225  47.8794864 104.0904501  49.4849108  48.0436638 105.8575891
  50.2700000  45.5300000 106.2700000  51.2046596  45.5246261 106.0527289
  47.2500000  46.2400000 104.1300000  47.5200000  45.8000000 103.0200000
  46.3300000  47.1800000 104.3200000  46.1358702  47.4683432 105.2678275
  45.7900000  48.0300000 103.2500000  46.3560316  47.8490762 102.3396073
  44.3100000  47.7300000 102.9500000  43.7310206  47.8291777 103.8698861
  43.7700000  48.7500000 101.9200000  42.7374522  48.5228573 101.6703292
  43.7907187  49.7591795 102.3306369  44.3692884  48.7172177 101.0093109
  44.1500000  46.2900000 102.4100000  44.7911518  46.1504686 101.5378763
  44.4736847  45.5905098 103.1817253  42.7200000  45.9200000 102.0300000
  42.4437666  46.3762178 101.0800162  42.6348682  44.8373532 101.9380497
  42.0540081  46.2772017 102.8119165  46.0200000  49.4700000 103.6700000
  45.5900000  49.8800000 104.7400000  46.7300000  50.2600000 102.8500000
  47.0720512  49.8879661 101.9740317  46.9800000  51.6700000 103.1500000
  46.8101115  51.8609205 104.2100657  48.4400000  52.0500000 102.8600000
  48.6088745  51.9910198 101.7853266  48.5963677  53.0862609 103.1637410
  49.4800000  51.1600000 103.5600000  49.3284376  50.1210166 103.2679588
  50.8700000  51.5800000 103.0800000  50.9412602  51.4612538 101.9981984
  51.0594142  52.6226255 103.3391225  51.6284439  50.9529776 103.5491158
  49.4200000  51.2600000 105.0800000  50.1937428  50.6317279 105.5214597
  49.5805894  52.2898276 105.3965137  48.4524685  50.9144499 105.4417784
  46.0000000  52.5500000 102.3700000  46.3200000  52.9900000 101.2700000
  44.8200000  52.7900000 102.9300000  44.6136358  52.3766858 103.8281996
  43.8500000  53.7400000 102.3900000  44.3465181  54.3723223 101.6533371
  42.7200000  52.9900000 101.6700000  42.3392004  53.6357788 100.8799591
  43.1008676  52.0725767 101.2196024  41.6400000  52.7100000 102.5300000
  41.4342717  51.7730876 102.4237042  43.3100000  54.6500000 103.4900000
  43.2900000  54.2900000 104.6700000  42.8000000  55.8200000 103.1100000
  42.8274091  56.0878313 102.1363465  42.1300000  56.7300000 104.0600000
  42.8450119  56.9502269 104.8542578  41.8300000  58.0600000 103.3400000
  42.7498809  58.3956314 102.8583442  40.7500000  57.9800000 102.2700000
  40.7115971  58.9157918 101.7144510  40.9580758  57.1669847 101.5746800
  39.7788027  57.8308909 102.7371920  41.4000000  59.1600000 104.3100000
  41.0878344  60.0269506 103.7322049  40.5528505  58.8481739 104.9173841
  42.2383244  59.4324013 104.9444637  40.8900000  56.1000000 104.7300000
  40.4900000  56.5100000 105.8200000  40.3300000  55.0200000 104.1700000
  40.7086247  54.6514736 103.3083902  39.2000000  54.3200000 104.8000000
  38.5092815  55.0723890 105.1729317  38.4300000  53.4700000 103.7700000
  39.1578594  52.8846638 103.2220268  37.8016627  52.7630479 104.3129980
  37.5200000  54.2100000 102.7600000  37.0878252  53.4607196 102.0960526
  36.3800000  54.9400000 103.4700000  35.6744497  55.3208239 102.7302923
  35.8531632  54.2521041 104.1305412  36.7560971  55.7792318 104.0558221
  38.2600000  55.2300000 101.9000000  37.5960786  55.6160991 101.1299987
  38.5786059  56.0653919 102.5133796  39.1237056  54.7647427 101.4238055
  39.6400000  53.5100000 106.0300000  38.7700000  53.1400000 106.8200000
  40.9400000  53.2900000 106.2700000  41.6310568  53.6039764 105.6014063
  41.4300000  52.6900000 107.5200000  40.7929881  51.8349950 107.7501054
  42.8700000  52.1900000 107.3700000  43.4266499  52.8044794 106.6666238
  43.3756897  52.2809857 108.3330260  42.9600000  50.7400000 106.9600000
  42.0000000  50.0800000 106.6200000  44.1200000  50.1600000 107.0800000
  44.2196149  49.1990756 106.7870418  44.9280002  50.6886012 107.3739919
  41.3100000  53.6200000 108.7300000  41.2000000  53.1000000 109.8400000
  41.2300000  54.9400000 108.5300000  41.3166740  55.3174251 107.5961381
  40.8300000  55.8400000 109.6200000  41.5239354  55.6833086 110.4419430
  40.9200000  57.3000000 109.1700000  40.2335269  57.4466133 108.3355107
  40.5647729  57.9260604 109.9894429  42.3100000  57.8100000 108.7800000
  43.4600000  57.4500000 109.5200000  43.3925242  56.7777118 110.3575833
  44.7100000  57.9900000 109.1800000  45.5870012  57.7107280 109.7462063
  44.8300000  58.8700000 108.0900000  46.0400000  59.3700000 107.7300000
  46.7642973  58.9805660 108.2278386  43.6900000  59.2300000 107.3500000
  43.7804664  59.9305804 106.5336835  42.4300000  58.7100000 107.7100000
  41.5533202  59.0070379 107.1567785  39.4200000  55.4900000 110.1400000
  39.1700000  55.5500000 111.3400000  38.5300000  55.0300000 109.2700000
  38.7976750  54.9704563 108.2973403  37.1900000  54.5400000 109.6200000
  36.9360944  54.8974427 110.6170934  36.1600000  55.1300000 108.6500000
  36.2531693  54.6252956 107.6866227  35.1541245  54.9353259 109.0238599
  36.3300000  56.6200000 108.4300000  37.1700000  57.0700000 107.3900000
  37.6599337  56.3627792 106.7394237  37.3900000  58.4500000 107.2100000
  38.0180315  58.7983801 106.4022288  36.7700000  59.3700000 108.0700000
  36.9332791  60.4252127 107.9305173  35.9600000  58.9100000 109.1200000
  35.5145816  59.6160715 109.8010901  35.7300000  57.5400000 109.3000000
  35.0978548  57.1966752 110.1062350  37.1200000  53.0100000 109.6500000
  36.0500000  52.4100000 109.5700000  38.2800000  52.3500000 109.6900000
  39.1314386  52.8922712 109.7311201  38.4300000  50.9000000 109.7800000
  39.4892413  50.6917646 109.6268028  38.0900000  50.4400000 111.2000000
  37.0277420  50.5951807 111.3949605  38.2742030  49.3679619 111.2649746
  38.9100000  51.1700000 112.2900000  39.7614420  51.6785240 111.8364578
  38.2847138  51.9200022 112.7769773  39.4600000  50.2100000 113.3200000
  39.1900000  50.2500000 114.5000000  40.3000000  49.2700000 112.9200000
  40.5474471  49.2077180 111.9431102  40.6703590  48.6175970 113.5954326
  37.6800000  50.0800000 108.7000000  37.3300000  48.9400000 108.9600000
  37.4500000  50.6300000 107.5000000  37.7748689  51.5717549 107.3315378
  36.6900000  49.9700000 106.4100000  36.6066289  50.7019335 105.6061037
  37.5100000  48.7800000 105.8700000  38.0059775  48.2299995 106.6684000
  36.8627212  48.0753678 105.3566086  38.5200000  49.2500000 104.8600000
  38.1700000  49.6800000 103.7900000  39.7900000  49.3000000 105.1700000
  40.4578681  49.6355650 104.4918469  40.1117951  49.0038487 106.0809662
  35.2300000  49.6100000 106.7700000  34.6300000  48.7200000 106.1800000
  34.6300000  50.3500000 107.7000000  35.1460784  51.0943622 108.1502609
  33.2800000  50.0800000 108.1900000  32.9104277  49.1552909 107.7454646
  33.3000000  49.8800000 109.7100000  34.2946940  50.0687273 110.1167315
  32.5917926  50.5636799 110.1740551  32.9000000  48.5600000 110.0300000
  33.6263519  47.9649150 109.8235057  32.3100000  51.1900000 107.8000000
  32.4600000  52.3300000 108.2300000  31.2700000  50.8400000 107.0400000
  31.1961343  49.8844109 106.7211724  30.1800000  51.7600000 106.6900000
  30.5796578  52.5662732 106.0731246  29.1000000  51.0100000 105.9000000
  28.8508068  50.0779995 106.4101847  28.1953586  51.6203653 105.8756379
  29.4900000  50.7100000 104.4800000  29.0200000  51.4400000 103.4000000
  28.3233441  52.1727256 103.4211796  29.5900000  50.9100000 102.3100000
  29.4097378  51.2356642 101.2952273  30.3600000  49.8700000 102.6600000
  30.8628778  49.2770859 102.0081839  30.3100000  49.7100000 104.0300000
  30.8254906  48.9643434 104.6191974  29.5300000  52.3800000 107.9300000
  29.2000000  53.5600000 107.9300000  29.3900000  51.6000000 109.0100000
  29.7059359  50.6414175 108.9659754  28.8500000  52.0800000 110.2900000
  27.8869853  52.5499551 110.0864190  28.5900000  50.9000000 111.2300000
  28.0146266  51.2568508 112.0848637  28.0027155  50.1417226 110.7106424
  29.7900000  50.3200000 111.7100000  29.5732617  49.6552017 112.3699679
  29.7500000  53.1300000 110.9400000  29.2500000  54.1500000 111.4200000
  31.0800000  52.9200000 110.9300000  31.4156945  52.0559970 110.5291018
  32.1100000  53.8500000 111.4200000  31.8318222  54.1806059 112.4133800
  33.4600000  53.1400000 111.5600000  33.7563635  52.7517919 110.5882183
  34.5600000  54.0800000 112.0900000  35.4840814  53.5219376 112.2434673
  34.7642060  54.8752237 111.3775388  34.2523556  54.5208998 113.0390622
  33.3800000  51.9700000 112.5700000  34.3396261  51.4533727 112.6141067
  33.1367122  52.3497571 113.5636255  32.6173006  51.2499635 112.2792565
  32.2300000  55.1000000 110.5300000  32.5600000  56.1700000 111.0200000
  31.9400000  54.9700000 109.2300000  31.6884935  54.0612324 108.8692809
  31.9400000  56.1100000 108.3100000  32.7916462  56.7370406 108.5722708
  32.1600000  55.5900000 106.8700000  33.0352913  54.9379353 106.8506932
  31.2901033  55.0001139 106.5785126  32.3600000  56.7300000 105.8500000
  31.5458159  57.4466035 105.9420523  33.6900000  57.4600000 106.0500000
  33.8071292  58.2333379 105.2898987  33.7144156  57.9463035 107.0240096
  34.5217515  56.7584534 105.9767690  32.3400000  56.2100000 104.4200000
  32.4110387  57.0401773 103.7171891  33.1745205  55.5272282 104.2552913
  31.4126437  55.6788069 104.2385602  30.6800000  56.9700000 108.4300000
  30.7900000  58.1900000 108.3700000  29.4900000  56.3700000 108.5800000
  29.4569648  55.3629190 108.6429216  28.2000000  57.1000000 108.5600000
  28.3138650  57.9721514 107.9154191  27.1000000  56.2200000 107.9400000
  27.5519948  55.4485327 107.3163679  26.5120013  55.7246575 108.7152905
  26.2000000  57.0700000 107.0300000  26.6100000  57.2600000 105.8600000
  25.1300000  57.5200000 107.5200000  27.7000000  57.5900000 109.9300000
  26.8000000  58.4300000 110.0100000  28.1900000  56.9900000 111.0300000
  28.8995580  56.2737606 110.9575760  27.7200000  57.4100000 112.3500000
  26.6310365  57.3745519 112.2903298  28.0700000  56.4400000 113.4900000
  27.3850151  56.6376203 114.3154070  27.8837343  55.4162457 113.1674411
  29.4700000  56.5600000 114.0400000  30.0000000  57.7100000 114.6100000
  29.5719108  58.6238661 114.6389185  31.3000000  57.4200000 114.8100000
  32.0471129  58.1453844 115.0722369  31.5600000  56.1400000 114.5500000
  32.4581673  55.6779357 114.6676444  30.4100000  55.5800000 114.0400000
  30.2767721  54.5640727 113.7010748  28.1000000  58.8700000 112.5800000
  29.1800000  59.3500000 112.2300000  27.1500000  59.6200000 113.1300000
  26.2737171  59.1850310 113.3788015  27.3200000  61.0300000 113.4800000
  28.3752005  61.2891504 113.3743266  26.5600000  61.9500000 112.5200000
  26.7991556  62.9839022 112.7598984  26.9482234  61.7599431 111.5202441
  25.0300000  61.7800000 112.5500000  24.7631139  60.7571257 112.8160524
  24.6165656  62.4439530 113.3105243  24.4000000  62.1100000 111.1900000
  23.3142252  62.1372627 111.2914251  24.7354329  63.1000732 110.8772103
  24.7800000  61.0800000 110.1000000  24.4612274  61.4853529 109.1388532
  25.8621327  60.9508198 110.0584160  24.1300000  59.7600000 110.2700000
  23.7321292  59.4661232 109.3873460  24.8274648  59.0759820 110.5348916
  23.4058016  59.8120280 110.9719282  26.9600000  61.2500000 114.9300000
  26.0500000  60.6300000 115.4700000  27.6900000  62.1800000 115.5400000
  28.3877480  62.6719680 114.9968061  27.6600000  62.4700000 116.9700000
  27.0739723  61.6934233 117.4586118  29.1100000  62.3800000 117.4700000
  29.5572147  61.4703636 117.0644861  29.6515226  63.2250639 117.0584526
  29.3300000  62.3500000 118.9900000  30.3779610  62.1069853 119.1647482
  29.1449325  63.3311868 119.4238269  28.4600000  61.3100000 119.6900000
  27.4132454  61.6049147 119.6080303  28.6019029  60.3303839 119.2306404
  28.8300000  61.2400000 121.1700000  29.8122698  60.7768621 121.2796139
  28.8757214  62.2558359 121.5664857  27.8100000  60.4700000 121.9300000
  27.7942662  59.5109904 121.6113130  28.0308682  60.4890219 122.9162078
  26.8975667  60.8817091 121.7884690  26.9700000  63.8000000 117.2500000
  27.3400000  64.4800000 118.2000000  26.0300000  64.2100000 116.4000000
  25.7593921  63.5865069 115.6543181  25.3900000  65.5200000 116.4200000
  25.9705914  66.2121044 117.0234600  25.3738919  65.8867692 115.3986215
  23.9500000  65.5200000 116.9200000  23.3700000  64.4500000 117.1000000
  23.4100000  66.7200000 117.0900000  23.9851771  67.5301796 116.9133407
  22.0000000  66.9900000 117.3400000  21.4720993  66.0468109 117.4849592
  21.8500000  67.8200000 118.6100000  22.7078905  67.6412327 119.2409776
  21.8148872  68.8858480 118.3754743  20.6400000  67.4000000 119.4300000
  20.7500000  66.3000000 120.0200000  19.6800000  68.1900000 119.5200000
  21.3800000  67.7200000 116.1400000  22.1000000  68.1600000 115.2400000
  20.0600000  67.8400000 116.1400000  19.5490700  67.4927920 116.9402435
  19.2600000  68.4100000 115.0500000  19.2631113  67.6769682 114.2430962
  17.8100000  68.5500000 115.5400000  17.7446969  68.3622720 116.6139074
  17.4450406  69.5572397 115.3742296  16.9000000  67.5800000 114.8000000
  16.7900000  67.7500000 113.5600000  16.3300000  66.6800000 115.4600000
  19.8000000  69.7400000 114.4700000  20.3700000  70.5800000 115.1700000
  19.6100000  69.9200000 113.1500000  19.1057568  69.1978020 112.6557537
  20.0800000  71.0600000 112.3400000  19.9750555  70.7105951 111.3127059
  19.1000000  72.2600000 112.4200000  19.5075559  73.0935315 111.8473536
  18.1833609  71.9632089 111.9086018  18.7000000  72.7600000 113.8000000
  17.7000000  72.0800000 114.5200000  17.1718812  71.2622986 114.0529192
  17.4300000  72.4100000 115.8500000  16.7001774  71.8433264 116.4098202
  18.0900000  73.4900000 116.4500000  17.8702172  73.7532373 117.4742570
  19.0200000  74.2500000 115.7100000  19.4949651  75.1056221 116.1641664
  19.3400000  73.8700000 114.3900000  20.0860442  74.4160445 113.8338745
  21.5800000  71.4200000 112.4200000  22.0100000  72.4000000 111.8100000
  22.4100000  70.5800000 113.0500000  22.0009520  69.7912211 113.5338335
  23.8700000  70.6700000 113.0900000  24.2207573  71.2015631 112.2051979
  24.2800000  71.4700000 114.3500000  23.8480140  70.9923647 115.2313621
  25.3644773  71.4351763 114.4610114  23.8800000  72.9300000 114.3100000
  24.5200000  73.8100000 113.4200000  25.3176691  73.4517579 112.7856222
  24.1000000  75.1500000 113.3200000  24.5829126  75.8169572 112.6210047
  23.0600000  75.6200000 114.1400000  22.7475225  76.6524568 114.0829170
  22.4500000  74.7500000 115.0500000  21.6703961  75.1190151 115.6956924
  22.8300000  73.4000000 115.1200000  22.3228062  72.7307003 115.7997534
  24.4900000  69.2700000 113.0600000  23.8000000  68.2500000 112.9900000
  25.8200000  69.1900000 113.1100000  26.3510513  70.0498928 113.1071748
  26.5200000  67.9900000 113.5700000  25.8010786  67.3930782 114.1241134
  27.0700000  67.1200000 112.4200000  27.9678630  67.5841985 112.0092779
  27.4200000  65.7400000 112.9800000  27.8551972  65.1157275 112.2007434
  28.1465048  65.8533042 113.7792846  26.5271603  65.2555275 113.3751300
  26.0700000  66.8900000 111.2800000  26.5066628  66.2365029 110.5255736
  25.1604585  66.4250570 111.6609370  25.8194247  67.8362541 110.8012018
  27.6200000  68.4300000 114.5500000  28.3500000  69.3700000 114.2800000
  27.7100000  67.7900000 115.7300000  27.0670029  67.0452431 115.9502312
  28.7400000  68.1500000 116.7200000  28.8387844  69.2367263 116.7306724
  28.3600000  67.7200000 118.1400000  28.3971310  66.6387994 118.1998676
  29.1362031  68.1131132 118.7939374  27.0700000  68.2100000 118.7600000
  26.8100000  69.5900000 118.8200000  27.4765120  70.2905340 118.3404334
  25.6800000  70.0700000 119.5100000  25.4859581  71.1316686 119.5488480
  24.8000000  69.1700000 120.1300000  23.6800000  69.6300000 120.7400000
  23.5177197  70.5619357 120.5791860  25.0700000  67.7800000 120.0900000
  24.4132478  67.0846328 120.5928085  26.2000000  67.3100000 119.4100000
  26.4093397  66.2573220 119.4357073  30.1200000  67.5600000 116.3500000
  31.0900000  68.3000000 116.2600000  30.1900000  66.2400000 116.1200000
  29.3531236  65.6882358 116.2385736  31.3300000  65.5700000 115.4800000
  31.9781689  66.3340283 115.0464744  32.1800000  64.7700000 116.4700000
  32.9658942  64.2364363 115.9337139  32.6572611  65.4510956 117.1711472
  31.5831040  64.0532762 117.0231919  30.8600000  64.6700000 114.3300000
  29.7800000  64.0800000 114.4000000  31.7100000  64.5800000 113.3200000
  32.5923769  65.0655491 113.4005586  31.4300000  63.9900000 112.0100000
  30.6602682  63.2253538 112.1229639  30.8900000  65.1200000 111.1100000
  30.3875227  65.8604033 111.7364800  31.7218859  65.6358724 110.6433936
  29.8500000  64.6400000 110.0900000  29.9700000  63.4800000 109.6300000
  28.9200000  65.4200000 109.8000000  32.6900000  63.3500000 111.4000000
  33.8100000  63.5700000 111.8900000  32.5500000  62.6000000 110.3100000
  31.6222397  62.4676510 109.9256786  33.6500000  61.8400000 109.7000000
  34.0511231  61.1827741 110.4714255  33.0900000  60.9500000 108.5700000
  33.8161387  60.1771511 108.3361424  32.1970412  60.4396060 108.9322273
  32.7700000  61.6700000 107.2800000  33.7800000  61.9000000 106.3200000
  34.7876126  61.5514132 106.4968266  33.4800000  62.5800000 105.1300000
  34.2526650  62.7453497 104.3927715  32.1700000  63.0200000 104.8800000
  31.8700000  63.6800000 103.7300000  30.9368705  63.6352423 103.5093311
  31.1500000  62.8000000 105.8400000  30.1388645  63.1311363 105.6556337
  31.4600000  62.1200000 107.0300000  30.6800438  61.9348517 107.7540267
  34.7900000  62.7400000 109.2000000  35.9600000  62.3500000 109.2200000
  34.4700000  63.9800000 108.8100000  33.4892805  64.2160203 108.7956619
  35.4300000  65.0500000 108.4700000  36.0393398  64.7079816 107.6346573
  34.6700000  66.3400000 108.0800000  34.4562082  66.9142540 108.9823991
  35.2918272  66.9956818 107.4833145  33.3400000  66.1400000 107.4200000
  32.2000000  65.8600000 108.1500000  32.1314874  65.7862916 109.1527728
  31.2000000  65.7500000 107.2700000  30.1695379  65.5316450 107.5236287
  31.6700000  65.9600000 106.0200000  31.1197678  65.9038419 105.1720870
  33.0300000  66.1900000 106.0900000  33.7058885  66.3747358 105.2696704
  36.3400000  65.3800000 109.6500000  37.5600000  65.4100000 109.5100000
  35.7300000  65.6300000 110.8200000  34.7236365  65.5617065 110.8582367
  36.4100000  65.9500000 112.0800000  37.0282861  66.8357000 111.9327834
  35.3800000  66.2500000 113.1800000  34.6467333  65.4481728 113.2336857
  35.9700000  66.4500000 114.5700000  35.1973033  66.8064914 115.2525700
  36.3519328  65.5040364 114.9555018  36.7831931  67.1764637 114.5338679
  34.7200000  67.4400000 112.8500000  35.3654433  68.1500757 112.8745226
  37.3100000  64.8100000 112.5300000  38.4500000  65.0700000 112.9100000
  36.8200000  63.5700000 112.4400000  35.8675895  63.4325876 112.1314643
  37.6000000  62.3800000 112.7700000  37.9443381  62.4803155 113.7993708
  36.7100000  61.1300000 112.6700000  35.8746860  61.2339677 113.3639864
  36.3071306  61.0526617 111.6600937  37.4500000  59.8600000 113.0000000
  38.4500000  59.7500000 113.9500000  38.7620657  60.4802575 114.5774645
  38.8200000  58.4700000 113.9500000  39.5122469  58.0308458 114.6529228
  38.1400000  57.7800000 113.0200000  38.2286946  56.7857562 112.8357700
  37.2400000  58.6400000 112.4300000  36.5065659  58.3924218 111.6810519
  38.8400000  62.2600000 111.8700000  39.9700000  62.1700000 112.3400000
  38.6500000  62.4200000 110.5500000  37.7108180  62.5312824 110.1947579
  39.7700000  62.5000000 109.6000000  40.2998544  61.5461858 109.6192904
  39.2300000  62.7000000 108.1700000  38.7230866  61.7847814 107.8692897
  38.4791295  63.4870250 108.1776454  40.2500000  63.0600000 107.1100000
  40.7900000  64.3600000 107.0700000  40.4638856  65.0932771 107.7812386
  41.7400000  64.7200000 106.1100000  42.1519936  65.7180174 106.1001756
  42.1300000  63.7900000 105.1400000  42.8350526  64.0718437 104.3724533
  41.5800000  62.5000000 105.1500000  41.9112474  61.8039902 104.4014276
  40.6400000  62.1300000 106.1300000  40.2219333  61.1347690 106.1263429
  40.7800000  63.5900000 110.0100000  41.9900000  63.3400000 110.0300000
  40.3100000  64.7900000 110.3700000  39.3102542  64.9326072 110.3639097
  41.1500000  65.9500000 110.7500000  41.8212125  66.1824235 109.9237788
  40.2400000  67.1700000 111.0300000  39.2298840  66.8262309 111.2409064
  40.5966585  67.6814887 111.9213797  40.1800000  68.2300000 109.9200000
  41.1123448  68.7965901 109.9265135  39.9900000  67.6400000 108.5300000
  39.7151569  68.4305663 107.8444878  40.9294569  67.2146541 108.1815869
  39.2237677  66.8782622 108.5522730  39.0300000  69.1900000 110.1700000
  39.0918503  70.0196841 109.4686088  38.0731175  68.6785246 110.0551138
  39.1011009  69.5937991 111.1808647  42.0300000  65.6500000 111.9700000
  43.2100000  66.0300000 111.9800000  41.5000000  64.9400000 112.9600000
  40.5340117  64.6472946 112.9079377  42.2700000  64.6200000 114.1500000
  42.7178939  65.5447083 114.5154623  41.3600000  64.1000000 115.2600000
  40.7219719  64.9085111 115.6181632  40.7143774  63.3173355 114.8585533
  42.1600000  63.5400000 116.4200000  42.9300000  64.4000000 117.2300000
  42.9108498  65.4651440 117.0599202  43.7600000  63.8600000 118.2300000
  44.3675300  64.4919617 118.8523067  43.7900000  62.4700000 118.4500000
  44.5800000  61.9600000 119.4300000  44.3134777  61.0737032 119.6897679
  42.9900000  61.6200000 117.6600000  42.9890446  60.5605759 117.8364661
  42.2100000  62.1500000 116.6200000  41.6264325  61.4901360 115.9955028
  43.4300000  63.6600000 113.8400000  44.5700000  63.9600000 114.2100000
  43.2000000  62.5500000 113.1300000  42.2720558  62.3361934 112.7892654
  44.2600000  61.5600000 112.9400000  44.9245240  61.6714220 113.7972963
  43.8100000  60.1100000 113.0800000  44.3697626  59.4882656 112.3801491
  44.1142707  59.7971284 114.0797117  42.0800000  59.7100000 112.9200000
  45.1900000  61.7900000 111.7500000  46.3300000  61.3400000 111.8200000
  44.8500000  62.6100000 110.7500000  43.9215631  63.0099856 110.7055723
  45.9000000  63.0900000 109.8200000  46.4344939  62.2159967 109.4445724
  45.3300000  63.8200000 108.5900000  46.1736886  64.0749836 107.9470618
  44.4200000  62.8900000 107.7800000  44.4711919  63.1724405 106.7274831
  44.7560306  61.8578888 107.8734297  43.3857002  62.9587497 108.1018476
  44.6200000  65.1200000 108.9600000  44.1584928  65.5506275 108.0710592
  43.8534872  64.9393683 109.7045625  45.3357245  65.8388847 109.3577033
  46.9400000  63.9700000 110.5300000  48.0800000  64.0600000 110.0900000
  46.5700000  64.6000000 111.6600000  45.6088551  64.5133104 111.9627526
  47.5100000  65.2800000 112.5600000  48.2507251  65.8130805 111.9618885
  46.7300000  66.3200000 113.3900000  45.8786058  65.8663775 113.8771801
  47.3767074  66.6584052 114.1943504  46.2300000  67.5200000 112.5700000
  46.5311358  67.4285623 111.5253929  45.1428865  67.5405038 112.6083546
  46.7400000  68.8500000 113.1300000  46.2200926  69.6628124 112.6214414
  46.5081077  68.9215484 114.1934863  48.1900000  69.0100000 112.8900000
  48.4400269  69.3228855 111.9640689  49.1800000  68.8600000 113.7400000
  48.9700000  68.5200000 114.9800000  49.7205847  68.6095406 115.6474794
  48.0202559  68.4355338 115.3061506  50.4100000  69.0700000 113.3700000
  50.6060550  69.3946461 112.4367834  51.1531257  69.0202380 114.0494514
  48.2700000  64.3100000 113.4600000  49.4700000  64.5000000 113.6800000
  47.6100000  63.2800000 113.9900000  46.6277479  63.1811453 113.7756654
  48.1900000  62.3100000 114.9200000  49.2768497  62.3704001 114.8714762
  47.8000000  62.7200000 116.3500000  48.2215936  62.0123518 117.0636647
  48.1889545  63.7153799 116.5675723  46.7137486  62.7311241 116.4549617
  47.7900000  60.8600000 114.5600000  46.9200000  60.2900000 115.2300000
  48.4100000  60.2300000 113.5500000  49.5500000  60.7500000 112.7900000
  50.3674873  61.0429492 113.4490289  49.2233636  61.5994873 112.1884088
  49.9900000  59.6100000 111.8800000  50.6945236  58.9652459 112.4079261
  50.4275093  59.9870601 110.9557847  48.6900000  58.8500000 111.6200000
  48.8794035  57.8227074 111.3069404  48.1100335  59.3709250 110.8562205
  47.9700000  58.9500000 112.9700000  46.8952478  58.9766806 112.7882202
  48.2600000  57.7400000 113.8600000  48.1000000  56.6000000 113.4300000
  48.7300000  57.9500000 115.1000000  48.8443997  58.9044510 115.4066990
  49.0800000  56.9100000 116.0600000  48.9765844  55.9516403 115.5660117
  50.5700000  57.0200000 116.4100000  50.8677383  56.1767487 117.0344882
  51.1667397  57.0056465 115.4970122  50.7567292  57.9493946 116.9487396
  48.1600000  56.8700000 117.3000000  48.5200000  56.2600000 118.3100000
  46.9900000  57.5300000 117.2600000  46.7279271  58.0166470 116.4143369
  46.0200000  57.5200000 118.3600000  46.5748699  57.6504341 119.2899395
  45.0700000  58.7200000 118.2300000  44.5298527  58.8584130 119.1663832
  45.6426575  59.6223946 118.0118290  44.1400000  58.4800000 117.1900000
  44.0023629  59.2968939 116.7034834  45.2200000  56.2100000 118.4700000
  45.0200000  55.5000000 117.4800000  44.7400000  55.8900000 119.6700000
  44.9491110  56.4943574 120.4511153  43.8700000  54.7300000 119.9300000
  43.7490460  54.1751043 118.9997708  44.5300000  53.7500000 120.9200000
  44.8733964  54.2817154 121.8082457  43.7728307  53.0327127 121.2362213
  45.6900000  52.9500000 120.2800000  45.3939805  52.6710700 119.2696450
  47.0200000  53.7100000 120.2400000  47.8323469  53.0418483 119.9504779
  46.9784258  54.5033324 119.5017479  47.2429863  54.1374029 121.2181915
  45.9800000  51.6600000 121.0400000  46.5706093  50.9972325 120.4065606
  46.5710932  51.8725505 121.9292745  45.0556671  51.1424248 121.2960653
  42.4300000  55.1300000 120.3100000  41.6400000  54.3000000 120.7600000
  42.1000000  56.4000000 120.1100000  42.8385299  57.0178350 119.8047975
  40.7600000  56.9700000 120.0500000  40.1663689  56.3754404 119.3621163
  40.0700000  56.9200000 121.4300000  39.0933389  57.3902299 121.3339330
  39.8849304  55.8818283 121.7038788  40.8100000  57.5900000 122.5800000
  41.9500000  58.0100000 122.5200000  40.1500000  57.7200000 123.7000000
  40.6167425  58.1449693 124.4867701  39.2133654  57.3586732 123.7777421
  40.8700000  58.4100000 119.4800000  41.9000000  59.0600000 119.6500000
  39.8000000  58.9100000 118.8700000  39.0112775  58.3028410 118.7003642
  39.6700000  60.3100000 118.4300000  40.4683168  60.5228709 117.7247392
  38.3200000  60.4600000 117.6900000  38.2550742  59.6753324 116.9361026
  37.5123567  60.2958593 118.4032313  38.0700000  61.8000000 116.9800000
  38.6500000  62.8300000 117.3700000  37.1800000  61.8300000 116.1000000
  39.8100000  61.2500000 119.6400000  40.3200000  62.3500000 119.5200000
  39.4200000  60.8000000 120.8500000  39.0582323  59.8597385 120.8952954
  39.5500000  61.5100000 122.1400000  39.0086468  60.8868058 122.8482262
  41.0100000  61.4700000 122.6400000  41.3929143  60.4688535 122.4529769
  42.0100000  62.4500000 122.0100000  42.9198141  62.4910787 122.6091252
  42.2853968  62.1052410 121.0163254  41.5785178  63.4493118 121.9465531
  41.0500000  61.6500000 124.0400000  41.9703043  61.6412962 124.3153150
  38.8600000  62.8900000 122.2000000  38.7300000  63.5100000 123.2500000
  38.2400000  63.3100000 121.0900000  38.3627731  62.7448543 120.2624852
  37.6400000  64.6200000 120.8400000  37.6951704  65.2426768 121.7340403
  38.4400000  65.3000000 119.7200000  38.8048848  64.5689656 119.0047405
  37.8050447  66.0183763 119.2003320  39.5300000  66.0100000 120.2700000
  40.0743272  66.3301010 119.5463444  36.1800000  64.4400000 120.4700000
  35.8300000  64.3100000 119.3000000  35.3000000  64.3700000 121.4800000
  35.6647504  64.4804149 122.4148099  33.8300000  64.2300000 121.3600000
  33.4446110  64.2322241 122.3800244  33.2800000  65.5100000 120.7000000
  33.4018860  66.3394133 121.3987870  33.8829753  65.7370194 119.8226428
  31.8200000  65.4600000 120.2300000  31.6947293  64.6354236 119.5286700
  30.8100000  65.3100000 121.3700000  29.7980055  65.2880488 120.9630858
  30.9755433  64.3976901 121.9353411  30.8957171  66.1528899 122.0569044
  31.4900000  66.7500000 119.4900000  30.5866820  66.5638269 118.9267227
  31.3472867  67.5786396 120.1847957  32.2794967  67.0125685 118.7860352
  33.3200000  62.9000000 120.7400000  32.2000000  62.5000000 121.0400000
  34.1300000  62.2000000 119.9500000  35.0307228  62.5886821 119.7080905
  33.7500000  60.9200000 119.3500000  32.6634276  60.8608357 119.3861890
  34.1200000  60.9100000 117.8600000  33.5195701  61.6581545 117.3393491
  35.1720502  61.1748621 117.7528703  33.8900000  59.5300000 117.2300000
  34.5805175  58.8459306 117.7099330  32.4700000  59.0000000 117.4400000
  32.4396995  57.9528938 117.1436656  32.1646640  59.0141518 118.4806421
  31.7566180  59.5887562 116.8628944  34.2100000  59.5600000 115.7400000
  34.1684421  58.5523300 115.3272115  33.5080235  60.2056801 115.2119746
  35.2209072  59.9407802 115.5900832  34.2800000  59.7000000 120.1400000
  33.4800000  58.9000000 120.6000000  35.6000000  59.6200000 120.3400000
  36.1877288  60.3318183 119.9298992  36.2700000  58.5200000 121.0600000
  37.3172532  58.8120741 121.1202800  35.7900000  58.4300000 122.5300000
  34.7249058  58.2122648 122.5778150  36.2922417  57.5755618 122.9857733
  36.0900000  59.6100000 123.4200000  36.2200000  59.5200000 124.8100000
  36.0828289  58.6923933 125.3770491  36.5600000  60.7400000 125.2400000
  36.7647492  60.9974624 126.2711479  36.6800000  61.5900000 124.2000000
  36.9977842  62.5534848 124.2528793  36.3600000  60.9000000 123.0500000
  36.3731228  61.3010188 122.0488904  36.2900000  57.1800000 120.3000000
  36.1500000  56.1300000 120.9100000  36.5700000  57.2200000 118.9900000
  36.6866054  58.1203984 118.5506376  36.7500000  56.0400000 118.1200000
  36.5804045  55.1444627 118.7116562  35.7500000  56.0900000 116.9400000
  35.2422565  57.0445625 116.9163559  36.3041681  56.0205240 116.0026922
  34.7000000  54.9900000 116.9100000  34.7900000  54.0400000 117.7200000
  33.8300000  55.0800000 116.0200000  38.1900000  56.0000000 117.5600000
  38.7100000  57.0400000 117.1500000  38.9000000  54.8600000 117.5400000
  38.5000000  53.5800000 118.0900000  37.5391606  53.2592329 117.6867056
  38.4503061  53.6535653 119.1772560  39.6000000  52.5900000 117.6900000
  39.3332808  52.1182826 116.7430840  39.7585276  51.8339678 118.4593855
  40.8300000  53.4600000 117.4900000  41.5230743  53.0137065 116.7753117
  41.3296843  53.5953493 118.4396562  40.2600000  54.7900000 117.0000000
  40.8659098  55.6014637 117.4050224  40.3100000  54.8500000 115.4800000
  39.4400000  54.3700000 114.7700000  41.4500000  55.3400000 114.9800000
  42.1441431  55.7063731 115.6174227  41.7900000  55.3400000 113.5600000
  41.1131816  54.6815474 113.0149855  41.6000000  56.7600000 113.0100000
  42.1318052  56.8737744 112.0720041  40.5491865  56.9058410 112.7991499
  42.1200000  58.0800000 114.1200000  43.2000000  54.7900000 113.3300000
  43.9200000  55.2800000 112.4700000  43.5900000  53.7700000 114.1000000
  42.9617188  53.4133860 114.8060966  44.9200000  53.1700000 113.9700000
  45.5974092  53.9904965 113.7481903  45.3600000  52.5200000 115.3000000
  44.9298003  53.0842201 116.1290792  44.9625255  51.5052112 115.3474160
  46.8900000  52.4900000 115.4900000  47.3472726  51.9234068 114.6785969
  47.5100000  53.8900000 115.5400000  48.5674570  53.8072470 115.7936054
  47.4466148  54.3717364 114.5680635  47.0092517  54.4981818 116.2885074
  47.2600000  51.8200000 116.8100000  48.3441716  51.7646965 116.9160667
  46.8510255  52.3877581 117.6412457  46.8583277  50.8069247 116.8342636
  45.0100000  52.2000000 112.7900000  46.1000000  51.9800000 112.2900000
  43.8800000  51.6600000 112.3200000  43.0082891  51.8849623 112.7753030
  43.8300000  50.7600000 111.1700000  42.9732971  51.0390396 110.5563561
  44.7287146  50.8668973 110.5611177  43.6900000  49.3000000 111.5900000
  44.2100000  48.8600000 112.6100000  42.9500000  48.5300000 110.7900000
  42.5676623  48.9307802 109.9434513  42.5900000  47.1300000 111.0900000
  42.0496141  47.1007554 112.0368005  41.6800000  46.5900000 109.9800000
  41.6028450  45.5079997 110.0516947  40.2900000  47.2000000 110.1000000
  39.6474902  46.7957433 109.3166675  39.8569824  46.9482365 111.0683683
  40.3345411  48.2839767 109.9928569  42.2200000  46.9500000 108.7300000
  42.8986107  46.3132183 108.4850708  43.8000000  46.2100000 111.2200000
  43.8000000  45.3500000 112.1000000  44.8500000  46.4200000 110.4200000
  44.8124500  47.1610727 109.7355560  46.1000000  45.6900000 110.5600000
  45.8569150  44.6301101 110.6553770  46.9700000  45.8400000 109.3100000
  47.8276815  45.1699403 109.3856423  46.3810860  45.5089410 108.4668888
  47.4700000  47.2500000 109.0400000  48.6300000  47.7200000 109.6800000
  49.1794766  47.0801328 110.3534416  49.0800000  49.0300000 109.4400000
  49.9753462  49.3881140 109.9265908  48.3800000  49.8700000 108.5600000
  48.7342970  50.8746571 108.3785486  47.2300000  49.3900000 107.8900000
  46.7164075  50.0319812 107.1938075  46.7700000  48.0800000 108.1400000
  45.8944138  47.7139845 107.6246612  46.9100000  46.0800000 111.7900000
  47.8200000  45.3300000 112.0900000  46.6300000  47.1800000 112.4900000
  45.8480006  47.7533834 112.2077147  47.4100000  47.6300000 113.6300000
  46.8281084  48.3746895 114.1746234  47.5883109  46.7876318 114.2998068
  48.7600000  48.2300000 113.2300000  49.7000000  47.5300000 112.8500000
  48.8600000  49.5500000 113.3500000  48.0427458  50.0602532 113.6524268
  50.0300000  50.3500000 112.9900000  50.5152389  50.6827228 113.9070890
  50.7358039  49.7596242 112.4057360  49.5900000  51.5500000 112.1600000
  48.6300000  51.4400000 111.4100000  50.2600000  52.7100000 112.2900000
  51.5900000  52.8800000 112.8600000  52.2690274  52.0914159 112.5334991
  51.5178903  52.8961423 113.9482780  52.0700000  54.2400000 112.3500000
  52.5417468  54.1173534 111.3743933  52.7551637  54.7157189 113.0518456
  50.7700000  55.0300000 112.2000000  50.8652064  55.8546994 111.4931146
  50.4606806  55.3984057 113.1786449  49.7900000  53.9600000 111.7200000
  48.7941202  54.1904104 112.1030985  49.7400000  53.8900000 110.1900000
  50.5400000  53.2200000 109.5400000  48.8400000  54.6900000 109.6200000
  48.2220345  55.2242068 110.2143188  48.7600000  54.9400000 108.1800000
  49.5229545  54.3534931 107.6674375  47.4000000  54.4900000 107.6300000
  47.2959427  53.4246687 107.8427670  46.1800000  55.2100000 108.2200000
  45.2683119  54.7077523 107.8948953  46.2133064  55.1888415 109.3090694
  46.1488523  56.2373002 107.8660002  47.3600000  54.6700000 106.1200000
  46.4475445  54.2216557 105.7253300  47.3793724  55.7335004 105.8823997
  48.2183110  54.1821804 105.6599608  49.0900000  56.4200000 107.9800000
  48.3800000  57.2900000 108.4700000  50.2200000  56.7200000 107.3400000
  50.8151375  55.9938951 106.9688087  50.6500000  58.1100000 107.2300000
  50.4047052  58.5848805 108.1771987  52.1700000  58.2200000 107.0900000
  52.4682282  57.8122706 106.1272716  52.4287432  59.2759489 107.1056554
  52.9300000  57.5200000 108.2000000  52.6300000  57.8000000 109.5500000
  51.8749516  58.5279830 109.7985636  53.2900000  57.1200000 110.5800000
  53.0551560  57.3400996 111.6113522  54.2800000  56.1700000 110.2700000
  54.7946687  55.6453281 111.0611940  54.6000000  55.9100000 108.9300000
  55.3662361  55.1864105 108.6914870  53.9300000  56.5800000 107.9000000
  54.1879559  56.3682374 106.8753131  49.8600000  58.8300000 106.1100000
  49.7400000  58.2900000 105.0100000  49.3500000  60.0500000 106.3500000
  49.5100000  60.8200000 107.5800000  50.5398636  60.8019057 107.9374522
  48.8309939  60.4366142 108.3428327  49.1200000  62.2400000 107.2000000
  49.9727889  62.7473399 106.7468102  48.7480912  62.7996383 108.0523874
  48.0300000  62.0200000 106.1500000  47.9399038  62.8712728 105.4763861
  47.0781966  61.8371323 106.6496853  48.4700000  60.7500000 105.4200000
  47.5811610  60.1438595 105.2541756  49.1300000  61.0300000 104.0500000
  48.4700000  60.9700000 103.0200000  50.4600000  61.2200000 104.0300000
  50.9693870  61.2172906 104.9019169  51.2300000  61.4100000 102.7900000
  50.6932538  62.1276367 102.1676474  52.5900000  62.0300000 103.1300000
  53.1114391  62.2586982 102.1994699  52.4210702  62.9771465 103.6441591
  53.4900000  61.1800000 103.9800000  54.2200000  60.1300000 103.5300000
  54.2244007  59.7693086 102.5166385  54.9500000  59.5900000 104.5600000
  55.5765519  58.8056956 104.4420360  54.7000000  60.2400000 105.7500000
  55.1500000  60.0400000 107.0600000  55.8509624  59.2490365 107.2823327
  54.6800000  60.8800000 108.0800000  55.0171154  60.7360116 109.0963494
  53.7600000  61.9000000 107.7800000  53.4063718  62.5492791 108.5678252
  53.3000000  62.0900000 106.4600000  52.5885074  62.8745488 106.2483534
  53.7600000  61.2600000 105.4100000  51.4000000  60.1300000 101.9600000
  51.8200000  60.1900000 100.8000000  51.0800000  58.9500000 102.5100000
  50.7408535  58.9360075 103.4615835  51.0900000  57.6700000 101.7900000
  51.8178900  57.7196337 100.9809218  51.5200000  56.5400000 102.7500000
  50.7837853  56.4643336 103.5499597  51.4867143  55.5992425 102.1978469
  52.9200000  56.6800000 103.3700000  52.9771295  57.6077540 103.9348323
  53.1400000  55.5100000 104.3200000  54.1384325  55.5679298 104.7525912
  52.4022195  55.5370840 105.1225715  53.0474516  54.5641698 103.7843330
  54.0300000  56.6700000 102.3200000  54.9973244  56.7685719 102.8119386
  54.0043946  55.7419676 101.7478486  53.9099123  57.5117265 101.6416225
  49.7400000  57.3300000 101.1500000  49.6900000  56.4600000 100.3000000
  48.6500000  57.9700000 101.6000000  48.7674694  58.6725729 102.3168076
  47.2600000  57.6000000 101.2300000  47.3065918  56.7310392 100.5807481
  46.4400000  57.1100000 102.4300000  45.4874437  56.7284279 102.0597332
  47.1500000  55.9500000 103.1200000  46.4324836  55.4467396 103.7629527
  47.4976443  55.2345226 102.3749455  48.0039697  56.3074330 103.6960373
  46.1400000  58.2000000 103.4700000  45.7432080  57.7490915 104.3802986
  47.0491046  58.7442078 103.7100750  45.3835437  58.8757993 103.0840673
  46.5100000  58.6900000 100.4500000  45.3600000  58.4900000 100.0700000
  47.1500000  59.8300000 100.2200000  48.0947695  59.9185385 100.5665405
  46.5900000  61.0000000  99.5400000  45.7137538  60.6949934  98.9678646
  46.1700000  62.0900000 100.5600000  47.0691152  62.4292404 101.0771760
  45.7588726  62.9446809 100.0217603  45.1500000  61.6300000 101.6100000
  45.5180360  60.7203930 102.0663663  45.0100000  62.6500000 102.7400000
  44.3151307  62.2735119 103.4909326  45.9787629  62.8105673 103.2144262
  44.6399976  63.5977293 102.3482802  43.7800000  61.3500000 101.0100000
  43.3288940  62.2703788 100.6408746  43.8804882  60.6392144 100.1945899
  43.1288443  60.9173840 101.7703479  47.5900000  61.6200000  98.5700000
  48.8000000  61.6000000  98.8000000  47.0500000  62.2400000  97.5300000
  46.0440278  62.2095658  97.4260888  47.7900000  63.0500000  96.5800000
  48.7236997  63.3857762  97.0297198  48.0156576  62.4327878  95.7113167
  47.0000000  64.2600000  96.1200000  45.7700000  64.3400000  96.2900000
  47.7100000  65.2300000  95.5500000  48.7000015  65.0856373  95.4130139
  47.1200000  66.4300000  94.9500000  47.8795860  66.9017470  94.3267710
  46.3166762  66.1198886  94.2917449  46.6000000  67.4900000  95.9300000
  45.8200000  68.3300000  95.5300000  47.0300000  67.4400000  97.1900000
  47.6446462  66.6837418  97.4477650  46.9200000  68.5300000  98.1800000
  46.0336339  69.1251803  97.9529168  46.7300000  67.9200000  99.5800000
  46.6083963  68.7379494 100.2828770  45.8145918  67.3334691  99.6025550
  47.8800000  67.0500000 100.0500000  48.0100000  65.7200000  99.5700000
  47.2624370  65.2999205  98.9132826  49.1400000  64.9600000  99.9200000
  49.2502206  63.9510070  99.5592683  50.1200000  65.5100000 100.7700000
  51.2000000  64.7700000 101.1200000  51.7828033  65.2361450 101.7241714
  49.9700000  66.8200000 101.2800000  50.7164790  67.2398596 101.9389258
  48.8500000  67.5800000 100.9200000  48.7538103  68.5907326 101.2910474
  48.1500000  69.4700000  98.1200000  49.1100000  69.2000000  97.4100000
  48.1200000  70.5400000  98.9200000  47.3011441  70.6641093  99.4970651
  49.0200000  71.7200000  98.8200000  49.5958377  71.6303108  97.8982954
  48.1700000  73.0000000  98.6900000  47.7838022  73.2680815  99.6752876
  48.8101345  73.8159539  98.3519572  46.9800000  72.8800000  97.7500000
  47.1600000  72.9700000  96.5200000  45.8700000  72.7000000  98.3000000
  50.0400000  71.8400000  99.9800000  50.0700000  72.8400000 100.7000000
  50.8100000  70.7800000 100.2300000  50.6958432  69.9824661  99.6221081
  51.9800000  70.7300000 101.1500000  52.5389436  69.8516674 100.8262795
  52.9700000  71.9100000 100.9700000  52.5150268  72.8315261 101.3324193
  53.8396646  71.7171739 101.6001001  53.4800000  72.1300000  99.5300000
  53.2400000  71.2600000  98.6600000  54.1700000  73.1600000  99.3400000
  51.6700000  70.4700000 102.6300000  52.4600000  69.7900000 103.2900000
  50.5200000  70.8800000 103.1600000  49.9167136  71.4652490 102.5993113
  50.0000000  70.4000000 104.4700000  50.4619113  69.4399573 104.6992258
  50.3600000  71.3900000 105.6000000  50.0483504  72.3932779 105.3050540
  49.8033366  71.1266494 106.5005987  51.8500000  71.4200000 105.9700000
  52.4268089  71.7608055 105.1103303  51.9979739  72.1474459 106.7679981
  52.3800000  70.0600000 106.4500000  51.7100000  69.2800000 107.1000000
  53.6200000  69.7500000 106.1500000  54.1638064  70.3781819 105.5782946
  53.9903207  68.8607715 106.4475309  48.4900000  70.1500000 104.5100000
  47.9800000  69.5400000 105.4400000  47.7500000  70.6300000 103.5100000
  48.2044752  71.1135580 102.7496097  46.3000000  70.7200000 103.6000000
  46.0102320  70.8811593 104.6402109  45.8300000  71.9400000 102.8000000
  46.0963764  71.7912023 101.7518367  44.7441013  72.0127728 102.8684911
  46.4200000  73.2600000 103.2700000  46.7400000  73.4600000 104.4300000
  46.5900000  74.1900000 102.3700000  47.0033477  75.0690260 102.6426364
  46.3483826  74.0148419 101.4063601  45.6500000  69.4200000 103.1300000
  45.0700000  69.3900000 102.0500000  45.7200000  68.3500000 103.9200000
  46.2341985  68.4164347 104.7887657  45.0600000  67.0700000 103.6000000
  45.5115039  66.6786549 102.6872712  45.3100000  66.0600000 104.7300000
  44.6852785  66.3275678 105.5835061  45.0015912  65.0705478 104.3956235
  46.7500000  65.9900000 105.1800000  47.7400000  65.4700000 104.3100000
  47.4674333  65.0951892 103.3333652  49.0900000  65.4700000 104.7100000
  49.8449144  65.0660488 104.0530192  49.4600000  66.0000000 105.9700000
  50.7600000  66.0200000 106.3500000  50.9144092  66.5798997 107.1159731
  48.4700000  66.5200000 106.8300000  48.7465258  66.9212417 107.7940027
  47.1200000  66.5100000 106.4400000  46.3735113  66.9342534 107.0951948
  43.5500000  67.2200000 103.3600000  42.9300000  66.3700000 102.7300000
  42.9700000  68.3300000 103.8300000  43.5510429  68.9572796 104.3685826
  41.6400000  68.8300000 103.4800000  40.9033805  68.1317062 103.8801636
  41.4500000  70.2000000 104.1800000  41.9339307  70.9745602 103.5840381
  40.3897713  70.4302091 104.2088505  42.0000000  70.3100000 105.6000000
  43.2000000  70.2600000 105.8100000  41.1600000  70.4700000 106.6000000
  40.1708568  70.5401588 106.4215827  41.5249704  70.5669024 107.5362553
  41.4500000  68.9200000 101.9400000  40.4800000  68.4000000 101.4000000
  42.4200000  69.5000000 101.2300000  43.2228069  69.8543158 101.7294245
  42.4000000  69.7900000  99.7900000  41.4078755  70.1640089  99.5326255
  43.4200000  70.9200000  99.5000000  44.4196060  70.5762185  99.7668313
  43.4274151  71.1250467  98.4290846  43.1400000  72.2300000 100.2100000
  42.0600000  72.5100000 100.6900000  44.1100000  73.1200000 100.3000000
  43.9250801  74.0065701 100.7406523  44.9926112  72.9367448  99.8412467
  42.6700000  68.5500000  98.8900000  42.6300000  68.6900000  97.6700000
  42.9300000  67.3600000  99.4500000  42.9079860  67.2834886 100.4572178
  43.3400000  66.1700000  98.6900000  44.3376550  66.3529916  98.2907589
  43.4300000  64.9800000  99.6500000  43.7483694  64.0956524  99.0977294
  44.1594284  65.1923396 100.4321678  42.4567162  64.7894611 100.1046043
  42.4100000  65.8500000  97.5000000  41.1900000  65.7200000  97.6500000
  42.9900000  65.7000000  96.3000000  43.9934581  65.7976189  96.2333249
  42.2600000  65.4900000  95.0300000  41.2035188  65.6888706  95.2054991
  42.7000000  66.4600000  93.9200000  42.1020548  66.2573429  93.0305803
  42.5100000  67.9300000  94.2700000  42.7586981  68.5496747  93.4081901
  41.4707398  68.1092664  94.5448389  43.1513178  68.2078322  95.1054161
  44.0500000  66.2700000  93.5900000  44.3701532  67.0753369  93.1742396
  42.3500000  64.0600000  94.4900000  41.5300000  63.6800000  93.6500000
  43.2600000  63.2500000  95.0200000  43.8905185  63.6199472  95.7175173
  43.3900000  61.8300000  94.7000000  42.5114699  61.5038667  94.1425715
  44.6100000  61.6500000  93.8000000  44.6835270  60.6083953  93.4863363
  44.5110289  62.2794625  92.9149645  45.5169984  61.9273472  94.3386680
  43.4900000  60.9800000  95.9600000  44.0100000  61.4200000  97.0000000
  43.0200000  59.7400000  95.8600000  42.6245514  59.4295796  94.9838923
  43.1100000  58.7500000  96.9300000  43.5349594  59.2122818  97.8208020
  41.7000000  58.2500000  97.2900000  41.2406974  57.8304675  96.4017180
  41.7899148  57.4576356  98.0352486  40.7900000  59.3600000  97.8400000
  40.6666281  60.1283629  97.0794256  39.4100000  58.7800000  98.1700000
  38.7542791  59.5623009  98.5532242  38.9609820  58.3600178  97.2694503
  39.5022532  57.9965736  98.9231331  41.3800000  60.0000000  99.0900000
  40.6139060  60.5549799  99.6322458  41.8098608  59.2388262  99.7396551
  42.1486388  60.7084280  98.7897917  44.0500000  57.6300000  96.5300000
  43.9100000  57.0600000  95.4400000  45.0000000  57.3400000  97.4100000
  45.0276878  57.8436779  98.2853674  46.0000000  56.2900000  97.2200000
  45.9920858  55.9801433  96.1741690  47.4200000  56.7800000  97.5400000
  47.4975712  56.9580864  98.6001076  48.4900000  55.7500000  97.1700000
  49.4841547  56.1402681  97.3912627  48.3468226  54.8370781  97.7472533
  48.4257908  55.5135969  96.1076101  47.7600000  58.1100000  96.8400000
  48.7906921  58.3943821  97.0542192  47.6326832  58.0045059  95.7621266
  47.1068980  58.9044058  97.2004891  45.5900000  55.1000000  98.0900000
  45.1600000  55.2400000  99.2400000  45.6700000  53.9200000  97.4800000
  45.9804525  53.9105292  96.5183884  45.4100000  52.6200000  98.0600000
  45.3262803  52.7072215  99.1391384  44.1100000  51.9900000  97.5200000
  44.2495221  51.8611106  96.4557909  43.8500000  50.5900000  98.1100000
  44.6449074  49.9021478  97.8313496  43.7869690  50.6474590  99.1973530
  42.9159213  50.1835988  97.7237184  42.9100000  52.9400000  97.7500000
  42.7615804  53.0976128  98.8150415  43.1292020  53.9059765  97.2956900
  41.5900000  52.4700000  97.1200000  41.0835328  51.7776053  97.7950077
  40.9420222  53.3302438  96.9447039  41.7882981  51.9709491  96.1755963
  46.6100000  51.7600000  97.7000000  47.1600000  51.8900000  96.6100000
  46.9500000  50.8600000  98.6100000  46.4144896  50.8130321  99.4658645
  48.0700000  49.9300000  98.4600000  48.2940814  49.8071323  97.4053754
  49.3200000  50.4800000  99.1600000  49.1544717  50.5166012 100.2358282
  50.5700000  49.6600000  98.8700000  51.4113963  50.0565975  99.4389944
  50.4187504  48.6211083  99.1393215  50.8026604  49.7046630  97.8049712
  49.6200000  51.7600000  98.6800000  48.8849103  52.3431584  98.8860950
  47.6900000  48.5900000  99.0700000  47.2000000  48.5600000 100.2000000
  48.0300000  47.5200000  98.3700000  48.3977533  47.6671898  97.4394029
  48.0900000  46.1500000  98.8800000  47.6907908  46.1103858  99.8944093
  47.2600000  45.1800000  98.0100000  47.7593690  45.0099867  97.0646146
  47.2198365  44.2156270  98.5178435  45.8500000  45.6600000  97.7400000
  45.6300000  46.7300000  96.8500000  46.4365530  47.1187893  96.2602123
  44.3700000  47.3400000  96.7700000  44.2194893  48.1965434  96.1286482
  43.3200000  46.8500000  97.5500000  42.3717430  47.3587475  97.5405502
  43.4900000  45.6900000  98.3300000  42.6638593  45.2899110  98.8988266
  44.7600000  45.1100000  98.4400000  44.9096305  44.2845647  99.1172374
  49.5700000  45.7700000  98.8900000  50.1500000  45.5000000  97.8400000
  50.2500000  45.8800000 100.0400000  49.9800000  46.7600000 101.1600000
  49.5630167  46.1716028 101.9696158  49.3280884  47.5886479 100.9070964
  51.3500000  47.2800000 101.5900000  51.3597243  47.6295717 102.6197513
  51.7125111  48.0514177 100.9129224  52.1600000  46.0100000 101.4100000
  51.9413374  45.4106858 102.2622724  53.2247149  46.1968463 101.3337177
  51.5800000  45.3200000 100.1800000  52.1636472  45.6262194  99.3253722
  51.5000000  43.7900000 100.3000000  50.8100000  43.2700000 101.1800000
  52.2400000  43.0700000  99.4600000  52.8056360  43.5538767  98.7766546
  52.2400000  41.5900000  99.4200000  51.5497845  41.2088020 100.1715485
  51.7300000  41.0900000  98.0500000  52.2235897  41.6479151  97.2611386
  51.9700000  39.6000000  97.7900000  51.4777962  39.2938655  96.8662067
  53.0371785  39.4096845  97.6839192  51.5829845  39.0083895  98.6096634
  50.2300000  41.3700000  97.9000000  49.8836256  41.0390419  96.9203626
  49.6712717  40.8376843  98.6709278  50.0336605  42.4382675  97.9939673
  53.6200000  41.0500000  99.7900000  54.6500000  41.6200000  99.4100000
  53.6800000  39.9700000 100.5800000  52.8308305  39.5154821 100.8900844
  54.9700000  39.3600000 100.9300000  55.5524374  40.1026445 101.4771304
  54.8000000  38.1300000 101.8300000  54.0859662  37.4426514 101.3724844
  55.7591945  37.6153395 101.9026737  54.3500000  38.4600000 103.2300000
  53.3100000  38.0600000 103.6800000  55.1100000  39.2000000 104.0000000
  54.8028853  39.3814610 104.9426302  55.9896940  39.5531703 103.6606321
  55.7500000  38.9800000  99.6700000  55.2500000  38.3100000  98.7700000
  57.0200000  39.3600000  99.6500000  57.3859194  39.8968625 100.4224397
  57.9800000  38.8500000  98.6900000  57.4480680  38.4302388  97.8349987
  58.8200000  40.0400000  98.2000000  58.1705718  40.9127379  98.1338180
  59.6005137  40.2638244  98.9249784  59.4200000  39.8600000  96.8200000
  59.2500000  38.8500000  96.1500000  60.0800000  40.8800000  96.3200000
  60.1932101  41.7250885  96.8635169  60.4404420  40.8119216  95.3805939
  58.7600000  37.7200000  99.3900000  58.9200000  37.7500000 100.6100000
  59.2100000  36.7300000  98.6300000  59.0705419  36.7768917  97.6306129
  59.8600000  35.5400000  99.1600000  59.9801514  35.6494532 100.2383254
  59.0000000  34.2900000  98.9400000  58.7417042  34.1961688  97.8898420
  59.6077033  33.4241934  99.2018954  57.7500000  34.2400000  99.7900000
  57.8600000  33.7900000 101.1100000  58.8217073  33.5034440 101.5108798
  56.7100000  33.7000000 101.9200000  56.7899745  33.3357000 102.9336633
  55.4500000  34.0800000 101.4000000  54.3600000  33.9600000 102.2000000
  53.5653417  34.3464053 101.8221791  55.3500000  34.5500000 100.0800000
  54.3911061  34.8479834  99.6807057  56.5000000  34.6200000  99.2700000
  56.4192573  34.9763561  98.2539953  61.2600000  35.3600000  98.5800000
  61.4800000  35.5700000  97.3900000  62.1900000  34.9700000  99.4400000
  61.9148438  34.8112436 100.3982800  63.5800000  34.7000000  99.1100000
  63.8572347  35.2142426  98.1884726  64.4400000  35.2500000 100.2400000
  64.4376039  36.3306244 100.1606102  64.0042948  34.9758589 101.2026852
  65.8800000  34.8000000 100.2100000  66.7800000  35.3800000  99.2900000
  66.4423643  36.1503823  98.6113888  68.1200000  34.9500000  99.2500000
  68.8109255  35.3986056  98.5498689  68.5600000  33.9500000 100.1500000
  69.8400000  33.5300000 100.1200000  70.4236314  34.1474311  99.6272489
  67.6600000  33.3700000 101.0700000  67.9983171  32.6037337 101.7518668
  66.3200000  33.7900000 101.0900000  65.6275223  33.3396050 101.7867572
  63.7600000  33.1900000  98.9200000  63.5300000  32.4200000  99.8600000
  64.1800000  32.7700000  97.7200000  64.3690972  33.4651503  97.0117087
  64.2900000  31.3500000  97.3200000  64.5063857  31.3405702  96.2515350
  65.4900000  30.6900000  98.0300000  65.4672530  30.9046579  99.0986853
  65.4284659  29.6075284  97.9177197  66.8100000  31.0900000  97.4400000
  67.0400000  31.0200000  96.2400000  67.7400000  31.5300000  98.2500000
  68.6286713  31.8092269  97.8593114  67.5613302  31.6175191  99.2393418
  62.9800000  30.5600000  97.4700000  62.9400000  29.4900000  98.0700000
  61.9000000  31.0500000  96.8600000  61.9624930  31.9386852  96.3849916
  60.6400000  30.3000000  96.7200000  60.8661509  29.2344694  96.6568545
  59.7500000  30.5300000  97.9600000  60.3427431  30.3490745  98.8580374
  59.4382135  31.5724577  97.9663189  58.4900000  29.6600000  98.0400000
  58.1200000  29.0200000  97.0200000  57.8800000  29.6500000  99.1300000
  59.9500000  30.7300000  95.4200000  59.9000000  31.9200000  95.0900000
  59.4700000  29.7600000  94.6400000  59.5232331  28.8063745  94.9691177
  58.8000000  30.0100000  93.3600000  58.9579857  31.0530538  93.0856562
  59.4400000  29.1900000  92.2300000  60.5075364  29.4125389  92.2130619
  59.2700000  27.6800000  92.3500000  59.8690516  27.1865826  91.5843578
  59.6098923  27.3395367  93.3282059  58.2253434  27.3994986  92.2128261
  58.8900000  29.5900000  91.0000000  59.3260720  29.0988893  90.2999802
  57.2900000  29.8100000  93.4400000  56.5500000  30.6400000  92.9200000
  56.7900000  28.7700000  94.1300000  57.4236596  28.1543504  94.6191650
  55.3600000  28.4400000  94.1700000  55.0251708  28.2610524  93.1472694
  55.1500000  27.1400000  94.9700000  55.7820833  26.3725083  94.5209811
  55.4818443  27.2731277  96.0003853  53.7000000  26.6200000  94.9400000
  53.3268636  26.6614858  93.9167385  53.7064190  25.5763606  95.2562099
  52.7500000  27.4000000  95.8800000  53.2100000  28.0200000  96.8600000
  51.5100000  27.4100000  95.7000000  54.5600000  29.6200000  94.7300000
  53.5800000  30.0700000  94.1200000  55.0600000  30.2300000  95.8100000
  55.8794735  29.8399063  96.2571687  54.4400000  31.4200000  96.4100000
  53.3996845  31.1836207  96.6334610  55.1600000  31.7600000  97.7100000
  56.2227715  31.8976935  97.5004682  54.7671496  32.7021494  98.0903646
  55.0100000  30.7000000  98.7900000  55.2608242  29.7129965  98.3995332
  55.7342172  30.9635152  99.5583257  53.6100000  30.6700000  99.4200000
  53.3560986  31.6605364  99.8003796  52.8786721  30.3825279  98.6676672
  53.5600000  29.6600000 100.5700000  52.5767419  29.7054852 101.0399390
  53.7154491  28.6570857 100.1684841  54.6100000  29.9600000 101.5700000
  54.5327260  29.3234854 102.3498821  55.5199306  29.8535028 101.1403347
  54.5068932  30.9105766 101.8973386  54.4500000  32.6300000  95.4900000
  53.5000000  33.4000000  95.4900000  55.5200000  32.8200000  94.7000000
  56.2769505  32.1519372  94.7311439  55.5800000  33.8800000  93.7000000
  55.2639521  34.8118362  94.1720900  57.0200000  34.0700000  93.2000000
  57.5644451  33.1258822  93.2518995  56.9829026  34.3683016  92.1506237
  57.7900000  35.1600000  93.9600000  57.2624728  36.1074943  93.8458617
  57.9100000  34.8500000  95.4500000  58.5563367  35.5878005  95.9261990
  56.9300350  34.8994888  95.9216493  58.3283872  33.8560452  95.5949408
  59.1900000  35.3200000  93.3700000  59.7128715  36.1337055  93.8746994
  59.7576725  34.3965672  93.4954613  59.1195948  35.5540623  92.3074124
  54.6100000  33.6200000  92.5600000  53.8800000  34.5300000  92.1900000
  54.5100000  32.3800000  92.0600000  55.0995751  31.6506059  92.4326164
  53.5600000  32.0100000  91.0200000  53.7447090  32.6232287  90.1367518
  53.7400000  30.5300000  90.6400000  53.4055840  29.9039095  91.4666667
  53.0634764  30.3589849  89.8045116  55.1700000  30.0800000  90.2500000
  55.8337183  30.9434618  90.1982975  55.5342392  29.3974548  91.0154932
  55.2400000  29.3400000  88.9200000  56.1500000  29.5100000  88.1200000
  54.3100000  28.4700000  88.6200000  53.5464217  28.3201609  89.2574715
  54.3813856  27.9587892  87.7551698  52.1100000  32.2300000  91.4900000
  51.2900000  32.8000000  90.7700000  51.8300000  31.8600000  92.7400000
  52.5578834  31.3946091  93.2644077  50.5700000  32.1000000  93.4500000
  49.7630700  31.6092018  92.9031360  50.7000000  31.4300000  94.8200000
  50.8636428  30.3602633  94.6752312  51.5673561  31.8395624  95.3298075
  49.4800000  31.6300000  95.7100000  49.1516460  32.6643617  95.6677791
  48.6894074  30.9624888  95.3693539  49.8100000  31.3200000  97.1700000
  50.5511634  32.0391996  97.5212007  48.9173996  31.4391204  97.7791795
  50.3600000  29.9600000  97.3300000  50.7804314  29.5223258  96.5198712
  50.3200000  29.2700000  98.4400000  49.7800000  29.7500000  99.5300000
  49.7075655  29.1715912 100.3498551  49.3612148  30.6701534  99.5292229
  50.8500000  28.0800000  98.4400000  51.2925515  27.7374665  97.5938514
  50.7823308  27.4928878  99.2539097  50.2400000  33.5900000  93.5600000
  49.1400000  34.0000000  93.1600000  51.1700000  34.4000000  94.0600000
  52.0461863  34.0077259  94.3732834  51.0000000  35.8500000  94.1500000
  50.1587309  36.0604442  94.8125253  52.2700000  36.4700000  94.7700000
  52.1373445  37.5484641  94.8592456  52.4340262  36.0540085  95.7647417
  53.1390606  36.2613866  94.1468800  50.6900000  36.4400000  92.7700000
  49.6900000  37.1100000  92.6000000  51.4900000  36.0900000  91.7600000
  52.2660579  35.4752209  91.9609754  51.3400000  36.5500000  90.3800000
  51.4205340  37.6376552  90.3586028  52.4800000  35.9500000  89.5500000
  52.5049408  34.8763680  89.7357445  52.2673592  36.0686581  88.4888901
  53.8700000  36.5400000  89.8800000  53.9262392  37.5898468  89.6108219
  54.0612394  36.5176903  90.9471669  54.9700000  35.7700000  89.1500000
  54.7200000  34.9000000  88.3400000  56.2200000  36.0700000  89.4000000
  56.4548883  36.8068355  90.0439212  56.9462460  35.5761797  88.9010447
  50.0000000  36.1500000  89.7500000  49.4400000  36.9100000  88.9500000
  49.4500000  34.9800000  90.1000000  49.9516895  34.3681375  90.7302918
  48.1000000  34.5800000  89.7200000  47.9948708  34.7162938  88.6428200
  47.9200000  33.0800000  90.0200000  46.9188909  32.7668306  89.7220076
  48.6535156  32.5003035  89.4585295  48.0479779  32.8843280  91.0839116
  47.0200000  35.4300000  90.4100000  46.0600000  35.8500000  89.7600000
  47.2000000  35.7800000  91.6900000  48.0044596  35.4375096  92.1969201
  46.3200000  36.7500000  92.3500000  45.2922061  36.4135133  92.2101789
  46.5800000  36.7800000  93.8600000  46.5566413  35.7619112  94.2511933
  47.5641213  37.2010644  94.0600362  45.5500000  37.5900000  94.5700000
  44.4000000  37.1100000  95.1000000  44.1056039  36.0699413  95.1103291
  43.6500000  38.1500000  95.6000000  42.7608879  38.0147083  96.0604926
  44.2800000  39.3700000  95.4200000  43.9300000  40.6900000  95.7600000
  42.9812812  40.9065442  96.2285233  44.8600000  41.7100000  95.5300000
  44.6147487  42.7293408  95.7920801  46.1000000  41.4200000  94.9400000
  46.8066648  42.2157234  94.7688054  46.4200000  40.1000000  94.5600000
  47.3804661  39.8921358  94.1128612  45.5100000  39.0400000  94.7900000
  46.4300000  38.1600000  91.7400000  45.4000000  38.7400000  91.4000000
  47.6400000  38.6700000  91.5000000  48.4572122  38.1411942  91.7650558
  47.8500000  39.9900000  90.8900000  47.3590083  40.7406183  91.5076016
  49.3400000  40.3600000  90.7900000  49.8450345  39.5938320  90.2009711
  49.4168408  41.2989930  90.2445098  50.1000000  40.5100000  92.1200000
  49.6825312  41.3498092  92.6743713  49.9911692  39.6117802  92.7240252
  51.5900000  40.7700000  91.8300000  51.9000000  41.6300000  90.9600000
  52.4400000  39.9700000  92.3000000  47.2800000  40.0600000  89.4600000
  46.8000000  41.1000000  89.0200000  47.2900000  38.9400000  88.7200000
  47.6939195  38.0982386  89.1085942  46.5700000  38.8200000  87.4500000
  46.9427493  39.5873982  86.7705628  46.8300000  37.4500000  86.8300000
  47.8928066  37.3458565  86.6218960  46.5748482  36.6803414  87.5501874
  46.0400000  37.1400000  85.5500000  46.2951899  36.1185341  85.2671740
  44.9693232  37.1596583  85.7513237  46.3700000  38.0900000  84.3800000
  45.8585144  39.0412799  84.5283255  47.4425533  38.2811504  84.3468223
  45.9400000  37.4800000  83.0400000  44.8992283  37.1582254  83.1084609
  46.0204392  38.2434040  82.2645276  46.8000000  36.3200000  82.6700000
  46.4814704  35.9257585  81.7954669  47.7591378  36.6223164  82.5642818
  46.7464282  35.6128626  83.3904946  45.0700000  39.0600000  87.6600000
  44.5100000  39.9000000  86.9600000  44.4200000  38.3600000  88.5700000
  44.9270790  37.6829465  89.1246806  42.9700000  38.5100000  88.8200000
  42.4558865  38.4177168  87.8633922  42.4800000  37.3700000  89.7300000
  43.2003882  37.2023423  90.5299107  41.5364561  37.6717854  90.1854135
  42.2200000  36.0600000  88.9500000  43.1789172  35.6319716  88.6513803
  41.7103679  35.3488500  89.6006148  41.3600000  36.3000000  87.7200000
  40.3600000  37.0400000  87.8400000  41.8000000  35.8900000  86.6200000
  42.5900000  39.8800000  89.3900000  41.6300000  40.4900000  88.9100000
  43.4100000  40.4300000  90.2900000  44.1798019  39.8751826  90.6315921
  43.3600000  41.8300000  90.7200000  42.4662722  41.9808899  91.3251577
  44.6000000  42.1300000  91.5900000  44.4550091  41.6729563  92.5688043
  45.4603887  41.6503786  91.1368008  44.9300000  43.6000000  91.7700000
  44.1300000  44.3900000  92.6100000  43.4736730  43.9057682  93.2945347
  44.3000000  45.7800000  92.6900000  43.6658675  46.3723205  93.3330723
  45.3600000  46.3800000  92.0100000  45.5201918  47.4463473  92.0829505
  46.2500000  45.5800000  91.2600000  47.0771424  46.0286319  90.7404453
  46.0200000  44.1900000  91.1300000  46.6718859  43.5940053  90.5105815
  43.2800000  42.7700000  89.5100000  42.3200000  43.5500000  89.4000000
  44.2000000  42.6400000  88.5400000  44.9440502  41.9660340  88.6630456
  44.2100000  43.4300000  87.3000000  44.2423824  44.4781765  87.5848031
  45.4900000  43.1800000  86.4700000  45.6428201  42.1065125  86.3665002
  45.3700000  43.7900000  85.0500000  46.3202330  43.7552814  84.5194366
  44.6540986  43.2117123  84.4694488  45.0423259  44.8270568  85.1156472
  46.7200000  43.7900000  87.1700000  46.6371545  44.8781195  87.1723364
  46.7504571  43.4688035  88.2071718  48.0400000  43.3900000  86.5000000
  48.5125187  44.2676592  86.0599473  48.7083871  42.9657936  87.2478521
  47.8878742  42.6327326  85.7299578  42.9500000  43.2100000  86.4400000
  42.4300000  44.1700000  85.8700000  42.4600000  41.9800000  86.2700000
  42.8987540  41.1987342  86.7384417  41.2700000  41.7300000  85.4500000
  41.4150825  42.2006779  84.4762052  41.0800000  40.2300000  85.2200000
  41.1151608  39.6974671  86.1723616  40.0991131  40.0558090  84.7761269
  42.1200000  39.6900000  84.2700000  42.1600000  39.9800000  83.0900000
  43.0800000  38.9500000  84.7700000  43.7804069  38.5588282  84.1644653
  43.0756554  38.7290619  85.7550399  40.0200000  42.3500000  86.0700000
  39.2600000  43.0100000  85.3600000  39.8400000  42.2100000  87.3900000
  40.5017618  41.6745781  87.9346662  38.7100000  42.8200000  88.0800000
  37.8004711  42.4682799  87.5930568  38.6700000  42.3900000  89.5400000
  38.5116933  41.3117272  89.5870679  39.6372110  42.6104358  89.9950935
  37.5700000  43.0800000  90.3300000  36.2700000  43.2200000  89.8100000
  36.0218974  42.8082833  88.8433107  35.2900000  43.9100000  90.5300000
  34.2955390  44.0073427  90.1210233  35.5800000  44.4400000  91.8000000
  34.8167747  44.9594473  92.3606121  36.8700000  44.3000000  92.3300000
  37.1107729  44.7257317  93.2930246  37.8500000  43.6300000  91.5900000
  38.8386928  43.5529318  91.9784753  38.7400000  44.3500000  87.9800000
  37.7700000  44.9400000  87.5100000  39.8600000  45.0000000  88.3500000
  40.6466596  44.4757923  88.7114761  39.9700000  46.4600000  88.2800000
  39.1738020  46.8702352  88.9032974  41.3100000  46.9600000  88.8600000
  41.4134398  46.5530205  89.8671933  42.5400000  46.5500000  88.0600000
  43.4479500  46.7824247  88.6174463  42.4872643  45.4875597  87.9103751
  42.5662060  47.0487790  87.0916366  41.3400000  48.4800000  88.9600000
  42.3094999  48.7819647  89.3433776  41.2007304  48.9434161  87.9839007
  40.5555661  48.8214062  89.6359091  39.7500000  46.9800000  86.8600000
  39.0700000  47.9900000  86.6700000  40.2100000  46.2500000  85.8400000
  40.7330327  45.4080405  86.0421868  40.0200000  46.6000000  84.4200000
  40.3216574  47.6385688  84.2745700  40.9600000  45.6900000  83.6200000
  41.9044300  45.7270909  84.1543879  40.5784956  44.6677691  83.6110135
  41.2800000  46.1500000  82.2000000  40.3634988  46.2358715  81.6159859
  41.7555328  47.1303427  82.2509403  42.2400000  45.1600000  81.4900000
  41.6527517  44.3143576  81.1288981  42.6922923  45.6578102  80.6313680
  43.3400000  44.6200000  82.4200000  43.9249595  45.4679476  82.7797940
  42.8911866  44.1213470  83.2803180  44.2500000  43.6700000  81.7400000
  45.1800031  43.7491152  82.1335558  43.9110673  42.7244655  81.8698214
  44.2884259  43.8826065  80.7508735  38.5800000  46.4400000  83.9600000
  38.1400000  47.1200000  83.0200000  37.8300000  45.5300000  84.5800000
  38.2429841  44.9811044  85.3222988  36.4300000  45.3200000  84.2900000
  36.2699962  45.6853079  83.2771847  36.0940000  43.8220000  84.2330000
  36.9157294  43.2764028  83.7671809  35.9562602  43.4364659  85.2445367
  34.8500000  43.5960000  83.3890000  34.7760000  43.9160000  82.2240000
  33.7740000  43.1100000  83.9750000  33.8008016  42.8620362  84.9522679
  32.9445232  42.9502488  83.4263684  35.4800000  46.1400000  85.1800000
  34.3000000  46.2400000  84.8400000  35.9600000  46.7800000  86.2400000
  36.9413055  46.6860908  86.4665666  35.1400000  47.5900000  87.1500000
  34.2272389  47.0333448  87.3664996  35.9100000  47.7700000  88.4600000
  36.3100093  46.8061849  88.7772256  36.7528620  48.4448359  88.3025980
  35.0300000  48.2900000  89.5700000  34.1400000  47.4200000  90.2300000
  34.1049980  46.3772715  89.9550519  33.2900000  47.9000000  91.2400000
  32.5986336  47.2277244  91.7265998  33.3500000  49.2500000  91.6200000
  32.5100000  49.7000000  92.5900000  31.9159368  49.0155524  92.9265532
  34.2400000  50.1200000  90.9500000  34.2876461  51.1592883  91.2283654
  35.0600000  49.6500000  89.9200000  35.7308923  50.3293214  89.4130480
  34.7600000  48.9400000  86.5100000  35.6100000  49.6200000  85.9500000
  33.4600000  49.3000000  86.5100000  32.7873279  48.7163118  86.9861576
  32.9600000  50.4100000  85.6700000  33.6770833  50.5657915  84.8638718
  31.6200000  50.0800000  84.9800000  30.8403222  49.9487214  85.7316047
  31.3465654  50.9412363  84.3680719  31.6300000  48.8400000  84.0600000
  31.4550740  47.9597926  84.6807444  30.8086549  48.9188988  83.3463503
  32.9500000  48.6300000  83.3100000  33.1344891  49.4871091  82.6604488
  33.7767640  48.5483036  84.0069090  32.9200000  47.3700000  82.4700000
  32.5647812  46.5365392  83.0778709  32.2462139  47.5104511  81.6232771
  34.2900000  47.0700000  81.9900000  34.6529212  47.8536661  81.4656751
  34.8901771  46.8967697  82.7850021  34.2782171  46.2409993  81.4100454
  32.9200000  51.7500000  86.3800000  33.6300000  52.6600000  85.9800000
  32.0600000  51.8500000  87.3900000  31.5140440  51.0306877  87.6090243
  31.8700000  53.0000000  88.2900000  30.8260541  52.9701217  88.6051773
  32.7100000  52.7600000  89.5500000  32.6633647  51.6931155  89.7490733
  33.7541409  53.0396947  89.4044988  32.1300000  53.4600000  90.7600000
  31.4600000  54.4700000  90.6800000  32.3200000  52.8800000  91.9300000
  31.9122700  53.2934960  92.7527344  32.8378342  52.0173991  92.0031261
  32.1200000  54.3700000  87.6300000  33.1500000  54.9900000  87.8900000
  31.1700000  54.8700000  86.8100000  29.8800000  54.2600000  86.5300000
  29.1887726  54.4949941  87.3405821  29.9564308  53.1812207  86.3998848
  29.3900000  54.9000000  85.2300000  28.3012819  54.9410044  85.1830036
  29.7918868  54.3447857  84.3811912  30.0100000  56.2900000  85.2700000
  29.3496052  56.9544208  85.8308767  30.1755304  56.6836287  84.2662182
  31.3300000  56.1000000  86.0300000  32.1277728  55.9394445  85.3038034
  31.6500000  57.3700000  86.8400000  32.0000000  58.4000000  86.2800000
  31.5100000  57.3000000  88.1700000  31.2080126  56.4274806  88.5768743
  31.8100000  58.3800000  89.0900000  31.4905766  59.3251162  88.6483878
  31.0200000  58.1700000  90.3900000  31.3334795  57.2309810  90.8480447
  31.2644211  58.9721444  91.0877140  29.5100000  58.1500000  90.2200000
  28.9300000  58.3700000  89.1700000  28.8100000  57.8800000  91.2900000
  27.8045145  57.8522726  91.2297407  29.2870061  57.6642960  92.1536897
  33.3100000  58.4900000  89.4200000  33.6900000  59.4400000  90.0900000
  34.1500000  57.5400000  88.9800000  33.7796937  56.7989967  88.4001491
  35.5600000  57.4200000  89.3700000  35.8387982  58.3256063  89.8943962
  35.7400000  56.2300000  90.3200000  35.4540456  55.3272973  89.7780799
  36.7986491  56.1451473  90.5707449  34.9300000  56.2800000  91.6300000
  33.8671194  56.3519278  91.3973724  35.1600000  54.9900000  92.4200000
  34.5502554  54.9940957  93.3244879  34.8784475  54.1306306  91.8126255
  36.2107110  54.8950556  92.6957006  35.3200000  57.4500000  92.5200000
  34.6737372  57.4553574  93.3969128  36.3526276  57.3645905  92.8389455
  35.1881319  58.3962109  91.9978792  36.5000000  57.2800000  88.1700000
  36.1700000  56.6400000  87.1700000  37.7200000  57.8000000  88.3000000
  37.9454164  58.3061416  89.1451179  38.8000000  57.5900000  87.3200000
  38.4341331  56.9059588  86.5537354  39.2200000  58.8600000  86.5400000
  39.5997474  58.5484672  85.5666438  38.0700000  59.8300000  86.3300000
  38.3751919  60.6206139  85.6433017  37.2159637  59.3046209  85.9006834
  37.7947898  60.2733625  87.2817501  40.2100000  59.6400000  87.1600000
  39.8837618  59.8828192  88.0291060  39.9400000  56.8800000  88.0300000
  40.6000000  57.4200000  88.9300000  40.1100000  55.6000000  87.7000000
  39.5318911  55.2034445  86.9727649  41.0400000  54.7000000  88.3800000
  41.2878879  55.1261853  89.3525593  40.3800000  53.3200000  88.6600000
  40.1205762  52.8403943  87.7144652  41.3900000  52.4100000  89.4000000
  40.9139415  51.4687798  89.6750103  42.2355997  52.1807838  88.7530332
  41.7565616  52.9105856  90.2938492  39.1100000  53.4700000  89.5300000
  39.0485125  52.6475031  90.2437290  39.1567567  54.4005576  90.0942729
  37.8000000  53.4600000  88.7400000  37.7243037  52.5390156  88.1608821
  36.9613592  53.5053093  89.4343540  37.7516290  54.3149790  88.0669679
  42.3300000  54.5900000  87.5700000  42.3200000  54.2700000  86.3900000
  43.4500000  54.8300000  88.2500000  43.3739361  55.1263860  89.2138614
  44.7800000  54.4300000  87.7700000  44.7078480  54.1048242  86.7308325
  45.7400000  55.6200000  87.8500000  45.2175788  56.5196217  88.1747507
  46.5570464  55.4063222  88.5391673  46.2600000  55.8300000  86.5600000
  45.5795145  56.2016133  85.9910530  45.2700000  53.2500000  88.5900000
  45.2700000  53.3600000  89.8100000  45.6900000  52.1500000  87.9800000
  45.6968666  52.1125501  86.9705469  46.1100000  50.9400000  88.7000000
  46.2799471  51.1979405  89.7445904  44.9800000  49.9000000  88.6700000
  45.2366859  49.0690336  89.3291860  44.0787361  50.3708212  89.0559422
  44.6500000  49.3600000  87.3000000  45.4200000  48.3200000  86.7600000
  46.2283068  47.8784991  87.3251428  45.1300000  47.8500000  85.4600000
  45.7175407  47.0520009  85.0336934  44.0900000  48.4300000  84.7100000
  43.8739805  48.0723616  83.7140464  43.3200000  49.4600000  85.2700000
  42.5273786  49.9143289  84.6928502  43.5900000  49.9200000  86.5600000
  42.9894188  50.7144950  86.9783395  47.4200000  50.3400000  88.1800000
  47.8100000  50.5600000  87.0300000  48.0600000  49.5600000  89.0500000
  47.6559078  49.4419941  89.9697357  49.3300000  48.8600000  88.8100000
  49.3678838  48.5282280  87.7701715  50.5200000  49.8000000  89.1000000
  50.2203094  50.5448226  89.8351148  51.8600000  49.2000000  89.5300000
  52.6030838  49.9898343  89.6380899  51.7605532  48.7054294  90.4965753
  52.2150321  48.4880777  88.7841297  50.8100000  50.4000000  87.8900000
  50.6658080  51.3475409  87.9724394  49.4400000  47.6400000  89.7000000
  48.8800000  47.6300000  90.7900000  50.2200000  46.6700000  89.2500000
  50.6619791  46.7827055  88.3482811  50.6600000  45.5300000  90.0600000
  50.4330920  45.7067925  91.1095110  49.9200000  44.2900000  89.5700000
  50.1508616  43.4540308  90.2261083  48.8442409  44.4638969  89.5909125
  50.2359218  44.0489723  88.5556620  52.1700000  45.3300000  89.9200000
  52.7500000  45.8100000  88.9300000  52.7800000  44.5500000  90.8100000
  52.2486665  44.1240786  91.5560024  54.2200000  44.3000000  90.7600000
  54.7260190  45.2647935  90.7880444  54.6800000  43.4700000  91.9700000
  54.4931091  44.0239213  92.8910827  54.1047118  42.5459185  92.0000705
  56.1800000  43.1000000  91.8900000  56.3714683  42.2403652  92.5244444
  56.4500357  42.7509602  90.8955016  57.1300000  44.2400000  92.2800000
  56.9500000  45.3800000  91.8000000  58.0500000  43.9300000  93.0700000
  54.6100000  43.6000000  89.4600000  55.5000000  44.0500000  88.7300000
  53.9100000  42.5200000  89.0800000  53.1606878  42.1792372  89.6689780
  54.2600000  41.7600000  87.8700000  55.3492619  41.7540375  87.8047677
  53.8600000  40.2900000  88.0100000  54.3265853  39.7435864  87.1886145
  54.2666884  39.8924256  88.9411259  52.3400000  40.0800000  87.9900000
  51.9418478  40.2169871  88.9891633  51.8357355  40.7637621  87.3071620
  52.0800000  38.6500000  87.5600000  52.8248591  38.0184803  88.0081957
  51.0955685  38.3516767  87.9090722  52.1900000  38.4500000  86.1100000
  53.1212328  38.3058333  85.7452875  51.2000000  38.4600000  85.2500000
  51.4300000  38.2500000  83.9900000  52.3823208  38.1401027  83.6743189
  50.7009102  38.3680162  83.3011046  49.9700000  38.6500000  85.6400000
  49.2374657  38.6809196  84.9487664  49.7675620  38.8086259  86.6167902
  53.7800000  42.3800000  86.5500000  53.7700000  41.7100000  85.5200000
  53.3300000  43.6300000  86.5800000  53.3611461  44.1417807  87.4511759
  52.7500000  44.3000000  85.4200000  52.0963037  43.5893123  84.9116671
  51.8800000  45.4800000  85.8700000  51.0984927  45.1317401  86.5455845
  52.4869651  46.2447454  86.3551573  51.3000000  46.0000000  84.7000000
  51.9355620  46.5879305  84.2720289  53.8000000  44.7700000  84.4200000
  53.5700000  44.6900000  83.2200000  54.9800000  45.1900000  84.8900000
  55.1489224  45.2123475  85.8863161  56.0600000  45.5900000  83.9800000
  55.6325919  46.3477538  83.3272079  57.2400000  46.2600000  84.7500000
  56.7993979  46.9197755  85.5000038  58.1600000  45.2600000  85.4700000
  58.8361517  45.7895343  86.1409467  57.5611238  44.5777358  86.0738440
  58.7529219  44.6880937  84.7560635  58.0900000  47.1300000  83.8000000
  58.7280104  46.4888722  83.1906759  57.4441565  47.6706866  83.1207556
  58.9700000  48.1500000  84.5300000  58.3603319  48.7592283  85.1983822
  59.7460732  47.6432522  85.1027852  59.4472939  48.8013453  83.7974103
  56.4700000  44.4300000  83.0700000  56.4800000  44.5800000  81.8600000
  56.7600000  43.2600000  83.6400000  56.7140500  43.1655036  84.6440032
  57.1600000  42.0800000  82.8600000  58.0580373  42.3338036  82.2950406
  57.5000000  40.9300000  83.8100000  58.2258279  41.2711883  84.5498511
  56.5896207  40.6261833  84.3292861  58.0900000  39.7100000  83.0600000
  57.4851153  39.4967503  82.1806189  59.0987197  39.9540297  82.7241851
  58.1300000  38.4300000  83.9000000  57.9700000  38.5300000  85.1400000
  58.3800000  37.3400000  83.3300000  56.0700000  41.6800000  81.8700000
  56.3800000  41.4400000  80.7000000  54.7900000  41.7000000  82.2900000
  54.5946141  41.9342932  83.2536223  53.6500000  41.4300000  81.4100000
  53.7876909  40.4298445  80.9962530  52.3200000  41.4200000  82.2000000
  52.4813888  40.8669769  83.1267079  52.0611177  42.4419304  82.4793737
  51.1100000  40.7800000  81.4700000  50.4900000  41.4300000  80.6000000
  50.6900000  39.6800000  81.8900000  53.6300000  42.4200000  80.2600000
  53.6200000  41.9600000  79.1300000  53.7400000  43.7400000  80.4700000
  53.8082343  44.0926791  81.4139473  53.7600000  44.7000000  79.3500000
  52.8428337  44.5616517  78.7786375  53.8000000  46.1500000  79.8600000
  54.5435278  46.2282926  80.6536391  54.1261994  46.7872737  79.0365907
  52.4700000  46.7200000  80.3600000  52.2115187  46.2191649  81.2938974
  52.6050174  47.7791177  80.5815450  51.2800000  46.5700000  79.3800000
  51.5000000  46.5400000  78.1600000  50.1100000  46.5900000  79.8300000
  54.9300000  44.4700000  78.3800000  54.7400000  44.5400000  77.1700000
  56.1300000  44.1300000  78.8700000  56.2661671  44.0502632  79.8693432
  57.2700000  43.8800000  77.9700000  57.2868045  44.6633029  77.2103167
  58.6000000  43.9600000  78.7300000  58.5049581  43.3944158  79.6592912
  59.3546396  43.4591510  78.1207463  59.1300000  45.3800000  79.0400000
  59.2938857  45.9107971  78.1012210  58.2700000  46.2400000  79.9500000
  58.6933611  47.2435327  79.9978087  57.2564719  46.3322090  79.5656573
  58.2686571  45.8335387  80.9546492  60.4700000  45.2000000  79.7600000
  60.9029255  46.1759657  79.9828642  60.3339221  44.6478734  80.6913843
  61.1646046  44.6541537  79.1208696  57.1300000  42.5400000  77.2300000
  57.5000000  42.4600000  76.0600000  56.5700000  41.5000000  77.8400000
  56.2706937  41.6090663  78.7996396  56.2600000  40.2300000  77.1700000
  57.1072915  39.9452170  76.5445493  56.0500000  39.1200000  78.2100000
  55.2373421  39.4103440  78.8771230  55.7473163  38.2149453  77.6821256
  57.2700000  38.7700000  79.0600000  57.2100000  37.9500000  79.9400000
  58.4300000  39.3400000  78.8000000  59.2230416  39.1155634  79.3799660
  58.5048719  40.0209798  78.0607095  55.0400000  40.3700000  76.2400000
  54.9600000  39.6800000  75.2300000  54.1100000  41.2800000  76.5500000
  54.2425540  41.8076057  77.4014429  52.9600000  41.6400000  75.7100000
  52.4566606  40.7192777  75.4110986  51.9900000  42.5100000  76.5100000
  51.9379971  42.1629755  77.5351076  52.3444964  43.5414804  76.5117414
  50.5600000  42.4200000  76.0100000  50.5255448  42.3786847  74.9207554
  50.0943092  41.5193532  76.4121842  49.8000000  43.6600000  76.5000000
  48.7298145  43.4615827  76.4341039  50.0567426  43.8739228  77.5391018
  50.1200000  44.8200000  75.6400000  50.6812843  44.6187588  74.8264521
  49.5700000  46.0200000  75.7200000  49.7000000  46.8200000  74.7000000
  50.1435502  46.4972561  73.8549826  49.2543225  47.7305804  74.7237456
  48.8900000  46.4000000  76.7600000  48.4821364  47.3201634  76.7732685
  48.9192965  45.8452380  77.6028804  53.3900000  42.4000000  74.4600000
  52.7600000  42.2600000  73.4100000  54.4500000  43.2000000  74.5900000
  54.9027100  43.2805487  75.4906503  55.0100000  43.9500000  73.4700000
  54.2114840  44.0238289  72.7448346  55.5000000  45.3400000  73.9000000
  56.0461325  45.2846085  74.8426234  56.1748349  45.7351299  73.1397134
  54.3200000  46.3100000  74.0200000  53.7986781  46.0380461  74.9347119
  54.7019299  47.3274501  74.0889702  53.3500000  46.2100000  72.8400000
  53.8600000  46.0300000  71.7100000  52.1000000  46.2900000  73.0300000
  51.9072819  46.4692878  73.9514333  56.0900000  43.2600000  72.6800000
  56.1800000  43.5400000  71.5000000  56.8500000  42.3500000  73.2800000
  56.7240878  42.1646275  74.2663824  57.8700000  41.5600000  72.5800000
  58.5721036  42.2326062  72.0864513  58.6200000  40.7200000  73.6100000
  57.9402906  40.4066398  74.4029106  58.9908201  39.8187736  73.1234416
  59.7500000  41.3800000  74.1700000  60.4189786  41.4624666  73.4855675
  57.3000000  40.6000000  71.5200000  58.0300000  40.1300000  70.6600000
  56.0000000  40.2700000  71.6200000  55.4637852  40.6295954  72.3970426
  55.3500000  39.3100000  70.7300000  56.1130642  38.7881391  70.1527605
  54.6100000  38.2200000  71.5200000  53.8033888  38.6991092  72.0778570
  54.1467609  37.5413841  70.8020270  55.4200000  37.3600000  72.5100000
  56.6300000  37.5800000  72.7200000  54.7800000  36.4200000  73.0300000
  54.4000000  39.9700000  69.7100000  53.9900000  39.3400000  68.7300000
  54.0300000  41.2500000  69.8800000  54.3771960  41.7511610  70.6860500
  53.1600000  41.9800000  68.9400000  52.4797328  41.2615312  68.4807471
  52.2700000  43.0000000  69.6600000  52.8689310  43.5847493  70.3595996
  51.8314031  43.6792437  68.9290696  51.2000000  42.3700000  70.3500000
  51.5590149  41.9159588  71.1187932  53.9300000  42.6300000  67.7800000
  53.3300000  43.3000000  66.9300000  55.2400000  42.4400000  67.7300000
  55.6679623  41.9042483  68.4735952  56.1400000  42.9700000  66.7100000
  55.5427644  43.3752283  65.8926744  56.9800000  44.1100000  67.2600000
  57.5210850  44.5795727  66.4372501  56.3257065  44.8675885  67.6929297
  57.9600000  43.6500000  68.3200000  57.6300000  42.7800000  69.1400000
  59.0400000  44.2900000  68.3000000  59.6325026  43.9801234  68.9887150
  57.0700000  41.9200000  66.1000000  57.7300000  42.2600000  65.1300000
  56.9900000  40.6200000  66.4500000  56.4153053  40.3309348  67.2299321
  57.5300000  39.5800000  65.5400000  58.5968254  39.7515650  65.4285507
  57.3500000  38.1500000  66.0800000  57.8492080  37.4711820  65.3868743
  58.0000000  37.9500000  67.4500000  57.8456412  36.9248664  67.7883972
  59.0693498  38.1158407  67.3832766  57.5704103  38.6292422  68.1862594
  55.8800000  37.7100000  66.1700000  55.8115781  36.7260537  66.6357634
  55.3083530  38.4208098  66.7619526  55.4436508  37.6359576  65.1745341
  56.8800000  39.7000000  64.1600000  57.5000000  39.4600000  63.1200000
  55.6200000  40.1600000  64.1000000  55.1242357  40.3218488  64.9651257
  55.0000000  40.6200000  62.8700000  54.9939586  39.7775023  62.1850099
  53.5200000  40.9500000  63.1000000  52.9644897  40.0201098  63.2287060
  53.4284371  41.5165131  64.0284000  52.8900000  41.7600000  61.9800000
  52.4900000  41.1500000  60.7800000  52.6066029  40.0846006  60.6458937
  51.9200000  41.9300000  59.7500000  51.5956901  41.4621394  58.8318760
  51.7800000  43.3200000  59.9200000  51.3455109  43.9189071  59.1325894
  52.2100000  43.9300000  61.1100000  52.1132534  44.9985909  61.2342275
  52.7500000  43.1500000  62.1400000  53.0724800  43.6274360  63.0536625
  55.7900000  41.7700000  62.2000000  55.9200000  41.7600000  60.9900000
  56.4200000  42.7100000  62.9100000  56.3350023  42.7071043  63.9148314
  57.3600000  43.6700000  62.3000000  56.8116993  44.1200162  61.4701931
  57.7500000  44.8200000  63.2500000  56.9970389  44.9066826  64.0342148
  59.1400000  44.8100000  63.8900000  59.2165366  45.6377156  64.5955638
  59.3368171  43.8885900  64.4271368  59.9081071  44.9374755  63.1253532
  57.7300000  46.0000000  62.4900000  56.8337217  46.1655608  62.1872376
  58.5900000  43.0000000  61.6800000  58.9000000  43.2800000  60.5100000
  59.2900000  42.0600000  62.3500000  59.0153365  41.8017919  63.2873925
  60.5000000  41.4500000  61.7600000  61.1254489  42.2825854  61.4476430
  61.3500000  40.6300000  62.7500000  61.4935280  41.2296260  63.6388340
  60.7800000  39.2600000  63.1300000  61.4563152  38.7579595  63.8232816
  59.8362683  39.3903673  63.6396614  60.6494935  38.6274011  62.2525197
  62.7500000  40.3700000  62.1900000  63.3462706  39.8794438  62.9519985
  62.7032538  39.7200416  61.3155607  63.2350386  41.3014323  61.9089995
  60.1800000  40.6500000  60.4900000  60.9500000  40.7200000  59.5300000
  59.0400000  39.9600000  60.4300000  58.4210586  39.9420322  61.2298385
  58.6800000  39.1700000  59.2500000  59.5619157  38.5880397  58.9781320
  57.5600000  38.1400000  59.5300000  57.4164750  37.5332060  58.6347597
  57.9200000  37.2000000  60.6900000  57.0289791  36.6963757  61.0734779
  58.6123685  36.4377252  60.3242936  58.4017879  37.7300113  61.5104284
  56.2300000  38.8100000  59.8500000  55.4589935  38.0586319  60.0251453
  56.3694875  39.3960445  60.7433902  55.9027156  39.4450536  59.0296437
  58.3500000  40.0600000  58.0400000  58.7200000  39.7100000  56.9200000
  57.7400000  41.2400000  58.2400000  57.4600675  41.4981244  59.1768320
  57.5100000  42.2100000  57.1600000  57.1598337  41.6546962  56.2897403
  56.4100000  43.2500000  57.5100000  56.7788637  43.8871729  58.3158848
  56.0800000  44.1400000  56.3100000  55.2812045  44.8378418  56.5638110
  56.9537909  44.7256014  56.0259619  55.7725119  43.5337463  55.4575877
  55.0800000  42.6200000  57.9800000  55.2219361  42.1929200  58.9432800
  54.3345485  43.4063770  58.1046237  54.4700000  41.5000000  57.1400000
  55.1739879  40.6757254  57.0319234  53.5722098  41.1230816  57.6256822
  54.2026387  41.8763202  56.1528184  58.8300000  42.8900000  56.7600000
  59.0800000  43.0800000  55.5700000  59.7300000  43.1700000  57.7100000
  59.5012170  42.9825823  58.6765643  61.0900000  43.6300000  57.4000000
  61.0267086  44.5539230  56.8299888  61.8700000  43.9300000  58.6700000
  61.5759748  43.2383657  59.4563044  62.9369479  43.8295199  58.4908272
  61.6100000  45.2600000  59.0500000  60.6901327  45.3298545  59.3196388
  61.8700000  42.6100000  56.5800000  62.5700000  42.9800000  55.6300000
  61.7300000  41.3300000  56.8700000  61.1478969  41.0513137  57.6475527
  62.3100000  40.2900000  56.0400000  63.3570874  40.5335654  55.8517799
  62.2700000  38.9500000  56.7700000  61.3286477  38.8469763  57.3097169
  62.3032649  38.1592204  56.0185458  63.4200000  38.7200000  57.7200000
  64.1800000  39.7700000  58.3000000  63.9385986  40.8038231  58.1143623
  65.3300000  39.4800000  59.0400000  65.9448058  40.2833394  59.4149358
  65.6900000  38.1400000  59.2700000  66.8600000  37.8300000  59.8900000
  67.4116484  38.6016200  60.0459805  64.8400000  37.1100000  58.8500000
  65.0208727  36.1031066  59.1635471  63.7500000  37.3900000  58.0200000
  63.1431473  36.5787447  57.6440135  61.6300000  40.2200000  54.6800000
  62.3400000  40.1000000  53.7000000  60.3100000  40.3700000  54.5800000
  59.7524870  40.4866286  55.4146354  59.6100000  40.3400000  53.3000000
  59.8564836  39.3980101  52.8083857  58.1000000  40.3300000  53.5700000
  57.5638691  40.2244862  52.6261547  57.8423847  39.4908752  54.2170314
  57.7958457  41.2616925  54.0456427  60.0300000  41.4800000  52.3600000
  60.2500000  41.2300000  51.1700000  60.2000000  42.7200000  52.8600000
  60.0176174  42.8924457  53.8391340  60.6800000  43.8400000  52.0300000
  60.0612704  43.8620271  51.1317172  60.5100000  45.2100000  52.7400000
  59.4568954  45.3165971  53.0050188  61.3300000  45.3100000  54.0400000
  61.3310166  46.3122917  54.4403349  60.9177931  44.6250809  54.7650240
  62.3782280  45.1212639  53.8703031  60.8600000  46.3400000  51.7500000
  61.9246399  46.3137347  51.5140206  60.3035966  46.1745705  50.8264183
  60.5200000  47.7500000  52.2500000  61.2042625  48.0477383  53.0385329
  60.6265142  48.4555658  51.4259987  59.4918603  47.7828315  52.6110668
  62.1300000  43.6300000  51.5900000  62.4500000  43.8300000  50.4200000
  63.0000000  43.2300000  52.5200000  62.6764871  43.0761715  53.4653635
  64.4300000  43.1000000  52.2600000  64.7729077  43.9923781  51.7338130
  65.2200000  42.9900000  53.5700000  64.7935183  42.2059341  54.1956598
  66.2452627  42.7174335  53.3230651  65.2600000  44.3300000  54.3300000
  65.5969439  45.1012957  53.6370389  64.2593792  44.5930317  54.6578859
  66.3500000  44.3900000  55.7800000  65.4600000  43.2700000  56.9100000
  66.0914203  43.0382171  57.7675794  64.5598307  43.7722305  57.2509277
  65.1878246  42.3514639  56.3954419  64.6400000  41.9000000  51.3300000
  65.2900000  42.0500000  50.3200000  63.9600000  40.7800000  51.5900000
  63.4023832  40.7469741  52.4273994  63.8700000  39.6300000  50.6900000
  64.8532060  39.1743191  50.6168887  62.8900000  38.6100000  51.2800000
  63.2888417  38.2418865  52.2259151  61.9363071  39.1003922  51.4700804
  62.6100000  37.4300000  50.3900000  61.5600000  37.4800000  49.4500000
  60.8982901  38.3328050  49.4105426  61.4000000  36.4300000  48.5300000
  60.6067123  36.4712043  47.7976950  62.2700000  35.3300000  48.5600000
  62.1472397  34.5312384  47.8445583  63.2900000  35.2700000  49.5300000
  63.9537321  34.4252672  49.5856529  63.4500000  36.3100000  50.4500000
  64.2290030  36.2504160  51.1917837  63.4300000  40.0200000  49.2800000
  64.1100000  39.6700000  48.3100000  62.3100000  40.7400000  49.1400000
  61.7798681  41.0074953  49.9581448  61.8100000  41.1600000  47.8400000
  61.6594864  40.2634573  47.2384459  60.4500000  41.8600000  48.0200000
  59.7666289  41.1821674  48.5331862  60.5957726  42.7355018  48.6545298
  59.8000000  42.3100000  46.7000000  60.5090287  42.9048612  46.1252205
  59.3400000  41.1200000  45.8500000  58.8564456  41.4796925  44.9411573
  60.1979331  40.5142329  45.5593438  58.6362425  40.5034074  46.4105015
  58.5800000  43.1900000  46.9900000  58.1353032  43.5285815  46.0535668
  57.8373918  42.6294008  47.5587109  58.8852521  44.0646044  47.5655208
  62.8400000  42.0500000  47.1200000  63.1500000  41.8000000  45.9600000
  63.4000000  43.0400000  47.8200000  63.1192944  43.1813540  48.7796223
  64.4500000  43.9000000  47.2800000  64.0460702  44.4117284  46.4054878
  64.8500000  44.9700000  48.3100000  63.9913250  45.6129757  48.5096466
  65.1297594  44.4870994  49.2463699  66.0100000  45.8200000  47.8300000
  67.3300000  45.4800000  48.1800000  67.5229005  44.6461345  48.8387096
  68.4100000  46.1900000  47.6200000  69.4223430  45.8879321  47.8301732
  68.1800000  47.2700000  46.7500000  69.2200000  47.9600000  46.2300000
  70.0644819  47.7079733  46.6148523  66.8500000  47.6200000  46.4100000
  66.6656549  48.4422893  45.7348750  65.7700000  46.8900000  46.9400000
  64.7592707  47.1384817  46.6500441  65.6700000  43.0900000  46.8200000
  66.1100000  43.2700000  45.6900000  66.1800000  42.1700000  47.6500000
  65.7356607  42.0465514  48.5472488  67.3700000  41.3600000  47.3800000
  68.1940543  42.0389449  47.1750550  67.7400000  40.5200000  48.6200000
  66.8316153  40.0109139  48.9445589  68.8000000  39.4400000  48.3300000
  69.1579699  38.9871329  49.2537897  68.3621127  38.6494152  47.7199926
  69.6385049  39.8676206  47.7869821  68.2300000  41.4400000  49.7600000
  69.2937890  41.6476469  49.6552532  67.7142717  42.3976976  49.7337866
  67.9700000  40.8000000  51.1300000  68.6273767  39.9469668  51.2730204
  68.1185771  41.5579565  51.8960095  66.9505882  40.4332581  51.2091421
  67.1600000  40.4800000  46.1500000  67.9700000  40.4900000  45.2300000
  66.0400000  39.7500000  46.1200000  65.4015428  39.7949229  46.9008903
  65.6800000  38.8600000  45.0100000  66.4615854  38.1070092  44.8967865
  64.3700000  38.1500000  45.3700000  63.6339788  38.8796720  45.7099820
  63.9792172  37.6570752  44.4877456  64.5700000  37.1700000  46.3700000
  63.9982316  37.3762924  47.1167964  65.5300000  39.5900000  43.6700000
  65.8500000  39.0200000  42.6300000  65.0800000  40.8500000  43.6900000
  64.8295843  41.2585544  44.5805707  64.9700000  41.7000000  42.5000000
  64.6756461  41.0769538  41.6559936  63.8700000  42.7500000  42.7300000
  64.1042875  43.2965143  43.6451534  63.9025563  43.4654083  41.9069202
  62.4400000  42.2000000  42.8300000  62.3835712  41.4433990  43.6100698
  61.4800000  43.3400000  43.1800000  60.4673190  42.9515995  43.2921693
  61.7818979  43.7984439  44.1224953  61.4903109  44.0971570  42.3953769
  61.9700000  41.5600000  41.5200000  60.9224363  41.2686403  41.6039472
  62.0803719  42.2637831  40.6948933  62.5533481  40.6643177  41.3094573
  66.2900000  42.3700000  42.1100000  66.5900000  42.4400000  40.9300000
  67.0700000  42.8500000  43.0800000  66.7762015  42.7456243  44.0397923
  68.2900000  43.6200000  42.8300000  68.1084974  44.2723532  41.9746364
  68.5100000  44.5300000  44.0500000  69.4059615  45.1336154  43.9080771
  67.6577729  45.2016722  44.1614004  68.6026464  43.9377045  44.9541374
  69.5100000  42.7500000  42.4800000  70.4300000  43.2300000  41.8000000
  69.5100000  41.4700000  42.8800000  68.7411272  41.1501390  43.4540880
  70.4900000  40.4600000  42.4300000  71.4880744  40.8924323  42.4826406
  70.4100000  39.2300000  43.3500000  69.3652613  38.9246070  43.4313688
  70.9440271  38.4063457  42.8726790  70.9900000  39.4100000  44.7600000
  70.5056087  40.2317356  45.2811902  70.8200000  38.1100000  45.5600000
  71.2232449  38.2353540  46.5626830  69.7579609  37.8789693  45.6420439
  71.3266902  37.2803742  45.0647306  72.4800000  39.6500000  44.6900000
  72.9016639  39.6668651  45.6948603  72.9461262  38.8522796  44.1115777
  72.6888056  40.6148321  44.2304135  70.2800000  39.9900000  40.9800000
  71.2300000  39.5300000  40.3600000  69.0500000  40.0600000  40.4700000
  68.3062870  40.4328170  41.0441213  68.7100000  39.7100000  39.0900000
  69.2979339  38.8470939  38.7736924  67.6560507  39.4343158  39.0536076
  68.9400000  40.8800000  38.1200000  68.6200000  42.0200000  38.4400000
  69.4300000  40.6000000  36.9100000  69.6486083  39.6423671  36.6716285
  69.5000000  41.6100000  35.8500000  69.5254542  42.5987239  36.3121119
  70.7960000  41.5030000  35.0410000  71.0485241  40.4566505  34.8591532
  70.6576839  41.9991159  34.0800729  71.9080000  42.1820000  35.7640000
  72.6450000  43.2230000  35.2400000  72.5846807  43.5803262  34.2953663
  73.5010000  43.6200000  36.1810000  74.2431754  44.3977848  36.0624797
  73.2690000  42.9290000  37.3160000  73.7611020  43.0432821  38.1945549
  72.2990000  41.9890000  37.0670000  71.8980698  41.2750138  37.7736169
  68.2500000  41.5800000  34.9900000  68.0900000  40.7000000  34.1400000
  67.4000000  42.5900000  35.1500000  67.5805129  43.2696376  35.8748663
  66.2600000  42.8300000  34.2800000  65.7120840  41.8957580  34.1453912
  65.3100000  43.8400000  34.9600000  65.8619078  44.7571480  35.1727919
  64.5071437  44.0861834  34.2655743  64.7000000  43.3200000  36.2800000
  65.2319593  42.4255226  36.6043228  64.8443726  44.0807877  37.0476188
  62.9300000  42.9300000  36.2100000  62.2300000  44.5800000  35.9500000
  62.5809615  45.2531807  36.7322176  62.5298503  44.9650527  34.9762846
  61.1422006  44.5195358  35.9897453  66.7200000  43.3200000  32.8900000
  66.5900000  44.4900000  32.5500000  67.2900000  42.4100000  32.0700000
  67.4082156  41.4635500  32.4056864  67.6700000  42.6900000  30.6700000
  68.0989524  43.6933394  30.6277390  68.7400000  41.7100000  30.1500000
  68.4288828  40.6844228  30.3581259  68.8059050  41.8273489  29.0669375
  70.1400000  41.9500000  30.7300000  70.3986276  43.0042649  30.6236527
  70.1340328  41.6922871  31.7890553  71.2000000  41.1000000  30.0000000
  70.9385935  40.0428550  30.0703746  71.2345228  41.3936349  28.9497979
  72.5800000  41.3300000  30.6400000  72.7397643  42.4008920  30.6845019
  72.5708136  40.9397433  31.6588411  73.7000000  40.7100000  29.8800000
  74.5874552  41.0009620  30.2699738  73.6301562  39.7031769  29.9264460
  73.6616772  41.0071711  28.9145007  66.4700000  42.6900000  29.7200000
  66.4100000  43.5100000  28.8200000  65.5500000  41.7300000  29.8600000
  65.6643070  41.0518388  30.5995176  64.3600000  41.6000000  29.0000000
  63.9348415  42.5923099  28.8413124  64.7600000  41.0200000  27.6400000
  65.3750508  41.7452717  27.1071420  65.3476594  40.1141310  27.7949796
  63.6400000  40.6900000  26.8400000  63.9533937  40.5120506  25.9484815
  63.2900000  40.7100000  29.6400000  63.6100000  39.6700000  30.2000000
  62.0100000  41.0800000  29.4900000  61.8090601  41.9330575  28.9885102
  60.8800000  40.3500000  30.0700000  60.9692995  40.4064701  31.1559836
  59.5900000  41.0800000  29.6500000  59.7289324  42.1588703  29.7352460
  59.3424224  40.8326785  28.6171188  58.2300000  40.6000000  30.7400000
  57.3265446  40.3886918  29.7765994  60.8400000  38.8600000  29.6600000
  60.4700000  38.0100000  30.4700000  61.2800000  38.5200000  28.4400000
  61.6169663  39.2388794  27.8145833  61.2900000  37.1200000  27.9600000
  60.3207589  36.6728489  28.1883779  61.5000000  37.0800000  26.4400000
  62.1688887  37.8838221  26.1268758  61.9594119  36.1273153  26.1700438
  60.1600000  37.1800000  25.7100000  59.5058262  36.3761923  26.0518491
  59.6892714  38.1417388  25.9182023  60.3900000  37.0300000  24.2000000
  60.9162425  37.9092156  23.8258099  61.0126681  36.1518207  24.0248565
  59.1000000  36.8900000  23.4900000  58.3877913  37.5582907  23.7437689
  58.7800000  35.9700000  22.5900000  59.6200000  35.0800000  22.1700000
  59.3405644  34.4014603  21.4781114  60.5641782  35.0688860  22.5267063
  57.5700000  35.9500000  22.1000000  57.3195136  35.2625850  21.4059701
  56.8876049  36.6225918  22.4136538  62.3300000  36.2500000  28.6500000
  62.0500000  35.0700000  28.8700000  63.4900000  36.8100000  28.9900000
  63.6242177  37.7910812  28.7913464  64.5800000  36.1100000  29.6800000
  64.4845047  35.0504944  29.4367930  65.9600000  36.5800000  29.1500000
  65.8234108  37.2945160  28.3363664  66.5135059  37.0807380  29.9457356
  66.7800000  35.3900000  28.6200000  66.9246670  34.6826377  29.4368130
  66.2339706  34.8932501  27.8166133  68.1500000  35.8300000  28.1000000
  68.0238202  36.3622505  27.1559595  68.6147999  36.4987219  28.8219280
  69.0300000  34.6600000  27.9000000  68.6410460  33.7684864  28.1685062
  70.2900000  34.6600000  27.5300000  70.9000000  35.7600000  27.1600000
  70.3897167  36.6301848  27.1532122  71.8608796  35.7225612  26.8544641
  70.9800000  33.5500000  27.5100000  71.9387246  33.5546233  27.2019186
  70.5565540  32.6799106  27.8060602  64.4800000  36.1900000  31.2100000
  65.2900000  35.5600000  31.8800000  63.4900000  36.9100000  31.7400000
  62.8417579  37.3644146  31.1127319  63.3800000  37.2400000  33.1600000
  64.2253750  37.8873905  33.3991724  62.1000000  38.0600000  33.3800000
  62.0931183  38.8371239  32.6145540  61.2229677  37.4335402  33.2100379
  62.0100000  38.7400000  34.7600000  63.0097644  38.8497982  35.1823548
  61.4000000  40.1300000  34.6100000  61.2866146  40.5915724  35.5907881
  62.0516598  40.7579214  34.0012723  60.4200695  40.0627868  34.1354328
  61.1400000  37.9500000  35.7400000  61.1286701  38.4487835  36.7099040
  60.1189643  37.8736733  35.3644457  61.5468088  36.9480328  35.8734410
  63.4800000  36.0000000  34.0700000  64.2600000  36.0200000  35.0000000
  62.8000000  34.8900000  33.7500000  62.1971414  34.8988158  32.9405707
  62.8600000  33.6500000  34.5500000  62.8132499  33.9264534  35.6030480
  61.6300000  32.7900000  34.2300000  61.6457542  32.5708488  33.1611470
  61.7204783  31.8458418  34.7678253  60.2600000  33.3900000  34.5900000
  60.1358888  34.3543870  34.0958593  59.1700000  32.4400000  34.0900000
  58.1870068  32.8528841  34.3188148  59.2512497  32.3186019  33.0092280
  59.2667470  31.4644573  34.5680590  60.0900000  33.5700000  36.1000000
  59.0838799  33.9288929  36.3185055  60.2514168  32.6226445  36.6156206
  60.8008990  34.3072477  36.4713039  64.1400000  32.7800000  34.3900000
  64.2700000  31.7800000  35.1000000  65.0300000  33.1300000  33.4600000
  64.8399399  33.9545283  32.9084266  66.3500000  32.4800000  33.2500000
  66.3494678  31.5100169  33.7488108  66.6400000  32.2300000  31.7500000
  66.6651400  33.1890202  31.2332927  67.9900000  31.5300000  31.5300000
  68.1382481  31.3148855  30.4709117  68.8048141  32.1758036  31.8568526
  68.0279858  30.5975601  32.0926711  65.5800000  31.3600000  31.0800000
  65.8120240  31.2401990  30.0212316  65.5527016  30.3767989  31.5510093
  64.6013313  31.8317657  31.1608136  67.4700000  33.3200000  33.8700000
  68.3200000  32.7800000  34.5700000  67.4400000  34.6400000  33.6200000
  66.7206080  34.9987445  33.0097524  68.4200000  35.6100000  34.1300000
  69.4001813  35.1313020  34.1102302  68.5100000  36.8400000  33.1900000
  67.5376410  37.3355844  33.1904198  69.2255959  37.5391441  33.6251604
  68.9300000  36.6100000  31.7000000  69.1200000  35.4500000  31.2700000
  69.0700000  37.6300000  30.9900000  68.1400000  36.0100000  35.6000000
  69.0400000  36.4800000  36.2800000  66.9100000  35.8000000  36.0900000
  66.2130050  35.4180024  35.4658093  66.5200000  35.9500000  37.5000000
  66.6774797  36.9923404  37.7801083  65.0300000  35.6300000  37.7100000
  64.4296832  36.4259161  37.2753368  64.7923167  34.6756136  37.2378537
  64.6800000  35.5600000  39.0800000  63.8502574  35.0822192  39.1575185
  67.3500000  35.0600000  38.4200000  67.5100000  33.8600000  38.1900000
  67.8300000  35.6900000  39.5000000  67.6127674  36.6705146  39.6015891
  68.6100000  35.0800000  40.5800000  68.8533791  34.0547398  40.2964186
  69.9400000  35.8300000  40.7500000  69.7473665  36.8818251  40.9678792
  70.4876865  35.3991339  41.5858630  70.8100000  35.7100000  39.4900000
  70.8631881  34.6636232  39.1848037  70.3672338  36.2944299  38.6831796
  72.2300000  36.2200000  39.7600000  72.2014127  37.2516074  40.1011992
  72.6877572  35.6021876  40.5300090  73.0700000  36.1200000  38.4900000
  73.0415320  35.0878348  38.1347631  72.6440109  36.7677641  37.7229031
  74.4800000  36.5000000  38.7400000  75.0213793  36.3607716  37.8985987
  74.5278423  37.4660198  39.0301889  74.8500505  35.9098870  39.4728882
  67.7900000  34.9700000  41.8700000  68.3200000  35.1600000  42.9700000
  66.4800000  34.6900000  41.7600000  66.0880382  34.5159870  40.8431106
  65.6000000  34.5300000  42.9300000  65.7533413  35.3884969  43.5869322
  64.1100000  34.5200000  42.5300000  63.9505942  33.7914434  41.7365776
  63.1800000  34.1800000  43.7000000  62.1392292  34.3140649  43.4040347
  63.3138490  33.1367752  43.9795694  63.3979738  34.8178191  44.5580502
  63.6500000  35.9000000  42.0300000  62.7581854  35.7849680  41.4138344
  63.4068028  36.5526014  42.8616240  64.4293141  36.3849157  41.4461094
  65.9800000  33.2800000  43.7200000  66.0300000  33.3700000  44.9500000
  66.3100000  32.1500000  43.0900000  66.2726122  32.1110863  42.0799182
  66.7300000  30.9500000  43.8300000  65.9724700  30.7639134  44.5914844
  66.7500000  29.7000000  42.9300000  66.7245457  28.8188788  43.5714533
  65.8652332  29.6854419  42.2920601  67.9100000  29.6200000  42.1400000
  67.7264394  30.0779171  41.2926872  68.0600000  31.1700000  44.5600000
  68.1700000  30.8400000  45.7400000  69.0200000  31.8500000  43.9300000
  68.8648175  32.1141659  42.9673160  70.2800000  32.2700000  44.5500000
  70.7450254  31.3821916  44.9788037  71.2100000  32.8300000  43.4500000
  71.2903644  32.1042689  42.6382246  70.7439538  33.7281512  43.0496902
  72.6200000  33.1800000  43.9500000  72.5451727  33.8001684  44.8410558
  73.4500000  31.9400000  44.2800000  74.4544029  32.2345486  44.5857265
  72.9919602  31.3890183  45.1007568  73.5201450  31.2890574  43.4073738
  73.3600000  34.0000000  42.9100000  74.3065139  34.3367294  43.3276427
  73.5366045  33.4079549  42.0106204  72.7703518  34.8810143  42.6611333
  70.0800000  33.3000000  45.6800000  70.7600000  33.2200000  46.6900000
  69.1400000  34.2300000  45.5100000  68.6208933  34.2348166  44.6432845
  68.7600000  35.2200000  46.5300000  69.6511597  35.7550347  46.8592745
  68.0688746  35.9367133  46.0858093  68.0900000  34.5800000  47.7400000
  68.5200000  34.8200000  48.8700000  67.1300000  33.6800000  47.5300000
  66.8356408  33.5056879  46.5806193  66.5600000  32.8200000  48.5700000
  66.0789663  33.4547223  49.3148837  65.4900000  31.8400000  47.9900000
  65.9411261  31.2782716  47.1716417  65.0200000  30.8400000  49.0800000
  64.2256925  30.1985115  48.7026599  65.8417365  30.1897144  49.3735489
  64.6589278  31.3797330  49.9563058  64.2400000  32.5700000  47.4600000
  63.6045137  32.8165654  48.3035821  64.5184798  33.5002019  46.9678298
  63.3800000  31.7500000  46.5000000  62.9783537  30.8669152  46.9944335
  62.5446083  32.3605655  46.1574510  63.9733130  31.4419989  45.6398347
  67.6800000  32.0400000  49.2600000  67.7400000  32.0300000  50.4900000
  68.6000000  31.4400000  48.5000000  68.5270973  31.4877950  47.4934206
  69.6900000  30.6600000  49.0500000  69.2509142  29.9916373  49.7685087
  70.2600000  29.7500000  47.9600000  70.8911741  29.0187342  48.4504655
  69.4545979  29.2165746  47.4536615  70.8335092  30.3309619  47.2367542
  70.7600000  31.5000000  49.7900000  71.3600000  31.0100000  50.7500000
  70.9200000  32.7600000  49.3900000  70.3837355  33.0605856  48.5883435
  71.7000000  33.8100000  50.0600000  72.6673318  33.4061170  50.3535781
  71.8830333  34.6048600  49.3369669  71.0000000  34.4300000  51.2800000
  71.6800000  35.0200000  52.1200000  69.6900000  34.2400000  51.4600000
  69.1693007  33.7571531  50.7405795  68.9500000  34.6500000  52.6700000
  69.5438530  35.3929796  53.2049320  67.6200000  35.3400000  52.3000000
  67.0632517  34.6927442  51.6198676  66.7600000  35.6000000  53.5600000
  65.8510184  36.1407607  53.3013039  66.4501907  34.6590526  54.0146741
  67.3257135  36.1830869  54.2881636  67.9400000  36.6800000  51.6000000
  68.3079792  37.4032020  52.3294948  68.7182881  36.5431426  50.8511314
  66.7200000  37.2600000  50.8800000  65.9774423  37.5792752  51.6075512
  67.0282429  38.1238017  50.2977513  66.3050782  36.5173106  50.1985282
  68.7400000  33.4900000  53.6400000  68.9600000  33.6800000  54.8400000
  68.3800000  32.2800000  53.1900000  68.2125569  32.1458557  52.2060700
  68.3000000  31.1100000  54.0700000  67.5505298  31.3281652  54.8320790
  67.8400000  29.8300000  53.3300000  67.6080332  29.0598520  54.0667357
  66.9088490  30.0789074  52.8183945  68.8400000  29.2500000  52.3100000
  69.3190915  30.0850369  51.8176507  69.9300000  28.3000000  52.8300000
  70.5947209  28.0199714  52.0117496  70.5356468  28.7420810  53.6109941
  69.4719437  27.3982013  53.2378878  68.0700000  28.4200000  51.2800000
  68.7498108  27.9846676  50.5467596  67.5292169  27.6138274  51.7773144
  67.3524001  29.0502378  50.7562728  69.6300000  30.8800000  54.7800000
  69.6300000  30.4800000  55.9400000  70.7500000  31.2000000  54.1100000
  70.7047483  31.5210592  53.1522728  72.0600000  31.0900000  54.7400000
  72.0767303  30.0764263  55.1312175  73.2300000  31.2300000  53.7300000
  73.1827661  30.3871277  53.0381933  73.1700000  32.5200000  52.9100000
  73.9288014  32.5017835  52.1265869  72.1926027  32.5707362  52.4588375
  73.3256884  33.3930946  53.5433855  74.5900000  31.2300000  54.4100000
  75.3808643  31.2912688  53.6604084  74.6837288  32.1014427  55.0600862
  74.8100000  29.9700000  55.2400000  75.3138127  29.2240884  54.6253762
  75.3803912  30.2524895  56.1168919  73.9044738  29.5164367  55.6221819
  72.1900000  32.0400000  55.9300000  72.6300000  31.6200000  57.0000000
  71.6900000  33.2700000  55.8000000  71.2795248  33.5367556  54.9156509
  71.6600000  34.2600000  56.8800000  72.6512634  34.3519054  57.2655453
  71.1800000  35.6300000  56.3700000  70.2242073  35.5036098  55.8688602
  70.9500000  36.6200000  57.5000000  70.4981481  37.5085536  57.0790956
  70.2433090  36.2373958  58.2347749  71.8908971  36.8703643  57.9924050
  72.1600000  36.2500000  55.3600000  71.7252543  37.1561257  54.9355335
  73.0954559  36.5082826  55.8518312  72.3618782  35.5513461  54.5513601
  70.8300000  33.7800000  58.0600000  71.2700000  33.8500000  59.2200000
  69.6500000  33.2300000  57.7900000  69.3223081  33.1756947  56.8345684
  68.7900000  32.6700000  58.8500000  68.5848342  33.4454956  59.5893564
  67.4600000  32.1700000  58.2600000  67.6439200  31.2690946  57.6731108
  66.8182617  31.8893777  59.0974224  66.7000000  33.1600000  57.3700000
  67.1946088  33.2342156  56.4095519  65.2900000  32.6300000  57.1300000
  64.8539615  33.1386055  56.2664910  65.3176999  31.5571752  56.9213773
  64.6606222  32.8078915  58.0061579  66.6200000  34.5400000  58.0000000
  65.9535250  35.1591253  57.4007366  66.2615910  34.4413370  59.0242284
  67.5999875  35.0154655  58.0088138  69.4600000  31.5000000  59.5500000
  69.3800000  31.3400000  60.7700000  70.1600000  30.6800000  58.7600000
  70.1896061  30.8622294  57.7664805  70.9500000  29.5700000  59.2500000
  70.2977455  28.9102894  59.8252697  71.5100000  28.7900000  58.0600000
  71.6930303  29.4291830  57.2033433  72.4422356  28.3108532  58.3542230
  70.5800000  27.7900000  57.7200000  69.8070069  28.2112147  57.3342902
  72.0600000  30.0400000  60.1800000  72.2200000  29.4600000  61.2400000
  72.7600000  31.1300000  59.8600000  72.5479634  31.5976655  58.9895970
  73.8200000  31.7000000  60.7000000  74.5357914  30.9126368  60.9400796
  74.5300000  32.7600000  59.8800000  73.8521338  33.5750299  59.6276434
  75.3798797  33.1402654  60.4436713  74.9700000  32.1100000  58.7100000
  74.2063052  31.8886366  58.1688115  73.3000000  32.2900000  62.0100000
  73.8600000  32.0200000  63.0800000  72.1600000  32.9800000  61.9700000
  71.7297652  33.1522118  61.0711914  71.4100000  33.3900000  63.1700000
  72.0359740  34.0605388  63.7600142  70.1000000  34.1200000  62.8000000
  69.5474207  33.5567492  62.0500008  69.1800000  34.3800000  64.0000000
  68.3394112  35.0075229  63.6997106  68.7722279  33.4420480  64.3760643
  69.7308783  34.8783189  64.7989390  70.4700000  35.4600000  62.2300000
  69.5649384  36.0033347  61.9545762  71.0302931  36.0150695  62.9825652
  71.0901019  35.3472917  61.3423524  71.0600000  32.1900000  64.0400000
  71.4600000  32.1400000  65.2000000  70.3500000  31.2100000  63.4800000
  70.0738492  31.2945617  62.5123840  69.9000000  30.0300000  64.2100000
  69.3096948  30.3549133  65.0565106  68.9800000  29.2100000  63.3000000
  68.5981825  28.3480176  63.8484908  68.1387929  29.8228833  62.9735793
  69.5323762  28.8602979  62.4267759  71.0600000  29.1800000  64.7600000
  70.9900000  28.6500000  65.8600000  72.1500000  29.1300000  64.0000000
  72.1359059  29.6074906  63.1110020  73.4000000  28.5100000  64.3900000
  73.2062238  27.4605144  64.6190058  74.3400000  28.5800000  63.1800000
  73.8364115  28.1699528  62.3079214  74.6540353  29.6039764  62.9857633
  75.7700000  27.5300000  63.4600000  76.2857574  28.2388302  64.4453466
  73.9600000  29.1900000  65.6400000  74.2000000  28.4900000  66.6200000
  74.0700000  30.5300000  65.6400000  73.8047536  31.0310835  64.8032407
  74.5600000  31.3400000  66.7700000  75.5758157  31.0238554  67.0003718
  74.6200000  32.8100000  66.3600000  75.1553940  32.8824695  65.4185889
  73.6149427  33.2153237  66.2451605  75.3200000  33.5300000  67.3500000
  75.2450139  34.4723260  67.1688374  73.6900000  31.2300000  68.0300000
  74.2200000  31.1100000  69.1400000  72.3600000  31.2000000  67.8800000
  71.9646399  31.2876348  66.9540656  71.4400000  30.9600000  69.0000000
  71.6252929  31.7023759  69.7775211  69.9800000  31.0700000  68.5400000
  69.8241372  30.2947391  67.7884626  69.3329178  30.8251393  69.3840728
  69.5100000  32.4000000  67.9400000  70.2496474  32.7802604  67.2420945
  68.1900000  32.1800000  67.1900000  67.8699122  33.1123612  66.7236297
  68.3013355  31.4321987  66.4161973  67.4161539  31.8467153  67.8829909
  69.2400000  33.4800000  68.9900000  68.9150411  34.4012029  68.5056240
  68.4675835  33.1447482  69.6828002  70.1541641  33.6837869  69.5484697
  71.6600000  29.5600000  69.5900000  71.7200000  29.4000000  70.8100000
  71.7800000  28.5300000  68.7400000  71.7412642  28.7170399  67.7473112
  71.8800000  27.1200000  69.1400000  71.0866566  26.8962734  69.8537060
  71.7215524  26.5000684  68.2599592  73.2300000  26.7500000  69.7700000
  73.2500000  26.1000000  70.8100000  74.3500000  27.2500000  69.2200000
  74.2805959  27.7978443  68.3748088  75.6800000  27.0900000  69.8400000
  75.8485540  26.0238396  69.9978046  76.8100000  27.6100000  68.9200000
  76.7847963  27.0262326  67.9985445  76.6700000  29.0800000  68.5600000
  77.2981838  29.3108826  67.7010222  75.6478850  29.2901563  68.3046705
  76.9370852  29.7022491  69.4126645  78.2000000  27.4500000  69.5600000
  78.9705731  27.7196360  68.8371309  78.3042904  28.0852384  70.4399175
  78.3476793  26.4103705  69.8531884  75.7200000  27.7800000  71.2000000
  76.2100000  27.1900000  72.1600000  75.1500000  28.9800000  71.3300000
  74.7344765  29.4441930  70.5327395  75.1600000  29.6700000  72.6200000
  76.1407265  29.5016775  73.0481606  75.0000000  31.1800000  72.4600000
  74.2477007  31.4000275  71.7032496  74.6212196  31.5579757  73.4038514
  76.2900000  31.9200000  72.1800000  77.3900000  31.7700000  73.0500000
  77.3232084  31.1192148  73.9076342  78.5900000  32.4600000  72.8100000
  79.4297541  32.3326399  73.4766098  78.6800000  33.3400000  71.7300000
  79.5913968  33.8915683  71.5511814  77.5700000  33.5300000  70.9000000
  77.6165429  34.2384342  70.0958303  76.3900000  32.8000000  71.1000000
  75.5466890  32.9594083  70.4448176  74.1600000  29.1000000  73.6200000
  74.4000000  29.2000000  74.8300000  73.1000000  28.4500000  73.1500000
  72.9487877  28.4234545  72.1506329  72.1900000  27.6700000  74.0000000
  71.8735523  28.2973466  74.8346732  70.9600000  27.3000000  73.1800000
  70.5221269  28.2102665  72.7713855  71.2400220  26.6433532  72.3577047
  69.9900000  26.6700000  73.9800000  70.2602256  25.7578550  74.1196526
  72.8800000  26.4200000  74.5600000  72.7400000  26.1300000  75.7500000
  73.7200000  25.7400000  73.7700000  73.8200903  26.0087690  72.8004665
  74.6600000  24.7200000  74.3000000  74.0739527  23.9547724  74.8106254
  75.4200000  24.0300000  73.1500000  74.7557384  23.3037701  72.6802741
  75.6749632  24.7656712  72.3907478  76.6900000  23.3200000  73.5900000
  76.6500000  22.3700000  74.6300000  75.7097657  22.1146434  75.0968689
  77.8400000  21.7700000  75.0900000  77.7998551  21.0379947  75.8826091
  79.0800000  22.1200000  74.5100000  80.2200000  21.5300000  74.9600000
  80.0623404  20.9202109  75.6835595  79.1200000  23.0700000  73.4700000
  80.0657209  23.3461587  73.0277455  77.9300000  23.6700000  73.0200000
  77.9751347  24.4090046  72.2327445  75.6400000  25.3100000  75.3300000
  75.7600000  24.7600000  76.4200000  76.2900000  26.4400000  75.0200000
  76.1486817  26.8478112  74.1058982  77.2000000  27.1400000  75.9500000
  78.0006754  26.4460508  76.2096138  77.8500000  28.3600000  75.2500000
  77.0570957  28.9454063  74.7993777  78.5900000  29.2900000  76.2300000
  79.0080095  30.1509121  75.7111568  77.9006407  29.6893845  76.9728118
  79.3887970  28.7442392  76.7331610  78.8200000  27.8700000  74.1400000
  79.6433026  27.3360658  74.6169040  78.3174286  27.1552803  73.4932137
  79.4200000  28.9600000  73.2500000  79.9954969  29.6801580  73.8279320
  80.0911456  28.4958771  72.5272673  78.6247117  29.4585613  72.7010730
  76.5000000  27.5100000  77.2700000  77.1500000  27.5400000  78.3200000
  75.1900000  27.7600000  77.2400000  74.7112537  27.7163925  76.3508985
  74.3700000  28.0200000  78.4200000  73.4960266  27.3704387  78.3738501
  74.9198238  27.7693010  79.3271903  73.8800000  29.4600000  78.5300000
  73.3900000  29.8500000  79.6000000  74.0000000  30.2600000  77.4700000
  74.3925634  29.8990492  76.6121297  73.5600000  31.6500000  77.5000000
  73.8046223  32.0547369  78.4798465  74.3300000  32.5000000  76.4800000
  73.9756041  32.1979109  75.4995570  74.0606358  33.5449854  76.6410224
  75.8700000  32.3600000  76.4800000  76.1340255  31.4255268  75.9840223
  76.5800000  33.5100000  75.7600000  77.6610909  33.4139610  75.8645800
  76.3708046  33.4994764  74.6995024  76.2641525  34.4671231  76.1764450
  76.4900000  32.3400000  77.8800000  77.5760572  32.2676665  77.8138286
  76.2220320  33.2484899  78.4207242  76.1437438  31.4758786  78.4440641
  72.0400000  31.6800000  77.2700000  71.5700000  31.2400000  76.2100000
  71.2600000  32.1700000  78.2300000  71.6700000  32.7200000  79.5200000
  72.3530180  33.5601619  79.3898206  72.1390472  31.9420543  80.1197154
  70.4000000  33.1800000  80.2100000  70.2453363  34.2250202  79.9515649
  70.4489569  33.0438286  81.2909700  69.3300000  32.2800000  79.5600000
  68.3086679  32.6400817  79.6422322  69.4042031  31.2925217  80.0149898
  69.8100000  32.2200000  78.1100000  69.4387801  31.3039901  77.6482807
  69.3800000  33.4300000  77.2600000  70.0200000  34.4800000  77.2500000
  68.2800000  33.2900000  76.5300000  67.7879692  32.4119965  76.5799433
  67.7900000  34.2700000  75.5700000  68.6500219  34.7041388  75.0614765
  66.9000000  33.5400000  74.5700000  67.3552193  32.5734486  74.3429192
  65.9441713  33.3402150  75.0430865  66.6700000  34.2700000  73.2500000
  66.2555494  35.2627575  73.4266706  67.9600000  34.4000000  72.4600000
  67.7566732  34.7642279  71.4535302  68.5868953  35.1407040  72.9474852
  68.4658473  33.4360174  72.3951534  65.6800000  33.4700000  72.4400000
  65.7448044  33.7370741  71.3938912  65.9103432  32.4052641  72.5066642
  64.6690713  33.6356323  72.8157242  67.0000000  35.3800000  76.2700000
  66.2900000  35.1000000  77.2100000  67.0100000  36.6100000  75.7900000
  67.5869936  36.8389592  74.9935144  66.2900000  37.7200000  76.4700000
  66.0719410  37.4341346  77.4991263  67.1800000  38.9500000  76.5600000
  66.7244150  39.6902295  77.2188108  68.6000000  38.6600000  77.0300000
  69.1200787  39.6024054  77.2033526  68.5734714  38.1016581  77.9645599
  69.1539236  38.0868610  76.2850174  67.2900000  39.4700000  75.2600000
  66.4794874  39.9518898  75.0817213  64.9500000  38.0900000  75.8300000
  64.3100000  39.0500000  76.2400000  64.5700000  37.3900000  74.7500000
  65.1503121  36.6059293  74.4895304  63.4200000  37.6600000  73.8600000
  63.4894860  36.9096070  73.0807526  62.1000000  37.3700000  74.5900000
  62.1595630  36.3848577  75.0563798  61.9969652  38.1058620  75.3886535
  60.8300000  37.4300000  73.7100000  60.8043378  38.3520217  73.1343682
  60.7000000  36.2400000  72.7600000  59.7279552  36.2703171  72.2650087
  61.4667605  36.2956901  71.9950112  60.7918920  35.3021860  73.3081812
  59.6300000  37.4500000  74.6400000  58.7128472  37.4984299  74.0593032
  59.6088676  36.5496793  75.2551674  59.6674288  38.3264040  75.2879546
  63.4200000  39.0500000  73.1600000  62.8900000  39.1700000  72.0600000
  64.0700000  40.0700000  73.6900000  64.4588921  39.9915897  74.6182160
  64.3200000  41.3000000  72.9300000  63.4249143  41.5507723  72.3579504
  64.5900000  42.4800000  73.8900000  65.3663878  42.1892420  74.6003094
  65.0700000  43.7300000  73.1200000  65.2793607  44.5429084  73.8134442
  65.9903143  43.5200082  72.5762190  64.2991453  44.0460513  72.4234876
  63.2800000  42.7700000  74.6500000  62.5148072  43.1027050  73.9470271
  62.9207310  41.8578294  75.1267128  63.4200000  43.8200000  75.7600000
  63.6292293  44.8015591  75.3356398  62.4850761  43.8774970  76.3182677
  64.2218343  43.5355100  76.4419653  65.4400000  41.0500000  71.9200000
  65.3700000  41.5100000  70.7900000  66.4800000  40.2900000  72.3000000
  66.5161243  39.9114735  73.2362485  67.6300000  40.0600000  71.4100000
  67.9575008  41.0385615  71.0773834  68.8400000  39.4700000  72.1400000
  69.6536875  39.4030676  71.4264650  69.3100000  40.4700000  73.2100000
  70.0790742  40.0211877  73.8394775  69.7029649  41.3527435  72.7148994
  68.5021559  40.8496336  73.8194824  68.6200000  38.0500000  72.6700000
  69.4336767  37.7743589  73.3419416  67.6721914  37.9724470  73.1986919
  68.6181912  37.3477708  71.8365601  67.2700000  39.2500000  70.1600000
  67.6700000  39.6200000  69.0700000  66.4800000  38.1800000  70.3300000
  66.1700375  37.9617548  71.2653837  66.0000000  37.3000000  69.2500000
  66.8737257  36.8652812  68.7624815  65.1500000  36.1400000  69.8400000
  65.7496960  35.6988183  70.6285273  63.8900000  36.6900000  70.4900000
  63.4110969  35.9120082  71.0791190  64.1927568  37.4810640  71.1523936
  63.1882008  37.0684990  69.7455636  64.7700000  35.0200000  68.8400000
  64.3065216  35.4583091  67.9570005  65.7006054  34.5520935  68.5155924
  63.8300000  33.9000000  69.3400000  64.0955821  32.9586020  68.8571367
  63.8715873  33.7727923  70.4163497  62.8023366  34.1503693  69.0726807
  65.2200000  38.0900000  68.2000000  65.2100000  37.6900000  67.0400000
  64.6400000  39.2300000  68.6000000  64.7195225  39.4822629  69.5742469
  63.8500000  40.1300000  67.7700000  63.3740496  39.5279452  66.9979263
  62.7700000  40.7700000  68.6600000  62.2350586  39.9836423  69.1962011
  63.2416428  41.4122221  69.4009964  61.7500000  41.6100000  67.8800000
  61.0153495  42.0161826  68.5753177  62.2605857  42.4492822  67.4058999
  61.0000000  40.7900000  66.8000000  60.9700000  39.5400000  66.9000000
  60.5400000  41.4100000  65.8200000  60.1337669  40.8074732  65.1925422
  64.7300000  41.1700000  67.0700000  64.6200000  41.3700000  65.8700000
  65.7000000  41.7900000  67.7700000  65.8027152  41.5733753  68.7520880
  66.5800000  42.8400000  67.2100000  65.9814997  43.4057256  66.4961648
  66.9800000  43.8400000  68.3100000  66.0605920  44.2118664  68.7659181
  67.8500000  43.2400000  69.4000000  67.7013262  42.1699335  69.4305724
  68.9083827  43.4249609  69.2245541  67.5754547  43.6681744  70.3648917
  67.7500000  45.0300000  67.7500000  67.8014447  45.7672564  68.5343255
  68.7541618  44.7571423  67.4251522  67.2054744  45.4630094  66.9101356
  67.8100000  42.3300000  66.4400000  68.2500000  42.9700000  65.4900000
  68.3800000  41.1700000  66.8100000  67.9896158  40.6725973  67.5959720
  69.4900000  40.5100000  66.0800000  70.3549111  41.1720064  66.1462387
  69.8800000  39.1800000  66.7800000  68.9782135  38.5811566  66.9160308
  70.8800000  38.3600000  65.9400000  71.1634542  37.4440419  66.4542713
  70.4310867  38.0622114  64.9927667  71.7766035  38.9490948  65.7424700
  70.5300000  39.4400000  68.1600000  71.5572138  39.7796338  68.0185606
  70.0005725  40.2334515  68.6781248  70.5400000  38.2100000  69.0900000
  71.1042987  37.3961061  68.6387621  71.0371458  38.4685443  70.0232243
  69.5295630  37.8599774  69.2904143  69.2000000  40.3100000  64.5700000
  70.0700000  40.6900000  63.7800000  68.0600000  39.7300000  64.1300000
  66.9100000  39.3200000  64.9300000  66.6661905  39.9970500  65.7315989
  67.0995649  38.3252804  65.3337087  65.7400000  39.2700000  63.9700000
  65.3971867  40.2825615  63.7605650  64.9322677  38.6340672  64.3337114
  66.4000000  38.7100000  62.7300000  65.8197998  39.0056290  61.8592870
  66.4660591  37.6234671  62.8042187  67.8100000  39.3200000  62.7400000
  68.5090460  38.5305035  62.4741446  67.9100000  40.4400000  61.6900000
  68.4300000  40.2200000  60.6000000  67.4900000  41.6700000  62.0100000
  67.0747564  41.8545477  62.9127669  67.6400000  42.7800000  61.0500000
  67.1245301  42.5087715  60.1276942  67.0000000  44.0600000  61.5900000
  67.6286596  44.4530747  62.3909661  66.9960701  44.8056596  60.7934920
  65.5900000  43.9200000  62.1300000  65.4000000  43.6900000  63.5100000
  66.2501921  43.6061324  64.1643342  64.1100000  43.6400000  64.0400000
  63.9609056  43.5323731  65.1031040  62.9900000  43.7600000  63.2100000
  61.9967928  43.7231462  63.6314995  63.1700000  44.0000000  61.8400000
  62.3031482  44.1719303  61.2323135  64.4700000  44.0800000  61.2900000
  64.6022184  44.2846636  60.2378513  69.1200000  43.0600000  60.7200000
  69.4500000  43.3300000  59.5600000  69.9900000  42.9800000  61.7200000
  69.6482534  42.6978129  62.6288663  71.4000000  43.4200000  61.6400000
  71.4333504  44.3799852  61.1227017  71.9800000  43.6100000  63.0600000
  72.2704041  42.6398270  63.4649161  72.8774452  44.2266232  62.9906591
  71.0000000  44.2400000  64.0400000  70.1569277  43.5681198  64.1464510
  71.6100000  44.3900000  65.4300000  70.8648177  44.7742236  66.1252938
  71.9408417  43.4136603  65.7850872  72.4650058  45.0626723  65.3939384
  70.4800000  45.5800000  63.5500000  69.6752195  45.8488012  64.2198783
  71.2741160  46.3261386  63.5611795  70.0598199  45.5180344  62.5485804
  72.2300000  42.4300000  60.8500000  72.8800000  42.7700000  59.8800000
  72.1500000  41.1700000  61.2400000  71.5776711  40.9605499  62.0468060
  72.7600000  40.0300000  60.5400000  73.8417413  40.1662728  60.5305470
  72.4400000  38.7300000  61.2800000  72.8860096  37.8841595  60.7542509
  72.9800000  38.7500000  62.7200000  72.7923162  37.7896915  63.1994623
  74.0570319  38.9203654  62.7004078  72.5074402  39.5356272  63.3090441
  70.9300000  38.5400000  61.3600000  70.6701337  37.9537553  62.2270058
  70.4426731  39.4842819  61.5248951  70.5476374  38.0708662  60.4530241
  72.2800000  39.9200000  59.1000000  73.0800000  39.5800000  58.2300000
  71.0100000  40.2600000  58.8100000  70.3844445  40.5366338  59.5542874
  70.5400000  40.3700000  57.4400000  70.8313247  39.4657062  56.9180007
  69.0000000  40.4500000  57.4000000  68.6245666  39.6525821  58.0422765
  68.6544582  41.4001221  57.8086332  68.4200000  40.2200000  55.9900000
  68.9749530  39.4330949  55.4766523  66.9500000  39.7900000  56.1000000
  66.5200951  39.6587346  55.1066318  66.8860743  38.8383001  56.6276627
  66.3812032  40.5405813  56.6423632  68.4500000  41.5000000  55.1600000
  67.9098510  41.3551509  54.2265915  67.9946576  42.3043992  55.7240933
  69.4690831  41.7856706  54.9313739  71.2800000  41.5000000  56.7400000
  71.9000000  41.2200000  55.7200000  71.2700000  42.7100000  57.2800000
  70.7544969  42.8678911  58.1354306  71.9400000  43.8600000  56.6700000
  71.4038748  44.1187563  55.7559554  71.8300000  45.0400000  57.6300000
  72.3190637  45.8941190  57.1928891  70.7804935  45.2775811  57.8059604
  72.3137159  44.8191145  58.5786090  73.4200000  43.6300000  56.3100000
  73.8400000  44.1400000  55.2800000  74.1800000  42.9000000  57.1400000
  73.7700682  42.5363742  57.9900714  75.6000000  42.5800000  56.8600000
  76.0669869  43.4635269  56.4229768  76.3600000  42.2400000  58.1500000
  75.9684287  41.3124246  58.5705784  77.8400000  42.0500000  57.8500000
  78.3939099  41.9230912  58.7796128  77.9907523  41.1516329  57.2522114
  78.2201150  42.9084647  57.2961171  76.2100000  43.3500000  59.2100000
  76.7799872  43.0889300  60.1025130  76.5835993  44.2939611  58.8141781
  75.1744845  43.4848140  59.4992363  75.7400000  41.4200000  55.8700000
  76.5000000  41.5000000  54.9100000  74.9600000  40.3400000  56.0600000
  74.3230101  40.3013067  56.8436930  75.0200000  39.2000000  55.1400000
  76.0184258  38.7622425  55.1712687  74.2949714  38.4516776  55.4554927
  74.7000000  39.6400000  53.7100000  75.4700000  39.3900000  52.7900000
  73.6200000  40.4000000  53.5200000  73.0292883  40.6294419  54.3065772
  73.2200000  40.9200000  52.2000000  73.2278443  40.0818507  51.5097965
  71.7900000  41.4800000  52.2300000  71.4840439  41.7079497  51.2078741
  70.8300000  40.4200000  52.7600000  69.8570056  40.8586424  52.9112238
  70.7655963  39.6019507  52.0416703  71.1412204  40.0061218  53.7143053
  71.7200000  42.7800000  53.0300000  70.7132555  42.9517209  53.4010902
  72.3783555  42.7223571  53.8842126  72.0514286  43.6176182  52.4156905
  74.1600000  42.0000000  51.6600000  74.2300000  42.1600000  50.4400000
  74.9000000  42.7200000  52.4900000  74.8003268  42.5858219  53.4862062
  76.0100000  43.5700000  52.0200000  75.6092888  44.3215268  51.3377793
  76.6300000  44.3100000  53.2300000  76.2148505  45.3140323  53.2787233
  76.3148585  43.8342275  54.1535981  78.1700000  44.3900000  53.2500000
  78.7400000  45.2000000  52.4800000  78.7900000  43.5800000  53.9600000
  79.7374184  43.6910062  53.8612406  76.9900000  42.6900000  51.2200000
  77.1400000  42.8300000  50.0000000  77.5200000  41.6600000  51.8900000
  77.2786989  41.5440401  52.8654875  78.5500000  40.7600000  51.3600000
  79.4170369  41.3617393  51.0912527  78.9700000  39.8100000  52.4900000
  79.1227336  40.3858525  53.4039359  78.1736179  39.0936321  52.6779041
  80.2600000  39.0700000  52.1900000  80.9200000  39.2400000  51.1800000
  80.7100000  38.2100000  53.0600000  80.1615799  37.9894166  53.8760653
  81.5651334  37.7159990  52.8611568  78.0900000  40.0000000  50.1000000
  78.8300000  39.9400000  49.1100000  76.8600000  39.4700000  50.0700000
  76.2603259  39.5355802  50.8817537  76.3800000  38.7300000  48.8800000
  77.1047245  37.9337374  48.7031369  75.0000000  38.0300000  49.0400000
  74.8969696  37.3383267  48.2023287  74.9200000  37.1900000  50.3200000
  74.1126781  36.4626845  50.2283684  75.8559692  36.6516443  50.4693245
  74.7120719  37.8212011  51.1740370  73.8500000  39.0500000  48.9300000
  74.0766785  39.8775868  49.5873901  73.8227266  39.4256565  47.9084267
  72.4300000  38.5800000  49.2300000  72.3405790  38.2922625  50.2772573
  71.7314855  39.3912790  49.0294200  72.1850550  37.7218589  48.6045800
  76.4000000  39.6300000  47.6300000  76.7800000  39.1700000  46.5500000
  76.0100000  40.9100000  47.7600000  75.7351602  41.2404618  48.6760623
  75.9300000  41.8700000  46.6500000  75.3950657  41.3977733  45.8294371
  75.1400000  43.1300000  47.0300000  75.2943695  43.3642588  48.0835287
  75.5203680  43.9774354  46.4568453  73.6700000  43.0100000  46.7500000
  72.8500000  42.2500000  47.6000000  73.2712336  41.7198469  48.4263750
  71.4800000  42.1700000  47.3900000  70.8698487  41.6077127  48.0731113
  70.9100000  42.7900000  46.2700000  69.8598489  42.6807093  46.0718269
  71.7200000  43.5100000  45.3800000  71.2875674  43.9911943  44.5178359
  73.1000000  43.6300000  45.6200000  73.7187341  44.1892226  44.9337039
  77.3000000  42.2700000  46.1400000  77.5000000  42.3600000  44.9300000
  78.2600000  42.4900000  47.0300000  78.0558647  42.4162227  48.0178612
  79.6500000  42.7500000  46.6200000  79.6788302  43.6764878  46.0437353
  80.5300000  42.9200000  47.8700000  80.3520346  42.0674715  48.5275945
  82.0300000  42.9300000  47.5100000  82.6209537  43.1698131  48.3934453
  82.3428767  41.9496891  47.1533811  82.2279967  43.6771177  46.7407687
  80.1300000  44.2100000  48.6000000  80.7668973  45.0317329  48.2706388
  79.0996425  44.4938034  48.3854223  80.2500000  44.0400000  50.1100000
  81.1949244  43.5616097  50.3665232  80.2274520  45.0290825  50.5608358
  79.4450508  43.4354535  50.4972800  80.1500000  41.6200000  45.7300000
  80.5900000  41.8800000  44.6000000  80.0500000  40.3800000  46.1900000
  79.6617713  40.2204233  47.1103747  80.6100000  39.2400000  45.4700000
  81.6601260  39.4637170  45.2782325  80.5300000  37.9700000  46.3500000
  81.1069357  38.1203000  47.2599696  79.4905160  37.7961322  46.6334870
  81.0600000  36.7300000  45.6000000  80.4272352  36.5275239  44.7356975
  82.5000000  36.8900000  45.1200000  82.8510056  35.9554150  44.6808085
  82.5696549  37.6612855  44.3546839  83.1463072  37.1529471  45.9569070
  80.9900000  35.5000000  46.5100000  81.2928129  34.6150819  45.9518851
  81.6459425  35.6287009  47.3720652  79.9666645  35.3594034  46.8568896
  79.9100000  39.0200000  44.1200000  80.5700000  38.9400000  43.0900000
  78.5900000  38.9200000  44.1200000  78.0855736  39.0009570  44.9930893
  77.8200000  38.6500000  42.8800000  78.1803324  37.7061232  42.4685121
  76.3300000  38.4800000  43.2200000  76.2457683  37.7463455  44.0236418
  75.7600000  39.8100000  43.7000000  74.9692286  39.6109443  44.4068579
  76.5081762  40.3573802  44.2430791  75.3913365  40.4170848  42.8729078
  75.4900000  37.9900000  42.0300000  74.4612334  37.8265100  42.3531876
  75.4934569  38.7206687  41.2210303  75.8954838  37.0457243  41.6659783
  78.0200000  39.7300000  41.8200000  78.0500000  39.4200000  40.6300000
  78.1800000  41.0000000  42.2200000  78.1662609  41.2067115  43.2101761
  78.2800000  42.1300000  41.3000000  77.5708701  41.9849319  40.4856897
  77.9200000  43.4300000  42.0300000  78.5216348  43.5011080  42.9349511
  78.1930073  44.2741394  41.3956630  76.4300000  43.5600000  42.3900000
  76.0778061  42.6668855  42.9008841  76.3074143  44.4093441  43.0637320
  75.5800000  43.7800000  41.1600000  74.9800000  42.8700000  40.6000000
  75.5600000  44.9700000  40.6100000  76.0657669  45.7277095  41.0448095
  74.9873002  45.1353036  39.7984614  79.6800000  42.2400000  40.6900000
  79.8100000  42.6100000  39.5200000  80.7300000  41.8800000  41.4500000
  80.5794048  41.6000313  42.4105307  82.0700000  41.7400000  40.9000000
  82.3501670  42.6837078  40.4343601  83.0700000  41.4600000  42.0200000
  84.0768158  41.3985286  41.6055971  83.0393650  42.2664578  42.7533216
  82.8284080  40.5181709  42.5145144  82.1200000  40.6400000  39.8300000
  82.7900000  40.8400000  38.8300000  81.3600000  39.5500000  39.9800000
  80.8309072  39.4328982  40.8333643  81.2100000  38.5400000  38.9200000
  82.2003160  38.2922913  38.5335654  80.6000000  37.2500000  39.4900000
  81.3224025  36.7742279  40.1541648  79.7166118  37.4899109  40.0808392
  80.2100000  36.2800000  38.4000000  81.2100000  35.4800000  37.8000000
  82.2237736  35.4958678  38.1712643  80.8900000  34.7100000  36.6700000
  81.6470807  34.1070299  36.1947265  79.5900000  34.7300000  36.1400000
  79.3300000  34.0200000  35.0100000  78.4139437  34.0755536  34.7293032
  78.5900000  35.5000000  36.7500000  77.5919326  35.5115790  36.3385649
  78.9000000  36.2800000  37.8900000  78.1416267  36.9034911  38.3382294
  80.3700000  39.0600000  37.7500000  80.7500000  38.9000000  36.5900000
  79.2200000  39.6900000  38.0100000  78.9383638  39.8231661  38.9713776
  78.3300000  40.1900000  36.9500000  78.0148789  39.3467828  36.3343739
  77.1090000  40.7910000  37.6550000  76.6907496  40.1031903  38.3899376
  77.4467976  41.6679865  38.2085425  76.0550000  41.2630000  36.6520000
  75.4495551  41.9427246  37.2272662  76.4759238  41.8400466  35.8335887
  75.1430000  40.1610000  36.1070000  74.2980000  40.3390000  35.2360000
  75.2590000  38.9770000  36.6810000  74.7047883  38.2132399  36.3247683
  75.9580391  38.8289766  37.3913688  79.0100000  41.2400000  36.0400000
  78.6700000  41.3600000  34.8700000  79.9400000  42.0200000  36.6000000
  80.1527956  41.8899464  37.5796275  80.7500000  43.0100000  35.8600000
  80.1509431  43.3738632  35.0248875  81.0300000  44.2300000  36.7800000
  81.1156135  45.1239426  36.1610444  80.1918006  44.3760744  37.4629298
  82.3400000  44.0700000  37.5700000  82.3659510  43.0552172  37.9481734
  83.2034477  44.2081793  36.9209703  82.5000000  44.9800000  38.7800000
  81.5620104  45.0144895  39.3352213  83.2628784  44.5603027  39.4367667
  82.9000000  46.3500000  38.3900000  82.1628354  47.0375415  38.3431662
  84.1400000  46.7600000  38.1700000  85.1800000  45.9800000  38.2000000
  86.0980154  46.3742109  38.0621136  85.0854438  45.0035175  38.4230601
  84.4000000  48.0200000  37.9500000  83.6497810  48.6932582  37.9342467
  85.3578292  48.3289717  37.8530244  82.0400000  42.4300000  35.2600000
  82.8300000  43.1900000  34.6900000  82.3300000  41.1400000  35.4800000
  81.6588644  40.5660082  35.9696078  83.5700000  40.4900000  35.0200000
  84.3446252  41.2529226  34.9397925  84.0900000  39.4600000  36.0700000
  84.0563768  39.9205523  37.0489104  83.4421610  38.5832372  36.0792636
  85.5500000  39.0100000  35.8500000  85.9000000  38.5900000  34.7400000
  86.4100000  39.0700000  36.7700000  83.3400000  39.9000000  33.6300000
  82.3600000  39.1900000  33.3900000  84.2500000  40.1900000  32.7000000
  85.0475188  40.7536004  32.9512494  84.2600000  39.5600000  31.3800000
  83.2772483  39.1363487  31.2018118  84.5700000  40.5700000  30.2600000
  84.7758683  41.5492594  30.6952237  85.4722793  40.2614699  29.7299587
  83.4600000  40.7400000  29.2100000  82.5990698  41.1959516  29.6993345
  83.8107598  41.4420440  28.4519639  82.9800000  39.4400000  28.5100000
  82.3900000  38.5500000  29.1700000  83.0800000  39.3300000  27.2700000
  85.2900000  38.4300000  31.3600000  86.4500000  38.6200000  31.7300000
  84.8800000  37.2500000  30.8800000  83.9245748  37.1590512  30.5596263
  85.7600000  36.0800000  30.8500000  86.1029956  35.9459405  31.8773209
  85.0300000  34.7800000  30.4800000  85.6950616  33.9520509  30.7304134
  84.1403947  34.6768933  31.1037748  84.6400000  34.6200000  29.0000000
  85.4963272  34.7900450  28.3485304  84.3131279  33.5891434  28.8553375
  83.4900000  35.5400000  28.6100000  82.6596622  35.4065075  29.3048969
  83.8373457  36.5706526  28.6499037  83.0300000  35.2700000  27.2400000
  83.5433970  34.5677076  26.7291283  82.0200000  35.8700000  26.6500000
  81.3300000  36.8200000  27.2300000  81.6313754  37.1665515  28.1383218
  80.5928758  37.3115772  26.7549076  81.6900000  35.5000000  25.4500000
  82.1899304  34.7501429  25.0021563  80.9482601  35.9792418  24.9660131
  87.0100000  36.3400000  29.9900000  86.9200000  36.8900000  28.9000000
  88.1600000  35.9200000  30.5100000  88.1261624  35.4837498  31.4189431
  89.4700000  35.9400000  29.8400000  89.6133490  36.9139281  29.3697876
  90.5800000  35.7300000  30.8900000  90.2326788  34.9855419  31.5999025
  91.4703084  35.3176162  30.4196866  91.0600000  36.9600000  31.6800000
  91.5371991  37.6634860  30.9963088  89.9200000  37.6700000  32.4000000
  90.3137222  38.4226514  33.0823427  89.2824020  38.1730762  31.6724435
  89.3231269  36.9401930  32.9424258  92.0900000  36.4900000  32.7100000
  92.4722834  37.3437736  33.2694182  91.6366571  35.7836477  33.3967386
  92.9258736  36.0040890  32.2055368  89.5300000  34.8700000  28.7300000
  88.5400000  34.2400000  28.3700000  90.7300000  34.6600000  28.1800000
  91.5203007  35.1819887  28.5274689  90.9500000  33.8400000  26.9900000
  90.2737289  34.1968172  26.2113144  92.3900000  34.0600000  26.5000000
  93.0857909  33.5282155  27.1507938  92.4621045  33.6208708  25.5043695
  92.8100000  35.5400000  26.4500000  91.9520471  36.1504747  26.1648720
  93.1366157  35.8567283  27.4423594  93.9100000  35.8100000  25.4300000
  93.8300000  35.4000000  24.2900000  94.9700000  36.5100000  25.7800000
  94.9917806  36.9203494  26.7048745  95.7919176  36.5094038  25.1953067
  90.6900000  32.3400000  27.1900000  90.2100000  31.7000000  26.2500000
  91.0300000  31.7700000  28.3500000  91.3940393  32.3517782  29.0909876
  91.0700000  30.3100000  28.5500000  90.4850733  29.8099305  27.7783891
  92.1046775  29.9833793  28.4430525  90.5500000  29.8300000  29.9000000
  91.1400000  28.9400000  30.5100000  89.4400000  30.4000000  30.3400000
  88.9949701  31.1026101  29.7670225  88.7800000  30.0600000  31.6000000
  89.4419342  29.4497406  32.2152342  88.4200000  31.3400000  32.3900000
  87.4738158  31.7151798  31.9970557  88.2362239  31.0914038  33.4309034
  89.4100000  32.5200000  32.2900000  89.5472620  32.8013251  31.2450778
  88.9406782  33.3697638  32.7894954  90.7900000  32.2900000  32.9400000
  91.2400000  31.1300000  33.0700000  91.3900000  33.3300000  33.3100000
  87.5300000  29.2600000  31.2500000  86.7800000  29.6600000  30.3600000
  87.2700000  28.1300000  31.9200000  87.9227975  27.8045532  32.6186026
  85.9800000  27.4300000  31.8100000  85.6871434  27.3786392  30.7604430
  86.0700000  25.9900000  32.3600000  85.0623965  25.6083077  32.5300537
  86.7700000  25.0700000  31.3700000  86.8035406  24.0566696  31.7709119
  86.2185984  25.0570556  30.4292317  87.7865141  25.4184762  31.1838100
  86.7900000  25.9700000  33.5800000  86.5700854  25.1630129  34.0556395
  84.9100000  28.2100000  32.5500000  84.1400000  28.9500000  31.9500000
  84.9200000  28.0900000  33.8800000  85.5955279  27.4677304  34.3004914
  84.0600000  28.8400000  34.7700000  83.9412243  29.8313389  34.3361559
  82.7100000  28.1000000  34.8500000  82.3833484  27.8714981  33.8333962
  82.8376346  27.1544241  35.3794459  81.6100000  28.9200000  35.5200000
  81.8184688  28.9901582  36.5887099  81.5300000  30.3300000  34.9300000
  80.6761356  30.8399472  35.3307886  82.3969460  30.9236860  35.2163966
  81.4538685  30.2880572  33.8419467  80.3000000  28.1700000  35.3200000
  79.5572549  28.5421755  36.0215184  79.9382751  28.3148138  34.3042328
  80.4520725  27.1084145  35.4972673  84.7000000  28.9800000  36.1500000
  84.8600000  30.0800000  36.6700000  85.1900000  27.8700000  36.6900000
  85.0614218  26.9938703  36.2019072  85.8600000  27.8200000  37.9900000
  85.1579951  28.1973487  38.7345846  86.2300000  26.3700000  38.3800000
  87.3086843  26.2360912  38.2770162  85.9917546  26.2179603  39.4331032
  85.5400000  25.2800000  37.5400000  84.4400000  24.8200000  37.9100000
  86.1300000  24.9400000  36.4900000  87.1000000  28.7200000  38.0000000
  87.3700000  29.3500000  39.0200000  87.8200000  28.8300000  36.8800000
  87.5396366  28.2948666  36.0696805  88.9900000  29.7100000  36.7500000
  89.6158198  29.5223575  37.6175714  89.7700000  29.3700000  35.4600000
  89.3230296  28.4824329  35.0078277  89.6452415  30.1749086  34.7471347
  91.2800000  29.0800000  35.5900000  91.6180101  28.5633310  34.6904567
  91.8004883  30.0379195  35.6267660  91.7000000  28.2900000  36.8300000
  91.8800000  28.8000000  37.9300000  91.9000000  27.0000000  36.7400000
  91.7841304  26.5362849  35.8518593  92.1937631  26.4914585  37.5579917
  88.6200000  31.2000000  36.7900000  89.2500000  31.9600000  37.5300000
  87.5500000  31.6200000  36.1000000  87.0314105  30.9646433  35.5319942
  87.0200000  32.9800000  36.2300000  87.8085279  33.6842812  35.9610677
  85.8300000  33.2000000  35.2800000  86.1382986  32.9733251  34.2580750
  85.0409313  32.5016102  35.5596886  85.2700000  34.6400000  35.3200000
  85.1302678  34.9613031  36.3515669  85.9890829  35.3144090  34.8531409
  83.9200000  34.7800000  34.6200000  83.3000000  33.8000000  34.2500000
  83.4100000  35.9800000  34.4500000  83.9194844  36.8025463  34.7395521
  82.5169814  36.0711408  33.9891369  86.6000000  33.2400000  37.6800000
  87.0000000  34.2600000  38.2500000  85.8600000  32.3100000  38.2900000
  85.5862747  31.4822732  37.7780609  85.3600000  32.4600000  39.6500000
  84.8720662  33.4219212  39.6762642  84.2700000  31.4300000  40.0100000
  84.4754968  30.4893851  39.4975088  84.3118499  31.2305386  41.0814143
  82.8400000  31.9000000  39.6800000  82.1623703  31.0768873  39.9113450
  82.3900000  33.1200000  40.5000000  81.3220870  33.2823565  40.3493899
  82.5667646  32.9384462  41.5600488  82.9170972  34.0201764  40.1958792
  82.6900000  32.2400000  38.2000000  81.6545344  32.4688839  37.9890823
  83.3002295  33.0982761  37.9218235  82.9640866  31.3805984  37.5953818
  86.4900000  32.5200000  40.6800000  86.4800000  33.4000000  41.5300000
  87.5200000  31.6900000  40.5300000  87.4826891  31.0149920  39.7805671
  88.7500000  31.7600000  41.3000000  88.5528725  31.5619544  42.3480204
  89.4162661  30.9819716  40.9308874  89.4600000  33.1100000  41.1500000
  89.9700000  33.6800000  42.1300000  89.5000000  33.6600000  39.9400000
  89.0705622  33.1759133  39.1615242  90.1700000  34.9400000  39.6800000
  91.1643253  34.8819207  40.1249872  90.3300000  35.0800000  38.1600000
  90.4976999  34.0988047  37.7193639  89.4064756  35.4892085  37.7523932
  91.5400000  35.9300000  37.7900000  91.4317059  36.9232960  38.2259068
  92.4482886  35.4731537  38.1843687  91.6600000  36.0500000  36.2600000
  92.4251871  36.7876114  36.0165803  91.9761212  35.0862244  35.8578382
  90.3900000  36.4200000  35.6100000  89.9799434  35.6889209  35.0452756
  89.6500000  37.5100000  35.7800000  90.0800000  38.5500000  36.4300000
  89.4536706  39.3266304  36.5803987  90.9988212  38.5394203  36.8391401
  88.4300000  37.5500000  35.3200000  87.8277616  38.3466568  35.4923930
  88.0399100  36.7542670  34.8418825  89.4400000  36.1400000  40.3000000
  90.1300000  36.9800000  40.8800000  88.1100000  36.1900000  40.2000000
  87.6337966  35.4518492  39.6991026  87.2600000  37.2500000  40.8200000
  87.7066325  38.2129183  40.5689641  85.8100000  37.2700000  40.2700000
  85.8710052  37.4490158  39.1955581  85.0600000  35.9700000  40.4800000
  84.1294068  35.9904326  39.9130786  85.6819105  35.1885463  40.0879644
  84.8331535  35.7895808  41.5299841  84.9300000  38.3600000  40.8800000
  83.9589867  38.3722801  40.3864701  84.7834387  38.1932164  41.9474950
  85.4061158  39.3301678  40.7349249  87.2600000  37.1300000  42.3400000
  87.5100000  38.1100000  43.0300000  87.0500000  35.9200000  42.8800000
  86.8613711  35.1293008  42.2802444  86.9900000  35.7300000  44.3200000
  86.2543091  36.4340824  44.6887024  86.4300000  34.3700000  44.7200000
  86.1433085  34.3970981  45.7721901  85.5159665  34.2174387  44.1436224
  87.3900000  33.2100000  44.4800000  87.9816986  33.3972411  43.5931281
  88.3200000  32.9600000  45.6600000  88.7482498  31.9806478  45.5007358
  89.1230755  33.6854547  45.7218554  87.7631647  32.9507093  46.5983047
  86.6000000  31.9200000  44.2700000  87.2608560  31.1170511  43.9540657
  86.0741186  31.6650558  45.1906818  85.8436971  32.0496743  43.4988662
  88.3400000  36.0500000  44.9600000  88.3800000  36.6000000  46.0500000
  89.4600000  35.7500000  44.2800000  89.3828754  35.2895773  43.3831672
  90.7900000  36.0800000  44.7700000  90.9376225  35.6433135  45.7585878
  91.5291022  35.6713873  44.0902595  91.0200000  37.5900000  44.8400000
  91.6600000  38.0600000  45.7700000  90.5000000  38.3300000  43.8700000
  89.9672154  37.8814674  43.1372182  90.6300000  39.7900000  43.8200000
  91.6604503  40.0307073  44.0828265  90.4100000  40.2300000  42.3600000
  90.8232000  39.4562841  41.7112708  89.3453960  40.3019965  42.1360741
  91.1500000  41.5300000  41.9800000  92.1453089  41.5229804  42.4279638
  91.2832084  41.5303024  40.8966658  90.4200000  42.8300000  42.3500000
  89.1800000  42.8100000  42.5500000  91.1200000  43.8600000  42.3100000
  89.7200000  40.4800000  44.8600000  90.1700000  41.3900000  45.5600000
  88.5100000  39.9600000  45.0700000  88.2061153  39.1819267  44.5018068
  87.5100000  40.5700000  45.9800000  87.6857929  41.6467943  45.9747039
  86.1000000  40.3500000  45.4000000  86.1460216  40.5160844  44.3221574
  85.6000000  38.9300000  45.6400000  84.7833343  38.7096007  44.9535053
  86.4200236  38.2497821  45.4663912  85.2588046  38.8067074  46.6649367
  85.0700000  41.3300000  45.9700000  84.0956825  41.1433057  45.5167708
  84.9893426  41.2231176  47.0485502  85.3719559  42.3513495  45.7368859
  87.6100000  40.1000000  47.4500000  87.3400000  40.8800000  48.3700000
  88.0400000  38.8600000  47.7100000  88.3014651  38.2683124  46.9345681
  88.0400000  38.2600000  49.0400000  87.0022806  38.2110983  49.3614698
  88.5600000  36.8200000  49.0200000  88.6253295  36.4399939  50.0401557
  87.8686115  36.1831302  48.4691346  89.5495684  36.7816483  48.5630020
  88.7800000  39.0700000  50.1200000  88.2200000  39.1800000  51.2100000
  89.9800000  39.6600000  49.9000000  90.8100000  39.7000000  48.7000000
  90.2455600  39.8498455  47.7860686  91.3967931  38.7832284  48.6314635
  91.7300000  40.9000000  48.9000000  91.1996114  41.8273761  48.6787722
  92.6399811  40.8141039  48.3053224  92.0100000  40.7800000  50.4000000
  92.4483090  41.6610626  50.8515789  92.6957571  39.9453227  50.5590804
  90.6400000  40.4100000  50.9800000  90.7909747  39.7458870  51.8321064
  89.8200000  41.6300000  51.4600000  89.9700000  42.0200000  52.6100000
  88.9400000  42.2100000  50.6300000  88.8361583  41.8371515  49.6956472
  88.0400000  43.3000000  51.0200000  88.5886540  43.9986601  51.6539430
  87.5500000  44.0700000  49.7900000  86.9602667  43.4183916  49.1447726
  86.9296711  44.9064042  50.1143406  88.6600000  44.5700000  49.0700000
  89.0007422  43.8727147  48.5034876  86.8100000  42.8200000  51.7900000
  86.4900000  43.3700000  52.8300000  86.1600000  41.7500000  51.3200000
  86.4731611  41.3183565  50.4606934  85.0100000  41.1500000  52.0100000
  84.2683112  41.9311847  52.1826113  84.3600000  40.0500000  51.1400000
  85.0072445  39.1723216  51.1388841  83.4066100  39.7745077  51.5866785
  84.1400000  40.4900000  49.6900000  83.6324294  41.4542946  49.6917044
  85.1084709  40.6184920  49.2200217  83.1800000  39.3600000  48.6600000
  83.9700000  37.7600000  48.9900000  85.0450415  37.8469683  48.8595828
  83.7445802  37.4405965  50.0080242  83.5867896  37.0161824  48.2913164
  85.4200000  40.5600000  53.3600000  84.7500000  40.7700000  54.3700000
  86.5600000  39.8700000  53.4000000  87.0715645  39.7307353  52.5421237
  87.1600000  39.3500000  54.6200000  86.4325815  38.7012724  55.1104417
  88.4100000  38.5000000  54.2900000  88.1184291  37.7054842  53.6015881
  89.1419494  39.1280051  53.7802243  89.0900000  37.8700000  55.5100000
  89.8100000  38.6900000  56.4000000  89.8650398  39.7416755  56.2366393
  90.4300000  38.1500000  57.5300000  90.9692838  38.7939484  58.2092682
  90.3700000  36.7800000  57.7800000  90.8592557  36.3607958  58.6474752
  89.6600000  35.9500000  56.8900000  89.5989196  34.8891268  57.0835281
  89.0100000  36.4900000  55.7600000  88.4748426  35.8403223  55.0833556
  87.5100000  40.4900000  55.5800000  87.2400000  40.3300000  56.7700000
  88.0700000  41.6100000  55.1000000  88.2808649  41.6917126  54.1153446
  88.3100000  42.7700000  55.9700000  88.9158350  42.4296948  56.8018688
  89.0200000  43.9600000  55.2700000  89.9910525  43.6308914  54.9015236
  88.4274668  44.2453192  54.4010729  89.2200000  45.2300000  56.1600000
  88.2474317  45.5749941  56.5122085  90.1600000  45.1000000  57.3500000
  90.1635775  46.0329255  57.9157030  89.8108489  44.3122205  58.0170879
  91.1757631  44.8960076  57.0182017  89.8400000  46.3400000  55.3200000
  89.8164158  47.2830622  55.8681497  90.8732082  46.0957601  55.0712655
  89.2962184  46.4624707  54.3870005  87.0000000  43.2000000  56.5900000
  86.9200000  43.1200000  57.8100000  86.0100000  43.5600000  55.7700000
  86.1772106  43.5392435  54.7738009  84.6800000  44.0100000  56.2200000
  84.7930440  45.0120013  56.6367364  83.7300000  44.0800000  55.0100000
  84.2971552  43.9844977  54.0845029  83.0038629  43.2678719  55.0465652
  83.0500000  45.3000000  54.9700000  82.3657179  45.2547012  54.2957373
  84.1500000  43.0900000  57.3200000  84.1000000  43.5000000  58.4800000
  83.9600000  41.8000000  56.9900000  84.1182874  41.5081540  56.0355434
  83.4600000  40.8000000  57.9300000  82.4357875  41.0619016  58.1950580
  83.4300000  39.4200000  57.2700000  82.5380387  39.3227175  56.6509035
  84.3118678  39.3095087  56.6375719  83.4700000  38.3900000  58.2400000
  82.5879284  38.2819026  58.6078662  84.2800000  40.7600000  59.2200000
  83.7400000  41.0100000  60.2900000  85.5900000  40.4800000  59.1400000
  86.0101134  40.3085370  58.2372119  86.4300000  40.2800000  60.3300000
  86.0425224  39.4191111  60.8768951  87.8700000  39.9800000  59.9000000
  87.8434257  39.3366121  59.0211001  88.3817481  40.9010421  59.6164462
  88.6700000  39.2500000  60.9600000  89.2600000  39.9500000  62.0300000
  89.1688564  41.0246184  62.0951401  89.9700000  39.2500000  63.0300000
  90.4355187  39.7857076  63.8439606  90.0800000  37.8500000  62.9500000
  90.6155977  37.3093696  63.7161670  89.5000000  37.1500000  61.8800000
  89.5911653  36.0752080  61.8225069  88.7900000  37.8500000  60.8900000
  88.3274422  37.3042568  60.0802454  86.4300000  41.5000000  61.2500000
  86.4600000  41.3800000  62.4700000  86.3800000  42.6800000  60.6400000
  86.3568472  42.6981972  59.6294474  86.2600000  43.9500000  61.3200000
  87.0995676  44.0661394  62.0074120  86.3200000  45.0400000  60.2600000
  86.1614999  44.6778524  59.2561487  85.5188660  45.7386265  60.4662189
  87.5100000  45.7700000  60.3500000  88.2305417  45.2167844  60.0402564
  84.9600000  44.0500000  62.1300000  84.9900000  44.4600000  63.2900000
  83.8300000  43.6300000  61.5600000  83.8775232  43.2783419  60.6124532
  82.5100000  43.6200000  62.2000000  82.3366730  44.5952876  62.6567383
  81.4300000  43.3900000  61.1400000  81.5938415  42.4212074  60.6678162
  80.4541425  43.3643852  61.6280914  81.4100000  44.4800000  60.0600000
  81.0215897  45.3968032  60.4988392  82.3958646  44.6913730  59.6624754
  80.4800000  44.0300000  58.9500000  79.2900000  44.3700000  59.1200000
  80.9500000  43.3000000  58.0400000  80.2710310  43.0688848  57.4031799
  82.3800000  42.5400000  63.2900000  81.8700000  42.8200000  64.3800000
  82.8900000  41.3200000  63.0300000  83.3134489  41.1454846  62.1297425
  82.8800000  40.2300000  64.0200000  81.8451565  40.0683806  64.3165567
  83.4300000  38.8700000  63.5100000  83.1419046  38.1037018  64.2298183
  82.9800000  38.4100000  62.1200000  82.0522629  37.8706017  62.2288744
  82.7704471  39.2413804  61.4652146  83.7085688  37.7445914  61.6546820
  84.8300000  38.8500000  63.4400000  85.1205074  39.5416645  62.8399506
  83.6500000  40.6300000  65.2800000  83.1500000  40.4500000  66.4000000
  84.8300000  41.2400000  65.1000000  85.1854336  41.3666807  64.1625217
  85.6400000  41.7600000  66.2100000  85.7226519  40.9794419  66.9684327
  87.0600000  42.1200000  65.7400000  87.0010754  42.7101295  64.8244474
  87.8800000  42.9100000  66.7700000  88.8633219  43.1339175  66.3554445
  87.3959383  43.8567160  67.0083688  88.0124538  42.3256806  67.6776807
  87.8200000  40.8100000  65.4700000  88.8230841  41.0393160  65.1133209
  87.8945333  40.2194780  66.3838920  87.3106818  40.2188110  64.7094107
  84.9400000  42.9500000  66.8600000  84.8800000  42.9800000  68.0800000
  84.3700000  43.8900000  66.1100000  84.4220152  43.8482416  65.1012579
  83.6900000  45.0300000  66.7300000  84.4213405  45.6033081  67.3020915
  83.1300000  45.9300000  65.6300000  82.6332548  46.7826430  66.0942898
  83.9427207  46.2956612  65.0018477  82.4142563  45.3820752  65.0180571
  82.5700000  44.5900000  67.6800000  82.4300000  45.1500000  68.7700000
  81.8000000  43.5600000  67.3000000  81.9702271  43.1227584  66.4047642
  80.6500000  43.0800000  68.0800000  80.0775399  43.9394867  68.4327270
  79.7300000  42.2300000  67.1900000  80.3410686  41.4800008  66.6882896
  79.0367428  41.7046192  67.8487463  78.9000000  42.9400000  66.1300000
  79.2700000  44.1700000  65.5500000  80.1582807  44.6949776  65.8520185
  78.5100000  44.7300000  64.5100000  78.8255324  45.6559653  64.0499867
  77.3100000  44.1100000  64.1000000  76.7087181  44.5548052  63.3205735
  76.9200000  42.9000000  64.6900000  76.0201619  42.4043158  64.3572941
  77.7200000  42.3100000  65.6800000  77.4277631  41.3665213  66.1037865
  81.1000000  42.2800000  69.3000000  80.6800000  42.5800000  70.4100000
  82.0100000  41.3100000  69.1200000  82.3410273  41.1088800  68.1856640
  82.6100000  40.5800000  70.2300000  81.8113638  40.1408727  70.8207443
  83.5600000  39.5000000  69.7200000  84.1910459  39.9273532  68.9383610
  84.2227076  39.2137356  70.5374924  82.9400000  38.2100000  69.2200000
  81.7100000  37.7500000  69.7300000  81.1443970  38.3059747  70.4572430
  81.2200000  36.4900000  69.3400000  80.3136665  36.1013520  69.7701730
  81.9500000  35.7100000  68.4300000  81.5890337  34.7392818  68.1422726
  83.1600000  36.1700000  67.9100000  83.7160333  35.5619006  67.2114326
  83.6600000  37.4200000  68.3100000  84.6081626  37.7641299  67.9222499
  83.3900000  41.4600000  71.2000000  83.3400000  41.2100000  72.4000000
  84.0900000  42.4900000  70.7200000  84.1052802  42.6881428  69.7295314
  84.7600000  43.3800000  71.6500000  85.1841371  42.7597665  72.4367713
  85.9400000  44.1200000  71.0000000  85.6876980  44.4150851  69.9828779
  86.1284993  45.0364673  71.5605483  87.2400000  43.2800000  71.0100000
  87.9871647  43.8346302  70.4408199  87.7900000  43.0700000  72.4300000
  88.8007100  42.6653589  72.3703226  87.8312425  44.0239217  72.9568906
  87.1746245  42.3749115  73.0000594  87.1100000  41.8900000  70.3900000
  88.0988712  41.4405643  70.2933357  86.4959208  41.2400861  71.0131978
  86.6643647  41.9525863  69.4043175  83.7300000  44.2500000  72.3700000
  83.8300000  44.3400000  73.5800000  82.6600000  44.7200000  71.7200000
  82.5785428  44.5978613  70.7197630  81.5400000  45.3200000  72.4500000
  81.9047777  46.1969028  72.9845673  80.7903918  45.6379233  71.7268071
  80.8500000  44.4000000  73.4700000  80.1300000  44.8800000  74.3500000
  81.0900000  43.0800000  73.4100000  81.6837442  42.7489019  72.6618365
  80.6800000  42.0800000  74.4000000  79.7133444  42.3903991  74.7935251
  80.4700000  40.7300000  73.7000000  79.7507250  40.1534849  74.2733931
  80.1095845  40.8594187  72.6828611  81.4106748  40.1851939  73.6536046
  81.6200000  41.9600000  75.6200000  81.8500000  40.8600000  76.1300000
  82.1500000  43.0900000  76.0800000  81.9717291  43.9487817  75.5762673
  82.9700000  43.1800000  77.3000000  83.0942628  42.1694034  77.6883376
  84.3900000  43.6500000  76.9300000  85.0723520  43.1614902  77.6276331
  84.6474731  43.2855446  75.9340797  84.6700000  45.1700000  77.0200000
  84.4871289  45.5094016  78.0394884  86.1400000  45.4300000  76.6900000
  86.3415184  46.5003081  76.6557059  86.7746642  44.9681106  77.4465948
  86.3872714  45.0045579  75.7159037  83.8800000  46.0500000  76.0700000
  84.0897245  47.0704998  76.3421835  84.2617632  45.9882972  75.0621471
  82.8123475  45.8448565  76.1130375  82.3100000  43.9800000  78.4500000
  82.7800000  43.9100000  79.5800000  81.2400000  44.7300000  78.1600000
  80.9050750  44.7371546  77.2071690  80.5200000  45.5900000  79.1200000
  81.2448064  46.2331760  79.6218408  79.4800000  46.4800000  78.4200000
  78.9359705  45.8985673  77.6756668  78.7677522  46.8472669  79.1593046
  80.0600000  47.6000000  77.8100000  80.4535541  47.3469471  76.9680431
  79.7700000  44.7900000  80.1800000  79.1500000  43.7700000  79.8800000
  79.7100000  45.3000000  81.4200000  80.1900617  46.1685542  81.6074434
  79.1600000  44.5800000  82.5800000  79.3495567  43.5195344  82.4107100
  79.9000000  44.9300000  83.8900000  79.4171338  44.3975242  84.7112508
  81.3400000  44.4200000  83.8100000  81.7744749  44.4009468  84.8121480
  81.3657126  43.4063377  83.4033008  81.9454995  45.0710049  83.1739425
  79.9200000  46.4300000  84.2200000  78.9120550  46.8371469  84.2761715
  80.4041014  46.5809259  85.1852037  80.4755363  46.9831372  83.4619615
  77.6500000  44.6800000  82.7400000  77.1400000  45.1800000  83.7500000
  76.9000000  44.1900000  81.7700000  77.3387986  43.7947703  80.9494202
  75.4300000  44.2200000  81.8200000  75.1248849  44.1568813  82.8636422
  74.9600000  45.5800000  81.2700000  75.6688127  46.3494291  81.5801889
  74.9284780  45.5834446  80.1899751  73.6000000  46.0100000  81.8100000
  73.5760909  45.8522937  82.8888287  73.4815041  47.0758128  81.6220683
  72.1900000  45.1800000  81.0600000  72.2100000  45.9600000  79.4400000
  72.4304739  45.2174595  78.6934559  71.2268759  46.3470712  79.2020509
  72.9689609  46.7313550  79.4118562  74.8700000  43.0200000  81.0600000
  75.1300000  42.8900000  79.8600000  74.1600000  42.0800000  81.6900000
  73.5100000  42.2100000  82.9800000  72.9302494  43.1305308  83.0507073
  74.2582306  42.1682738  83.7725685  72.6000000  41.0000000  83.0700000
  71.6353380  41.2537377  82.6407599  72.4980778  40.6706294  84.1039999
  73.2500000  39.9300000  82.2000000  72.5153532  39.2329142  81.7950029
  74.0006293  39.3969735  82.7852266  73.9400000  40.7500000  81.1100000
  74.9052030  40.2921995  80.8947194  73.1300000  40.8100000  79.8100000
  73.4300000  40.0400000  78.9000000  72.1900000  41.7500000  79.6600000
  71.9766792  42.3814298  80.4209780  71.4200000  41.8700000  78.4200000
  71.0714040  40.8719617  78.1493986  70.1800000  42.7200000  78.6600000
  69.5740796  42.7447514  77.7538676  69.5874106  42.2873158  79.4667008
  70.4619454  43.7368142  78.9288951  72.2700000  42.3900000  77.2500000
  72.1000000  41.9100000  76.1300000  73.1900000  43.3400000  77.4900000
  73.3098975  43.6879938  78.4308254  74.1200000  43.8300000  76.4500000
  73.5344367  43.9233483  75.5340802  74.7000000  45.2200000  76.7600000
  73.9127803  45.8336826  77.1942816  75.9400000  45.3100000  77.6700000
  76.0987455  46.3421949  77.9851904  75.8222127  44.6953594  78.5426584
  76.8284483  44.9633125  77.1401394  75.1200000  45.8800000  75.4800000
  75.5164871  46.8701426  75.7059847  75.8880260  45.2875491  74.9832651
  74.2474573  45.9690354  74.8344868  75.2400000  42.8300000  76.1700000
  75.5100000  42.5300000  75.0200000  75.8300000  42.2700000  77.2200000
  75.5194372  42.5678666  78.1309913  76.9000000  41.2800000  77.1900000
  77.7868955  41.7351714  76.7464715  77.2000000  40.8900000  78.6400000
  77.4359759  41.7929422  79.2032390  76.3128436  40.4412157  79.0871186
  78.3500000  39.9400000  78.8000000  79.6800000  40.3200000  78.9200000
  80.0438801  41.2636270  78.8871077  80.3800000  39.2000000  79.0500000
  81.4577001  39.1569640  79.1380836  79.5700000  38.1300000  79.0400000
  79.8600346  37.1637936  79.1159387  78.2700000  38.5800000  78.8800000
  77.3746904  37.9762302  78.8153689  76.4800000  40.0700000  76.3400000
  77.1300000  39.7500000  75.3500000  75.3400000  39.4600000  76.6700000
  74.8230065  39.7809853  77.4773636  74.7600000  38.3400000  75.9200000
  75.5003250  37.5400426  75.8673458  73.5200000  37.7900000  76.6400000
  72.9282507  38.6158878  77.0286565  72.5900000  36.9400000  75.7800000
  71.8233825  36.4843304  76.4071089  72.0916981  37.5546033  75.0299349
  73.1601193  36.1540580  75.2861271  73.9800000  36.9800000  77.7100000
  73.2139431  36.6680811  78.1989914  74.4200000  38.7300000  74.4900000
  74.7900000  38.0100000  73.5600000  73.7400000  39.8600000  74.2600000
  73.4495046  40.4356307  75.0381791  73.4300000  40.3300000  72.9000000
  72.7685119  39.6045558  72.4242927  72.7100000  41.6800000  72.9400000
  71.7318332  41.5621179  73.3864671  73.2639070  42.3505770  73.5967273
  72.6000000  42.3500000  71.5800000  73.5800000  43.2800000  71.1900000
  74.3798007  43.5335706  71.8687343  73.5600000  43.8500000  69.9100000
  74.3195643  44.5636254  69.6246558  72.5400000  43.5100000  69.0100000
  72.5140272  43.9635241  68.0322066  71.5700000  42.5700000  69.3800000
  70.8138091  42.2913556  68.6638138  71.6000000  41.9800000  70.6500000
  70.8663310  41.2346914  70.8993374  74.6900000  40.4700000  72.0300000
  74.7300000  39.9900000  70.9000000  75.7100000  41.1400000  72.5700000
  75.6107675  41.5099784  73.5023821  76.9500000  41.4400000  71.8600000
  76.7042701  41.9352574  70.9190456  77.8100000  42.3900000  72.6900000
  77.9365365  41.9807367  73.6911256  78.7749294  42.4966976  72.2014445
  77.2400000  43.6800000  72.7800000  77.8151839  44.2283618  73.3192088
  77.7200000  40.1600000  71.5400000  78.2500000  40.0500000  70.4300000
  77.7200000  39.1500000  72.4300000  77.2691456  39.2790730  73.3255668
  78.2300000  37.8100000  72.1000000  79.2428885  37.9155796  71.7179479
  78.2600000  36.8900000  73.3300000  77.2652842  36.8700413  73.7769062
  78.4762083  35.8805353  72.9793500  79.2800000  37.2300000  74.4200000
  79.0288930  38.1876720  74.8623248  79.2300000  36.1800000  75.5300000
  79.9445704  36.4331529  76.3131674  78.2303224  36.1562083  75.9643284
  79.4705261  35.1943275  75.1294947  80.7200000  37.2900000  73.9000000
  81.3987215  37.5503148  74.7128533  81.0084667  36.3216512  73.4886190
  80.8229273  38.0397970  73.1206158  77.4100000  37.1700000  70.9700000
  77.9800000  36.6900000  69.9900000  76.0800000  37.1700000  71.0800000
  75.6494502  37.5938624  71.8899095  75.2100000  36.5100000  70.1100000
  75.4729425  35.4536008  70.0484904  73.7400000  36.6300000  70.5500000
  73.5276838  37.6526603  70.8600081  73.1170142  36.4179294  69.6800603
  73.3000000  35.6900000  71.6400000  74.2200000  35.0200000  72.4600000
  75.2824042  35.1731357  72.3720518  73.7600000  34.1200000  73.4300000
  74.4674726  33.6273960  74.0491608  72.4000000  33.8600000  73.5900000
  72.0547421  33.1539173  74.3300331  71.4900000  34.5300000  72.7700000
  70.4545673  34.3046803  72.8836667  71.9200000  35.4600000  71.8100000
  71.1971866  35.9605963  71.1824473  75.3500000  37.1000000  68.7100000
  75.4300000  36.3600000  67.7300000  75.4000000  38.4300000  68.6200000
  75.3440706  38.9867324  69.4603706  75.5400000  39.1100000  67.3500000
  74.8079435  38.6894080  66.6588886  75.1900000  40.5900000  67.5400000
  75.1681701  41.0886145  66.5715958  74.2033456  40.6813858  67.9967074
  75.9268269  41.0718504  68.1848747  76.9400000  38.8600000  66.7700000
  77.0200000  38.4700000  65.6100000  78.0200000  38.9700000  67.5700000
  77.8923187  39.2611069  68.5303229  79.3900000  38.7100000  67.1200000
  79.6452112  39.4238477  66.3393453  80.0684164  38.8735143  67.9550017
  79.6100000  37.2900000  66.5700000  80.2700000  37.1200000  65.5400000
  78.9800000  36.2700000  67.1600000  78.4222965  36.4223720  67.9895834
  79.0900000  34.9100000  66.6300000  80.1185216  34.7828024  66.2973937
  78.8300000  33.8800000  67.7300000  79.3877632  34.1675102  68.6206305
  77.7696368  33.9026681  67.9653113  79.2300000  32.4400000  67.3500000
  78.6583130  32.1218621  66.4799689  80.7200000  32.2600000  67.0800000
  80.9234707  31.2153487  66.8428966  81.0315404  32.8571921  66.2242038
  81.3050959  32.5378385  67.9561075  78.9000000  31.5200000  68.5200000
  79.1434822  30.4893266  68.2638259  79.4741176  31.8032743  69.4023260
  77.8387394  31.6091844  68.7458457  78.1900000  34.7000000  65.4100000
  78.6100000  34.0200000  64.4800000  76.9900000  35.3000000  65.3700000
  76.6916220  35.8683516  66.1509330  76.1000000  35.1800000  64.2300000
  75.9417914  34.1223365  64.0245416  74.7400000  35.8100000  64.5500000
  74.0654475  35.6587242  63.7067830  74.3010634  35.3543629  65.4343361
  74.8558630  36.8798715  64.7261930  76.7100000  35.7900000  62.9600000
  76.6800000  35.1400000  61.9200000  77.3400000  36.9700000  63.0700000
  77.3614979  37.4420141  63.9642361  78.0300000  37.6000000  61.9300000
  77.3215225  37.6133509  61.1006466  78.3800000  39.0700000  62.2400000
  77.4584544  39.5624295  62.5548509  79.4000000  39.2500000  63.3700000
  79.5613439  40.3130868  63.5523001  79.0126550  38.8095013  64.2743158
  80.3436961  38.7860690  63.1166694  78.8700000  39.8000000  60.9900000
  78.9913359  40.8617782  61.2083634  79.8284880  39.3968310  60.6617830
  78.1388982  39.6914350  60.1883022  79.2500000  36.7800000  61.4700000
  79.4700000  36.6300000  60.2700000  80.0200000  36.1700000  62.3800000
  79.8229656  36.2819283  63.3652609  81.1800000  35.3600000  62.0000000
  81.8068107  35.9339237  61.3179755  82.0200000  35.0000000  63.2300000
  82.3914683  35.9131642  63.6942419  81.3894960  34.4942961  63.9628969
  83.1900000  34.1000000  62.8900000  83.0100000  32.7000000  62.8000000
  82.0589431  32.2568020  63.0564398  84.0600000  31.8700000  62.3700000
  83.9071411  30.8038195  62.2901254  85.3000000  32.4300000  62.0300000
  86.1067318  31.7931016  61.6972335  85.5000000  33.8200000  62.1400000
  86.4586027  34.2493971  61.8870971  84.4500000  34.6500000  62.5600000
  84.6055024  35.7177178  62.6117885  80.7700000  34.0800000  61.2600000
  81.3200000  33.7400000  60.2100000  79.8000000  33.3600000  61.8300000
  79.3918055  33.6721012  62.7011286  79.2700000  32.1500000  61.2100000
  80.1012361  31.4676170  61.0235703  78.2700000  31.4400000  62.1500000
  77.5181132  32.1572699  62.4848817  77.5600000  30.3200000  61.3800000
  76.8809031  29.7816823  62.0343245  76.9620864  30.7258605  60.5646573
  78.3017072  29.6374400  60.9755752  79.0300000  30.8900000  63.3800000
  79.8055966  30.2019130  63.0419258  79.5328559  31.7106044  63.8883249
  78.1700000  30.1700000  64.4200000  77.8431440  29.2106532  64.0354094
  78.7645665  29.9878821  65.3152517  77.3060480  30.7824651  64.6816683
  78.6700000  32.5200000  59.8600000  78.9700000  31.8500000  58.8700000
  77.9200000  33.6300000  59.8100000  77.7487360  34.1516788  60.6576621
  77.3600000  34.1500000  58.5700000  76.6926516  33.4064436  58.1756233
  76.5600000  35.4400000  58.7800000  75.8480432  35.3148978  59.5930223
  77.2190275  36.2767088  59.0063633  75.7800000  35.7200000  57.5000000
  76.2800000  36.4400000  56.6200000  74.7200000  35.0800000  57.3800000
  74.3173725  35.2608502  56.5306695  78.4000000  34.3000000  57.4800000
  78.3100000  33.5900000  56.4800000  79.4500000  35.0700000  57.7400000
  79.4989627  35.5713279  58.6159804  80.5300000  35.2300000  56.7900000
  80.1493158  35.7676125  55.9203862  81.6200000  36.0700000  57.4400000
  81.2616925  37.0956680  57.5306460  81.8321059  35.6936899  58.4414690
  82.8900000  36.0400000  56.6200000  82.9200000  36.6800000  55.3700000
  82.0591818  37.2277447  55.0282422  84.0700000  36.5900000  54.5600000
  84.0968868  37.0815876  53.5980327  85.1900000  35.8800000  55.0200000
  86.0756352  35.8119415  54.4047001  85.1600000  35.2500000  56.2700000
  86.0238537  34.7037933  56.6191047  84.0100000  35.3200000  57.0700000
  83.9879514  34.8130122  58.0235729  81.1300000  33.9000000  56.3000000
  81.3400000  33.7200000  55.1000000  81.4200000  32.9600000  57.2200000
  81.2320849  33.1341478  58.1983837  82.0800000  31.7100000  56.8700000
  82.9754863  31.9675995  56.3037648  82.5100000  30.9700000  58.1500000
  83.2003796  31.6057040  58.7074561  81.6322655  30.7922109  58.7732464
  83.1900000  29.6200000  57.8500000  82.4753643  28.9566851  57.3631572
  84.4100000  29.7600000  56.9400000  84.9015753  28.7926833  56.8307421
  84.1175815  30.0942231  55.9464227  85.1167749  30.4722957  57.3665901
  83.6200000  28.9400000  59.1500000  84.0498521  27.9614740  58.9341064
  84.3597119  29.5524856  59.6669932  82.7530851  28.8038652  59.7975618
  81.2000000  30.8200000  55.9900000  81.6500000  30.2600000  54.9900000
  79.9300000  30.6800000  56.3600000  79.5846942  31.1570185  57.1824012
  79.0200000  29.8300000  55.6000000  79.5307031  28.9030587  55.3457482
  77.8200000  29.4800000  56.4600000  77.4407092  30.3936823  56.9212249
  77.0957824  29.0963050  55.7607030  77.9400000  28.4000000  57.5300000
  77.0818492  28.4835987  58.1986072  77.8700000  27.0300000  56.8600000
  77.9665713  26.2393589  57.6006220  76.9112335  26.9086373  56.3556124
  78.6763913  26.9194315  56.1348116  79.2100000  28.4900000  58.3700000
  79.2763302  27.6536785  59.0544729  80.0902107  28.4301053  57.7322267
  79.2325234  29.4152877  58.9336355  78.6000000  30.5000000  54.3000000
  78.4100000  29.8100000  53.2900000  78.5000000  31.8400000  54.2600000
  78.6604755  32.3661457  55.1063223  78.4000000  32.5700000  53.0100000
  77.5384958  32.1643344  52.4774587  78.1500000  34.0700000  53.2200000
  78.3480116  34.3691903  54.2422827  78.8370835  34.6331553  52.5869039
  76.7200000  34.4600000  52.8200000  76.5818965  34.3156640  51.7480367
  76.0220241  33.8100762  53.3491405  76.4100000  35.9000000  53.1800000
  77.2700000  36.7600000  53.0900000  75.1900000  36.2200000  53.5400000
  74.4552522  35.5289572  53.5548919  74.9885623  37.1886305  53.7443311
  79.6300000  32.2800000  52.1300000  79.4500000  31.7300000  51.0500000
  80.8700000  32.5300000  52.5600000  81.0305582  32.9361326  53.4697197
  82.0200000  32.3100000  51.6600000  81.8151332  32.9142723  50.7753634
  83.3500000  32.8200000  52.2800000  83.1181616  33.6387166  52.9635497
  84.1100000  31.7300000  53.0600000  84.9460063  32.1713870  53.6013806
  83.4579836  31.2821102  53.7977217  84.4933552  30.9591065  52.3901610
  84.2300000  33.3900000  51.1500000  84.5483790  32.5869929  50.4838300
  83.6464934  34.1057437  50.5694951  85.4700000  34.1300000  51.6800000
  85.1642676  34.9096939  52.3745752  86.1545343  33.4396417  52.1715531
  85.9930676  34.5946008  50.8435742  82.1200000  30.8500000  51.1800000
  82.4900000  30.6200000  50.0300000  81.7800000  29.8700000  52.0200000
  81.4774521  30.0969129  52.9575259  81.9500000  28.4500000  51.6700000
  82.8152699  28.3985388  51.0069690  82.3400000  27.6300000  52.9100000
  82.8126084  28.2892000  53.6386327  81.2100000  26.8700000  53.5900000
  81.5819101  26.3836399  54.4925461  80.4157721  27.5582895  53.8698678
  80.8159567  26.1139044  52.9119934  83.2800000  26.6400000  52.5700000
  82.8956048  26.0684552  51.9006985  80.7600000  27.9000000  50.8600000
  80.9500000  27.3800000  49.7600000  79.5200000  28.0600000  51.3400000
  79.3923302  28.5337368  52.2234873  78.3300000  27.4900000  50.6900000
  78.5843131  26.4985777  50.3103157  77.1800000  27.3500000  51.7100000
  77.4923589  27.7129207  52.6860471  76.3076115  27.9195990  51.3868135
  76.7100000  25.6200000  51.9200000  75.7828101  25.8340837  52.8755709
  77.8500000  28.3400000  49.5100000  77.5100000  27.8100000  48.4600000
  77.8000000  29.6600000  49.7000000  78.1132339  30.0586501  50.5751154
  77.2300000  30.5600000  48.6900000  76.2482853  30.1761217  48.4103045
  77.0300000  31.9600000  49.2800000  76.4418303  31.8978103  50.1968970
  77.9887616  32.3945782  49.5028617  76.3900000  32.9400000  48.3400000
  77.2100000  33.8600000  47.6600000  78.2775987  33.8685084  47.8234132
  76.6400000  34.7700000  46.7500000  77.2669152  35.4718319  46.2192891
  75.2600000  34.7500000  46.5200000  74.8238543  35.4438020  45.8158523
  74.4300000  33.8500000  47.2200000  73.3623059  33.8578001  47.0597916
  75.0000000  32.9300000  48.1200000  74.3693369  32.2213877  48.6366365
  78.1000000  30.6100000  47.4300000  77.5400000  30.6700000  46.3400000
  79.4300000  30.4900000  47.5500000  79.8389523  30.4238483  48.4721982
  80.3300000  30.3500000  46.3800000  80.1494197  31.1951191  45.7142670
  81.8200000  30.4000000  46.8100000  81.9741869  29.7023693  47.6334436
  82.8000000  30.0300000  45.6800000  83.8280094  30.1658967  46.0173878
  82.6756719  28.9831990  45.4030486  82.6229532  30.6573419  44.8056859
  82.1900000  31.8200000  47.2600000  83.2113254  31.8360639  47.6424845
  82.1139977  32.5084913  46.4199501  81.5186864  32.1516249  48.0525535
  80.0200000  29.0800000  45.5900000  79.9800000  29.1100000  44.3600000
  79.6900000  27.9800000  46.2600000  79.7036777  28.0007882  47.2707986
  79.3200000  26.7200000  45.6000000  80.0428897  26.5157838  44.8079357
  79.3800000  25.5900000  46.6000000  78.7558517  25.7958191  47.4692763
  79.1011888  24.6431992  46.1358100  80.7300000  25.5800000  46.9500000
  81.2329754  25.1704498  46.2408770  77.9400000  26.7700000  44.9600000
  77.7600000  26.2400000  43.8600000  76.9800000  27.4300000  45.6000000
  77.1834669  27.8410966  46.5012039  75.6700000  27.6800000  45.0200000
  75.2711913  26.7375529  44.6460666  74.7400000  28.2100000  46.1200000
  75.2160446  29.0703086  46.5917888  73.8131654  28.5556403  45.6588936
  74.4000000  27.1500000  47.1900000  75.3084356  26.7180346  47.6073058
  73.6300000  27.8400000  48.3000000  72.6781009  28.1686142  47.9024105
  73.4677467  27.1489712  49.1280927  74.1873823  28.7027018  48.6685487
  73.5200000  26.0300000  46.6300000  73.1938736  25.3767078  47.4393997
  72.6424392  26.4459484  46.1332426  74.0841146  25.4282655  45.9198293
  75.7600000  28.6300000  43.8300000  75.1700000  28.3500000  42.7900000
  76.5600000  29.7000000  43.9300000  77.0440076  29.8572339  44.8004195
  76.8600000  30.6100000  42.8200000  75.9177774  31.0307006  42.4676540
  77.7400000  31.7600000  43.3600000  77.2061412  32.2513942  44.1751089
  78.6551402  31.3336361  43.7695344  78.1300000  32.8300000  42.3200000
  78.6824712  32.3520179  41.5132472  76.9300000  33.5700000  41.7400000
  77.2640506  34.3995841  41.1133814  76.3355835  32.8901890  41.1256325
  76.3180580  33.9602345  42.5520917  79.0500000  33.8800000  42.9600000
  79.3849277  34.5935986  42.2059632  78.5234691  34.4123087  43.7533747
  79.9271996  33.3895080  43.3832737  77.5100000  29.8500000  41.6600000
  77.0900000  30.0000000  40.5200000  78.4700000  28.9600000  41.9300000
  78.7702886  28.8495783  42.8878216  79.0800000  28.0800000  40.9300000
  79.5367523  28.6918125  40.1512095  79.8647565  27.5070953  41.4203549
  78.1000000  27.0900000  40.2800000  78.2500000  26.7700000  39.1000000
  77.0900000  26.6200000  41.0000000  77.0147909  26.9034920  41.9677566
  76.0000000  25.8100000  40.4400000  76.4278728  25.0814654  39.7535466
  75.2600000  25.0600000  41.5600000  75.0190126  25.7656280  42.3550176
  74.3160639  24.6852971  41.1606279  76.0300000  23.8800000  42.1500000
  77.0109120  24.2089362  42.4884514  75.2600000  23.3400000  43.3500000
  75.7814260  22.4871717  43.7826501  75.1779058  24.1162181  44.1114617
  74.2593170  23.0287436  43.0483001  76.2300000  22.7400000  41.1400000
  76.6935017  21.8861918  41.6342930  75.2689966  22.4331615  40.7256575
  76.8869862  23.0602826  40.3328611  75.0100000  26.6600000  39.6200000
  74.6300000  26.2200000  38.5300000  74.6400000  27.8400000  40.1000000
  75.0161398  28.1388837  40.9876721  73.7300000  28.7700000  39.4200000
  72.7919087  28.2508415  39.2215415  73.4300000  29.9900000  40.3200000
  73.0103811  29.6406160  41.2644407  74.3585535  30.5206718  40.5362602
  72.4300000  30.9500000  39.6700000  71.3700000  30.4600000  39.2500000
  72.7400000  32.1700000  39.6300000  74.3200000  29.2300000  38.0900000
  73.6600000  29.1600000  37.0600000  75.6100000  29.5700000  38.0500000
  76.1537928  29.5863726  38.9011915  76.2500000  29.9700000  36.8000000
  75.5979989  30.7167960  36.3436838  77.5900000  30.6700000  37.0700000
  78.2871780  29.9527908  37.5064159  78.1100000  31.1500000  35.7100000
  78.9717937  31.7776188  35.8692692  78.3928442  30.3148601  35.0716918
  77.3473099  31.7397243  35.2003097  77.4700000  31.9100000  37.9900000
  77.1201559  32.7698204  37.4162176  76.7428436  31.7442980  38.7805345
  78.8200000  32.2500000  38.6500000  79.5467867  32.4805008  37.8810296
  78.7020690  33.1283133  39.2831365  79.1739943  31.4106679  39.2487812
  76.3500000  28.7900000  35.8000000  75.9600000  28.9500000  34.6500000
  76.7400000  27.5800000  36.2500000  77.0287777  27.4805948  37.2138057
  76.7000000  26.3500000  35.4100000  77.3443753  26.4961212  34.5408942
  77.2000000  25.1300000  36.2100000  76.7057308  25.1143784  37.1818082
  76.9221339  24.2171673  35.6805740  78.7200000  25.0900000  36.4100000
  79.2054823  25.0397239  35.4343551  79.0417978  25.9998035  36.9095959
  79.1400000  23.8700000  37.2400000  78.5552884  23.8380719  38.1607573
  78.9802967  22.9537045  36.6706581  80.6300000  24.0200000  37.6000000
  81.2172988  24.0120975  36.6802845  80.7754815  24.9865091  38.0865443
  81.1300000  22.9500000  38.5100000  80.6319420  22.9869756  39.3886445
  81.0139780  22.0466168  38.0746103  82.1121667  23.1090803  38.6989450
  75.2900000  26.0000000  34.9000000  75.1400000  25.1700000  34.0000000
  74.2600000  26.5600000  35.5300000  74.4571323  27.1852881  36.3004843
  72.8500000  26.4500000  35.1400000  72.7048657  25.5047135  34.6171803
  72.0300000  26.3900000  36.4300000  72.3467598  25.5342290  37.0281210
  72.2040683  27.2886706  37.0096942  70.5300000  26.2800000  36.1700000
  70.2681592  26.9662755  35.3667529  70.2840803  25.2639732  35.8615270
  69.7000000  26.6600000  37.4100000  69.2779974  25.7611792  37.8604102
  70.3255451  27.1618354  38.1496503  68.6200000  27.5500000  36.9800000
  68.1084360  27.2438894  36.1660466  68.5400000  28.8400000  37.2500000
  68.8800000  29.3100000  38.4100000  68.8075672  30.2979946  38.6120363
  69.2213507  28.6867197  39.1249217  68.0700000  29.6500000  36.3500000
  67.7820067  29.3030447  35.4507711  68.0006672  30.6367726  36.5526468
  72.4500000  27.5800000  34.1700000  71.7100000  27.2900000  33.2200000
  72.9400000  28.8100000  34.3500000  73.5306294  28.9785832  35.1528733
  72.7600000  29.9300000  33.4200000  71.6904301  30.0365038  33.2330651
  73.2600000  31.2500000  34.0500000  74.2741058  31.1294946  34.4309959
  73.2755455  32.0103698  33.2677967  72.3300000  31.7400000  35.1700000
  71.3007030  31.6716632  34.8143414  72.4152566  31.0906201  36.0380779
  72.5700000  33.1900000  35.6200000  73.5700000  33.8400000  35.3300000
  71.6000000  33.7900000  36.2800000  71.6860225  34.7626858  36.5219685
  70.7583492  33.2798897  36.5105316  73.4300000  29.6700000  32.0500000
  72.7700000  29.7900000  31.0200000  74.6800000  29.1800000  32.0300000
  75.1841020  29.0841089  32.9012756  75.3800000  28.7700000  30.7900000
  75.4863771  29.6373718  30.1371272  76.7700000  28.2300000  31.1300000
  76.6857657  27.5197264  31.9547587  77.1534857  27.6931626  30.2611120
  77.8000000  29.3100000  31.4800000  77.8238321  30.0487156  30.6769757
  77.5032242  29.8100051  32.4029788  79.2100000  28.7100000  31.6600000
  80.1800000  29.4700000  31.4300000  79.3000000  27.5100000  32.0200000
  74.6200000  27.6800000  30.0100000  74.6800000  27.6100000  28.7900000
  73.8600000  26.8400000  30.7200000  73.8321512  26.9523596  31.7235530
  73.0000000  25.8000000  30.1400000  73.4564545  25.4708049  29.2056418
  72.9600000  24.5700000  31.0700000  72.6667568  24.8875108  32.0717880
  72.2160686  23.8613654  30.7052199  74.3100000  23.8400000  31.1300000
  74.5767304  23.4869674  30.1328236  75.0817319  24.5320295  31.4670477
  74.2500000  22.6400000  32.0900000  73.8483878  22.9585815  33.0532745
  73.5998869  21.8729093  31.6673937  75.6600000  22.0700000  32.3000000
  76.1027818  21.8279556  31.3320549  76.2688312  22.8425511  32.7731375
  75.6600000  20.8600000  33.1600000  75.2859894  20.0725695  32.6460974
  76.6093314  20.6472656  33.4418963  75.0986033  21.0348112  33.9838373
  71.5900000  26.3000000  29.7600000  70.7700000  25.4700000  29.3700000
  71.2900000  27.6000000  29.8900000  72.0223909  28.2253705  30.1959028
  69.9700000  28.2200000  29.6800000  69.9991499  29.1996186  30.1584183
  69.7200000  28.4600000  28.1600000  69.8751238  27.5254985  27.6188486
  68.6777524  28.7452821  28.0133049  70.5600000  29.5700000  27.5300000
  70.6800000  30.6800000  28.0600000  71.1300000  29.3400000  26.3700000
  71.0185192  28.4449420  25.9191132  71.6738122  30.0671039  25.9302228
  68.8200000  27.4400000  30.3800000  67.8600000  27.0300000  29.7500000
  68.8800000  27.2200000  31.7100000  69.6794633  27.5614010  32.2279948
  67.7800000  26.5800000  32.4800000  67.0445614  26.1805358  31.7838796
  68.3000000  25.3900000  33.2800000  69.0328991  25.7549592  33.9896463
  67.4693145  24.9536371  33.8380309  68.9500000  24.2900000  32.4200000
  68.2090350  23.8813142  31.7313315  69.7862994  24.6981527  31.8530625
  69.4700000  23.1800000  33.3400000  70.2389399  23.5896731  33.9965892
  68.6443556  22.8314840  33.9452260  70.0300000  22.0300000  32.6000000
  70.2906522  22.2017668  31.6404968  70.1800000  20.8000000  33.0700000
  69.8600000  20.4800000  34.2900000  69.9645846  19.5302384  34.6110294
  69.4449820  21.1744114  34.8949430  70.6600000  19.8600000  32.3100000
  70.7459012  18.9196837  32.6663836  70.8840588  20.0559429  31.3464216
  67.0200000  27.5800000  33.3700000  67.6200000  28.5400000  33.8400000
  65.7300000  27.3600000  33.6100000  65.3066668  26.5304751  33.2170558
  64.8500000  28.2600000  34.3900000  65.0369305  29.2829406  34.0649091
  63.3700000  27.9100000  34.1000000  63.2428541  26.8332255  34.2225197
  62.7372850  28.3999956  34.8417330  62.8800000  28.3200000  32.7000000
  63.5917910  27.9765032  31.9480772  61.5100000  27.7200000  32.3900000
  61.1945376  28.0027901  31.3849299  61.5625761  26.6424479  32.4386791
  60.7683900  28.0643631  33.1121283  62.6900000  29.8300000  32.5700000
  62.4343026  30.0863291  31.5417434  61.8849044  30.1533791  33.2271968
  63.5997169  30.3559735  32.8440046  65.1600000  28.2100000  35.9000000
  65.7400000  27.2300000  36.3700000  64.8200000  29.2700000  36.6400000
  64.3670375  30.0534549  36.1889314  65.3100000  29.4900000  38.0200000
  66.3566337  29.2737274  38.0295715  65.1800000  30.9800000  38.4100000
  65.5622854  31.5897244  37.5904868  64.1258273  31.2266137  38.5477643
  65.9700000  31.3600000  39.6700000  67.0200000  30.7400000  39.9600000
  65.5000000  32.2600000  40.3900000  64.7400000  28.5400000  39.0600000
  65.4700000  27.7500000  39.6600000  63.4200000  28.5600000  39.2200000
  62.8689882  29.2154238  38.6857758  62.7200000  27.7000000  40.1900000
  63.3294088  27.6349093  41.0931638  61.3800000  28.3700000  40.5800000
  60.8035493  28.5364134  39.6680778  60.5500000  27.4800000  41.5100000
  59.6279729  27.9822664  41.7992331  60.2731331  26.5574097  40.9997769
  61.1242662  27.2368066  42.4053188  61.6600000  29.7500000  41.2500000
  62.1338158  29.5957005  42.2206889  62.3506724  30.3277136  40.6370756
  60.4200000  30.6300000  41.4300000  59.7834850  30.2295574  42.2189656
  60.7307597  31.6371124  41.7119762  59.8581866  30.6801789  40.4962784
  62.5700000  26.2700000  39.6400000  62.6100000  25.3000000  40.3800000
  62.4200000  26.1300000  38.3100000  62.4298180  26.9583982  37.7331363
  62.2400000  24.8400000  37.6300000  62.0536067  24.0689409  38.3777585
  60.9900000  24.8800000  36.7400000  61.0960700  25.6789172  36.0034340
  60.9167699  23.9367306  36.1974735  59.7000000  25.0700000  37.5200000
  59.1600000  24.0100000  38.2700000  59.6550718  23.0498986  38.2868427
  57.9700000  24.1900000  38.9900000  57.5598302  23.3719500  39.5637925
  57.3200000  25.4300000  38.9800000  56.4071063  25.5668878  39.5413108
  57.8600000  26.5000000  38.2400000  57.3592365  27.4569771  38.2302533
  59.0400000  26.3200000  37.5100000  59.4506823  27.1466539  36.9486230
  63.5100000  24.4200000  36.8800000  63.5700000  24.4400000  35.6500000
  64.5200000  23.9800000  37.6400000  64.3855241  23.9828658  38.6421567
  65.8700000  23.6500000  37.1700000  66.3229305  24.5630165  36.7812503
  66.7100000  23.1600000  38.3600000  66.4256848  22.1346963  38.5998697
  67.7644049  23.1713750  38.0828460  66.4700000  24.1700000  39.8500000
  67.7481005  24.4945440  40.0332910  65.9400000  22.5600000  36.0700000
  66.9900000  22.3500000  35.4700000  64.8400000  21.8400000  35.8400000
  64.0148323  22.0474720  36.3832864  64.7300000  20.7700000  34.8500000
  65.7080466  20.3037294  34.7265638  63.7800000  19.7000000  35.3900000
  62.8019193  20.1432907  35.5807171  63.6729683  18.8948131  34.6621156
  64.4600000  19.0300000  36.9400000  65.3838387  18.2488539  36.3707530
  64.2900000  21.2800000  33.4600000  64.5200000  20.6000000  32.4700000
  63.6900000  22.4700000  33.3800000  63.5603437  23.0064756  34.2271173
  63.2000000  23.0500000  32.1300000  62.9828273  22.2362295  31.4361724
  61.8800000  23.8200000  32.3400000  62.0885277  24.6795431  32.9722448
  61.2900000  24.2800000  30.9900000  60.3483917  24.8053653  31.1546043
  61.9761889  24.9625650  30.4886149  61.1076836  23.4190849  30.3454347
  60.8100000  22.9800000  33.0400000  59.8901026  23.5574557  33.1388561
  60.6059718  22.0767371  32.4637347  61.1403738  22.6991332  34.0395730
  64.2800000  23.9400000  31.5100000  64.7800000  24.8800000  32.1400000
  64.6400000  23.6300000  30.2600000  64.1854893  22.8435220  29.8170767
  65.5700000  24.4200000  29.4300000  66.3087523  24.8760380  30.0888416
  66.3200000  23.4700000  28.4700000  66.5549363  22.5537502  29.0151644
  65.6695815  23.2057870  27.6344537  67.6500000  24.0400000  27.9300000
  67.4559382  24.9117630  27.3051309  68.2751623  24.3373148  28.7727054
  68.3900000  22.9700000  27.1100000  68.4899439  22.0667240  27.7125327
  67.8055390  22.7360980  26.2190341  69.7400000  23.4200000  26.7000000
  69.9749606  24.3773322  26.9204343  70.6500000  22.7200000  26.0400000
  70.4600000  21.4800000  25.6800000  69.5726073  21.0386551  25.8628004
  71.1606268  21.0046230  25.1325466  71.7800000  23.2700000  25.7500000
  71.9000917  24.2642323  25.8782453  72.4522188  22.7723300  25.1893575
  64.8000000  25.5300000  28.7100000  63.8000000  25.2600000  28.0500000
  65.2300000  26.7800000  28.8800000  66.0346241  26.9331209  29.4679920
  64.7600000  27.9200000  28.1200000  63.6695446  27.9230273  28.1047394
  65.1050181  28.8321378  28.6077270  65.2900000  27.9000000  26.6800000
  66.1900000  27.1300000  26.3600000  64.7200000  28.7600000  25.8300000
  63.9892668  29.3731224  26.1581174  65.1300000  28.8900000  24.4400000
  65.0159172  27.9126738  23.9676129  64.1700000  29.8600000  23.7400000
  64.4166887  29.9132694  22.6789182  63.1425253  29.5110058  23.8481633
  64.2630377  30.8559865  24.1758540  66.6000000  29.3300000  24.2900000
  67.0700000  30.2300000  24.9800000  67.3100000  28.6900000  23.3600000
  66.8679205  27.9585587  22.8237181  68.6900000  29.0300000  23.0100000
  69.2324033  29.2941836  23.9187157  69.3900000  27.8100000  22.3800000
  68.7325738  27.3438047  21.6440665  70.3007798  28.1390212  21.8779945
  69.8000000  26.7800000  23.4500000  70.4538480  27.2726778  24.1720902
  68.9070387  26.4467629  23.9813360  70.5200000  25.5400000  22.9000000
  71.1700000  24.8800000  23.7400000  70.3900000  25.2300000  21.7000000
  68.7600000  30.2400000  22.0600000  68.7600000  30.1000000  20.8400000
  68.8700000  31.4400000  22.6400000  68.8099376  31.5058108  23.6455001
  69.3200000  32.6300000  21.9100000  69.0380135  32.5276457  20.8617120
  68.6400000  33.9200000  22.4300000  68.7003694  33.9424507  23.5193935
  69.1967074  34.7775730  22.0490682  67.1800000  34.0900000  21.9900000
  66.8500000  33.6200000  20.8800000  66.4200000  34.7700000  22.7200000
  70.8500000  32.7200000  21.9600000  71.4600000  32.8400000  23.0300000
  71.4800000  32.6600000  20.7800000  70.9145821  32.5684635  19.9479244
  72.9400000  32.5700000  20.6000000  73.3185092  31.7617108  21.2264870
  73.1385416  32.3057026  19.5613781  73.7300000  33.8400000  20.9300000
  74.9100000  33.9400000  20.5800000  73.1200000  34.8300000  21.6000000
  72.1559672  34.7211673  21.8839017  73.8500000  36.0100000  22.0600000
  74.5541876  36.2859725  21.2734661  72.9600000  37.2500000  22.2600000
  73.5661360  38.0608911  22.6656450  72.3600000  37.7000000  20.9200000
  71.7922792  38.6194797  21.0660608  73.1583841  37.8925414  20.2032293
  71.6960859  36.9320094  20.5210758  71.8800000  37.0000000  23.1300000
  72.2368857  36.6550091  23.9521083  74.6600000  35.6700000  23.3000000
  74.1600000  35.4400000  24.4000000  75.9800000  35.6600000  23.0900000
  76.3102527  35.8068082  22.1466063  76.9800000  35.7400000  24.1400000
  77.0802322  34.7590485  24.6059824  78.3400000  36.1400000  23.5500000
  79.0295276  36.4099570  24.3505569  78.7481005  35.2831639  23.0128669
  78.2200000  37.2100000  22.6400000  78.1566565  38.0388418  23.1355199
  76.5400000  36.7600000  25.2000000  76.1300000  37.8800000  24.8900000
  76.6500000  36.3700000  26.4700000  76.9879094  35.4411881  26.6780236
  76.3500000  37.2500000  27.6000000  75.3536300  37.6720580  27.4616874
  76.3600000  36.4600000  28.9300000  77.3439694  36.0127235  29.0796463
  76.0300000  37.3400000  30.1400000  76.0519047  36.7412496  31.0515720
  76.7701382  38.1335755  30.2420276  75.0417503  37.7848282  30.0246860
  75.3100000  35.3300000  28.9100000  75.5464025  34.6061412  28.1298861
  75.3101219  34.8040049  29.8657707  74.3161752  35.7394808  28.7267191
  77.3700000  38.3800000  27.5900000  78.4600000  38.2600000  28.1300000
  77.0300000  39.4900000  26.9400000  76.1507889  39.5171860  26.4425822
  77.8100000  40.7200000  27.0200000  78.8639611  40.4498795  26.9413891
  77.4500000  41.6700000  25.8500000  76.7509126  41.1476336  25.1956973
  76.9443777  42.5613994  26.2240595  78.6900000  42.0900000  25.0300000
  79.1209572  42.9927183  25.4647917  79.4444574  41.3045542  25.0859492
  78.4100000  42.3200000  23.5400000  77.3000000  42.2600000  23.0500000
  79.4400000  42.5900000  22.7500000  80.3721414  42.6431607  23.1343914
  79.2769405  42.7516690  21.7680393  77.5800000  41.3300000  28.4100000
  76.4400000  41.4300000  28.8900000  78.6800000  41.6900000  29.0700000
  79.5795618  41.5238036  28.6409530  78.6800000  42.4300000  30.3200000
  78.0827524  41.8885407  31.0554217  80.1200000  42.5100000  30.8400000
  80.7687331  42.9681407  30.0920982  80.1470875  43.1089998  31.7509584
  80.4853828  41.5077019  31.0685954  78.0500000  43.8000000  30.0700000
  78.6600000  44.6800000  29.4800000  76.7800000  43.9600000  30.4700000
  76.2995380  43.1916610  30.9130079  76.1100000  45.2500000  30.4400000
  76.5812098  45.8692635  29.6754447  74.6400000  45.1300000  30.0100000
  74.1824488  46.1190376  30.0436414  74.6106651  44.7781374  28.9781586
  73.8700000  44.2400000  30.8000000  73.8214936  44.6091527  31.6854552
  76.3200000  45.9400000  31.7800000  75.9800000  45.4000000  32.8400000
  76.9000000  47.1400000  31.7400000  77.1920693  47.5200476  30.8508587
  77.0300000  47.9900000  32.9300000  77.6592288  47.4795277  33.6602677
  77.7000000  49.3400000  32.5600000  77.1537323  49.7893428  31.7293541
  77.5940216  50.0051300  33.4140403  79.2000000  49.2500000  32.1800000
  79.7258045  48.7211332  32.9762696  79.2982639  48.6667082  31.2637623
  79.8900000  50.6300000  31.9700000  81.1500000  50.7200000  31.8900000
  79.1700000  51.6600000  31.9400000  75.6300000  48.2200000  33.5500000
  74.6700000  48.5400000  32.8500000  75.4900000  48.0400000  34.8700000
  76.2863331  47.7704781  35.4277464  74.2200000  48.3600000  35.5500000
  73.4125833  47.8645390  35.0090757  74.2000000  47.8300000  36.9900000
  73.2242582  48.0352520  37.4311688  74.3580505  46.7513367  36.9817980
  75.2000000  48.4400000  37.7900000  76.0633469  48.1333444  37.5030046
  73.9600000  49.8700000  35.5200000  74.8900000  50.6700000  35.5500000
  72.6800000  50.2800000  35.5200000  71.9390136  49.5942832  35.5035587
  72.3200000  51.7100000  35.5100000  72.6742023  52.1419168  34.5726891
  70.7900000  51.8100000  35.5300000  70.3725933  51.2642614  34.6830371
  70.4040542  51.3847728  36.4576475  70.2900000  53.5500000  35.4200000
  71.0047774  53.9817756  36.4534762  72.9800000  52.4900000  36.6700000
  73.5100000  53.5800000  36.4800000  73.0200000  51.8600000  37.8600000
  72.5771571  50.9574565  37.9478193  73.7100000  52.3800000  39.0400000
  73.3390184  53.3863713  39.2302969  73.3600000  51.4900000  40.2500000
  73.5711835  50.4508597  39.9906052  74.0160139  51.7603966  41.0799597
  71.9000000  51.6100000  40.7300000  71.2292050  51.3900200  39.8989025
  71.6100000  50.6200000  41.8500000  70.5319364  50.5487918  42.0000809
  71.9896988  49.6306112  41.5935189  72.0579388  50.9710155  42.7775118
  71.5800000  53.0000000  41.2900000  70.5727651  53.0098890  41.7081575
  72.2924412  53.2698071  42.0705287  71.6187453  53.7463792  40.4976659
  75.2300000  52.5100000  38.8400000  75.7900000  53.5400000  39.1900000
  75.9000000  51.5400000  38.2000000  75.4104301  50.7117482  37.8916788
  77.3200000  51.6900000  37.8400000  77.8575755  51.9465377  38.7345732
  77.8900000  50.3700000  37.2600000  77.7262147  49.5545381  37.9614026
  77.3336730  50.1185061  36.3573170  79.3700000  50.4200000  36.9100000
  79.7700000  50.6200000  35.5800000  79.0313281  50.7540347  34.8089167
  81.1300000  50.6700000  35.2400000  81.4245219  50.8373870  34.2217577
  82.1200000  50.5900000  36.2400000  83.1663043  50.6679170  35.9830247
  81.7300000  50.4000000  37.5700000  82.4708683  50.3051155  38.3441361
  80.3700000  50.2600000  37.8900000  80.1141788  50.0348422  38.9034145
  77.5600000  52.8600000  36.9000000  78.4700000  53.6600000  37.1500000
  76.7200000  53.0200000  35.8900000  75.9765187  52.3474428  35.7547516
  76.8300000  54.1200000  34.9400000  77.8433608  54.1049355  34.5340256
  75.8500000  53.8500000  33.7900000  75.9294986  52.8004897  33.4980461
  74.8284291  54.0421789  34.1202817  76.1700000  54.7100000  32.5700000
  76.0427763  55.7649051  32.8159841  77.2009019  54.5320526  32.2606073
  75.2300000  54.3400000  31.4200000  75.3533851  53.2805051  31.1897554
  74.1994975  54.5157259  31.7319026  75.5100000  55.1300000  30.2100000
  76.2299563  55.8308282  30.2946602  74.9100000  55.0100000  29.0400000
  73.9900000  54.1100000  28.8200000  73.7072393  53.4888484  29.5622820
  73.5697689  54.0283250  27.9078410  75.2300000  55.7900000  28.0400000
  74.7831337  55.6758047  27.1429835  75.9314671  56.5037532  28.1679002
  76.6100000  55.4900000  35.6100000  77.3200000  56.4400000  35.2700000
  75.7000000  55.5900000  36.5800000  75.1456527  54.7780530  36.8150044
  75.4900000  56.8000000  37.3800000  75.3074718  57.6305841  36.6969440
  74.2300000  56.6300000  38.2500000  73.3600184  56.5353456  37.5987008
  74.3105772  55.7090946  38.8272792  74.0100000  57.7900000  39.2100000
  74.4100000  57.6800000  40.5600000  74.8553595  56.7677309  40.9281256
  74.2300000  58.7700000  41.4300000  74.5367991  58.6902114  42.4628653
  73.6600000  59.9600000  40.9600000  73.5272076  60.7961165  41.6308917
  73.2700000  60.0700000  39.6200000  72.8401842  60.9936562  39.2603234
  73.4400000  58.9900000  38.7400000  73.1416355  59.0844536  37.7059279
  76.7000000  57.1700000  38.2500000  77.1500000  58.3200000  38.2100000
  77.2700000  56.1900000  38.9600000  76.8602304  55.2660208  38.9387730
  78.4900000  56.3800000  39.7500000  78.3008407  57.1928030  40.4410974
  78.8100000  55.1400000  40.6100000  78.4912752  54.2349919  40.0924954
  79.8888495  55.0764826  40.7604922  78.1400000  55.2300000  41.9700000
  78.8500000  55.7500000  43.0700000  79.9000745  55.9878150  42.9781285
  78.1800000  56.0000000  44.2800000  78.7172484  56.4169114  45.1184587
  76.8000000  55.7700000  44.3800000  76.2807888  56.0342773  45.2885822
  76.1000000  55.1900000  43.3100000  75.0393065  55.0025056  43.3889352
  76.7800000  54.9100000  42.1100000  76.2212934  54.5230149  41.2798983
  79.6600000  56.8200000  38.8600000  80.2000000  57.9100000  39.0500000
  79.9800000  56.0300000  37.8300000  79.4501116  55.1796638  37.7009057
  81.1300000  56.2400000  36.9300000  82.0297696  56.2425454  37.5399337
  81.1900000  55.0400000  35.9700000  81.2140918  54.1225884  36.5612188
  80.2824111  55.0301150  35.3634021  82.4100000  55.0500000  35.0400000
  82.4108269  55.9524993  34.4298520  83.3268948  55.0216475  35.6284086
  82.3500000  53.8300000  34.1200000  82.3875183  52.9408491  34.7425253
  81.4063546  53.8400810  33.5714247  83.5000000  53.7600000  33.1200000
  83.4835390  54.6572779  32.4995663  84.4475290  53.7184793  33.6589507
  83.3600000  52.5500000  32.2500000  84.0961076  52.5241564  31.5596988
  83.3922583  51.7126853  32.8137286  82.4654015  52.5665925  31.7745264
  81.0900000  57.5600000  36.1700000  82.1300000  58.2200000  36.0800000
  79.9400000  57.9400000  35.6100000  79.1224870  57.3590853  35.7323999
  79.8500000  59.0600000  34.6600000  80.8429661  59.2599391  34.2539318
  78.9500000  58.6700000  33.4800000  77.9426737  58.4724584  33.8450955
  78.8823779  59.5237206  32.8041985  79.4300000  57.4800000  32.6600000
  80.4800000  56.9000000  32.8400000  78.6400000  57.0800000  31.6900000
  78.9264937  56.3029434  31.1136870  77.7703607  57.5595740  31.5191619
  79.3500000  60.3700000  35.2800000  79.5800000  61.4200000  34.6900000
  78.6400000  60.3300000  36.4200000  78.4774977  59.4401197  36.8714918
  78.0400000  61.5300000  37.0100000  78.2983086  62.3997814  36.4064727
  76.5100000  61.4200000  36.9900000  76.1782598  61.1619564  35.9835451
  76.1814087  60.6416948  37.6782911  75.9200000  62.6400000  37.3600000
  76.0822273  63.2833441  36.6653918  78.5600000  61.8100000  38.4200000
  79.1400000  62.8700000  38.6800000  78.3900000  60.8600000  39.3400000
  77.9413865  59.9910497  39.0842398  78.6400000  61.1000000  40.7600000
  78.1835981  62.0538962  41.0286995  77.9100000  60.0000000  41.5500000
  76.8537671  60.0149996  41.2796655  78.3141697  59.0434105  41.2407335
  78.0200000  60.0900000  43.0500000  78.9300000  59.2600000  43.7300000
  79.5705272  58.5885592  43.1785394  78.9900000  59.2900000  45.1400000
  79.6635103  58.6336601  45.6718993  78.1500000  60.1600000  45.8500000
  78.1600000  60.1400000  47.2100000  77.5549909  60.7778808  47.5932061
  77.2700000  61.0300000  45.1700000  76.6324705  61.7032648  45.7236515
  77.2000000  60.9900000  43.7700000  76.5063196  61.6314884  43.2458442
  80.1400000  61.1900000  41.1000000  80.5700000  62.1500000  41.7400000
  80.9600000  60.2500000  40.6000000  80.5731942  59.5026656  40.0423875
  82.4100000  60.2500000  40.8400000  82.5467631  60.3367470  41.9121699
  83.1000000  58.9400000  40.4000000  83.1421166  58.8608954  39.3178151
  84.1272326  58.9565079  40.7646487  82.4600000  57.7700000  40.9000000
  81.6376002  57.6572004  40.4149332  83.1200000  61.4800000  40.2700000
  83.8500000  62.1300000  41.0300000  82.9000000  61.8900000  39.0100000
  82.2100000  61.1600000  37.9500000  81.1615787  61.4467297  37.9373995
  82.2936928  60.0827082  38.0337847  82.8800000  61.6300000  36.6600000
  82.2150246  61.5429715  35.8005481  83.7984985  61.0640654  36.4966716
  83.2200000  63.0800000  36.9700000  82.3479147  63.7007778  36.7571966
  84.0769062  63.4248945  36.3902009  83.5200000  63.0900000  38.4700000
  84.5994835  63.0151482  38.6111065  83.0100000  64.3900000  39.1300000
  83.7800000  65.3400000  39.2500000  81.7400000  64.4500000  39.5500000
  81.1360720  63.6481198  39.4275599  81.1800000  65.6400000  40.2000000
  81.4116737  66.5014377  39.5739725  79.6500000  65.4900000  40.2900000
  79.2551082  65.3516660  39.2832777  79.4193998  64.5970799  40.8735899
  78.9300000  66.7000000  40.9300000  79.3489612  66.9070679  41.9148169
  79.0600000  67.9500000  40.0600000  78.5011298  68.7712462  40.5099654
  80.1044321  68.2506908  39.9886654  78.6689654  67.7568728  39.0608469
  77.4500000  66.3900000  41.1100000  76.9342027  67.2540601  41.5305606
  76.9989929  66.1318539  40.1505824  77.3337929  65.5492408  41.7949168
  81.7800000  65.8800000  41.5800000  82.1600000  67.0100000  41.9000000
  81.8800000  64.8200000  42.3900000  81.5702310  63.9229411  42.0403332
  82.3000000  64.8600000  43.7800000  81.6771746  65.5824737  44.3059122
  82.0800000  63.4600000  44.3800000  81.0271366  63.1911684  44.2770161
  82.6631664  62.7434102  43.7978894  82.4800000  63.3300000  45.8500000
  83.5022852  63.6794822  45.9889169  81.5500000  64.1400000  46.7500000
  81.5737253  65.1939927  46.4758325  80.5277820  63.7661219  46.6778714
  81.8986294  64.0527890  47.7774320  82.4300000  61.8600000  46.2800000
  82.7526610  61.7682302  47.3165222  81.4178532  61.4653252  46.1776617
  83.1099168  61.2744824  45.6619239  83.7700000  65.2800000  43.9200000
  84.1300000  66.0700000  44.7900000  84.6200000  64.7600000  43.0400000
  84.2536244  64.1273930  42.3412053  86.0700000  64.9700000  43.0600000
  86.3747095  65.1241343  44.0937154  86.7500000  63.6900000  42.5600000
  86.3162398  63.4182725  41.5959813  87.8139215  63.8761081  42.4065771
  86.5900000  62.5200000  43.5600000  85.5441682  62.4170955  43.8515236
  87.0100000  61.2200000  42.8900000  86.8591459  60.3840553  43.5736581
  86.3954526  61.0661656  42.0026728  88.0596487  61.2760509  42.6008195
  87.4400000  62.7100000  44.8200000  87.3687944  61.8231948  45.4503819
  88.4815516  62.8714151  44.5436533  87.0818680  63.5609373  45.3974773
  86.5000000  66.2400000  42.3200000  87.6900000  66.5400000  42.2700000
  85.5600000  67.0200000  41.7900000  84.5947096  66.7328552  41.8735979
  85.8200000  68.2800000  41.1000000  86.5332533  68.0662273  40.3021794
  84.5000000  68.7600000  40.4600000  83.9986092  67.8910688  40.0324113
  83.8487480  69.1854718  41.2257773  84.7100000  69.7800000  39.3300000
  84.9929938  70.7431098  39.7538555  85.5119466  69.4321529  38.6769308
  83.4300000  69.9200000  38.5000000  83.1741843  68.9472886  38.0757974
  82.6073746  70.2462479  39.1350683  83.6400000  70.9200000  37.3500000
  83.8913613  71.8976967  37.7646272  84.4768802  70.5764677  36.7390746
  82.4300000  71.0400000  36.4900000  82.1712345  70.1259231  36.1432219
  81.6609277  71.4195878  37.0246563  82.6267593  71.6526100  35.7097226
  86.4400000  69.3100000  42.0500000  86.0100000  69.4500000  43.2000000
  87.4200000  70.0800000  41.5600000  87.7115124  69.9244382  40.6061933
  88.2800000  70.9500000  42.3700000  88.8616382  70.3093052  43.0326901
  89.2600000  71.7100000  41.4600000  88.7169192  72.1259272  40.6093560
  89.6840994  72.5439700  42.0213665  90.4400000  70.8600000  40.9600000
  90.7500000  69.8200000  41.6000000  91.0600000  71.2700000  39.9500000
  87.5500000  71.9500000  43.2900000  88.0800000  72.2600000  44.3600000
  86.3600000  72.4300000  42.9300000  85.9616517  72.1405899  42.0494703
  85.5600000  73.3200000  43.7800000  86.2371789  73.9296680  44.3804429
  84.7500000  74.2800000  42.9000000  84.3069360  75.0425955  43.5416561
  85.4260639  74.7878920  42.2104532  83.6500000  73.6300000  42.1200000
  83.7700000  73.1000000  40.8800000  84.6763592  73.0903702  40.2922020
  82.5600000  72.5600000  40.5000000  82.4207369  72.1086415  39.6087970
  81.5900000  72.7400000  41.4600000  80.2300000  72.4000000  41.5100000
  79.7589347  71.8835352  40.6872127  79.4900000  72.7500000  42.6500000
  78.4345384  72.5233971  42.6999127  80.1200000  73.4000000  43.7300000
  79.5465151  73.6496882  44.6103308  81.4900000  73.7100000  43.6700000
  81.9568511  74.2184894  44.5010176  82.2600000  73.4100000  42.5200000
  84.6300000  72.5700000  44.7500000  84.3000000  73.1100000  45.8000000
  84.2100000  71.3400000  44.4400000  84.5210236  70.9157532  43.5778657
  83.3500000  70.5500000  45.3300000  82.5621542  71.2040224  45.7025789
  82.6800000  69.4100000  44.5400000  82.1780217  69.8278118  43.6672623
  83.4472756  68.7216292  44.1841692  81.6600000  68.6200000  45.3700000
  81.2573853  67.8211431  44.7478440  82.1817751  68.1511790  46.2044392
  80.2600000  69.5700000  46.0400000  79.3500000  69.9400000  44.5200000
  78.4912297  70.5679944  44.7538943  80.0034078  70.4598265  43.8232511
  79.0066286  69.0105779  44.0655265  84.1500000  70.0200000  46.5300000
  83.7000000  70.0900000  47.6700000  85.3900000  69.5900000  46.2900000
  85.7159160  69.5878097  45.3325623  86.3000000  69.0500000  47.3100000
  85.8507361  68.1297737  47.6848891  87.6300000  68.6700000  46.6800000
  88.0108646  69.5162142  46.1065650  88.3320418  68.4531689  47.4834284
  87.5400000  67.4400000  45.7700000  87.3438654  66.5461680  46.3622845
  86.7391001  67.5652188  45.0419989  88.8700000  67.2900000  45.0200000
  88.8318178  66.3796562  44.4233409  89.0034034  68.1456361  44.3556848
  90.0100000  67.1800000  45.9300000  89.7966206  66.8916917  46.8729835
  91.2800000  67.2700000  45.6100000  91.6700000  67.6200000  44.4100000
  92.6501919  67.6756469  44.1890665  90.9839216  67.8540361  43.7053641
  92.1900000  67.0000000  46.4900000  91.9219046  66.7032375  47.4172542
  93.1645403  67.0330394  46.2385355  86.5400000  69.9600000  48.5300000
  86.5500000  69.4000000  49.6200000  86.7900000  71.2800000  48.4200000
  87.1800000  72.0000000  47.2200000  86.4825731  71.8438874  46.4057728
  88.1793636  71.6809073  46.9238225  87.2200000  73.4800000  47.6000000
  86.2203766  73.9097591  47.5378829  87.9098554  74.0402155  46.9758731
  87.6700000  73.4300000  49.0500000  87.3845034  74.3310533  49.5948607
  88.7512971  73.2876577  49.0911003  86.9700000  72.1800000  49.5700000
  87.6403711  71.7156208  50.2867329  85.6500000  72.5500000  50.2600000
  85.6300000  72.6400000  51.4900000  84.5500000  72.7400000  49.5300000
  84.5859245  72.6603064  48.5231909  83.2500000  73.0500000  50.1700000
  83.4463801  73.8294665  50.9081458  82.2000000  73.6500000  49.2000000
  81.4382529  74.1182136  49.8256602  82.8300000  74.7700000  48.3500000
  82.0678967  75.2840154  47.7662926  83.2958131  75.5023826  49.0101003
  83.5896779  74.3794837  47.6856710  81.4700000  72.5900000  48.3500000
  82.2013284  72.0799653  47.7315117  80.9956198  71.8609079  49.0051288
  80.3700000  73.1200000  47.4400000  80.7983116  73.7465390  46.6595634
  79.8476216  72.2869443  46.9726461  79.6552398  73.7010649  48.0233385
  82.7400000  71.8300000  50.9500000  82.2700000  71.9800000  52.0800000
  82.8900000  70.6300000  50.3700000  83.2953728  70.5933138  49.4456202
  82.4200000  69.3600000  50.9300000  81.4153914  69.5494608  51.2957716
  82.2700000  68.2700000  49.8600000  81.8489500  68.7207506  48.9604037
  83.5900000  67.5800000  49.5100000  83.4619169  66.9895460  48.6025200
  84.3514976  68.3261456  49.3351520  83.9120807  66.9241722  50.3191288
  81.3100000  67.1700000  50.3200000  81.1347411  66.4901244  49.4874568
  81.7208608  66.6180688  51.1655058  80.3554906  67.6099354  50.6092704
  83.2900000  68.8800000  52.1000000  82.7700000  68.3100000  53.0500000
  84.6100000  69.1300000  52.0800000  85.0314246  69.5875344  51.2835510
  85.4400000  68.8500000  53.2600000  85.1691293  67.8569512  53.6216367
  86.9400000  68.7900000  52.9400000  87.0814079  68.0222460  52.1771537
  87.4400000  70.1200000  52.3800000  88.3397605  69.9432574  51.7953549
  86.6851091  70.5313708  51.7384749  87.6339531  70.8269856  53.1860189
  87.8000000  68.4300000  54.1600000  87.6931643  69.1904392  54.9346240
  87.4395381  67.4842751  54.5665854  89.2900000  68.2700000  53.8400000
  89.7306614  69.2260980  53.5621487  89.8070860  67.8972666  54.7243919
  89.4219486  67.5552869  53.0270784  85.1000000  69.8500000  54.3700000
  84.8600000  69.4100000  55.4900000  85.0000000  71.1600000  54.0600000
  85.1790223  71.4531997  53.1094963  84.7100000  72.2100000  55.0300000
  85.4817358  72.1845856  55.7984284  84.7900000  73.5800000  54.3400000
  84.5878033  74.3661940  55.0681268  85.7909808  73.7305638  53.9341561
  84.0566134  73.6427436  53.5354644  83.3400000  72.0400000  55.7100000
  83.2500000  72.1400000  56.9300000  82.2900000  71.7100000  54.9500000
  82.4015518  71.6245831  53.9491519  80.9700000  71.4300000  55.5300000
  80.6917194  72.3003420  56.1266908  79.8800000  71.2500000  54.4500000
  79.9273010  72.1215354  53.7946967  80.1000000  70.0100000  53.5800000
  79.4971846  70.0689960  52.6735835  81.1388323  69.9976223  53.3038887
  79.8493661  69.0999337  54.1219146  78.4700000  71.2300000  55.0900000
  78.4154940  70.4388261  55.8380622  78.3060322  72.1833146  55.5941192
  77.3300000  71.0100000  54.0900000  77.3479142  69.9885418  53.7094971
  76.3760206  71.1745437  54.5910523  77.4202624  71.7129083  53.2612715
  81.0700000  70.2300000  56.4800000  80.5900000  70.3200000  57.6100000
  81.7400000  69.1500000  56.0900000  82.1592707  69.1261059  55.1704718
  81.7500000  67.9200000  56.8700000  80.7415289  67.7410548  57.2331388
  82.1500000  66.7700000  55.9500000  83.0343360  67.0538284  55.3782790
  82.4244635  65.9215870  56.5548293  81.0700000  66.2600000  55.0200000
  79.6900000  66.5200000  55.1900000  79.3245180  67.1963607  55.9441392
  78.7300000  65.8900000  54.3800000  77.6799050  66.1040183  54.5171626
  79.1400000  64.9500000  53.4100000  78.4069488  64.4282527  52.8160837
  80.5100000  64.7000000  53.2400000  80.8790595  64.0123193  52.5124085
  81.4600000  65.3800000  54.0100000  82.5063449  65.1845419  53.8480617
  82.5800000  67.9900000  58.1500000  82.0900000  67.5700000  59.2000000
  83.7400000  68.6400000  58.1300000  84.0955403  69.0091710  57.2581252
  84.4700000  68.9800000  59.3600000  84.5851089  68.0643628  59.9416226
  85.8800000  69.5200000  59.0800000  86.3664188  69.7401766  60.0314031
  86.7400000  68.4800000  58.3500000  87.7622127  68.8475958  58.2528853
  86.7599543  67.5533992  58.9239392  86.3420610  68.2740255  57.3574183
  85.8400000  70.8000000  58.2500000  86.8002576  70.9360983  57.7708212
  85.0979814  70.7193067  57.4768770  85.6171194  71.6575310  58.8846249
  83.6700000  69.9700000  60.2200000  83.7200000  69.8600000  61.4400000
  82.8700000  70.8700000  59.6300000  82.8569032  70.9215757  58.6201024
  81.9500000  71.7500000  60.3500000  82.5089030  72.3104165  61.0974850
  81.5082360  72.4503859  59.6417271  80.8200000  71.0100000  61.0600000
  80.5500000  71.2900000  62.2300000  80.2000000  70.0200000  60.4100000
  80.4579041  69.8194526  59.4543003  79.1700000  69.1700000  61.0400000
  78.4208482  69.8274890  61.4831774  78.4500000  68.2500000  60.0200000
  79.1743115  67.5643463  59.5773749  77.3300000  67.4500000  60.6900000
  76.7769493  66.8802061  59.9422888  77.7472503  66.7444640  61.4084733
  76.6438122  68.1205851  61.2092581  77.7800000  69.0500000  58.9000000
  76.9179756  69.5931667  59.2908621  78.4522291  69.7766392  58.4658774
  77.4464669  68.3737532  58.1121097  79.7900000  68.3300000  62.1600000
  79.1800000  68.2000000  63.2200000  81.0200000  67.8400000  61.9700000
  81.4969242  67.9896715  61.0914662  81.7700000  67.2200000  63.0700000
  81.1515553  66.4230647  63.4686237  83.0900000  66.6000000  62.5700000
  82.8667623  65.8290372  61.8332830  83.6815189  67.3734156  62.0839787
  83.9200000  66.0000000  63.7200000  84.0636102  66.7431380  64.5026874
  83.2000000  64.8000000  64.3200000  83.8460762  64.3408607  65.0670408
  82.2757764  65.1228820  64.7933808  82.9573455  64.0659924  63.5547284
  85.3200000  65.5700000  63.2900000  85.3054746  64.6597578  62.6993708
  85.7858414  66.3642712  62.7055335  85.9309900  65.3954808  64.1770646
  82.0100000  68.2100000  64.2200000  81.7900000  67.8400000  65.3700000
  82.4100000  69.4400000  63.9100000  82.5572540  69.6647027  62.9363464
  82.6600000  70.5100000  64.8900000  83.4310836  70.1541015  65.5698799
  83.1900000  71.7700000  64.2100000  83.3908027  71.5892794  63.1566828
  82.4606473  72.5773346  64.2875997  84.3900000  72.1700000  64.8300000
  84.4663058  73.1262727  64.7766724  81.4000000  70.8600000  65.7000000
  81.4700000  71.0800000  66.9100000  80.2300000  70.8400000  65.0600000
  80.2227153  70.6613550  64.0654974  78.9400000  70.9500000  65.7400000
  78.9354357  71.8560912  66.3476439  77.8300000  71.0700000  64.6900000
  77.9143514  72.0392633  64.1966254  77.9617295  70.3055897  63.9268502
  76.4400000  70.9200000  65.2700000  75.8800000  69.6300000  65.4400000
  76.4220283  68.7556965  65.1101219  74.6300000  69.4700000  66.0600000
  74.2138894  68.4822822  66.1959022  73.9200000  70.6000000  66.5000000
  72.9590994  70.4822101  66.9800587  74.4700000  71.8900000  66.3200000
  73.9291965  72.7596170  66.6631712  75.7200000  72.0400000  65.7100000
  76.1396556  73.0288613  65.5940176  78.6900000  69.7500000  66.6700000
  78.2500000  69.9200000  67.8000000  78.9700000  68.5400000  66.1900000
  79.3420652  68.4417890  65.2551195  78.6800000  67.3400000  66.9600000
  77.6369955  67.4052413  67.2767645  78.8100000  66.1200000  66.0700000
  78.2021673  66.2434153  65.1730878  79.8467554  65.9314863  65.7979755
  78.2800000  65.0900000  66.8600000  78.9234068  64.8472023  67.5315607
  79.5400000  67.2200000  68.2200000  79.0300000  66.9100000  69.2900000
  80.8400000  67.5700000  68.1400000  81.2333361  67.8480991  67.2512930
  81.6900000  67.6900000  69.3400000  81.5798532  66.7587067  69.8955966
  83.1900000  67.8000000  68.9400000  83.4270360  66.9539593  68.2929885
  83.4800000  69.0600000  68.1500000  84.5376176  69.1275826  67.8933561
  82.9060886  69.0236232  67.2373286  83.1827049  69.9279383  68.7288735
  84.1600000  67.7600000  70.1400000  85.1737686  67.9164261  69.7684799
  83.9378479  68.5586853  70.8481321  84.1500000  66.4100000  70.8600000
  84.1164752  65.5908106  70.1384006  85.0527447  66.3150532  71.4661370
  83.2795544  66.3558776  71.5152739  81.2100000  68.8300000  70.2700000
  81.3100000  68.6900000  71.4900000  80.6400000  69.9100000  69.7200000
  80.5663689  69.9674510  68.7136410  80.1700000  71.0700000  70.5100000
  81.0011086  71.4084508  71.1247956  79.7600000  72.2200000  69.5700000
  79.6580694  73.1375965  70.1504162  80.4992000  72.3767265  68.7932829
  78.8036931  72.0091856  69.0957302  78.9900000  70.7600000  71.4200000
  78.9200000  71.2200000  72.5600000  78.0300000  69.9800000  70.9200000
  78.1431743  69.6360184  69.9746943  76.7900000  69.6200000  71.6100000
  76.6047520  70.3793803  72.3703417  75.6000000  69.7100000  70.6200000
  75.7002116  68.9369665  69.8563269  74.2500000  69.5600000  71.3100000
  73.4419876  69.8126145  70.6256325  74.1073530  68.5264515  71.6058549
  74.1937290  70.2071050  72.1857399  75.5300000  71.0800000  69.9300000
  74.6551902  71.1428705  69.2834300  75.4871720  71.8715602  70.6744874
  76.4032858  71.2341672  69.2975255  76.9300000  68.2900000  72.3800000
  75.9700000  67.7700000  72.9600000  78.1400000  67.7100000  72.4300000
  78.9186329  68.1709120  71.9780339  78.3600000  66.3400000  72.9100000
  77.7267249  65.6780268  72.3168332  79.8300000  65.9400000  72.6600000
  80.0265082  66.0776734  71.5973909  80.5015605  66.5995216  73.2119975
  80.1100000  64.4700000  73.0300000  79.2112261  63.8746327  72.8645839
  81.2200000  63.9000000  72.1400000  81.3869395  62.8490839  72.3787727
  80.9232668  63.9686434  71.0926025  82.1463259  64.4535760  72.2883191
  80.5800000  64.2800000  74.4700000  80.8057451  63.2281093  74.6485089
  81.4779559  64.8706943  74.6540245  79.8163288  64.5712950  75.1839092
  77.9800000  66.1600000  74.3900000  77.3200000  65.2000000  74.7500000
  78.4300000  67.0700000  75.2500000  78.9453058  67.8639425  74.8975972
  78.2700000  66.9500000  76.7100000  78.4235894  65.9002846  76.9638537
  79.3900000  67.7300000  77.4300000  79.3456883  67.5112538  78.4975964
  80.3566064  67.3818011  77.0638857  79.3100000  69.2300000  77.2400000
  78.4900000  69.7700000  76.5200000  80.2100000  69.9600000  77.8600000
  80.1780531  70.9629750  77.7549521  80.8933180  69.5188302  78.4558747
  76.8700000  67.3100000  77.2300000  76.6700000  67.4100000  78.4300000
  75.9000000  67.4700000  76.3200000  76.1365635  67.3775564  75.3413337
  74.4900000  67.7000000  76.6300000  74.4222674  67.9585247  77.6858738
  73.9700000  68.8800000  75.8000000  74.7075323  69.2173645  75.0688845
  73.1023328  68.5679722  75.2443688  73.5100000  70.0400000  76.6900000
  72.6126339  70.4913559  76.2631933  73.2324792  69.6759805  77.6799040
  74.6100000  71.0900000  76.8200000  74.5246191  71.5484987  77.8071593
  75.6017013  70.6400362  76.7443017  74.4200000  72.1400000  75.7300000
  75.2854706  72.1078723  75.0657177  73.5193541  71.9376810  75.1496729
  74.3300000  73.4700000  76.3500000  73.4707814  73.5531046  76.8722816
  75.1087468  73.5795507  76.9829032  74.3767911  74.1848892  75.6392692
  73.6200000  66.4500000  76.4600000  72.4000000  66.5600000  76.5500000
  74.2200000  65.3000000  76.1500000  75.2258651  65.2823931  76.0656485
  73.4900000  64.0300000  75.9900000  72.6793012  64.2043218  75.2798820
  74.3900000  62.9300000  75.4000000  73.8200263  61.9995556  75.3753830
  74.7400000  63.2800000  73.9500000  75.4141616  62.5305798  73.5356006
  73.8283696  63.2869585  73.3517532  75.2029751  64.2605343  73.8779813
  75.6600000  62.6700000  76.2200000  76.2862392  61.9390874  75.7088604
  76.2311426  63.5835138  76.3675430  75.3922280  62.2629046  77.1948336
  72.8600000  63.5800000  77.3000000  73.4800000  63.6500000  78.3700000
  71.6300000  63.0800000  77.2100000  71.1647130  63.0563601  76.3146076
  70.9100000  62.5400000  78.3600000  70.9397447  63.2906448  79.1514271
  69.4300000  62.2900000  78.0300000  69.3537475  61.7737154  77.0745357
  69.0043501  61.6430794  78.7982056  68.5700000  63.5500000  77.9700000
  69.1300000  64.6700000  78.0400000  67.3300000  63.3900000  77.9300000
  71.5900000  61.2800000  78.9200000  72.3100000  60.5600000  78.2200000
  71.3200000  60.9900000  80.2000000  70.7200575  61.6098286  80.7252782
  71.7500000  59.7500000  80.8500000  72.2031212  59.0947118  80.1050017
  72.8100000  60.0000000  81.9500000  72.3558151  60.6326728  82.7144709
  73.2000000  58.6700000  82.6100000  74.0291225  58.8298244  83.3003136
  72.3613508  58.2701546  83.1798423  73.4956171  57.9414192  81.8550486
  74.0700000  60.7500000  81.4300000  73.7669612  61.6242153  80.8542867
  74.6283423  61.1195915  82.2912830  75.0300000  59.9100000  80.5800000
  75.7373963  60.5674309  80.0742103  75.5842827  59.2164289  81.2132942
  74.4699852  59.3478009  79.8392947  70.5200000  59.0300000  81.4100000
  69.8200000  59.5200000  82.3000000  70.3400000  57.8000000  80.9600000
  70.9571408  57.4587173  80.2362963  69.3700000  56.8700000  81.5000000
  69.8349072  55.8980836  81.4018865  69.2260334  57.0669214  82.5526530
  68.0400000  56.7700000  80.7800000  67.8900000  57.2900000  79.6800000
  67.0900000  56.0000000  81.3100000  67.2315213  55.6105077  82.2304784
  65.8900000  55.6000000  80.5900000  65.8877332  56.0942270  79.6199686
  65.9400000  54.0800000  80.3500000  66.9366603  53.8162255  79.9947919
  65.7815674  53.5678807  81.3005032  64.9100000  53.5700000  79.3300000
  63.9160149  53.7422899  79.7382053  65.0700000  54.2900000  77.9900000
  64.6006187  53.7152187  77.1932524  64.6090689  55.2765324  78.0322664
  66.1232288  54.4087238  77.7497483  65.0700000  52.0700000  79.0600000
  64.2901772  51.7283066  78.3788340  66.0466068  51.8631528  78.6222431
  64.9738797  51.5188604  79.9963796  64.6400000  56.0800000  81.3300000
  64.5800000  55.9800000  82.5500000  63.6400000  56.5700000  80.5900000
  63.7629351  56.6150656  79.5869590  62.4300000  57.2200000  81.1200000
  62.7477242  58.0475593  81.7556319  61.5700000  57.8000000  79.9900000
  60.9501440  57.0146315  79.5565624  60.8931414  58.5453585  80.4116459
  62.4000000  58.4300000  78.8800000  62.3700000  59.6700000  78.8100000
  63.0700000  57.6500000  78.1600000  61.5400000  56.3000000  81.9400000
  60.6500000  56.7900000  82.6400000  61.7300000  54.9800000  81.8200000
  62.4706892  54.6647764  81.2103499  60.9500000  53.9300000  82.5200000
  61.3638463  52.9723820  82.2025509  61.2500000  54.0600000  84.0300000
  62.3314560  54.0087107  84.1627305  60.9202890  55.0370117  84.3798333
  60.6100000  53.0100000  84.9500000  59.5239944  53.0907958  84.9141151
  60.9070590  52.0101690  84.6311701  61.0700000  53.2500000  86.3900000
  61.9100000  52.5600000  86.9400000  60.5500000  54.2600000  87.0500000
  59.8481499  54.8384621  86.6162941  60.8817429  54.4515757  87.9823591
  59.4600000  53.9000000  82.1200000  58.7500000  52.9800000  82.4900000
  59.0200000  54.8400000  81.2800000  59.6748304  55.5661074  81.0284944
  57.6600000  55.0000000  80.7700000  56.9990831  54.3306500  81.3230920
  57.2100000  56.4400000  81.0300000  57.8168636  56.8700678  81.8281349
  57.3505900  57.0451000  80.1335923  55.8600000  56.5100000  81.4500000
  55.2971917  56.2375481  80.7201531  57.5600000  54.6400000  79.2800000
  56.5200000  54.1700000  78.8400000  58.6600000  54.7900000  78.5200000
  59.4758101  55.1889644  78.9606952  58.8000000  54.4300000  77.1100000
  57.8745311  54.7354175  76.6452025  59.9200000  55.2400000  76.4400000
  59.6953836  55.2954484  75.3736489  59.9182411  56.2593653  76.8301743
  61.3200000  54.6200000  76.6000000  61.3410272  53.6225140  76.1663646
  62.3400000  55.4100000  75.8000000  63.3431007  55.0333441  75.9689799
  62.1288292  55.3064440  74.7402238  62.2998177  56.4655090  76.0643657
  61.7400000  54.4900000  78.0700000  62.5437808  53.7707641  78.0921694
  62.0685472  55.4388313  78.4708248  60.9802538  54.0569223  78.7068969
  59.0400000  52.9300000  76.8200000  59.1200000  52.5200000  75.6700000
  59.2800000  52.1100000  77.8400000  59.2564206  52.4722454  78.7816414
  59.4500000  50.6600000  77.6700000  60.0019874  50.4654899  76.7500745
  60.2500000  50.0600000  78.8300000  59.6832586  50.1747221  79.7552396
  60.4155699  48.9973705  78.6490703  61.5000000  50.7000000  78.9800000
  62.0309806  50.5131615  78.2023253  58.0900000  49.9500000  77.5600000
  58.0400000  48.7200000  77.5300000  57.0100000  50.7300000  77.6000000
  57.1474250  51.7307533  77.6151865  55.6300000  50.2900000  77.5900000
  55.5952745  49.2123242  77.7460434  54.8600000  50.9900000  78.7100000
  54.8473513  52.0628354  78.5169414  53.8278177  50.6378026  78.7172721
  55.4700000  50.7500000  80.0900000  56.4967676  51.1146579  80.1229614
  54.8881551  51.3344321  80.8032481  55.4300000  49.0200000  80.6100000
  55.5500000  49.2800000  82.3800000  55.3750009  48.3425132  82.8989521
  56.5341123  49.6774782  82.6286715  54.7892340  49.9900464  82.6945688
  55.0100000  50.6500000  76.2400000  55.4100000  51.6400000  75.6400000
  54.0100000  49.9000000  75.7700000  53.5500000  48.6400000  76.3300000
  53.3393663  48.7358838  77.3954959  54.2957682  47.8638802  76.1757316
  52.2600000  48.3400000  75.5900000  51.4111562  48.6447005  76.1787725
  52.1547081  47.2813487  75.3979433  52.2600000  49.1900000  74.3200000
  51.2565032  49.5291119  74.0611971  52.6973120  48.6599764  73.4823820
  53.2000000  50.3400000  74.6600000  53.8395622  50.5457491  73.7997746
  52.4000000  51.6000000  75.0000000  52.0400000  51.8500000  76.1500000
  52.0300000  52.3300000  73.9500000  52.3307182  52.0462499  73.0294915
  51.2700000  53.5800000  74.0500000  51.8020266  54.2319866  74.7428044
  51.2500000  54.2400000  72.6500000  52.2063818  54.0490499  72.1591622
  50.4697506  53.7796192  72.0419306  51.0600000  55.7600000  72.6700000
  51.1200000  56.3700000  73.7600000  50.9100000  56.3000000  71.5600000
  49.8400000  53.3700000  74.5800000  49.3400000  54.1700000  75.3700000
  49.1900000  52.2600000  74.2100000  49.6564469  51.6068788  73.5985485
  47.8100000  51.9300000  74.6200000  47.2540102  52.8657782  74.6883841
  47.1000000  51.0800000  73.5500000  46.0523146  50.9644663  73.8307647
  47.1215009  51.6329101  72.6094821  47.6900000  49.6800000  73.3000000
  48.5600000  49.2200000  74.0800000  47.2500000  49.0500000  72.3100000
  47.7200000  51.2600000  76.0100000  46.6500000  50.8200000  76.4400000
  48.8400000  51.1600000  76.7300000  49.6968772  51.5497148  76.3615420
  48.8700000  50.5400000  78.0500000  48.3303687  49.5945132  77.9824109
  50.3100000  50.2000000  78.4400000  50.6903437  49.4420405  77.7787971
  50.9267422  51.0919674  78.3625727  50.4100000  49.7000000  79.7500000
  50.2434831  48.7512734  79.7235421  48.1500000  51.4100000  79.0900000
  48.0500000  52.6300000  78.9900000  47.6700000  50.7800000  80.1600000
  47.7609111  49.7767609  80.2220492  47.2300000  51.5000000  81.3600000
  46.7067850  52.4092774  81.0609869  46.2300000  50.6300000  82.1200000
  45.8650447  51.1823278  82.9870034  45.3733665  50.4239288  81.4770980
  46.8400000  49.3200000  82.5800000  47.4900000  49.2600000  83.8200000
  47.5051711  50.1246510  84.4678080  48.1200000  48.0700000  84.2300000
  48.6153992  48.0233479  85.1886780  48.1100000  46.9500000  83.3700000
  48.7000000  45.8000000  83.7600000  49.4067735  45.9419966  84.3965061
  47.5000000  47.0300000  82.1000000  47.5176182  46.1779205  81.4376124
  46.8300000  48.2100000  81.7200000  46.3637728  48.2733324  80.7474134
  48.4200000  51.9100000  82.2500000  48.2900000  52.8400000  83.0400000
  49.5800000  51.2600000  82.1100000  49.6539505  50.5150105  81.4309725
  50.7700000  51.5600000  82.9100000  50.4926819  51.5445274  83.9636281
  51.8700000  50.5100000  82.6800000  52.0140174  50.3428423  81.6145170
  52.8072189  50.9007684  83.0718249  51.5700000  49.1800000  83.3800000
  50.5800087  48.8386061  83.0786095  52.2944176  48.4406292  83.0381816
  51.6500000  49.2400000  85.1900000  53.4200000  49.5600000  85.4900000
  53.6135327  49.5230443  86.5619451  54.0200083  48.8008638  84.9886129
  53.6853044  50.5475289  85.1155711  51.3200000  52.9500000  82.5900000
  51.8600000  53.6100000  83.4800000  51.1400000  53.4400000  81.3600000
  50.6911112  52.8733373  80.6537108  51.4900000  54.8300000  81.0300000
  52.5130835  54.9975362  81.3696080  51.4800000  55.1000000  79.5100000
  51.9865458  56.0506439  79.3379971  52.2500000  54.0200000  78.7300000
  52.3448287  54.3154752  77.6843550  53.2495420  53.9049174  79.1494142
  51.7264729  53.0677592  78.7765731  50.0700000  55.2200000  78.9300000
  50.0926856  55.1484359  77.8420231  49.4481196  54.4393841  79.3370371
  49.6406062  56.1848675  79.1983950  50.5800000  55.8000000  81.8100000
  51.0800000  56.7500000  82.4100000  49.2700000  55.5300000  81.9100000
  48.8899587  54.7169955  81.4465098  48.3600000  56.3700000  82.6900000
  48.5270892  57.3875564  82.3816344  46.8800000  56.0700000  82.4400000
  46.7389266  55.7812053  81.3969641  46.5382342  55.2540091  83.0785911
  46.0700000  57.3500000  82.7200000  45.7700000  57.6700000  83.9000000
  45.8900000  58.1100000  81.7400000  48.6700000  56.3400000  84.1800000
  48.7100000  57.3800000  84.8400000  49.0200000  55.1600000  84.6900000
  48.9905836  54.3380290  84.1030375  49.5400000  55.0200000  86.0300000
  48.7696613  55.3491557  86.7262220  49.8100000  53.5500000  86.3000000
  48.8785680  52.9898165  86.2082128  50.5120983  53.1592731  85.5680393
  50.3700000  53.3500000  87.6800000  49.5200000  53.5000000  88.8000000
  48.4817992  53.7669255  88.6644528  50.0300000  53.3000000  90.0900000
  49.3868934  53.4213772  90.9484196  51.3700000  52.9000000  90.2500000
  51.8500000  52.6400000  91.4900000  51.2253745  52.8669618  92.1821299
  52.2200000  52.7600000  89.1300000  53.2442253  52.4419553  89.2611379
  51.7300000  53.0400000  87.8400000  52.3818351  52.9564262  86.9817763
  50.7800000  55.8800000  86.2800000  50.8100000  56.6100000  87.2700000
  51.7700000  55.8800000  85.3700000  51.7051202  55.2859080  84.5530577
  52.9700000  56.7100000  85.5300000  53.3523140  56.5410006  86.5352348
  54.0600000  56.3000000  84.5200000  53.6400239  56.3389786  83.5142354
  54.8656455  57.0344183  84.5659902  54.6800000  54.9400000  84.7600000
  55.0900000  54.5700000  86.0600000  54.9730732  55.2472231  86.8909065
  55.6500000  53.3000000  86.2900000  55.9572481  53.0173938  87.2865274
  55.8500000  52.4200000  85.2200000  56.2947921  51.4509782  85.3923441
  55.4800000  52.8000000  83.9200000  55.6497395  52.1293511  83.0918249
  54.8900000  54.0600000  83.6900000  54.6030923  54.3405890  82.6879668
  52.6900000  58.2100000  85.4400000  53.2400000  58.9700000  86.2500000
  51.8000000  58.6600000  84.5400000  51.3711600  58.0018040  83.9032767
  51.3000000  60.0400000  84.5600000  52.1413646  60.7166608  84.4038560
  50.2700000  60.2700000  83.4300000  49.4351142  59.5947344  83.6049639
  49.8959981  61.2913116  83.5144216  50.8000000  60.0700000  82.0000000
  51.6303293  60.7596598  81.8446707  51.1851229  59.0669047  81.8682626
  49.7300000  60.3500000  80.9100000  49.3957811  61.3847624  80.9988335
  50.1703722  60.2036562  79.9229675  48.5300000  59.4100000  81.0800000
  48.8637009  58.3993277  80.8428296  48.1894734  59.4341573  82.1143693
  47.3700000  59.7300000  80.2200000  46.6404800  59.0449852  80.3724991
  47.0087679  60.6429827  80.4533326  47.6478925  59.7065775  79.2494524
  50.6700000  60.3700000  85.9200000  50.9900000  61.3900000  86.5100000
  49.8100000  59.4800000  86.4300000  49.6222976  58.6382121  85.9042189
  49.0800000  59.6600000  87.6900000  48.5381115  60.6044682  87.6191311
  48.0600000  58.5300000  87.8700000  47.6472101  58.2686615  86.8973257
  48.5297100  57.6460210  88.3018310  46.9800000  58.9500000  88.6700000
  46.8765592  59.9014093  88.5578198  50.0200000  59.7300000  88.9100000
  49.8500000  60.6200000  89.7400000  51.0600000  58.8800000  88.9700000
  51.1552715  58.1810459  88.2470676  52.1500000  59.0000000  89.9600000
  51.7195789  58.8771221  90.9528993  53.2500000  57.9100000  89.7700000
  53.5396638  57.8731096  88.7192743  54.5100000  58.2500000  90.6100000
  54.2863347  58.2003342  91.6748380  55.3319526  57.5797249  90.3741864
  54.9073270  59.2359737  90.3796602  52.7100000  56.5300000  90.1900000
  52.3880225  56.5723585  91.2294379  51.8410396  56.2703460  89.5885042
  53.7500000  55.4100000  90.0500000  54.6766005  55.6277845  90.5716990
  53.3731993  54.5237902  90.5383264  53.9506029  55.2094903  88.9983841
  52.7800000  60.3900000  89.9000000  52.7200000  61.1200000  90.8900000
  53.3900000  60.7400000  88.7600000  53.3908616  60.0860671  87.9887698
  54.1500000  61.9800000  88.5800000  54.9843819  61.9821145  89.2820080
  54.7000000  62.0500000  87.1400000  54.0809681  61.4564262  86.4670949
  54.6909140  63.0829259  86.7905198  56.0400000  61.5900000  87.1000000
  56.6059095  62.3079830  87.3973801  53.3100000  63.2300000  88.8400000
  53.8300000  64.2700000  89.2100000  52.0000000  63.1300000  88.6100000
  51.6233626  62.2551358  88.2718104  51.0600000  64.2300000  88.8100000
  51.5677853  65.1574898  88.5399905  49.9000000  64.0400000  87.8100000
  50.3117988  63.8909783  86.8110940  49.3211216  63.1590974  88.0925955
  48.9800000  65.2600000  87.7600000  48.5784808  65.4650920  88.7487106
  49.5639521  66.1282473  87.4515494  47.8000000  65.1000000  86.8000000
  47.5700000  64.0900000  86.1700000  46.9900000  66.1300000  86.6700000
  47.1691929  66.9789431  87.1839832  46.1988632  66.0548744  86.0494740
  50.5700000  64.3800000  90.2600000  50.2800000  65.5000000  90.6700000
  50.4300000  63.2800000  91.0300000  50.6878402  62.3776802  90.6530262
  49.7200000  63.3200000  92.3200000  49.4375898  64.3427158  92.5621683
  48.4500000  62.4800000  92.2300000  48.7250950  61.4553944  91.9762731
  47.9826378  62.4503913  93.2154445  47.3900000  62.9700000  91.2700000
  47.2300000  64.3300000  90.9400000  47.8515986  65.0929394  91.3803875
  46.2300000  64.7200000  90.0300000  46.1108612  65.7632328  89.7753987
  45.3700000  63.7600000  89.4800000  44.3700000  64.1500000  88.6500000
  43.7455249  64.7546862  89.0835666  45.5300000  62.4000000  89.8400000
  44.9241967  61.6245231  89.4339185  46.5300000  62.0100000  90.7300000
  46.6480930  60.9673875  90.9815785  50.4800000  62.8100000  93.5300000
  50.1600000  63.2600000  94.6300000  51.3800000  61.8400000  93.4000000
  51.6294078  61.4858142  92.4866784  52.0200000  61.2700000  94.5800000
  51.2312743  61.0697543  95.3076878  52.7000000  59.9300000  94.2800000
  52.9588021  59.8680809  93.2226840  53.6300819  59.8757678  94.8477358
  51.8400000  58.7300000  94.6800000  51.6583532  58.7802642  95.7548737
  50.4800000  58.6700000  93.9700000  49.9542968  57.7610422  94.2630527
  49.8645772  59.5236394  94.2522431  50.6163300  58.6695147  92.8894116
  52.6000000  57.4300000  94.3900000  52.7900868  57.3365044  93.3232481
  53.5507088  57.4306386  94.9238942  52.0104303  56.5782547  94.7271468
  52.9600000  62.2800000  95.2400000  53.7100000  62.9900000  94.5900000
  52.9200000  62.3000000  96.5700000  52.2759361  61.6857159  97.0476902
  53.7900000  63.1500000  97.4000000  54.2704121  63.9026225  96.7728760
  52.9100000  63.9000000  98.4100000  52.1872340  63.2171053  98.8605670
  53.5438416  64.2878279  99.2090430  52.1900000  65.0700000  97.7800000
  50.9900000  65.0200000  97.0700000  50.4533908  64.1921436  96.8474234
  50.7600000  66.2700000  96.6400000  49.9231359  66.5809306  96.0314639
  51.7300000  67.1000000  97.0600000  51.7836928  68.0954450  96.8752619
  52.6500000  66.3600000  97.7600000  53.5635657  66.7272117  98.2080047
  54.9200000  62.3600000  98.0600000  55.9400000  62.9500000  98.4100000
  54.7900000  61.0400000  98.1900000  53.9425235  60.5999370  97.8631259
  55.8600000  60.1600000  98.6700000  56.6928929  60.7686907  99.0234936
  55.3500000  59.3800000  99.8800000  56.1684063  58.8280807 100.3433142
  54.9450706  60.0904145 100.5966658  54.5659756  58.6864744  99.5733976
  56.4000000  59.2700000  97.5500000  55.7300000  58.9900000  96.5600000
  57.6400000  58.8200000  97.7300000  58.1390824  59.0919455  98.5654788
  58.3400000  57.9400000  96.7900000  57.7531472  57.8017204  95.8821893
  59.2743867  58.4238428  96.5179717  58.6600000  56.5700000  97.3800000
  58.0900000  56.1600000  98.3900000  59.6100000  55.8400000  96.7600000
  60.2900000  56.1800000  95.5300000  61.1483196  56.8137532  95.7521346
  59.6262212  56.6749676  94.8203702  60.7600000  54.8500000  94.9600000
  61.6407285  54.9638452  94.3292362  59.9463451  54.3819311  94.4034138
  61.0600000  54.0300000  96.2200000  62.0694698  54.2603040  96.5645167
  60.9599202  52.9598509  96.0355560  60.0300000  54.5300000  97.2400000
  59.1585590  53.8767954  97.2105364  60.6200000  54.6100000  98.6600000
  61.3500000  55.5600000  98.9600000  60.3600000  53.6200000  99.5400000
  59.3900000  52.5500000  99.3800000  59.4709628  52.0723951  98.4034149
  58.3856423  52.9458761  99.5340871  59.7300000  51.5500000 100.4700000
  60.4831912  50.8573183 100.0939058  58.8403199  51.0216867 100.8113651
  60.3400000  52.3800000 101.5900000  61.0231468  51.7927126 102.2059200
  59.5435589  52.8079217 102.2006588  61.0500000  53.5000000 100.8200000
  60.9347352  54.4295080 101.3776173  62.5500000  53.2000000 100.6500000
  62.9800000  52.5400000  99.7100000  63.3100000  53.6700000 101.6300000
  62.8266111  54.1382191 102.3786948  64.7600000  53.5800000 101.8000000
  65.1810937  52.9952203 100.9812004  65.4400000  54.9700000 101.8500000
  65.2849358  55.4216055 102.8309933  66.9600000  54.8200000 101.6200000
  67.4341746  55.8017228 101.6115161  67.4104268  54.2359277 102.4217304
  67.1489443  54.3271676 100.6653601  64.8800000  55.9300000 100.8200000
  65.4708480  56.8450443 100.7897029  64.8948330  55.4340849  99.8532400
  63.8532058  56.1965205 101.0672835  65.0300000  52.9000000 103.1300000
  64.4100000  53.2200000 104.1500000  66.0200000  52.0200000 103.1500000
  66.5005687  51.8004952 102.2890204  66.4800000  51.3500000 104.3600000
  65.9214844  51.7056931 105.2269098  66.2100000  49.8500000 104.2200000
  66.8550927  49.4387475 103.4425279  66.4669239  49.3545132 105.1567624
  64.7600000  49.5300000 103.8700000  63.7800000  49.6500000 104.8600000
  64.0841413  49.9677858 105.8323090  62.4400000  49.3300000 104.6000000
  61.7034915  49.4034324 105.3862055  62.0700000  48.8800000 103.3200000
  60.7900000  48.5200000 103.1000000  60.6465647  48.2175240 102.2009985
  63.0500000  48.8100000 102.2900000  62.7817739  48.5209355 101.2870735
  64.3800000  49.1700000 102.5700000  65.1142660  49.1474633 101.7833362
  67.9500000  51.6800000 104.5700000  68.8000000  51.2400000 103.8000000
  68.2600000  52.4800000 105.5900000  67.5183888  52.8611197 106.1643250
  69.6400000  52.7000000 106.0100000  70.2874484  52.7206175 105.1322030
  69.7900000  54.0600000 106.7100000  69.0117191  54.1777905 107.4653975
  70.7534572  54.0864891 107.2219064  69.7300000  55.2100000 105.7400000
  68.4800000  55.7000000 105.3000000  67.5588085  55.2750166 105.6713732
  68.4400000  56.7200000 104.3400000  67.4922758  57.0852026 103.9788254
  69.6300000  57.2600000 103.8400000  69.6087946  58.0280850 103.0886175
  70.8700000  56.7900000 104.2800000  71.7834173  57.1974214 103.8718724
  70.9200000  55.7500000 105.2300000  71.8760770  55.3708948 105.5606653
  70.0800000  51.5400000 106.8900000  69.8100000  51.5500000 108.1000000
  70.6600000  50.5300000 106.2700000  70.8346775  50.5895211 105.2753263
  71.1200000  49.3400000 106.9700000  70.3854288  49.0957139 107.7366596
  71.2600000  48.1100000 106.0600000  72.0791221  48.2711784 105.3588318
  71.5300000  46.8500000 106.8900000  71.5518121  45.9749555 106.2417625
  72.4967488  46.9315092 107.3863218  70.7510911  46.7175981 107.6421387
  69.9700000  47.8900000 105.2600000  70.1866379  47.1523206 104.4918880
  69.1658618  47.5354535 105.9014697  69.6555802  48.7935290 104.7411329
  72.4400000  49.6900000 107.6300000  73.4400000  49.9800000 106.9700000
  72.4300000  49.6800000 108.9500000  71.5649805  49.4676442 109.4273646
  73.6500000  49.6000000 109.7200000  74.4181490  50.1961468 109.2255285
  73.4000000  50.2300000 111.1000000  73.0493897  51.2500872 110.9323767
  72.6144708  49.6880153 111.6306440  74.6900000  50.2800000 111.9400000
  75.5552035  50.3346281 111.2774765  74.7100000  51.5000000 112.8600000
  75.6148902  51.4892979 113.4691383  74.7069256  52.4102040 112.2590896
  73.8336820  51.5003961 113.5096795  74.8000000  49.0400000 112.8100000
  75.8470803  48.8588193 113.0350451  74.2379854  49.1656907 113.7302095
  74.4166219  48.1610545 112.2981729  74.0800000  48.1300000 109.6900000
  73.3300000  47.2400000 110.1100000  75.2500000  47.8800000 109.1000000
  75.7830852  48.6506871 108.7248633  75.8300000  46.5400000 108.9400000
  75.0737485  45.9052811 108.4752556  77.0100000  46.6500000 107.9600000
  76.6481039  47.2013024 107.0952455  77.8079709  47.2190557 108.4324051
  77.5700000  45.3300000 107.4000000  77.7037183  44.6140247 108.2079595
  76.8582610  44.9091797 106.6880929  78.9300000  45.5200000 106.7200000
  79.7800000  44.6100000 106.8500000  79.1800000  46.5800000 106.1100000
  76.2000000  45.9200000 110.3000000  76.3000000  46.6000000 111.3200000
  76.3200000  44.5900000 110.3400000  76.2465015  44.0588361 109.4844887
  76.6400000  43.8800000 111.5700000  75.8709590  44.1394912 112.2989518
  76.5700000  42.3600000 111.3200000  75.7488875  42.1765378 110.6279917
  77.4870204  42.0030602 110.8503875  76.2500000  41.5400000 112.5800000
  75.4253063  42.0191406 113.1109266  75.8912923  40.5630411 112.2521371
  77.4100000  41.2900000 113.5600000  78.5800000  41.2300000 113.1600000
  77.1100000  41.0900000 114.7700000  78.0100000  44.3000000 112.1300000
  78.9700000  44.4500000 111.3800000  78.0900000  44.4800000 113.4400000
  77.2630660  44.3309334 113.9992885  79.3500000  44.7100000 114.1600000
  79.5901962  43.8004221 114.7104836  80.1619135  44.8829206 113.4573334
  79.3200000  45.8600000 115.1500000  80.2400000  46.0100000 115.9600000
  78.2600000  46.6800000 115.1400000  77.5332533  46.5320380 114.4539581
  78.0500000  47.7200000 116.1600000  79.0150872  48.1938035 116.3437160
  77.1000000  48.7800000 115.6000000  77.3818205  48.9570285 114.5624920
  76.0955151  48.3809140 115.6138049  77.2000000  50.1100000 116.2900000
  78.3600000  50.8700000 116.3400000  79.2581790  50.6097738 115.9510884
  78.0500000  52.0200000 116.9400000  78.7365866  52.8379774 117.1122825
  76.7500000  52.0000000 117.3100000  76.2618172  52.7380424 117.8120634
  76.2000000  50.8100000 116.9100000  75.1707314  50.5195694 117.0357250
  77.5400000  47.1400000 117.4900000  76.9200000  46.0800000 117.5300000
  77.8000000  47.8700000 118.5800000  78.2879715  48.7457962 118.4768771
  77.7000000  47.2900000 119.9300000  78.0576174  46.2595451 119.8913734
  78.6400000  48.0900000 120.8400000  79.6124138  48.1731858 120.3515031
  78.2479842  49.0996543 120.9711629  78.8700000  47.4500000 122.2100000
  78.6500000  46.2300000 122.3600000  79.2800000  48.2300000 123.0900000
  76.2800000  47.2900000 120.5200000  75.8100000  46.2700000 121.0200000
  75.6000000  48.4400000 120.4900000  76.0552256  49.2322599 120.0636463
  74.2600000  48.6900000 121.0500000  73.9961311  49.7077528 120.7614119
  73.2000000  47.7700000 120.3900000  73.4754753  46.7260715 120.5057236
  72.2836242  47.9054621 120.9575737  72.8500000  48.0200000 118.9300000
  73.8400000  48.3000000 117.9600000  74.8853573  48.3339336 118.1993218
  73.4600000  48.6100000 116.6500000  74.1832565  48.9132988 115.9231857
  72.1300000  48.5100000 116.2500000  71.8500000  48.8300000 114.9700000
  72.6401134  48.9428587 114.4363198  71.1600000  48.0800000 117.1800000
  70.1503534  47.9022003 116.8655895  71.5100000  47.9100000 118.5300000
  70.7505707  47.6276445 119.2448270  74.1500000  48.6600000 122.5900000
  73.2000000  49.2300000 123.1300000  75.1400000  48.1100000 123.3000000
  75.8979636  47.6814748 122.7866738  75.0800000  47.7900000 124.7500000
  74.1098895  48.1053165 125.1364878  75.1700000  46.2800000 124.9500000
  76.1801792  45.9242849 124.7445407  74.6800000  45.7700000 126.3100000
  74.7512466  44.6852654 126.3604856  75.2858698  46.1714631 127.1186526
  73.6474626  46.0732004 126.4585169  74.2800000  45.7200000 124.0300000
  74.3243551  44.7649738 124.1209995  76.1300000  48.5300000 125.5600000
  76.7700000  48.0200000 126.4700000  76.3600000  49.7800000 125.1700000
  75.8322942  50.1535783 124.3948025  77.2900000  50.6700000 125.8600000
  77.2475729  50.4637170 126.9306225  78.7200000  50.4200000 125.3800000
  79.3910095  51.0995629 125.9056841  79.0101542  49.3973026 125.6236259
  78.8700000  50.6200000 123.9900000  78.9748395  49.7605946 123.5920837
  76.8600000  52.1000000 125.6400000  76.3800000  52.4300000 124.5500000
  77.0700000  52.9800000 126.6200000  77.4580979  52.6608040 127.4964479
  76.7000000  54.4000000 126.5100000  75.6121253  54.4830123 126.5453047
  77.2900000  55.1900000 127.6800000  78.3758591  55.0906429 127.7009095
  77.0198619  56.2420574 127.5831347  76.7400000  54.6800000 128.8700000
  77.1620894  53.8464285 129.1002463  77.1900000  55.0000000 125.1900000
  76.4100000  55.5500000 124.4200000  78.4700000  54.8000000 124.8500000
  79.0719928  54.2992378 125.4884228  79.0500000  55.2800000 123.5900000
  78.6987061  56.3013568 123.4569332  80.5800000  55.3800000 123.6600000
  80.9439155  55.6448268 122.6673424  80.8452407  56.1916912 124.3392359
  81.2600000  54.0900000 124.1600000  81.0160326  53.9378745 125.2119468
  80.8902476  53.2337091 123.5956299  82.7800000  54.1400000 124.0200000
  83.1668153  55.0143175 124.5455352  83.2005585  53.2424531 124.4768174
  83.2000000  54.1900000 122.5400000  82.7507343  53.3460598 122.0138711
  82.8366308  55.1152557 122.0926183  84.6700000  54.1300000 122.3900000
  84.9191870  54.1963368 121.4125070  85.0958720  54.8950545 122.8951829
  85.0167568  53.2558071 122.7609770  78.5900000  54.5100000 122.3500000
  78.3800000  55.1400000 121.3200000  78.4000000  53.1800000 122.4200000
  78.5683961  52.6899294 123.2895066  77.8700000  52.4100000 121.2900000
  78.5057919  52.5581296 120.4164681  77.8722066  51.3520437 121.5494166
  76.4300000  52.8300000 120.9500000  76.0900000  52.9700000 119.7700000
  75.6300000  53.1700000 121.9500000  75.9582182  53.0717030 122.8987961
  74.3300000  53.7900000 121.7500000  73.7835540  53.2206855 120.9966334
  73.5100000  53.7400000 123.0500000  74.0609719  54.2611226 123.8339494
  72.5595943  54.2533727 122.8963862  73.2300000  52.3000000 123.5000000
  72.5515460  51.8467293 122.7759248  74.1496080  51.7188104 123.4882074
  72.6200000  52.1500000 124.8900000  72.4500000  53.1000000 125.6500000
  72.2700000  50.9400000 125.2600000  72.3957648  50.1649846 124.6220239
  71.8678793  50.7922826 126.1751674  74.5200000  55.2200000 121.2200000
  73.8700000  55.5800000 120.2500000  75.4500000  56.0200000 121.7600000
  75.9966249  55.6789614 122.5384744  75.5700000  57.4500000 121.4200000
  74.5954857  57.8690760 121.6048726  76.5700000  58.1800000 122.3300000
  77.5293229  57.6698218 122.2824098  76.7304464  59.1866289 121.9420422
  76.1300000  58.3200000 123.7800000  74.9600000  58.1600000 124.1200000
  77.0300000  58.6300000 124.6800000  78.0038982  58.6155841 124.4625689
  76.6894062  58.8707504 125.6038820  75.8700000  57.7500000 119.9400000
  75.3800000  58.7500000 119.4400000  76.6100000  56.8700000 119.2500000
  76.9876587  56.0626859 119.7266338  76.9200000  57.0300000 117.8200000
  77.2996149  58.0400258 117.6546259  78.0200000  56.0300000 117.4400000
  77.6697954  55.0170056 117.6424678  78.2144854  56.1279085 116.3734751
  79.3300000  56.2700000 118.1900000  79.7196873  57.2477816 117.9046039
  79.1489772  56.2770685 119.2619265  80.5900000  55.0100000 117.8300000
  81.9600000  55.6400000 118.8300000  81.7657578  55.4345382 119.8830800
  82.8852137  55.1492389 118.5253539  82.0586684  56.7160123 118.6806169
  75.7000000  56.8200000 116.8900000  75.6600000  57.3400000 115.7800000
  74.6900000  56.0700000 117.3500000  74.7560764  55.6905286 118.2842467
  73.4400000  55.8000000 116.6000000  73.5918785  56.1044133 115.5645604
  73.1500000  54.2900000 116.5600000  74.0124193  53.8060111 116.0971440
  72.9500000  53.6500000 117.9400000  72.7248935  52.5890475 117.8261744
  73.8657308  53.7333286 118.5189758  72.1273088  54.1252891 118.4736733
  71.9300000  53.9500000 115.7000000  71.8837035  52.8702978 115.5621778
  71.0102849  54.2895032 116.1784928  72.0225620  54.4232366 114.7228497
  72.2500000  56.6200000 117.1200000  71.3900000  56.9900000 116.3400000
  72.2100000  56.8900000 118.4200000  73.0031173  56.6097773 118.9743554
  71.0400000  57.3700000 119.1700000  70.2427878  56.6338440 119.0554145
  71.4600000  57.3600000 120.6400000  71.4203875  56.3207960 120.9672979
  72.5039420  57.6535984 120.6900336  70.5700000  58.3300000 121.8900000
  70.5000000  58.7200000 118.6600000  71.2200000  59.7100000 118.6300000
  69.2100000  58.7600000 118.3200000  68.6554929  57.9208281 118.4319919
  68.5000000  59.9400000 117.8300000  69.1774936  60.5692105 117.2522615
  67.6927617  59.6078784 117.1809588  67.8900000  60.7700000 118.9500000
  66.6900000  61.0200000 118.9500000  68.7000000  61.1100000 119.9600000
  69.6861175  60.8989496 119.8880687  68.1900000  61.5500000 121.2600000
  67.2025909  61.9949277 121.1347069  68.0774785  60.6674507 121.8905148
  69.0600000  62.5800000 121.9900000  69.7500000  63.4000000 121.4000000
  69.0000000  62.5200000 123.3200000  68.4169924  61.8081422 123.7321690
  69.4700000  63.6000000 124.2200000  69.1752400  64.5543717 123.7799250
  68.7300000  63.4500000 125.5600000  68.6491661  62.3949921 125.8226033
  69.2862069  63.9490540 126.3549179  67.3400000  64.0600000 125.4800000
  66.9175604  63.8805611 124.4913887  66.6968194  63.5716919 126.2103231
  67.3400000  65.8300000 125.8100000  67.2900000  65.7300000 127.6200000
  67.1187221  66.7226244 128.0313060  66.4905108  65.0661856 127.9328345
  68.2454151  65.3593854 127.9840354  70.9800000  63.6900000 124.4700000
  71.5800000  64.7100000 124.1700000  71.5800000  62.6600000 125.0800000
  71.0270647  61.8606175 125.3461604  73.0100000  62.6600000 125.4600000
  73.3341167  63.6780379 125.6791214  73.1260529  62.0725970 126.3703671
  73.9400000  62.0700000 124.3900000  75.1600000  62.1200000 124.5100000
  73.3400000  61.4900000 123.3700000  72.3327481  61.5160269 123.3377144
  74.0100000  60.9900000 122.1900000  74.9078417  60.4622810 122.5048024
  73.0700000  59.9700000 121.5600000  73.3588538  59.7738710 120.5283072
  73.2156877  59.0732244 122.1516514  71.2800000  60.2300000 121.6500000
  74.4600000  62.1200000 121.2700000  74.0300000  63.2600000 121.4100000
  75.4000000  61.8300000 120.3700000  75.7183890  60.8771709 120.2676248
  76.1200000  62.8800000 119.6500000  76.5535035  63.5575661 120.3873462
  77.2600000  62.2700000 118.8400000  76.8425725  61.7315391 117.9868137
  77.8342992  63.1088687 118.4730490  78.2600000  61.3800000 119.5500000
  78.4100000  61.3300000 120.7600000  78.9800000  60.6100000 118.7600000
  78.8890796  60.6889668 117.7555736  79.6925521  60.0243641 119.1669223
  75.1900000  63.6900000 118.7300000  74.2300000  63.1600000 118.1900000
  75.5200000  64.9600000 118.4800000  76.3434185  65.3577802 118.9085329
  74.7300000  65.7900000 117.5600000  73.6791883  65.6408552 117.8137532
  75.0300000  67.2800000 117.8300000  74.3035548  67.8813031 117.2829355
  74.8790077  67.4778116 118.8920086  76.4300000  67.7600000 117.4300000
  77.1600000  67.1800000 116.6600000  76.8700000  68.8800000 117.9500000
  76.2995131  69.3975892 118.6005754  77.7852067  69.2154065 117.6891349
  74.8800000  65.3700000 116.0800000  74.0700000  65.7600000 115.2400000
  75.8800000  64.5400000 115.8000000  76.5170657  64.3131412 116.5526744
  76.2100000  63.9500000 114.5100000  75.6368231  64.4567103 113.7335073
  77.7100000  64.1900000 114.2100000  77.9338335  63.8423948 113.2009846
  77.9044447  65.2634067 114.2326854  78.6500000  63.5000000 115.2100000
  78.5700000  63.8500000 116.4100000  79.3800000  62.5900000 114.7700000
  75.8400000  62.4500000 114.4500000  76.2900000  61.7400000 113.5600000
  75.0200000  61.9600000 115.3900000  74.6764218  62.5781913 116.1115749
  74.5200000  60.5800000 115.4000000  75.3751560  59.9106144 115.4903373
  73.6000000  60.3500000 116.6000000  73.2051762  59.3345112 116.5649512
  74.1653157  60.4742501 117.5239102  72.5300000  61.2700000 116.5800000
  72.8199426  62.0790292 117.0138097  73.7600000  60.2400000 114.1200000
  73.1600000  61.1100000 113.4800000  73.7400000  58.9500000 113.7500000
  74.2427662  58.2733797 114.3072936  73.1000000  58.4800000 112.5100000
  73.7311653  58.7881579 111.6771829  73.0000000  56.9400000 112.5000000
  74.0063681  56.5196961 112.4930513  72.5052150  56.6146005 113.4163639
  72.2000000  56.3900000 111.2900000  71.1766404  56.7631736 111.3240743
  72.8100000  56.7700000 109.9500000  72.2936080  56.2695642 109.1334415
  72.7513106  57.8457007 109.7917373  73.8505187  56.4543622 109.9140062
  72.1200000  54.8700000 111.3400000  71.5461812  54.4986021 110.4905383
  73.1202070  54.4366171 111.3133061  71.6195753  54.5606444 112.2576359
  71.7100000  59.1000000 112.3100000  71.4700000  59.7400000 111.3000000
  70.8100000  58.9000000 113.2800000  71.0760898  58.3887818 114.1106676
  69.4100000  59.3300000 113.1700000  68.9721695  58.8429941 112.2972079
  68.6400000  58.8700000 114.4200000  69.1151402  59.2919329 115.3027169
  67.1700000  59.2700000 114.3900000  66.6840768  58.9643656 115.3167741
  67.0466287  60.3466398 114.2749688  66.6967244  58.7436444 113.5778310
  68.6800000  57.3400000 114.5000000  68.1029484  56.9878999 115.3559852
  68.2981970  56.9073247 113.5765177  69.6981972  56.9842477 114.6120033
  69.2900000  60.8400000 112.9700000  68.5100000  61.2800000 112.1300000
  70.1000000  61.6400000 113.6600000  70.7561568  61.2351230 114.3139736
  70.1200000  63.0800000 113.4700000  69.0886608  63.4253824 113.5384311
  70.9300000  63.7500000 114.5800000  70.5947060  63.3771217 115.5491699
  71.9868087  63.5041081 114.4658504  70.7600000  65.2800000 114.5500000
  71.3459724  65.7154633 115.3589456  71.1472212  65.6784355 113.6120025
  69.3000000  65.7000000 114.7400000  68.6000000  65.2400000 115.6200000
  68.7800000  66.5900000 113.9300000  69.3297042  66.9731351 113.1750327
  67.8222214  66.8785282 114.0545931  70.6600000  63.4600000 112.0900000
  70.1200000  64.3700000 111.4500000  71.6600000  62.7600000 111.5600000
  72.0796535  62.0047053 112.0856501  72.1700000  63.0300000 110.2000000
  72.4121065  64.0923660 110.1387991  73.4500000  62.2500000 109.9000000
  73.2703928  61.1773573 109.9725344  73.7146312  62.4732415 108.8666372
  74.6100000  62.6400000 110.8300000  74.4785554  63.6641360 111.1816768
  74.5889050  61.9823439 111.6909103  75.9900000  62.5500000 110.1700000
  76.1600000  62.6500000 108.9700000  77.0300000  62.3900000 110.9400000
  76.9215849  62.3035011 111.9403717  77.9480280  62.3408749 110.5259120
  71.1100000  62.7400000 109.1300000  70.9100000  63.5600000 108.2400000
  70.3800000  61.6200000 109.2400000  70.5653384  60.9747896 109.9965281
  69.2700000  61.3200000 108.3200000  69.6558134  61.4132334 107.3033387
  68.7500000  59.8700000 108.4900000  68.2332477  59.8046304 109.4496596
  67.7500000  59.5400000 107.3600000  67.2909849  58.5659773 107.5148661
  66.9366253  60.2632492 107.3456308  68.2520028  59.5530941 106.3917483
  69.8800000  58.8100000 108.4700000  70.3143904  58.7638151 107.4702703
  70.6748859  59.0784242 109.1516465  69.3800000  57.4100000 108.8600000
  68.6529142  57.0332475 108.1438027  70.2085058  56.7106080 108.8663916
  68.9338926  57.4387280 109.8545039  68.1400000  62.3400000 108.4900000
  67.5300000  62.7400000 107.5000000  67.8900000  62.8100000 109.7200000
  68.4133358  62.4597469 110.5107690  66.9100000  63.8800000 109.9500000
  65.9811112  63.5548551 109.4813025  66.6400000  64.0500000 111.4500000
  66.2948814  63.0962058 111.8511530  67.5756971  64.3001469 111.9471895
  65.6100000  65.1100000 111.8100000  64.5700000  65.4700000 110.9200000
  64.4413811  64.9634186 109.9768255  63.7100000  66.5300000 111.2200000
  62.9337305  66.8052957 110.5202272  63.8500000  67.2400000 112.4200000
  63.1913063  68.0679211 112.6403245  64.8400000  66.8600000 113.3400000
  64.9339089  67.3845664 114.2797022  65.7100000  65.7900000 113.0400000
  66.4541487  65.4906860 113.7596564  67.3400000  65.2000000 109.2800000
  66.5500000  65.7800000 108.5500000  68.5900000  65.6400000 109.4200000
  69.2214136  65.1209575 110.0125258  69.1000000  66.8600000 108.7700000
  68.4863557  67.7088807 109.0752055  70.5500000  67.1100000 109.2000000
  71.1631418  66.2708409 108.8671891  70.9158160  68.0033664 108.6924092
  70.7700000  67.3000000 110.6900000  69.8700000  67.5300000 111.4800000
  72.0100000  67.2200000 111.1100000  72.2103828  67.3219061 112.0942602
  72.7546940  67.0326090 110.4570891  69.0700000  66.7500000 107.2300000
  68.8000000  67.7300000 106.5400000  69.3100000  65.5600000 106.7100000
  69.5339360  64.7930914 107.3301132  69.1900000  65.2700000 105.2900000
  69.7811120  66.0008283 104.7359031  69.8100000  63.8900000 105.0800000
  69.9996809  63.7663010 104.0224279  70.7692936  63.8216926 105.5938946
  69.1437401  63.1055093 105.4372865  67.7300000  65.3300000 104.7900000
  67.4900000  65.8400000 103.7000000  66.7700000  64.8700000 105.6100000
  67.0328755  64.4500369 106.4913104  65.3500000  65.0600000 105.3600000
  65.1705640  64.8158259 104.3232880  64.5500000  64.0800000 106.2300000
  63.4874485  64.1816608 106.0073185  64.8604558  63.0572434 106.0143533
  64.7142902  64.2896904 107.2863860  64.8900000  66.5200000 105.5700000
  63.9300000  66.9600000 104.9400000  65.5900000  67.3100000 106.3700000
  66.3702862  66.9285079 106.8858617  65.2800000  68.7300000 106.5400000
  64.1960006  68.8073829 106.6217523  65.8900000  69.2200000 107.8600000
  65.7366336  68.4590757 108.6271575  66.9637796  69.3633312 107.7362506
  65.2600000  70.5300000 108.3700000  65.6956607  70.7756079 109.3389712
  65.5133709  71.3411084 107.6889965  63.7400000  70.4500000 108.5300000
  63.1800000  69.5300000 109.1000000  63.0100000  71.4400000 108.0700000
  63.4506114  72.2123851 107.5961288  62.0077323  71.3938926 108.1671600
  65.7100000  69.6100000 105.3400000  65.2500000  70.7500000 105.2100000
  66.6200000  69.0900000 104.5000000  66.9844448  68.1679691 104.6975264
  67.0700000  69.7300000 103.2600000  66.9807247  70.8089125 103.3743855
  68.5400000  69.3800000 103.0100000  68.6661497  68.2999930 103.1023258
  68.7927752  69.6534750 101.9841551  69.5300000  70.0900000 103.9500000
  69.3014734  69.8481601 104.9872740  70.9500000  69.6200000 103.6300000
  71.0106964  68.5353117 103.7245108  71.2233230  69.9125415 102.6165464
  71.6540057  70.0668656 104.3329625  69.5000000  71.6100000 103.7700000
  70.3244232  72.0641552 104.3182706  69.6096028  71.8540287 102.7163751
  68.5674250  72.0260027 104.1489529  66.2400000  69.3600000 102.0200000
  66.0500000  70.2300000 101.1800000  65.8200000  68.1000000 101.9100000
  66.1215398  67.4594062 102.6319550  64.7200000  67.5900000 101.0500000
  64.6461925  66.5256420 101.2793676  63.4300000  68.2400000 101.5500000
  63.4591113  68.3477475 102.6355997  63.3275481  69.2356201 101.1151556
  62.2200000  67.3900000 101.2000000  61.9800000  66.4200000 101.9400000
  61.5500000  67.7100000 100.1900000  60.8062533  67.1168288 100.0673793
  64.8800000  67.6900000  99.5100000  64.3300000  66.8900000  98.7600000
  65.7200000  68.6000000  99.0100000  66.1815250  69.2249319  99.6516312
  65.9900000  68.8000000  97.5700000  65.4244409  68.0764005  96.9811952
  65.5300000  70.2000000  97.1600000  65.8009404  70.9242270  97.9297510
  66.0397294  70.4875169  96.2392409  64.0400000  70.2500000  96.8800000
  63.5600000  69.6200000  95.9600000  63.2800000  71.0400000  97.5900000
  63.6679887  71.5730793  98.3522427  62.2957372  71.0971618  97.3757065
  67.4700000  68.5700000  97.2300000  67.8000000  67.8300000  96.3100000
  68.4000000  69.1400000  98.0100000  68.1220831  69.7564160  98.7602026
  69.8200000  68.7700000  97.8900000  70.1039195  68.8385478  96.8389989
  70.6700000  69.7700000  98.6600000  70.5296212  70.7290486  98.1667152
  70.2995873  69.8165893  99.6851200  72.1500000  69.4900000  98.6900000
  72.9300000  69.7200000  97.5400000  72.4688086  70.0764412  96.6299602
  74.3100000  69.4600000  97.5700000  74.9118304  69.6421488  96.6919442
  74.9200000  69.0100000  98.7600000  76.2600000  68.7800000  98.7800000
  76.7463238  69.4629181  99.2521361  74.1400000  68.7900000  99.9200000
  74.6054031  68.4331478 100.8272210  72.7600000  69.0200000  99.8800000
  72.1669520  68.8449163 100.7650668  70.0800000  67.3300000  98.3400000
  71.0900000  66.7500000  97.9600000  69.1400000  66.7400000  99.0700000
  68.3433623  67.2981571  99.3419386  69.0200000  65.3100000  99.3200000
  69.6920009  64.7400594  98.6774358  69.3200000  65.0100000 100.7900000
  68.7689657  65.6990495 101.4301350  68.9200000  63.5800000 101.1300000
  69.1465497  63.3805102 102.1671135  67.8491249  63.4426384 101.0372666
  69.4428033  62.8686793 100.4895041  70.7000000  65.1400000 101.0400000
  70.9446379  66.0577867 100.9026010  67.5700000  64.9100000  99.0400000
  66.7000000  65.5000000  99.6400000  67.3100000  63.8900000  98.2200000
  68.0869615  63.4200761  97.7777202  65.9500000  63.4400000  97.8600000
  65.3052596  64.3200585  97.8296217  65.9900000  62.8600000  96.4200000
  66.7810851  62.1123784  96.3718285  65.0578389  62.3385046  96.2052763
  66.2400000  63.9200000  95.3200000  66.3803157  64.9006350  95.7764420
  67.1391890  63.6652257  94.7569534  65.0400000  63.9800000  94.3600000
  65.0407224  63.0873803  93.7325502  64.1362393  63.9809192  94.9469392
  65.0300000  65.1700000  93.5000000  65.9244423  65.5480140  93.2264604
  63.9400000  65.7200000  92.9800000  62.7400000  65.2900000  93.2100000
  62.5994622  64.4725168  93.7829720  61.9672343  65.6771150  92.6924623
  64.0400000  66.7300000  92.1600000  64.9545805  67.0384464  91.8698749
  63.2157806  67.0865244  91.7043451  65.3100000  62.4900000  98.8900000
  64.7800000  61.4500000  98.5100000  65.4200000  62.7800000 100.1900000
  65.8652683  63.6506426 100.4450353  64.8500000  61.9800000 101.3000000
  64.3329775  61.1066441 100.9003853  65.9600000  61.4800000 102.2600000
  66.5578488  62.3328515 102.5839578  65.3700000  60.8200000 103.5200000
  66.1631427  60.5180099 104.2025900  64.7349990  61.5209395 104.0605042
  64.7785804  59.9471501 103.2420131  66.8500000  60.5000000 101.4800000
  66.2554178  59.6505195 101.1397048  67.2630366  60.9971741 100.6027589
  68.0300000  59.9800000 102.3000000  67.6752498  59.2714832 103.0457887
  68.7334414  59.4859346 101.6299084  68.5228815  60.8129249 102.7968104
  63.8300000  62.8500000 102.0200000  64.1900000  63.9200000 102.4800000
  62.5800000  62.3800000 102.0800000  62.3891616  61.4571895 101.7187488
  61.4300000  63.2300000 102.3700000  61.6079464  64.2101048 101.9602071
  60.5833695  62.8196386 101.8201405  61.0000000  63.3500000 103.8300000
  60.2800000  64.2600000 104.2000000  61.3600000  62.3700000 104.6700000
  61.9647176  61.6332440 104.3363461  60.7500000  62.2400000 106.0000000
  60.4407838  63.2292860 106.3396012  59.4800000  61.3700000 105.9200000
  59.7774248  60.3379011 105.7277554  58.9738586  61.3886482 106.8861993
  58.4900000  61.8000000 104.8500000  57.5500000  62.8100000 105.1000000
  57.4930275  63.2710513 106.0750924  56.6900000  63.2500000 104.0600000
  55.9650102  64.0278336 104.2496363  56.7600000  62.6400000 102.7900000
  56.1049856  62.9721745 101.9974697  57.7000000  61.6400000 102.5400000
  57.7858512  61.2111597 101.5523080  58.5900000  61.2500000 103.5600000
  59.4255375  60.6209451 103.3209498  61.7300000  61.7200000 107.0500000
  62.8100000  61.2000000 106.7400000  61.3300000  61.8600000 108.3100000
  60.4263915  62.2728403 108.4862201  62.1400000  61.5100000 109.4700000
  63.1090195  61.9935730 109.3429744  61.4700000  62.1000000 110.7100000
  62.0311773  61.8421559 111.6072660  61.4267969  63.1864760 110.6239868
  60.4573296  61.7066537 110.8079551  62.3400000  59.9800000 109.5800000
  61.4800000  59.2100000 109.1500000  63.4500000  59.5400000 110.2100000
  64.4900000  60.3800000 110.7500000  64.0997810  61.2047180 111.3434166
  65.1108350  60.7582338 109.9363800  65.3000000  59.4600000 111.6300000
  64.8080080  59.3727648 112.6003248  66.3212701  59.8247814 111.7210027
  65.2500000  58.1200000 110.9000000  65.4055465  57.2750108 111.5638571
  65.9970802  58.1127973 110.1046485  63.8500000  58.1300000 110.2800000
  63.9295294  57.7452221 109.2881500  62.9200000  57.1500000 110.9800000
  63.0300000  55.9600000 110.7200000  62.0100000  57.6400000 111.8400000
  61.9597590  58.6358543 111.9962881  61.0800000  56.7800000 112.5800000
  60.6421620  57.3918722 113.3688043  59.9500000  56.3400000 111.6500000
  59.6592111  57.1769347 111.0134321  60.2864181  55.5201661 111.0143286
  58.8200000  55.9400000 112.3900000  58.4628609  56.7084553 112.8406581
  61.8200000  55.6100000 113.2600000  61.4700000  54.4400000 113.1400000
  62.9600000  55.9700000 113.8500000  63.1994014  56.9502630 113.8700416
  63.9400000  55.0400000 114.4000000  64.2669786  54.3613014 113.6105232
  65.1400000  55.8200000 114.9100000  64.7698587  56.6390857 115.5228321
  65.7916041  55.1700762 115.4955956  65.8700000  56.3600000 113.8400000
  66.5454143  56.9324699 114.2141113  63.4000000  54.2300000 115.5700000
  62.7300000  54.7500000 116.4600000  63.7700000  52.9600000 115.6000000
  64.3580031  52.6098648 114.8579835  63.2200000  51.9900000 116.5400000
  62.1481412  52.1642266 116.6235837  63.4300000  50.5900000 115.9600000
  62.8861531  49.8732431 116.5724353  63.0494798  50.5685146 114.9426506
  64.8500000  50.1600000 115.9100000  65.6600000  50.2700000 114.8300000
  65.3610505  50.6253772 113.8540062  66.9500000  49.9900000 115.2100000
  67.7336148  50.0725886 114.5755039  67.0300000  49.6800000 116.5500000
  68.0900000  49.4500000 117.4300000  69.0940637  49.6172109 117.0882114
  67.8300000  49.0700000 118.7600000  68.6456201  48.8719481 119.4381153
  66.5000000  49.0100000 119.2200000  66.2947788  48.7526265 120.2489907
  65.4400000  49.3300000 118.3500000  64.4280526  49.3144782 118.7240937
  65.6800000  49.6700000 117.0000000  63.8200000  52.0800000 117.9500000
  63.1900000  51.6500000 118.9100000  65.0500000  52.6000000 118.0700000
  65.5194086  52.9297016 117.2399078  65.7900000  52.6600000 119.3400000
  65.6010445  51.7214927 119.8590301  67.3100000  52.7500000 119.1100000
  67.5754001  51.9807445 118.3865218  67.7600000  54.1000000 118.5300000
  68.8057876  54.0485475 118.2285762  67.1673582  54.3452051 117.6488182
  67.6461443  54.8947275 119.2681594  68.0500000  52.4300000 120.4300000
  67.8891681  53.2368724 121.1430937  67.6288867  51.5177404 120.8547648
  69.5600000  52.2100000 120.2800000  70.0511900  53.1398510 119.9936595
  69.9727107  51.8790182 121.2334532  69.7533007  51.4473878 119.5249105
  65.2800000  53.7900000 120.2400000  65.2500000  53.6600000 121.4600000
  64.8600000  54.8800000 119.6200000  64.9291330  54.9267198 118.6137701
  64.2800000  56.0300000 120.2900000  64.9074177  56.2631551 121.1517170
  64.3700000  57.2300000 119.3300000  63.6228831  57.1184508 118.5420948
  64.1626174  58.1500855 119.8779688  65.7700000  57.3100000 118.6900000
  66.7400000  57.6500000 119.4000000  65.9300000  56.8800000 117.5300000
  62.8700000  55.6900000 120.8100000  62.6000000  55.9100000 121.9900000
  62.0600000  54.9900000 119.9900000  62.3569523  54.8216489 119.0388349
  60.7800000  54.3700000 120.4000000  60.1197782  55.1407050 120.7994822
  60.0800000  53.6700000 119.2200000  60.8324405  53.3341668 118.5048125
  59.5889902  52.7721002 119.5985914  58.9900000  54.4500000 118.4600000
  58.7900000  55.6500000 118.7100000  58.2900000  53.8100000 117.6200000
  61.0000000  53.3200000 121.5000000  60.2500000  53.2900000 122.4800000
  62.0200000  52.4500000 121.3800000  62.6058989  52.4987822 120.5589365
  62.3900000  51.4800000 122.4200000  61.5486966  50.8034369 122.5626060
  63.6200000  50.6500000 122.0100000  63.3739485  50.0291431 121.1525155
  64.4098443  51.3256687 121.6993178  64.1700000  49.7600000 123.1200000
  63.2900000  48.9100000 123.8200000  62.2445489  48.9030070 123.5707615
  63.7600000  48.0900000 124.8600000  63.0746843  47.4528782 125.3994279
  65.1200000  48.1300000 125.2200000  65.5500000  47.3200000 126.2200000
  66.4972656  47.1608240 126.1921065  66.0000000  48.9900000 124.5400000
  67.0349529  49.0168649 124.8290015  65.5300000  49.8200000 123.5000000
  66.2095481  50.4963574 123.0005459  62.6600000  52.1700000 123.7500000
  62.1500000  51.7300000 124.7800000  63.4500000  53.2500000 123.7400000
  63.8343350  53.5641739 122.8592190  63.7600000  54.0300000 124.9300000
  64.0894562  53.3296898 125.6767711  64.9300000  54.9900000 124.7300000
  64.7396762  55.5897807 123.8387483  64.9636944  55.6719692 125.5808691
  66.3000000  54.3400000 124.6300000  66.6700000  53.2500000 125.4400000
  65.9833610  52.8211226 126.1506433  67.9600000  52.7000000 125.3400000
  68.2522596  51.8772622 125.9746324  68.8800000  53.2400000 124.4300000
  69.8676953  52.8113635 124.3467288  68.5300000  54.3400000 123.6300000
  69.2387460  54.7499354 122.9255670  67.2400000  54.8800000 123.7300000
  66.9723568  55.7258941 123.1134091  62.5400000  54.7500000 125.5100000
  62.4000000  54.7900000 126.7300000  61.6300000  55.2600000 124.6700000
  61.7849229  55.1989162 123.6719696  60.3900000  55.8800000 125.1500000
  60.6862203  56.5396257 125.9562386  59.6900000  56.6900000 124.0400000
  60.3362270  56.7476291 123.1641218  58.7702696  56.1887822 123.7321609
  59.3700000  58.1300000 124.4700000  59.9000000  58.6300000 125.5000000
  58.4300000  58.7200000 123.9100000  59.4200000  54.8500000 125.7300000
  58.6000000  55.1700000 126.6100000  59.5100000  53.6100000 125.2600000
  60.1748146  53.4174675 124.5226010  58.7200000  52.4900000 125.7500000
  57.6919126  52.8266630 125.8921265  58.7100000  51.4300000 124.6600000
  58.2392027  51.8403100 123.7656278  59.7286779  51.1480626 124.4024809
  57.9800000  50.2000000 125.0600000  56.6700000  49.9500000 124.8600000
  55.9711440  50.6095056 124.3659083  56.3600000  48.7200000 125.4200000
  55.4349759  48.3104066 125.3716121  57.4800000  48.1200000 125.9700000
  57.7000000  46.8700000 126.5500000  56.9036883  46.1519653 126.5886441
  58.9700000  46.5500000 127.0400000  59.1519158  45.5774215 127.4733964
  60.0100000  47.4900000 126.9700000  60.9905746  47.2445993 127.3518264
  59.7900000  48.7200000 126.3200000  60.6172507  49.3986362 126.1888980
  58.5200000  49.0700000 125.8000000  59.2200000  51.9400000 127.0900000
  58.4100000  51.6700000 127.9800000  60.5400000  51.7900000 127.2800000
  61.1649597  52.0226166 126.5198521  61.1500000  51.2600000 128.5300000
  60.5623240  50.3939848 128.8376106  62.5900000  50.7600000 128.2800000
  62.5447326  49.9907175 127.5081411  63.5000000  51.8800000 127.7900000
  63.7051249  52.5997432 128.5832484  64.4356649  51.4655963 127.4142229
  62.9832553  52.3876647 126.9977432  63.3300000  50.1700000 129.4900000
  64.2396973  49.6711865 129.1550326  63.5996855  50.9444615 130.2065807
  62.6933199  49.4320006 129.9788914  61.1100000  52.2600000 129.6900000
  61.3000000  51.8600000 130.8400000  60.9000000  53.5600000 129.4200000
  60.7439693  53.8573188 128.4662382  61.0200000  54.5900000 130.4700000
  62.0461611  54.5202112 130.8244191  60.8500000  56.0100000 129.9200000
  61.1776300  56.7242358 130.6767698  61.5083437  56.1154495 129.0561440
  59.4100000  56.3600000 129.5100000  58.9651358  55.5194980 128.9869999
  58.8281410  56.5621609 130.4074591  59.4000000  57.6000000 128.6200000
  59.8728143  58.4238932 129.1566416  59.9798685  57.3974587 127.7264822
  57.9800000  58.0200000 128.2300000  57.5041306  57.2049835 127.6819421
  57.4058824  58.2299209 129.1332531  58.0200000  59.2300000 127.3700000
  58.5304832  59.9677180 127.8315698  58.4954903  59.0086997 126.5041288
  57.0826669  59.5358028 127.1540442  60.0600000  54.2700000 131.6300000
  58.8900000  53.9800000 131.3700000  60.4800000  54.4200000 132.9000000
  61.7900000  54.8500000 133.3600000  61.8666317  55.9342337 133.2729468
  62.5957812  54.3680616 132.8071048  61.8800000  54.4400000 134.8300000
  62.4607105  55.1578222 135.4104410  62.3213046  53.4540426 134.9156818
  60.4200000  54.3900000 135.2900000  60.1445415  55.3777036 135.6605129
  60.2700234  53.6399254 136.0676644  59.6100000  54.0700000 134.0300000
  59.4082913  52.9985084 133.9943018  58.2900000  54.8400000 134.0100000
  57.2700000  54.3400000 134.4700000  58.2900000  56.0600000 133.4600000
  59.1565642  56.4026905 133.0725801  57.1400000  56.9700000 133.4400000
  56.7565890  57.0814100 134.4554445  57.5800000  58.3400000 132.9200000
  57.7182773  58.2684413 131.8393214  56.7701359  59.0474700 133.1052701
  58.8900000  58.9000000 133.5100000  58.7299768  59.1540670 134.5584409
  59.6946484  58.1682871 133.4404992  59.3200000  60.1400000 132.7500000
  60.4500000  60.2700000 132.3600000  58.4400000  61.0700000 132.4700000
  58.7404134  61.8921705 131.9680724  57.4866671  60.9721653 132.7869875
  56.0100000  56.4900000 132.5200000  54.8400000  56.7000000 132.8200000
  56.3700000  55.8600000 131.4000000  57.3533281  55.7146198 131.2234186
  55.4300000  55.1900000 130.5100000  54.6511893  55.8943104 130.2156165
  56.1800000  54.7300000 129.2500000  56.5530519  55.5987861 128.7098265
  57.0160562  54.0882955 129.5278271  55.3100000  54.0100000 128.4200000
  55.7784071  53.7767771 127.6133773  54.7800000  54.0000000 131.2200000
  53.5800000  53.7700000 131.0900000  55.5500000  53.2700000 132.0400000
  56.5218748  53.5231584 132.1492375  55.0800000  52.0900000 132.7900000
  55.9538089  51.6528698 133.2736277  54.1000000  52.5300000 133.9100000
  53.6795974  53.5104137 133.6855825  53.2690499  51.8286486 133.9770198
  54.7200000  52.5800000 135.1900000  55.3503989  53.3069471 135.1884070
  54.4800000  50.9700000 131.9100000  53.8900000  50.0400000 132.4400000
  54.6300000  51.0300000 130.5700000  55.0931136  51.8273192 130.1578790
  54.1300000  50.0000000 129.6600000  53.0427714  49.9422585 129.7253741
  54.5400000  50.3200000 128.2200000  55.6099265  50.5323847 128.1891922
  54.3724628  49.4280493 127.6151788  53.6800000  51.6800000 127.4200000
  54.7300000  48.6400000 130.0000000  54.0100000  47.6500000 130.1800000
  56.0600000  48.6100000 130.1100000  56.5916214  49.4551207 129.9605421
  56.7700000  47.4100000 130.4800000  56.2750117  46.5960366 129.9583679
  58.2000000  47.4800000 129.9600000  58.5354976  46.4660688 129.7447035
  58.1914804  48.0402654 129.0262761  59.4300000  48.2300000 131.0300000
  56.6500000  47.1300000 131.9800000  56.8600000  47.9800000 132.8500000
  56.3600000  45.8600000 132.2800000  56.1729994  45.2108092 131.5253179
  56.3500000  45.3400000 133.6300000  57.0960807  45.8766533 134.2170600
  54.9500000  45.5900000 134.2200000  54.6107304  46.5519210 133.8408834
  54.2476391  44.8276788 133.8866134  54.9800000  45.6600000 135.7500000
  55.2228738  44.6791569 136.1510661  55.7727127  46.3566713 136.0011050
  53.7300000  46.2100000 136.4500000  52.9171100  45.4862420 136.3753998
  53.9615997  46.3699119 137.4986356  53.3100000  47.5100000 135.9200000
  53.7231904  48.3228946 136.3498804  52.5000000  47.7100000 134.8900000
  51.9000000  46.7300000 134.2700000  51.9878638  45.7892931 134.6207274
  51.2764017  46.9179658 133.5004619  52.3300000  48.9100000 134.4400000
  51.7751220  49.0672823 133.6119784  52.8119397  49.6881898 134.8602396
  56.7400000  43.8800000 133.5700000  56.3800000  43.1900000 132.6300000
  57.4900000  43.4000000 134.5500000  57.7570220  44.0013897 135.3169320
  57.9200000  42.0100000 134.6100000  57.4770910  41.4822659 133.7713224
  59.4500000  41.8900000 134.4500000  59.7612766  42.5923656 133.6741412
  60.2200000  42.2400000 135.7200000  61.2894120  42.2529633 135.5075953
  59.9245652  43.2275935 136.0742079  60.0326022  41.5089436 136.5040912
  59.8400000  40.5000000 133.9600000  60.9262340  40.4155180 133.9168838
  59.4403747  39.7479777 134.6358351  59.4496928  40.3472282 132.9557264
  57.3800000  41.3700000 135.8800000  57.2700000  42.0300000 136.9200000
  57.0300000  40.0900000 135.8200000  57.1096586  39.5936099 134.9434977
  56.8200000  39.3100000 137.0400000  56.0142562  39.7444673 137.6262162
  56.4400000  37.8900000 136.6800000  55.9486814  37.8672777 135.7046307
  57.3416070  37.2825705 136.6256123  55.4800000  37.3300000 137.7300000
  55.9300000  37.1800000 138.8900000  54.3000000  37.1000000 137.3700000
  58.1000000  39.2800000 137.8800000  59.1900000  39.2300000 137.3300000
  57.9600000  39.2600000 139.2000000  57.0389082  39.2443398 139.6143099
  59.1300000  39.3100000 140.0800000  59.8153272  40.0534046 139.6695245
  58.6900000  39.7800000 141.4700000  57.9422690  40.5675164 141.3655142
  58.2258540  38.9477154 142.0013766  59.8300000  40.3500000 142.3000000
  60.8400000  40.8400000 141.8100000  59.6800000  40.3900000 143.6000000
  58.8416794  40.0251344 144.0229376  60.4261241  40.7695692 144.1616669
  59.8800000  37.9700000 140.1600000  61.0500000  37.9700000 140.5000000
  59.2100000  36.8300000 139.9100000  58.2328788  36.8671613 139.6535119
  59.8700000  35.5100000 140.0100000  60.8430930  35.6620095 140.4715588
  59.1000000  34.5600000 140.9500000  58.9041768  35.1028454 141.8763485
  57.7400000  34.1300000 140.3600000  57.1825181  33.5607254 141.1041784
  57.1522314  35.0069596 140.0893851  57.8801151  33.5054696 139.4779661
  59.9000000  33.2900000 141.3200000  59.3269328  32.7413601 142.0687262
  60.0003023  32.6388414 140.4513297  61.3000000  33.5500000 141.9100000
  61.2395403  34.3102784 142.6894475  61.6844200  32.6266656 142.3443335
  61.9891275  33.8784545 141.1325114  60.1600000  34.8400000 138.6700000
  61.1100000  34.0700000 138.5800000  59.3400000  35.0700000 137.6500000
  58.5658794  35.7083459 137.7694986  59.4700000  34.3500000 136.3700000
  60.0777818  33.4600112 136.5364641  58.0900000  33.8200000 135.9200000
  57.5983138  33.3726846 136.7845139  57.1700000  34.8800000 135.3600000
  56.4297447  34.4358884 134.6946612  56.6143280  35.3011869 136.1929018
  57.7171797  35.6656717 134.8538158  58.1900000  32.8000000 134.9500000
  58.7585719  33.1183983 134.2430410  60.2000000  35.1600000 135.2900000
  60.4600000  34.6400000 134.2100000  60.5100000  36.4400000 135.5500000
  60.3075783  36.8161049 136.4657330  61.1300000  37.3500000 134.5800000
  61.0485539  38.3348350 135.0326198  62.6400000  37.1000000 134.4600000
  62.8061201  36.0924836 134.0762323  63.0511051  37.8022324 133.7342618
  63.4200000  37.2800000 135.7500000  63.0600000  38.1800000 136.5300000
  64.5300000  36.6900000 135.8300000  60.3900000  37.4600000 133.2300000
  60.9900000  37.6900000 132.1700000  59.0600000  37.3200000 133.2600000
  58.6247145  37.1578958 134.1560801  58.1700000  37.3800000 132.1000000
  58.7587706  37.2292028 131.1933831  57.0900000  36.3000000 132.1400000
  56.5571174  36.3373685 133.0882432  56.3541115  36.5281130 131.3661939
  57.6500000  34.9000000 131.8900000  58.7247815  34.9405438 131.7074369
  57.4813571  34.2602465 132.7497780  56.9700000  34.2900000 130.6800000
  57.3700000  34.4700000 129.5500000  55.8700000  33.5900000 130.8600000
  55.5133490  33.4385041 131.7912840  55.3964090  33.2072942 130.0567239
  57.4600000  38.7200000 131.9800000  57.0100000  39.2900000 132.9700000
  57.2700000  39.1400000 130.7300000  57.6393212  38.5852676 129.9706808
  56.5700000  40.3700000 130.3800000  57.0538380  41.1902415 130.9125944
  56.7400000  40.6200000 128.8800000  57.7917182  40.5748758 128.6137826
  56.2369174  39.8306587 128.3185665  56.1900000  41.9600000 128.4700000
  54.9300000  42.0500000 127.8600000  54.3605715  41.1597616 127.6350009
  54.4200000  43.3200000 127.5100000  53.4673667  43.4017799 127.0106569
  55.1500000  44.4700000 127.8100000  54.7411305  45.4413465 127.5838986
  56.4100000  44.3700000 128.4200000  56.9945306  45.2465679 128.6247281
  56.9300000  43.1100000 128.7500000  57.8892646  43.0365660 129.2418474
  55.0800000  40.3400000 130.7700000  54.2600000  39.6900000 130.1000000
  54.7000000  41.1100000 131.7800000  55.4115607  41.5985661 132.3039255
  53.3200000  41.5500000 131.9700000  52.6432780  40.7013092 131.8576017
  53.1400000  42.1300000 133.3800000  54.0591568  42.6353425 133.6693838
  52.3606960  42.8889311 133.3331875  52.6900000  40.9800000 134.7100000
  52.9800000  42.6100000 130.9100000  53.6200000  43.6500000 130.8600000
  51.9300000  42.3500000 130.1200000  51.4707901  41.4569983 130.2191183
  51.2900000  43.3300000 129.2300000  52.0086970  43.6417236 128.4795772
  50.1300000  42.5800000 128.5300000  50.4902633  41.5882883 128.2492486
  49.3043293  42.4316697 129.2190132  49.5700000  43.2100000 127.2600000
  49.8200000  44.3500000 126.9100000  48.7200000  42.5000000 126.5700000
  48.3247867  42.8865980 125.7260898  48.4839751  41.5665925 126.8725228
  50.8400000  44.5900000 130.0000000  50.6800000  44.5700000 131.2200000
  50.5300000  45.6800000 129.3000000  50.6685369  45.6687845 128.2985598
  49.9500000  46.8900000 129.9000000  50.4826092  47.1010973 130.8284709
  50.2200000  48.0600000 128.9500000  49.8026998  48.9776833 129.3656051
  51.2972967  48.1856402 128.8315676  49.7777850  47.8711515 127.9752539
  48.4500000  46.7500000 130.2500000  47.8900000  47.5800000 130.9600000
  47.8000000  45.6800000 129.7800000  48.3218931  45.0430899 129.1956211
  46.4700000  45.2200000 130.2200000  46.0329708  45.9223902 130.9313058
  45.4900000  45.0300000 129.0400000  46.0260578  44.6910102 128.1533396
  44.7696615  44.2570204 129.3092217  44.7300000  46.1900000 128.7400000
  45.3119212  46.8256601 128.3143768  46.6600000  43.8700000 130.9200000
  46.6700000  42.8300000 130.2500000  46.8400000  43.9000000 132.2300000
  46.8404915  44.7956750 132.6993035  46.9700000  42.7100000 133.0900000
  46.4601829  41.8711732 132.6153458  48.4500000  42.3200000 133.3100000
  48.4782338  41.4578060 133.9772994  49.1000000  41.8900000 132.0000000
  50.1193647  41.5541757 132.1902485  48.5370618  41.0680387 131.5575679
  49.1162811  42.7247692 131.3155795  49.3000000  43.4300000 133.9400000
  50.3245472  43.0912255 134.0713335  49.2855145  44.3299039 133.3280479
  48.8985179  43.6732839 134.9167649  46.2600000  42.9900000 134.4200000
  45.8800000  44.1200000 134.7000000  46.0700000  41.9500000 135.2400000
  46.3882407  41.0365481 134.9525661  45.5100000  42.0700000 136.6000000
  44.6337059  42.7156265 136.5331332  45.0100000  40.6800000 137.0600000
  44.3128375  40.3309989 136.2960540  46.1300000  39.6300000 137.1700000
  45.6894738  38.6419245 137.3054293  46.7439288  39.6122874 136.2702617
  46.7488657  39.8482801 138.0362796  44.2500000  40.6700000 138.3900000
  43.7341125  39.7165622 138.5067229  44.9265466  40.7964340 139.2351231
  43.5090811  41.4698562 138.3967296  46.4600000  42.7400000 137.6100000
  46.0700000  42.9500000 138.7500000  47.7000000  43.0800000 137.2200000
  47.9606476  42.9299789 136.2576267  48.7300000  43.6400000 138.1100000
  49.6719866  43.5699999 137.5666105  48.4800000  45.1500000 138.3300000
  47.5259619  45.2886101 138.8406990  49.2663029  45.5449003 138.9748334
  48.4900000  45.9700000 137.0400000  49.4100000  45.7300000 136.2100000
  47.6400000  46.8700000 136.8900000  48.9500000  42.8300000 139.4200000
  48.9600000  43.4200000 140.5100000  49.1300000  41.4900000 139.3700000
  49.4400000  40.6800000 138.2000000  50.3477588  41.0396838 137.7194507
  48.6234189  40.7064705 137.4851242  49.6500000  39.2500000 138.7000000
  50.7173003  39.0639501 138.8265006  49.2216156  38.5198073 138.0128055
  48.9600000  39.2100000 140.0600000  49.4407358  38.5022834 140.7367139
  47.9110999  38.9428493 139.9266455  49.0500000  40.6600000 140.5700000
  48.1361114  40.8961715 141.1170849  50.2500000  40.8600000 141.5100000
  50.0800000  41.0500000 142.7100000  51.4700000  40.7900000 140.9600000
  51.5386069  40.5888000 139.9738813  52.7100000  41.0800000 141.6800000
  52.5154359  41.8731231 142.4031759  53.1300000  39.8200000 142.4600000
  54.0157212  40.0313548 143.0602260  52.3277843  39.5075263 143.1283677
  53.3538402  39.0098353 141.7647834  53.8500000  41.5700000 140.7600000
  55.0000000  41.6500000 141.2000000  53.5700000  41.8500000 139.4800000
  52.6195508  41.7884696 139.1477766  54.6000000  42.2700000 138.5300000
  55.4771776  41.6588193 138.7459618  54.2400000  41.9300000 137.0700000
  54.9182004  42.4632858 136.4084703  54.4489357  40.8703152 136.9466787
  52.5800000  42.1400000 136.4000000  55.0400000  43.7200000 138.7800000
  54.2200000  44.6100000 138.9900000  56.3500000  43.9700000 138.7500000
  56.9672519  43.2012488 138.5267447  57.0000000  45.2500000 139.0700000
  56.2383228  45.9292182 139.4540247  58.0400000  45.0800000 140.1900000
  57.5192559  44.6778852 141.0601966  59.1600000  44.1000000 139.8100000
  59.8448613  43.9785796 140.6501911  58.7445026  43.1207338 139.5700130
  59.7172811  44.4695619 138.9485889  58.6900000  46.4100000 140.6200000
  59.2355870  46.2580268 141.5517309  59.3978037  46.7515288 139.8656325
  57.9223556  47.1662437 140.7860199  57.5800000  45.8900000 137.8100000
  57.8700000  45.2300000 136.8100000  57.7000000  47.2200000 137.8300000
  57.4135400  47.7117413 138.6640511  58.3500000  48.0000000 136.7700000
  57.7251914  47.9341266 135.8770818  58.4300000  49.4800000 137.1900000
  58.8330184  50.0709444 136.3656091  57.4181029  49.8305590 137.3959187
  59.3100000  49.6900000 138.4400000  59.0793634  48.9410037 139.1946687
  60.3542592  49.5607243 138.1682028  59.1300000  51.0800000 139.0600000
  60.1231983  51.4950806 139.2191657  58.5886978  51.7411046 138.3818392
  58.4500000  51.0000000 140.3700000  59.0520646  50.9303085 141.1776469
  57.1500000  50.9800000 140.6100000  56.2600000  51.1000000 139.6600000
  56.5535372  51.2611389 138.7099459  55.2791289  51.1108583 139.8980280
  56.7300000  50.8200000 141.8300000  57.3768953  50.7481195 142.5972797
  55.7541288  50.9740401 142.0538022  59.7400000  47.4600000 136.4300000
  60.5200000  47.1100000 137.3100000  60.0600000  47.4900000 135.1400000
  59.3683286  47.8156647 134.4801256  61.3200000  47.0100000 134.5900000
  61.3808642  45.9294905 134.7146061  61.2800000  47.4000000 133.1200000
  61.1406045  48.4806119 133.0633071  62.2320499  47.1986378 132.6387795
  59.9500000  46.6500000 132.1900000  62.5600000  47.6800000 135.1900000
  63.5300000  47.0200000 135.5600000  62.5000000  49.0100000 135.2300000
  61.6471962  49.4497940 134.9164614  63.5700000  49.9100000 135.6400000
  64.4966071  49.3448517 135.7136975  63.7300000  51.0000000 134.5700000
  62.7493095  51.4418272 134.4058995  64.3928421  51.7724579 134.9523844
  64.2300000  50.5200000 133.1900000  63.6113500  49.6934227 132.8399905
  64.1191950  51.3432433 132.4834426  65.7000000  50.0800000 133.1900000
  65.8330634  49.2771234 133.9153667  65.9439232  49.6932989 132.2001230
  66.6100000  51.2000000 133.5000000  66.2491554  52.1276427 133.3236558
  67.8400000  51.1200000 133.9600000  68.5200000  52.2200000 134.1300000
  68.1039335  53.1082608 133.8908125  69.4589148  52.1862162 134.4982784
  68.4000000  49.9900000 134.2800000  67.8939345  49.1242432 134.1728643
  69.3381321  49.9777940 134.6529937  63.1900000  50.5100000 137.0000000
  62.0800000  51.0300000 137.1200000  64.0700000  50.4300000 138.0200000
  65.4400000  49.9200000 137.9600000  65.9403248  50.2189688 137.0385462
  65.4263118  48.8333021 138.0538225  66.1500000  50.5400000 139.1500000
  66.5318815  51.5246843 138.8792377  66.9560819  49.9049445 139.5181850
  65.0300000  50.6900000 140.1800000  65.2379870  51.4983856 140.8794190
  64.9115260  49.7493403 140.7201874  63.7700000  50.9500000 139.3400000
  62.9365930  50.3918897 139.7687485  63.3900000  52.4400000 139.2600000
  64.0200000  53.2100000 138.5400000  62.3400000  52.8600000 139.9700000
  61.8409669  52.2040464 140.5534875  61.8700000  54.2500000 139.9000000
  62.0354522  54.5986887 138.8803914  60.3400000  54.3000000 140.1300000
  59.8693007  53.6803493 139.3697466  60.1138947  53.8744053 141.1092584
  59.7100000  55.7000000 140.0400000  60.0850016  56.3266111 140.8466705
  60.0100000  56.3900000 138.7000000  59.4962326  57.3515872 138.6615729
  61.0782738  56.5731118 138.5952163  59.6578246  55.7674670 137.8789509
  58.2000000  55.5800000 140.1900000  57.7327712  56.5605739 140.0913478
  57.7856686  54.9067918 139.4387273  57.9755953  55.2013531 141.1843501
  62.7100000  55.1400000 140.8200000  62.3100000  55.5100000 141.9100000
  63.9400000  55.4300000 140.3900000  64.2223097  55.0814971 139.4834119
  64.9400000  56.2000000 141.1500000  64.4338023  56.8042831 141.9026404
  65.9200000  55.2600000 141.8700000  66.5093120  55.8206385 142.5875372
  65.2300000  54.1400000 142.6400000  65.9773047  53.5713801 143.1944570
  64.5213999  54.5659307 143.3509498  64.7060362  53.4630518 141.9676684
  66.8100000  54.7000000 140.9300000  66.3163306  54.0966177 140.3685760
  65.6800000  57.1500000 140.1900000  65.5300000  56.9600000 138.9700000
  66.4300000  58.1700000 140.6500000  66.6800000  58.5800000 142.0200000
  66.7631354  57.7517051 142.7140243  65.8839943  59.2523587 142.3422941
  68.0100000  59.3400000 141.9700000  68.8412571  58.6331457 141.9604783
  68.1067731  60.0428153 142.7979095  67.9200000  60.0500000 140.6300000
  68.9090741  60.2813034 140.2320794  67.3397932  60.9666845 140.7466046
  67.1500000  59.0700000 139.7400000  66.4319150  59.6505992 139.1727095
  68.0700000  58.3300000 138.7600000  68.1400000  58.7000000 137.6000000
  68.6900000  57.2300000 139.1900000  68.5743333  56.9421488 140.1501042
  69.5600000  56.4000000 138.3400000  70.1764395  57.0677759 137.7354874
  70.5000000  55.6100000 139.2600000  70.9631204  56.3233596 139.9440398
  69.9387835  54.8988233 139.8666285  71.6400000  54.9100000 138.5000000
  71.9435747  55.5224889 137.6491078  72.4943968  54.8454167 139.1757818
  71.3300000  53.4800000 138.0200000  70.1900000  53.0000000 138.2600000
  72.2300000  52.8500000 137.4200000  68.7500000  55.5200000 137.3800000
  69.0800000  55.4200000 136.1900000  67.6200000  54.9500000 137.8200000
  67.3495981  55.0842388 138.7836017  66.8600000  54.0000000 137.0100000
  67.5469267  53.2384490 136.6395468  66.1427409  53.4989799 137.6455875
  66.1300000  54.6200000 135.8100000  65.7500000  53.9000000 134.8800000
  65.9800000  55.9500000 135.8000000  66.3310463  56.4637751 136.5972136
  65.4400000  56.7500000 134.6800000  64.4988400  56.3159433 134.3426604
  65.2000000  58.2000000 135.1300000  66.1694779  58.6115157 135.4163913
  64.8312725  58.7870877 134.2870116  64.2100000  58.3500000 136.3000000
  63.1934687  58.4095013 135.9092850  64.2604580  57.4832249 136.9513592
  64.5400000  59.6200000 137.1100000  65.6143272  59.6854071 137.2595512
  64.2330187  60.4999599 136.5421339  63.8600000  59.6300000 138.4800000
  64.1562258  58.7431130 139.0338395  64.1976362  60.5091256 139.0302107
  62.3800000  59.6600000 138.3800000  61.9723536  59.6143034 139.3055979
  62.0896976  60.5154757 137.9248572  62.0565726  58.8752068 137.8329250
  66.4200000  56.7900000 133.5000000  65.9900000  56.9600000 132.3600000
  67.7200000  56.6600000 133.7800000  67.9992341  56.5363441 134.7435498
  68.7800000  56.6100000 132.7800000  68.6958694  57.5163030 132.1788866
  70.1500000  56.6100000 133.4700000  70.0729696  57.1416948 134.4198848
  70.4650260  55.5854279 133.6745412  71.2200000  57.3400000 132.6400000
  71.3455813  56.8455348 131.6778767  70.8831873  58.3612433 132.4524216
  72.5800000  57.3800000 133.3300000  73.1800000  56.3600000 133.6200000
  73.1400000  58.5500000 133.5700000  72.6449862  59.4086181 133.3604242
  74.0472563  58.5851528 134.0077752  68.6100000  55.4000000 131.8600000
  67.9200000  54.4200000 132.1800000  69.2800000  55.4400000 130.7000000
  69.8657136  56.2387924 130.5049391  69.1800000  54.4000000 129.6800000
  68.1171593  54.2907344 129.4695328  69.8800000  54.7800000 128.3700000
  70.8759070  55.1762341 128.5768351  69.9999356  53.8772681 127.7685593
  69.0700000  55.7800000 127.5300000  69.5411379  55.8349232 126.5491759
  68.0526386  55.4121162 127.3895640  69.0300000  57.1800000 128.1700000
  68.3204038  57.1793294 128.9975150  70.0179648  57.4322137 128.5594511
  68.6200000  58.2100000 127.2100000  67.6927524  58.5925540 127.3325907
  69.3500000  58.6800000 126.2100000  68.8900000  59.6100000 125.4200000
  67.9842407  60.0148348 125.5824525  69.4206868  59.9007115 124.6130832
  70.5400000  58.2300000 125.9700000  71.0737889  58.5830849 125.1887351
  70.9529135  57.5122208 126.5695809  69.7200000  53.0600000 130.2100000
  70.7600000  53.0400000 130.8700000  69.0500000  51.9400000 129.8800000
  67.8200000  51.8600000 129.1000000  67.8771684  52.4737611 128.2019779
  66.9810104  52.1799781 129.7192674  67.6400000  50.4000000 128.7200000
  68.0902204  50.2118877 127.7475543  66.5887345  50.1136438 128.7103767
  68.4200000  49.6600000 129.8100000  68.7738257  48.6873087 129.4683569
  67.7851781  49.5363198 130.6881723  69.5800000  50.6100000 130.1600000
  69.8257080  50.5088472 131.2182214  70.8400000  50.3900000 129.3100000
  70.7500000  50.1300000 128.1100000  72.0400000  50.5400000 129.9000000
  72.0883203  50.8171848 130.8703760  73.3000000  50.3600000 129.1600000
  73.1096823  50.6242346 128.1191076  74.4000000  51.3400000 129.6200000
  75.2316699  51.2208261 128.9242329  74.0365018  52.3640222 129.5226430
  74.9200000  51.1300000 131.0500000  74.2168939  51.5828368 131.7502466
  74.9715990  50.0696517 131.2806431  76.3200000  51.6900000 131.3100000
  77.0400000  52.1900000 130.4500000  76.8000000  51.5800000 132.5300000
  77.7300186  51.9183320 132.7189795  76.2291366  51.2009446 133.2694521
  73.8100000  48.9100000 129.1400000  74.3700000  48.5000000 128.1400000
  73.6300000  48.1600000 130.2400000  73.1315529  48.5551509 131.0232628
  74.2600000  46.8500000 130.4200000  75.2726399  46.8779874 130.0156628
  74.3282338  46.6480530 131.4892093  73.5000000  45.7100000 129.7500000
  72.7100000  45.9300000 128.8300000  73.6500000  44.4800000 130.2700000
  74.2836726  44.3400743 131.0433450  72.9100000  43.3100000 129.7600000
  73.2086919  43.1234624 128.7273479  73.1707567  42.4372339 130.3580969
  71.3900000  43.5000000 129.8100000  70.6600000  42.9000000 129.0300000
  70.9200000  44.4300000 130.6500000  71.5734210  44.8837678 131.2724865
  69.5400000  44.8900000 130.7000000  68.9450220  44.0355087 130.9958446
  69.3400000  45.9400000 131.8000000  69.7848582  46.8771526 131.4593362
  68.2723665  46.1133958 131.9346403  69.9600000  45.5900000 133.1500000
  70.2400000  44.3900000 133.3700000  70.1300000  46.5400000 133.9400000
  69.0500000  45.4100000 129.3400000  67.9500000  45.1100000 128.9200000
  69.8800000  46.1200000 128.5700000  70.8123035  46.3302886 128.8975495
  69.5000000  46.5800000 127.2300000  68.7595444  47.3730264 127.3388180
  70.7300000  47.1500000 126.5300000  71.2180648  47.8801497 127.1713510
  71.4433764  46.3464611 126.3540628  70.3800000  47.8000000 125.2100000
  69.7400000  49.0600000 125.1900000  69.5195002  49.5775774 126.1054955
  69.3900000  49.6500000 123.9700000  68.8923935  50.6037350 123.9489695
  69.6400000  48.9800000 122.7700000  69.3536214  49.4281683 121.8298902
  70.2300000  47.7100000 122.7900000  70.3923928  47.1751120 121.8672017
  70.6200000  47.1300000 124.0100000  71.0789214  46.1515994 124.0134564
  68.8900000  45.4500000 126.3900000  67.7500000  45.5500000 125.9400000
  69.6000000  44.3200000 126.3000000  70.5043939  44.2851059 126.7484921
  69.1600000  43.1200000 125.5800000  68.7300797  43.4298043 124.6266427
  70.3200000  42.1700000 125.3000000  70.3975362  41.4223834 126.0923875
  70.0940195  41.6435506 124.3709931  71.6800000  42.8300000 125.1900000
  71.5897496  43.7438136 124.6020242  72.0826076  43.0619010 126.1767856
  72.7600000  41.7100000 124.3200000  74.0300000  42.8700000 123.8300000
  74.8518330  42.3257041 123.3670928  73.6084972  43.5691237 123.1086851
  74.4087052  43.3645088 124.7180385  68.1400000  42.2900000 126.3400000
  67.4100000  41.5200000 125.7400000  68.1300000  42.3800000 127.6700000
  68.7887387  42.9997210 128.1226711  67.1800000  41.6600000 128.5200000
  67.2652178  40.5932031 128.3126359  67.5800000  41.9300000 129.9800000
  68.6288684  41.6721741 130.1294713  67.4567503  42.9840206 130.1620202
  66.7400000  41.2100000 131.0400000  66.9841128  41.6349815 132.0137324
  65.6759085  41.3613861 130.8568748  67.0700000  39.7200000 131.0400000
  66.7926225  39.2850692 130.0796674  68.1407796  39.5766855 131.1931293
  66.3200000  39.0300000 132.1000000  65.4954234  38.5227549 131.8129996
  66.6100000  39.0400000 133.3900000  67.6300000  39.6600000 133.8900000
  67.8003106  39.6164875 134.8837363  68.2400160  40.1961328 133.2940287
  65.8300000  38.4000000 134.1900000  65.0416763  37.8777140 133.8382472
  65.9985418  38.3809567 135.1864456  65.7500000  42.1000000 128.2500000
  64.8500000  41.2700000 128.1800000  65.5400000  43.4100000 128.1000000
  66.3273854  44.0408981 128.1665165  64.2100000  44.0100000 127.9400000
  63.4782012  43.3088384 128.3305565  64.0700000  45.3000000 128.7700000
  64.8261245  46.0140289 128.4444943  63.0931927  45.7401922 128.5646268
  64.2100000  45.1100000 130.2800000  65.4600000  44.8400000 130.8400000
  66.2847016  44.7489864 130.2094227  65.6700000  44.6700000 132.2100000
  66.6573132  44.4611688 132.5967055  64.5800000  44.7500000 133.0700000
  64.7072786  44.5940707 134.1320895  63.3000000  44.9700000 132.5300000
  62.4474604  44.9424375 133.1849574  63.1100000  45.1900000 131.1500000
  62.1195380  45.3617516 130.7563030  63.8400000  44.2200000 126.4700000
  62.6500000  44.2600000 126.1500000  64.8400000  44.2600000 125.5700000
  65.7971577  44.2147512 125.8910778  64.6100000  44.4700000 124.1400000
  64.1048309  45.4326804 124.0799420  65.9700000  44.6300000 123.4100000
  66.4925018  45.4635268 123.8723172  66.5804381  43.7392827 123.5414141
  65.8700000  44.9500000 121.9200000  65.4198450  44.1026046 121.4094799
  65.0400000  46.2100000 121.6800000  65.0082581  46.4405730 120.6149339
  64.0242974  46.0678748 122.0329645  65.4815872  47.0562880 122.2069531
  67.2500000  45.1800000 121.3200000  67.1658604  45.4089148 120.2585179
  67.7456189  46.0121607 121.8222214  67.8568272  44.2814697 121.4364524
  63.6500000  43.4400000 123.5000000  62.6700000  43.8700000 122.9200000
  63.8100000  42.1000000 123.6500000  64.8800000  41.4300000 124.3600000
  64.7053357  41.4857268 125.4344151  65.8282663  41.8744794 124.0845939
  64.8700000  39.9800000 123.9000000  65.2123089  39.3029869 124.6834041
  65.4880251  39.8793906 123.0065309  63.4100000  39.7400000 123.5400000
  62.8710873  39.4329051 124.4384973  63.3085587  38.9809676 122.7631169
  62.9100000  41.1100000 123.0600000  62.9992546  41.1599972 121.9740209
  61.4600000  41.3300000 123.4600000  60.5600000  41.1500000 122.6500000
  61.2300000  41.7400000 124.7100000  62.0141295  41.8906051 125.3287226
  59.8900000  42.0300000 125.2300000  59.2568199  41.1630755 125.0338018
  59.9200000  42.2600000 126.7500000  60.4111424  43.2074748 126.9659535
  58.8898185  42.3270458 127.0912129  60.6200000  41.1400000 127.5300000
  60.2532789  40.1833261 127.1577873  61.6925192  41.1903271 127.3393797
  60.3500000  41.1700000 129.3300000  61.0600000  42.7600000 129.8100000
  60.8013756  42.9634921 130.8496292  62.1420545  42.7061035 129.7278341
  60.6691546  43.5599307 129.1822475  59.2700000  43.2400000 124.5300000
  58.1000000  43.1800000 124.1600000  60.0600000  44.2800000 124.2300000
  61.0247745  44.2668848 124.5333489  59.6400000  45.4000000 123.3800000
  58.7319505  45.8294300 123.8065075  60.7200000  46.4900000 123.3900000
  60.7071819  46.9833661 124.3586971  61.7039628  46.0467559 123.2782843
  60.5500000  47.5400000 122.3000000  59.4800000  48.4500000 122.3800000
  58.7670227  48.3798211 123.1841148  59.3600000  49.4700000 121.4200000
  58.5513604  50.1826303 121.4950932  60.2800000  49.5700000 120.3700000
  60.1868773  50.3641385 119.6452918  61.3200000  48.6300000 120.2600000
  62.0376951  48.7121095 119.4562225  61.4600000  47.6200000 121.2300000
  62.2673869  46.9167666 121.1427849  59.3200000  44.9700000 121.9400000
  58.2800000  45.3800000 121.4200000  60.1300000  44.1200000 121.3000000
  60.9679357  43.7959274 121.7650490  59.8200000  43.5900000 119.9600000
  59.5680701  44.4288992 119.3103009  61.0000000  42.8100000 119.3200000
  61.3099359  42.0249562 120.0115669  60.6256533  42.3039369 118.4290431
  62.2500000  43.5700000 118.8600000  62.8603113  42.8775996 118.2781428
  61.9100000  44.7600000 117.9700000  62.8083856  45.1523214 117.5076238
  61.2192513  44.4323070 117.2008969  61.4360653  45.5519234 118.5512117
  63.1000000  44.0900000 120.0000000  63.9918691  44.5578340 119.5846388
  62.5496531  44.8211953 120.5818511  63.4064041  43.2476679 120.6166329
  58.6100000  42.6400000 119.9500000  58.1400000  42.3000000 118.8700000
  58.1300000  42.2100000 121.1100000  58.5980868  42.5030134 121.9570801
  56.9300000  41.3700000 121.2800000  56.6583833  40.9542631 120.3094112
  57.2800000  40.2000000 122.2100000  58.3550833  40.1524448 122.3651461
  56.8007195  40.3348621 123.1802334  56.8800000  38.9600000 121.6400000
  57.2424609  38.2501314 122.1773312  55.7100000  42.1600000 121.7900000
  54.6200000  41.6100000 121.9100000  55.8800000  43.4600000 122.0900000
  56.7994430  43.8660523 121.9811192  54.8400000  44.3300000 122.6500000
  54.3161890  43.7667686 123.4238244  55.4900000  45.5500000 123.3400000
  56.3183227  45.2075715 123.9611099  55.8871531  46.2350050 122.5930793
  54.4900000  46.2900000 124.2300000  53.4200000  46.6900000 123.7400000
  54.8100000  46.5300000 125.4100000  53.8200000  44.7700000 121.5800000
  54.1700000  45.3000000 120.5200000  52.5400000  44.5800000 121.8900000
  52.3282364  44.2165944 122.8071787  51.4000000  44.8400000 121.0100000
  51.7386932  44.7856577 119.9749930  50.3600000  43.7200000 121.2600000
  50.3916243  43.4136585 122.3073877  49.3512741  44.0883756 121.0793360
  50.5800000  42.5300000 120.3600000  50.6700000  42.6500000 119.1500000
  50.6200000  41.3300000 120.9000000  50.7054249  40.5092208 120.3138624
  50.5474144  41.2388364 121.9054841  50.7900000  46.2500000 121.2200000
  51.0000000  46.8800000 122.2500000  49.9400000  46.7400000 120.3000000
  49.5600000  46.1200000 119.0400000  49.1932127  45.1032837 119.1686380
  50.4130763  46.1294811 118.3606781  48.4500000  47.0000000 118.4800000
  47.4871503  46.6807661 118.8809094  48.4359169  46.9816432 117.3895565
  48.8100000  48.3800000 119.0200000  47.9521601  49.0532336 119.0267796
  49.6152672  48.8067488 118.4204270  49.3300000  48.0700000 120.4300000
  50.0965342  48.8024350 120.6763691  48.2600000  48.1300000 121.5300000
  47.0600000  47.9800000 121.2800000  48.6700000  48.3100000 122.7900000
  49.6610826  48.4039072 122.9684903  47.7600000  48.3500000 123.9400000
  47.0036878  47.5841201 123.7811681  48.5000000  47.9900000 125.2300000
  49.2014389  47.1792980 125.0228167  49.0627115  48.8357607 125.5898567
  47.5600000  47.5600000 126.3300000  46.6400000  48.2700000 126.7100000
  47.7500000  46.4000000 126.8900000  47.1500475  46.1007969 127.6411863
  48.5195836  45.8184057 126.5839905  47.1100000  49.7500000 124.0800000
  47.8500000  50.7200000 124.2200000  45.7700000  49.8800000 124.2200000
  44.7900000  48.8200000 124.1500000  44.6807047  48.3484067 125.1258640
  45.0431348  48.0781709 123.3934349  43.4800000  49.5000000 123.7600000
  42.6136058  48.9501969 124.1283280  43.4338901  49.6097294 122.6752341
  43.6000000  50.8800000 124.4100000  43.2680212  50.8163083 125.4475525
  43.0210663  51.6312365 123.8712474  45.1000000  51.1800000 124.3600000
  45.2672205  51.7647812 123.4679877  45.5500000  52.0500000 125.5400000
  45.3500000  53.2600000 125.5100000  46.1200000  51.4500000 126.5900000
  46.2486568  50.4473502 126.5538777  46.6600000  52.1600000 127.7600000
  46.1458486  53.1183083 127.8566995  46.3600000  51.3500000 129.0200000
  46.5164168  50.2890834 128.8188281  47.0412006  51.6483103 129.8193276
  44.9200000  51.6100000 129.5000000  44.8715915  52.6210047 129.9061877
  44.2264723  51.5546059 128.6609181  44.5000000  50.6200000 130.6000000
  45.2945632  50.5446276 131.3438049  43.6104014  51.0087109 131.0978357
  44.1800000  49.2200000 130.0600000  45.0665251  48.8200965 129.5655563
  43.9292153  48.5657036 130.8966024  43.0500000  49.2400000 129.1000000
  42.9086556  48.3105995 128.7274088  42.2075032  49.5401565 129.5704846
  43.2599555  49.8786167 128.3459117  48.1600000  52.5000000 127.6700000
  48.5800000  53.4600000 128.3000000  48.9300000  51.6800000 126.9500000
  48.5038216  50.9111240 126.4549727  50.3700000  51.9200000 126.7500000
  50.7922272  52.3592031 127.6548836  51.1000000  50.6000000 126.4800000
  51.1082252  49.9968679 127.3835965  50.5743962  50.0761625 125.6931964
  52.7900000  50.7800000 125.8600000  50.6200000  52.8900000 125.5800000
  51.2500000  53.9300000 125.7400000  50.1500000  52.5100000 124.3900000
  49.6103270  51.6583567 124.3205806  50.5200000  53.1500000 123.1400000
  49.7178781  53.8244598 122.8404472  51.4326032  53.7330063 123.2718451
  50.7400000  52.1300000 122.0300000  50.0500000  51.1100000 121.9400000
  51.7000000  52.4000000 121.1400000  52.2406950  53.2454384 121.2581602
  51.9600000  51.5900000 119.9300000  51.0047053  51.4528358 119.4219372
  52.8800000  52.3900000 118.9800000  52.4533552  53.3847615 118.8417967
  53.8674027  52.4952895 119.4323242  53.0100000  51.7200000 117.6000000
  53.5744241  50.7923938 117.6916219  52.0109210  51.4737515 117.2371337
  53.6900000  52.6000000 116.5400000  53.6848377  52.0477385 115.5993032
  53.1246414  53.5223689 116.3988589  55.1400000  52.9400000 116.9200000
  55.1627373  53.9205892 117.3979620  55.4872625  52.2063849 117.6502730
  56.0900000  52.9200000 115.7700000  57.0112388  53.1807094 116.1052316
  56.1366262  51.9910886 115.3778705  55.8018949  53.5783961 115.0616344
  52.5300000  50.1900000 120.2100000  52.2400000  49.2800000 119.4400000
  53.3600000  50.0400000 121.2400000  53.5216529  50.8269485 121.8516701
  54.2600000  48.8800000 121.3900000  54.7728559  48.9531950 122.3495945
  53.6655050  47.9657137 121.3850780  55.3100000  48.8000000 120.2600000
  55.3500000  49.6400000 119.3500000  56.2200000  47.8300000 120.3600000
  56.1538684  47.1763817 121.1274988  57.3800000  47.6800000 119.4600000
  57.5578533  48.6146848 118.9282006  58.2590994  47.4920472 120.0705673
  57.3000000  46.5500000 118.4300000  58.1500000  46.4900000 117.5300000
  56.2800000  45.7000000 118.4700000  55.5895592  45.8018523 119.2023519
  56.2000000  44.5000000 117.6200000  57.1837390  44.0386079 117.6045859
  55.2100000  43.5200000 118.2500000  55.5659501  43.2509409 119.2424840
  54.2505949  44.0253137 118.3608418  54.9500000  42.2500000 117.4800000
  55.8900000  41.5200000 116.7400000  56.8783531  41.7158645 116.6461202
  55.2300000  40.4700000 116.2500000  55.6754913  39.6931514 115.6424710
  53.9500000  40.4900000 116.6400000  53.2566210  39.7848741 116.4241719
  53.7500000  41.6200000 117.4000000  52.8343370  41.9218040 117.8876086
  55.8500000  44.8300000 116.1600000  56.5900000  44.4900000 115.2400000
  54.7800000  45.6000000 115.9500000  54.2495780  45.9228110 116.7467839
  54.2100000  45.8400000 114.6200000  54.0386064  44.8669923 114.1596531
  52.8400000  46.5100000 114.8000000  52.3465241  46.6070081 113.8321268
  52.2119867  45.9034269 115.4532014  52.9633371  47.5009295 115.2388436
  55.1000000  46.6600000 113.6600000  54.7600000  46.8200000 112.5000000
  56.2000000  47.2200000 114.1600000  56.4220954  47.0523974 115.1303391
  57.0700000  48.1500000 113.4200000  56.7261248  48.2304600 112.3881230
  56.9000000  49.5400000 114.0700000  57.5017766  50.2711251 113.5295442
  55.8535473  49.8435604 114.0267589  57.2252827  49.5087294 115.1108351
  58.5400000  47.7300000 113.3700000  59.2300000  48.0500000 112.4000000
  59.0200000  47.0000000 114.3900000  58.4106922  46.7489739 115.1553449
  60.4600000  46.7800000 114.5800000  60.9782495  47.1273543 113.6906252
  60.9600000  47.6300000 115.7500000  60.5946941  47.1976179 116.6813192
  62.0493239  47.6008463 115.7741145  60.5200000  49.0800000 115.6600000
  60.7100000  49.8200000 114.4700000  61.1854918  49.3680151 113.6123640
  60.3000000  51.1600000 114.4000000  60.4439341  51.7200501 113.4870123
  59.7000000  51.7800000 115.5100000  59.2600000  53.0500000 115.3800000
  59.0388454  53.4565650 116.2284661  59.5200000  51.0500000 116.7000000
  59.0483645  51.4991341 117.5574526  59.9200000  49.7000000 116.7800000
  59.7583720  49.1388624 117.6874430  60.8600000  45.3100000 114.7300000
  62.0600000  45.0500000 114.7000000  59.9200000  44.3600000 114.7900000
  58.9457388  44.6280009 114.8040502  60.2500000  42.9200000 114.7400000
  60.8054232  42.6629346 115.6426641  58.9500000  42.1100000 114.7400000
  58.5587689  42.0456107 115.7551880  58.2148075  42.6022838 114.1021975
  59.1800000  40.8100000 114.2200000  59.8600056  40.3777907 114.7444461
  61.1400000  42.5800000 113.5300000  62.1500000  41.9100000 113.6700000
  60.8200000  43.1600000 112.3700000  59.9806270  43.7177809 112.3179339
  61.6500000  43.0700000 111.1600000  61.9661750  42.0344511 111.0243071
  60.8100000  43.4900000 109.9500000  59.8858259  43.9716875 110.2731957
  61.3749467  44.2180216 109.3706045  60.5000000  42.4200000 109.0800000
  60.3529143  42.7693214 108.1973857  62.9200000  43.9500000 111.2500000
  63.9500000  43.5800000 110.7100000  62.8600000  45.1100000 111.9100000
  62.1611803  45.4085781 112.4190554  63.9700000  46.0600000 111.9700000
  64.3273912  46.0350111 110.9122668  63.4500000  47.4700000 112.3000000
  64.2266724  48.1541799 112.2387158  62.6847891  47.7916432 111.5944510
  63.0734566  47.4466545 113.3752714  65.1100000  45.6600000 112.9100000
  66.2100000  46.2100000 112.7700000  64.8900000  44.7300000 113.8400000
  63.8884787  44.5541380 114.0706627  65.8900000  44.3200000 114.8400000
  66.7957517  45.0258496 114.5443379  65.4600000  44.6700000 116.2700000
  64.6816922  44.1018679 116.5085600  66.6200000  44.4500000 117.2500000
  66.3222956  44.9189938 118.1734644  66.7081660  43.3599892 117.4181751
  67.4028119  45.0374855 116.8067186  65.0300000  46.1400000 116.3800000
  64.9517350  46.4055759 117.4298431  65.7260616  46.7048891 115.8481892
  64.1556277  46.2126341 115.8940476  66.2000000  42.8400000 114.7300000
  65.3400000  41.9900000 114.9500000  67.4700000  42.5300000 114.4700000
  68.1630642  43.3717766 114.3267869  67.9800000  41.1700000 114.5400000
  67.2327462  40.3661945 114.3343317  69.0200000  40.9600000 113.4400000
  69.4532697  41.8750018 113.2982810  69.7129324  40.1693257 113.7191190
  68.3500000  40.7800000 112.0900000  67.4700000  39.9600000 111.9500000
  68.7900000  41.4700000 111.0700000  68.4119574  41.2741317 110.2312194
  68.8675108  42.4421545 111.2787782  68.5500000  40.9100000 115.9300000
  69.1200000  41.8000000 116.5600000  68.4900000  39.6600000 116.3700000
  68.1860421  38.8331137 115.6765841  68.9500000  39.2000000 117.6800000
  69.4915793  40.0611933 117.9692179  67.7900000  38.9300000 118.6800000
  67.3771591  37.9374810 118.6783937  68.3300000  39.2000000 120.0900000
  67.7097655  38.7009966 120.8879992  69.3524224  38.7233392 120.2060815
  68.2411810  40.2918426 120.1862436  66.4900000  39.7500000 118.4600000
  65.9641615  39.9895691 119.3877863  66.8138425  40.7340321 118.1094092
  65.5600000  39.1700000 117.3800000  66.0759622  38.3967892 116.7589223
  64.7343899  38.5944716 117.8970231  65.2176106  39.9493654 116.7002311
  69.7700000  37.9400000 117.4600000  69.2600000  36.9600000 116.9200000
  71.0500000  37.9500000 117.8500000  71.3072623  38.5989401 118.4524033
  71.8800000  36.7500000 117.8000000  71.4474197  36.1230260 117.0896762
  73.2900000  37.1200000 117.2700000  73.4747072  36.8172050 116.2172612
  73.4510929  38.1710252 117.2339010  74.4900000  36.3700000 117.8700000
  74.3181962  35.2763362 118.0437905  75.6600000  36.4100000 116.8800000
  76.4192567  35.7883306 117.3406695  75.4173333  36.1017886 115.8966604
  75.8458290  37.4398665 116.7581448  74.9900000  37.0500000 119.1500000
  75.8770608  36.5723682 119.5382941  75.2821482  38.0785153 118.9698847
  74.2855951  37.1339320 120.0154715  71.8000000  36.0000000 119.1300000
  71.8300000  36.6100000 120.2000000  71.6600000  34.6800000 119.0800000
  71.0469179  34.4250802 118.4879898  71.5800000  33.8400000 120.2700000
  71.0187730  34.4153322 120.9842871  70.6700000  32.6200000 120.0400000
  70.8879768  32.1347418 119.1156073  70.8185103  31.9337282 120.8169281
  69.1500000  32.8800000 120.1600000  68.6508812  31.9803637 119.8537589
  68.7500000  33.1900000 121.6100000  67.7815287  32.5581126 121.9613240
  69.5696139  33.0721901 122.2874337  68.3789357  34.2051379 121.7896352
  68.6400000  34.0100000 119.2700000  67.6019343  33.9088499 119.2814866
  68.9435973  34.9296589 119.7088976  69.1022173  34.1007880 118.2551537
  72.9900000  33.4400000 120.7400000  73.8400000  33.0700000 119.9300000
  73.2000000  33.4800000 122.0500000  72.5046949  33.7132359 122.6584045
  74.4900000  33.1900000 122.6700000  74.3128302  33.1367206 123.7619847
  75.0381753  32.2308522 122.2685842  75.4700000  34.3700000 122.5900000
  75.1500000  35.4500000 122.1200000  76.6900000  34.1600000 123.1100000
  76.9212023  33.5663190 123.9052149  77.8200000  35.1000000 123.0300000
  78.4611761  34.7683990 123.7158505  78.4700000  35.0300000 121.6400000
  77.8181999  35.4310904 120.9848484  79.2959105  35.5787765 121.6356923
  78.8300000  33.6400000 121.1700000  78.7100000  32.4600000 121.9200000
  78.6290057  32.3537947 122.8974313  79.0700000  31.4600000 121.1000000
  79.6422910  30.5984852 121.4445240  79.4200000  31.9500000 119.9000000
  80.0973926  31.6076057 119.2537306  79.2700000  33.3200000 119.9200000
  79.0300831  33.9543733 119.0259345  77.4800000  36.5200000 123.4900000
  77.8000000  37.5100000 122.8200000  76.7600000  36.6000000 124.6100000
  77.0071033  36.0103366 125.3338124  76.2500000  37.8500000 125.1800000
  76.1274266  37.7121672 126.1709045  76.9578801  38.5474158 125.0897241
  74.9700000  38.3800000 124.5300000  74.6000000  39.4900000 124.8500000
  74.3100000  37.6200000 123.6500000  74.8228302  36.7630526 123.3466639
  73.0500000  37.9600000 122.9300000  73.0196551  37.0470512 122.2001472
  71.8100000  37.9400000 123.8500000  71.6606643  38.8155148 124.5182143
  70.4800000  37.7300000 123.1100000  69.9584599  38.6566155 122.9217084
  70.6171856  37.0643080 122.2657940  69.7543452  37.2035994 123.6783966
  71.8800000  36.8600000 124.7500000  71.1168028  36.9112809 125.3297205
  73.1300000  39.2300000 122.0700000  72.1400000  39.9400000 121.8900000
  74.3200000  39.5300000 121.5400000  75.0735804  38.8461040 121.7833910
  74.5900000  40.7300000 120.7300000  74.5466261  41.6615238 121.3636096
  75.9700000  40.6400000 120.0900000  76.0979662  39.6157150 120.0187445
  75.7831330  41.0930547 119.1490421  77.1100000  41.3900000 120.7900000
  76.9586741  42.3643124 120.9042354  77.1801448  41.0514316 121.7452578
  78.5000000  41.0900000 120.1800000  79.1442698  41.8782941 120.4771263
  79.0076308  40.2311125 120.6393865  78.4700000  40.8600000 118.7100000
  78.5914937  41.6781486 118.1988470  78.2300000  39.7100000 118.0900000
  78.1300000  38.5800000 118.7300000  77.7186344  38.7116004 119.5437710
  78.7417632  37.9262976 118.2951132  78.0500000  39.6400000 116.8100000
  77.2400153  39.3200083 116.3744299  78.4489721  40.3437627 116.2739429
  73.5300000  40.9500000 119.6500000  73.0200000  40.0200000 119.0200000
  73.2200000  42.2200000 119.4200000  73.2671357  42.7706007 120.2490074
  72.2500000  42.6300000 118.4100000  71.3651836  42.0974390 118.5783779
  71.8400000  44.1100000 118.6100000  72.5353323  44.6521775 118.1987547
  70.5000000  44.3800000 117.9100000  70.2716031  45.3596015 118.1736337
  70.6462578  44.4834065 116.8361078  69.7704282  43.6500717 118.3198214
  71.6200000  44.4400000 120.1000000  70.9661700  45.3226878 120.2392252
  71.0910019  43.6855077 120.5116550  72.6290701  44.5808713 120.5548823
  72.8200000  42.3500000 117.0200000  74.0100000  42.5200000 116.7800000
  71.9700000  41.8900000 116.1000000  70.9834721  41.8141718 116.2433798
  72.3200000  41.7100000 114.6800000  73.3613004  41.5188728 114.6453275
  71.7291987  40.9666705 114.3453482  72.1600000  43.0100000 113.8800000
  71.9100000  44.0700000 114.4500000  72.2600000  42.9300000 112.5500000
  72.8417579  42.2993293 112.3358167  72.0700000  44.0800000 111.6700000
  72.7104137  44.7950866 111.8987014  72.2900000  43.6500000 110.2100000
  71.9788860  44.4484368 109.5226169  73.3469966  43.4644107 110.0365893
  71.7135966  42.7303126 110.1036547  70.6700000  44.7100000 111.8500000
  69.6900000  43.9900000 112.0500000  70.5800000  46.0300000 111.7200000
  71.1636378  46.4714866 111.1349617  69.3000000  46.7600000 111.8200000
  68.4971657  45.8751317 111.7411911  69.0600000  47.3800000 113.2100000
  67.9067644  47.5993023 113.2752326  69.4900000  46.4800000 114.3600000
  69.1756491  46.7894973 115.3377062  69.0094851  45.4724006 114.2955839
  70.5707837  46.3510214 114.3763988  69.7400000  48.6000000 113.3500000
  70.6681961  48.4080633 113.5065718  69.1800000  47.8200000 110.7300000
  70.1700000  48.1900000 110.0900000  67.9700000  48.3300000 110.5200000
  67.2769462  48.0354843 111.1644545  67.7300000  49.4000000 109.5700000
  68.7865929  49.7826482 109.4724355  67.2700000  48.8200000 108.2400000
  67.1961879  49.6271002 107.5950120  68.0305028  48.2274379 107.6699019
  65.8900000  48.1900000 108.2800000  65.7500000  46.8300000 108.6100000
  66.5840196  46.1924282 108.8876089  64.4800000  46.2300000 108.5900000
  64.2397854  45.1184389 108.8028984  63.3400000  47.0000000 108.2900000
  62.1100000  46.4400000 108.3200000  61.4240555  47.0410057 108.0218760
  63.4800000  48.3700000 107.9900000  62.5621778  48.8135210 108.4927338
  64.7600000  48.9600000 108.0000000  64.6158625  50.0697482 108.1172314
  66.7700000  50.4600000 110.1200000  65.9700000  50.2200000 111.0200000
  66.8900000  51.6500000 109.5400000  67.4638376  51.7897849 108.8913114
  66.1300000  52.8500000 109.8800000  65.3817971  52.6778389 110.5431605
  67.0700000  53.8800000 110.5200000  67.7183195  54.2817979 109.7504641
  66.5986568  54.7861377 110.8762053  67.8700000  53.3300000 111.6900000
  69.0600000  52.6200000 111.4600000  69.7173976  53.0004982 110.6394527
  69.7600000  52.0400000 112.5400000  70.7707400  51.8924303 112.3361280
  69.2900000  52.2200000 113.8500000  69.9807869  52.1221315 114.6930752
  68.1100000  52.9400000 114.0800000  67.8799800  53.2582694 115.1303825
  67.3900000  53.4800000 113.0000000  67.0891405  54.4586328 112.9810476
  65.5000000  53.3400000 108.5900000  66.2100000  53.7700000 107.6800000
  64.1900000  53.1200000 108.4600000  63.6551240  53.4123949 109.2734416
  63.5100000  53.3000000 107.1700000  64.1789610  53.2671668 106.4360417
  62.5700000  52.1400000 106.8600000  62.4746779  51.9613157 105.8097267
  63.2266637  51.2786816 107.1488650  61.2200000  52.0900000 107.5600000
  60.9557614  51.1900036 107.5948112  61.2849451  52.4358226 108.4910932
  59.8800000  53.0600000 106.8100000  59.6400000  52.1700000 105.2500000
  58.6543912  52.4203314 104.8270039  60.5190175  52.4170907 104.6438373
  59.6949049  51.0084377 105.2765156  62.9300000  54.7000000 107.0000000
  62.1400000  55.1900000 107.8000000  63.3400000  55.3500000 105.9100000
  64.0594923  54.9870877 105.4170234  62.8400000  56.6500000 105.4600000
  62.0266448  56.9386458 106.1736799  63.9100000  57.7500000 105.4600000
  63.4998379  58.5615272 104.8962835  64.0900000  58.2200000 106.8800000
  64.8173522  58.9974306 106.8900182  63.1942338  58.6417961 107.1794650
  64.4797791  57.4171263 107.4999160  65.1900000  57.2900000 105.0900000
  65.8030747  58.0245574 105.1640937  62.2300000  56.5200000 104.0800000
  62.4600000  55.5500000 103.3700000  61.4400000  57.5100000 103.6900000
  61.5966995  58.2722389 104.1677790  60.8800000  57.5600000 102.3500000
  60.9050581  56.5871248 101.9743444  59.3800000  57.8800000 102.4600000
  59.1603057  58.6804362 103.2218805  59.0868466  58.2512618 101.5260524
  58.5300000  56.6700000 102.7900000  58.4800000  56.1700000 104.1100000
  59.0464257  56.6845360 104.8113218  57.6800000  55.0500000 104.4000000
  57.1764121  54.8516245 105.4023765  56.9400000  54.4100000 103.3700000
  56.2000000  53.3000000 103.6300000  55.7672949  52.9507088 102.8485698
  57.0000000  54.9300000 102.0600000  56.3874604  54.4699575 101.3269648
  57.7900000  56.0600000 101.7700000  57.5590123  56.7497290 101.0217042
  61.6600000  58.5400000 101.4800000  62.0800000  59.6100000 101.9300000
  61.8400000  58.1900000 100.2000000  61.5878327  57.4087113  99.8883714
  62.2300000  59.1800000  99.2000000  63.0637577  59.6747526  99.5709398
  62.6800000  58.4800000  97.9100000  62.0294738  57.7423995  97.7010473
  62.5747392  59.1825032  97.0951103  64.1000000  57.9800000  97.9700000
  65.2000000  58.7200000  98.3400000  65.2200399  59.6820428  97.8875300
  66.2900000  57.9400000  98.2400000  67.0737443  57.9514768  98.9047061
  65.9400000  56.7300000  97.7800000  64.5500000  56.7400000  97.6200000
  63.9854652  55.9523820  97.6699959  61.0800000  60.1700000  98.9400000
  59.9000000  59.8700000  99.1900000  61.4300000  61.3300000  98.4200000
  62.2756521  61.6495831  98.4656158  60.4700000  62.2500000  97.7800000
  59.7060720  62.4724062  98.4367188  61.1400000  63.6100000  97.5200000
  61.3521936  63.9561197  98.4136273  62.3600000  63.5100000  96.6300000
  62.3994634  64.3601243  96.0103656  63.2345826  63.4516601  97.1872797
  62.3957802  62.6731537  95.9979700  60.2600000  64.5100000  96.8900000
  60.7198755  65.3426567  96.7557886  59.9000000  61.6100000  96.5000000
  60.3700000  60.5500000  96.0700000  58.8800000  62.2100000  95.8900000
  58.4403165  63.1545020  96.2924874  58.3900000  61.7700000  94.5800000
  57.9998936  60.8473827  94.6260947  57.1200000  62.5600000  94.1800000
  56.5728281  62.5158159  95.0268639  57.3800000  64.0000000  93.7200000
  56.8044294  64.5769021  94.4535929  58.4072223  64.5243270  94.0423306
  57.0128576  64.1514697  92.7070975  56.3400000  61.8000000  93.1000000
  55.5256031  62.3797825  92.6127380  57.0483611  61.4654113  92.3751517
  55.8002918  61.0121045  93.5264835  59.5200000  61.8400000  93.5400000
  60.1600000  62.8700000  93.3900000  59.8000000  60.7200000  92.8500000
  59.3245000  59.9912243  92.9829843  60.8700000  60.6100000  91.8400000
  61.4940915  61.5404575  91.7107785  61.7900000  59.4100000  92.1300000
  61.0618835  58.6105472  92.0583629  62.5317720  59.3820720  91.3898998
  62.4600000  59.3900000  93.5200000  61.7206137  59.3526300  94.1896642
  63.2500000  58.1000000  93.6900000  63.8953312  58.1705960  94.5413344
  62.5462797  57.2517256  93.8363892  63.7953102  57.8008619  92.7481124
  63.4100000  60.5700000  93.7300000  63.8112602  60.4718821  94.7137305
  64.1412851  60.6314144  92.9633328  62.8866600  61.3697883  93.6305595
  60.2500000  60.4400000  90.4600000  59.5100000  59.4800000  90.2500000
  60.5300000  61.3600000  89.5300000  61.4432483  61.9342791  89.6387558
  59.8100000  61.4200000  88.2500000  58.9301145  60.6482761  88.2498168
  59.1930000  62.8110000  88.0720000  60.0061642  63.6272592  88.0609364
  58.7867361  62.9270210  87.0706766  58.1760000  63.1480000  89.1770000
  57.4911287  62.5332271  89.2434425  58.7042047  63.1808707  90.0997822
  57.5300000  64.4850000  88.8900000  56.5340000  64.5950000  88.1900000
  58.0940000  65.5480000  89.3960000  58.6028465  66.0715334  88.6588351
  57.5604287  65.8145620  90.2471872  60.6300000  61.0500000  87.0100000
  60.0700000  60.5100000  86.0600000  61.9500000  61.2900000  87.0100000
  62.3522226  61.4173286  87.9383228  62.8100000  61.1200000  85.8200000
  62.2238693  60.6264235  85.1267104  63.2100000  62.4800000  85.2000000
  63.9354365  62.7938709  85.7292632  63.6600000  62.3200000  83.7400000
  63.8144361  63.2984372  83.4131792  64.6457449  61.9917569  83.6942584
  62.9809253  61.7789262  83.0765453  62.1200000  63.3700000  85.1700000
  62.4214071  64.2083256  84.8129383  64.0900000  60.3500000  86.1600000
  64.5500000  60.4200000  87.2900000  64.7100000  59.6700000  85.1900000
  64.3145249  59.4179193  84.4485932  66.0000000  58.9700000  85.3900000
  65.7322874  58.0534015  85.9276837  66.5300000  58.4800000  84.0500000
  65.8381008  58.0054162  83.5117209  66.7179562  59.2883734  83.5527319
  67.7700000  57.8200000  84.2000000  67.6397588  57.0468936  84.7532833
  67.0600000  59.8000000  86.1300000  67.7000000  59.2500000  87.0200000
  67.2100000  61.0900000  85.8300000  67.0298499  61.4520281  84.8247395
  68.0900000  62.0000000  86.5800000  69.0534068  61.7201572  86.4515944
  67.9500000  63.4100000  85.9800000  68.0965792  64.1365319  86.6707974
  68.6351618  63.4521555  85.1867390  67.0053375  63.5066436  85.6113855
  67.7900000  61.9600000  88.0900000  68.6500000  61.6000000  88.8800000
  66.5100000  62.1700000  88.4500000  65.8359142  61.9431067  87.7960115
  66.0000000  62.1600000  89.8300000  66.4631943  62.9609272  90.3723933
  64.4600000  62.3600000  89.8200000  64.1665457  62.1613735  88.7994522
  63.8562763  61.6532414  90.3646798  63.9500000  63.7200000  90.2600000
  64.7000000  64.7300000  90.2200000  62.7500000  63.7500000  90.6300000
  66.3200000  60.8400000  90.5700000  66.6300000  60.8700000  91.7600000
  66.2400000  59.6900000  89.8900000  65.8887586  59.7203789  88.8702651
  66.6000000  58.3900000  90.5000000  66.0961597  58.3464727  91.3638222
  66.1800000  57.2000000  89.6200000  66.6383992  57.3249309  88.6462489
  66.6202523  56.4075952  90.0953221  64.6800000  57.0000000  89.4700000
  64.0200000  57.5700000  88.3700000  64.6984442  57.7856703  87.6101741
  62.6300000  57.4500000  88.2200000  62.0850759  57.5096950  87.3084471
  61.9000000  56.7100000  89.1600000  60.9877129  56.2730351  88.8895048
  62.5600000  56.0900000  90.2400000  62.1373451  55.7581546  91.1492374
  63.9500000  56.2600000  90.4000000  64.5403769  55.5270741  90.9838326
  68.1100000  58.2900000  90.7900000  68.5000000  57.8200000  91.8700000
  68.9600000  58.7400000  89.8700000  68.6792850  59.3642949  89.1515325
  70.4200000  58.7300000  90.0300000  70.7553949  57.8147282  90.2620373
  71.1200000  59.0900000  88.7100000  70.8806445  60.0838799  88.4497597
  72.6500000  59.0200000  88.8600000  73.0379730  59.9327769  89.3228068
  72.9714346  58.1883265  89.4048944  73.0976874  58.9788318  87.8315844
  70.7200000  58.1700000  87.5400000  71.2983698  57.2254658  87.6490252
  69.6651113  57.9784000  87.6528749  71.1000000  58.7800000  86.1800000
  71.3700622  59.8643729  86.0872128  72.1289297  58.4893749  85.8948871
  70.2991679  58.6263839  85.3616700  70.8300000  59.6800000  91.1600000
  71.6200000  59.3100000  92.0300000  70.2700000  60.8900000  91.1900000
  69.8226774  61.0971455  90.3706846  70.5100000  61.8900000  92.2300000
  71.5136820  62.0428324  92.2597377  69.7800000  63.2000000  91.9100000
  68.8132541  63.0480577  91.9190344  69.8971912  63.8958350  92.6370060
  70.1900000  63.8100000  90.5700000  71.4100000  63.7700000  90.2800000
  69.3100000  64.4200000  89.9300000  70.1000000  61.3800000  93.6200000
  70.8500000  61.5400000  94.5900000  68.9500000  60.7000000  93.7100000
  68.5698551  60.2433451  92.8747150  68.5200000  60.0300000  94.9300000
  68.4645967  60.7444420  95.6745293  67.1100000  59.4600000  94.7300000
  66.8826392  58.7260049  95.5240413  66.3367684  60.2717377  94.5830342
  67.0919144  58.9578366  93.8739986  69.5100000  58.9500000  95.3600000
  69.9200000  58.9800000  96.5300000  69.9900000  58.0600000  94.4700000
  69.7919854  58.2234887  93.6080254  71.0300000  57.0900000  94.8400000
  70.5771175  56.5259634  95.5795760  71.4400000  56.1500000  93.6800000
  70.5493426  55.6298014  93.1855331  71.9899303  56.6468455  92.9576101
  72.5300000  55.1500000  94.1600000  73.2201624  55.6316620  94.8078062
  71.9600000  54.0000000  94.9600000  72.6538646  53.7314188  95.7564507
  70.9724140  54.1749170  95.4469900  71.6101461  53.1201197  94.3373628
  73.3900000  54.5700000  93.0500000  74.0317819  55.3777173  92.7829214
  74.0339442  53.7496650  93.2910028  72.6360366  54.1558156  92.2366304
  72.2800000  57.8300000  95.3500000  72.7600000  57.5500000  96.4500000
  72.8400000  58.7300000  94.5300000  72.3576708  58.8693952  93.6176093
  74.1000000  59.4200000  94.8200000  74.8126564  58.7244108  94.7213585
  74.3900000  60.5000000  93.7800000  73.3652558  60.8007285  93.5594407
  75.0785246  61.1997904  94.2349411  74.8300000  59.9800000  92.4000000
  75.7610214  59.5106984  92.5651796  74.0797845  59.2937979  92.0305762
  75.1300000  61.1600000  91.4600000  75.2813778  60.7335424  90.4428026
  74.2384608  61.9260707  91.5359095  76.4500000  61.8600000  91.8000000
  76.4119413  62.8837617  91.4236291  76.5726479  61.8945499  92.8829840
  77.6100000  61.1700000  91.1800000  78.2583263  61.0904064  91.8827823
  77.3018693  60.3327131  90.8545412  77.9547799  61.6904570  90.3942984
  74.0600000  60.0900000  96.1900000  75.0500000  60.0500000  96.9200000
  72.9300000  60.7200000  96.5400000  72.2648858  60.6345484  95.8955115
  72.7700000  61.4100000  97.8300000  73.6680993  61.9085008  98.1441377
  71.6600000  62.4700000  97.7300000  70.7791763  61.9801441  97.4417067
  71.4316541  62.6878106  98.7385962  72.0100000  63.5900000  96.7300000
  72.2788069  63.2118197  95.7575613  71.1996742  64.1305325  96.5298299
  73.1400000  64.5100000  97.2300000  72.8102790  65.1054561  98.1408495
  73.9183711  63.9112336  97.4696379  73.6200000  65.4700000  96.1300000
  74.4748885  66.0427055  96.4933876  73.9371480  64.8744655  95.2726176
  72.5500000  66.4000000  95.7000000  71.7469847  65.8498615  95.6745783
  72.4579123  67.1147513  96.3298383  72.7157336  66.7864311  94.7701852
  72.5700000  60.4400000  98.9800000  73.2300000  60.6100000 100.0000000
  71.7900000  59.3800000  98.8200000  71.2884517  59.1684933  97.8732187
  71.7200000  58.3400000  99.8500000  71.4045137  58.7225953 100.7385937
  70.7300000  57.2500000  99.4200000  70.5879116  56.5915514 100.0806083
  69.7435611  57.6431783  99.2647216  71.0796608  56.7743432  98.5033361
  73.1100000  57.7400000 100.1500000  73.4700000  57.6000000 101.3200000
  73.9100000  57.4400000  99.1100000  73.8792887  58.0104283  98.2223881
  75.2900000  56.9600000  99.2800000  75.2672326  56.1779501  99.8784681
  75.9500000  56.5900000  97.9500000  75.8016600  57.3649991  97.2632474
  77.0209953  56.4848167  98.1379216  75.3000000  55.3600000  97.3100000
  75.0252365  54.6732227  98.0994033  74.4271007  55.6993404  96.6534290
  76.3200000  54.5800000  96.4700000  76.2931690  55.0436687  95.5524292
  77.3912316  54.6019982  96.8400817  75.9500000  53.1600000  96.3600000
  74.9380896  52.8731272  96.6324236  76.7500000  52.1900000  95.9800000
  78.0000000  52.3900000  95.6600000  78.4735680  51.6170760  95.8081838
  78.0093637  52.8212787  94.8510648  76.3000000  50.9700000  95.9200000
  76.8834802  50.2267603  95.7831007  75.3843721  50.7824514  95.5660241
  76.1700000  57.9700000 100.0100000  76.9400000  57.5600000 100.8700000
  76.0300000  59.2700000  99.7100000  75.3757895  59.5919335  99.0805374
  76.7500000  60.3300000 100.4300000  77.7952573  60.1330609 100.2707237
  76.4400000  61.7000000  99.8000000  75.3949513  61.6712352  99.5351801
  76.4699845  62.5357693 100.5877605  77.4200000  62.1300000  98.7000000
  77.5000856  61.3986226  97.9960621  76.9200000  63.4400000  98.0900000
  77.3027623  63.6497454  97.0718771  75.8268612  63.6090556  98.1628582
  77.3289233  64.3588761  98.5732549  78.8300000  62.3600000  99.2300000
  79.3181658  61.4402888  99.5274092  79.5133702  62.5779259  98.4107438
  78.8882973  63.2747913  99.8959378  76.4500000  60.3500000 101.9300000
  77.3800000  60.4100000 102.7300000  75.1800000  60.2400000 102.3400000
  74.4857160  59.9029629 101.6725868  74.8200000  60.2300000 103.7700000
  75.2065243  61.0178865 104.1842907  73.2900000  60.2700000 103.9800000
  72.9512615  59.4042402 103.5628161  72.9500000  60.3200000 105.4800000
  72.3883901  61.1658702 105.7902881  72.5406796  59.3652611 105.9240433
  73.7909360  60.5307060 106.0930251  72.6700000  61.4900000 103.2700000
  72.9682001  62.3992432 103.8422504  73.1358557  61.5890008 102.2847479
  71.1600000  61.3800000 103.2100000  70.6306509  61.5826495 104.1544305
  70.7500293  61.9628082 102.3889074  70.9187477  60.3127666 102.9262841
  75.4100000  58.9900000 104.4600000  76.0100000  59.1000000 105.5300000
  75.2800000  57.8200000 103.8400000  74.4922870  57.8906104 103.2620784
  75.8700000  56.6000000 104.4000000  75.5443062  56.5005966 105.3225865
  75.4000000  55.4200000 103.5600000  75.6118173  54.4647505 103.9829158
  74.3425676  55.4346439 103.3685362  75.8801038  55.3732239 102.6028476
  77.4000000  56.6800000 104.4700000  77.9800000  56.2700000 105.4800000
  78.0500000  57.2500000 103.4600000  77.4328278  57.8078240 102.7008783
  79.5000000  57.5200000 103.4600000  79.9425715  56.6423517 103.6068963
  79.9400000  58.1300000 102.1200000  79.1670713  58.6113958 101.7439080
  80.6819756  58.7356909 102.3428290  80.4200000  57.1100000 101.2600000
  80.8761662  57.5236945 100.5235866  79.9000000  58.4400000 104.6100000
  80.8000000  58.0700000 105.3600000  79.2000000  59.5500000 104.8400000
  78.7043608  60.0236806 104.0746183  79.4700000  60.4300000 105.9800000
  80.4448257  60.7490560 105.9001957  78.5200000  61.6500000 105.9500000
  77.6035047  61.3092607 105.5180312  78.3642957  61.9152599 106.9222206
  79.0000000  62.7800000 105.0700000  80.0400000  62.7800000 104.4400000
  78.2200000  63.8400000 105.0100000  78.7867389  64.7492013 105.1893203
  77.4536477  63.5440290 104.3076113  79.3300000  59.6900000 107.3200000
  80.2300000  59.7900000 108.1500000  78.2700000  58.8900000 107.5300000
  77.5392606  58.8781889 107.0131848  78.1100000  58.1700000 108.8100000
  78.1827495  58.9231242 109.6023267  76.7200000  57.5800000 109.0100000
  76.4875763  56.9423695 108.2367946  76.6400000  56.9400000 110.4100000
  75.7864417  57.1344043 110.8987718  76.7954921  55.8950203 110.2493208
  77.2802348  57.3945875 111.0932663  75.6700000  58.7000000 108.9200000
  75.1191820  58.8279607 109.8355951  76.1429293  59.6260307 108.7951724
  74.9839331  58.4812081 108.1695516  79.1900000  57.0900000 108.9900000
  79.7000000  56.9000000 110.0900000  79.5600000  56.4100000 107.9100000
  79.1241460  56.6776316 107.0901648  80.6700000  55.4400000 107.9300000
  80.5420799  54.8005946 108.6412402  80.7300000  54.7100000 106.5800000
  80.4488425  55.3371579 105.8821435  82.1000000  54.1600000 106.1900000
  82.0046192  53.9373843 105.0899118  82.8992525  54.9407056 106.2192012
  82.4405987  53.2640948 106.7527895  79.8500000  53.6000000 106.6400000
  78.9553724  53.9450612 106.5661656  82.0000000  56.1100000 108.2800000
  82.7800000  55.5100000 109.0100000  82.2700000  57.3100000 107.7700000
  81.7797204  57.5485476 106.9051298  83.5200000  58.0400000 108.0500000
  84.2499162  57.2849535 108.1268627  83.7700000  59.1200000 106.9700000
  84.6388493  58.9827344 106.5721086  83.2751018  58.8481468 106.0825385
  83.5600000  60.6200000 107.3100000  82.5789902  61.0944489 106.9295069
  83.3010135  60.6788267 108.2888134  84.7800000  61.5400000 107.0900000
  84.7000000  62.7100000 107.5400000  85.7900000  61.1000000 106.4800000
  83.5600000  58.5200000 109.5100000  84.5400000  58.2700000 110.2200000
  82.4800000  59.1500000 110.0000000  81.7464081  59.3483455 109.4735200
  82.4400000  59.7900000 111.3300000  83.2206199  60.3903199 111.3524152
  81.2100000  60.7000000 111.5000000  81.1975368  61.3427793 110.7213178
  79.9000000  59.9200000 111.4600000  79.1494445  60.5582218 111.1371086
  79.9405186  59.0963897 110.8360425  79.7052103  59.6207234 112.4704156
  81.3000000  61.4200000 112.7100000  80.4674509  61.8687991 112.8845094
  82.5100000  58.7700000 112.4700000  83.0800000  59.0400000 113.5200000
  82.0000000  57.5600000 112.2200000  81.5010979  57.4665395 111.4485996
  82.0500000  56.4500000 113.1800000  81.6639427  56.7629432 114.0229264
  81.2900000  55.2600000 112.5800000  80.3686832  55.6355370 112.2377360
  81.7549215  54.7961834 111.6646526  80.9700000  54.1500000 113.6000000
  80.9088234  53.2833581 113.0694152  81.7828812  53.9665082 114.2911832
  79.4500000  54.3900000 114.5600000  78.1900000  54.2800000 113.2700000
  77.1624615  54.1698804 113.5523726  78.1590114  55.2021743 112.6943311
  78.4166198  53.3735881 112.6552607  83.5000000  56.0500000 113.5200000
  83.7400000  55.5200000 114.6000000  84.4700000  56.3000000 112.6300000
  84.3182781  56.8683354 111.9674455  85.8900000  56.1000000 112.9100000
  86.3902379  56.3152615 112.0233332  86.3192824  56.7238783 113.6504387
  86.2400000  54.6500000 113.2500000  86.8100000  54.3800000 114.3100000
  85.8800000  53.7100000 112.3700000  85.8029865  54.0357958 111.5122050
  86.1500000  52.2900000 112.5900000  85.7961429  52.0185577 113.4552364
  85.3600000  51.3800000 111.6000000  85.6147774  51.6302471 110.6936896
  85.6700000  49.8900000 111.8300000  85.1847523  49.2492694 111.1221827
  86.7358917  49.6561872 111.6953063  85.4355580  49.5678604 112.8156703
  83.8200000  51.5700000 111.7600000  83.3195130  50.6921532 111.5279370
  83.5800167  51.8230552 112.7967087  83.2400000  52.6700000 110.8700000
  83.3409034  52.3668871 109.8267386  82.1751470  52.6594615 111.0031801
  83.8442329  53.5648998 111.1404863  87.6600000  52.0400000 112.5500000
  88.4000000  52.6100000 111.7400000  88.1400000  51.1500000 113.4200000
  87.6034995  50.9471160 114.3634174  89.5100000  50.6300000 113.4000000
  90.1507492  51.3647377 113.2747314  89.8000000  50.0000000 114.7700000
  89.5400725  50.6341929 115.4873019  89.2795703  49.0872092 114.8432148
  91.2300000  49.4900000 114.8800000  92.1200000  49.9100000 114.1700000
  91.4900000  48.5600000 115.7700000  91.4567687  48.9237569 116.7788476
  91.0307073  47.6337396 115.6777240  89.7100000  49.6800000 112.2000000
  89.7500000  48.4600000 112.3600000  89.7300000  50.2400000 111.0000000
  89.8157386  51.2081565 110.9293033  89.6900000  49.5300000 109.7200000
  90.4576583  49.9231437 109.0976317  89.8292884  48.3842518 109.8501622
  88.3400000  49.7000000 109.0200000  87.7300000  50.7500000 109.0600000
  87.8800000  48.6300000 108.3700000  88.4899414  47.7343024 108.4812660
  86.5900000  48.5700000 107.6600000  86.0122634  49.2760972 108.0074379
  86.8100000  48.8000000 106.1600000  87.4577940  49.5451342 106.1133187
  87.3124368  47.9548373 105.6673221  85.6100000  49.1900000 105.5200000
  85.7696418  49.2393359 104.5749772  85.8900000  47.2400000 107.9700000
  85.5600000  46.4800000 107.0700000  85.7700000  46.9200000 109.2600000
  86.5038255  47.2977927 109.8257343  85.1000000  45.6900000 109.7000000
  85.5100414  44.8774422 109.2714428  85.2500000  45.5500000 111.2200000
  84.8495851  44.6802856 111.6070107  86.1803154  45.3691380 111.4017427
  84.8010976  46.4100845 111.7861559  83.6100000  45.6500000 109.3200000
  83.0800000  44.5700000 109.0800000  82.9600000  46.8100000 109.2600000
  83.3934578  47.7415326 109.4865277  81.5800000  47.0000000 108.8100000
  81.4109684  46.4156124 108.0464482  80.6200000  46.6500000 109.9500000
  79.6064452  46.7462484 109.6091992  80.8065312  45.6438683 110.2394565
  80.7300000  47.5100000 111.2000000  80.1800000  48.8100000 111.2400000
  79.6410570  49.1072687 110.3454333  80.2700000  49.5900000 112.4100000
  80.0532333  50.5791214 112.5945290  80.8600000  49.0300000 113.5600000
  80.8800000  49.7500000 114.7100000  80.8261883  50.6926145 114.5379476
  81.4100000  47.7400000 113.5300000  81.9085695  47.1518965 114.3482618
  81.3500000  46.9800000 112.3400000  81.7234976  45.9812238 112.1428744
  81.3700000  48.4400000 108.3400000  82.2000000  49.3200000 108.6300000
  80.2600000  48.7100000 107.6600000  79.4692641  48.0596277 107.6826792
  79.9100000  50.0500000 107.1700000  80.1919686  50.7283511 107.8887972
  80.6800000  50.3700000 105.8800000  80.1670738  51.2378789 105.2766251
  81.5908034  50.7642350 106.1464593  80.8900000  49.1400000 104.9700000
  81.6845606  48.6496572 105.4363904  80.0083447  48.4534462 104.8520874
  81.4500000  49.5600000 103.6100000  82.1930661  50.3214437 103.8470522
  82.1508023  48.7864717 103.1751236  80.3800000  50.1100000 102.7600000
  79.9118595  50.8283208 103.2614244  79.6200000  49.4600000 101.9000000
  79.6700000  48.1800000 101.6600000  80.6269131  47.7916553 101.4584648
  78.9416592  47.7702605 101.0643812  78.7500000  50.1300000 101.2300000
  78.0632689  50.6188911 101.8046980  78.5849626  49.9086390 100.2775681
  78.4100000  50.2000000 106.9300000  77.7200000  49.2800000 106.5400000
  77.8900000  51.4100000 107.1400000  78.4142339  52.1584490 107.1741596
  76.4900000  51.7100000 106.7900000  75.9225605  50.9948594 107.1384761
  76.0100000  53.0200000 107.4500000  76.5684143  53.7521894 107.0411175
  74.5300000  53.3200000 107.1900000  74.1355974  54.2438574 107.5793037
  74.3941660  53.6030272 106.1330538  73.9035351  52.5241543 107.5006291
  76.2100000  52.9800000 108.9800000  75.4448152  52.2918707 109.3643082
  77.1966077  52.5141674 109.2112960  75.9629194  53.9454043 109.5489328
  76.3300000  51.7600000 105.2700000  77.1800000  52.3200000 104.5600000
  75.2100000  51.2500000 104.7600000  74.7584634  50.5383627 105.3406626
  74.8000000  51.4100000 103.3700000  75.1712467  52.2780494 103.0244172
  75.3200000  50.2400000 102.5300000  75.2299534  50.3640153 101.4463609
  76.3751533  50.0772108 102.7494243  74.6700000  48.9100000 102.8800000
  73.4800000  48.5300000 102.2400000  73.2147046  48.9690016 101.2821079
  72.8700000  47.3000000 102.5700000  71.7855035  47.1273554 102.3863227
  73.4600000  46.4600000 103.5200000  72.7547098  46.0466215 104.2678806
  74.6600000  46.8400000 104.1500000  74.9184489  46.4463482 105.0471887
  75.2600000  48.0700000 103.8400000  76.1922785  48.4076388 104.3206071
  73.2700000  51.5600000 103.2300000  72.5100000  50.9800000 104.0000000
  72.7900000  52.3500000 102.2500000  73.5300000  53.2600000 101.4000000
  74.1439445  52.7236406 100.7540949  74.1122687  53.8053149 101.9939548
  72.5000000  54.1600000 100.7200000  72.4544087  53.9771805  99.6817252
  72.7940647  55.1841713 100.8203319  71.2000000  53.9300000 101.5000000
  70.4152386  53.9235534 100.8218739  71.2099877  54.6246702 102.2755473
  71.3700000  52.4900000 101.9800000  70.8671284  52.3119227 102.7985474
  70.9300000  51.4700000 100.9200000  71.5800000  51.3200000  99.8800000
  69.7800000  50.8400000 101.1400000  69.1446129  51.4714128 101.6876663
  69.0900000  50.0300000 100.1400000  69.7167304  50.0016413  99.2634292
  68.9600000  48.5800000 100.6400000  69.9098722  48.1576295 100.7574599
  68.3835547  48.5849417 101.5969647  68.1200000  47.7200000  99.7200000
  68.6500000  47.2000000  98.5200000  69.7340524  47.1336013  98.3970096
  67.8000000  46.5300000  97.6200000  68.1020884  46.2583743  96.7043032
  66.4300000  46.3900000  97.9000000  65.6000000  45.7800000  97.0000000
  64.6919143  45.7416193  97.3070261  65.9100000  46.8800000  99.1100000
  64.9924570  46.5860191  99.3621410  66.7700000  47.5100000 100.0300000
  66.4725198  47.7507188 100.9602606  67.7300000  50.6500000  99.7900000
  66.9600000  51.0200000 100.6700000  67.4300000  50.7400000  98.4900000
  68.1634774  50.7433941  97.9427547  66.1100000  51.0800000  97.9200000
  65.3470077  50.8656967  98.6036553  66.0200000  52.5600000  97.5400000
  66.3160112  53.1077672  98.3751002  66.7738611  52.6842765  96.7318876
  64.7000000  52.9100000  97.1400000  64.5668711  52.6125523  96.2378977
  65.8900000  50.2200000  96.6800000  66.8400000  49.7100000  96.0900000
  64.6400000  50.0700000  96.2600000  63.8969834  50.1899724  96.8332794
  64.2500000  49.0500000  95.2800000  64.5285062  48.1759663  95.6373667
  62.7200000  49.0000000  95.1100000  62.4432276  49.8633160  94.7015865
  62.3100000  47.8000000  94.2400000  61.2340746  47.7642110  93.8412056
  63.0499029  47.7352176  93.4536717  62.2000970  46.8350116  94.8119660
  62.0200000  48.8700000  96.4700000  61.0112449  48.7110978  96.2237461
  62.5590152  48.0884193  97.0906667  61.9659981  49.8927799  97.0162750
  64.9200000  49.2700000  93.9200000  65.4800000  48.3400000  93.3500000
  64.9400000  50.5200000  93.4400000  64.8246516  51.1509957  94.0973310
  65.4800000  50.8400000  92.1200000  65.1046941  50.0844206  91.4527528
  64.8500000  52.1500000  91.6200000  65.2576876  52.4360670  90.6360770
  63.8142038  52.0617558  91.4548651  65.1500000  53.3500000  92.4900000
  66.3200000  54.1100000  92.2800000  67.1035007  53.7817307  91.5511523
  66.5900000  55.2300000  93.0900000  67.5144925  55.6848295  92.9886211
  65.7000000  55.5800000  94.1200000  65.9069078  56.4560226  94.7099496
  64.5400000  54.8200000  94.3400000  64.1384777  54.8619748  95.3075520
  64.2600000  53.7200000  93.5200000  63.4793657  52.9303528  93.9413186
  67.0100000  50.8600000  92.0600000  67.5700000  50.9900000  90.9800000
  67.7200000  50.7500000  93.1900000  67.2317907  50.4931162  93.9882080
  69.1800000  50.9800000  93.2100000  69.3825316  51.9353317  92.8963117
  69.7000000  50.8600000  94.6500000  69.3678842  49.9159415  95.0716072
  70.7089135  50.7088053  94.5839242  69.4000000  52.0400000  95.5700000
  68.6500000  53.1500000  95.1400000  68.4873276  53.4098429  94.0648600
  68.4800000  54.2600000  95.9900000  68.5251417  55.3103170  95.5489109
  69.0200000  54.2500000  97.2900000  68.7900000  55.2800000  98.1200000
  68.0752822  55.8498801  97.8198087  69.7800000  53.1400000  97.7200000
  69.9437341  53.0538065  98.7571464  69.9800000  52.0400000  96.8600000
  70.2599978  51.1556066  97.2950220  69.9400000  50.0400000  92.2800000
  70.8200000  50.4900000  91.5500000  69.5500000  48.7600000  92.2200000
  68.5457409  48.5352076  92.6833161  70.1600000  47.7600000  91.3300000
  71.1474593  47.8270292  91.5477517  69.5900000  46.3600000  91.6000000
  69.9219239  45.5547248  90.9367020  70.0800000  45.8200000  92.9500000
  70.9943244  45.3388203  92.7709747  70.2672499  46.4242392  93.7399971
  69.4002379  45.0669374  93.3288823  68.0600000  46.2900000  91.5300000
  67.6459159  45.3124564  91.7237150  67.5475818  46.9235850  92.2714318
  67.6687337  46.6114007  90.5717625  70.0000000  48.0800000  89.8400000
  70.8200000  47.6200000  89.0500000  68.9500000  48.8300000  89.4800000
  68.2903142  49.0403085  90.0929351  68.6500000  49.2500000  88.1100000
  69.0568753  48.4612794  87.5670073  67.1200000  49.4100000  87.9700000
  66.8724696  50.2167681  88.6305450  66.8995311  49.8326697  87.0885085
  66.2400000  48.2300000  88.3400000  66.6000000  46.9100000  88.0000000
  67.6914244  46.6764504  87.7351873  65.7500000  45.8400000  88.3500000
  65.8798215  44.9096690  87.8588924  64.5600000  46.0800000  89.0600000
  63.8529896  45.2768886  88.9153814  64.2000000  47.3900000  89.3900000
  63.2007192  47.5726838  89.7181686  65.0300000  48.4700000  89.0200000
  64.9219055  49.4291575  89.5615754  69.3400000  50.5600000  87.7000000
  69.5000000  50.8400000  86.5100000  69.7400000  51.3800000  88.6800000
  69.6048908  51.2008924  89.5416057  70.2900000  52.7200000  88.4500000
  70.3067645  52.8789384  87.3704627  69.3200000  53.7800000  89.0000000
  69.0812934  53.5622586  90.0168609  69.8422605  54.7392355  89.1311687
  68.0500000  53.9200000  88.1600000  66.9800000  53.0300000  88.3400000
  67.2055231  52.2477590  89.0794637  65.8500000  53.0800000  87.5000000
  65.0462748  52.5448477  87.8055704  65.7800000  54.0500000  86.4800000
  64.7000000  54.0900000  85.6600000  64.7503280  54.7853568  85.0001934
  66.8400000  54.9700000  86.3200000  66.5632617  55.9369965  86.1182514
  67.9700000  54.9000000  87.1500000  68.6292248  55.7574702  87.1282888
  71.7500000  52.8700000  88.9100000  72.3300000  53.9400000  88.7000000
  72.3900000  51.8200000  89.4400000  71.8381140  50.9767341  89.7572238
  73.8000000  51.9000000  89.8900000  73.9463655  52.8796121  90.3976122
  74.1700000  50.6900000  90.7600000  73.2783428  50.3467977  91.2886402
  74.6847031  49.9547678  90.2002282  75.2100000  51.0300000  91.8500000
  74.9854666  52.0531547  92.1748289  75.0861118  50.2986886  92.6502257
  76.6800000  51.0100000  91.4700000  77.0500000  50.1400000  90.6500000
  77.4600000  51.6800000  92.2000000  74.7700000  52.0600000  88.7100000
  75.6900000  52.8600000  88.7900000  74.4900000  51.4100000  87.5700000
  73.6736165  51.0743030  87.5021974  75.3700000  51.4600000  86.4000000
  76.2745717  51.1014813  86.6947448  74.8800000  50.4900000  85.3100000
  75.5594225  50.7279457  84.4381432  75.0455619  49.4647142  85.7069053
  73.4300000  50.7000000  84.8400000  72.8307554  50.4704602  85.6127987
  73.4155179  51.6534852  84.4844551  73.0600000  49.8000000  83.6600000
  73.6100000  48.7300000  83.4400000  72.1400000  50.2000000  82.8200000
  72.1257296  51.2128219  82.7830584  71.2551631  49.7779634  82.9339122
  75.5900000  52.8800000  85.8500000  76.6000000  53.1600000  85.1900000
  74.7000000  53.8400000  86.1200000  73.7738891  53.5350269  86.5133763
  74.8700000  55.2200000  85.6600000  75.4105085  55.1234084  84.6404057
  73.5100000  55.8900000  85.4800000  73.0886808  56.1016374  86.4863238
  73.7406213  56.8598845  85.1128472  72.5200000  55.2000000  84.5600000
  72.9000000  54.2200000  83.6200000  73.9155732  54.1973441  83.2598909
  71.9300000  53.6200000  82.7900000  72.2187170  53.0452109  81.9774980
  70.5800000  54.0100000  82.9100000  69.6500000  53.5100000  82.0700000
  68.7640268  53.8129482  82.2798936  70.2000000  54.9700000  83.8600000
  69.1345349  55.0439473  84.0118276  71.1700000  55.5700000  84.6700000
  70.7755294  56.2866337  85.4459429  75.8200000  56.0600000  86.5300000
  76.0600000  57.2200000  86.2100000  76.4000000  55.4800000  87.5800000
  76.1503992  54.5368416  87.7500907  77.4900000  56.1000000  88.3400000
  77.3576956  57.1404322  88.4284410  77.5200000  55.5400000  89.7700000
  77.1380868  54.5293624  89.8134077  78.5977491  55.6182406  89.9927305
  76.5500000  56.2800000  90.7100000  76.7781200  57.2339627  90.7013094
  75.0800000  56.1800000  90.3100000  74.6016448  56.7841847  91.0697967
  74.9253282  56.6734273  89.3310715  74.6341363  55.2114199  90.4312759
  76.7500000  55.7300000  92.1200000  76.0737615  56.1885188  92.9030743
  76.6290970  54.5432921  92.1654769  77.6996396  55.9159059  92.3979586
  78.8400000  55.9200000  87.6400000  79.7700000  56.6700000  87.9500000
  78.9300000  54.9800000  86.7000000  78.0952164  54.4554163  86.3457281
  80.1700000  54.6300000  85.9900000  80.8407336  55.4570638  86.1325035
  80.7500000  53.3200000  86.5300000  81.6940497  53.1374258  85.9432893
  81.0700000  53.4100000  88.0200000  81.7909453  52.8336120  88.4549023
  81.4778534  54.3935200  88.2267667  80.2634274  53.1664850  88.5828950
  79.8300000  52.2700000  86.3700000  80.2392856  51.4612328  86.6858408
  79.9800000  54.5400000  84.4700000  80.9800000  54.3600000  83.7700000
  78.7600000  54.7600000  83.9400000  78.1002934  54.7779556  84.5867814
  78.4800000  54.5700000  82.5100000  78.7139993  53.6083709  82.2869479
  77.0000000  54.8100000  82.1400000  76.2596617  54.4054112  82.8963785
  76.6200000  56.3100000  82.1700000  75.4908965  56.3578278  82.1692496
  76.9458724  56.8129434  83.0220551  76.9694968  56.6314649  81.1747565
  76.7200000  54.1700000  80.7600000  77.3943497  54.5757339  80.0236611
  77.0297607  53.1271992  80.8336483  75.2800000  54.2600000  80.2700000
  74.9586603  55.2391663  80.1513525  75.1568760  53.8303238  79.2457330
  74.6333743  53.6701362  80.9359275  79.3800000  55.4200000  81.6100000
  79.7200000  54.9800000  80.5200000  79.7700000  56.6200000  82.0600000
  79.4962456  56.9858030  83.0073208  80.6800000  57.4800000  81.3100000
  80.3069098  57.6548951  80.3048703  80.7200000  58.9200000  81.8500000
  80.7160172  58.8218454  82.8584035  81.9900000  59.6800000  81.4100000
  81.9781714  60.8164146  81.4231667  82.7514110  59.4092465  82.0201840
  82.2962949  59.5320342  80.3819594  79.4500000  59.7100000  81.4200000
  78.5022577  59.3690454  81.8471605  79.6089029  60.7743450  81.7181673
  79.2500000  59.9300000  79.9000000  78.1955212  59.8891842  79.6520873
  79.7655987  60.8793944  79.7153552  79.7143877  59.3649611  79.1512711
  82.0700000  56.8500000  81.1600000  82.6200000  56.8800000  80.0600000
  82.6500000  56.2400000  82.1900000  82.1108048  55.8696321  82.8656516
  83.9400000  55.5600000  82.0200000  84.5491662  56.1532525  81.4798367
  84.5900000  55.3900000  83.3900000  84.5556268  56.2825553  83.9014481
  84.0122233  54.7327855  83.9500311  86.0500000  54.9600000  83.2800000
  86.3000000  53.7700000  83.0300000  86.9100000  55.8500000  83.4900000
  83.7900000  54.2600000  81.1900000  84.5700000  54.0400000  80.2600000
  82.6900000  53.5100000  81.3900000  81.8602547  53.8847763  81.9472105
  82.3300000  52.3200000  80.5900000  83.0460754  51.6476333  80.6840979
  81.0100000  51.7200000  81.1400000  81.0089600  51.4589575  82.1679056
  80.2932781  52.3471654  81.0268845  80.5100000  50.3800000  80.5300000
  80.4600000  50.2400000  79.2900000  80.0900000  49.5000000  81.3100000
  79.7534382  48.7467676  80.8222858  82.2900000  52.6700000  79.0900000
  83.0600000  52.1100000  78.3100000  81.5200000  53.6900000  78.6800000
  81.0686558  54.4005201  79.3113870  81.4700000  54.1400000  77.2600000
  81.2839525  53.2102339  76.7575627  80.4300000  55.2400000  77.0100000
  79.4361719  54.8149497  77.2189026  80.6100000  56.5400000  77.7700000
  79.6850616  56.9724914  77.6373607  80.7831896  56.2876455  78.7999262
  81.5827234  56.9807017  77.4912700  80.4200000  55.7000000  75.6800000
  79.7321889  56.3636268  75.5966614  82.8100000  54.5700000  76.7000000
  83.1600000  54.2000000  75.5700000  83.6000000  55.3400000  77.4600000
  83.1563961  55.7099413  78.3995096  84.9100000  55.8100000  77.0000000
  84.7378896  56.2862490  76.0985260  85.5100000  56.8100000  78.0100000
  85.4487027  56.2458174  78.9849965  86.9700000  57.1300000  77.6700000
  87.1252566  58.0817332  78.1760730  87.5688059  56.3193752  78.1029200
  87.0425671  57.1096560  76.6072782  84.6900000  58.1300000  78.0800000
  83.6766199  57.7877420  78.2170216  84.9594770  58.6687762  79.0259957
  84.6100000  58.9900000  76.8200000  85.5458142  59.6306121  76.8398213
  84.5753478  58.5191821  75.8251056  83.6841739  59.6114290  76.8461098
  85.8300000  54.6100000  76.7500000  86.4400000  54.5200000  75.6800000
  85.8800000  53.6700000  77.7000000  85.2882338  53.8210438  78.5481128
  86.6700000  52.4600000  77.5900000  87.6422122  52.7460583  77.4579240
  86.6300000  51.7200000  78.9300000  87.0257925  52.2717823  79.6396764
  85.6714350  51.4870807  79.2541847  87.4600000  50.4500000  78.9200000
  88.8600000  50.5300000  79.0400000  89.4540771  51.4055527  78.9634712
  89.6400000  49.3600000  78.9800000  90.6113448  49.4784789  78.8446143
  89.0100000  48.1100000  78.8100000  89.6735363  47.2109299  78.7265327
  87.6100000  48.0400000  78.7100000  87.0906686  47.1398848  78.6281378
  86.8400000  49.2100000  78.7500000  85.8580663  49.1844650  78.5602255
  86.2000000  51.5700000  76.4200000  86.9900000  51.2200000  75.5500000
  84.8900000  51.2800000  76.3400000  84.3735165  51.9473395  76.6648355
  84.2800000  50.4700000  75.3000000  84.7046054  49.5013558  75.3429168
  82.7640000  50.4070000  75.5380000  82.3270196  51.2849421  76.0632511
  82.2147013  50.5057408  74.7085031  82.3570000  49.1120000  76.1910000
  81.6660000  48.2920000  75.6260000  82.8770000  48.8620000  77.3760000
  82.2588507  48.2661198  77.9998494  83.8841828  48.5516040  77.4235688
  84.5200000  51.0200000  73.8900000  84.8800000  50.2600000  72.9800000
  84.3000000  52.3200000  73.6700000  84.2847606  53.0094704  74.4368690
  84.5200000  52.9500000  72.3700000  84.1322469  52.2658102  71.6269400
  83.8400000  54.3300000  72.2900000  84.3104358  55.0633146  72.9575549
  84.1484749  54.7399250  71.3501743  82.3000000  54.2900000  72.3000000
  81.8378131  53.9380180  73.2439942  81.7300000  55.7000000  72.0900000
  82.3978460  56.4047204  71.6325408  80.7988603  55.6517478  71.5720287
  81.3775665  56.0243907  73.0867707  81.7100000  53.4400000  71.1700000
  80.5808290  53.6452013  71.1667661  81.8095646  53.8843518  70.1426774
  81.9953743  52.3629609  71.0732389  86.0100000  53.0400000  72.0500000
  86.4100000  52.6400000  70.9600000  86.8500000  53.4900000  72.9900000
  86.3976168  53.9947752  73.7683191  88.2900000  53.5900000  72.7800000
  88.5454500  54.2561757  71.9411132  88.6094657  53.8251059  73.7833892
  88.9400000  52.2400000  72.4700000  89.7300000  52.1500000  71.5300000
  88.5500000  51.1700000  73.1700000  87.9594928  51.3640472  73.9213934
  89.0400000  49.8100000  72.8800000  90.0952495  49.8183759  72.9147903
  88.7400000  48.8300000  74.0300000  87.7486550  48.9276390  74.2365121
  89.0300000  47.3700000  73.6400000  89.6845425  46.9171488  74.4314859
  88.1421968  46.7683322  73.4735163  89.6160874  47.4495125  72.6631486
  89.6400000  49.1700000  75.2200000  90.6508461  48.5606633  75.2367667
  89.7947629  50.2012894  75.1392233  89.0883918  48.9656958  76.1156652
  88.5100000  49.2800000  71.5600000  89.3000000  48.7300000  70.7900000
  87.2300000  49.4600000  71.2500000  86.7588978  50.3056498  71.6341857
  86.7000000  49.0300000  69.9400000  86.8759266  48.0579063  69.8510433
  85.1900000  49.2500000  69.8900000  84.7369376  48.5755730  70.5469192
  85.0689024  50.2823178  70.1505869  84.7400000  48.9600000  68.5900000
  83.8131629  49.2040709  68.5179606  87.4400000  49.7400000  68.7900000
  87.8000000  49.1100000  67.7900000  87.7700000  51.0300000  68.9500000
  87.8722733  51.4317122  69.8190449  88.4600000  51.8100000  67.9300000
  88.1650615  51.5117075  66.8931002  88.1600000  53.3100000  68.1100000
  87.9252534  53.4414076  69.1202123  89.0160474  53.8327708  67.7769616
  86.8700000  53.7700000  67.4200000  86.6308274  54.7022240  67.6885063
  87.0200000  53.7700000  65.9000000  86.3811599  54.6040621  65.6975977
  88.1452266  53.8801656  65.6377315  86.6055032  52.8176205  65.5170565
  85.6600000  52.9000000  67.7500000  84.9200059  53.0449229  67.0330232
  85.9181779  51.9498031  67.5741139  85.2740094  53.0905592  68.7103540
  89.9700000  51.5400000  67.8600000  90.5800000  51.7000000  66.8000000
  90.5800000  51.0800000  68.9500000  90.4352186  51.3312794  69.9220313
  91.9300000  50.5300000  68.9200000  92.6191067  51.2049904  68.5358120
  92.1700985  50.3841050  69.9085149  91.9700000  49.1500000  68.2700000
  92.8900000  48.8600000  67.5000000  90.9500000  48.3100000  68.5100000
  90.0249280  48.5289079  68.9736851  90.8300000  47.0100000  67.8800000
  91.6831992  46.5141917  68.0676587  89.7200000  46.1900000  68.5400000
  89.1236377  45.6634738  67.8421374  90.1012491  45.4780939  69.1560179
  89.0667720  46.8178858  69.1825947  90.6300000  47.1500000  66.3600000
  91.3900000  46.5300000  65.6100000  89.6900000  48.0000000  65.9100000
  89.0597282  48.3449612  66.5780186  89.4600000  48.2500000  64.4700000
  89.4609834  47.3616348  64.0003939  88.2300000  49.1500000  64.2000000
  87.5006350  48.9335788  64.9276211  88.5200000  50.6400000  64.3800000
  87.4894782  51.1076770  64.6288376  89.3086299  50.7523632  65.0453612
  88.8690967  51.0497633  63.4829748  87.6900000  49.0500000  62.7600000
  87.0755411  50.0276014  62.4887578  88.5030650  48.9762704  62.0105351
  86.9600000  47.7300000  62.5400000  86.1347762  47.6653365  63.2698931
  86.5273464  47.6652151  61.5071743  87.6548140  46.9594005  62.6912514
  90.7200000  48.7900000  63.7900000  91.0600000  48.3800000  62.6800000
  91.4600000  49.6800000  64.4700000  91.3233041  49.6914398  65.5252094
  92.7300000  50.2000000  63.9600000  92.5503808  50.7297790  62.9557641
  93.2900000  51.2100000  64.9700000  92.6609593  52.0702200  64.9221695
  93.2300235  50.7258843  65.8909099  94.7100000  51.6100000  64.6300000
  95.7900000  50.8700000  65.1500000  95.6785059  50.0138570  65.5768232
  97.1000000  51.1500000  64.7500000  97.8477321  50.7991354  65.3285572
  97.3400000  52.1900000  63.8300000  98.3549843  52.6579221  63.7893450
  96.2600000  52.9300000  63.3200000  96.3748094  53.9818067  63.1850215
  94.9500000  52.6500000  63.7100000  94.3283902  53.5688283  63.7298280
  93.7300000  49.0800000  63.7000000  94.3100000  49.0000000  62.6100000
  93.9200000  48.2000000  64.6900000  93.0760153  48.0328237  65.3039483
  94.9100000  47.1400000  64.6100000  95.8252759  47.5525070  64.4079484
  95.0500000  46.5000000  66.0000000  95.1691966  47.3648928  66.7175604
  94.1452351  46.1671300  66.2586468  96.2400000  45.5400000  66.1100000
  96.9774960  46.0695709  65.4798589  96.6500000  45.4100000  67.5800000
  97.2235539  44.4814421  67.6917864  97.2585396  46.3692672  67.7639049
  95.7776742  45.4049606  68.1932371  95.9400000  44.1200000  65.6000000
  96.7638325  43.4001952  65.9803805  95.0056684  43.6102355  66.0657805
  95.6314694  44.1652721  64.5257099  94.5600000  46.1300000  63.5200000
  95.3900000  45.8700000  62.6600000  93.3200000  45.6000000  63.5100000
  92.6384134  46.0315072  63.8741403  92.8900000  44.6300000  62.4900000
  93.4596820  43.8248599  62.6249908  91.4600000  44.1000000  62.7000000
  91.3135086  43.4579137  61.9505830  91.3500000  43.3100000  64.0200000
  90.4649818  42.5891455  63.9246440  92.0519450  42.6234869  64.1472203
  91.4372793  44.0003596  64.8596887  90.3900000  45.1900000  62.6900000
  89.5398357  44.9116741  63.4031291  90.8116105  46.1154779  62.9715179
  89.8497563  45.2026648  61.7317534  93.0200000  45.2000000  61.0800000
  93.4500000  44.5100000  60.1600000  92.7200000  46.4900000  60.9100000
  92.3773314  46.9200210  61.6892694  92.8400000  47.2100000  59.6400000
  92.4335863  46.6766752  58.9118821  92.1000000  48.5400000  59.7500000
  92.3511852  49.0263846  60.6942100  92.2300000  49.4500000  58.5400000
  91.8118919  50.3775492  58.7280616  93.2133577  49.6795506  58.3274606
  91.7385640  48.8851120  57.6868004  90.7200000  48.2700000  59.8200000
  90.5238776  47.9540436  60.7070221  94.3000000  47.3700000  59.2200000
  94.6400000  47.0400000  58.0800000  95.1900000  47.8300000  60.1200000
  94.7273096  48.1794212  60.9054366  96.6200000  48.0200000  59.8200000
  96.7293570  48.5690878  58.9588264  97.3000000  48.7600000  60.9900000
  96.9394777  49.7082593  61.0001081  97.0457355  48.3669836  61.8534481
  98.8300000  48.9300000  60.8300000  99.0637738  49.1873115  59.7719658
  98.9887016  49.7308555  61.6249708  99.8500000  47.5600000  61.4400000
  99.7300000  47.8100000  63.2400000 100.1682602  46.9298366  63.7271747
 100.3136054  48.7859124  63.5979086  98.6882885  48.0013698  63.4624905
  97.3200000  46.7100000  59.4500000  98.1600000  46.7300000  58.5500000
  96.9100000  45.5800000  60.0500000  96.2909483  45.6162118  60.8382872
  97.4100000  44.2300000  59.7600000  98.3771305  44.2619620  59.6297634
  97.0800000  43.2800000  60.9300000  96.0649598  43.2877791  61.2660660
  97.4000000  41.8100000  60.6400000  97.3121832  41.2488591  61.6317335
  96.6467377  41.5277159  60.0418637  98.3674559  41.7763273  60.1927725
  97.8600000  43.6600000  62.2000000  97.8318702  42.8300190  62.9556585
  98.9714454  43.7714959  62.0753561  97.4047737  44.6284142  62.4941110
  96.8400000  43.6900000  58.4400000  97.5800000  43.1600000  57.6100000
  95.5300000  43.7700000  58.2300000  94.8126698  44.2130722  58.6930934
  94.9300000  43.0800000  57.0800000  95.3069757  42.1308074  56.9465557
  93.4600000  42.8000000  57.4000000  93.4307124  42.2065534  58.3042201
  92.9639803  43.7333459  57.6586382  92.7900000  41.9800000  56.3000000
  92.8085837  42.7259534  55.5100956  93.3500000  40.5800000  56.1000000
  94.3761489  40.7313804  55.7309455  93.3150775  39.9584984  57.0489680
  92.7181494  40.0696659  55.4168225  91.3500000  41.7800000  56.6400000
  90.8298962  41.4894666  55.7586471  91.2560719  41.0596767  57.4349083
  90.9193905  42.7073179  56.8848121  95.1200000  43.8200000  55.7400000
  95.1200000  43.1900000  54.6700000  95.2900000  45.1400000  55.7400000
  94.8162560  45.6517715  56.5333506  95.6400000  45.9100000  54.5300000
  95.0589168  45.6134428  53.7705442  95.3400000  47.4100000  54.7700000
  95.6294804  47.5287490  55.7781972  95.9187322  48.0846723  54.1931079
  93.8600000  47.7900000  54.6000000  93.1487763  47.0292152  54.8637651
  93.5100000  48.9700000  55.4800000  92.4123094  48.9301926  55.3130917
  93.6159598  48.6653254  56.4484552  93.9959540  49.9189811  55.2515836
  93.5500000  48.2700000  53.1800000  92.5000168  48.1391310  53.1292554
  93.7856874  49.4605352  53.0717380  94.0732876  47.6548787  52.5305798
  97.1100000  45.7100000  54.0800000  97.5200000  46.2900000  53.0700000
  97.9100000  44.9500000  54.8300000  97.5299403  44.1546857  55.0331986
  99.3700000  44.9200000  54.7200000  99.6137235  43.9094382  54.7308671
  99.8118370  45.3616110  53.8543077 100.0100000  45.5000000  55.9800000
  99.8700000  44.9100000  57.0400000 100.7000000  46.6400000  55.8500000
 100.6326498  47.2044836  54.9194110 101.2300000  47.4600000  56.9700000
 100.6726489  47.2915316  57.7565959 102.6700000  47.0300000  57.3100000
 103.0995816  46.6056840  56.3805997 103.2526992  47.9348995  57.6417654
 102.6700000  45.6300000  58.4600000 101.9087885  44.8240907  57.7109487
 101.1700000  48.9700000  56.6500000 101.8700000  49.8000000  57.2500000
 100.3700000  49.3500000  55.6500000  99.6784050  48.5675554  55.3623076
 100.1300000  50.7300000  55.2300000 101.0956041  51.2391788  55.1408647
  99.6200000  50.8400000  53.7600000  98.9313158  51.6802363  53.6934433
 100.5172441  51.0976436  53.2606807  98.9900000  49.5900000  53.1100000
  99.0193365  48.7682210  53.6354953  97.9239608  49.8025084  53.0007453
  99.5600000  49.2500000  51.7200000  98.7400000  49.1900000  50.7700000
 100.7600000  48.9400000  51.5900000  99.2500000  51.4300000  56.2800000
  98.0400000  51.6200000  56.1100000  99.9200000  51.8500000  57.3600000
 100.9547305  51.6814121  57.4133315  99.3700000  52.6300000  58.4700000
  98.8505774  52.0002830  59.0213131 100.5000000  53.1000000  59.4100000
  99.9837146  53.7535152  60.1870013 100.8461899  52.1533259  59.9217350
 101.6200000  54.0000000  58.8200000 101.6964018  53.5634720  57.7028851
 101.3100000  55.5100000  58.8100000 100.3014411  55.5847387  58.4863493
 101.5056828  55.9177735  59.8800953 101.9971012  55.9369973  58.0352001
 102.8800000  53.8600000  59.6700000 103.7550089  54.2479153  59.1563597
 102.7902049  54.3274159  60.6123089 103.1956520  52.8003286  59.7458211
  98.5300000  53.8000000  57.9700000  97.5400000  54.1400000  58.5900000
  98.8900000  54.3900000  56.8300000  99.4326804  53.9582484  56.2478922
  98.2400000  55.5800000  56.3100000  98.2140814  56.2387005  57.2235212
  99.0800000  56.2100000  55.2100000 100.1052557  55.8471173  55.1545584
  98.7401575  55.8420218  54.3200620  98.9500000  57.7000000  55.1400000
  98.5900000  58.3800000  54.0400000  98.3412494  57.9452388  53.1301347
  98.5600000  59.7300000  54.3100000  98.8985838  60.4271798  53.5804986
  98.8000000  59.9900000  55.6300000  98.7700000  61.1700000  56.3900000
  98.8966816  62.1644696  55.8410649  99.0500000  61.1000000  57.7600000
  99.6259097  61.9419609  58.0478735  99.3400000  59.8600000  58.3500000
  99.5713874  59.8472220  59.4137385  99.3600000  58.6800000  57.5800000
  99.5728012  57.7706869  58.0448093  99.0900000  58.7100000  56.2000000
  96.8000000  55.2800000  55.8900000  95.8800000  55.9500000  56.3300000
  96.5500000  54.2000000  55.1500000  97.2074869  53.5437406  55.3240875
  95.1700000  53.7900000  54.8500000  94.7072046  54.5497295  54.3775407
  95.2100000  52.5800000  53.9200000  95.6932959  52.9037255  53.0259902
  95.7244744  51.7843032  54.3165832  93.9100000  52.1400000  53.5900000
  93.9609911  51.5938921  52.8015964  94.3800000  53.5000000  56.1400000
  93.2700000  54.0000000  56.3000000  94.9900000  52.7800000  57.0900000
  95.9745910  52.4359627  56.8175652  94.3400000  52.3800000  58.3400000
  93.4603312  51.9112637  58.1696434  95.2600000  51.3600000  59.0300000
  94.6617923  50.8733585  59.8856528  95.4938773  50.4923024  58.3469030
  96.1842452  51.7591684  59.5091822  93.9900000  53.5500000  59.2800000
  92.8800000  53.6000000  59.8000000  94.9000000  54.5200000  59.4600000
  95.4109343  54.5898879  58.7036604  94.6300000  55.7400000  60.2500000
  94.3633248  55.4501596  61.1615761  95.8900000  56.6100000  60.5000000
  95.5154238  57.5382434  61.1156056  96.9800000  55.8700000  61.2800000
  97.9150785  56.1292728  60.9050502  96.9908517  55.9600049  62.4547466
  96.7627442  54.8592098  61.0158861  96.5100000  57.2000000  59.2400000
  97.3170449  57.9713175  59.5070696  96.9279119  56.5786459  58.5051482
  95.7985687  57.8617339  58.7417492  93.5300000  56.5800000  59.6200000
  92.7000000  57.1200000  60.3500000  93.4600000  56.6600000  58.2800000
  93.8583477  55.8382854  57.6622636  92.3900000  57.3900000  57.5800000
  92.3353080  58.3676431  58.0545534  92.7200000  57.5600000  56.0800000
  92.6953661  56.6097091  55.5392981  91.5500000  58.1800000  55.3000000
  91.8511850  58.4146180  54.2976139  90.6055678  57.5703496  55.2295144
  91.4779437  59.1047843  55.7204784  93.9800000  58.4300000  55.8200000
  94.8440015  57.9172504  56.1336329  93.9802898  58.5876753  54.6992855
  93.9900000  59.8000000  56.4800000  93.7017158  59.7027493  57.5382550
  95.0093645  60.2824322  56.6660526  93.2509896  60.3857843  56.0615226
  91.0400000  56.7000000  57.8100000  90.0400000  57.3800000  58.0300000
  91.0000000  55.3600000  57.8300000  91.7416025  54.8651187  57.8666302
  89.7900000  54.6000000  58.1600000  88.9796285  54.8517389  57.5051025
  89.9800000  53.1100000  57.8800000  90.8470299  52.7920664  58.2078870
  89.2485041  52.5461118  58.4201716  90.1500000  52.8000000  56.4000000
  91.0104310  53.3155047  55.9581455  90.1698222  51.8288795  56.2463747
  88.7500000  53.3400000  55.4100000  89.2500000  55.0000000  54.9600000
  90.3391326  55.1824693  55.1443719  88.9511744  55.1779126  53.9547636
  88.6288132  55.8286553  55.3771545  89.3500000  54.8600000  59.5800000
  88.1900000  55.2100000  59.8100000  90.2700000  54.7800000  60.5300000
  91.1450069  54.5396470  60.3085984  89.9700000  55.0700000  61.9300000
  89.2736624  54.3888961  62.2910122  91.2100000  54.7100000  62.7400000
  91.9251405  55.0770601  62.2225184  91.1806315  54.9812228  63.7598506
  91.2600000  52.9100000  62.7200000  91.5672753  52.7901878  61.4235686
  89.5200000  56.5100000  62.1600000  88.5600000  56.7200000  62.9100000
  90.1300000  57.4900000  61.4900000  90.8972587  57.3287991  61.0744392
  89.7000000  58.8900000  61.6000000  89.7105054  59.1065138  62.5685117
  90.7300000  59.7800000  60.9000000  90.2426177  60.4387104  60.1577164
  91.1203128  60.4851493  61.6892199  91.6219488  59.2076123  60.4500753
  88.2900000  59.0900000  61.0300000  87.4600000  59.7300000  61.6800000
  87.9800000  58.5000000  59.8600000  88.5916374  58.0911103  59.3752295
  86.6200000  58.5600000  59.3200000  86.3920388  59.5372156  59.2817621
  86.5200000  57.9700000  57.9000000  86.8854024  57.0572562  57.9679689
  85.0900000  57.9400000  57.3500000  85.1076343  57.7366759  56.1915950
  84.5529214  57.1394856  57.8117080  84.5797215  59.0130080  57.4797042
  87.2300000  58.8100000  57.0200000  88.1610572  58.7705422  57.2550135
  85.6300000  57.8700000  60.2600000  84.5900000  58.4400000  60.5500000
  85.9200000  56.6800000  60.7900000  86.6510961  56.1184529  60.4878662
  84.9900000  55.9900000  61.7000000  84.1140388  55.9618673  61.2629290
  85.4500000  54.5400000  61.9700000  86.3867780  54.4970432  62.3034349
  84.5600000  53.9100000  63.0600000  84.8723110  52.8559746  63.1996115
  84.6631639  54.3218875  64.0857380  83.4914633  54.1401460  62.9475313
  85.4100000  53.7300000  60.6500000  84.4204891  53.6675863  60.2733321
  85.9894989  54.1911523  59.8790110  85.9300000  52.2900000  60.7800000
  85.0511410  51.5972971  61.0264368  86.4664527  52.0217643  59.9015951
  86.4913158  52.2207901  61.6683479  84.7900000  56.7800000  63.0000000
  83.6600000  56.8900000  63.4700000  85.8500000  57.3700000  63.5500000
  86.8096522  56.7386724  63.4486197  85.7300000  58.2300000  64.7200000
  85.2998165  57.7066285  65.4395336  87.1300000  58.6700000  65.1600000
  87.0304303  59.4741625  65.8354524  87.6314040  57.8939238  65.5403749
  87.8048369  58.9988203  64.3818110  84.8100000  59.4200000  64.4400000
  83.9400000  59.7200000  65.2500000  84.9300000  60.0500000  63.2600000
  85.7621706  59.8779849  62.8617031  84.0300000  61.1200000  62.8200000
  84.0704863  61.8984575  63.4292156  84.5200000  61.6500000  61.4700000
  85.4501337  61.9105699  61.4988944  84.4432887  60.9400870  60.6989265
  83.6900000  62.8200000  60.9700000  82.7168818  62.6912166  61.0296744
  83.8829159  63.7049064  61.6147702  84.2600000  63.3300000  59.3500000
  83.1700000  64.7300000  59.1100000  83.1665663  64.9198943  58.0512029
  82.1352425  64.5723489  59.4910953  83.6885957  65.5762454  59.4417534
  82.5700000  60.6600000  62.7000000  81.6700000  61.3800000  63.1400000
  82.3300000  59.4500000  62.1600000  83.0761459  58.7853127  61.8606815
  80.9900000  58.8500000  62.0900000  80.4117411  59.5187486  61.5886204
  80.9900000  57.4700000  61.4000000  81.6371932  56.8707480  61.8764689
  79.5800000  56.8500000  61.3500000  79.6530970  55.7953216  61.1604176
  79.2457882  56.8144454  62.3961654  78.9684066  57.5515572  60.6566796
  81.4400000  57.5500000  59.9400000  81.9927937  58.5703878  59.6232947
  82.2018973  56.7329053  59.7045036  80.5418938  57.5982830  59.1662531
  80.3900000  58.7300000  63.4900000  79.2400000  59.1200000  63.6700000
  81.1700000  58.2600000  64.4700000  81.9900909  57.8359856  64.2044644
  80.7100000  58.1200000  65.8600000  79.7366311  57.5271429  65.7275373
  81.7500000  57.4200000  66.7200000  82.7353838  57.8986000  66.5219496
  81.6356078  57.5918689  67.8423109  81.8800000  55.9500000  66.4000000
  82.0845870  55.8397619  65.3838399  83.0400000  55.4700000  67.2600000
  83.1676996  55.7501503  68.3550894  82.8841861  54.4356000  67.2529783
  84.0212699  55.4643881  66.6574337  80.5700000  55.2100000  66.7300000
  80.3138529  54.7176062  65.7244255  80.7687087  54.2993330  67.3562832
  79.8748662  55.9314266  67.0608992  80.4400000  59.4400000  66.5300000
  79.4200000  59.5700000  67.2000000  81.3200000  60.4200000  66.3600000
  82.2593576  60.2460157  66.2685605  81.0400000  61.7300000  66.9200000
  80.8893563  61.5990911  67.8917290  82.2300000  62.6700000  66.7400000
  82.4023415  62.6510569  65.6481181  81.8800000  64.0700000  67.2700000
  82.6691808  64.8030464  67.0758750  80.9472579  64.4114323  66.8068423
  81.9137606  64.1045467  68.3493152  83.4500000  62.1900000  67.5200000
  84.2794028  62.9953924  67.4936868  83.1478632  61.9003315  68.6164007
  83.9396357  61.4058526  66.9256002  79.7500000  62.2600000  66.3000000
  78.8700000  62.6300000  67.0700000  79.5200000  62.1600000  64.9900000
  80.1699056  61.6104190  64.4961240  78.2400000  62.5600000  64.4000000
  78.0552990  63.5469233  64.6399622  78.3700000  62.5800000  62.8700000
  78.9255743  61.6639847  62.5139384  77.4186950  62.4975773  62.4472264
  79.2200000  63.7400000  62.4000000  79.7700000  64.5300000  63.1500000
  79.3200000  63.9300000  61.1100000  80.2127213  64.3537044  60.8626290
  78.8790919  64.6326049  60.6703008  77.0600000  61.7100000  64.8800000
  75.9400000  62.2200000  64.9900000  77.3000000  60.4600000  65.2800000
  78.2748742  60.0945323  65.1893996  76.3200000  59.6200000  65.9500000
  75.4651674  59.6172067  65.2830319  76.8900000  58.2000000  66.0700000
  77.3124720  58.0195417  65.1055097  77.3407002  58.1294023  67.0654617
  75.7600000  57.2100000  66.0800000  76.1046437  56.3269371  66.3654172
  74.9832932  57.5284149  66.8756358  74.9400000  57.0900000  64.4900000
  73.6000000  56.1000000  65.1100000  72.7880966  56.1364055  64.4391856
  73.9609916  55.1270722  65.4915797  73.1744859  56.6612492  66.0045597
  75.8900000  60.1400000  67.3400000  74.7300000  60.0100000  67.7200000
  76.8000000  60.7600000  68.1000000  77.6468948  60.8725113  67.8507569
  76.4800000  61.4400000  69.3700000  75.8681002  60.8285143  69.8411496
  77.7800000  61.7200000  70.1500000  78.5466447  61.8841343  69.5513667
  77.7677686  62.5024987  70.9396570  78.2700000  60.5800000  71.0200000
  78.6600000  59.3600000  70.4400000  78.4636040  59.0188191  69.3215073
  79.2000000  58.3400000  71.2400000  80.1023386  57.8405906  70.8404174
  79.2900000  58.5000000  72.6300000  79.8418867  57.6229148  73.1745629
  78.8800000  59.7100000  73.2200000  79.3814774  59.9121945  74.2157117
  78.3800000  60.7500000  72.4100000  77.6757129  61.4919400  72.8611410
  75.7000000  62.7500000  69.1300000  74.7800000  63.0600000  69.8900000
  76.0200000  63.4800000  68.0600000  77.0023099  63.3076833  67.5287140
  75.3100000  64.7100000  67.6900000  75.4279331  65.3523724  68.5387967
  75.7452122  65.0037338  66.7667114  73.8500000  64.4700000  67.3200000
  72.9600000  65.1700000  67.8000000  73.5700000  63.4400000  66.5200000
  74.3924502  62.9725337  66.2277340  72.1800000  63.0200000  66.2200000
  71.6930679  63.8266146  65.8904147  72.1300000  62.0200000  65.0500000
  72.5701404  62.5117902  64.2498320  72.8900000  60.7400000  65.3700000
  73.7069572  60.8948542  65.9002478  72.3793701  60.0706335  66.0824121
  73.2198754  60.1941768  64.4986855  70.7000000  61.6700000  64.6300000
  70.7498792  60.9453652  63.8558403  69.9779082  61.4431343  65.4571543
  70.4326983  62.6450695  64.3627970  71.4600000  62.4600000  67.4500000
  70.2600000  62.6900000  67.5800000  72.1700000  61.7700000  68.3600000
  72.9938853  61.3360092  67.9892735  71.5900000  61.3000000  69.6300000
  70.8803814  60.6162407  69.4255791  72.6500000  60.6300000  70.5200000
  73.5639520  60.8959253  70.2274183  72.6328776  60.9062132  71.5987208
  72.6500000  59.1200000  70.3900000  71.6428278  58.6565790  70.4164656
  73.1352049  58.8898309  69.5195571  73.6400000  58.3600000  71.6900000
  73.3800000  56.6700000  71.1600000  73.6893110  55.9283281  71.8396679
  72.5304455  56.4408810  70.7980718  74.0403617  56.4232698  70.2808691
  71.0000000  62.4500000  70.4200000  69.8200000  62.4100000  70.7700000
  71.8100000  63.4900000  70.6400000  72.5548200  63.5366050  70.0639332
  71.3500000  64.7100000  71.2900000  71.0248965  64.4659876  72.2263212
  72.5000000  65.7300000  71.3700000  73.3432120  65.3583565  71.9424245
  72.8255438  65.9004246  70.2379195  72.0100000  67.0100000  71.9500000
  71.9300000  67.2600000  73.2700000  72.7522136  66.9137609  73.9246650
  71.3300000  68.4800000  73.4800000  71.1102717  68.9845941  74.3138127
  70.9800000  69.0900000  72.2900000  70.3600000  70.3100000  71.9800000
  69.7294069  70.7376223  72.8174220  70.1100000  70.6200000  70.6300000
  70.0325977  71.7120613  70.5163941  70.4900000  69.7200000  69.6200000
  70.2524841  69.8445201  68.6142112  71.1400000  68.5100000  69.9400000
  71.3693298  67.8027236  69.2021441  71.4000000  68.1600000  71.2900000
  70.1600000  65.3200000  70.5500000  69.1700000  65.6900000  71.1700000
  70.2200000  65.3800000  69.2100000  71.0025161  64.7993309  68.6884806
  69.2300000  66.0900000  68.4100000  69.1786142  67.1089691  68.8265860
  69.7700000  66.2200000  66.9800000  70.9028633  66.2364593  66.7603092
  69.5184171  65.1982413  66.5636845  69.1000000  67.3400000  66.1600000
  68.7949891  68.1592804  66.7993826  70.0400000  67.8100000  65.0500000
  69.6395728  68.7721245  64.7304045  71.0149664  67.9725532  65.4563838
  69.9867093  67.0705160  64.3618892  67.8000000  66.8900000  65.4800000
  66.8794250  67.2823118  65.9316985  67.8451042  67.1235902  64.5474673
  67.5923862  65.7307244  65.6761619  67.8400000  65.4400000  68.5000000
  66.8400000  66.1500000  68.5700000  67.7700000  64.1100000  68.5100000
  68.6490015  63.6474247  68.2327586  66.4900000  63.3900000  68.6300000
  65.7617251  64.0195257  68.3245029  66.5400000  62.1100000  67.7800000
  67.4381815  61.6513769  67.9118260  65.8140897  61.4924755  68.0928482
  66.3400000  62.3300000  66.3100000  67.2600000  62.8400000  65.4600000
  67.7839423  63.7823167  65.8479820  66.7400000  62.8500000  64.1700000
  67.1159657  63.3363544  63.3816129  65.4700000  62.3100000  64.1400000
  64.5500000  62.0300000  63.1100000  64.8471518  62.1026284  62.0178208
  63.2900000  61.5100000  63.4300000  62.8209108  60.9598515  62.6172561
  62.9400000  61.3000000  64.7700000  61.9723487  61.0233522  65.0078156
  63.8600000  61.5900000  65.8000000  63.5275003  61.4992870  66.8728966
  65.1600000  62.0500000  65.5000000  66.0400000  63.1000000  70.0600000
  64.9900000  62.4500000  70.2300000  66.7900000  63.5400000  71.0800000
  67.5226167  64.1625432  70.8361296  66.4800000  63.2500000  72.4900000
  67.0579479  63.8744686  73.0301046  65.5337347  63.5333177  72.6991927
  66.6200000  61.7600000  72.8300000  65.7900000  61.1900000  73.5300000
  67.6400000  61.1100000  72.2700000  68.3644146  61.7897114  72.0272213
  68.0200000  59.7400000  72.6500000  67.0940131  59.3075249  73.1006685
  68.5500000  58.9300000  71.4600000  69.3936240  59.5706843  70.9809379
  69.0300000  57.5400000  71.9000000  69.9478790  57.5400794  72.5324373
  68.2527637  57.0307693  72.4612808  69.4885116  56.9726695  71.1480978
  67.4500000  58.8000000  70.3900000  66.6310761  58.1724610  70.7792644
  66.9645426  59.8009601  70.1706685  67.9700000  58.2600000  69.0600000
  68.5193080  57.2383477  69.1382445  67.1493990  58.0422518  68.3772212
  68.6714263  58.9817839  68.6061130  69.0400000  59.8300000  73.7700000
  70.0400000  60.5400000  73.6800000  68.8000000  59.0300000  74.8100000
  67.9891416  58.3839605  74.7461587  69.6200000  59.0200000  76.0100000
  70.1342482  59.9822015  76.1265084  68.7300000  58.7400000  77.2000000
  67.9790168  59.5004345  77.3960224  68.2630258  57.8413007  77.1853147
  69.4800000  58.8800000  78.3700000  68.9029715  58.6627279  79.1090670
  70.7500000  58.0000000  75.9400000  70.6000000  56.9400000  75.3400000
  71.8600000  58.2900000  76.6200000  71.6322993  58.8017548  77.4382702
  73.0100000  57.4100000  76.7400000  72.9849767  56.7012789  75.8969450
  74.2800000  58.2700000  76.8200000  74.2845332  58.9555519  76.1413511
  74.3462771  58.7844612  77.7589774  75.5800000  57.4600000  76.7600000
  75.5369136  56.7348613  77.5428093  75.7700000  56.7900000  75.3900000
  75.5398655  55.7532687  75.6484709  75.1445568  57.1933398  74.5693223
  76.7493785  56.9214348  75.0273157  76.7800000  58.3900000  77.0100000
  77.6246947  57.8716815  76.5415737  76.4777321  59.3349417  76.4053151
  76.8230571  58.5318330  78.1537629  72.8200000  56.4400000  77.9200000
  73.3400000  56.6300000  79.0100000  72.0600000  55.3700000  77.6900000
  71.4277452  55.3714311  77.0734523  72.0600000  54.1600000  78.5300000
  72.4660539  54.3977759  79.4156504  70.6000000  53.7800000  78.8400000
  70.5176137  53.0134509  79.6185842  70.1263655  54.5958067  79.3305311
  69.7900000  53.4500000  77.6000000  70.2900000  53.2900000  76.5000000
  68.5100000  53.2300000  77.7400000  68.1343726  52.2691239  77.6751350
  67.9897860  53.8329862  78.3378673  72.8600000  53.0200000  77.8700000
  73.3700000  53.1800000  76.7600000  72.9500000  51.8500000  78.5100000
  72.2486730  51.7034397  79.0363352  73.7100000  50.7100000  77.9800000
  74.7988494  51.0626166  77.9386473  73.7300000  49.6200000  79.0700000
  74.7446116  49.5204003  79.4322780  73.1456713  49.9280847  79.8904765
  73.3676410  48.5819180  78.7587165  73.2000000  50.1700000  76.6200000
  73.9500000  49.5100000  75.9000000  71.9600000  50.4900000  76.2200000
  71.3934719  50.9374874  76.8733600  71.3900000  50.1300000  74.9000000
  71.8357729  49.0902725  74.6130623  69.8500000  50.0100000  74.9600000
  69.4614097  51.0074924  75.2341711  69.2800000  49.5100000  73.6300000
  68.3317605  49.1013355  73.7963495  69.3507128  50.1854139  72.8156630
  69.8764057  48.8061282  73.1970556  69.4100000  49.0400000  76.0700000
  68.4907143  48.4932247  75.8101742  70.1604421  48.4308021  76.3029133
  69.1438507  49.6760347  76.9290863  71.7800000  51.1500000  73.8300000
  72.1400000  50.8000000  72.7200000  71.7500000  52.4400000  74.1700000
  71.3317441  52.6015943  75.1417040  72.3700000  53.4700000  73.3300000
  71.8770951  53.5065690  72.3641585  72.1900000  54.8200000  74.0000000
  71.7615123  54.7043427  74.9951681  73.0246116  55.4526723  74.3491848
  71.4400000  55.6600000  73.1800000  71.0824524  56.3638525  73.7325524
  73.8400000  53.1700000  73.1200000  74.3400000  53.2300000  72.0000000
  74.5300000  52.7400000  74.1700000  74.2785603  53.0883129  75.0621532
  75.9500000  52.4700000  74.1000000  76.3072415  53.2754573  73.4687307
  76.5000000  52.3300000  75.5300000  76.0611172  52.9350682  76.2743720
  76.1986963  51.2718231  75.7550852  78.0300000  52.2400000  75.5300000
  78.3785239  51.3603166  75.0923604  78.6500000  53.4600000  74.8500000
  79.8036089  53.2678387  74.7603239  78.4225027  53.6074912  73.7586081
  78.3939915  54.3690797  75.3526711  78.4900000  52.1200000  76.9800000
  79.6166816  51.9810272  77.1080829  78.2373472  53.0751655  77.3654287
  77.9362426  51.1701149  77.3631572  76.3100000  51.2600000  73.2300000
  77.2400000  51.3400000  72.4400000  75.5500000  50.1600000  73.3300000
  74.6626124  50.2516753  73.4620662  75.8100000  48.9900000  72.4800000
  76.7714974  48.7797597  72.6509871  74.9500000  47.7800000  72.8700000
  75.0142015  47.8338752  73.9193323  73.4700000  47.7800000  72.4900000
  72.7490191  47.1115943  72.9882707  73.1534174  48.7665855  72.7154010
  73.2865539  47.5265843  71.5020319  75.5700000  46.4900000  72.3300000
  74.9300417  45.6612311  72.3620286  75.9559027  46.5917386  71.3521049
  76.4867978  46.1993715  72.9750069  75.6300000  49.3100000  71.0100000
  76.4700000  48.9300000  70.1900000  74.5900000  50.0800000  70.6800000
  74.0693275  50.4539070  71.4107993  74.3400000  50.4600000  69.3000000
  74.2419390  49.5959038  68.5908770  72.9830000  51.1570000  69.2180000
  73.0660044  51.8828609  69.9675779  72.9024601  51.5655317  68.2771131
  71.8200000  50.2160000  69.3990000  70.6710000  50.5980000  69.4480000
  72.0660000  48.9410000  69.4070000  72.9742233  48.7550927  69.7359349
  71.2722709  48.3568384  69.5773844  75.4400000  51.3700000  68.7700000
  75.7600000  51.2800000  67.5900000  76.0900000  52.2000000  69.5900000
  75.8573142  52.2092216  70.6612329  77.2500000  52.9800000  69.1600000
  77.0476913  53.4457074  68.2379947  77.5000000  54.1000000  70.1700000
  77.8648230  53.8750673  71.2133936  78.3856123  54.5892443  69.8379992
  76.3700000  55.1400000  70.2600000  75.5643973  54.5727300  70.4254754
  76.6800000  56.0100000  71.4700000  77.7324116  56.3786472  71.5450097
  76.0475322  56.9274119  71.6004956  76.3799217  55.3083148  72.3606803
  76.2600000  55.9400000  68.9700000  76.6875175  55.4640959  68.1213151
  75.1673503  55.9492608  68.7498068  76.5190904  56.9711006  69.0664653
  78.5100000  52.1400000  68.9800000  79.2000000  52.2900000  67.9700000
  78.8100000  51.2300000  69.9100000  78.6085457  51.3698885  70.8333996
  79.9200000  50.2700000  69.7300000  80.7580630  50.7732625  69.5349882
  80.1400000  49.4100000  70.9900000  79.1308465  48.9978248  71.4231027
  81.1400000  48.2800000  70.7300000  81.3641340  47.9325461  71.7721913
  80.7007146  47.5277145  70.0686234  81.9395485  48.6810687  70.3098652
  80.7300000  50.2100000  72.1600000  80.5361379  49.6987707  73.0992218
  81.8801921  50.2732190  72.0302283  80.3295251  51.2311010  72.2832141
  79.6700000  49.3600000  68.5300000  80.6000000  48.9500000  67.8500000
  78.4100000  49.0600000  68.2100000  77.6228083  49.1763870  68.8591086
  78.0800000  48.3500000  66.9800000  78.7731572  47.6279275  66.8409311
  76.6900000  47.7300000  67.1300000  76.5094022  47.2396126  68.0112539
  75.9233152  48.5454808  67.1973308  76.3800000  46.8900000  65.9000000
  77.3317724  46.4475606  65.5363357  75.7816815  46.1475852  66.2619750
  75.4600000  47.7200000  64.6000000  73.8800000  47.6900000  65.4500000
  73.1451195  47.6468518  64.6458909  73.7343563  46.7813754  66.0546595
  73.8330667  48.5996633  65.9708653  78.2400000  49.2400000  65.7500000
  78.9100000  48.8600000  64.7800000  77.7400000  50.4800000  65.8000000
  77.4651831  50.8535774  66.5733785  77.8300000  51.4300000  64.6900000
  77.2722489  50.8388717  63.9043042  76.9800000  52.6700000  64.9500000
  77.0493857  53.0628660  66.0074996  77.3590336  53.5154137  64.4257068
  75.6500000  52.3900000  64.6000000  75.0696661  52.8537986  65.2075114
  79.2600000  51.8600000  64.3300000  79.5000000  52.2900000  63.2000000
  80.2300000  51.7300000  65.2300000  80.0696539  51.8713452  66.1012612
  81.6400000  51.9100000  64.8800000  81.6813457  52.6860850  64.2794304
  82.4600000  52.1900000  66.1400000  83.3816880  52.6537551  65.8729758
  81.9500087  52.9693193  66.7592047  82.8300000  50.7400000  67.1200000
  81.5736492  50.5207381  67.5155999  82.2400000  50.7400000  64.1000000
  83.2200000  50.9100000  63.3700000  81.6300000  49.5600000  64.2500000
  80.8376272  49.3982941  64.8690772  82.0300000  48.3300000  63.5900000
  83.0494627  48.3001768  63.5136015  81.7881678  47.5013878  64.1602003
  81.3500000  48.1300000  62.2400000  81.9800000  47.5400000  61.3800000
  80.1400000  48.6500000  62.0300000  79.7439526  49.1788195  62.5937942
  79.4300000  48.5900000  60.7400000  79.6241762  47.7017549  60.3220155
  77.9200000  48.6500000  61.0300000  77.6177983  47.9631812  61.8073777
  77.5300000  50.0900000  61.4000000  76.5256053  49.9831164  61.8336789
  78.1962664  50.3623971  62.1478830  77.8173299  50.8101323  60.7017606
  77.0500000  48.1400000  59.8500000  77.1879647  48.8784402  59.1270179
  77.3590121  47.1052832  59.5897051  75.5700000  47.9900000  60.2500000
  74.9975268  48.7279673  59.7295809  75.3797129  46.9621631  59.9748028
  75.3178132  48.1280697  61.3289626  79.8700000  49.7200000  59.7800000
  79.7100000  49.6400000  58.5700000  80.3800000  50.8400000  60.3100000
  80.7439379  50.7290704  61.1557208  80.8400000  51.9800000  59.5000000
  80.0617440  52.1869575  58.9347862  81.1900000  53.1500000  60.4100000
  81.5113642  54.0023215  59.8729568  80.4625240  53.4234677  61.0673997
  82.2700000  52.7300000  61.2200000  81.9492414  52.1250409  61.8942367
  82.0600000  51.6200000  58.6500000  82.2900000  52.2200000  57.6000000
  82.8200000  50.6100000  59.0900000  83.0568785  50.5776389  60.1246602
  83.8900000  49.9900000  58.3200000  84.5263197  50.7958241  58.0870938
  84.6700000  48.9600000  59.1500000  84.7686885  49.2660181  60.1584681
  83.9400000  47.6200000  59.2200000  84.0949434  47.1870200  60.2406915
  82.9356319  47.8182962  59.2167460  84.2913903  46.9847781  58.3589342
  86.0700000  48.7400000  58.5700000  86.8202491  48.2568835  59.1635902
  85.8650170  48.3234868  57.5574376  86.4931699  49.6760474  58.1502256
  83.3700000  49.3800000  57.0300000  84.0600000  49.4800000  56.0200000
  82.1600000  48.8300000  57.0300000  81.5593956  48.8424045  57.8867840
  81.5300000  48.1700000  55.8900000  82.1083463  47.2901481  55.7587862
  80.1400000  47.7000000  56.3500000  80.2322359  47.4517394  57.4247550
  79.4363021  48.5374995  56.1976732  79.5800000  46.4500000  55.6800000
  79.6654121  46.5031160  54.6281190  80.1115552  45.5770836  55.8700706
  78.0700000  46.3900000  55.9700000  77.3100000  46.9700000  55.1700000
  77.5800000  46.0900000  57.0700000  81.5000000  49.1200000  54.6800000
  81.9000000  48.7700000  53.5800000  81.2100000  50.4000000  54.9400000
  80.9843699  50.7433261  55.7921495  81.3700000  51.4700000  53.9600000
  80.9612810  51.1947287  53.1079074  80.5700000  52.6900000  54.4200000
  80.8829261  53.0169906  55.3859928  80.6613684  53.4289510  53.7201074
  79.0700000  52.4900000  54.4000000  78.4300000  52.3300000  53.1600000
  79.0604712  52.2977718  52.1927426  77.0400000  52.1400000  53.1100000
  76.6707220  52.0173789  52.3178514  76.2900000  52.1400000  54.3000000
  75.3725507  51.7583162  54.2347964  76.9300000  52.2900000  55.5400000
  76.3654783  52.3884901  56.5202545  78.3300000  52.4500000  55.5900000
  78.8948954  52.7384166  56.5164153  82.8400000  51.8400000  53.7200000
  83.3300000  51.7500000  52.5900000  83.5400000  52.3200000  54.7600000
  83.0580908  52.3612862  55.5582416  84.8300000  52.9900000  54.5500000
  84.5459369  53.7839619  53.8979102  85.2700000  53.6800000  55.8500000
  85.9446971  54.4426000  55.4760611  84.4754189  54.0895351  56.3311022
  85.9500000  52.5300000  57.0700000  87.0102714  52.1533569  56.3491908
  85.8900000  52.0600000  53.9200000  86.6600000  52.5000000  53.0700000
  85.8500000  50.7600000  54.2500000  85.0863846  50.3783698  54.6784849
  86.7800000  49.7200000  53.8100000  87.7684364  49.9444858  54.0872727
  86.3900000  48.3900000  54.4800000  86.5901278  48.4168789  55.5695959
  85.3772887  48.1269339  54.4828071  86.9800000  47.2700000  53.8700000
  86.6387954  46.4785307  54.2939295  86.8200000  49.5400000  52.3000000
  87.9000000  49.4600000  51.7100000  85.6700000  49.5300000  51.6300000
  84.7827444  49.8442429  52.1195636  85.6300000  49.2100000  50.2100000
  86.1219207  48.3459913  50.0779821  84.1750000  49.0290000  49.8300000
  83.6225072  49.8269844  50.2832955  84.1285229  48.9671883  48.7710478
  83.6960000  47.6550000  50.1690000  83.5400000  47.2120000  51.4660000
  83.4056249  47.7803558  52.3082084  83.1210000  45.9430000  51.3310000
  83.4173147  45.1984027  52.0488663  82.9660000  45.5980000  50.0470000
  83.3020000  46.6910000  49.2870000  82.7877007  46.8952836  48.2509266
  86.3100000  50.2600000  49.3400000  87.1400000  49.9200000  48.5000000
  85.9900000  51.5300000  49.5700000  85.4854543  51.8328552  50.4459073
  86.5900000  52.6600000  48.8500000  86.4184398  52.3425486  47.7624329
  85.8600000  53.9500000  49.2300000  85.7940142  53.9445246  50.1884427
  86.6800000  55.2100000  48.8600000  86.0195520  56.0320697  48.8904601
  87.3436785  55.2770423  49.5869844  87.1402906  55.2069746  47.8637834
  84.4500000  53.9700000  48.6100000  84.0707001  52.9905955  48.8458635
  83.8887288  54.7209473  49.0961422  84.4300000  54.1300000  47.0800000
  84.4998261  53.1641699  46.5796131  83.3952161  54.4119810  46.7976653
  85.2013686  54.7495376  46.6988797  88.0900000  52.7800000  49.1000000
  88.8600000  52.9200000  48.1500000  88.5200000  52.7000000  50.3700000
  87.9769298  52.6261206  51.1128882  89.9600000  52.7700000  50.6800000
  90.4334996  53.6857563  50.2802526  90.2100000  52.7800000  52.1900000
  89.5842913  53.5739130  52.5928553  89.8400000  51.4800000  52.9000000
  90.2591520  51.3173899  53.8577038  88.6963618  51.4476646  52.9449529
  90.3373502  50.6632595  52.3782028  91.5700000  53.0100000  52.4200000
  91.7128897  53.0849980  53.3674011  90.7200000  51.6300000  50.0200000
  91.8600000  51.8000000  49.5800000  90.0700000  50.4600000  49.8700000
  89.0817083  50.4102632  49.9558588  90.6900000  49.3000000  49.2500000
  91.7613434  49.2924856  49.5905557  89.9500000  48.0300000  49.6800000
  89.5577811  48.2178005  50.6250657  89.1160164  47.8850036  48.9842717
  90.8300000  46.7900000  49.6500000  90.3656571  46.0224187  50.2317765
  90.9582128  46.4934801  48.6357921  92.2000000  46.9300000  50.3400000
  92.8321825  46.6508425  49.5932910  92.4737851  47.8065947  50.8099396
  92.3600000  46.0200000  51.4800000  92.1610114  46.2640945  52.4341387
  92.3000000  44.7100000  51.4800000  92.5400000  44.0600000  52.5800000
  91.9031208  43.4497335  53.0625706  93.5097815  43.6906406  52.9360647
  91.9900000  44.0900000  50.3900000  92.6734498  44.1559198  49.6885645
  91.9254232  43.1196741  50.5125989  90.8500000  49.4500000  47.7500000
  91.9200000  49.1500000  47.2300000  89.8400000  50.0100000  47.1100000
  88.9555809  50.5152427  47.4488503  89.9100000  50.3700000  45.7000000
  90.2545982  49.6138865  45.1081539  88.4700000  50.6800000  45.2800000
  88.3662426  50.6021494  44.1628710  87.8434688  49.9723318  45.8172606
  88.1534727  51.6564058  45.6824800  90.9000000  51.5300000  45.4300000
  91.4600000  51.6100000  44.3500000  91.1500000  52.4300000  46.4100000
  90.7830267  52.0209715  47.3580937  92.1800000  53.4700000  46.3100000
  92.0579274  53.8958731  45.3967931  91.9200000  54.5600000  47.3600000
  90.8190486  54.8999184  47.3323294  91.7238840  54.0775181  48.3275783
  92.9900000  55.6400000  47.3800000  94.2000000  55.4300000  48.0800000
  94.2910126  54.5411743  48.7015757  95.2300000  56.3800000  48.0000000
  96.1791251  55.9803549  47.8315010  95.0400000  57.5800000  47.3000000
  95.4391599  58.4645799  47.7571791  93.8300000  57.8100000  46.6200000
  93.8296826  58.6421950  45.8721412  92.8200000  56.8300000  46.6500000
  92.0087138  56.9497090  45.9393868  93.6100000  52.9300000  46.4700000
  94.5100000  53.3400000  45.7400000  93.8500000  52.0500000  47.4600000
  93.2724039  51.9934158  48.1952969  95.2000000  51.5300000  47.7600000
  95.8003570  52.2743331  47.7185334  95.3200000  50.8600000  49.1400000
  94.9939578  51.5213371  49.7838219  94.4500000  49.6300000  49.3500000
  94.3790211  49.2927165  50.3876400  93.4175500  49.7888351  48.9801068
  94.8885668  48.8863201  48.7685271  96.6600000  50.4600000  49.3000000
  96.7831074  50.0672149  50.1692475  95.6900000  50.6200000  46.6300000
  96.7900000  50.8400000  46.1100000  94.8500000  49.6700000  46.1800000
  93.8559395  49.5417213  46.5368895  95.1700000  48.7900000  45.0500000
  96.2090384  48.5794348  44.9820942  94.5800000  47.3700000  45.2100000
  93.5646140  47.4694926  44.9971527  95.2600000  46.4300000  44.2100000
  94.4539290  45.7395831  44.0736337  95.5459243  46.8238217  43.2850827
  96.1174448  45.9380261  44.6664446  94.7900000  46.7900000  46.6100000
  94.5005949  45.7201537  46.6470541  95.8080754  46.9703145  47.0118478
  94.2574651  47.3981283  47.3288098  94.7600000  49.4500000  43.7400000
  93.8100000  49.0500000  43.0900000  95.5100000  50.4900000  43.3600000
  96.2610145  50.6747860  43.8353965  95.2300000  51.2500000  42.1300000
  94.7807579  50.6351120  41.4381415  94.2600000  52.3800000  42.4400000
  93.6980697  52.0391551  43.2767019  94.5885071  53.4174213  42.4752175
  93.3400000  52.5300000  41.4000000  92.5062981  52.8344895  41.7674440
  96.5100000  51.8500000  41.5400000  97.2900000  52.4600000  42.2600000
  96.6800000  51.7100000  40.2200000  96.0548004  51.0296662  39.6753195
  97.9100000  52.0700000  39.4800000  98.4932346  52.5730941  40.2606272
  98.5500000  50.8300000  38.8400000  97.7435959  50.4356388  38.1971523
  99.4579759  51.0019008  38.3683085  98.9500000  49.8100000  39.9200000
  98.0821171  49.4375579  40.3605043  99.3671682  48.8313852  39.6158053
  99.8300000  50.5800000  41.3000000  99.2700000  49.6800000  42.7600000
  99.6259249  50.1191703  43.6253515  98.2304567  49.6640154  42.8113994
  99.5736956  48.6533998  42.7911072  97.7800000  53.2600000  38.5300000
  98.6100000  53.4400000  37.6400000  96.7700000  54.1100000  38.7400000
  96.1161538  53.9747884  39.5205485  96.6200000  55.3800000  38.0400000
  96.7870189  55.1753355  36.9395063  95.1500000  55.8200000  38.1000000
  94.5327062  54.9435082  38.4254185  95.0169780  56.6355211  38.8285123
  94.6000000  56.1200000  36.6900000  95.1697433  57.0139509  36.1847962
  94.7124347  55.2453738  35.9201685  93.0900000  56.4100000  36.7500000
  92.5748186  55.5209774  36.8898362  92.7133433  56.9538589  37.6181684
  92.5700000  56.9900000  35.4200000  93.3050063  57.6670400  34.9844197
  92.4214871  56.1635438  34.7234719  91.2800000  57.7100000  35.6200000
  91.4870521  58.6490033  35.7066135  90.5244490  57.4505136  34.9141665
  90.8253281  57.4476029  36.4667520  97.6000000  56.4600000  38.5200000
  98.1500000  56.4000000  39.6200000  97.8000000  57.4700000  37.6700000
  97.1528687  57.7602368  37.1693835  98.8800000  58.4700000  37.7700000
  99.7116280  57.9858177  37.8099730  98.9154792  59.0088378  36.9473578
  98.7700000  59.4300000  38.9600000  99.6800000  59.5100000  39.7900000
  97.6800000  60.1900000  39.0500000  96.7581437  59.6981516  38.8868209
  97.4900000  61.2000000  40.1000000  98.4536207  61.3653832  40.4602186
  97.0500000  62.5300000  39.4800000  97.1729487  63.3036508  40.2307448
  97.7812248  62.7556603  38.6343590  95.7300000  62.3600000  39.0400000
  95.7064438  62.2370927  38.0835908  96.5700000  60.7200000  41.2300000
  95.8100000  59.7500000  41.1000000  96.6300000  61.3800000  42.4000000
  97.3093881  61.9098310  42.6232622  95.7800000  61.0600000  43.5800000
  95.9690478  60.1424990  43.8861206  96.1100000  62.0300000  44.7200000
  96.1708515  63.0226310  44.2876607  95.3352304  61.9157072  45.5071221
  97.4600000  61.7400000  45.3700000  98.1176252  61.3575316  44.6505495
  97.9245416  62.7631695  45.7845234  97.3300000  60.7000000  46.4900000
  96.6417638  61.0497322  47.1816619  96.9207024  59.8057537  46.1209036
  98.6200000  60.4700000  47.1700000  99.1944154  59.7303438  46.9361547
  99.3000000  61.3600000  47.8700000  98.8500000  62.5600000  48.1100000
  98.4669689  62.9585670  47.2627830  98.8403341  62.7385778  49.1083468
 100.4800000  61.0600000  48.3200000 101.0047282  61.0103083  47.4684048
 100.3679642  60.3578616  49.0521239  94.2800000  61.1800000  43.2800000
  93.5200000  60.3100000  43.6800000  93.9200000  62.2400000  42.5600000
  94.7438462  62.8577605  42.1029473  92.5500000  62.4900000  42.0700000
  91.9159094  62.5100854  42.8724561  92.4800000  63.8400000  41.3100000
  91.5783356  63.8585469  40.9036327  92.7200000  65.0000000  42.2900000
  92.6364163  64.6388460  43.3142506  93.8271285  65.3834264  42.1522911
  92.0121990  65.8118317  42.0979383  93.5100000  64.0100000  40.1900000
  93.5270805  64.9951039  39.8090509  94.4387487  63.6803956  40.3538276
  93.1849594  63.3528256  39.3679830  92.0500000  61.3400000  41.2000000
  90.9600000  60.8300000  41.4400000  92.9000000  60.8600000  40.2900000
  93.7609025  61.3490525  40.1356093  92.6000000  59.7900000  39.3500000
  91.5975582  59.9980819  38.8661589  93.7800000  59.6600000  38.3800000
  94.6684162  60.1350180  38.7092702  94.1373124  58.5699169  38.3947570
  93.4400000  59.8500000  36.9000000  93.7245440  59.0237842  36.3005536
  92.3652093  59.9390515  36.7764820  94.0500000  61.1100000  36.2800000
  94.7000000  60.9500000  35.2300000  93.9800000  62.2000000  36.9000000
  92.3700000  58.4500000  40.0500000  91.4800000  57.6800000  39.6800000
  93.1600000  58.1500000  41.0900000  93.9522861  58.7184751  41.3906901
  92.9600000  56.9500000  41.9200000  92.7579545  56.0701505  41.2656687
  94.1900000  56.7000000  42.8000000  94.3840171  57.5653220  43.3712964
  94.0501247  55.8463607  43.4987921  95.3800000  56.3200000  41.9200000
  95.1002186  55.7253821  41.1355741  95.8450325  57.2387151  41.5274068
  96.4100000  55.5400000  42.7300000  95.9263078  54.6274397  43.2689685
  97.2071311  55.1871977  42.0671045  96.9400000  56.3400000  43.8300000
  97.2219798  57.3442089  43.5478306  97.4600000  55.8200000  44.9200000
  97.5300000  54.5500000  45.1700000  96.6840035  54.0135073  45.0778016
  98.1584618  54.3458014  45.9163821  97.9300000  56.6400000  45.8000000
  98.6466717  56.5318367  46.3832295  97.6371458  57.5025395  45.6887194
  91.7000000  57.0100000  42.7700000  91.0300000  56.0000000  42.9200000
  91.3700000  58.1900000  43.3000000  92.1539592  58.9541770  43.4173403
  90.1300000  58.4000000  44.0200000  90.0407978  57.6938727  44.7156249
  90.1700000  59.7700000  44.7000000  89.1871502  60.0675528  45.0518991
  90.8830852  59.7190109  45.4104478  90.5173100  60.4462821  44.1065595
  88.9000000  58.2200000  43.1200000  87.9500000  57.5500000  43.5300000
  88.9200000  58.7600000  41.8900000  89.4239315  59.6536028  41.6820007
  87.7900000  58.6600000  40.9500000  86.9544848  59.0185675  41.4872122
  87.9400000  59.6400000  39.7400000  86.9731632  59.9267102  39.5157738
  88.5017795  60.4423554  40.0046337  88.4800000  58.9600000  38.4600000
  89.3361870  58.5313588  38.7008534  87.8971311  58.0685915  38.1660010
  88.6200000  59.8400000  37.2300000  88.0100000  59.4800000  36.2000000
  89.4900000  60.7400000  37.2800000  87.5700000  57.2200000  40.4900000
  86.4300000  56.7600000  40.4300000  88.6700000  56.5100000  40.2000000
  89.5265007  56.8442837  40.3654628  88.6600000  55.1300000  39.7100000
  88.0449563  55.0635929  38.8117178  90.0900000  54.7300000  39.3200000
  90.4091424  55.2878111  38.4404754  90.7337508  54.8315062  40.1649309
  90.1300000  53.3000000  38.7700000  89.8185065  52.6180433  39.4913554
  89.4596943  53.2437094  37.9669184  91.5200000  52.8500000  38.3100000
  92.5000000  53.5700000  38.5700000  91.5500000  51.8100000  37.6000000
  88.0700000  54.2100000  40.7700000  87.1300000  53.4600000  40.5000000
  88.5600000  54.3500000  42.0100000  89.3208321  54.9930614  42.0572716
  88.0300000  53.6600000  43.1700000  88.1496255  52.5721541  43.2422062
  88.8400000  54.0900000  44.3900000  88.4678488  53.7483496  45.3509991
  89.9350107  53.6781690  44.1627172  88.7588992  55.1866346  44.4453748
  86.5300000  53.9400000  43.3800000  85.7700000  53.0000000  43.6300000
  86.1000000  55.2000000  43.2400000  86.9285786  55.8224415  42.9774078
  84.7000000  55.5700000  43.4200000  84.4133375  55.2188109  44.3790611
  84.4700000  57.1000000  43.5100000  85.2931586  57.4220259  44.1825399
  84.5960519  57.4851201  42.4623817  83.0900000  57.4000000  44.1500000
  82.3571182  56.6790770  43.7236366  83.1500000  57.2000000  45.6500000
  83.3317629  56.1234812  45.8670330  83.9660177  57.7525412  46.0477828
  82.2116061  57.5308772  46.1938598  82.5900000  58.8200000  43.9700000
  81.9940327  59.2277729  44.7465092  83.4760857  59.4606661  43.9164521
  81.9252342  58.7944480  43.1361149  83.8000000  54.9400000  42.3500000
  82.8100000  54.3000000  42.7000000  84.1400000  55.0700000  41.0700000
  84.8561754  55.7262455  40.8078421  83.3900000  54.4300000  39.9900000
  82.4490883  54.7292173  40.0077321  84.0500000  54.7600000  38.6500000
  83.5317380  54.2020817  37.8242403  84.0067345  55.8699698  38.3859570
  85.0174294  54.4396178  38.6504731  83.3200000  52.9000000  40.1700000
  82.2300000  52.3200000  40.1300000  84.4700000  52.2500000  40.3600000
  85.3335465  52.7464479  40.6622882  84.5700000  50.7900000  40.4300000
  84.1610082  50.3156970  39.5711622  86.0300000  50.3200000  40.5000000
  86.5379689  51.1452688  41.0595318  86.0671199  49.3925896  41.0047641
  86.6800000  50.1900000  39.1400000  87.2200000  49.0100000  38.6100000
  87.9400000  49.4000000  37.5500000  88.5009090  48.7734455  36.9473500
  87.7500000  50.7100000  37.2900000  88.2083579  51.3111455  36.6102103
  86.9400000  51.2200000  38.2800000  86.2352426  51.7204909  37.8496363
  83.7800000  50.2200000  41.6000000  82.9200000  49.3600000  41.3700000
  84.0700000  50.6900000  42.8100000  84.7654059  51.3026583  42.8568346
  83.5600000  50.0500000  44.0300000  83.3405870  49.1344199  43.6886270
  84.6800000  50.0200000  45.0900000  85.5437118  49.7062124  44.5668680
  84.9321461  50.9258234  45.4228228  84.3800000  48.9800000  46.1600000
  85.2763526  49.0962223  46.9034219  83.4832534  49.2773445  46.7435777
  84.2200000  47.2600000  45.6000000  85.9700000  46.8300000  45.4300000
  86.1190429  46.0057908  44.8312248  86.4270189  47.6386512  44.9538983
  86.3502246  46.6841567  46.3678216  82.2900000  50.7100000  44.5500000
  81.3700000  50.0100000  44.9600000  82.1800000  52.0400000  44.4800000
  82.9587659  52.6311111  44.0023146  81.0500000  52.8200000  45.0000000
  81.0369538  52.6579407  45.9541920  81.2412438  53.8087981  44.7945245
  79.7200000  52.4700000  44.3300000  78.6900000  52.4300000  44.9900000
  79.7600000  52.0900000  43.0400000  80.5077371  51.9343976  42.5576296
  78.6100000  51.5300000  42.3100000  77.9165429  52.2014864  42.2411466
  79.1000000  51.1400000  40.9300000  79.0580411  52.0377388  40.2429764
  80.0129347  50.5616191  41.0849794  78.1600000  50.2600000  40.3400000
  78.1556953  49.4346864  40.8312940  78.0100000  50.2900000  42.9900000
  76.7900000  50.1900000  43.1800000  78.8800000  49.3300000  43.3400000
  79.8222040  49.2557031  42.8006635  78.5100000  48.1200000  44.0700000
  77.7374951  47.6505299  43.6203146  79.7000000  47.1500000  44.0800000
  80.5856290  47.6129856  43.9176915  79.6604426  46.7414636  45.0667482
  79.4500000  46.0100000  43.2800000  80.0609784  45.3159124  43.5434482
  78.0600000  48.4500000  45.5000000  77.1000000  47.8600000  46.0100000
  78.7100000  49.4300000  46.1300000  79.1269793  50.1768496  45.4935926
  78.4900000  49.7600000  47.5500000  78.2488796  48.7079376  48.0247354
  79.7100000  50.5000000  48.1300000  80.0401779  51.1531604  47.3950524
  79.4400000  51.2700000  49.4400000  80.2221445  51.5189479  50.1618778
  79.1447720  52.2945078  49.3476727  78.5690066  50.8674195  49.9486950
  80.8300000  49.4900000  48.4000000  81.6315922  49.8751325  48.9295567
  80.6133646  48.5821011  48.9002306  81.1854360  49.1578988  47.4450210
  77.1900000  50.5200000  47.7900000  76.5100000  50.2900000  48.8000000
  76.7900000  51.4200000  46.8900000  77.3270931  52.0142865  46.4973191
  75.5600000  52.1800000  47.0500000  75.5902807  52.5791789  47.9407133
  75.5500000  53.3400000  46.0600000  76.2713535  54.0494808  46.3121811
  75.6794751  52.9100884  45.0619890  74.2300000  54.1000000  46.0300000
  73.1900000  53.6600000  45.1900000  73.2045971  52.7068169  44.7389806
  71.9300000  54.2800000  45.2500000  71.2960971  53.9950306  44.5915449
  71.7100000  55.3500000  46.1400000  70.8534089  55.9353999  46.2195170
  72.7600000  55.8000000  46.9600000  72.7132874  56.8453341  47.2298969
  74.0100000  55.1700000  46.9100000  74.7917022  55.3344836  47.7694505
  74.3100000  51.3100000  46.8600000  73.3200000  51.4700000  47.5800000
  74.3600000  50.4100000  45.8700000  75.2604985  50.4082742  45.2288957
  73.2600000  49.4900000  45.5900000  72.4306938  49.9889402  45.6241713
  73.4300000  48.8600000  44.2000000  72.6506747  48.3699873  43.8151411
  73.5145729  49.7075622  43.4843091  74.5800000  48.0500000  44.0900000
  75.3557939  48.6185597  44.0844167  73.1500000  48.4300000  46.6800000
  72.0500000  48.1700000  47.1600000  74.2800000  47.8500000  47.1100000
  74.9629561  47.9456792  46.3888597  74.2900000  46.6900000  48.0000000
  73.7213291  45.9409907  47.6132656  75.2373677  46.3731378  48.0341861
  73.9500000  47.0100000  49.4500000  73.0400000  46.4200000  50.0400000
  74.6600000  47.9900000  50.0200000  75.5088345  48.4424811  49.4936169
  74.6300000  48.2400000  51.4600000  74.2994806  47.3336234  51.9428784
  76.0400000  48.6700000  51.9200000  76.3457286  49.5869013  51.4495588
  75.9700000  48.8400000  53.4300000  76.9200043  49.1264915  53.7574140
  75.2895490  49.6312884  53.6635653  75.7580508  47.8121338  53.6609282
  77.1000000  47.5800000  51.6300000  77.8473745  47.6455281  52.4337791
  76.6070176  46.6319052  51.5532651  77.8200000  47.6900000  50.2900000
  78.5208912  48.6621486  50.2312427  78.3146542  46.7493594  50.0352099
  77.2663655  47.7259117  49.4466825  73.5600000  49.2700000  51.8300000
  72.7200000  49.0200000  52.6900000  73.6000000  50.4400000  51.1900000
  74.3808147  50.7517060  50.7080262  72.8200000  51.6100000  51.6100000
  73.0128657  51.7808669  52.5996198  73.2600000  52.8600000  50.8300000
  73.2164859  52.6373793  49.9113564  72.4900000  54.1200000  51.2300000
  72.7981179  55.0444840  50.8519898  71.5454251  54.0401488  51.0901839
  72.5070386  54.1294500  52.2803082  74.6100000  53.1200000  51.0900000
  74.7012734  53.3564057  52.0157786  71.3300000  51.3800000  51.4200000
  70.5700000  51.4800000  52.3800000  70.9200000  51.0400000  50.2000000
  71.6825536  50.9706848  49.4610759  69.5100000  50.8700000  49.8500000
  68.9807011  51.7840826  50.1140047  69.3900000  50.6700000  48.3200000
  70.1251535  50.0973998  47.7830262  68.5735084  50.0934725  48.2286118
  69.2000000  51.9900000  47.5600000  69.9847015  52.6885223  47.8006872
  69.3300000  51.7300000  46.0600000  69.1553449  52.5326658  45.5831257
  70.1969152  51.2562760  45.7085049  68.3898902  51.2068372  45.7318561
  67.8100000  52.5800000  47.8100000  67.6283105  53.3840756  47.1294193
  67.0344642  51.7724227  47.9268602  67.9396214  53.1123617  48.7073453
  68.8600000  49.7100000  50.6000000  67.7500000  49.8700000  51.1000000
  69.5600000  48.5800000  50.7600000  70.3402208  48.4802820  50.1368212
  69.0400000  47.4200000  51.5000000  68.1813654  47.0951586  51.0640048
  70.0000000  46.2300000  51.4300000  70.8273604  46.3737755  51.9841331
  69.3300000  44.9700000  51.9800000  70.0113265  44.1614378  51.8539011
  69.0611642  45.1254568  52.9998480  68.3959061  44.7173586  51.3343767
  70.3600000  45.9500000  50.1000000  71.2462333  46.2935263  49.9439954
  68.7900000  47.7500000  52.9600000  67.6900000  47.5100000  53.4800000
  69.7900000  48.3600000  53.6300000  70.7691374  48.2937108  53.1718085
  69.6300000  48.8200000  55.0200000  69.4002887  47.9800733  55.5562280
  70.9300000  49.4500000  55.5500000  71.3147951  50.0361284  54.7187547
  70.6337593  50.0028448  56.3499045  71.8900000  48.3500000  56.0200000
  71.5372219  47.8600891  56.9836998  71.9156755  47.7121626  55.2012007
  73.2900000  48.8500000  56.4100000  73.4903609  49.7136056  55.8586103
  73.3052283  48.9593476  57.4276195  74.2500000  47.6900000  56.1300000
  73.7502090  46.7606677  56.3839540  74.4707258  47.6435385  55.0671220
  75.5000000  47.7300000  56.9200000  76.2046301  48.2887913  56.5208130
  75.2851810  48.1162293  57.7446679  75.8889506  46.7901240  57.0354333
  68.4900000  49.8100000  55.1200000  67.6200000  49.6300000  55.9700000
  68.4300000  50.8000000  54.2300000  69.1400027  50.6592603  53.4944114
  67.3900000  51.8200000  54.2400000  67.4034388  52.3121707  55.0727631
  67.6900000  52.8300000  53.1200000  68.7297225  53.1513226  53.1965895
  67.6373806  52.3413285  52.2711404  66.6800000  53.9600000  53.0500000
  66.6900000  54.9800000  54.0100000  67.5608842  55.2567540  54.6210770
  65.7400000  56.0100000  53.9600000  65.4897357  56.3779331  54.9412196
  64.7700000  56.0200000  52.9400000  64.1526643  56.9765240  52.7770749
  64.7500000  55.0000000  51.9700000  63.9338038  55.0153925  51.3898975
  65.7000000  53.9600000  52.0300000  65.4660178  52.8571267  51.9514414
  65.9800000  51.2200000  54.1300000  65.1300000  51.5400000  54.9600000
  65.7600000  50.2700000  53.2100000  66.3457608  50.2305781  52.4155827
  64.5100000  49.5100000  53.1000000  63.6259001  50.1627418  52.8096730
  64.6588384  48.8643605  52.3650635  64.1500000  48.7200000  54.3700000
  62.9800000  48.7000000  54.7700000  65.1300000  48.1500000  55.0600000
  66.0324652  48.2972586  54.9172900  64.9200000  47.4900000  56.3500000
  64.2446280  46.7621694  56.1982282  65.7889414  47.0526214  56.6112107
  64.4800000  48.4500000  57.4700000  63.5500000  48.1400000  58.2200000
  65.1100000  49.6200000  57.5700000  65.6675308  49.8917542  56.7796424
  64.8300000  50.6000000  58.6300000  64.7813231  50.0577518  59.4280146
  66.0100000  51.5900000  58.8000000  66.0677271  52.0773042  57.9349843
  65.7500000  52.5900000  59.9300000  66.2821538  53.5576967  59.9624995
  64.7235402  53.0144825  59.9049047  65.8070993  52.1062304  60.8459396
  67.3600000  50.8900000  59.0700000  67.6115837  50.3861717  58.1176078
  68.2944522  51.4094551  59.1808151  67.3400000  49.8200000  60.1700000
  66.9452220  48.8493157  59.8217742  68.2746318  49.5121679  60.4639049
  66.7326785  50.1634436  60.9559995  63.5000000  51.3300000  58.4100000
  62.7800000  51.5500000  59.3900000  63.1300000  51.6500000  57.1700000
  63.8159386  51.6301348  56.3780643  61.8200000  52.2600000  56.8700000
  61.6747371  53.0955796  57.4079735  61.7200000  52.7400000  55.4100000
  62.4980678  53.3153049  55.2721471  61.7400000  51.6000000  54.4000000
  61.7895851  51.9735970  53.4558376  62.7300162  51.0251415  54.5000831
  60.9216343  51.0743493  54.4276756  60.4600000  53.5700000  55.1600000
  60.4827334  53.9716839  54.1380094  59.6436316  52.9822865  55.3642172
  60.5146006  54.4187351  55.8484010  60.6600000  51.3400000  57.2600000
  59.6200000  51.8300000  57.6900000  60.8300000  50.0100000  57.2000000
  61.5002383  49.5727844  56.4507650  59.8100000  49.0700000  57.7100000
  58.7719232  49.3532101  57.5782568  59.9600000  47.6800000  57.0900000
  60.8740130  47.3279113  57.1799445  58.9900000  46.6400000  57.6700000
  59.0092758  45.8253847  57.0031885  59.2456986  46.5121916  58.7356235
  58.0519736  47.0297832  57.8183008  59.6200000  47.8200000  55.6100000
  59.5061122  46.8288726  55.1982596  58.6842410  48.2903625  55.6503401
  60.2890583  48.6193111  55.0978457  59.8000000  49.0200000  59.2300000
  58.7200000  49.0400000  59.8300000  60.9700000  49.0400000  59.8700000
  61.7512068  49.1853413  59.2855035  61.0300000  49.0400000  61.3400000
  60.4582938  48.2095844  61.6954193  62.4700000  48.7500000  61.8000000
  62.8196625  47.9717084  61.1219006  63.1716320  49.5106338  61.6670113
  62.5400000  48.0700000  63.1900000  61.6483714  47.4807516  63.4677448
  63.8600000  47.3200000  63.3300000  63.8118866  46.8441025  64.3260329
  63.9876955  46.5402823  62.5447840  64.6837261  47.9948704  63.2862487
  62.5100000  49.0400000  64.3800000  63.5380476  49.3305818  64.7887342
  62.3371656  50.0533564  63.9861267  61.8673978  48.5754898  65.2460534
  60.4400000  50.3300000  61.9300000  59.9100000  50.2800000  63.0400000
  60.4600000  51.4400000  61.2000000  61.3020960  51.4712700  60.5542046
  59.9400000  52.7500000  61.6300000  60.5349614  53.0854425  62.3502488
  59.9400000  53.6900000  60.4200000  59.9001846  54.6450122  60.7375447
  60.8438496  53.6074475  59.9579474  59.0283650  53.5029367  59.8176213
  58.5300000  52.6900000  62.2700000  58.2200000  53.4700000  63.1700000
  57.7000000  51.7200000  61.8600000  57.8804297  51.2285664  61.1190949
  56.3900000  51.4400000  62.4400000  56.0275102  52.3252592  62.9127131
  55.3900000  51.1000000  61.3300000  55.6323712  50.0409315  61.0768490
  54.5003840  51.0248499  61.6996609  55.4900000  51.9700000  60.1000000
  56.3000000  51.5600000  59.0200000  56.5826585  50.6032097  58.8828569
  56.4400000  52.3800000  57.8900000  56.9258585  51.8064966  57.0291735
  55.7600000  53.6100000  57.8300000  56.1014873  54.4021882  57.2722542
  54.9500000  54.0200000  58.9000000  54.6998016  55.1137335  58.8919885
  54.8200000  53.2100000  60.0400000  54.0126122  53.3225912  60.7113836
  56.4600000  50.3500000  63.5200000  55.9400000  49.2500000  63.3500000
  57.1200000  50.6300000  64.6600000  57.4508265  51.5971416  64.8930257
  57.1800000  49.6400000  65.7500000  57.3162480  48.7139942  65.3398298
  58.4200000  49.8600000  66.6200000  58.4932214  49.1174604  67.4905186
  59.3078987  50.0686712  65.9603877  58.1921817  50.7999544  67.1244224
  55.9000000  49.6300000  66.6100000  54.9300000  50.3400000  66.3400000
  55.9400000  48.8700000  67.7000000  56.5137638  48.2309505  67.6779796
  54.8900000  48.8600000  68.7400000  54.3012685  49.7069627  68.5288895
  54.0200000  47.6200000  68.4700000  53.5151574  47.8066023  67.5302809
  54.6050864  46.6373656  68.5242018  52.7800000  47.5400000  69.3600000
  52.3275132  46.7018611  69.2196611  53.1164198  47.6317901  70.3152867
  51.7600000  48.6800000  69.2800000  51.0262745  48.3133342  69.9019324
  52.0619376  49.6065702  69.6183366  51.0500000  48.7400000  67.9400000
  50.3551159  49.5810510  67.9648898  51.7668392  48.9042518  67.1342958
  50.2800000  47.5000000  67.7100000  50.7782812  46.8403281  67.0162158
  50.2113336  46.9861004  68.5792327  49.2400070  47.6924768  67.3326224
  55.4100000  48.9500000  70.1900000  54.6900000  49.4400000  71.0500000
  56.6800000  48.6400000  70.4200000  57.2905828  48.7441053  69.7395645
  57.2800000  48.5700000  71.7700000  56.5760894  48.3276833  72.3991327
  58.3500000  47.4600000  71.7400000  57.9241057  46.6444270  71.3264298
  59.1370302  47.7340583  71.1782438  58.7300000  47.0400000  73.0200000
  59.0338560  47.8025999  73.5208907  57.8500000  49.9000000  72.2900000
  58.4000000  49.9400000  73.3800000  57.7800000  50.9900000  71.5100000
  57.0095680  50.9479153  70.7998464  58.4700000  52.2800000  71.7200000
  58.2804380  52.7936757  70.8521761  57.9100000  53.0200000  72.9600000
  57.5954392  52.2184002  73.6370268  58.7114951  53.6637745  73.3252926
  56.7400000  53.9700000  72.6700000  56.8692941  54.6465966  71.7735662
  55.8313592  53.2203878  72.5569533  56.3300000  54.7300000  73.9300000
  56.3900000  54.2500000  75.0300000  55.9300000  55.9800000  73.8700000
  55.0852951  55.9090877  74.4543080  56.5115947  56.5174526  73.1747710
  60.0100000  52.2100000  71.7600000  60.6600000  52.9100000  70.9800000
  60.6300000  51.3400000  72.5600000  59.9852246  50.7718488  73.2733525
  62.0900000  51.1400000  72.6200000  62.4832503  52.0527733  72.9661227
  62.4300000  50.0000000  73.6100000  62.1518001  50.3435717  74.5553530
  61.7000000  48.6700000  73.3300000  62.1438625  47.8480382  73.9366563
  60.6476850  48.6502480  73.6393362  61.6438150  48.4388866  72.3559324
  63.9300000  49.6600000  73.7000000  64.0641384  48.9184438  74.5058221
  64.0646634  49.0772909  72.7897520  64.8400000  50.8700000  73.9100000
  65.6901249  50.5706393  73.2164248  64.4262259  51.7813298  73.5983208
  65.1703303  50.9420851  74.9327892  62.7100000  50.9400000  71.2300000
  63.6700000  51.6100000  70.8600000  62.1200000  50.0900000  70.3900000
  61.3112203  49.5269750  70.6355905  62.6000000  49.8600000  69.0200000
  63.6451572  49.7291765  69.0212303  61.8900000  48.6200000  68.4500000
  60.8681986  48.7280885  68.4664334  62.1789388  48.4478994  67.4507950
  62.1800000  47.3000000  69.1600000  63.3900000  47.0700000  69.8400000
  63.8011439  48.0062927  70.3184126  63.7000000  45.8200000  70.3900000
  64.8318865  45.6586922  70.6405026  62.7700000  44.7800000  70.3000000
  63.1062298  43.7089227  70.2921446  61.5400000  45.0100000  69.6800000
  60.7066852  44.4100050  70.1826895  61.2500000  46.2500000  69.0800000
  60.1479705  46.3393924  69.2082241  62.4700000  51.0900000  68.1100000
  63.4600000  51.5200000  67.5200000  61.2700000  51.6800000  68.0300000
  60.6165476  51.4786591  68.5802292  60.9800000  52.8900000  67.2500000
  61.1866607  52.6798431  66.3091894  59.5000000  53.2100000  67.4900000
  58.8965914  52.4743784  66.9996565  59.4984596  53.2276889  68.5422299
  58.9400000  54.4500000  66.7800000  59.6351589  55.3332591  66.9956552
  58.8509231  54.3407910  65.6761060  57.5700000  54.8400000  67.3200000
  57.2000000  54.5000000  68.4300000  56.8100000  55.5900000  66.5700000
  56.6851922  55.3696304  65.6293211  56.0075969  56.0131639  66.8985469
  61.8100000  54.1100000  67.6500000  62.0400000  54.9900000  66.8200000
  62.2500000  54.2200000  68.9100000  62.2211233  53.5529419  69.5065427
  63.1000000  55.3200000  69.3400000  62.9154074  56.2076116  68.7896301
  62.7900000  55.7800000  70.7800000  63.0766581  55.0749803  71.4217322
  63.6400000  57.0300000  71.0900000  63.6875860  57.3378877  72.1815969
  64.7004823  56.9355074  70.7604180  63.3422639  57.8345527  70.4362151
  61.3000000  56.1600000  70.9300000  61.2102254  57.0438660  70.2467926
  60.6161875  55.3895549  70.5522178  60.9000000  56.5000000  72.3700000
  61.5463755  57.2402833  72.7816160  59.8578012  56.7565859  72.4333898
  60.9363291  55.6276512  72.9474840  64.5700000  54.9500000  69.1400000
  65.2700000  55.6600000  68.4300000  65.0600000  53.8700000  69.7300000
  64.4339972  53.1030273  70.0677195  66.5000000  53.6100000  69.7800000
  67.0365298  54.5322762  69.5944701  66.8500000  52.8700000  71.0800000
  66.1059229  52.1553300  71.2624199  67.8715587  52.4717286  71.0408369
  66.7400000  53.7100000  72.3400000  66.3300000  55.0600000  72.3300000
  66.4161621  55.5846612  71.3474022  66.0900000  55.7600000  73.5200000
  65.2379838  56.3728849  73.4634414  66.2900000  55.1200000  74.7500000
  66.4841931  55.6000009  75.7640909  66.7500000  53.8000000  74.7800000
  66.3277566  53.3314915  75.5958385  67.0100000  53.1100000  73.5800000
  67.7262782  52.2521633  73.5968240  66.9900000  52.9200000  68.5100000
  67.8200000  53.4900000  67.8100000  66.4700000  51.7500000  68.1900000
  65.5479103  51.8082998  68.3181788  66.9700000  51.0100000  67.0300000
  68.0563697  50.8496631  67.1169707  66.4700000  49.5700000  67.1200000
  65.4065736  49.4565840  67.2164756  66.6643503  48.9539943  66.2110783
  67.1600000  48.8500000  68.2600000  68.4800000  48.4400000  68.1000000
  68.8850433  49.0653870  67.4232054  69.1600000  47.7600000  69.1300000
  70.0099315  47.1691922  68.9842094  68.5100000  47.4800000  70.3400000
  69.1300000  46.7300000  71.2900000  68.5946626  46.6120306  72.0773140
  67.1900000  47.9700000  70.5400000  66.6189583  47.4593872  71.3134434
  66.5500000  48.6900000  69.5100000  65.4991085  48.9835924  69.3354493
  66.6300000  51.7000000  65.7200000  67.5200000  51.9100000  64.9100000
  65.3900000  52.1600000  65.5100000  64.7274156  52.2628664  66.2715884
  65.0200000  52.8800000  64.3000000  65.3230084  52.2730438  63.5266645
  63.5300000  53.2100000  64.3300000  62.9306443  52.3179697  64.1394425
  63.3414438  53.5733609  65.1783811  63.1400000  54.2700000  63.3100000
  63.1700000  53.9600000  61.9400000  63.1609313  52.7938322  61.7388471
  62.9500000  54.9700000  60.9900000  62.9627893  54.6271633  60.0162819
  62.6800000  56.2900000  61.4000000  62.2756691  57.1862086  60.9801731
  62.6300000  56.6000000  62.7600000  62.4039106  57.6645061  63.0906063
  62.8600000  55.5900000  63.7100000  62.9341956  55.7908982  64.7210632
  65.8700000  54.1500000  64.0800000  66.4500000  54.3200000  63.0100000
  65.9600000  55.0500000  65.0800000  66.0737469  54.6620513  66.0330501
  66.6600000  56.3400000  64.9100000  66.3982765  56.7012676  64.0135662
  66.2600000  57.3400000  66.0000000  66.4679519  56.8664751  66.9409071
  66.8398673  58.1973681  65.8994994  64.7500000  57.6000000  66.0500000
  64.3865862  58.0000698  65.1850416  64.3792678  56.6739142  66.2831818
  64.2900000  58.5400000  67.1800000  64.5738859  58.2083160  68.1968297
  64.8543258  59.4388531  67.1976358  62.8200000  58.7000000  67.1100000
  62.2725728  57.9272304  66.7399829  62.0300000  59.4800000  67.8300000
  62.4600000  60.2100000  68.8300000  62.0246670  59.7445789  69.6107699
  62.4601998  61.1626068  68.6495815  60.7600000  59.5400000  67.5500000
  60.2420147  58.5795893  67.5089449  60.4209069  60.5087253  67.3165578
  68.1700000  56.1600000  64.8500000  68.8100000  56.7700000  63.9900000
  68.7600000  55.2900000  65.6900000  68.3060755  54.8218810  66.2468716
  70.1800000  54.9700000  65.5900000  70.6911475  55.8283552  65.5490167
  70.6900000  54.1500000  66.7900000  70.1636345  53.1515703  66.8020748
  71.6246622  53.7502046  66.5481403  70.7200000  55.0000000  68.0700000
  71.2102197  55.9712947  67.8775841  69.6751720  55.3435767  68.3845207
  71.5200000  54.2000000  69.4800000  70.0700000  53.5800000  70.3500000
  70.1731187  52.4897038  70.5562278  69.9102811  54.1295855  71.2525920
  69.1138038  53.6642718  69.7011335  70.4800000  54.2500000  64.2700000
  71.5000000  54.5200000  63.6500000  69.6100000  53.3900000  63.7500000
  69.1903556  52.7427561  64.3990772  69.9200000  52.7500000  62.4700000
  70.9548664  52.4180289  62.5866906  69.2200000  51.4200000  62.3600000
  68.1970059  51.6613319  62.3846317  69.4286014  51.0059876  61.3479609
  69.6500000  50.3900000  63.3900000  70.8400000  50.5400000  64.1300000
  71.6833044  50.8063962  63.4581521  71.2000000  49.5900000  65.0800000
  72.0021370  49.7980729  65.8230037  70.4100000  48.4400000  65.2600000
  70.8300000  47.4900000  66.1200000  70.2097671  46.7619025  66.1976823
  69.1800000  48.3300000  64.5700000  68.5041664  47.4972151  64.7122031
  68.8200000  49.2900000  63.6200000  68.2196937  49.0390406  62.8816134
  69.7200000  53.6500000  61.2700000  70.5700000  53.6600000  60.3900000
  68.7000000  54.5000000  61.2700000  68.0594333  54.5530470  61.9604633
  68.6100000  55.5300000  60.2500000  68.5149400  55.1787558  59.2751190
  67.3300000  56.3400000  60.4800000  66.4283532  55.6997406  60.3325729
  67.2843051  57.0247620  61.3375602  67.1900000  57.4700000  59.4500000
  68.0302948  58.1341623  59.6015072  67.0400000  56.9200000  58.0300000
  66.6373992  57.7310764  57.3981661  68.0912614  56.4979483  57.7550876
  66.3190867  56.1145210  58.0807490  65.9900000  58.3300000  59.8100000
  66.2490008  59.1975299  59.3305141  65.0079091  57.9003608  59.4651931
  66.0383032  58.5344042  60.7980747  69.8500000  56.4300000  60.2600000
  70.4500000  56.6800000  59.2100000  70.2500000  56.8900000  61.4400000
  69.9369730  56.4945019  62.2631908  71.4000000  57.7600000  61.6000000
  71.3383650  58.5500457  60.9917492  71.4700000  58.2300000  63.0400000
  72.4170275  58.6926242  63.3610899  70.7360497  58.9584138  63.1745056
  71.2419158  57.4697685  63.6865958  72.7000000  57.0900000  61.1600000
  73.4100000  57.6700000  60.3500000  73.0000000  55.8800000  61.6300000
  72.4743863  55.5342133  62.5527516  74.2500000  55.1900000  61.2800000
  75.0197396  55.8303192  61.4850273  74.4700000  53.9400000  62.1500000
  75.4491644  53.6220406  62.0616610  74.2602212  54.2936492  63.2067504
  73.4700000  52.8000000  61.9200000  73.1316087  52.6304134  62.8556868
  72.5668161  53.0960090  61.3285818  74.1100000  51.2000000  61.4100000
  74.8300000  51.5500000  59.7800000  74.3642460  50.8066209  59.0364383
  74.4260376  52.4169815  59.5087793  75.9212341  51.6681107  59.8102802
  74.3000000  54.8100000  59.8000000  75.3800000  54.7900000  59.2100000
  73.1500000  54.5400000  59.1700000  72.3474386  54.6343706  59.5543863
  73.1000000  54.2000000  57.7500000  73.8474475  53.6278392  57.5792539
  71.7900000  53.5100000  57.3500000  71.0711127  54.1475699  57.6367292
  71.6900000  53.3200000  55.8300000  71.0554995  52.4763005  55.6706595
  71.4295874  54.1715364  55.2761655  72.6597277  52.9174909  55.4510974
  71.6800000  52.1200000  57.9700000  70.5992153  51.6518599  58.1090481
  72.3441089  51.4327331  57.5005639  71.9601336  52.3517287  58.9951368
  73.3300000  55.4500000  56.9200000  74.1600000  55.4100000  56.0100000
  72.6500000  56.5500000  57.2300000  72.0690465  56.5526899  58.0861784
  72.7900000  57.7900000  56.4600000  72.8657980  57.4547910  55.3824788
  71.5600000  58.7000000  56.6500000  71.0188863  58.4971576  57.6133245
  71.8939892  59.7756206  56.5343575  70.4600000  58.4600000  55.6100000
  70.2288522  57.4589612  55.6013036  69.2900000  59.3900000  55.9400000
  68.9558577  59.6366422  54.9909816  68.7188735  58.9179082  56.7202882
  69.5326127  60.1844312  56.5231605  70.9100000  58.8000000  54.1800000
  71.6013325  59.6463909  54.2395725  71.4585061  57.9218159  53.8012794
  70.0194224  59.0101465  53.6372199  74.1000000  58.5200000  56.7500000
  74.7700000  58.9200000  55.8000000  74.5200000  58.6300000  58.0100000
  74.1805329  57.8046306  58.5787413  75.8600000  59.1300000  58.3600000
  76.0528948  60.1661947  57.9944135  76.0200000  59.2800000  59.8900000
  75.7992357  58.2752918  60.3853116  77.0320525  59.4876455  59.9484546
  75.1500000  60.3700000  60.5500000  74.1857207  60.2420095  60.3749780
  75.2700000  60.2800000  62.0700000  74.8151589  59.3193932  62.4954789
  76.3420003  60.5302972  62.4271910  74.8085844  61.1474907  62.5482093
  75.6000000  61.7700000  60.1100000  75.0621679  62.5590783  60.7525256
  76.6431731  61.8342597  60.1339113  75.1735963  61.7276352  59.0196331
  76.9500000  58.2000000  57.8000000  77.9400000  58.6800000  57.2700000
  76.7600000  56.8800000  57.8600000  75.7533542  56.5139760  57.9110832
  77.6900000  55.9100000  57.2700000  78.5875960  56.0501618  57.6891186
  77.4336444  54.9957437  57.5333809  77.8100000  56.0400000  55.7600000
  78.9200000  56.0700000  55.2300000  76.6800000  56.2100000  55.0500000
  75.8877926  55.6516998  55.5178456  76.6400000  56.4400000  53.6100000
  77.1931386  55.7771070  53.2134193  75.2000000  56.3100000  53.1200000
  75.2011713  56.2950472  52.0415684  74.8639973  55.2378955  53.2832281
  74.5568217  57.1297051  53.5673384  77.2500000  57.8000000  53.2300000
  78.1000000  57.8400000  52.3400000  76.9200000  58.9000000  53.9200000
  76.0874329  58.8028824  54.4351703  77.5300000  60.2200000  53.6400000
  77.4405340  60.3446966  52.6523688  76.8500000  61.3800000  54.3800000
  77.4053175  62.2244411  54.2399079  75.4100000  61.6000000  53.9000000
  74.9045164  62.0033064  54.6921513  75.4709883  62.1511067  52.9198497
  74.9027341  60.6733886  53.6414708  76.8100000  61.2000000  55.7700000
  76.1993218  60.4788538  55.9539403  79.0300000  60.2400000  53.9400000
  79.8000000  60.7800000  53.1400000  79.5000000  59.6100000  55.0200000
  78.9269991  58.8956443  55.3803937  80.9400000  59.6100000  55.3000000
  81.4604760  60.4952244  55.1174747  81.2100000  59.3300000  56.7800000
  80.8327516  58.3491051  57.1030571  82.3001040  59.1089647  56.9747424
  80.7400000  60.4400000  57.6800000  79.4400000  60.8300000  57.8500000
  78.7256317  60.7129385  57.1486483  79.4000000  61.8700000  58.6800000
  78.7582512  61.9274921  59.5016844  80.6400000  62.1700000  59.1000000
  80.9143820  62.6847321  59.9109406  81.5000000  61.2800000  58.4500000
  82.2551970  61.6439892  57.9301494  81.7100000  58.6600000  54.3700000
  82.7800000  59.0100000  53.9000000  81.1400000  57.4900000  54.0700000
  80.1162992  57.5456289  54.1214209  81.7700000  56.4800000  53.2100000
  82.7439154  56.5474381  53.5097154  81.4216891  55.4716074  53.4357344
  81.7700000  56.8300000  51.7200000  82.7700000  56.5600000  51.0500000
  80.6900000  57.4500000  51.2000000  79.8324616  57.4547832  51.8115453
  80.5300000  57.7600000  49.7700000  81.2029088  57.0893177  49.2297298
  79.1000000  57.4100000  49.3100000  78.3643202  57.9671970  49.7447128
  79.1555957  57.6041071  48.2608678  78.6900000  55.9400000  49.4800000
  78.9231331  55.6712672  50.5108582  77.2300000  55.7400000  49.0700000
  76.9612087  54.7356714  49.1754784  76.6622718  56.3034640  49.6680340
  77.0226942  56.1753561  48.0082149  79.5600000  55.0200000  48.6200000
  80.3901077  55.5773497  48.3052395  80.0739307  54.2081388  49.1349265
  79.0828918  54.5801829  47.7359792  80.8800000  59.2100000  49.4000000
  81.1900000  59.4600000  48.2400000  80.8600000  60.1500000  50.3500000
  80.5738108  59.9893992  51.3542271  81.1500000  61.5800000  50.0900000
  81.2594837  61.6861309  49.0132148  79.9400000  62.4800000  50.4400000
  79.9584359  62.4898392  51.5736501  80.2000000  63.9400000  50.0400000
  79.7249627  64.6103678  50.7817464  81.2460026  64.2125747  50.0060690
  79.8274531  64.1503185  49.0336322  78.6200000  62.0100000  49.7800000
  78.6592440  62.1666222  48.6986962  78.5058775  60.9873498  49.9686403
  77.3800000  62.7800000  50.2400000  77.2004235  63.6485372  49.5828428
  76.5059163  62.1280413  50.1239874  77.4258345  63.2088476  51.2530177
  82.4500000  62.0200000  50.7700000  83.4100000  62.3700000  50.0800000
  82.5200000  62.0100000  52.1100000  81.8467383  61.8339540  52.6260527
  83.6700000  62.5600000  52.8500000  83.7460370  63.4796620  52.5297179
  83.4000000  62.5200000  54.3700000  82.4949987  63.0912432  54.7011608
  83.1879106  61.5219025  54.7556950  84.5300000  63.0600000  55.2300000
  85.1900000  62.1900000  56.1200000  84.6758953  61.3312200  56.3651673
  86.2300000  62.6800000  56.9300000  86.7324060  61.9053772  57.6138129
  86.6100000  64.0300000  56.8800000  87.5226475  64.3518135  57.4644843
  85.9600000  64.9000000  55.9700000  85.8621934  66.0301482  56.1240883
  84.9400000  64.4100000  55.1400000  84.6438579  65.1169364  54.3629099
  84.9600000  61.8000000  52.5800000  86.0100000  62.3800000  52.3300000
  84.8700000  60.4700000  52.6300000  84.0869586  59.9177877  52.7436849
  86.0400000  59.6200000  52.5800000  86.6843301  60.0283078  53.3237779
  85.6700000  58.2000000  53.0200000  85.2516929  58.1057065  54.0712524
  84.7910861  57.8840916  52.4616109  86.8300000  57.2300000  52.8000000
  87.1518257  57.2812471  51.7803146  87.9900000  57.6400000  53.7200000
  88.8785380  57.0961506  53.2687138  88.0166329  58.6553693  53.6944741
  87.8461944  57.6128811  54.6937461  86.3200000  55.8100000  53.0600000
  87.0194528  55.0331192  52.6757859  86.0650759  55.7510989  54.1043060
  85.4174040  55.7764070  52.5236945  86.7800000  59.6600000  51.2300000
  88.0000000  59.8400000  51.2500000  86.1200000  59.5100000  50.0600000
  84.7300000  59.1000000  49.8800000  83.9435017  59.8035155  50.2272587
  84.5603153  58.2704172  50.5376633  84.6100000  58.6600000  48.4400000
  83.7545391  59.1888796  48.1342649  84.6366500  57.6498767  48.3428465
  85.7100000  59.4300000  47.7100000  85.3860879  60.2275332  47.1771296
  86.1376961  58.8110630  46.9860146  86.7900000  59.6300000  48.7700000
  87.4472177  58.9248343  48.6125827  87.4800000  60.9900000  48.5900000
  88.5600000  61.0700000  48.0200000  86.8800000  62.0600000  49.1200000
  85.8551702  61.9348241  49.4120444  87.4500000  63.4200000  49.1200000
  87.7643714  63.5598626  48.1929894  86.3600000  64.4500000  49.4700000
  85.9060564  64.1862537  50.3169825  86.9300000  65.8700000  49.6200000
  86.1165193  66.5432601  49.7344631  87.5991012  65.7929435  50.5314831
  87.5296586  66.1406472  48.6974386  85.3100000  64.4600000  48.3500000
  84.4495386  64.7208971  48.8590596  85.5192675  65.2197817  47.6755634
  85.2422026  63.4888720  47.8493277  88.6500000  63.5400000  50.0600000
  89.6500000  64.1500000  49.7000000  88.6100000  62.9200000  51.2400000
  87.7046786  62.5306413  51.3874720  89.7300000  62.9100000  52.1700000
  90.1047055  63.9409140  52.4638909  89.2500000  62.3700000  53.5300000
  88.1699094  62.6306604  53.8854897  89.3371609  61.3690208  53.3387374
  90.2800000  62.5200000  54.6500000  91.1283991  62.0100972  54.3419278
  90.5300000  64.0000000  54.9900000  90.5861133  64.2479710  56.0512503
  91.4024184  64.3712046  54.3655733  89.6003954  64.4930187  54.8042961
  89.7700000  61.8200000  55.9100000  90.6017132  61.5496959  56.5500073
  89.1540250  62.5095560  56.5500203  89.2874716  60.8839873  55.6933816
  90.9200000  62.1200000  51.5900000  92.0400000  62.6300000  51.5800000
  90.6800000  60.9500000  51.0000000  89.7390762  60.6870561  50.8357078
  91.6800000  60.1700000  50.2600000  92.6346311  60.1535792  50.8506993
  91.0400000  58.8400000  49.8200000  90.0293779  59.0448210  49.2454068
  91.6598851  58.4010860  49.1247211  90.7400000  57.8400000  50.9500000
  90.2684412  58.3465432  51.6918306  89.9400000  56.6600000  50.4000000
  89.5431728  55.9033114  51.1468804  89.1541673  56.8830838  49.7678952
  90.5471857  56.0737883  49.7040325  92.0100000  57.2800000  51.5900000
  91.7458214  56.8193707  52.4878182  92.4828892  56.5586721  50.8520929
  92.6802118  58.1000212  51.8863953  92.2500000  60.9500000  49.0600000
  93.4400000  60.8000000  48.7500000  91.4700000  61.8200000  48.4100000
  90.4602248  61.7102033  48.4504890  91.9700000  62.6400000  47.2900000
  92.4485769  61.9577242  46.7128926  90.8100000  63.2000000  46.4600000
  91.3695435  63.6226054  45.6547439  90.1805024  62.4776085  46.0548033
  90.3200000  64.4300000  46.9700000  89.8351018  64.2457272  47.7812982
  92.9300000  63.7600000  47.7200000  93.7200000  64.2400000  46.8900000
  92.9300000  64.1600000  49.0000000  92.1651352  63.9312186  49.5434191
  93.9300000  65.0700000  49.5900000  94.3183366  65.5996600  48.8465260
  93.2500000  66.0200000  50.5800000  92.4235211  65.4277121  51.0602674
  93.8087014  66.5057038  51.3910703  92.4800000  67.1500000  49.9300000
  93.1700000  68.2100000  49.3200000  94.2074392  68.6024234  49.3898346
  92.4600000  69.2900000  48.7500000  92.9474786  70.2405959  48.5569201
  91.0500000  69.3100000  48.8000000  90.3800000  70.3500000  48.2500000
  89.4316556  70.2992469  48.3859885  90.3500000  68.2400000  49.4100000
  89.4337395  68.6321203  49.8180836  91.0700000  67.1600000  49.9600000
  90.6565086  66.2610576  50.3880553  95.0800000  64.3000000  50.2600000
  96.2300000  64.4500000  49.8500000  94.7600000  63.4800000  51.2600000
  93.8450545  62.9681594  51.0272416  95.7400000  62.8700000  52.1700000
  96.6817873  63.1746825  51.9878026  95.4900000  63.2700000  53.6500000
  96.2800871  62.9027394  54.4090942  95.6400000  64.7900000  53.8200000
  95.5946118  65.1155184  54.7489565  96.5916581  65.0701565  53.4385260
  94.8871528  65.3709784  53.2918045  94.1200000  62.7900000  54.1800000
  93.2194614  63.0986663  53.6423111  94.0165633  61.7208441  54.0608020
  93.9600000  62.9900000  55.7000000  93.8885480  64.0024430  55.9764013
  93.0846167  62.5149199  56.0963959  94.8806019  62.4599205  56.3011220
  95.9000000  61.3600000  52.0000000  96.6200000  60.7600000  52.7800000
  95.2900000  60.7100000  51.0000000  94.6821113  61.2426758  50.5003092
  95.4500000  59.2700000  50.7700000  95.0826138  58.8095870  51.5597252
  94.8488828  58.9562657  49.9998587  96.9200000  58.8500000  50.5300000
  97.7300000  59.6600000  50.0800000  97.2800000  57.5800000  50.8100000
  96.4100000  56.5000000  51.2700000  95.4501084  56.4082803  50.8061512
  96.2685401  56.6684086  52.3551518  97.1700000  55.2000000  50.9700000
  96.8958342  54.9475605  49.9984886  96.9165879  54.4665619  51.7580639
  98.6400000  55.6100000  51.0700000  99.2156349  55.0361611  50.3969655
  98.8346852  55.5429879  52.1277398  98.6600000  57.0800000  50.6200000
  99.4096243  57.7709922  51.1217253  99.1600000  57.2800000  49.1900000
  98.3800000  57.5000000  48.2600000 100.4700000  57.2300000  48.9600000
 101.1428094  57.7307411  49.6721154 101.0300000  57.1800000  47.5900000
 100.6094105  57.9189355  47.0414505 102.5400000  57.4800000  47.6300000
 102.9901929  57.1565379  46.7134120 102.7113990  58.5126410  47.8072728
 103.1700000  56.7600000  48.6700000 104.1227513  56.8607520  48.5902825
 100.7000000  55.8500000  46.8900000 100.0000000  55.0000000  47.4400000
 101.0600000  55.7000000  45.6100000 100.6827547  56.4162337  45.1098286
 100.9200000  54.4100000  44.9200000 100.0259868  54.1087711  45.0382676
 101.1500000  54.5600000  43.4100000 101.9927008  54.9908542  43.2893636
 100.9500000  53.2200000  42.7100000 101.2340904  53.1930458  41.7912844
 101.2127045  52.3924043  43.3015856  99.8990832  53.0243146  42.7450756
 100.1200000  55.5200000  42.7900000 100.1205231  55.3019959  41.6366310
  99.2600086  55.2798381  43.2680709 100.4967182  56.5813693  43.0754478
 101.9200000  53.4400000  45.5200000 103.1200000  53.7100000  45.4500000
 101.4400000  52.3300000  46.0900000 100.3279882  52.3178922  46.2661895
 102.3100000  51.2500000  46.5500000 103.0526004  51.5601699  47.1590568
 101.4600000  50.2500000  47.3600000 100.8801214  50.9769017  48.0618168
 100.8039909  49.6193710  46.7402197 102.2900000  49.0900000  47.8900000
 103.1700000  48.5700000  47.2200000 102.0300000  48.6100000  49.0800000
 102.4500881  47.6976389  49.2223003 101.4650061  49.0911018  49.7768839
 103.0000000  50.6300000  45.3300000 102.3900000  49.8700000  44.5700000
 104.2800000  50.9700000  45.1100000 104.6803871  51.8313954  45.6507432
 105.0200000  50.5500000  43.9100000 104.4520032  50.8158519  43.1727339
 106.3700000  51.2900000  43.8200000 106.8873339  51.1217178  44.6619422
 106.9121602  50.9688420  43.1072056 106.2300000  52.8200000  43.6900000
 105.6569394  53.0230128  42.8279217 105.7571627  53.1782610  44.4662729
 107.6200000  53.4800000  43.5900000 108.2621243  53.1062700  44.3345747
 108.0220987  53.1570983  42.6831136 107.5300000  55.0100000  43.6100000
 106.9861424  55.3614219  42.7319166 106.9706835  55.2978613  44.5014197
 108.8700000  55.6600000  43.6700000 108.6678968  56.5907803  44.0280481
 109.4514656  55.1150844  44.3015211 109.2991550  55.8317088  42.7820582
 105.2300000  49.0400000  43.8400000 105.2400000  48.4900000  42.7400000
 105.3300000  48.3400000  44.9700000 104.9297344  48.6158093  45.7029262
 105.4700000  46.8800000  45.0000000 106.1638922  46.5861707  44.3573907
 105.9000000  46.4500000  46.4000000 105.7191228  45.4014866  46.5470629
 106.9859654  46.5534109  46.5517617 105.4122411  47.1002424  47.1872579
 104.1800000  46.1800000  44.5500000 104.2300000  45.2800000  43.7000000
 103.0100000  46.6400000  45.0200000 103.0384003  47.4896579  45.4220314
 101.7100000  46.2000000  44.4900000 101.6982943  45.2169331  44.5976604
 100.5400000  46.8000000  45.2900000 100.4670624  47.9669392  45.2128134
  99.6863755  46.5460759  44.8000705 100.4800000  46.2800000  46.7300000
 100.5252191  45.2276466  46.8377872 101.3335585  46.6010921  47.2470696
  99.2800000  46.8600000  47.4800000  98.9997415  47.9294273  47.3464993
  98.3436166  46.2564065  47.1609394  99.3500000  46.4200000  48.9400000
  99.4907431  45.3391432  48.9929253 100.1981104  46.9106488  49.4181748
  98.1100000  46.7900000  49.6600000  98.1617118  46.7150179  50.5779986
  97.9278280  47.7369391  49.4435789  97.3408426  46.2670107  49.2845387
 101.5600000  46.5500000  43.0200000 101.0100000  45.7500000  42.2700000
 102.0600000  47.7200000  42.5900000 102.6814365  48.1133401  43.1260474
 102.0700000  48.1200000  41.1700000 101.0282495  48.0686030  40.8017599
 102.7500000  49.4700000  40.9600000 102.3983656  50.2082337  41.7413094
 103.9066008  49.3924275  41.0865154 102.4200000  49.9300000  39.6700000
 101.4929506  50.1826428  39.6592182 102.7300000  47.0700000  40.2800000
 102.0400000  46.4000000  39.5000000 104.0200000  46.8300000  40.5200000
 104.5436284  47.4545963  41.1547552 104.8200000  45.8800000  39.7600000
 104.8984952  46.1531812  38.8276715 106.2400000  45.9000000  40.3500000
 106.1420858  45.7644204  41.3380035 106.8401771  45.2335089  39.8650261
 106.9900000  47.5400000  40.1100000 106.1677351  48.2016540  40.9295676
 104.2100000  44.4600000  39.8000000 104.1200000  43.8100000  38.7700000
 103.7000000  44.0100000  40.9500000 103.7077523  44.5898119  41.6815320
 103.0700000  42.7000000  41.0900000 103.6811650  42.0307488  40.7349446
 102.9000000  42.4100000  42.5800000 102.6008336  41.4643674  42.7757215
 103.8208087  42.5930920  43.1671173 102.1436090  43.1621173  42.9549529
 101.7100000  42.5500000  40.3600000 101.2800000  41.4400000  40.0600000
 100.9900000  43.6600000  40.1300000 101.2698519  44.5258614  40.4573927
  99.7600000  43.6700000  39.3200000  99.2350881  42.8191951  39.4701863
  98.8000000  44.7700000  39.8100000  99.2965662  45.6618601  39.7807590
  97.4500000  44.7500000  39.1000000  96.6403473  45.3886710  39.6253481
  97.4748179  45.1463042  38.1554419  97.0482086  43.8146744  39.2898397
  98.4500000  44.5100000  41.1500000  99.2210091  44.6994878  41.6936834
 100.0800000  43.8100000  37.8300000  99.4300000  43.1400000  37.0200000
 101.1000000  44.5900000  37.4600000 101.8215173  44.8581940  38.0430176
 101.6100000  44.7200000  36.0900000 100.8330567  44.9521769  35.4497041
 102.6500000  45.8600000  36.0400000 102.1837347  46.7146723  36.5168173
 103.4956781  45.5743383  36.6553145 102.8900000  46.3900000  34.6100000
 103.0447888  45.5839171  34.0020460 102.0630227  46.8811794  34.3362345
 104.0200000  47.4300000  34.5100000 104.5400000  47.6200000  33.3900000
 104.3800000  48.0200000  35.5500000 102.1700000  43.3800000  35.5800000
 101.7100000  42.8600000  34.5600000 103.0300000  42.7200000  36.3800000
 103.6940143  43.2716763  36.7266098 103.5400000  41.3600000  36.1100000
 104.0890371  41.3443208  35.2545479 104.4500000  40.8900000  37.2600000
 103.9954426  40.9131879  38.1929596 104.5867142  39.8863203  37.0144903
 105.8800000  41.4500000  37.1800000 106.2929667  41.2433751  36.2514498
 105.8344512  42.4589745  37.2647551 106.8400000  40.8200000  38.2100000
 108.0500000  41.0900000  38.0800000 106.3800000  40.0200000  39.0600000
 102.4300000  40.3200000  35.9500000 102.6000000  39.3500000  35.2100000
 101.2800000  40.5200000  36.6000000 101.2542372  41.3451182  37.0203896
 100.1200000  39.6200000  36.5200000 100.4524187  38.6703981  36.5073936
  99.2500000  39.7900000  37.7600000  99.8882175  39.8005381  38.6266168
  98.6327355  40.6932392  37.6830457  98.2400000  38.6400000  37.8900000
  97.7630375  38.5256570  36.9137096  98.7530920  37.8619703  38.1217700
  97.2100000  38.9400000  38.9700000  97.6981763  39.4950600  39.7568271
  96.3907786  39.4175341  38.5406496  96.7000000  37.6800000  39.5600000
  97.1180071  36.8682526  39.3474952  95.6200000  37.5400000  40.3000000
  94.8500000  38.5600000  40.5700000  94.5827748  38.6756394  41.5548243
  95.0241392  39.2746552  39.7914866  95.2900000  36.3800000  40.8200000
  95.9766589  36.0674548  41.5243507  94.8051255  35.8595465  40.1702023
  99.2900000  39.8400000  35.2600000  98.7000000  38.8900000  34.7500000
  99.1500000  41.0800000  34.7800000  99.6458266  41.7831843  35.1510275
  98.3800000  41.3600000  33.5600000  97.4808283  40.7306250  33.5276855
  97.6900000  42.7300000  33.6400000  98.2950780  43.4899011  33.9520979
  97.4000819  42.9348475  32.7508151  96.4800000  42.7100000  34.5600000
  95.4000000  41.8500000  34.2900000  95.3393177  41.4695142  33.2526537
  94.3300000  41.7500000  35.1900000  93.4447567  41.0600197  34.9836357
  94.3200000  42.5500000  36.3500000  93.2900000  42.4400000  37.2300000
  93.4122154  42.9931068  38.0064761  95.3800000  43.4500000  36.6100000
  95.4315841  44.1479552  37.4128990  96.4600000  43.5100000  35.7100000
  97.2671551  44.1504775  35.9191635  99.1900000  41.1700000  32.2800000
  98.5600000  41.1100000  31.2200000 100.5100000  41.0200000  32.3900000
 100.8658061  41.3278453  33.2088373 101.4700000  40.8000000  31.3000000
 101.5939966  41.6650206  30.8144328 102.8200000  40.4200000  31.9400000
 103.1305867  40.8143416  32.8843876 102.8797413  39.3952043  32.1765843
 104.0000000  40.8100000  31.0500000 103.9448616  40.3524346  30.1576505
 103.8626528  41.8453022  30.8541268 105.3100000  40.5200000  31.7800000
 105.1272764  41.0172158  32.6848041 105.4433246  39.5271577  31.9488927
 106.4800000  41.0900000  30.9800000 106.5476453  40.5521970  30.0331967
 106.3025157  42.1471844  30.7735353 107.7500000  40.9300000  31.7300000
 107.8322735  40.0542175  32.0828899 108.4457754  41.0692048  31.1555875
 107.7952809  41.5833300  32.4356931 100.9800000  39.7300000  30.3100000
 100.8300000  38.5700000  30.6800000 100.7400000  40.1200000  29.0600000
 100.9110101  40.9379665  28.8588168 100.2100000  39.2500000  28.0100000
 100.5817991  39.5513120  27.1384023 100.5114043  38.3223340  28.2383924
  98.6700000  39.1800000  27.9000000  98.1600000  38.4600000  27.0400000
  97.9200000  39.9200000  28.7200000  98.4268743  40.8141650  29.0508740
  96.4600000  40.0600000  28.5900000  96.0436305  39.3344596  28.0145747
  95.6700000  39.8400000  29.9100000  94.7504778  39.7468748  29.5506632
  96.1400000  38.6300000  30.7100000  95.4676477  38.5410245  31.5478853
  95.9532544  37.8348079  30.0771370  97.1640276  38.8294772  30.9954730
  95.6900000  40.9300000  30.7900000  96.6051705  41.0630894  31.0600423
  96.0700000  41.3800000  27.9200000  96.8100000  42.3600000  27.9200000
  94.8400000  41.4500000  27.3900000  94.5758209  40.6240188  27.0334708
  94.3000000  42.7100000  26.8400000  94.8455375  43.0131706  26.1255230
  92.9000000  42.4500000  26.2800000  92.3000040  41.6509550  26.7679801
  92.5680238  43.4757296  26.2895470  92.9900000  42.1900000  24.7700000
  93.4567996  42.9959645  24.2376756  93.4939650  41.3532059  24.6470718
  91.6200000  42.0000000  24.1100000  91.6100000  42.1300000  22.8600000
  90.6500000  41.7600000  24.8400000  94.2700000  43.8500000  27.8600000
  94.3800000  45.0200000  27.5000000  94.2000000  43.5200000  29.1600000
  94.2928885  42.6423497  29.4314444  94.2700000  44.4900000  30.2600000
  93.6106288  45.2487535  30.0808461  93.8600000  43.8200000  31.5800000
  93.9291086  42.7898405  31.4682720  94.5171934  43.9900863  32.4106681
  92.4600000  44.2500000  32.0200000  92.5363036  45.2272268  32.2685915
  91.8245085  44.1944095  31.2316814  92.0300000  43.4700000  33.2700000
  92.0929975  42.4577707  33.0934254  92.7285171  43.7123449  33.9816146
  90.6900000  43.8600000  33.7200000  90.1189080  44.4167306  33.1226367
  90.0800000  43.4000000  34.8000000  90.5800000  42.4600000  35.5400000
  91.4657696  42.8069421  35.9613753  89.8359625  41.9392631  35.8797881
  88.9200000  43.8800000  35.1900000  89.0311990  44.2419501  36.1857355
  88.4033853  44.2246216  34.3696192  95.6300000  45.1800000  30.3700000
  95.6400000  46.3400000  30.7500000  96.7400000  44.5500000  29.9800000
  96.6918841  43.4841698  29.9770711  98.0500000  45.2200000  29.9300000
  98.2950391  45.4882573  30.8500341  99.1200000  44.2100000  29.4600000
  98.9297694  43.2814750  29.9175033  98.9940981  43.9246303  28.5279089
 100.5500000  44.7500000  29.5600000 100.6346964  45.5786083  29.0029323
 100.7680098  44.9632646  30.5227841 101.6000000  43.7600000  29.0300000
 102.8000000  43.9700000  29.3000000 101.2100000  42.7700000  28.3600000
  98.0200000  46.4200000  28.9800000  98.4900000  47.5000000  29.3300000
  97.3900000  46.2800000  27.8000000  97.0746100  45.2786907  27.4569888
  97.2400000  47.3900000  26.8500000  98.2291052  47.7534087  26.7058804
  96.6200000  46.9300000  25.5200000  95.8544378  46.3432651  25.8306104
  96.2090136  47.7739235  25.0525965  97.6000000  46.0800000  24.7000000
  98.5147933  46.7728751  24.3630245  98.1181292  45.2349816  25.2976214
  96.9500000  45.7100000  23.3600000  95.9856342  45.0908592  23.4543076
  96.7136518  46.5575865  22.8653221  97.8600000  44.9100000  22.5200000
  98.7719080  44.6438209  22.9498759  97.5200000  44.2700000  21.4200000
  96.3200000  44.3100000  20.9300000  96.2160223  44.6404455  19.9626354
  95.6175111  43.6283074  21.3578380  98.4000000  43.5500000  20.7700000
  98.2415816  42.6502763  20.6466328  99.1700930  44.0867314  20.5830621
  96.4300000  48.5400000  27.4400000  96.7900000  49.6800000  27.1900000
  95.3800000  48.2700000  28.2100000  95.3229021  47.2964886  28.6679813
  94.5800000  49.3100000  28.8600000  94.3017071  50.0732646  28.1625651
  93.2400000  48.7200000  29.3300000  93.2729026  47.6636064  29.8212825
  92.7220892  49.4453683  29.9368805  92.2700000  48.3800000  28.1800000
  92.7896465  47.8058270  27.5069104  91.0600000  47.6500000  28.7600000
  90.4737006  47.2947793  27.8882926  91.0559730  46.6614716  29.3661760
  90.3450817  48.3373878  29.4855049  91.7700000  49.6400000  27.4700000
  91.2320840  49.3363552  26.5482186  91.0386087  50.2471202  28.1256269
  92.5853402  50.2320859  27.1866953  95.2900000  49.9700000  30.0500000
  95.0000000  51.1200000  30.3400000  96.1800000  49.2600000  30.7500000
  96.4407294  48.4550418  30.3651268  96.9600000  49.8300000  31.8600000
  96.2865031  50.3514086  32.5130731  97.5000000  48.6800000  32.7300000
  98.1454727  47.9875461  32.2354919  98.2629316  49.0541233  33.4151893
  96.4100000  48.0200000  33.6000000  95.6323532  47.8529613  33.0344398
  96.8900000  46.6700000  34.1200000  96.0342028  46.1586187  34.2974982
  97.4407421  46.2088308  33.3718847  97.6460070  46.7681088  35.0152284
  96.0700000  48.9000000  34.8100000  95.4749368  48.3408700  35.5385629
  97.0570378  49.1981069  35.2735070  95.5654915  49.7106208  34.4449122
  98.1000000  50.7500000  31.3900000  98.5100000  51.6300000  32.1300000
  98.5900000  50.5500000  30.1600000  98.0990567  50.0227066  29.4235315
  99.6700000  51.3400000  29.5500000 100.2122079  51.7107564  30.2861780
 100.5000000  50.4000000  28.6500000  99.8146862  49.8725495  28.0972695
 101.1192251  50.9108382  28.0515457 101.3600000  49.4200000  29.4400000
 101.6500000  49.6000000  30.6100000 101.8600000  48.3900000  28.8100000
 101.3042903  47.6144920  28.9404841 102.8563356  48.6482903  28.7742532
  99.2000000  52.5800000  28.7600000 100.0500000  53.3100000  28.2500000
  97.8800000  52.8100000  28.6200000  97.1821254  51.9863186  28.9627262
  97.2600000  54.0200000  28.0300000  97.9431488  54.5239905  27.4941298
  96.1400000  53.6100000  27.0500000  95.7404599  52.6907863  27.5481846
  95.4033798  54.4771159  27.1820567  96.5400000  53.5000000  25.5900000
  96.6700000  54.6600000  24.8000000  96.7360558  55.7528354  25.1738823
  96.9900000  54.5600000  23.4300000  97.1360361  55.4627533  22.8329886
  97.2000000  53.2900000  22.8500000  97.9525956  53.2307466  21.9989149
  97.0700000  52.1300000  23.6300000  97.0152216  51.1516484  23.1062701
  96.7400000  52.2400000  24.9900000  96.0170967  51.5079427  25.1236020
  96.7400000  55.0000000  29.0900000  96.0600000  54.5300000  30.0300000
  96.9600000  56.2100000  28.9000000
